layer,condition,axis,family,rho
0,natural,between_family,,1.0
0,gc_match,between_family,,0.8227499611593266
0,dinuc_shuffle,between_family,,0.9135988024882312
0,kmer4_shuffle,between_family,,0.9142220675859996
0,kmer6_shuffle,between_family,,0.9179208317795252
0,synonymous_recode,between_family,,0.9651336583202292
0,missense_subset,between_family,,0.9797616387451652
0,paired_p3_syn,between_family,,0.8806702554986413
0,paired_p3_missense,between_family,,0.9316655808891748
1,natural,between_family,,1.0
1,gc_match,between_family,,0.9104975266630294
1,dinuc_shuffle,between_family,,0.9426133332896338
1,kmer4_shuffle,between_family,,0.9537272088938964
1,kmer6_shuffle,between_family,,0.9553720702422652
1,synonymous_recode,between_family,,0.9677996142637436
1,missense_subset,between_family,,0.9840065134275358
1,paired_p3_syn,between_family,,0.930460537599737
1,paired_p3_missense,between_family,,0.9600484355030194
2,natural,between_family,,1.0
2,gc_match,between_family,,0.9834246934312452
2,dinuc_shuffle,between_family,,0.985168263851238
2,kmer4_shuffle,between_family,,0.9879946910137674
2,kmer6_shuffle,between_family,,0.988472400781372
2,synonymous_recode,between_family,,0.9971104394985044
2,missense_subset,between_family,,0.9970394385298248
2,paired_p3_syn,between_family,,0.9936242099992608
2,paired_p3_missense,between_family,,0.9944329203967608
3,natural,between_family,,1.0
3,gc_match,between_family,,0.914473848458683
3,dinuc_shuffle,between_family,,0.9200287294734504
3,kmer4_shuffle,between_family,,0.925312014225076
3,kmer6_shuffle,between_family,,0.9341111428696174
3,synonymous_recode,between_family,,0.9919929685964856
3,missense_subset,between_family,,0.9908718606255332
3,paired_p3_syn,between_family,,0.9786855041857214
3,paired_p3_missense,between_family,,0.973800349924746
4,natural,between_family,,1.0
4,gc_match,between_family,,0.9089317680189332
4,dinuc_shuffle,between_family,,0.9192671746886866
4,kmer4_shuffle,between_family,,0.9199937055617924
4,kmer6_shuffle,between_family,,0.9338529073634178
4,synonymous_recode,between_family,,0.9870462612112264
4,missense_subset,between_family,,0.9851142271978492
4,paired_p3_syn,between_family,,0.9673869942913784
4,paired_p3_missense,between_family,,0.9634282973240312
5,natural,between_family,,1.0
5,gc_match,between_family,,0.9013585431698182
5,dinuc_shuffle,between_family,,0.9120895135264788
5,kmer4_shuffle,between_family,,0.9169373028170078
5,kmer6_shuffle,between_family,,0.9319603369124724
5,synonymous_recode,between_family,,0.9735931076955102
5,missense_subset,between_family,,0.9824467662879708
5,paired_p3_syn,between_family,,0.95806340159086
5,paired_p3_missense,between_family,,0.9528536177242632
6,natural,between_family,,1.0
6,gc_match,between_family,,0.8438546563015511
6,dinuc_shuffle,between_family,,0.8798771465857808
6,kmer4_shuffle,between_family,,0.8883849304641162
6,kmer6_shuffle,between_family,,0.9058809002059984
6,synonymous_recode,between_family,,0.9821639329426454
6,missense_subset,between_family,,0.9825992444634086
6,paired_p3_syn,between_family,,0.964380004608876
6,paired_p3_missense,between_family,,0.9470471648599184
7,natural,between_family,,1.0
7,gc_match,between_family,,0.8362418424761406
7,dinuc_shuffle,between_family,,0.8648158696228242
7,kmer4_shuffle,between_family,,0.8654627459706576
7,kmer6_shuffle,between_family,,0.8673481093049045
7,synonymous_recode,between_family,,0.9776334908927212
7,missense_subset,between_family,,0.975733312000714
7,paired_p3_syn,between_family,,0.96517445963054
7,paired_p3_missense,between_family,,0.9352362473623586
8,natural,between_family,,1.0
8,gc_match,between_family,,0.7794338604154736
8,dinuc_shuffle,between_family,,0.810134421756222
8,kmer4_shuffle,between_family,,0.8178367225538156
8,kmer6_shuffle,between_family,,0.826353720170668
8,synonymous_recode,between_family,,0.9624554536226976
8,missense_subset,between_family,,0.9765723558313713
8,paired_p3_syn,between_family,,0.9344502452351052
8,paired_p3_missense,between_family,,0.9116066785123128
9,natural,between_family,,1.0
9,gc_match,between_family,,0.933728254343864
9,dinuc_shuffle,between_family,,0.936391183632802
9,kmer4_shuffle,between_family,,0.9294602784278074
9,kmer6_shuffle,between_family,,0.9322838963197904
9,synonymous_recode,between_family,,0.991627169799887
9,missense_subset,between_family,,0.9934461390347126
9,paired_p3_syn,between_family,,0.9689792403434796
9,paired_p3_missense,between_family,,0.9722238725757688
10,natural,between_family,,1.0
10,gc_match,between_family,,0.7530368925280613
10,dinuc_shuffle,between_family,,0.7679513265785205
10,kmer4_shuffle,between_family,,0.7831120065698138
10,kmer6_shuffle,between_family,,0.7859182671830665
10,synonymous_recode,between_family,,0.982707476627747
10,missense_subset,between_family,,0.954635832336112
10,paired_p3_syn,between_family,,0.9670483684985726
10,paired_p3_missense,between_family,,0.9104471520944591
11,natural,between_family,,1.0
11,gc_match,between_family,,0.7492631141222181
11,dinuc_shuffle,between_family,,0.7762574115203938
11,kmer4_shuffle,between_family,,0.7960434634954775
11,kmer6_shuffle,between_family,,0.806118444096879
11,synonymous_recode,between_family,,0.9898022057823784
11,missense_subset,between_family,,0.9639209062586384
11,paired_p3_syn,between_family,,0.980229348847374
11,paired_p3_missense,between_family,,0.9281583571091544
12,natural,between_family,,1.0
12,gc_match,between_family,,0.7502783644313173
12,dinuc_shuffle,between_family,,0.7602874275059793
12,kmer4_shuffle,between_family,,0.772850435222059
12,kmer6_shuffle,between_family,,0.7786323738565204
12,synonymous_recode,between_family,,0.9843688424405732
12,missense_subset,between_family,,0.9606591508534976
12,paired_p3_syn,between_family,,0.96970024464566
12,paired_p3_missense,between_family,,0.9067810791147272
13,natural,between_family,,1.0
13,gc_match,between_family,,0.7269374982954168
13,dinuc_shuffle,between_family,,0.7587219113286863
13,kmer4_shuffle,between_family,,0.771385843761315
13,kmer6_shuffle,between_family,,0.7672728961025903
13,synonymous_recode,between_family,,0.9874024365840202
13,missense_subset,between_family,,0.9520605338941752
13,paired_p3_syn,between_family,,0.9759937213472172
13,paired_p3_missense,between_family,,0.8930963029146802
14,natural,between_family,,1.0
14,gc_match,between_family,,0.6955014097270759
14,dinuc_shuffle,between_family,,0.7331000345623888
14,kmer4_shuffle,between_family,,0.7517904961073126
14,kmer6_shuffle,between_family,,0.7483472083149861
14,synonymous_recode,between_family,,0.9878205580445378
14,missense_subset,between_family,,0.9548069052070683
14,paired_p3_syn,between_family,,0.9795427079438364
14,paired_p3_missense,between_family,,0.8925470821620168
15,natural,between_family,,1.0
15,gc_match,between_family,,0.7265629539720587
15,dinuc_shuffle,between_family,,0.7585847670883121
15,kmer4_shuffle,between_family,,0.7696559852570821
15,kmer6_shuffle,between_family,,0.7599101240776208
15,synonymous_recode,between_family,,0.9863079748786334
15,missense_subset,between_family,,0.9526502466029524
15,paired_p3_syn,between_family,,0.9769052209473728
15,paired_p3_missense,between_family,,0.8944173205843063
16,natural,between_family,,1.0
16,gc_match,between_family,,0.7770375526397522
16,dinuc_shuffle,between_family,,0.7853051606082547
16,kmer4_shuffle,between_family,,0.7931321395081748
16,kmer6_shuffle,between_family,,0.8236471635790249
16,synonymous_recode,between_family,,0.9841500286921838
16,missense_subset,between_family,,0.9665443719851448
16,paired_p3_syn,between_family,,0.9720771467162111
16,paired_p3_missense,between_family,,0.9051403564238596
17,natural,between_family,,1.0
17,gc_match,between_family,,0.6779189378629655
17,dinuc_shuffle,between_family,,0.7022057338850586
17,kmer4_shuffle,between_family,,0.713543364543939
17,kmer6_shuffle,between_family,,0.7065493009172051
17,synonymous_recode,between_family,,0.9879931776864792
17,missense_subset,between_family,,0.9536063099293284
17,paired_p3_syn,between_family,,0.9802578679599704
17,paired_p3_missense,between_family,,0.8871845191267096
18,natural,between_family,,1.0
18,gc_match,between_family,,0.6609081943595835
18,dinuc_shuffle,between_family,,0.6800731968818235
18,kmer4_shuffle,between_family,,0.6921439301002654
18,kmer6_shuffle,between_family,,0.7024322982102222
18,synonymous_recode,between_family,,0.9850844790293892
18,missense_subset,between_family,,0.960027131868046
18,paired_p3_syn,between_family,,0.9779024534647264
18,paired_p3_missense,between_family,,0.8843165047269907
19,natural,between_family,,1.0
19,gc_match,between_family,,0.6499057615145689
19,dinuc_shuffle,between_family,,0.6796392231089393
19,kmer4_shuffle,between_family,,0.6882007175646181
19,kmer6_shuffle,between_family,,0.6768702522178147
19,synonymous_recode,between_family,,0.9877888116151834
19,missense_subset,between_family,,0.9594826517594288
19,paired_p3_syn,between_family,,0.9803239359833462
19,paired_p3_missense,between_family,,0.8871765344440565
20,natural,between_family,,1.0
20,gc_match,between_family,,0.6714553414358159
20,dinuc_shuffle,between_family,,0.6946432862672942
20,kmer4_shuffle,between_family,,0.7062437007751631
20,kmer6_shuffle,between_family,,0.6922846528162162
20,synonymous_recode,between_family,,0.987436080943178
20,missense_subset,between_family,,0.9584731537662092
20,paired_p3_syn,between_family,,0.9810928483814448
20,paired_p3_missense,between_family,,0.8817277033924
21,natural,between_family,,1.0
21,gc_match,between_family,,0.676653587226956
21,dinuc_shuffle,between_family,,0.6947471540291772
21,kmer4_shuffle,between_family,,0.711632742857551
21,kmer6_shuffle,between_family,,0.7100594928253322
21,synonymous_recode,between_family,,0.9849478030007728
21,missense_subset,between_family,,0.9636580806050288
21,paired_p3_syn,between_family,,0.9802435289748918
21,paired_p3_missense,between_family,,0.8849860057358283
22,natural,between_family,,1.0
22,gc_match,between_family,,0.6830976608959959
22,dinuc_shuffle,between_family,,0.7178126364032537
22,kmer4_shuffle,between_family,,0.7249827978164143
22,kmer6_shuffle,between_family,,0.7064776645182828
22,synonymous_recode,between_family,,0.9885063544947268
22,missense_subset,between_family,,0.9687612710484388
22,paired_p3_syn,between_family,,0.9828077324703568
22,paired_p3_missense,between_family,,0.8919553711923455
23,natural,between_family,,1.0
23,gc_match,between_family,,0.7699755899472328
23,dinuc_shuffle,between_family,,0.8083707265915735
23,kmer4_shuffle,between_family,,0.8141998375606196
23,kmer6_shuffle,between_family,,0.8067271695473871
23,synonymous_recode,between_family,,0.9890566454456936
23,missense_subset,between_family,,0.9790908334321456
23,paired_p3_syn,between_family,,0.9851651285046468
23,paired_p3_missense,between_family,,0.9212623253191812
24,natural,between_family,,1.0
24,gc_match,between_family,,0.7947671600487082
24,dinuc_shuffle,between_family,,0.8162129223736176
24,kmer4_shuffle,between_family,,0.8064724372684454
24,kmer6_shuffle,between_family,,0.8135354283546467
24,synonymous_recode,between_family,,0.9908386844781334
24,missense_subset,between_family,,0.9634898838920124
24,paired_p3_syn,between_family,,0.9870695463852456
24,paired_p3_missense,between_family,,0.9142099442458456
25,natural,between_family,,1.0
25,gc_match,between_family,,0.7751972714090287
25,dinuc_shuffle,between_family,,0.7923188306023408
25,kmer4_shuffle,between_family,,0.784957973229023
25,kmer6_shuffle,between_family,,0.8058561033768754
25,synonymous_recode,between_family,,0.984252358044006
25,missense_subset,between_family,,0.959187168335722
25,paired_p3_syn,between_family,,0.978468580006211
25,paired_p3_missense,between_family,,0.9040573241019144
26,natural,between_family,,1.0
26,gc_match,between_family,,0.7863681434338627
26,dinuc_shuffle,between_family,,0.8168994713069887
26,kmer4_shuffle,between_family,,0.814121897024817
26,kmer6_shuffle,between_family,,0.8258992119678404
26,synonymous_recode,between_family,,0.9777365810886496
26,missense_subset,between_family,,0.9504087078959116
26,paired_p3_syn,between_family,,0.9707491225920684
26,paired_p3_missense,between_family,,0.8941295041281313
27,natural,between_family,,1.0
27,gc_match,between_family,,0.764422715554284
27,dinuc_shuffle,between_family,,0.8037275374782192
27,kmer4_shuffle,between_family,,0.8003704591757724
27,kmer6_shuffle,between_family,,0.7956506923572676
27,synonymous_recode,between_family,,0.9601162425986384
27,missense_subset,between_family,,0.916966189810271
27,paired_p3_syn,between_family,,0.9561172543373592
27,paired_p3_missense,between_family,,0.8450811035570535
28,natural,between_family,,1.0
28,gc_match,between_family,,0.5195086197868196
28,dinuc_shuffle,between_family,,0.5280558421448139
28,kmer4_shuffle,between_family,,0.5215333597282138
28,kmer6_shuffle,between_family,,0.5394367071429601
28,synonymous_recode,between_family,,0.8831088946338103
28,missense_subset,between_family,,0.6051919483429995
28,paired_p3_syn,between_family,,0.8400166910802869
28,paired_p3_missense,between_family,,0.5540345213532237
29,natural,between_family,,1.0
29,gc_match,between_family,,0.6496799496725872
29,dinuc_shuffle,between_family,,0.6862225145275659
29,kmer4_shuffle,between_family,,0.6851763956861578
29,kmer6_shuffle,between_family,,0.6900061922677136
29,synonymous_recode,between_family,,0.892637112594276
29,missense_subset,between_family,,0.7391418641660503
29,paired_p3_syn,between_family,,0.8914622271585864
29,paired_p3_missense,between_family,,0.6934753236768785
30,natural,between_family,,1.0
30,gc_match,between_family,,0.6628861131252114
30,dinuc_shuffle,between_family,,0.7059851224710694
30,kmer4_shuffle,between_family,,0.7086245575628817
30,kmer6_shuffle,between_family,,0.7230396270519444
30,synonymous_recode,between_family,,0.904156994679827
30,missense_subset,between_family,,0.7993256446385466
30,paired_p3_syn,between_family,,0.9417223430366488
30,paired_p3_missense,between_family,,0.7732981961590216
31,natural,between_family,,1.0
31,gc_match,between_family,,0.6628861131252114
31,dinuc_shuffle,between_family,,0.7059851224710694
31,kmer4_shuffle,between_family,,0.7086245575628817
31,kmer6_shuffle,between_family,,0.7230396270519444
31,synonymous_recode,between_family,,0.904156994679827
31,missense_subset,between_family,,0.7993256446385466
31,paired_p3_syn,between_family,,0.9417223430366488
31,paired_p3_missense,between_family,,0.7732981961590216
0,natural,within_family,adam_metallopeptidase,1.0
0,natural,within_family,adamts_metallopeptidase,1.0
0,natural,within_family,adrenoceptor,1.0
0,natural,within_family,alcohol_dehydrogenase,1.0
0,natural,within_family,aldehyde_dehydrogenase,1.0
0,natural,within_family,aldo_keto_reductase,1.0
0,natural,within_family,alkaline_phosphatase,1.0
0,natural,within_family,arachidonate_lipoxygenase,1.0
0,natural,within_family,arf_gtpase,1.0
0,natural,within_family,carbonic_anhydrase,1.0
0,natural,within_family,cxc_chemokine_receptor,1.0
0,natural,within_family,cytochrome_p450,1.0
0,natural,within_family,dopamine_receptor,1.0
0,natural,within_family,ectonucleotide_pyrophosphatase,1.0
0,natural,within_family,ferritin,1.0
0,natural,within_family,flavin_monooxygenase,1.0
0,natural,within_family,globins,1.0
0,natural,within_family,glutamate_metabotropic,1.0
0,natural,within_family,glutaredoxin,1.0
0,natural,within_family,glutathione_peroxidase,1.0
0,natural,within_family,glutathione_s_transferase,1.0
0,natural,within_family,guanylate_binding_protein,1.0
0,natural,within_family,heme_oxygenase,1.0
0,natural,within_family,histamine_receptor,1.0
0,natural,within_family,histone_deacetylase_classI,1.0
0,natural,within_family,histone_h4,1.0
0,natural,within_family,hox,1.0
0,natural,within_family,m14_carboxypeptidase,1.0
0,natural,within_family,matrix_metalloproteinase,1.0
0,natural,within_family,metallothionein,1.0
0,natural,within_family,muscarinic_receptor,1.0
0,natural,within_family,nadph_oxidase,1.0
0,natural,within_family,nitric_oxide_synthase,1.0
0,natural,within_family,olfactory_receptors,1.0
0,natural,within_family,opsins,1.0
0,natural,within_family,p2y_receptor,1.0
0,natural,within_family,peroxidase,1.0
0,natural,within_family,peroxiredoxin,1.0
0,natural,within_family,phosphodiesterase,1.0
0,natural,within_family,rab_gtpase,1.0
0,natural,within_family,ras_gtpases,1.0
0,natural,within_family,rho_gtpase,1.0
0,natural,within_family,serine_protease,1.0
0,natural,within_family,serotonin_receptor,1.0
0,natural,within_family,steap_metalloreductase,1.0
0,natural,within_family,sulfotransferase,1.0
0,natural,within_family,taste2_receptor,1.0
0,natural,within_family,udp_glucuronosyltransferase,1.0
0,gc_match,within_family,adam_metallopeptidase,0.4429204600466191
0,gc_match,within_family,adamts_metallopeptidase,0.473305920879189
0,gc_match,within_family,adrenoceptor,0.4849525348750598
0,gc_match,within_family,alcohol_dehydrogenase,0.0076741440377803
0,gc_match,within_family,aldehyde_dehydrogenase,0.3660584811815149
0,gc_match,within_family,aldo_keto_reductase,0.2457948474671796
0,gc_match,within_family,alkaline_phosphatase,0.2840557275541795
0,gc_match,within_family,arachidonate_lipoxygenase,0.5754127349307846
0,gc_match,within_family,arf_gtpase,0.158912124427121
0,gc_match,within_family,carbonic_anhydrase,0.0640722843503281
0,gc_match,within_family,cxc_chemokine_receptor,0.4398573179579974
0,gc_match,within_family,cytochrome_p450,0.3504034398973014
0,gc_match,within_family,dopamine_receptor,0.4038012598760124
0,gc_match,within_family,ectonucleotide_pyrophosphatase,0.4530322397228718
0,gc_match,within_family,ferritin,0.311220686621756
0,gc_match,within_family,flavin_monooxygenase,0.3251177708189144
0,gc_match,within_family,globins,0.4013718845449778
0,gc_match,within_family,glutamate_metabotropic,0.2303762254841952
0,gc_match,within_family,glutaredoxin,0.3411317370516319
0,gc_match,within_family,glutathione_peroxidase,0.3763385059134854
0,gc_match,within_family,glutathione_s_transferase,0.2191791454833216
0,gc_match,within_family,guanylate_binding_protein,0.3351119894598155
0,gc_match,within_family,heme_oxygenase,0.1062098279079411
0,gc_match,within_family,histamine_receptor,0.5649215945872005
0,gc_match,within_family,histone_deacetylase_classI,0.2814504533887967
0,gc_match,within_family,histone_h4,0.4183627966236662
0,gc_match,within_family,hox,0.1565455748116392
0,gc_match,within_family,m14_carboxypeptidase,0.3235407952611293
0,gc_match,within_family,matrix_metalloproteinase,0.3814241304411324
0,gc_match,within_family,metallothionein,0.0146309930088886
0,gc_match,within_family,muscarinic_receptor,0.5059179460229025
0,gc_match,within_family,nadph_oxidase,0.3274557085276644
0,gc_match,within_family,nitric_oxide_synthase,0.4842859959725684
0,gc_match,within_family,olfactory_receptors,0.2284592718656849
0,gc_match,within_family,opsins,0.2893520195648812
0,gc_match,within_family,p2y_receptor,0.1896940640572358
0,gc_match,within_family,peroxidase,0.4694480198069327
0,gc_match,within_family,peroxiredoxin,0.2681766124192475
0,gc_match,within_family,phosphodiesterase,0.3111716728180571
0,gc_match,within_family,rab_gtpase,0.2347279410666547
0,gc_match,within_family,ras_gtpases,0.1706779183956544
0,gc_match,within_family,rho_gtpase,0.236849500387219
0,gc_match,within_family,serine_protease,0.3035148987282305
0,gc_match,within_family,serotonin_receptor,0.2420730548851383
0,gc_match,within_family,steap_metalloreductase,0.379983694423392
0,gc_match,within_family,sulfotransferase,0.3407583545686439
0,gc_match,within_family,taste2_receptor,0.3822225185504844
0,gc_match,within_family,udp_glucuronosyltransferase,0.3302771797424204
0,dinuc_shuffle,within_family,adam_metallopeptidase,0.4978082885575224
0,dinuc_shuffle,within_family,adamts_metallopeptidase,0.6269842640947617
0,dinuc_shuffle,within_family,adrenoceptor,0.7201504222130898
0,dinuc_shuffle,within_family,alcohol_dehydrogenase,-0.0331342454337106
0,dinuc_shuffle,within_family,aldehyde_dehydrogenase,0.5662176295985448
0,dinuc_shuffle,within_family,aldo_keto_reductase,0.4400871448376526
0,dinuc_shuffle,within_family,alkaline_phosphatase,0.3224304075697264
0,dinuc_shuffle,within_family,arachidonate_lipoxygenase,0.6140622691749696
0,dinuc_shuffle,within_family,arf_gtpase,0.3811231885460727
0,dinuc_shuffle,within_family,carbonic_anhydrase,0.3168744612305349
0,dinuc_shuffle,within_family,cxc_chemokine_receptor,0.6786527898936888
0,dinuc_shuffle,within_family,cytochrome_p450,0.5311786718241839
0,dinuc_shuffle,within_family,dopamine_receptor,0.524499291219289
0,dinuc_shuffle,within_family,ectonucleotide_pyrophosphatase,0.6014256510312769
0,dinuc_shuffle,within_family,ferritin,0.513722470662717
0,dinuc_shuffle,within_family,flavin_monooxygenase,0.3529244908543308
0,dinuc_shuffle,within_family,globins,0.702132908118929
0,dinuc_shuffle,within_family,glutamate_metabotropic,0.4363793699114079
0,dinuc_shuffle,within_family,glutaredoxin,0.5386869742852096
0,dinuc_shuffle,within_family,glutathione_peroxidase,0.4803087141829037
0,dinuc_shuffle,within_family,glutathione_s_transferase,0.3122821823905098
0,dinuc_shuffle,within_family,guanylate_binding_protein,0.4789855072463768
0,dinuc_shuffle,within_family,heme_oxygenase,0.6462471490773377
0,dinuc_shuffle,within_family,histamine_receptor,0.5722135841758961
0,dinuc_shuffle,within_family,histone_deacetylase_classI,0.4620438824262062
0,dinuc_shuffle,within_family,histone_h4,0.5663799968147795
0,dinuc_shuffle,within_family,hox,0.4047761195233504
0,dinuc_shuffle,within_family,m14_carboxypeptidase,0.5009727964313356
0,dinuc_shuffle,within_family,matrix_metalloproteinase,0.5269715820175671
0,dinuc_shuffle,within_family,metallothionein,0.1813573787464164
0,dinuc_shuffle,within_family,muscarinic_receptor,0.6411016382053576
0,dinuc_shuffle,within_family,nadph_oxidase,0.4152864902623121
0,dinuc_shuffle,within_family,nitric_oxide_synthase,0.6880129746367046
0,dinuc_shuffle,within_family,olfactory_receptors,0.4038488703553456
0,dinuc_shuffle,within_family,opsins,0.4533407265460574
0,dinuc_shuffle,within_family,p2y_receptor,0.4874049155224785
0,dinuc_shuffle,within_family,peroxidase,0.7579081860718934
0,dinuc_shuffle,within_family,peroxiredoxin,0.3620054590156118
0,dinuc_shuffle,within_family,phosphodiesterase,0.4126216885475012
0,dinuc_shuffle,within_family,rab_gtpase,0.4033477946956075
0,dinuc_shuffle,within_family,ras_gtpases,0.3619696182795549
0,dinuc_shuffle,within_family,rho_gtpase,0.4265746563660745
0,dinuc_shuffle,within_family,serine_protease,0.5158991391504003
0,dinuc_shuffle,within_family,serotonin_receptor,0.5017141308979352
0,dinuc_shuffle,within_family,steap_metalloreductase,0.604805621178418
0,dinuc_shuffle,within_family,sulfotransferase,0.4194455275288727
0,dinuc_shuffle,within_family,taste2_receptor,0.4351970595917472
0,dinuc_shuffle,within_family,udp_glucuronosyltransferase,0.4478289387380296
0,kmer4_shuffle,within_family,adam_metallopeptidase,0.5825633228236716
0,kmer4_shuffle,within_family,adamts_metallopeptidase,0.6230743045283994
0,kmer4_shuffle,within_family,adrenoceptor,0.7071310793627056
0,kmer4_shuffle,within_family,alcohol_dehydrogenase,0.3273005069796513
0,kmer4_shuffle,within_family,aldehyde_dehydrogenase,0.5488023536947698
0,kmer4_shuffle,within_family,aldo_keto_reductase,0.4728147456596705
0,kmer4_shuffle,within_family,alkaline_phosphatase,0.5986557302346776
0,kmer4_shuffle,within_family,arachidonate_lipoxygenase,0.7021987445022817
0,kmer4_shuffle,within_family,arf_gtpase,0.4246170263818021
0,kmer4_shuffle,within_family,carbonic_anhydrase,0.3481719705131281
0,kmer4_shuffle,within_family,cxc_chemokine_receptor,0.5766477453620805
0,kmer4_shuffle,within_family,cytochrome_p450,0.5580615390355167
0,kmer4_shuffle,within_family,dopamine_receptor,0.6272873939900989
0,kmer4_shuffle,within_family,ectonucleotide_pyrophosphatase,0.5915552667069585
0,kmer4_shuffle,within_family,ferritin,0.5158322186222674
0,kmer4_shuffle,within_family,flavin_monooxygenase,0.3293778637488254
0,kmer4_shuffle,within_family,globins,0.6127418796393047
0,kmer4_shuffle,within_family,glutamate_metabotropic,0.4460518522622391
0,kmer4_shuffle,within_family,glutaredoxin,0.5694383796851314
0,kmer4_shuffle,within_family,glutathione_peroxidase,0.45790824231349
0,kmer4_shuffle,within_family,glutathione_s_transferase,0.4065830608848335
0,kmer4_shuffle,within_family,guanylate_binding_protein,0.6238471673254281
0,kmer4_shuffle,within_family,heme_oxygenase,0.6033174372797013
0,kmer4_shuffle,within_family,histamine_receptor,0.6548040064266121
0,kmer4_shuffle,within_family,histone_deacetylase_classI,0.46560994378383
0,kmer4_shuffle,within_family,histone_h4,0.562032170727823
0,kmer4_shuffle,within_family,hox,0.4210531693562819
0,kmer4_shuffle,within_family,m14_carboxypeptidase,0.4959915095358042
0,kmer4_shuffle,within_family,matrix_metalloproteinase,0.5066177164425838
0,kmer4_shuffle,within_family,metallothionein,0.2488573134801084
0,kmer4_shuffle,within_family,muscarinic_receptor,0.7190221749145047
0,kmer4_shuffle,within_family,nadph_oxidase,0.4988777488415878
0,kmer4_shuffle,within_family,nitric_oxide_synthase,0.6650973401785591
0,kmer4_shuffle,within_family,olfactory_receptors,0.4197653006004151
0,kmer4_shuffle,within_family,opsins,0.4667302237015434
0,kmer4_shuffle,within_family,p2y_receptor,0.5111915823428608
0,kmer4_shuffle,within_family,peroxidase,0.7291490343338751
0,kmer4_shuffle,within_family,peroxiredoxin,0.436117608049974
0,kmer4_shuffle,within_family,phosphodiesterase,0.4299336079498223
0,kmer4_shuffle,within_family,rab_gtpase,0.4254445725072013
0,kmer4_shuffle,within_family,ras_gtpases,0.3609702758035562
0,kmer4_shuffle,within_family,rho_gtpase,0.5119565005766573
0,kmer4_shuffle,within_family,serine_protease,0.5389022497203019
0,kmer4_shuffle,within_family,serotonin_receptor,0.4894458225473858
0,kmer4_shuffle,within_family,steap_metalloreductase,0.619970397598541
0,kmer4_shuffle,within_family,sulfotransferase,0.5354430734259032
0,kmer4_shuffle,within_family,taste2_receptor,0.4704405970031605
0,kmer4_shuffle,within_family,udp_glucuronosyltransferase,0.607867637413092
0,kmer6_shuffle,within_family,adam_metallopeptidase,0.5792274641029106
0,kmer6_shuffle,within_family,adamts_metallopeptidase,0.6708484590866118
0,kmer6_shuffle,within_family,adrenoceptor,0.7212264518493082
0,kmer6_shuffle,within_family,alcohol_dehydrogenase,0.1383637752621709
0,kmer6_shuffle,within_family,aldehyde_dehydrogenase,0.5963716440342293
0,kmer6_shuffle,within_family,aldo_keto_reductase,0.5246453767545026
0,kmer6_shuffle,within_family,alkaline_phosphatase,0.2210439199603286
0,kmer6_shuffle,within_family,arachidonate_lipoxygenase,0.6824477480364579
0,kmer6_shuffle,within_family,arf_gtpase,0.4713557083278875
0,kmer6_shuffle,within_family,carbonic_anhydrase,0.4216121357339489
0,kmer6_shuffle,within_family,cxc_chemokine_receptor,0.7493610956454674
0,kmer6_shuffle,within_family,cytochrome_p450,0.5307637107493468
0,kmer6_shuffle,within_family,dopamine_receptor,0.6042915095783301
0,kmer6_shuffle,within_family,ectonucleotide_pyrophosphatase,0.644153496115817
0,kmer6_shuffle,within_family,ferritin,0.3441300774711609
0,kmer6_shuffle,within_family,flavin_monooxygenase,0.3723805995858072
0,kmer6_shuffle,within_family,globins,0.7183090068840849
0,kmer6_shuffle,within_family,glutamate_metabotropic,0.4286540356728767
0,kmer6_shuffle,within_family,glutaredoxin,0.5051119336353478
0,kmer6_shuffle,within_family,glutathione_peroxidase,0.5744981534975333
0,kmer6_shuffle,within_family,glutathione_s_transferase,0.4092996170560777
0,kmer6_shuffle,within_family,guanylate_binding_protein,0.6452569169960474
0,kmer6_shuffle,within_family,heme_oxygenase,0.69488907319096
0,kmer6_shuffle,within_family,histamine_receptor,0.6645976390642796
0,kmer6_shuffle,within_family,histone_deacetylase_classI,0.523560042185068
0,kmer6_shuffle,within_family,histone_h4,0.5831979614588311
0,kmer6_shuffle,within_family,hox,0.4078738746866794
0,kmer6_shuffle,within_family,m14_carboxypeptidase,0.5446178742474983
0,kmer6_shuffle,within_family,matrix_metalloproteinase,0.5949455983505777
0,kmer6_shuffle,within_family,metallothionein,0.2665859943925006
0,kmer6_shuffle,within_family,muscarinic_receptor,0.6745985631461329
0,kmer6_shuffle,within_family,nadph_oxidase,0.4441956395872455
0,kmer6_shuffle,within_family,nitric_oxide_synthase,0.566938342976908
0,kmer6_shuffle,within_family,olfactory_receptors,0.4748696020753929
0,kmer6_shuffle,within_family,opsins,0.4338388518058022
0,kmer6_shuffle,within_family,p2y_receptor,0.472304928623704
0,kmer6_shuffle,within_family,peroxidase,0.7087880298460456
0,kmer6_shuffle,within_family,peroxiredoxin,0.4864452186132962
0,kmer6_shuffle,within_family,phosphodiesterase,0.458592599268685
0,kmer6_shuffle,within_family,rab_gtpase,0.4340366459552164
0,kmer6_shuffle,within_family,ras_gtpases,0.4295186480639786
0,kmer6_shuffle,within_family,rho_gtpase,0.5034912578775771
0,kmer6_shuffle,within_family,serine_protease,0.539316739631402
0,kmer6_shuffle,within_family,serotonin_receptor,0.5683309389185693
0,kmer6_shuffle,within_family,steap_metalloreductase,0.5266631025642865
0,kmer6_shuffle,within_family,sulfotransferase,0.5184809151624612
0,kmer6_shuffle,within_family,taste2_receptor,0.4562741652266739
0,kmer6_shuffle,within_family,udp_glucuronosyltransferase,0.4417999706769761
0,synonymous_recode,within_family,adam_metallopeptidase,0.5426587223838627
0,synonymous_recode,within_family,adamts_metallopeptidase,0.427562263280197
0,synonymous_recode,within_family,adrenoceptor,0.6473632543528824
0,synonymous_recode,within_family,alcohol_dehydrogenase,0.4485103132161955
0,synonymous_recode,within_family,aldehyde_dehydrogenase,0.2484807093254275
0,synonymous_recode,within_family,aldo_keto_reductase,0.4025901333567009
0,synonymous_recode,within_family,alkaline_phosphatase,0.1299739991690456
0,synonymous_recode,within_family,arachidonate_lipoxygenase,0.1855344469046476
0,synonymous_recode,within_family,arf_gtpase,0.4153183487322227
0,synonymous_recode,within_family,carbonic_anhydrase,0.3599091392329283
0,synonymous_recode,within_family,cxc_chemokine_receptor,0.3034013916849261
0,synonymous_recode,within_family,cytochrome_p450,0.3732524069251031
0,synonymous_recode,within_family,dopamine_receptor,0.3950125103172672
0,synonymous_recode,within_family,ectonucleotide_pyrophosphatase,0.4009231451857037
0,synonymous_recode,within_family,ferritin,0.6505257510837608
0,synonymous_recode,within_family,flavin_monooxygenase,0.2923494664518613
0,synonymous_recode,within_family,globins,0.3683311850553278
0,synonymous_recode,within_family,glutamate_metabotropic,0.4403216321503971
0,synonymous_recode,within_family,glutaredoxin,0.5293657009816358
0,synonymous_recode,within_family,glutathione_peroxidase,0.5403528609273605
0,synonymous_recode,within_family,glutathione_s_transferase,0.3419740866386345
0,synonymous_recode,within_family,guanylate_binding_protein,0.567193675889328
0,synonymous_recode,within_family,heme_oxygenase,0.5091125855276798
0,synonymous_recode,within_family,histamine_receptor,0.4684348572443103
0,synonymous_recode,within_family,histone_deacetylase_classI,0.2955663630444419
0,synonymous_recode,within_family,histone_h4,-0.2020863194776238
0,synonymous_recode,within_family,hox,0.3692429280742124
0,synonymous_recode,within_family,m14_carboxypeptidase,0.348651117240369
0,synonymous_recode,within_family,matrix_metalloproteinase,0.3062782143075842
0,synonymous_recode,within_family,metallothionein,0.2483564896653973
0,synonymous_recode,within_family,muscarinic_receptor,0.4114643197500968
0,synonymous_recode,within_family,nadph_oxidase,0.1735624537089747
0,synonymous_recode,within_family,nitric_oxide_synthase,0.4323675059887532
0,synonymous_recode,within_family,olfactory_receptors,0.1988168171724087
0,synonymous_recode,within_family,opsins,0.460964931960313
0,synonymous_recode,within_family,p2y_receptor,0.2789658146112154
0,synonymous_recode,within_family,peroxidase,0.3816054280647581
0,synonymous_recode,within_family,peroxiredoxin,0.2930858565110366
0,synonymous_recode,within_family,phosphodiesterase,0.3092217391852264
0,synonymous_recode,within_family,rab_gtpase,0.3634321736238856
0,synonymous_recode,within_family,ras_gtpases,0.2980837845843911
0,synonymous_recode,within_family,rho_gtpase,0.3868020497540158
0,synonymous_recode,within_family,serine_protease,0.3351092304251085
0,synonymous_recode,within_family,serotonin_receptor,0.2597134456616315
0,synonymous_recode,within_family,steap_metalloreductase,0.1142496263257973
0,synonymous_recode,within_family,sulfotransferase,0.4746937724956201
0,synonymous_recode,within_family,taste2_receptor,0.4158222240611037
0,synonymous_recode,within_family,udp_glucuronosyltransferase,0.1171879220007562
0,missense_subset,within_family,adam_metallopeptidase,0.799395186549602
0,missense_subset,within_family,adamts_metallopeptidase,0.8603866312017039
0,missense_subset,within_family,adrenoceptor,0.8905101146712047
0,missense_subset,within_family,alcohol_dehydrogenase,0.7328147788040834
0,missense_subset,within_family,aldehyde_dehydrogenase,0.7949643850857467
0,missense_subset,within_family,aldo_keto_reductase,0.7335718138562749
0,missense_subset,within_family,alkaline_phosphatase,0.7325298540468819
0,missense_subset,within_family,arachidonate_lipoxygenase,0.8702174270503086
0,missense_subset,within_family,arf_gtpase,0.6799417677726327
0,missense_subset,within_family,carbonic_anhydrase,0.5788365580926044
0,missense_subset,within_family,cxc_chemokine_receptor,0.8478544326452869
0,missense_subset,within_family,cytochrome_p450,0.7511726035727103
0,missense_subset,within_family,dopamine_receptor,0.7804828584414308
0,missense_subset,within_family,ectonucleotide_pyrophosphatase,0.753986385436794
0,missense_subset,within_family,ferritin,0.7785938234438582
0,missense_subset,within_family,flavin_monooxygenase,0.6051857676044605
0,missense_subset,within_family,globins,0.8599292998769233
0,missense_subset,within_family,glutamate_metabotropic,0.8375982018480141
0,missense_subset,within_family,glutaredoxin,0.8672670270128015
0,missense_subset,within_family,glutathione_peroxidase,0.782468389393079
0,missense_subset,within_family,glutathione_s_transferase,0.5634123703971526
0,missense_subset,within_family,guanylate_binding_protein,0.8449934123847166
0,missense_subset,within_family,heme_oxygenase,0.8230872900684221
0,missense_subset,within_family,histamine_receptor,0.8298247910777069
0,missense_subset,within_family,histone_deacetylase_classI,0.7692221314399668
0,missense_subset,within_family,histone_h4,0.924430641821946
0,missense_subset,within_family,hox,0.6706613251200622
0,missense_subset,within_family,m14_carboxypeptidase,0.7424505175925622
0,missense_subset,within_family,matrix_metalloproteinase,0.7989856112704639
0,missense_subset,within_family,metallothionein,0.5118530158310606
0,missense_subset,within_family,muscarinic_receptor,0.8102845474423412
0,missense_subset,within_family,nadph_oxidase,0.6840654186525383
0,missense_subset,within_family,nitric_oxide_synthase,0.8942881520289806
0,missense_subset,within_family,olfactory_receptors,0.6310612199966886
0,missense_subset,within_family,opsins,0.7159178063718873
0,missense_subset,within_family,p2y_receptor,0.715051185320801
0,missense_subset,within_family,peroxidase,0.7615867222389573
0,missense_subset,within_family,peroxiredoxin,0.696191035761925
0,missense_subset,within_family,phosphodiesterase,0.7723138199723557
0,missense_subset,within_family,rab_gtpase,0.6931250336923421
0,missense_subset,within_family,ras_gtpases,0.607087178460587
0,missense_subset,within_family,rho_gtpase,0.6616970763407244
0,missense_subset,within_family,serine_protease,0.7719672797350902
0,missense_subset,within_family,serotonin_receptor,0.8016202113863876
0,missense_subset,within_family,steap_metalloreductase,0.6694630228358598
0,missense_subset,within_family,sulfotransferase,0.7435503346320239
0,missense_subset,within_family,taste2_receptor,0.6087671610207047
0,missense_subset,within_family,udp_glucuronosyltransferase,0.7015311634295591
0,paired_p3_syn,within_family,adam_metallopeptidase,0.8504548963609438
0,paired_p3_syn,within_family,adamts_metallopeptidase,0.8381856108295631
0,paired_p3_syn,within_family,adrenoceptor,0.9304370977646176
0,paired_p3_syn,within_family,alcohol_dehydrogenase,0.7364817001180637
0,paired_p3_syn,within_family,aldehyde_dehydrogenase,0.8138719068116455
0,paired_p3_syn,within_family,aldo_keto_reductase,0.8070750372395975
0,paired_p3_syn,within_family,alkaline_phosphatase,0.742497956120247
0,paired_p3_syn,within_family,arachidonate_lipoxygenase,0.8235576603515659
0,paired_p3_syn,within_family,arf_gtpase,0.8597286669790363
0,paired_p3_syn,within_family,carbonic_anhydrase,0.8374687478536325
0,paired_p3_syn,within_family,cxc_chemokine_receptor,0.8821732938753474
0,paired_p3_syn,within_family,cytochrome_p450,0.8204120645403109
0,paired_p3_syn,within_family,dopamine_receptor,0.8073849756585446
0,paired_p3_syn,within_family,ectonucleotide_pyrophosphatase,0.8263273053718143
0,paired_p3_syn,within_family,ferritin,0.8840907329514629
0,paired_p3_syn,within_family,flavin_monooxygenase,0.7013991127445646
0,paired_p3_syn,within_family,globins,0.892884297159194
0,paired_p3_syn,within_family,glutamate_metabotropic,0.8778006328217334
0,paired_p3_syn,within_family,glutaredoxin,0.8940743205932911
0,paired_p3_syn,within_family,glutathione_peroxidase,0.7994525456559992
0,paired_p3_syn,within_family,glutathione_s_transferase,0.7268755221127849
0,paired_p3_syn,within_family,guanylate_binding_protein,0.5194334650856389
0,paired_p3_syn,within_family,heme_oxygenase,0.9398299813394152
0,paired_p3_syn,within_family,histamine_receptor,0.8395095940810572
0,paired_p3_syn,within_family,histone_deacetylase_classI,0.8485385051346838
0,paired_p3_syn,within_family,histone_h4,0.9317247969421882
0,paired_p3_syn,within_family,hox,0.905196637254929
0,paired_p3_syn,within_family,m14_carboxypeptidase,0.7988971776702574
0,paired_p3_syn,within_family,matrix_metalloproteinase,0.8091716916919827
0,paired_p3_syn,within_family,metallothionein,0.8296397782642895
0,paired_p3_syn,within_family,muscarinic_receptor,0.8563192262859036
0,paired_p3_syn,within_family,nadph_oxidase,0.7388259401812354
0,paired_p3_syn,within_family,nitric_oxide_synthase,0.93455875715907
0,paired_p3_syn,within_family,olfactory_receptors,0.7480192316369495
0,paired_p3_syn,within_family,opsins,0.8299002327209691
0,paired_p3_syn,within_family,p2y_receptor,0.7259793758100012
0,paired_p3_syn,within_family,peroxidase,0.8558283265211886
0,paired_p3_syn,within_family,peroxiredoxin,0.8296252330786617
0,paired_p3_syn,within_family,phosphodiesterase,0.8184624782973523
0,paired_p3_syn,within_family,rab_gtpase,0.8344970378952252
0,paired_p3_syn,within_family,ras_gtpases,0.8370776915670137
0,paired_p3_syn,within_family,rho_gtpase,0.8627241511749186
0,paired_p3_syn,within_family,serine_protease,0.7584674426519407
0,paired_p3_syn,within_family,serotonin_receptor,0.8422713207908771
0,paired_p3_syn,within_family,steap_metalloreductase,0.8031008745462644
0,paired_p3_syn,within_family,sulfotransferase,0.7861918133386265
0,paired_p3_syn,within_family,taste2_receptor,0.6902335659455123
0,paired_p3_syn,within_family,udp_glucuronosyltransferase,0.567044972258876
0,paired_p3_missense,within_family,adam_metallopeptidase,0.8370491163944666
0,paired_p3_missense,within_family,adamts_metallopeptidase,0.9044957508909228
0,paired_p3_missense,within_family,adrenoceptor,0.9224252544436292
0,paired_p3_missense,within_family,alcohol_dehydrogenase,0.7684700326411555
0,paired_p3_missense,within_family,aldehyde_dehydrogenase,0.8549314981567186
0,paired_p3_missense,within_family,aldo_keto_reductase,0.7787584188403381
0,paired_p3_missense,within_family,alkaline_phosphatase,0.8134205835444225
0,paired_p3_missense,within_family,arachidonate_lipoxygenase,0.9033464720505798
0,paired_p3_missense,within_family,arf_gtpase,0.8211351174809577
0,paired_p3_missense,within_family,carbonic_anhydrase,0.803495275847987
0,paired_p3_missense,within_family,cxc_chemokine_receptor,0.9173941014570528
0,paired_p3_missense,within_family,cytochrome_p450,0.8386732286456632
0,paired_p3_missense,within_family,dopamine_receptor,0.8563070081475477
0,paired_p3_missense,within_family,ectonucleotide_pyrophosphatase,0.869654477345298
0,paired_p3_missense,within_family,ferritin,0.7965980930640312
0,paired_p3_missense,within_family,flavin_monooxygenase,0.7770039121232191
0,paired_p3_missense,within_family,globins,0.8809684627270711
0,paired_p3_missense,within_family,glutamate_metabotropic,0.89082314526248
0,paired_p3_missense,within_family,glutaredoxin,0.8705753083894467
0,paired_p3_missense,within_family,glutathione_peroxidase,0.8237092929651177
0,paired_p3_missense,within_family,glutathione_s_transferase,0.7184655224879778
0,paired_p3_missense,within_family,guanylate_binding_protein,0.7593544137022398
0,paired_p3_missense,within_family,heme_oxygenase,0.9447024673439768
0,paired_p3_missense,within_family,histamine_receptor,0.90719727360795
0,paired_p3_missense,within_family,histone_deacetylase_classI,0.8177626853417863
0,paired_p3_missense,within_family,histone_h4,0.921340977862717
0,paired_p3_missense,within_family,hox,0.8240247788077527
0,paired_p3_missense,within_family,m14_carboxypeptidase,0.8139598501814006
0,paired_p3_missense,within_family,matrix_metalloproteinase,0.835454153935265
0,paired_p3_missense,within_family,metallothionein,0.6934654095413264
0,paired_p3_missense,within_family,muscarinic_receptor,0.8615973861055273
0,paired_p3_missense,within_family,nadph_oxidase,0.7360444353157529
0,paired_p3_missense,within_family,nitric_oxide_synthase,0.9342187614075786
0,paired_p3_missense,within_family,olfactory_receptors,0.785106020597556
0,paired_p3_missense,within_family,opsins,0.8608727949360612
0,paired_p3_missense,within_family,p2y_receptor,0.8128794565045766
0,paired_p3_missense,within_family,peroxidase,0.8624373943053809
0,paired_p3_missense,within_family,peroxiredoxin,0.8080178809621226
0,paired_p3_missense,within_family,phosphodiesterase,0.8071687858010512
0,paired_p3_missense,within_family,rab_gtpase,0.7763750817294289
0,paired_p3_missense,within_family,ras_gtpases,0.7849613674824616
0,paired_p3_missense,within_family,rho_gtpase,0.7786595565422364
0,paired_p3_missense,within_family,serine_protease,0.8172639963260707
0,paired_p3_missense,within_family,serotonin_receptor,0.8325994416119469
0,paired_p3_missense,within_family,steap_metalloreductase,0.8485024575203223
0,paired_p3_missense,within_family,sulfotransferase,0.8454789821593497
0,paired_p3_missense,within_family,taste2_receptor,0.7652704866657299
0,paired_p3_missense,within_family,udp_glucuronosyltransferase,0.802553225146808
1,natural,within_family,adam_metallopeptidase,1.0
1,natural,within_family,adamts_metallopeptidase,1.0
1,natural,within_family,adrenoceptor,1.0
1,natural,within_family,alcohol_dehydrogenase,1.0
1,natural,within_family,aldehyde_dehydrogenase,1.0
1,natural,within_family,aldo_keto_reductase,1.0
1,natural,within_family,alkaline_phosphatase,1.0
1,natural,within_family,arachidonate_lipoxygenase,1.0
1,natural,within_family,arf_gtpase,1.0
1,natural,within_family,carbonic_anhydrase,1.0
1,natural,within_family,cxc_chemokine_receptor,1.0
1,natural,within_family,cytochrome_p450,1.0
1,natural,within_family,dopamine_receptor,1.0
1,natural,within_family,ectonucleotide_pyrophosphatase,1.0
1,natural,within_family,ferritin,1.0
1,natural,within_family,flavin_monooxygenase,1.0
1,natural,within_family,globins,1.0
1,natural,within_family,glutamate_metabotropic,1.0
1,natural,within_family,glutaredoxin,1.0
1,natural,within_family,glutathione_peroxidase,1.0
1,natural,within_family,glutathione_s_transferase,1.0
1,natural,within_family,guanylate_binding_protein,1.0
1,natural,within_family,heme_oxygenase,1.0
1,natural,within_family,histamine_receptor,1.0
1,natural,within_family,histone_deacetylase_classI,1.0
1,natural,within_family,histone_h4,1.0
1,natural,within_family,hox,1.0
1,natural,within_family,m14_carboxypeptidase,1.0
1,natural,within_family,matrix_metalloproteinase,1.0
1,natural,within_family,metallothionein,1.0
1,natural,within_family,muscarinic_receptor,1.0
1,natural,within_family,nadph_oxidase,1.0
1,natural,within_family,nitric_oxide_synthase,1.0
1,natural,within_family,olfactory_receptors,1.0
1,natural,within_family,opsins,1.0
1,natural,within_family,p2y_receptor,1.0
1,natural,within_family,peroxidase,1.0
1,natural,within_family,peroxiredoxin,1.0
1,natural,within_family,phosphodiesterase,1.0
1,natural,within_family,rab_gtpase,1.0
1,natural,within_family,ras_gtpases,1.0
1,natural,within_family,rho_gtpase,1.0
1,natural,within_family,serine_protease,1.0
1,natural,within_family,serotonin_receptor,1.0
1,natural,within_family,steap_metalloreductase,1.0
1,natural,within_family,sulfotransferase,1.0
1,natural,within_family,taste2_receptor,1.0
1,natural,within_family,udp_glucuronosyltransferase,1.0
1,gc_match,within_family,adam_metallopeptidase,0.6700402570734284
1,gc_match,within_family,adamts_metallopeptidase,0.6673777027855471
1,gc_match,within_family,adrenoceptor,0.5116752336720385
1,gc_match,within_family,alcohol_dehydrogenase,0.6107368567261614
1,gc_match,within_family,aldehyde_dehydrogenase,0.6610606970631927
1,gc_match,within_family,aldo_keto_reductase,0.6728069798508771
1,gc_match,within_family,alkaline_phosphatase,0.4992561617948614
1,gc_match,within_family,arachidonate_lipoxygenase,0.7543147222106507
1,gc_match,within_family,arf_gtpase,0.4809742731214376
1,gc_match,within_family,carbonic_anhydrase,0.4905276683694613
1,gc_match,within_family,cxc_chemokine_receptor,0.2932521397379647
1,gc_match,within_family,cytochrome_p450,0.591301749815981
1,gc_match,within_family,dopamine_receptor,0.3896610593673985
1,gc_match,within_family,ectonucleotide_pyrophosphatase,0.5815917172395088
1,gc_match,within_family,ferritin,0.6184592629721668
1,gc_match,within_family,flavin_monooxygenase,0.4207287591155237
1,gc_match,within_family,globins,0.6209055335104822
1,gc_match,within_family,glutamate_metabotropic,0.3192398958978386
1,gc_match,within_family,glutaredoxin,0.5376285379066795
1,gc_match,within_family,glutathione_peroxidase,0.4465134179887545
1,gc_match,within_family,glutathione_s_transferase,0.544525290053345
1,gc_match,within_family,guanylate_binding_protein,0.6828722002635046
1,gc_match,within_family,heme_oxygenase,0.4600974497200912
1,gc_match,within_family,histamine_receptor,0.4781690447985283
1,gc_match,within_family,histone_deacetylase_classI,0.7382225405670277
1,gc_match,within_family,histone_h4,0.6492435101130754
1,gc_match,within_family,hox,0.2519967069049061
1,gc_match,within_family,m14_carboxypeptidase,0.6077145602744469
1,gc_match,within_family,matrix_metalloproteinase,0.6236919848302447
1,gc_match,within_family,metallothionein,0.5910700812947292
1,gc_match,within_family,muscarinic_receptor,0.3670429236206632
1,gc_match,within_family,nadph_oxidase,0.610485214934859
1,gc_match,within_family,nitric_oxide_synthase,0.5186473422293664
1,gc_match,within_family,olfactory_receptors,0.1731555464594596
1,gc_match,within_family,opsins,0.5097379142526242
1,gc_match,within_family,p2y_receptor,0.1276100792518295
1,gc_match,within_family,peroxidase,0.61436024590444
1,gc_match,within_family,peroxiredoxin,0.7045076221330722
1,gc_match,within_family,phosphodiesterase,0.6893288531342715
1,gc_match,within_family,rab_gtpase,0.570209988935935
1,gc_match,within_family,ras_gtpases,0.3727837688938937
1,gc_match,within_family,rho_gtpase,0.4219373934739126
1,gc_match,within_family,serine_protease,0.4927289292371108
1,gc_match,within_family,serotonin_receptor,0.2570089197011186
1,gc_match,within_family,steap_metalloreductase,0.3883219413166789
1,gc_match,within_family,sulfotransferase,0.6302222624458248
1,gc_match,within_family,taste2_receptor,0.2743463329706687
1,gc_match,within_family,udp_glucuronosyltransferase,0.4803827040458057
1,dinuc_shuffle,within_family,adam_metallopeptidase,0.6979805830471323
1,dinuc_shuffle,within_family,adamts_metallopeptidase,0.7687632686433871
1,dinuc_shuffle,within_family,adrenoceptor,0.6709318599924343
1,dinuc_shuffle,within_family,alcohol_dehydrogenase,0.5274046808806166
1,dinuc_shuffle,within_family,aldehyde_dehydrogenase,0.7473737951341638
1,dinuc_shuffle,within_family,aldo_keto_reductase,0.8312310457536402
1,dinuc_shuffle,within_family,alkaline_phosphatase,0.6876683687829198
1,dinuc_shuffle,within_family,arachidonate_lipoxygenase,0.7996837080923851
1,dinuc_shuffle,within_family,arf_gtpase,0.6010066107010565
1,dinuc_shuffle,within_family,carbonic_anhydrase,0.5827631142449781
1,dinuc_shuffle,within_family,cxc_chemokine_receptor,0.6567354465601677
1,dinuc_shuffle,within_family,cytochrome_p450,0.7134755081166397
1,dinuc_shuffle,within_family,dopamine_receptor,0.6289277641707738
1,dinuc_shuffle,within_family,ectonucleotide_pyrophosphatase,0.7144917982435478
1,dinuc_shuffle,within_family,ferritin,0.6992775766433054
1,dinuc_shuffle,within_family,flavin_monooxygenase,0.4337142695437471
1,dinuc_shuffle,within_family,globins,0.7736452028030213
1,dinuc_shuffle,within_family,glutamate_metabotropic,0.501584003586761
1,dinuc_shuffle,within_family,glutaredoxin,0.6435950874930901
1,dinuc_shuffle,within_family,glutathione_peroxidase,0.5986717314776575
1,dinuc_shuffle,within_family,glutathione_s_transferase,0.5481504359837703
1,dinuc_shuffle,within_family,guanylate_binding_protein,0.6959156785243741
1,dinuc_shuffle,within_family,heme_oxygenase,0.6975844909807174
1,dinuc_shuffle,within_family,histamine_receptor,0.6281016231017373
1,dinuc_shuffle,within_family,histone_deacetylase_classI,0.8114209414898562
1,dinuc_shuffle,within_family,histone_h4,0.7490683229813665
1,dinuc_shuffle,within_family,hox,0.4712506363098798
1,dinuc_shuffle,within_family,m14_carboxypeptidase,0.7104417472050967
1,dinuc_shuffle,within_family,matrix_metalloproteinase,0.6977911962252995
1,dinuc_shuffle,within_family,metallothionein,0.6816687224638133
1,dinuc_shuffle,within_family,muscarinic_receptor,0.6347878951468624
1,dinuc_shuffle,within_family,nadph_oxidase,0.6855695494025812
1,dinuc_shuffle,within_family,nitric_oxide_synthase,0.7303941869391606
1,dinuc_shuffle,within_family,olfactory_receptors,0.3856754401783016
1,dinuc_shuffle,within_family,opsins,0.5883545430593067
1,dinuc_shuffle,within_family,p2y_receptor,0.4731465961779769
1,dinuc_shuffle,within_family,peroxidase,0.7755953375748037
1,dinuc_shuffle,within_family,peroxiredoxin,0.7704396319652712
1,dinuc_shuffle,within_family,phosphodiesterase,0.7293178790552034
1,dinuc_shuffle,within_family,rab_gtpase,0.6493388439744641
1,dinuc_shuffle,within_family,ras_gtpases,0.4943509315769564
1,dinuc_shuffle,within_family,rho_gtpase,0.5520510105145175
1,dinuc_shuffle,within_family,serine_protease,0.6428658015128006
1,dinuc_shuffle,within_family,serotonin_receptor,0.5154046493968247
1,dinuc_shuffle,within_family,steap_metalloreductase,0.5630821590739882
1,dinuc_shuffle,within_family,sulfotransferase,0.7095522796286271
1,dinuc_shuffle,within_family,taste2_receptor,0.3611565073254805
1,dinuc_shuffle,within_family,udp_glucuronosyltransferase,0.6736957041769877
1,kmer4_shuffle,within_family,adam_metallopeptidase,0.7500025616471679
1,kmer4_shuffle,within_family,adamts_metallopeptidase,0.7810910775748144
1,kmer4_shuffle,within_family,adrenoceptor,0.7628157439692056
1,kmer4_shuffle,within_family,alcohol_dehydrogenase,0.7523716924786442
1,kmer4_shuffle,within_family,aldehyde_dehydrogenase,0.767051001440546
1,kmer4_shuffle,within_family,aldo_keto_reductase,0.8362352808964274
1,kmer4_shuffle,within_family,alkaline_phosphatase,0.6985712945465267
1,kmer4_shuffle,within_family,arachidonate_lipoxygenase,0.8458781415003759
1,kmer4_shuffle,within_family,arf_gtpase,0.6880266139261596
1,kmer4_shuffle,within_family,carbonic_anhydrase,0.634881433990891
1,kmer4_shuffle,within_family,cxc_chemokine_receptor,0.7280906038885769
1,kmer4_shuffle,within_family,cytochrome_p450,0.7447863082136184
1,kmer4_shuffle,within_family,dopamine_receptor,0.6534127086690381
1,kmer4_shuffle,within_family,ectonucleotide_pyrophosphatase,0.7485159726478571
1,kmer4_shuffle,within_family,ferritin,0.7333103848797872
1,kmer4_shuffle,within_family,flavin_monooxygenase,0.5590424437223285
1,kmer4_shuffle,within_family,globins,0.8049072653094709
1,kmer4_shuffle,within_family,glutamate_metabotropic,0.5361853932614145
1,kmer4_shuffle,within_family,glutaredoxin,0.7145444931802933
1,kmer4_shuffle,within_family,glutathione_peroxidase,0.6360733731933104
1,kmer4_shuffle,within_family,glutathione_s_transferase,0.6319428781332668
1,kmer4_shuffle,within_family,guanylate_binding_protein,0.7563241106719367
1,kmer4_shuffle,within_family,heme_oxygenase,0.8286750984864193
1,kmer4_shuffle,within_family,histamine_receptor,0.7362627581717931
1,kmer4_shuffle,within_family,histone_deacetylase_classI,0.7949004580281834
1,kmer4_shuffle,within_family,histone_h4,0.7717789456919892
1,kmer4_shuffle,within_family,hox,0.5568217416102107
1,kmer4_shuffle,within_family,m14_carboxypeptidase,0.7345753591044174
1,kmer4_shuffle,within_family,matrix_metalloproteinase,0.7355094978439028
1,kmer4_shuffle,within_family,metallothionein,0.7832673919667665
1,kmer4_shuffle,within_family,muscarinic_receptor,0.6995422885527842
1,kmer4_shuffle,within_family,nadph_oxidase,0.7593149079085156
1,kmer4_shuffle,within_family,nitric_oxide_synthase,0.7293314303206491
1,kmer4_shuffle,within_family,olfactory_receptors,0.5074315241128251
1,kmer4_shuffle,within_family,opsins,0.6397450307870876
1,kmer4_shuffle,within_family,p2y_receptor,0.5719535945142692
1,kmer4_shuffle,within_family,peroxidase,0.817669683074546
1,kmer4_shuffle,within_family,peroxiredoxin,0.8146531630585792
1,kmer4_shuffle,within_family,phosphodiesterase,0.7647889128854714
1,kmer4_shuffle,within_family,rab_gtpase,0.7034834769176053
1,kmer4_shuffle,within_family,ras_gtpases,0.6113645320664898
1,kmer4_shuffle,within_family,rho_gtpase,0.6869075718623959
1,kmer4_shuffle,within_family,serine_protease,0.68958068222504
1,kmer4_shuffle,within_family,serotonin_receptor,0.5938179278591226
1,kmer4_shuffle,within_family,steap_metalloreductase,0.5860954566774902
1,kmer4_shuffle,within_family,sulfotransferase,0.7177135122371168
1,kmer4_shuffle,within_family,taste2_receptor,0.5117226243697577
1,kmer4_shuffle,within_family,udp_glucuronosyltransferase,0.7184183315199357
1,kmer6_shuffle,within_family,adam_metallopeptidase,0.7461354780526716
1,kmer6_shuffle,within_family,adamts_metallopeptidase,0.8183100405571491
1,kmer6_shuffle,within_family,adrenoceptor,0.7615558317487585
1,kmer6_shuffle,within_family,alcohol_dehydrogenase,0.6384471143829431
1,kmer6_shuffle,within_family,aldehyde_dehydrogenase,0.7807810209109985
1,kmer6_shuffle,within_family,aldo_keto_reductase,0.8931614096853636
1,kmer6_shuffle,within_family,alkaline_phosphatase,0.7113271145778886
1,kmer6_shuffle,within_family,arachidonate_lipoxygenase,0.852344095990448
1,kmer6_shuffle,within_family,arf_gtpase,0.7255488477711237
1,kmer6_shuffle,within_family,carbonic_anhydrase,0.6638557044276304
1,kmer6_shuffle,within_family,cxc_chemokine_receptor,0.8107604141434348
1,kmer6_shuffle,within_family,cytochrome_p450,0.7537573131627253
1,kmer6_shuffle,within_family,dopamine_receptor,0.6820446036848657
1,kmer6_shuffle,within_family,ectonucleotide_pyrophosphatase,0.7620968480084352
1,kmer6_shuffle,within_family,ferritin,0.7967383000631081
1,kmer6_shuffle,within_family,flavin_monooxygenase,0.6107873349292675
1,kmer6_shuffle,within_family,globins,0.8010981458452342
1,kmer6_shuffle,within_family,glutamate_metabotropic,0.5238516476502924
1,kmer6_shuffle,within_family,glutaredoxin,0.7336725544119396
1,kmer6_shuffle,within_family,glutathione_peroxidase,0.6695849594143148
1,kmer6_shuffle,within_family,glutathione_s_transferase,0.6833528910285851
1,kmer6_shuffle,within_family,guanylate_binding_protein,0.8709486166007905
1,kmer6_shuffle,within_family,heme_oxygenase,0.8042089985486212
1,kmer6_shuffle,within_family,histamine_receptor,0.7032522853621976
1,kmer6_shuffle,within_family,histone_deacetylase_classI,0.8167702754886642
1,kmer6_shuffle,within_family,histone_h4,0.8540054148749802
1,kmer6_shuffle,within_family,hox,0.5772484958358984
1,kmer6_shuffle,within_family,m14_carboxypeptidase,0.7507100289067664
1,kmer6_shuffle,within_family,matrix_metalloproteinase,0.780709549711595
1,kmer6_shuffle,within_family,metallothionein,0.7417172568586072
1,kmer6_shuffle,within_family,muscarinic_receptor,0.7201132631923198
1,kmer6_shuffle,within_family,nadph_oxidase,0.7745358888411796
1,kmer6_shuffle,within_family,nitric_oxide_synthase,0.7622693893036777
1,kmer6_shuffle,within_family,olfactory_receptors,0.5597060966751919
1,kmer6_shuffle,within_family,opsins,0.6378277694088598
1,kmer6_shuffle,within_family,p2y_receptor,0.5824569312594496
1,kmer6_shuffle,within_family,peroxidase,0.8062689805941681
1,kmer6_shuffle,within_family,peroxiredoxin,0.7744532399049242
1,kmer6_shuffle,within_family,phosphodiesterase,0.7625140475148803
1,kmer6_shuffle,within_family,rab_gtpase,0.7056009382260364
1,kmer6_shuffle,within_family,ras_gtpases,0.6732087105695279
1,kmer6_shuffle,within_family,rho_gtpase,0.6869334571400393
1,kmer6_shuffle,within_family,serine_protease,0.6895147718502597
1,kmer6_shuffle,within_family,serotonin_receptor,0.6280947918162281
1,kmer6_shuffle,within_family,steap_metalloreductase,0.5914202314504935
1,kmer6_shuffle,within_family,sulfotransferase,0.700251428667645
1,kmer6_shuffle,within_family,taste2_receptor,0.5982147393205985
1,kmer6_shuffle,within_family,udp_glucuronosyltransferase,0.611127701769413
1,synonymous_recode,within_family,adam_metallopeptidase,0.8014843945189386
1,synonymous_recode,within_family,adamts_metallopeptidase,0.746976676904964
1,synonymous_recode,within_family,adrenoceptor,0.6347278468905029
1,synonymous_recode,within_family,alcohol_dehydrogenase,0.8007569970136814
1,synonymous_recode,within_family,aldehyde_dehydrogenase,0.7325486192925144
1,synonymous_recode,within_family,aldo_keto_reductase,0.8659474837982382
1,synonymous_recode,within_family,alkaline_phosphatase,0.5954190288555613
1,synonymous_recode,within_family,arachidonate_lipoxygenase,0.7986681237676274
1,synonymous_recode,within_family,arf_gtpase,0.6774988707945303
1,synonymous_recode,within_family,carbonic_anhydrase,0.7224379777568446
1,synonymous_recode,within_family,cxc_chemokine_receptor,0.2044533580783905
1,synonymous_recode,within_family,cytochrome_p450,0.6985765592699557
1,synonymous_recode,within_family,dopamine_receptor,0.4943451353579141
1,synonymous_recode,within_family,ectonucleotide_pyrophosphatase,0.7364749187022989
1,synonymous_recode,within_family,ferritin,0.7441635942914715
1,synonymous_recode,within_family,flavin_monooxygenase,0.4862524415395891
1,synonymous_recode,within_family,globins,0.7943497539208076
1,synonymous_recode,within_family,glutamate_metabotropic,0.5883366581528089
1,synonymous_recode,within_family,glutaredoxin,0.8168514634091352
1,synonymous_recode,within_family,glutathione_peroxidase,0.6605722940596132
1,synonymous_recode,within_family,glutathione_s_transferase,0.6729060212775357
1,synonymous_recode,within_family,guanylate_binding_protein,0.8437417654808957
1,synonymous_recode,within_family,heme_oxygenase,0.6714078374455733
1,synonymous_recode,within_family,histamine_receptor,0.6388050862201459
1,synonymous_recode,within_family,histone_deacetylase_classI,0.8837131488911061
1,synonymous_recode,within_family,histone_h4,-0.1029781812390508
1,synonymous_recode,within_family,hox,0.4817567489985724
1,synonymous_recode,within_family,m14_carboxypeptidase,0.7386768908197193
1,synonymous_recode,within_family,matrix_metalloproteinase,0.7003338056443166
1,synonymous_recode,within_family,metallothionein,0.8006036921737765
1,synonymous_recode,within_family,muscarinic_receptor,0.4599843691750468
1,synonymous_recode,within_family,nadph_oxidase,0.6126711248087763
1,synonymous_recode,within_family,nitric_oxide_synthase,0.6805819029347001
1,synonymous_recode,within_family,olfactory_receptors,0.1984103951849011
1,synonymous_recode,within_family,opsins,0.6784681122018613
1,synonymous_recode,within_family,p2y_receptor,0.3035300157653763
1,synonymous_recode,within_family,peroxidase,0.7037699573276367
1,synonymous_recode,within_family,peroxiredoxin,0.7708791058646111
1,synonymous_recode,within_family,phosphodiesterase,0.8018703808351334
1,synonymous_recode,within_family,rab_gtpase,0.7061642857164856
1,synonymous_recode,within_family,ras_gtpases,0.5068236367174309
1,synonymous_recode,within_family,rho_gtpase,0.612189386429379
1,synonymous_recode,within_family,serine_protease,0.6225243458622908
1,synonymous_recode,within_family,serotonin_receptor,0.3630125658095512
1,synonymous_recode,within_family,steap_metalloreductase,0.2466219211631805
1,synonymous_recode,within_family,sulfotransferase,0.8149170295681861
1,synonymous_recode,within_family,taste2_receptor,0.5067575497724135
1,synonymous_recode,within_family,udp_glucuronosyltransferase,0.592599215994938
1,missense_subset,within_family,adam_metallopeptidase,0.8913732763354147
1,missense_subset,within_family,adamts_metallopeptidase,0.9207887133117556
1,missense_subset,within_family,adrenoceptor,0.8982384074912176
1,missense_subset,within_family,alcohol_dehydrogenase,0.9041183415514964
1,missense_subset,within_family,aldehyde_dehydrogenase,0.9026604651058492
1,missense_subset,within_family,aldo_keto_reductase,0.9471207960325668
1,missense_subset,within_family,alkaline_phosphatase,0.9106020398590056
1,missense_subset,within_family,arachidonate_lipoxygenase,0.9503071109117762
1,missense_subset,within_family,arf_gtpase,0.8317080349779528
1,missense_subset,within_family,carbonic_anhydrase,0.8097315584910098
1,missense_subset,within_family,cxc_chemokine_receptor,0.8851498422317888
1,missense_subset,within_family,cytochrome_p450,0.8750229623835704
1,missense_subset,within_family,dopamine_receptor,0.8341900230646603
1,missense_subset,within_family,ectonucleotide_pyrophosphatase,0.8641522835187699
1,missense_subset,within_family,ferritin,0.8604062681486536
1,missense_subset,within_family,flavin_monooxygenase,0.7292140906421601
1,missense_subset,within_family,globins,0.9550692353979392
1,missense_subset,within_family,glutamate_metabotropic,0.8991105093199323
1,missense_subset,within_family,glutaredoxin,0.9448112597370216
1,missense_subset,within_family,glutathione_peroxidase,0.8424338874912806
1,missense_subset,within_family,glutathione_s_transferase,0.805049327259783
1,missense_subset,within_family,guanylate_binding_protein,0.8939393939393938
1,missense_subset,within_family,heme_oxygenase,0.924756375699772
1,missense_subset,within_family,histamine_receptor,0.8524516326817642
1,missense_subset,within_family,histone_deacetylase_classI,0.9194633025375653
1,missense_subset,within_family,histone_h4,0.96486701704093
1,missense_subset,within_family,hox,0.753242336211922
1,missense_subset,within_family,m14_carboxypeptidase,0.870879701468027
1,missense_subset,within_family,matrix_metalloproteinase,0.8968715772778537
1,missense_subset,within_family,metallothionein,0.9044643550958312
1,missense_subset,within_family,muscarinic_receptor,0.7589522960522243
1,missense_subset,within_family,nadph_oxidase,0.8691356911768775
1,missense_subset,within_family,nitric_oxide_synthase,0.952331476922938
1,missense_subset,within_family,olfactory_receptors,0.6465090280927711
1,missense_subset,within_family,opsins,0.8723150019971944
1,missense_subset,within_family,p2y_receptor,0.6807666036287018
1,missense_subset,within_family,peroxidase,0.892660585253128
1,missense_subset,within_family,peroxiredoxin,0.8794684025915072
1,missense_subset,within_family,phosphodiesterase,0.9040182658989532
1,missense_subset,within_family,rab_gtpase,0.8475483787348532
1,missense_subset,within_family,ras_gtpases,0.7985527057303906
1,missense_subset,within_family,rho_gtpase,0.7967042873575734
1,missense_subset,within_family,serine_protease,0.8441165987679836
1,missense_subset,within_family,serotonin_receptor,0.7962983339585005
1,missense_subset,within_family,steap_metalloreductase,0.8009386740120759
1,missense_subset,within_family,sulfotransferase,0.91297873003519
1,missense_subset,within_family,taste2_receptor,0.6315919529298949
1,missense_subset,within_family,udp_glucuronosyltransferase,0.8318216542815473
1,paired_p3_syn,within_family,adam_metallopeptidase,0.9305598380017814
1,paired_p3_syn,within_family,adamts_metallopeptidase,0.9356516409949556
1,paired_p3_syn,within_family,adrenoceptor,0.9441213329571618
1,paired_p3_syn,within_family,alcohol_dehydrogenase,0.9259670810472947
1,paired_p3_syn,within_family,aldehyde_dehydrogenase,0.9239648722570324
1,paired_p3_syn,within_family,aldo_keto_reductase,0.9463319447503654
1,paired_p3_syn,within_family,alkaline_phosphatase,0.8890240306648975
1,paired_p3_syn,within_family,arachidonate_lipoxygenase,0.960952123555094
1,paired_p3_syn,within_family,arf_gtpase,0.9234968116452812
1,paired_p3_syn,within_family,carbonic_anhydrase,0.9121335363269828
1,paired_p3_syn,within_family,cxc_chemokine_receptor,0.9146717299692868
1,paired_p3_syn,within_family,cytochrome_p450,0.9266054525940456
1,paired_p3_syn,within_family,dopamine_receptor,0.8598048267266586
1,paired_p3_syn,within_family,ectonucleotide_pyrophosphatase,0.9110421677800692
1,paired_p3_syn,within_family,ferritin,0.8801891435697526
1,paired_p3_syn,within_family,flavin_monooxygenase,0.7780832220536615
1,paired_p3_syn,within_family,globins,0.9643230133228988
1,paired_p3_syn,within_family,glutamate_metabotropic,0.9252730564515887
1,paired_p3_syn,within_family,glutaredoxin,0.9471304684469388
1,paired_p3_syn,within_family,glutathione_peroxidase,0.911177627633271
1,paired_p3_syn,within_family,glutathione_s_transferase,0.8601136024843037
1,paired_p3_syn,within_family,guanylate_binding_protein,0.8310935441370223
1,paired_p3_syn,within_family,heme_oxygenase,0.9534522081691892
1,paired_p3_syn,within_family,histamine_receptor,0.907196132307129
1,paired_p3_syn,within_family,histone_deacetylase_classI,0.9685358333267138
1,paired_p3_syn,within_family,histone_h4,0.9735467431119604
1,paired_p3_syn,within_family,hox,0.9384131841081051
1,paired_p3_syn,within_family,m14_carboxypeptidase,0.9117003947699008
1,paired_p3_syn,within_family,matrix_metalloproteinase,0.9242745080836784
1,paired_p3_syn,within_family,metallothionein,0.9415298948058112
1,paired_p3_syn,within_family,muscarinic_receptor,0.8573098935278678
1,paired_p3_syn,within_family,nadph_oxidase,0.898159090879739
1,paired_p3_syn,within_family,nitric_oxide_synthase,0.9580963022834148
1,paired_p3_syn,within_family,olfactory_receptors,0.7870147232994623
1,paired_p3_syn,within_family,opsins,0.8971539732074206
1,paired_p3_syn,within_family,p2y_receptor,0.8060386376328375
1,paired_p3_syn,within_family,peroxidase,0.9277279893672654
1,paired_p3_syn,within_family,peroxiredoxin,0.9505728962956652
1,paired_p3_syn,within_family,phosphodiesterase,0.9371069835156028
1,paired_p3_syn,within_family,rab_gtpase,0.9342467498395408
1,paired_p3_syn,within_family,ras_gtpases,0.9216916379495418
1,paired_p3_syn,within_family,rho_gtpase,0.9017632834806764
1,paired_p3_syn,within_family,serine_protease,0.87825656699019
1,paired_p3_syn,within_family,serotonin_receptor,0.8816722772875016
1,paired_p3_syn,within_family,steap_metalloreductase,0.846225331590453
1,paired_p3_syn,within_family,sulfotransferase,0.932604809654346
1,paired_p3_syn,within_family,taste2_receptor,0.7743753152214227
1,paired_p3_syn,within_family,udp_glucuronosyltransferase,0.8473121204404628
1,paired_p3_missense,within_family,adam_metallopeptidase,0.9350800107152036
1,paired_p3_missense,within_family,adamts_metallopeptidase,0.9430709980964864
1,paired_p3_missense,within_family,adrenoceptor,0.9296219160283988
1,paired_p3_missense,within_family,alcohol_dehydrogenase,0.9216681714007916
1,paired_p3_missense,within_family,aldehyde_dehydrogenase,0.9353756757322934
1,paired_p3_missense,within_family,aldo_keto_reductase,0.9404245280528084
1,paired_p3_missense,within_family,alkaline_phosphatase,0.913302641630815
1,paired_p3_missense,within_family,arachidonate_lipoxygenase,0.9593952205508836
1,paired_p3_missense,within_family,arf_gtpase,0.9021857572581772
1,paired_p3_missense,within_family,carbonic_anhydrase,0.8842727966300015
1,paired_p3_missense,within_family,cxc_chemokine_receptor,0.9154188778813586
1,paired_p3_missense,within_family,cytochrome_p450,0.919205521778614
1,paired_p3_missense,within_family,dopamine_receptor,0.8931010868992948
1,paired_p3_missense,within_family,ectonucleotide_pyrophosphatase,0.908676999967602
1,paired_p3_missense,within_family,ferritin,0.8586559956357677
1,paired_p3_missense,within_family,flavin_monooxygenase,0.8378384659780412
1,paired_p3_missense,within_family,globins,0.9638706229476968
1,paired_p3_missense,within_family,glutamate_metabotropic,0.93298184733715
1,paired_p3_missense,within_family,glutaredoxin,0.9416669661900944
1,paired_p3_missense,within_family,glutathione_peroxidase,0.8745502398490587
1,paired_p3_missense,within_family,glutathione_s_transferase,0.8909056342638904
1,paired_p3_missense,within_family,guanylate_binding_protein,0.917391304347826
1,paired_p3_missense,within_family,heme_oxygenase,0.9530582624922248
1,paired_p3_missense,within_family,histamine_receptor,0.9039471042997116
1,paired_p3_missense,within_family,histone_deacetylase_classI,0.947148899839286
1,paired_p3_missense,within_family,histone_h4,0.954100971492276
1,paired_p3_missense,within_family,hox,0.8634381307152648
1,paired_p3_missense,within_family,m14_carboxypeptidase,0.9179641237560467
1,paired_p3_missense,within_family,matrix_metalloproteinase,0.924218214539634
1,paired_p3_missense,within_family,metallothionein,0.9178435152464076
1,paired_p3_missense,within_family,muscarinic_receptor,0.8288588029329509
1,paired_p3_missense,within_family,nadph_oxidase,0.8851092721828621
1,paired_p3_missense,within_family,nitric_oxide_synthase,0.9417553709085782
1,paired_p3_missense,within_family,olfactory_receptors,0.7876621367178158
1,paired_p3_missense,within_family,opsins,0.9004342448038761
1,paired_p3_missense,within_family,p2y_receptor,0.8172554044886196
1,paired_p3_missense,within_family,peroxidase,0.9355819512213984
1,paired_p3_missense,within_family,peroxiredoxin,0.9294392803265228
1,paired_p3_missense,within_family,phosphodiesterase,0.9346735396589768
1,paired_p3_missense,within_family,rab_gtpase,0.9031126308113048
1,paired_p3_missense,within_family,ras_gtpases,0.9004510890113623
1,paired_p3_missense,within_family,rho_gtpase,0.8708253160963197
1,paired_p3_missense,within_family,serine_protease,0.8909554886579596
1,paired_p3_missense,within_family,serotonin_receptor,0.8585129599239563
1,paired_p3_missense,within_family,steap_metalloreductase,0.8646786194533137
1,paired_p3_missense,within_family,sulfotransferase,0.9421469391401648
1,paired_p3_missense,within_family,taste2_receptor,0.7629369928611691
1,paired_p3_missense,within_family,udp_glucuronosyltransferase,0.8430039508916514
2,natural,within_family,adam_metallopeptidase,1.0
2,natural,within_family,adamts_metallopeptidase,1.0
2,natural,within_family,adrenoceptor,1.0
2,natural,within_family,alcohol_dehydrogenase,1.0
2,natural,within_family,aldehyde_dehydrogenase,1.0
2,natural,within_family,aldo_keto_reductase,1.0
2,natural,within_family,alkaline_phosphatase,1.0
2,natural,within_family,arachidonate_lipoxygenase,1.0
2,natural,within_family,arf_gtpase,1.0
2,natural,within_family,carbonic_anhydrase,1.0
2,natural,within_family,cxc_chemokine_receptor,1.0
2,natural,within_family,cytochrome_p450,1.0
2,natural,within_family,dopamine_receptor,1.0
2,natural,within_family,ectonucleotide_pyrophosphatase,1.0
2,natural,within_family,ferritin,1.0
2,natural,within_family,flavin_monooxygenase,1.0
2,natural,within_family,globins,1.0
2,natural,within_family,glutamate_metabotropic,1.0
2,natural,within_family,glutaredoxin,1.0
2,natural,within_family,glutathione_peroxidase,1.0
2,natural,within_family,glutathione_s_transferase,1.0
2,natural,within_family,guanylate_binding_protein,1.0
2,natural,within_family,heme_oxygenase,1.0
2,natural,within_family,histamine_receptor,1.0
2,natural,within_family,histone_deacetylase_classI,1.0
2,natural,within_family,histone_h4,1.0
2,natural,within_family,hox,1.0
2,natural,within_family,m14_carboxypeptidase,1.0
2,natural,within_family,matrix_metalloproteinase,1.0
2,natural,within_family,metallothionein,1.0
2,natural,within_family,muscarinic_receptor,1.0
2,natural,within_family,nadph_oxidase,1.0
2,natural,within_family,nitric_oxide_synthase,1.0
2,natural,within_family,olfactory_receptors,1.0
2,natural,within_family,opsins,1.0
2,natural,within_family,p2y_receptor,1.0
2,natural,within_family,peroxidase,1.0
2,natural,within_family,peroxiredoxin,1.0
2,natural,within_family,phosphodiesterase,1.0
2,natural,within_family,rab_gtpase,1.0
2,natural,within_family,ras_gtpases,1.0
2,natural,within_family,rho_gtpase,1.0
2,natural,within_family,serine_protease,1.0
2,natural,within_family,serotonin_receptor,1.0
2,natural,within_family,steap_metalloreductase,1.0
2,natural,within_family,sulfotransferase,1.0
2,natural,within_family,taste2_receptor,1.0
2,natural,within_family,udp_glucuronosyltransferase,1.0
2,gc_match,within_family,adam_metallopeptidase,0.807251673265025
2,gc_match,within_family,adamts_metallopeptidase,0.8560648822723245
2,gc_match,within_family,adrenoceptor,0.4930791860180243
2,gc_match,within_family,alcohol_dehydrogenase,0.8408986735189943
2,gc_match,within_family,aldehyde_dehydrogenase,0.8293064247771208
2,gc_match,within_family,aldo_keto_reductase,0.7182050144154951
2,gc_match,within_family,alkaline_phosphatase,0.811956361491965
2,gc_match,within_family,arachidonate_lipoxygenase,0.7946290624694505
2,gc_match,within_family,arf_gtpase,0.5580632151080813
2,gc_match,within_family,carbonic_anhydrase,0.599350527103706
2,gc_match,within_family,cxc_chemokine_receptor,0.6776901996383948
2,gc_match,within_family,cytochrome_p450,0.702779140632607
2,gc_match,within_family,dopamine_receptor,0.4820630397059735
2,gc_match,within_family,ectonucleotide_pyrophosphatase,0.7472354632735501
2,gc_match,within_family,ferritin,0.6457329967560146
2,gc_match,within_family,flavin_monooxygenase,0.6902696984989443
2,gc_match,within_family,globins,0.6739580240337157
2,gc_match,within_family,glutamate_metabotropic,0.5798096982386707
2,gc_match,within_family,glutaredoxin,0.688081582525522
2,gc_match,within_family,glutathione_peroxidase,0.4583783964276639
2,gc_match,within_family,glutathione_s_transferase,0.5558998060460956
2,gc_match,within_family,guanylate_binding_protein,0.6997364953886692
2,gc_match,within_family,heme_oxygenase,0.6826352892390628
2,gc_match,within_family,histamine_receptor,0.5641464522752624
2,gc_match,within_family,histone_deacetylase_classI,0.8498243741199639
2,gc_match,within_family,histone_h4,0.416547220895047
2,gc_match,within_family,hox,0.4108771473465505
2,gc_match,within_family,m14_carboxypeptidase,0.7285976574348715
2,gc_match,within_family,matrix_metalloproteinase,0.7208580804851616
2,gc_match,within_family,metallothionein,0.5048664434426533
2,gc_match,within_family,muscarinic_receptor,0.4790290873048875
2,gc_match,within_family,nadph_oxidase,0.8435887424895195
2,gc_match,within_family,nitric_oxide_synthase,0.5458207683341608
2,gc_match,within_family,olfactory_receptors,0.2536438913015219
2,gc_match,within_family,opsins,0.6577386431148489
2,gc_match,within_family,p2y_receptor,0.4076060802063418
2,gc_match,within_family,peroxidase,0.8581282517007379
2,gc_match,within_family,peroxiredoxin,0.7527215802912453
2,gc_match,within_family,phosphodiesterase,0.8145356146857512
2,gc_match,within_family,rab_gtpase,0.6277430378262812
2,gc_match,within_family,ras_gtpases,0.4758946567128097
2,gc_match,within_family,rho_gtpase,0.4993512694041001
2,gc_match,within_family,serine_protease,0.6140299364502761
2,gc_match,within_family,serotonin_receptor,0.4393498468555654
2,gc_match,within_family,steap_metalloreductase,0.6206748748151162
2,gc_match,within_family,sulfotransferase,0.6692725107546122
2,gc_match,within_family,taste2_receptor,0.2327615681485201
2,gc_match,within_family,udp_glucuronosyltransferase,0.829572848423116
2,dinuc_shuffle,within_family,adam_metallopeptidase,0.7936341253735603
2,dinuc_shuffle,within_family,adamts_metallopeptidase,0.8829938450512711
2,dinuc_shuffle,within_family,adrenoceptor,0.6647647624101592
2,dinuc_shuffle,within_family,alcohol_dehydrogenase,0.7736231682755745
2,dinuc_shuffle,within_family,aldehyde_dehydrogenase,0.8638988130317719
2,dinuc_shuffle,within_family,aldo_keto_reductase,0.8726840543868327
2,dinuc_shuffle,within_family,alkaline_phosphatase,0.9047451516491762
2,dinuc_shuffle,within_family,arachidonate_lipoxygenase,0.8318640890266648
2,dinuc_shuffle,within_family,arf_gtpase,0.6588577293089404
2,dinuc_shuffle,within_family,carbonic_anhydrase,0.6405773370348078
2,dinuc_shuffle,within_family,cxc_chemokine_receptor,0.7712413820614384
2,dinuc_shuffle,within_family,cytochrome_p450,0.7793672684132638
2,dinuc_shuffle,within_family,dopamine_receptor,0.6509693415573122
2,dinuc_shuffle,within_family,ectonucleotide_pyrophosphatase,0.7914102596926905
2,dinuc_shuffle,within_family,ferritin,0.712102943944376
2,dinuc_shuffle,within_family,flavin_monooxygenase,0.704436931266353
2,dinuc_shuffle,within_family,globins,0.8161032806443189
2,dinuc_shuffle,within_family,glutamate_metabotropic,0.6630362891178658
2,dinuc_shuffle,within_family,glutaredoxin,0.7492708088840435
2,dinuc_shuffle,within_family,glutathione_peroxidase,0.6077069897812176
2,dinuc_shuffle,within_family,glutathione_s_transferase,0.5769023837040521
2,dinuc_shuffle,within_family,guanylate_binding_protein,0.7189064558629775
2,dinuc_shuffle,within_family,heme_oxygenase,0.7221749948165042
2,dinuc_shuffle,within_family,histamine_receptor,0.6791824845501002
2,dinuc_shuffle,within_family,histone_deacetylase_classI,0.8833150777267353
2,dinuc_shuffle,within_family,histone_h4,0.6748208313425704
2,dinuc_shuffle,within_family,hox,0.5813072590585464
2,dinuc_shuffle,within_family,m14_carboxypeptidase,0.7842288974855123
2,dinuc_shuffle,within_family,matrix_metalloproteinase,0.7670995963932182
2,dinuc_shuffle,within_family,metallothionein,0.5889846909646563
2,dinuc_shuffle,within_family,muscarinic_receptor,0.6577806423274937
2,dinuc_shuffle,within_family,nadph_oxidase,0.8535324727523194
2,dinuc_shuffle,within_family,nitric_oxide_synthase,0.7409617753304443
2,dinuc_shuffle,within_family,olfactory_receptors,0.4078007632509733
2,dinuc_shuffle,within_family,opsins,0.744709931824893
2,dinuc_shuffle,within_family,p2y_receptor,0.5690037914313562
2,dinuc_shuffle,within_family,peroxidase,0.8846916579873418
2,dinuc_shuffle,within_family,peroxiredoxin,0.7429418470989038
2,dinuc_shuffle,within_family,phosphodiesterase,0.8271764963956137
2,dinuc_shuffle,within_family,rab_gtpase,0.6915655359152325
2,dinuc_shuffle,within_family,ras_gtpases,0.5591337732619313
2,dinuc_shuffle,within_family,rho_gtpase,0.5990262366762114
2,dinuc_shuffle,within_family,serine_protease,0.6985218446654374
2,dinuc_shuffle,within_family,serotonin_receptor,0.6199592709386046
2,dinuc_shuffle,within_family,steap_metalloreductase,0.669621990972944
2,dinuc_shuffle,within_family,sulfotransferase,0.6903826315693092
2,dinuc_shuffle,within_family,taste2_receptor,0.3841956214120126
2,dinuc_shuffle,within_family,udp_glucuronosyltransferase,0.9032834070267224
2,kmer4_shuffle,within_family,adam_metallopeptidase,0.8364780207830983
2,kmer4_shuffle,within_family,adamts_metallopeptidase,0.8724863250853866
2,kmer4_shuffle,within_family,adrenoceptor,0.7417537335163265
2,kmer4_shuffle,within_family,alcohol_dehydrogenase,0.7757274810750746
2,kmer4_shuffle,within_family,aldehyde_dehydrogenase,0.8632786834378687
2,kmer4_shuffle,within_family,aldo_keto_reductase,0.8329130414113621
2,kmer4_shuffle,within_family,alkaline_phosphatase,0.9198966668006916
2,kmer4_shuffle,within_family,arachidonate_lipoxygenase,0.8556199831291275
2,kmer4_shuffle,within_family,arf_gtpase,0.7041208357294318
2,kmer4_shuffle,within_family,carbonic_anhydrase,0.6733325460743734
2,kmer4_shuffle,within_family,cxc_chemokine_receptor,0.7920622443407073
2,kmer4_shuffle,within_family,cytochrome_p450,0.8075002429441844
2,kmer4_shuffle,within_family,dopamine_receptor,0.6089180751962487
2,kmer4_shuffle,within_family,ectonucleotide_pyrophosphatase,0.809594967137785
2,kmer4_shuffle,within_family,ferritin,0.7614449372993897
2,kmer4_shuffle,within_family,flavin_monooxygenase,0.7830358515547029
2,kmer4_shuffle,within_family,globins,0.775929395481755
2,kmer4_shuffle,within_family,glutamate_metabotropic,0.7242848326420906
2,kmer4_shuffle,within_family,glutaredoxin,0.7813959255337976
2,kmer4_shuffle,within_family,glutathione_peroxidase,0.636699890288541
2,kmer4_shuffle,within_family,glutathione_s_transferase,0.610070924538596
2,kmer4_shuffle,within_family,guanylate_binding_protein,0.823254281949934
2,kmer4_shuffle,within_family,heme_oxygenase,0.8987041260626166
2,kmer4_shuffle,within_family,histamine_receptor,0.705469965143893
2,kmer4_shuffle,within_family,histone_deacetylase_classI,0.8698437837685076
2,kmer4_shuffle,within_family,histone_h4,0.6220417263895526
2,kmer4_shuffle,within_family,hox,0.6496378685635137
2,kmer4_shuffle,within_family,m14_carboxypeptidase,0.7826543423303364
2,kmer4_shuffle,within_family,matrix_metalloproteinase,0.787301573743943
2,kmer4_shuffle,within_family,metallothionein,0.6581410494750579
2,kmer4_shuffle,within_family,muscarinic_receptor,0.6758398654759099
2,kmer4_shuffle,within_family,nadph_oxidase,0.9086517807382732
2,kmer4_shuffle,within_family,nitric_oxide_synthase,0.7444471356535866
2,kmer4_shuffle,within_family,olfactory_receptors,0.477255022102719
2,kmer4_shuffle,within_family,opsins,0.7544164982224028
2,kmer4_shuffle,within_family,p2y_receptor,0.6793217409133755
2,kmer4_shuffle,within_family,peroxidase,0.8854846713103667
2,kmer4_shuffle,within_family,peroxiredoxin,0.8444117111140347
2,kmer4_shuffle,within_family,phosphodiesterase,0.8597697221789488
2,kmer4_shuffle,within_family,rab_gtpase,0.7252216464540006
2,kmer4_shuffle,within_family,ras_gtpases,0.6303662463609639
2,kmer4_shuffle,within_family,rho_gtpase,0.6848039755983039
2,kmer4_shuffle,within_family,serine_protease,0.7586026843259873
2,kmer4_shuffle,within_family,serotonin_receptor,0.6275101564719788
2,kmer4_shuffle,within_family,steap_metalloreductase,0.7458065845526124
2,kmer4_shuffle,within_family,sulfotransferase,0.7503183944445632
2,kmer4_shuffle,within_family,taste2_receptor,0.4158316300945872
2,kmer4_shuffle,within_family,udp_glucuronosyltransferase,0.9276473674869395
2,kmer6_shuffle,within_family,adam_metallopeptidase,0.8068797533506057
2,kmer6_shuffle,within_family,adamts_metallopeptidase,0.8845609034637748
2,kmer6_shuffle,within_family,adrenoceptor,0.7348079282952498
2,kmer6_shuffle,within_family,alcohol_dehydrogenase,0.8278977706785192
2,kmer6_shuffle,within_family,aldehyde_dehydrogenase,0.8806060333781277
2,kmer6_shuffle,within_family,aldo_keto_reductase,0.8664277979126248
2,kmer6_shuffle,within_family,alkaline_phosphatase,0.8994511680270193
2,kmer6_shuffle,within_family,arachidonate_lipoxygenase,0.855316312073442
2,kmer6_shuffle,within_family,arf_gtpase,0.7176896136194563
2,kmer6_shuffle,within_family,carbonic_anhydrase,0.6917380410724904
2,kmer6_shuffle,within_family,cxc_chemokine_receptor,0.8755454566468289
2,kmer6_shuffle,within_family,cytochrome_p450,0.8055533514796338
2,kmer6_shuffle,within_family,dopamine_receptor,0.683981835532001
2,kmer6_shuffle,within_family,ectonucleotide_pyrophosphatase,0.8308066426235754
2,kmer6_shuffle,within_family,ferritin,0.8297179453887196
2,kmer6_shuffle,within_family,flavin_monooxygenase,0.7419722003616307
2,kmer6_shuffle,within_family,globins,0.8286522962071889
2,kmer6_shuffle,within_family,glutamate_metabotropic,0.7265388109816528
2,kmer6_shuffle,within_family,glutaredoxin,0.7658435590607889
2,kmer6_shuffle,within_family,glutathione_peroxidase,0.5984380704038236
2,kmer6_shuffle,within_family,glutathione_s_transferase,0.6444914991146383
2,kmer6_shuffle,within_family,guanylate_binding_protein,0.8666666666666666
2,kmer6_shuffle,within_family,heme_oxygenase,0.8774621604810284
2,kmer6_shuffle,within_family,histamine_receptor,0.6802691565882247
2,kmer6_shuffle,within_family,histone_deacetylase_classI,0.8878809821006376
2,kmer6_shuffle,within_family,histone_h4,0.6574295269947444
2,kmer6_shuffle,within_family,hox,0.6393350268895955
2,kmer6_shuffle,within_family,m14_carboxypeptidase,0.7949283413255676
2,kmer6_shuffle,within_family,matrix_metalloproteinase,0.8207538150337629
2,kmer6_shuffle,within_family,metallothionein,0.6394290495867933
2,kmer6_shuffle,within_family,muscarinic_receptor,0.6679926076885132
2,kmer6_shuffle,within_family,nadph_oxidase,0.8846492881815305
2,kmer6_shuffle,within_family,nitric_oxide_synthase,0.7151176813810628
2,kmer6_shuffle,within_family,olfactory_receptors,0.5289762508847886
2,kmer6_shuffle,within_family,opsins,0.7428162845192356
2,kmer6_shuffle,within_family,p2y_receptor,0.656581749830748
2,kmer6_shuffle,within_family,peroxidase,0.8909424859293311
2,kmer6_shuffle,within_family,peroxiredoxin,0.7969826808601528
2,kmer6_shuffle,within_family,phosphodiesterase,0.8437551728436291
2,kmer6_shuffle,within_family,rab_gtpase,0.7147554788950967
2,kmer6_shuffle,within_family,ras_gtpases,0.673949725165123
2,kmer6_shuffle,within_family,rho_gtpase,0.6697837817763009
2,kmer6_shuffle,within_family,serine_protease,0.7440731357773506
2,kmer6_shuffle,within_family,serotonin_receptor,0.6296048886846555
2,kmer6_shuffle,within_family,steap_metalloreductase,0.7241134279439309
2,kmer6_shuffle,within_family,sulfotransferase,0.7047462227884299
2,kmer6_shuffle,within_family,taste2_receptor,0.4839768073457359
2,kmer6_shuffle,within_family,udp_glucuronosyltransferase,0.8809788102568852
2,synonymous_recode,within_family,adam_metallopeptidase,0.8783189561176546
2,synonymous_recode,within_family,adamts_metallopeptidase,0.8831183948727783
2,synonymous_recode,within_family,adrenoceptor,0.7503374064037254
2,synonymous_recode,within_family,alcohol_dehydrogenase,0.9363775262170982
2,synonymous_recode,within_family,aldehyde_dehydrogenase,0.8607204152429081
2,synonymous_recode,within_family,aldo_keto_reductase,0.8748301421167348
2,synonymous_recode,within_family,alkaline_phosphatase,0.8683942476512135
2,synonymous_recode,within_family,arachidonate_lipoxygenase,0.827190859775956
2,synonymous_recode,within_family,arf_gtpase,0.7340798879046441
2,synonymous_recode,within_family,carbonic_anhydrase,0.7752138713265737
2,synonymous_recode,within_family,cxc_chemokine_receptor,0.6291334155578496
2,synonymous_recode,within_family,cytochrome_p450,0.8016386286198817
2,synonymous_recode,within_family,dopamine_receptor,0.5100534868142572
2,synonymous_recode,within_family,ectonucleotide_pyrophosphatase,0.842277053969322
2,synonymous_recode,within_family,ferritin,0.8031463034369334
2,synonymous_recode,within_family,flavin_monooxygenase,0.7458374368277596
2,synonymous_recode,within_family,globins,0.8581675091935909
2,synonymous_recode,within_family,glutamate_metabotropic,0.7685349287090096
2,synonymous_recode,within_family,glutaredoxin,0.8440624176644658
2,synonymous_recode,within_family,glutathione_peroxidase,0.6713932684618849
2,synonymous_recode,within_family,glutathione_s_transferase,0.6887257112021373
2,synonymous_recode,within_family,guanylate_binding_protein,0.9135046113306984
2,synonymous_recode,within_family,heme_oxygenase,0.8493572465270578
2,synonymous_recode,within_family,histamine_receptor,0.7144818077292366
2,synonymous_recode,within_family,histone_deacetylase_classI,0.9336805395554773
2,synonymous_recode,within_family,histone_h4,-0.0162446249402771
2,synonymous_recode,within_family,hox,0.6127684136961433
2,synonymous_recode,within_family,m14_carboxypeptidase,0.8180476042189088
2,synonymous_recode,within_family,matrix_metalloproteinase,0.8030633698667093
2,synonymous_recode,within_family,metallothionein,0.767868244327001
2,synonymous_recode,within_family,muscarinic_receptor,0.5534027498649575
2,synonymous_recode,within_family,nadph_oxidase,0.7999182498023116
2,synonymous_recode,within_family,nitric_oxide_synthase,0.707994178640407
2,synonymous_recode,within_family,olfactory_receptors,0.2590988161990184
2,synonymous_recode,within_family,opsins,0.8365051992276369
2,synonymous_recode,within_family,p2y_receptor,0.5795295989001115
2,synonymous_recode,within_family,peroxidase,0.8694603340018727
2,synonymous_recode,within_family,peroxiredoxin,0.8704594598729323
2,synonymous_recode,within_family,phosphodiesterase,0.8855822485516893
2,synonymous_recode,within_family,rab_gtpase,0.7717849598133962
2,synonymous_recode,within_family,ras_gtpases,0.6426007595903336
2,synonymous_recode,within_family,rho_gtpase,0.679058853571731
2,synonymous_recode,within_family,serine_protease,0.7112650213563663
2,synonymous_recode,within_family,serotonin_receptor,0.5307207798070894
2,synonymous_recode,within_family,steap_metalloreductase,0.6858688408296953
2,synonymous_recode,within_family,sulfotransferase,0.8187829840922145
2,synonymous_recode,within_family,taste2_receptor,0.4682974526175015
2,synonymous_recode,within_family,udp_glucuronosyltransferase,0.8554614132154239
2,missense_subset,within_family,adam_metallopeptidase,0.9155515709485194
2,missense_subset,within_family,adamts_metallopeptidase,0.9498626390642078
2,missense_subset,within_family,adrenoceptor,0.9219678885603544
2,missense_subset,within_family,alcohol_dehydrogenase,0.9380651434127368
2,missense_subset,within_family,aldehyde_dehydrogenase,0.9334158254163722
2,missense_subset,within_family,aldo_keto_reductase,0.9482007407246316
2,missense_subset,within_family,alkaline_phosphatase,0.9576246766649242
2,missense_subset,within_family,arachidonate_lipoxygenase,0.9584946215741632
2,missense_subset,within_family,arf_gtpase,0.8753780964659124
2,missense_subset,within_family,carbonic_anhydrase,0.8243784345073074
2,missense_subset,within_family,cxc_chemokine_receptor,0.8923177334581561
2,missense_subset,within_family,cytochrome_p450,0.9006880244713998
2,missense_subset,within_family,dopamine_receptor,0.7990051645105891
2,missense_subset,within_family,ectonucleotide_pyrophosphatase,0.9134338030633984
2,missense_subset,within_family,ferritin,0.8783600612361365
2,missense_subset,within_family,flavin_monooxygenase,0.8390330265014683
2,missense_subset,within_family,globins,0.9580866587516604
2,missense_subset,within_family,glutamate_metabotropic,0.924188193880346
2,missense_subset,within_family,glutaredoxin,0.937758786918914
2,missense_subset,within_family,glutathione_peroxidase,0.821488431607454
2,missense_subset,within_family,glutathione_s_transferase,0.7678629182612642
2,missense_subset,within_family,guanylate_binding_protein,0.9057971014492752
2,missense_subset,within_family,heme_oxygenase,0.9318577648766329
2,missense_subset,within_family,histamine_receptor,0.866026787971557
2,missense_subset,within_family,histone_deacetylase_classI,0.9567172574540536
2,missense_subset,within_family,histone_h4,0.950023889154324
2,missense_subset,within_family,hox,0.8306378003546482
2,missense_subset,within_family,m14_carboxypeptidase,0.9138245271772898
2,missense_subset,within_family,matrix_metalloproteinase,0.919055698527532
2,missense_subset,within_family,metallothionein,0.8530687549421234
2,missense_subset,within_family,muscarinic_receptor,0.7367417538031713
2,missense_subset,within_family,nadph_oxidase,0.9151874392530868
2,missense_subset,within_family,nitric_oxide_synthase,0.9429155767658092
2,missense_subset,within_family,olfactory_receptors,0.6027169538351823
2,missense_subset,within_family,opsins,0.915728990235796
2,missense_subset,within_family,p2y_receptor,0.7880370108835603
2,missense_subset,within_family,peroxidase,0.9406253624331428
2,missense_subset,within_family,peroxiredoxin,0.9351330321166376
2,missense_subset,within_family,phosphodiesterase,0.9482224577312202
2,missense_subset,within_family,rab_gtpase,0.8742372490067412
2,missense_subset,within_family,ras_gtpases,0.8430698582264052
2,missense_subset,within_family,rho_gtpase,0.8167378674953282
2,missense_subset,within_family,serine_protease,0.868852007435222
2,missense_subset,within_family,serotonin_receptor,0.7247196473236296
2,missense_subset,within_family,steap_metalloreductase,0.8489348316943794
2,missense_subset,within_family,sulfotransferase,0.925231148537922
2,missense_subset,within_family,taste2_receptor,0.5460049356425246
2,missense_subset,within_family,udp_glucuronosyltransferase,0.925277411239978
2,paired_p3_syn,within_family,adam_metallopeptidase,0.9497871429239514
2,paired_p3_syn,within_family,adamts_metallopeptidase,0.949044047861238
2,paired_p3_syn,within_family,adrenoceptor,0.9456064934513748
2,paired_p3_syn,within_family,alcohol_dehydrogenase,0.962546010139593
2,paired_p3_syn,within_family,aldehyde_dehydrogenase,0.9446755916441044
2,paired_p3_syn,within_family,aldo_keto_reductase,0.9444380009365744
2,paired_p3_syn,within_family,alkaline_phosphatase,0.9630995939045474
2,paired_p3_syn,within_family,arachidonate_lipoxygenase,0.9527709852740008
2,paired_p3_syn,within_family,arf_gtpase,0.9257794392346526
2,paired_p3_syn,within_family,carbonic_anhydrase,0.9026888776993048
2,paired_p3_syn,within_family,cxc_chemokine_receptor,0.9337948024908492
2,paired_p3_syn,within_family,cytochrome_p450,0.932632316199724
2,paired_p3_syn,within_family,dopamine_receptor,0.8279560437794128
2,paired_p3_syn,within_family,ectonucleotide_pyrophosphatase,0.9304275169918844
2,paired_p3_syn,within_family,ferritin,0.8650714471918843
2,paired_p3_syn,within_family,flavin_monooxygenase,0.8775480056677429
2,paired_p3_syn,within_family,globins,0.9490620619704304
2,paired_p3_syn,within_family,glutamate_metabotropic,0.930736444122326
2,paired_p3_syn,within_family,glutaredoxin,0.9304541885580996
2,paired_p3_syn,within_family,glutathione_peroxidase,0.8375065355696182
2,paired_p3_syn,within_family,glutathione_s_transferase,0.8311302649067712
2,paired_p3_syn,within_family,guanylate_binding_protein,0.942687747035573
2,paired_p3_syn,within_family,heme_oxygenase,0.970930955836616
2,paired_p3_syn,within_family,histamine_receptor,0.9194928627210616
2,paired_p3_syn,within_family,histone_deacetylase_classI,0.9757959209522572
2,paired_p3_syn,within_family,histone_h4,0.920066889632107
2,paired_p3_syn,within_family,hox,0.9372140809655064
2,paired_p3_syn,within_family,m14_carboxypeptidase,0.9274450911973792
2,paired_p3_syn,within_family,matrix_metalloproteinase,0.9386903510641066
2,paired_p3_syn,within_family,metallothionein,0.8977641363916777
2,paired_p3_syn,within_family,muscarinic_receptor,0.7933377123625747
2,paired_p3_syn,within_family,nadph_oxidase,0.9484432869584362
2,paired_p3_syn,within_family,nitric_oxide_synthase,0.9241423455871782
2,paired_p3_syn,within_family,olfactory_receptors,0.7346797185692959
2,paired_p3_syn,within_family,opsins,0.9462812452034134
2,paired_p3_syn,within_family,p2y_receptor,0.7961213165211815
2,paired_p3_syn,within_family,peroxidase,0.9473107918118258
2,paired_p3_syn,within_family,peroxiredoxin,0.9403241272927724
2,paired_p3_syn,within_family,phosphodiesterase,0.9593284596696696
2,paired_p3_syn,within_family,rab_gtpase,0.9306545143607492
2,paired_p3_syn,within_family,ras_gtpases,0.916472687732378
2,paired_p3_syn,within_family,rho_gtpase,0.907173275061402
2,paired_p3_syn,within_family,serine_protease,0.8741046752221814
2,paired_p3_syn,within_family,serotonin_receptor,0.8753370472877648
2,paired_p3_syn,within_family,steap_metalloreductase,0.903852649210695
2,paired_p3_syn,within_family,sulfotransferase,0.9078215459488476
2,paired_p3_syn,within_family,taste2_receptor,0.7201756798318594
2,paired_p3_syn,within_family,udp_glucuronosyltransferase,0.9451150157032512
2,paired_p3_missense,within_family,adam_metallopeptidase,0.9380308202187602
2,paired_p3_missense,within_family,adamts_metallopeptidase,0.9551279221931864
2,paired_p3_missense,within_family,adrenoceptor,0.9326097638059764
2,paired_p3_missense,within_family,alcohol_dehydrogenase,0.9393013403708592
2,paired_p3_missense,within_family,aldehyde_dehydrogenase,0.947628268520602
2,paired_p3_missense,within_family,aldo_keto_reductase,0.9423693010926162
2,paired_p3_missense,within_family,alkaline_phosphatase,0.9603956415101924
2,paired_p3_missense,within_family,arachidonate_lipoxygenase,0.9578071233375228
2,paired_p3_missense,within_family,arf_gtpase,0.9077087059119232
2,paired_p3_missense,within_family,carbonic_anhydrase,0.8923314421111908
2,paired_p3_missense,within_family,cxc_chemokine_receptor,0.9096696099863256
2,paired_p3_missense,within_family,cytochrome_p450,0.9300739592530466
2,paired_p3_missense,within_family,dopamine_receptor,0.8411617876575355
2,paired_p3_missense,within_family,ectonucleotide_pyrophosphatase,0.93567668891728
2,paired_p3_missense,within_family,ferritin,0.8787363454185122
2,paired_p3_missense,within_family,flavin_monooxygenase,0.8826019344423365
2,paired_p3_missense,within_family,globins,0.9470833915166632
2,paired_p3_missense,within_family,glutamate_metabotropic,0.9284600418064948
2,paired_p3_missense,within_family,glutaredoxin,0.9311420652586682
2,paired_p3_missense,within_family,glutathione_peroxidase,0.8244839134545331
2,paired_p3_missense,within_family,glutathione_s_transferase,0.8641525163258322
2,paired_p3_missense,within_family,guanylate_binding_protein,0.9480237154150196
2,paired_p3_missense,within_family,heme_oxygenase,0.9675824175824176
2,paired_p3_missense,within_family,histamine_receptor,0.9162601382858432
2,paired_p3_missense,within_family,histone_deacetylase_classI,0.9627660647697848
2,paired_p3_missense,within_family,histone_h4,0.9289377289377292
2,paired_p3_missense,within_family,hox,0.8960616101869923
2,paired_p3_missense,within_family,m14_carboxypeptidase,0.9259487220983164
2,paired_p3_missense,within_family,matrix_metalloproteinase,0.9340033564568604
2,paired_p3_missense,within_family,metallothionein,0.862145798864051
2,paired_p3_missense,within_family,muscarinic_receptor,0.7881682612666729
2,paired_p3_missense,within_family,nadph_oxidase,0.9312431586144309
2,paired_p3_missense,within_family,nitric_oxide_synthase,0.915885387602923
2,paired_p3_missense,within_family,olfactory_receptors,0.7316302173956664
2,paired_p3_missense,within_family,opsins,0.920012610862154
2,paired_p3_missense,within_family,p2y_receptor,0.8219178813224072
2,paired_p3_missense,within_family,peroxidase,0.936503866508394
2,paired_p3_missense,within_family,peroxiredoxin,0.928622835683888
2,paired_p3_missense,within_family,phosphodiesterase,0.9524589458351196
2,paired_p3_missense,within_family,rab_gtpase,0.9088645526564272
2,paired_p3_missense,within_family,ras_gtpases,0.907686151041758
2,paired_p3_missense,within_family,rho_gtpase,0.8884855127999604
2,paired_p3_missense,within_family,serine_protease,0.8949809255078793
2,paired_p3_missense,within_family,serotonin_receptor,0.8302708827490534
2,paired_p3_missense,within_family,steap_metalloreductase,0.8913219507259137
2,paired_p3_missense,within_family,sulfotransferase,0.9256410582285538
2,paired_p3_missense,within_family,taste2_receptor,0.6935502696804198
2,paired_p3_missense,within_family,udp_glucuronosyltransferase,0.9420650353805436
3,natural,within_family,adam_metallopeptidase,1.0
3,natural,within_family,adamts_metallopeptidase,1.0
3,natural,within_family,adrenoceptor,1.0
3,natural,within_family,alcohol_dehydrogenase,1.0
3,natural,within_family,aldehyde_dehydrogenase,1.0
3,natural,within_family,aldo_keto_reductase,1.0
3,natural,within_family,alkaline_phosphatase,1.0
3,natural,within_family,arachidonate_lipoxygenase,1.0
3,natural,within_family,arf_gtpase,1.0
3,natural,within_family,carbonic_anhydrase,1.0
3,natural,within_family,cxc_chemokine_receptor,1.0
3,natural,within_family,cytochrome_p450,1.0
3,natural,within_family,dopamine_receptor,1.0
3,natural,within_family,ectonucleotide_pyrophosphatase,1.0
3,natural,within_family,ferritin,1.0
3,natural,within_family,flavin_monooxygenase,1.0
3,natural,within_family,globins,1.0
3,natural,within_family,glutamate_metabotropic,1.0
3,natural,within_family,glutaredoxin,1.0
3,natural,within_family,glutathione_peroxidase,1.0
3,natural,within_family,glutathione_s_transferase,1.0
3,natural,within_family,guanylate_binding_protein,1.0
3,natural,within_family,heme_oxygenase,1.0
3,natural,within_family,histamine_receptor,1.0
3,natural,within_family,histone_deacetylase_classI,1.0
3,natural,within_family,histone_h4,1.0
3,natural,within_family,hox,1.0
3,natural,within_family,m14_carboxypeptidase,1.0
3,natural,within_family,matrix_metalloproteinase,1.0
3,natural,within_family,metallothionein,1.0
3,natural,within_family,muscarinic_receptor,1.0
3,natural,within_family,nadph_oxidase,1.0
3,natural,within_family,nitric_oxide_synthase,1.0
3,natural,within_family,olfactory_receptors,1.0
3,natural,within_family,opsins,1.0
3,natural,within_family,p2y_receptor,1.0
3,natural,within_family,peroxidase,1.0
3,natural,within_family,peroxiredoxin,1.0
3,natural,within_family,phosphodiesterase,1.0
3,natural,within_family,rab_gtpase,1.0
3,natural,within_family,ras_gtpases,1.0
3,natural,within_family,rho_gtpase,1.0
3,natural,within_family,serine_protease,1.0
3,natural,within_family,serotonin_receptor,1.0
3,natural,within_family,steap_metalloreductase,1.0
3,natural,within_family,sulfotransferase,1.0
3,natural,within_family,taste2_receptor,1.0
3,natural,within_family,udp_glucuronosyltransferase,1.0
3,gc_match,within_family,adam_metallopeptidase,0.8265199646956605
3,gc_match,within_family,adamts_metallopeptidase,0.924904052144455
3,gc_match,within_family,adrenoceptor,0.6303428299019064
3,gc_match,within_family,alcohol_dehydrogenase,0.9493228696437253
3,gc_match,within_family,aldehyde_dehydrogenase,0.9404011782049309
3,gc_match,within_family,aldo_keto_reductase,0.9243093089597126
3,gc_match,within_family,alkaline_phosphatase,0.9651937329955906
3,gc_match,within_family,arachidonate_lipoxygenase,0.9312363485169348
3,gc_match,within_family,arf_gtpase,0.7341732682110632
3,gc_match,within_family,carbonic_anhydrase,0.884802893591208
3,gc_match,within_family,cxc_chemokine_receptor,0.7184552911515804
3,gc_match,within_family,cytochrome_p450,0.8578451489988947
3,gc_match,within_family,dopamine_receptor,0.7003195428997289
3,gc_match,within_family,ectonucleotide_pyrophosphatase,0.9168536063525552
3,gc_match,within_family,ferritin,0.5992971029590419
3,gc_match,within_family,flavin_monooxygenase,0.928169406529381
3,gc_match,within_family,globins,0.8322287112532281
3,gc_match,within_family,glutamate_metabotropic,0.7591159193024454
3,gc_match,within_family,glutaredoxin,0.8380562846227763
3,gc_match,within_family,glutathione_peroxidase,0.8024579746162065
3,gc_match,within_family,glutathione_s_transferase,0.7965565946164403
3,gc_match,within_family,guanylate_binding_protein,0.8194993412384717
3,gc_match,within_family,heme_oxygenase,0.9326560232220608
3,gc_match,within_family,histamine_receptor,0.7722451451743894
3,gc_match,within_family,histone_deacetylase_classI,0.939235764608972
3,gc_match,within_family,histone_h4,0.3387482083134257
3,gc_match,within_family,hox,0.6269359104767781
3,gc_match,within_family,m14_carboxypeptidase,0.9180358367260448
3,gc_match,within_family,matrix_metalloproteinase,0.8864744379419918
3,gc_match,within_family,metallothionein,0.7793908455888585
3,gc_match,within_family,muscarinic_receptor,0.3978318463003993
3,gc_match,within_family,nadph_oxidase,0.944555026843815
3,gc_match,within_family,nitric_oxide_synthase,0.6384573862822975
3,gc_match,within_family,olfactory_receptors,0.2214146721385714
3,gc_match,within_family,opsins,0.764087647674527
3,gc_match,within_family,p2y_receptor,0.5087893050164584
3,gc_match,within_family,peroxidase,0.9669373716629556
3,gc_match,within_family,peroxiredoxin,0.886767910172128
3,gc_match,within_family,phosphodiesterase,0.9250467643181206
3,gc_match,within_family,rab_gtpase,0.8238659571272341
3,gc_match,within_family,ras_gtpases,0.7399094182597135
3,gc_match,within_family,rho_gtpase,0.727619921633649
3,gc_match,within_family,serine_protease,0.8188642355342887
3,gc_match,within_family,serotonin_receptor,0.6749957778322904
3,gc_match,within_family,steap_metalloreductase,0.8663750051817827
3,gc_match,within_family,sulfotransferase,0.869785282967941
3,gc_match,within_family,taste2_receptor,0.064379905631526
3,gc_match,within_family,udp_glucuronosyltransferase,0.8994478783248838
3,dinuc_shuffle,within_family,adam_metallopeptidase,0.8577727734755415
3,dinuc_shuffle,within_family,adamts_metallopeptidase,0.9399239344883882
3,dinuc_shuffle,within_family,adrenoceptor,0.7299005574370504
3,dinuc_shuffle,within_family,alcohol_dehydrogenase,0.9301757066462948
3,dinuc_shuffle,within_family,aldehyde_dehydrogenase,0.9373723495040572
3,dinuc_shuffle,within_family,aldo_keto_reductase,0.9431001051425854
3,dinuc_shuffle,within_family,alkaline_phosphatase,0.954723037540375
3,dinuc_shuffle,within_family,arachidonate_lipoxygenase,0.9336708781426842
3,dinuc_shuffle,within_family,arf_gtpase,0.7882177751286951
3,dinuc_shuffle,within_family,carbonic_anhydrase,0.8779620987305444
3,dinuc_shuffle,within_family,cxc_chemokine_receptor,0.8019271726127694
3,dinuc_shuffle,within_family,cytochrome_p450,0.876759027767565
3,dinuc_shuffle,within_family,dopamine_receptor,0.7644931945679364
3,dinuc_shuffle,within_family,ectonucleotide_pyrophosphatase,0.9252408544912188
3,dinuc_shuffle,within_family,ferritin,0.7448603516145949
3,dinuc_shuffle,within_family,flavin_monooxygenase,0.9290422685890128
3,dinuc_shuffle,within_family,globins,0.8653794807070696
3,dinuc_shuffle,within_family,glutamate_metabotropic,0.7738744577865322
3,dinuc_shuffle,within_family,glutaredoxin,0.8387537799194524
3,dinuc_shuffle,within_family,glutathione_peroxidase,0.8390640492978746
3,dinuc_shuffle,within_family,glutathione_s_transferase,0.8104267740054709
3,dinuc_shuffle,within_family,guanylate_binding_protein,0.7974967061923584
3,dinuc_shuffle,within_family,heme_oxygenase,0.9394153016794524
3,dinuc_shuffle,within_family,histamine_receptor,0.8482377051199504
3,dinuc_shuffle,within_family,histone_deacetylase_classI,0.9369365742265304
3,dinuc_shuffle,within_family,histone_h4,0.6641184902054468
3,dinuc_shuffle,within_family,hox,0.6882870871628496
3,dinuc_shuffle,within_family,m14_carboxypeptidase,0.9258059972483804
3,dinuc_shuffle,within_family,matrix_metalloproteinase,0.8869410785488467
3,dinuc_shuffle,within_family,metallothionein,0.8279975750399763
3,dinuc_shuffle,within_family,muscarinic_receptor,0.5595119967695594
3,dinuc_shuffle,within_family,nadph_oxidase,0.9506833494495344
3,dinuc_shuffle,within_family,nitric_oxide_synthase,0.6482530530495793
3,dinuc_shuffle,within_family,olfactory_receptors,0.3986980811586984
3,dinuc_shuffle,within_family,opsins,0.8226922384805295
3,dinuc_shuffle,within_family,p2y_receptor,0.6333306159590127
3,dinuc_shuffle,within_family,peroxidase,0.968164626686635
3,dinuc_shuffle,within_family,peroxiredoxin,0.8825801489915335
3,dinuc_shuffle,within_family,phosphodiesterase,0.9183338859915756
3,dinuc_shuffle,within_family,rab_gtpase,0.8386090248919951
3,dinuc_shuffle,within_family,ras_gtpases,0.76704664528928
3,dinuc_shuffle,within_family,rho_gtpase,0.755967203044456
3,dinuc_shuffle,within_family,serine_protease,0.8493435223553274
3,dinuc_shuffle,within_family,serotonin_receptor,0.7176538168525128
3,dinuc_shuffle,within_family,steap_metalloreductase,0.8804526431717946
3,dinuc_shuffle,within_family,sulfotransferase,0.8818917817892695
3,dinuc_shuffle,within_family,taste2_receptor,0.2476043620323297
3,dinuc_shuffle,within_family,udp_glucuronosyltransferase,0.9164129839263528
3,kmer4_shuffle,within_family,adam_metallopeptidase,0.8916582791291887
3,kmer4_shuffle,within_family,adamts_metallopeptidase,0.9391975244762948
3,kmer4_shuffle,within_family,adrenoceptor,0.759739747400945
3,kmer4_shuffle,within_family,alcohol_dehydrogenase,0.96802555733037
3,kmer4_shuffle,within_family,aldehyde_dehydrogenase,0.9433394070881336
3,kmer4_shuffle,within_family,aldo_keto_reductase,0.9367478474097712
3,kmer4_shuffle,within_family,alkaline_phosphatase,0.9690368970554728
3,kmer4_shuffle,within_family,arachidonate_lipoxygenase,0.9456874627003802
3,kmer4_shuffle,within_family,arf_gtpase,0.8063121848915493
3,kmer4_shuffle,within_family,carbonic_anhydrase,0.88697292810814
3,kmer4_shuffle,within_family,cxc_chemokine_receptor,0.8577371126150882
3,kmer4_shuffle,within_family,cytochrome_p450,0.892621406570185
3,kmer4_shuffle,within_family,dopamine_receptor,0.8624966050498657
3,kmer4_shuffle,within_family,ectonucleotide_pyrophosphatase,0.9289296711029448
3,kmer4_shuffle,within_family,ferritin,0.8104798944371137
3,kmer4_shuffle,within_family,flavin_monooxygenase,0.9299193151720434
3,kmer4_shuffle,within_family,globins,0.8456260970018071
3,kmer4_shuffle,within_family,glutamate_metabotropic,0.8006068197326113
3,kmer4_shuffle,within_family,glutaredoxin,0.9001098974786328
3,kmer4_shuffle,within_family,glutathione_peroxidase,0.8093654806840621
3,kmer4_shuffle,within_family,glutathione_s_transferase,0.8243141948722215
3,kmer4_shuffle,within_family,guanylate_binding_protein,0.8514492753623187
3,kmer4_shuffle,within_family,heme_oxygenase,0.940431266846361
3,kmer4_shuffle,within_family,histamine_receptor,0.8367793503834059
3,kmer4_shuffle,within_family,histone_deacetylase_classI,0.931337553990386
3,kmer4_shuffle,within_family,histone_h4,0.5745660136964486
3,kmer4_shuffle,within_family,hox,0.751508624174264
3,kmer4_shuffle,within_family,m14_carboxypeptidase,0.9207705651328868
3,kmer4_shuffle,within_family,matrix_metalloproteinase,0.8929322053992071
3,kmer4_shuffle,within_family,metallothionein,0.7812377920523612
3,kmer4_shuffle,within_family,muscarinic_receptor,0.7173500647550851
3,kmer4_shuffle,within_family,nadph_oxidase,0.9531658954380672
3,kmer4_shuffle,within_family,nitric_oxide_synthase,0.8070513959752402
3,kmer4_shuffle,within_family,olfactory_receptors,0.4902388535248249
3,kmer4_shuffle,within_family,opsins,0.8172828424259436
3,kmer4_shuffle,within_family,p2y_receptor,0.7444259285769458
3,kmer4_shuffle,within_family,peroxidase,0.9651233629132282
3,kmer4_shuffle,within_family,peroxiredoxin,0.9033758574880988
3,kmer4_shuffle,within_family,phosphodiesterase,0.9301943181442308
3,kmer4_shuffle,within_family,rab_gtpase,0.8471527325477756
3,kmer4_shuffle,within_family,ras_gtpases,0.8092261791957289
3,kmer4_shuffle,within_family,rho_gtpase,0.8102548971297897
3,kmer4_shuffle,within_family,serine_protease,0.8454416714603695
3,kmer4_shuffle,within_family,serotonin_receptor,0.7721456678359628
3,kmer4_shuffle,within_family,steap_metalloreductase,0.8669798581704943
3,kmer4_shuffle,within_family,sulfotransferase,0.8934154297056578
3,kmer4_shuffle,within_family,taste2_receptor,0.4466616915227794
3,kmer4_shuffle,within_family,udp_glucuronosyltransferase,0.9119030256730792
3,kmer6_shuffle,within_family,adam_metallopeptidase,0.8863533917074863
3,kmer6_shuffle,within_family,adamts_metallopeptidase,0.9421368215718224
3,kmer6_shuffle,within_family,adrenoceptor,0.7772369080010311
3,kmer6_shuffle,within_family,alcohol_dehydrogenase,0.9696090006250432
3,kmer6_shuffle,within_family,aldehyde_dehydrogenase,0.935243127804864
3,kmer6_shuffle,within_family,aldo_keto_reductase,0.9553727453501228
3,kmer6_shuffle,within_family,alkaline_phosphatase,0.9419705681315588
3,kmer6_shuffle,within_family,arachidonate_lipoxygenase,0.9330032085346612
3,kmer6_shuffle,within_family,arf_gtpase,0.8191675999684445
3,kmer6_shuffle,within_family,carbonic_anhydrase,0.8918334116044414
3,kmer6_shuffle,within_family,cxc_chemokine_receptor,0.80359677185256
3,kmer6_shuffle,within_family,cytochrome_p450,0.8850708800993113
3,kmer6_shuffle,within_family,dopamine_receptor,0.816606186846083
3,kmer6_shuffle,within_family,ectonucleotide_pyrophosphatase,0.9338402602727116
3,kmer6_shuffle,within_family,ferritin,0.8150407486027108
3,kmer6_shuffle,within_family,flavin_monooxygenase,0.9193978252129296
3,kmer6_shuffle,within_family,globins,0.8767499523819553
3,kmer6_shuffle,within_family,glutamate_metabotropic,0.7745603005685575
3,kmer6_shuffle,within_family,glutaredoxin,0.8703560866700304
3,kmer6_shuffle,within_family,glutathione_peroxidase,0.8101784442932157
3,kmer6_shuffle,within_family,glutathione_s_transferase,0.8122386583994157
3,kmer6_shuffle,within_family,guanylate_binding_protein,0.8557312252964426
3,kmer6_shuffle,within_family,heme_oxygenase,0.9592369894256686
3,kmer6_shuffle,within_family,histamine_receptor,0.8096100751101023
3,kmer6_shuffle,within_family,histone_deacetylase_classI,0.9482109158690818
3,kmer6_shuffle,within_family,histone_h4,0.7156075808249722
3,kmer6_shuffle,within_family,hox,0.7467433904687139
3,kmer6_shuffle,within_family,m14_carboxypeptidase,0.9177474739360336
3,kmer6_shuffle,within_family,matrix_metalloproteinase,0.8912789494787823
3,kmer6_shuffle,within_family,metallothionein,0.7709040416851143
3,kmer6_shuffle,within_family,muscarinic_receptor,0.6959347662296821
3,kmer6_shuffle,within_family,nadph_oxidase,0.9539060093433746
3,kmer6_shuffle,within_family,nitric_oxide_synthase,0.7785452105932418
3,kmer6_shuffle,within_family,olfactory_receptors,0.5662423677353849
3,kmer6_shuffle,within_family,opsins,0.834878596471489
3,kmer6_shuffle,within_family,p2y_receptor,0.7386379365974104
3,kmer6_shuffle,within_family,peroxidase,0.9723501028966096
3,kmer6_shuffle,within_family,peroxiredoxin,0.9000443150302274
3,kmer6_shuffle,within_family,phosphodiesterase,0.9277930557406986
3,kmer6_shuffle,within_family,rab_gtpase,0.8513840445054505
3,kmer6_shuffle,within_family,ras_gtpases,0.7998766209459723
3,kmer6_shuffle,within_family,rho_gtpase,0.7970960232192265
3,kmer6_shuffle,within_family,serine_protease,0.846696222479688
3,kmer6_shuffle,within_family,serotonin_receptor,0.7500616476025644
3,kmer6_shuffle,within_family,steap_metalloreductase,0.8402372734020888
3,kmer6_shuffle,within_family,sulfotransferase,0.8818193946753429
3,kmer6_shuffle,within_family,taste2_receptor,0.5564837527454423
3,kmer6_shuffle,within_family,udp_glucuronosyltransferase,0.8884422915171579
3,synonymous_recode,within_family,adam_metallopeptidase,0.9116404384930612
3,synonymous_recode,within_family,adamts_metallopeptidase,0.9328311888264588
3,synonymous_recode,within_family,adrenoceptor,0.6831455446609032
3,synonymous_recode,within_family,alcohol_dehydrogenase,0.9744704493367592
3,synonymous_recode,within_family,aldehyde_dehydrogenase,0.9363834384977292
3,synonymous_recode,within_family,aldo_keto_reductase,0.913345592995759
3,synonymous_recode,within_family,alkaline_phosphatase,0.9550312948145764
3,synonymous_recode,within_family,arachidonate_lipoxygenase,0.9165013290189936
3,synonymous_recode,within_family,arf_gtpase,0.8151424666744665
3,synonymous_recode,within_family,carbonic_anhydrase,0.8658175310818638
3,synonymous_recode,within_family,cxc_chemokine_receptor,0.6427089104919864
3,synonymous_recode,within_family,cytochrome_p450,0.8963526241729427
3,synonymous_recode,within_family,dopamine_receptor,0.6075409936843641
3,synonymous_recode,within_family,ectonucleotide_pyrophosphatase,0.938601892045284
3,synonymous_recode,within_family,ferritin,0.8015327151342031
3,synonymous_recode,within_family,flavin_monooxygenase,0.9293290395702754
3,synonymous_recode,within_family,globins,0.8835078305691152
3,synonymous_recode,within_family,glutamate_metabotropic,0.8955135401441554
3,synonymous_recode,within_family,glutaredoxin,0.9229501419756924
3,synonymous_recode,within_family,glutathione_peroxidase,0.7757983436312826
3,synonymous_recode,within_family,glutathione_s_transferase,0.8425753212555677
3,synonymous_recode,within_family,guanylate_binding_protein,0.8915678524374175
3,synonymous_recode,within_family,heme_oxygenase,0.929100145137881
3,synonymous_recode,within_family,histamine_receptor,0.8854033086839997
3,synonymous_recode,within_family,histone_deacetylase_classI,0.9623061315198066
3,synonymous_recode,within_family,histone_h4,0.2525402134097786
3,synonymous_recode,within_family,hox,0.6903219201296508
3,synonymous_recode,within_family,m14_carboxypeptidase,0.9396177335879576
3,synonymous_recode,within_family,matrix_metalloproteinase,0.9003792031060259
3,synonymous_recode,within_family,metallothionein,0.7943698946485821
3,synonymous_recode,within_family,muscarinic_receptor,0.4249806433091213
3,synonymous_recode,within_family,nadph_oxidase,0.9334981550146848
3,synonymous_recode,within_family,nitric_oxide_synthase,0.7936991182818848
3,synonymous_recode,within_family,olfactory_receptors,0.2872808766126357
3,synonymous_recode,within_family,opsins,0.8711022433270711
3,synonymous_recode,within_family,p2y_receptor,0.5599365110464216
3,synonymous_recode,within_family,peroxidase,0.9528412364362387
3,synonymous_recode,within_family,peroxiredoxin,0.91732486366745
3,synonymous_recode,within_family,phosphodiesterase,0.9485005381548888
3,synonymous_recode,within_family,rab_gtpase,0.89350585651919
3,synonymous_recode,within_family,ras_gtpases,0.8210814016877316
3,synonymous_recode,within_family,rho_gtpase,0.7609783804702236
3,synonymous_recode,within_family,serine_protease,0.8347355867295967
3,synonymous_recode,within_family,serotonin_receptor,0.6981446084858394
3,synonymous_recode,within_family,steap_metalloreductase,0.8938274537901795
3,synonymous_recode,within_family,sulfotransferase,0.926251261816202
3,synonymous_recode,within_family,taste2_receptor,0.4726346769589489
3,synonymous_recode,within_family,udp_glucuronosyltransferase,0.958454290807232
3,missense_subset,within_family,adam_metallopeptidase,0.9059697839710636
3,missense_subset,within_family,adamts_metallopeptidase,0.9617161754108334
3,missense_subset,within_family,adrenoceptor,0.9080533930982267
3,missense_subset,within_family,alcohol_dehydrogenase,0.9805055906660182
3,missense_subset,within_family,aldehyde_dehydrogenase,0.9623674507857052
3,missense_subset,within_family,aldo_keto_reductase,0.9491862273809522
3,missense_subset,within_family,alkaline_phosphatase,0.9803519493921968
3,missense_subset,within_family,arachidonate_lipoxygenase,0.9744105989830156
3,missense_subset,within_family,arf_gtpase,0.8721696128987629
3,missense_subset,within_family,carbonic_anhydrase,0.9351811156898924
3,missense_subset,within_family,cxc_chemokine_receptor,0.7977615057641754
3,missense_subset,within_family,cytochrome_p450,0.9333909910808156
3,missense_subset,within_family,dopamine_receptor,0.8261632567967233
3,missense_subset,within_family,ectonucleotide_pyrophosphatase,0.9592191339951632
3,missense_subset,within_family,ferritin,0.8617686816012786
3,missense_subset,within_family,flavin_monooxygenase,0.94275284804056
3,missense_subset,within_family,globins,0.9598873883197822
3,missense_subset,within_family,glutamate_metabotropic,0.934936502482376
3,missense_subset,within_family,glutaredoxin,0.9552737686480592
3,missense_subset,within_family,glutathione_peroxidase,0.8861234798366392
3,missense_subset,within_family,glutathione_s_transferase,0.8415034837742867
3,missense_subset,within_family,guanylate_binding_protein,0.9117918313570486
3,missense_subset,within_family,heme_oxygenase,0.9743831640058054
3,missense_subset,within_family,histamine_receptor,0.9298213887578676
3,missense_subset,within_family,histone_deacetylase_classI,0.9709002522315828
3,missense_subset,within_family,histone_h4,0.5425386207994904
3,missense_subset,within_family,hox,0.8342771122068294
3,missense_subset,within_family,m14_carboxypeptidase,0.964935296942592
3,missense_subset,within_family,matrix_metalloproteinase,0.9375566522040608
3,missense_subset,within_family,metallothionein,0.8703431182163524
3,missense_subset,within_family,muscarinic_receptor,0.7547879061547351
3,missense_subset,within_family,nadph_oxidase,0.9690478705949178
3,missense_subset,within_family,nitric_oxide_synthase,0.9360666323612024
3,missense_subset,within_family,olfactory_receptors,0.5343492481940348
3,missense_subset,within_family,opsins,0.9327797568221108
3,missense_subset,within_family,p2y_receptor,0.7106821357687609
3,missense_subset,within_family,peroxidase,0.9795432675027383
3,missense_subset,within_family,peroxiredoxin,0.9561544696172464
3,missense_subset,within_family,phosphodiesterase,0.964350588788122
3,missense_subset,within_family,rab_gtpase,0.924984352203804
3,missense_subset,within_family,ras_gtpases,0.8821154528296847
3,missense_subset,within_family,rho_gtpase,0.8789341449339845
3,missense_subset,within_family,serine_protease,0.9036269740611448
3,missense_subset,within_family,serotonin_receptor,0.8466025794655125
3,missense_subset,within_family,steap_metalloreductase,0.9151004595860224
3,missense_subset,within_family,sulfotransferase,0.963230605601833
3,missense_subset,within_family,taste2_receptor,0.43131523524986
3,missense_subset,within_family,udp_glucuronosyltransferase,0.9677076340177946
3,paired_p3_syn,within_family,adam_metallopeptidase,0.9449678696377064
3,paired_p3_syn,within_family,adamts_metallopeptidase,0.9712462872795022
3,paired_p3_syn,within_family,adrenoceptor,0.9388845793859032
3,paired_p3_syn,within_family,alcohol_dehydrogenase,0.9805472602264046
3,paired_p3_syn,within_family,aldehyde_dehydrogenase,0.966663812931059
3,paired_p3_syn,within_family,aldo_keto_reductase,0.962970872974615
3,paired_p3_syn,within_family,alkaline_phosphatase,0.9757012852988084
3,paired_p3_syn,within_family,arachidonate_lipoxygenase,0.9675138908362482
3,paired_p3_syn,within_family,arf_gtpase,0.9336007712636748
3,paired_p3_syn,within_family,carbonic_anhydrase,0.9486653850233232
3,paired_p3_syn,within_family,cxc_chemokine_receptor,0.8895900327034084
3,paired_p3_syn,within_family,cytochrome_p450,0.9496927485477338
3,paired_p3_syn,within_family,dopamine_receptor,0.8981789457973349
3,paired_p3_syn,within_family,ectonucleotide_pyrophosphatase,0.9649512678318112
3,paired_p3_syn,within_family,ferritin,0.9345355102155845
3,paired_p3_syn,within_family,flavin_monooxygenase,0.9593083562401722
3,paired_p3_syn,within_family,globins,0.9580031842807512
3,paired_p3_syn,within_family,glutamate_metabotropic,0.9479206426843558
3,paired_p3_syn,within_family,glutaredoxin,0.9311908025119672
3,paired_p3_syn,within_family,glutathione_peroxidase,0.894807541275327
3,paired_p3_syn,within_family,glutathione_s_transferase,0.8965407175913321
3,paired_p3_syn,within_family,guanylate_binding_protein,0.9442687747035572
3,paired_p3_syn,within_family,heme_oxygenase,0.977721335268505
3,paired_p3_syn,within_family,histamine_receptor,0.9601389243912412
3,paired_p3_syn,within_family,histone_deacetylase_classI,0.9777008606092252
3,paired_p3_syn,within_family,histone_h4,0.8337155598025164
3,paired_p3_syn,within_family,hox,0.951492746859857
3,paired_p3_syn,within_family,m14_carboxypeptidase,0.9696314680615982
3,paired_p3_syn,within_family,matrix_metalloproteinase,0.9509112647438936
3,paired_p3_syn,within_family,metallothionein,0.8907144330177276
3,paired_p3_syn,within_family,muscarinic_receptor,0.8432222890579504
3,paired_p3_syn,within_family,nadph_oxidase,0.9692156512737334
3,paired_p3_syn,within_family,nitric_oxide_synthase,0.9606169552416708
3,paired_p3_syn,within_family,olfactory_receptors,0.7862765722136555
3,paired_p3_syn,within_family,opsins,0.9355356007427345
3,paired_p3_syn,within_family,p2y_receptor,0.811605413193689
3,paired_p3_syn,within_family,peroxidase,0.983859945656468
3,paired_p3_syn,within_family,peroxiredoxin,0.9568280033700352
3,paired_p3_syn,within_family,phosphodiesterase,0.969499218499655
3,paired_p3_syn,within_family,rab_gtpase,0.9474113455466756
3,paired_p3_syn,within_family,ras_gtpases,0.9320094093100656
3,paired_p3_syn,within_family,rho_gtpase,0.9179979893837202
3,paired_p3_syn,within_family,serine_protease,0.92726496620579
3,paired_p3_syn,within_family,serotonin_receptor,0.920515937762754
3,paired_p3_syn,within_family,steap_metalloreductase,0.9454610767320476
3,paired_p3_syn,within_family,sulfotransferase,0.951588403340536
3,paired_p3_syn,within_family,taste2_receptor,0.735498096556333
3,paired_p3_syn,within_family,udp_glucuronosyltransferase,0.953602101997824
3,paired_p3_missense,within_family,adam_metallopeptidase,0.9474232599744596
3,paired_p3_missense,within_family,adamts_metallopeptidase,0.962394650446335
3,paired_p3_missense,within_family,adrenoceptor,0.9373727804839004
3,paired_p3_missense,within_family,alcohol_dehydrogenase,0.9784290575734425
3,paired_p3_missense,within_family,aldehyde_dehydrogenase,0.9652677405128288
3,paired_p3_missense,within_family,aldo_keto_reductase,0.9737645181677465
3,paired_p3_missense,within_family,alkaline_phosphatase,0.981759210861378
3,paired_p3_missense,within_family,arachidonate_lipoxygenase,0.9696728564268025
3,paired_p3_missense,within_family,arf_gtpase,0.9111045211308252
3,paired_p3_missense,within_family,carbonic_anhydrase,0.94993053350568
3,paired_p3_missense,within_family,cxc_chemokine_receptor,0.8876944807911183
3,paired_p3_missense,within_family,cytochrome_p450,0.946984724508052
3,paired_p3_missense,within_family,dopamine_receptor,0.9143972626699128
3,paired_p3_missense,within_family,ectonucleotide_pyrophosphatase,0.967456371737104
3,paired_p3_missense,within_family,ferritin,0.8942510601078375
3,paired_p3_missense,within_family,flavin_monooxygenase,0.966946060953254
3,paired_p3_missense,within_family,globins,0.9632987080088294
3,paired_p3_missense,within_family,glutamate_metabotropic,0.9401280753773766
3,paired_p3_missense,within_family,glutaredoxin,0.9494303289805928
3,paired_p3_missense,within_family,glutathione_peroxidase,0.8960975325424617
3,paired_p3_missense,within_family,glutathione_s_transferase,0.915479431052752
3,paired_p3_missense,within_family,guanylate_binding_protein,0.8954545454545453
3,paired_p3_missense,within_family,heme_oxygenase,0.9822309765705992
3,paired_p3_missense,within_family,histamine_receptor,0.9413189652610324
3,paired_p3_missense,within_family,histone_deacetylase_classI,0.9736542724141736
3,paired_p3_missense,within_family,histone_h4,0.8303710781971652
3,paired_p3_missense,within_family,hox,0.9208003697263196
3,paired_p3_missense,within_family,m14_carboxypeptidase,0.9651245274483174
3,paired_p3_missense,within_family,matrix_metalloproteinase,0.9450825491769812
3,paired_p3_missense,within_family,metallothionein,0.9070498681712602
3,paired_p3_missense,within_family,muscarinic_receptor,0.8154996243989779
3,paired_p3_missense,within_family,nadph_oxidase,0.9628366168449948
3,paired_p3_missense,within_family,nitric_oxide_synthase,0.9160869990442384
3,paired_p3_missense,within_family,olfactory_receptors,0.7008286014341475
3,paired_p3_missense,within_family,opsins,0.9164470124739796
3,paired_p3_missense,within_family,p2y_receptor,0.8408743701148087
3,paired_p3_missense,within_family,peroxidase,0.9796339332909774
3,paired_p3_missense,within_family,peroxiredoxin,0.9446892093977756
3,paired_p3_missense,within_family,phosphodiesterase,0.9686798426256868
3,paired_p3_missense,within_family,rab_gtpase,0.9405469036988228
3,paired_p3_missense,within_family,ras_gtpases,0.9210069396043402
3,paired_p3_missense,within_family,rho_gtpase,0.9094981595181348
3,paired_p3_missense,within_family,serine_protease,0.9148932852314708
3,paired_p3_missense,within_family,serotonin_receptor,0.9132872567414624
3,paired_p3_missense,within_family,steap_metalloreductase,0.9348305161318968
3,paired_p3_missense,within_family,sulfotransferase,0.947614353918308
3,paired_p3_missense,within_family,taste2_receptor,0.6319426363899395
3,paired_p3_missense,within_family,udp_glucuronosyltransferase,0.9696165242956688
4,natural,within_family,adam_metallopeptidase,1.0
4,natural,within_family,adamts_metallopeptidase,1.0
4,natural,within_family,adrenoceptor,1.0
4,natural,within_family,alcohol_dehydrogenase,1.0
4,natural,within_family,aldehyde_dehydrogenase,1.0
4,natural,within_family,aldo_keto_reductase,1.0
4,natural,within_family,alkaline_phosphatase,1.0
4,natural,within_family,arachidonate_lipoxygenase,1.0
4,natural,within_family,arf_gtpase,1.0
4,natural,within_family,carbonic_anhydrase,1.0
4,natural,within_family,cxc_chemokine_receptor,1.0
4,natural,within_family,cytochrome_p450,1.0
4,natural,within_family,dopamine_receptor,1.0
4,natural,within_family,ectonucleotide_pyrophosphatase,1.0
4,natural,within_family,ferritin,1.0
4,natural,within_family,flavin_monooxygenase,1.0
4,natural,within_family,globins,1.0
4,natural,within_family,glutamate_metabotropic,1.0
4,natural,within_family,glutaredoxin,1.0
4,natural,within_family,glutathione_peroxidase,1.0
4,natural,within_family,glutathione_s_transferase,1.0
4,natural,within_family,guanylate_binding_protein,1.0
4,natural,within_family,heme_oxygenase,1.0
4,natural,within_family,histamine_receptor,1.0
4,natural,within_family,histone_deacetylase_classI,1.0
4,natural,within_family,histone_h4,1.0
4,natural,within_family,hox,1.0
4,natural,within_family,m14_carboxypeptidase,1.0
4,natural,within_family,matrix_metalloproteinase,1.0
4,natural,within_family,metallothionein,1.0
4,natural,within_family,muscarinic_receptor,1.0
4,natural,within_family,nadph_oxidase,1.0
4,natural,within_family,nitric_oxide_synthase,1.0
4,natural,within_family,olfactory_receptors,1.0
4,natural,within_family,opsins,1.0
4,natural,within_family,p2y_receptor,1.0
4,natural,within_family,peroxidase,1.0
4,natural,within_family,peroxiredoxin,1.0
4,natural,within_family,phosphodiesterase,1.0
4,natural,within_family,rab_gtpase,1.0
4,natural,within_family,ras_gtpases,1.0
4,natural,within_family,rho_gtpase,1.0
4,natural,within_family,serine_protease,1.0
4,natural,within_family,serotonin_receptor,1.0
4,natural,within_family,steap_metalloreductase,1.0
4,natural,within_family,sulfotransferase,1.0
4,natural,within_family,taste2_receptor,1.0
4,natural,within_family,udp_glucuronosyltransferase,1.0
4,gc_match,within_family,adam_metallopeptidase,0.806737049649793
4,gc_match,within_family,adamts_metallopeptidase,0.8981894477370839
4,gc_match,within_family,adrenoceptor,0.5694831486495631
4,gc_match,within_family,alcohol_dehydrogenase,0.8886867143551634
4,gc_match,within_family,aldehyde_dehydrogenase,0.9074528837053064
4,gc_match,within_family,aldo_keto_reductase,0.841493709089897
4,gc_match,within_family,alkaline_phosphatase,0.931138005441411
4,gc_match,within_family,arachidonate_lipoxygenase,0.8763571434245231
4,gc_match,within_family,arf_gtpase,0.6301641639200148
4,gc_match,within_family,carbonic_anhydrase,0.7229041304667311
4,gc_match,within_family,cxc_chemokine_receptor,0.7032331972298032
4,gc_match,within_family,cytochrome_p450,0.8263250250394026
4,gc_match,within_family,dopamine_receptor,0.6258002211814959
4,gc_match,within_family,ectonucleotide_pyrophosphatase,0.8782653456400892
4,gc_match,within_family,ferritin,0.563588956962591
4,gc_match,within_family,flavin_monooxygenase,0.8883997966621946
4,gc_match,within_family,globins,0.7834633695007422
4,gc_match,within_family,glutamate_metabotropic,0.7350305737038427
4,gc_match,within_family,glutaredoxin,0.7171968761880675
4,gc_match,within_family,glutathione_peroxidase,0.7095703187026388
4,gc_match,within_family,glutathione_s_transferase,0.5963245706420955
4,gc_match,within_family,guanylate_binding_protein,0.8398550724637679
4,gc_match,within_family,heme_oxygenase,0.9199979266017002
4,gc_match,within_family,histamine_receptor,0.7021054721478593
4,gc_match,within_family,histone_deacetylase_classI,0.9074244409091436
4,gc_match,within_family,histone_h4,0.3584965758878802
4,gc_match,within_family,hox,0.5774814090317327
4,gc_match,within_family,m14_carboxypeptidase,0.8649669731194709
4,gc_match,within_family,matrix_metalloproteinase,0.851604746784466
4,gc_match,within_family,metallothionein,0.516784729431635
4,gc_match,within_family,muscarinic_receptor,0.3968693727233914
4,gc_match,within_family,nadph_oxidase,0.914678662345137
4,gc_match,within_family,nitric_oxide_synthase,0.5411261519068132
4,gc_match,within_family,olfactory_receptors,0.1834494809573477
4,gc_match,within_family,opsins,0.7145242904616822
4,gc_match,within_family,p2y_receptor,0.4756974388610621
4,gc_match,within_family,peroxidase,0.9418430747534136
4,gc_match,within_family,peroxiredoxin,0.8262560655471904
4,gc_match,within_family,phosphodiesterase,0.8734432901649509
4,gc_match,within_family,rab_gtpase,0.7383307052865623
4,gc_match,within_family,ras_gtpases,0.6584686855110059
4,gc_match,within_family,rho_gtpase,0.6602133380719513
4,gc_match,within_family,serine_protease,0.7508486470959761
4,gc_match,within_family,serotonin_receptor,0.6140871247210311
4,gc_match,within_family,steap_metalloreductase,0.8642562284005293
4,gc_match,within_family,sulfotransferase,0.7880214865691963
4,gc_match,within_family,taste2_receptor,0.0004315151598024
4,gc_match,within_family,udp_glucuronosyltransferase,0.8993332870338218
4,dinuc_shuffle,within_family,adam_metallopeptidase,0.8189972095897212
4,dinuc_shuffle,within_family,adamts_metallopeptidase,0.9134261700063192
4,dinuc_shuffle,within_family,adrenoceptor,0.6668588548029274
4,dinuc_shuffle,within_family,alcohol_dehydrogenase,0.8433293978748523
4,dinuc_shuffle,within_family,aldehyde_dehydrogenase,0.8999132252041264
4,dinuc_shuffle,within_family,aldo_keto_reductase,0.8869298444708253
4,dinuc_shuffle,within_family,alkaline_phosphatase,0.9528768445177112
4,dinuc_shuffle,within_family,arachidonate_lipoxygenase,0.9013734273614554
4,dinuc_shuffle,within_family,arf_gtpase,0.6856051352448405
4,dinuc_shuffle,within_family,carbonic_anhydrase,0.7565385135545074
4,dinuc_shuffle,within_family,cxc_chemokine_receptor,0.8210026630907654
4,dinuc_shuffle,within_family,cytochrome_p450,0.8361072748083878
4,dinuc_shuffle,within_family,dopamine_receptor,0.6886340586217866
4,dinuc_shuffle,within_family,ectonucleotide_pyrophosphatase,0.8807589468094648
4,dinuc_shuffle,within_family,ferritin,0.6514536033601367
4,dinuc_shuffle,within_family,flavin_monooxygenase,0.8816295206299027
4,dinuc_shuffle,within_family,globins,0.7987190735256003
4,dinuc_shuffle,within_family,glutamate_metabotropic,0.7496016510547193
4,dinuc_shuffle,within_family,glutaredoxin,0.7005490674916712
4,dinuc_shuffle,within_family,glutathione_peroxidase,0.7422331500199307
4,dinuc_shuffle,within_family,glutathione_s_transferase,0.6076445526574054
4,dinuc_shuffle,within_family,guanylate_binding_protein,0.8032938076416336
4,dinuc_shuffle,within_family,heme_oxygenase,0.9367198838896952
4,dinuc_shuffle,within_family,histamine_receptor,0.7690896065530066
4,dinuc_shuffle,within_family,histone_deacetylase_classI,0.9067885705504783
4,dinuc_shuffle,within_family,histone_h4,0.3917025003981526
4,dinuc_shuffle,within_family,hox,0.611006838495597
4,dinuc_shuffle,within_family,m14_carboxypeptidase,0.8658543822481104
4,dinuc_shuffle,within_family,matrix_metalloproteinase,0.8507317129535941
4,dinuc_shuffle,within_family,metallothionein,0.655202863958273
4,dinuc_shuffle,within_family,muscarinic_receptor,0.5046243196414799
4,dinuc_shuffle,within_family,nadph_oxidase,0.9163272463275334
4,dinuc_shuffle,within_family,nitric_oxide_synthase,0.5780059018890505
4,dinuc_shuffle,within_family,olfactory_receptors,0.3296489176718172
4,dinuc_shuffle,within_family,opsins,0.7609736311594055
4,dinuc_shuffle,within_family,p2y_receptor,0.5729282824562754
4,dinuc_shuffle,within_family,peroxidase,0.9458568450969238
4,dinuc_shuffle,within_family,peroxiredoxin,0.7712344922749105
4,dinuc_shuffle,within_family,phosphodiesterase,0.8707743555168797
4,dinuc_shuffle,within_family,rab_gtpase,0.7567131717974752
4,dinuc_shuffle,within_family,ras_gtpases,0.6857151911219638
4,dinuc_shuffle,within_family,rho_gtpase,0.6859917958156807
4,dinuc_shuffle,within_family,serine_protease,0.7964370084722926
4,dinuc_shuffle,within_family,serotonin_receptor,0.62584139586472
4,dinuc_shuffle,within_family,steap_metalloreductase,0.8365230227077706
4,dinuc_shuffle,within_family,sulfotransferase,0.8225310634977705
4,dinuc_shuffle,within_family,taste2_receptor,0.1730401915640955
4,dinuc_shuffle,within_family,udp_glucuronosyltransferase,0.9240848129885564
4,kmer4_shuffle,within_family,adam_metallopeptidase,0.8287517101393268
4,kmer4_shuffle,within_family,adamts_metallopeptidase,0.8999977075395188
4,kmer4_shuffle,within_family,adrenoceptor,0.6537808217104224
4,kmer4_shuffle,within_family,alcohol_dehydrogenase,0.8997222029307589
4,kmer4_shuffle,within_family,aldehyde_dehydrogenase,0.8932715067230655
4,kmer4_shuffle,within_family,aldo_keto_reductase,0.856095196148986
4,kmer4_shuffle,within_family,alkaline_phosphatase,0.9367402463377694
4,kmer4_shuffle,within_family,arachidonate_lipoxygenase,0.8917223111622694
4,kmer4_shuffle,within_family,arf_gtpase,0.7147997080210724
4,kmer4_shuffle,within_family,carbonic_anhydrase,0.7409170005940201
4,kmer4_shuffle,within_family,cxc_chemokine_receptor,0.8367935938724745
4,kmer4_shuffle,within_family,cytochrome_p450,0.8376535769809292
4,kmer4_shuffle,within_family,dopamine_receptor,0.7998603156829903
4,kmer4_shuffle,within_family,ectonucleotide_pyrophosphatase,0.8696172883974234
4,kmer4_shuffle,within_family,ferritin,0.7938569103530739
4,kmer4_shuffle,within_family,flavin_monooxygenase,0.8719025380604559
4,kmer4_shuffle,within_family,globins,0.7642706102902429
4,kmer4_shuffle,within_family,glutamate_metabotropic,0.759856260557304
4,kmer4_shuffle,within_family,glutaredoxin,0.7994298797860696
4,kmer4_shuffle,within_family,glutathione_peroxidase,0.672855503563455
4,kmer4_shuffle,within_family,glutathione_s_transferase,0.6778768050108284
4,kmer4_shuffle,within_family,guanylate_binding_protein,0.8314229249011856
4,kmer4_shuffle,within_family,heme_oxygenase,0.9174580136844288
4,kmer4_shuffle,within_family,histamine_receptor,0.7310246531045672
4,kmer4_shuffle,within_family,histone_deacetylase_classI,0.8877553454313251
4,kmer4_shuffle,within_family,histone_h4,0.4234910017518714
4,kmer4_shuffle,within_family,hox,0.6664273319843194
4,kmer4_shuffle,within_family,m14_carboxypeptidase,0.861031689600003
4,kmer4_shuffle,within_family,matrix_metalloproteinase,0.848884040701427
4,kmer4_shuffle,within_family,metallothionein,0.6024906142391641
4,kmer4_shuffle,within_family,muscarinic_receptor,0.6882130987466609
4,kmer4_shuffle,within_family,nadph_oxidase,0.914266613526184
4,kmer4_shuffle,within_family,nitric_oxide_synthase,0.7221699405790908
4,kmer4_shuffle,within_family,olfactory_receptors,0.3940973057208953
4,kmer4_shuffle,within_family,opsins,0.7563604971456481
4,kmer4_shuffle,within_family,p2y_receptor,0.6544691888823657
4,kmer4_shuffle,within_family,peroxidase,0.9220007371002854
4,kmer4_shuffle,within_family,peroxiredoxin,0.8570248709462185
4,kmer4_shuffle,within_family,phosphodiesterase,0.8677907659327665
4,kmer4_shuffle,within_family,rab_gtpase,0.7578547363322249
4,kmer4_shuffle,within_family,ras_gtpases,0.7071996066216556
4,kmer4_shuffle,within_family,rho_gtpase,0.7198679622922987
4,kmer4_shuffle,within_family,serine_protease,0.7868409777723017
4,kmer4_shuffle,within_family,serotonin_receptor,0.6813641933904986
4,kmer4_shuffle,within_family,steap_metalloreductase,0.8079652964935559
4,kmer4_shuffle,within_family,sulfotransferase,0.8208671053806752
4,kmer4_shuffle,within_family,taste2_receptor,0.3875103865623499
4,kmer4_shuffle,within_family,udp_glucuronosyltransferase,0.8888724911452184
4,kmer6_shuffle,within_family,adam_metallopeptidase,0.8502150977522529
4,kmer6_shuffle,within_family,adamts_metallopeptidase,0.9042830145991928
4,kmer6_shuffle,within_family,adrenoceptor,0.7159769787082548
4,kmer6_shuffle,within_family,alcohol_dehydrogenase,0.895527467185221
4,kmer6_shuffle,within_family,aldehyde_dehydrogenase,0.8920182018878738
4,kmer6_shuffle,within_family,aldo_keto_reductase,0.8863460545141685
4,kmer6_shuffle,within_family,alkaline_phosphatase,0.91788629327329
4,kmer6_shuffle,within_family,arachidonate_lipoxygenase,0.8645830550515478
4,kmer6_shuffle,within_family,arf_gtpase,0.7284916622186748
4,kmer6_shuffle,within_family,carbonic_anhydrase,0.7358019979537146
4,kmer6_shuffle,within_family,cxc_chemokine_receptor,0.7740479538963125
4,kmer6_shuffle,within_family,cytochrome_p450,0.8318559088369238
4,kmer6_shuffle,within_family,dopamine_receptor,0.7198156132978537
4,kmer6_shuffle,within_family,ectonucleotide_pyrophosphatase,0.8650907887418439
4,kmer6_shuffle,within_family,ferritin,0.8443554856365829
4,kmer6_shuffle,within_family,flavin_monooxygenase,0.8681758532311333
4,kmer6_shuffle,within_family,globins,0.8090834764501696
4,kmer6_shuffle,within_family,glutamate_metabotropic,0.7214929727987769
4,kmer6_shuffle,within_family,glutaredoxin,0.7694735995936205
4,kmer6_shuffle,within_family,glutathione_peroxidase,0.6480781242255171
4,kmer6_shuffle,within_family,glutathione_s_transferase,0.6206385862934962
4,kmer6_shuffle,within_family,guanylate_binding_protein,0.8626482213438734
4,kmer6_shuffle,within_family,heme_oxygenase,0.8998755961020112
4,kmer6_shuffle,within_family,histamine_receptor,0.7247414738478812
4,kmer6_shuffle,within_family,histone_deacetylase_classI,0.9089450974969498
4,kmer6_shuffle,within_family,histone_h4,0.6518076126771779
4,kmer6_shuffle,within_family,hox,0.6514306476941613
4,kmer6_shuffle,within_family,m14_carboxypeptidase,0.8488410071336722
4,kmer6_shuffle,within_family,matrix_metalloproteinase,0.8400068763476586
4,kmer6_shuffle,within_family,metallothionein,0.4926258901630003
4,kmer6_shuffle,within_family,muscarinic_receptor,0.6591698867020123
4,kmer6_shuffle,within_family,nadph_oxidase,0.915222496796046
4,kmer6_shuffle,within_family,nitric_oxide_synthase,0.7385212342692479
4,kmer6_shuffle,within_family,olfactory_receptors,0.4765562600758071
4,kmer6_shuffle,within_family,opsins,0.7429084214744058
4,kmer6_shuffle,within_family,p2y_receptor,0.6353920521383388
4,kmer6_shuffle,within_family,peroxidase,0.9392688898410946
4,kmer6_shuffle,within_family,peroxiredoxin,0.8535074716649411
4,kmer6_shuffle,within_family,phosphodiesterase,0.8677029602251554
4,kmer6_shuffle,within_family,rab_gtpase,0.7411251843044467
4,kmer6_shuffle,within_family,ras_gtpases,0.7022123013464342
4,kmer6_shuffle,within_family,rho_gtpase,0.6872294291455617
4,kmer6_shuffle,within_family,serine_protease,0.7555592931631072
4,kmer6_shuffle,within_family,serotonin_receptor,0.6729089528700912
4,kmer6_shuffle,within_family,steap_metalloreductase,0.7936638902399938
4,kmer6_shuffle,within_family,sulfotransferase,0.8099203262138938
4,kmer6_shuffle,within_family,taste2_receptor,0.4992371098091161
4,kmer6_shuffle,within_family,udp_glucuronosyltransferase,0.8970063507496662
4,synonymous_recode,within_family,adam_metallopeptidase,0.8691591563459502
4,synonymous_recode,within_family,adamts_metallopeptidase,0.9014587731379196
4,synonymous_recode,within_family,adrenoceptor,0.6019082023415422
4,synonymous_recode,within_family,alcohol_dehydrogenase,0.9109660393082852
4,synonymous_recode,within_family,aldehyde_dehydrogenase,0.8749066489447592
4,synonymous_recode,within_family,aldo_keto_reductase,0.8516985309560284
4,synonymous_recode,within_family,alkaline_phosphatase,0.933232144532454
4,synonymous_recode,within_family,arachidonate_lipoxygenase,0.8478592349252674
4,synonymous_recode,within_family,arf_gtpase,0.7322742942432556
4,synonymous_recode,within_family,carbonic_anhydrase,0.7315572708332431
4,synonymous_recode,within_family,cxc_chemokine_receptor,0.6251334271593071
4,synonymous_recode,within_family,cytochrome_p450,0.8347163612760542
4,synonymous_recode,within_family,dopamine_receptor,0.5257848029160779
4,synonymous_recode,within_family,ectonucleotide_pyrophosphatase,0.8958477860840792
4,synonymous_recode,within_family,ferritin,0.6395457212709014
4,synonymous_recode,within_family,flavin_monooxygenase,0.849032809558038
4,synonymous_recode,within_family,globins,0.8473433868787997
4,synonymous_recode,within_family,glutamate_metabotropic,0.8375489599735992
4,synonymous_recode,within_family,glutaredoxin,0.8629314441909305
4,synonymous_recode,within_family,glutathione_peroxidase,0.6565563645022642
4,synonymous_recode,within_family,glutathione_s_transferase,0.6592615372483526
4,synonymous_recode,within_family,guanylate_binding_protein,0.8657444005270092
4,synonymous_recode,within_family,heme_oxygenase,0.914710760937176
4,synonymous_recode,within_family,histamine_receptor,0.8065983948537294
4,synonymous_recode,within_family,histone_deacetylase_classI,0.9371092323623272
4,synonymous_recode,within_family,histone_h4,0.2259117693900302
4,synonymous_recode,within_family,hox,0.6016243591912627
4,synonymous_recode,within_family,m14_carboxypeptidase,0.8646627873298413
4,synonymous_recode,within_family,matrix_metalloproteinase,0.847138561326516
4,synonymous_recode,within_family,metallothionein,0.6670370875435783
4,synonymous_recode,within_family,muscarinic_receptor,0.336946569561902
4,synonymous_recode,within_family,nadph_oxidase,0.887840975830399
4,synonymous_recode,within_family,nitric_oxide_synthase,0.7478454995160604
4,synonymous_recode,within_family,olfactory_receptors,0.2514154103598758
4,synonymous_recode,within_family,opsins,0.7877077505142274
4,synonymous_recode,within_family,p2y_receptor,0.5133528387642337
4,synonymous_recode,within_family,peroxidase,0.8945290827252181
4,synonymous_recode,within_family,peroxiredoxin,0.8549995882311388
4,synonymous_recode,within_family,phosphodiesterase,0.899982874603377
4,synonymous_recode,within_family,rab_gtpase,0.8317343237353263
4,synonymous_recode,within_family,ras_gtpases,0.7418775452963101
4,synonymous_recode,within_family,rho_gtpase,0.6959829237372439
4,synonymous_recode,within_family,serine_protease,0.7397617014846497
4,synonymous_recode,within_family,serotonin_receptor,0.6439154860693673
4,synonymous_recode,within_family,steap_metalloreductase,0.8251166867077065
4,synonymous_recode,within_family,sulfotransferase,0.8615422413681966
4,synonymous_recode,within_family,taste2_receptor,0.409506826762594
4,synonymous_recode,within_family,udp_glucuronosyltransferase,0.9319536078894368
4,missense_subset,within_family,adam_metallopeptidase,0.8718350680611657
4,missense_subset,within_family,adamts_metallopeptidase,0.9353993913609624
4,missense_subset,within_family,adrenoceptor,0.891163621782509
4,missense_subset,within_family,alcohol_dehydrogenase,0.910292381415376
4,missense_subset,within_family,aldehyde_dehydrogenase,0.9337544720728332
4,missense_subset,within_family,aldo_keto_reductase,0.9022795029452793
4,missense_subset,within_family,alkaline_phosphatase,0.9674185463659148
4,missense_subset,within_family,arachidonate_lipoxygenase,0.9498405898883424
4,missense_subset,within_family,arf_gtpase,0.8239862915198196
4,missense_subset,within_family,carbonic_anhydrase,0.8435334260291898
4,missense_subset,within_family,cxc_chemokine_receptor,0.6949848340892988
4,missense_subset,within_family,cytochrome_p450,0.8998072273105764
4,missense_subset,within_family,dopamine_receptor,0.7401522230970269
4,missense_subset,within_family,ectonucleotide_pyrophosphatase,0.906879704610046
4,missense_subset,within_family,ferritin,0.8042002212311441
4,missense_subset,within_family,flavin_monooxygenase,0.8646788108012956
4,missense_subset,within_family,globins,0.9446024203478351
4,missense_subset,within_family,glutamate_metabotropic,0.9086000931870132
4,missense_subset,within_family,glutaredoxin,0.8989691422693429
4,missense_subset,within_family,glutathione_peroxidase,0.7829622215910559
4,missense_subset,within_family,glutathione_s_transferase,0.7425626199694616
4,missense_subset,within_family,guanylate_binding_protein,0.8509222661396574
4,missense_subset,within_family,heme_oxygenase,0.979276383993365
4,missense_subset,within_family,histamine_receptor,0.8816663299883732
4,missense_subset,within_family,histone_deacetylase_classI,0.9629741319921896
4,missense_subset,within_family,histone_h4,0.4242554546902373
4,missense_subset,within_family,hox,0.774259155112023
4,missense_subset,within_family,m14_carboxypeptidase,0.9242997185937089
4,missense_subset,within_family,matrix_metalloproteinase,0.9165556303466252
4,missense_subset,within_family,metallothionein,0.6637120143772817
4,missense_subset,within_family,muscarinic_receptor,0.6690296889504728
4,missense_subset,within_family,nadph_oxidase,0.9338407595090013
4,missense_subset,within_family,nitric_oxide_synthase,0.91053002385891
4,missense_subset,within_family,olfactory_receptors,0.4739461232023019
4,missense_subset,within_family,opsins,0.9173152191902832
4,missense_subset,within_family,p2y_receptor,0.6297826405450719
4,missense_subset,within_family,peroxidase,0.9632994186355092
4,missense_subset,within_family,peroxiredoxin,0.9261135998142482
4,missense_subset,within_family,phosphodiesterase,0.928921367756676
4,missense_subset,within_family,rab_gtpase,0.8855996121550327
4,missense_subset,within_family,ras_gtpases,0.8221977600343019
4,missense_subset,within_family,rho_gtpase,0.8204351416464953
4,missense_subset,within_family,serine_protease,0.8671234128820956
4,missense_subset,within_family,serotonin_receptor,0.798731894686419
4,missense_subset,within_family,steap_metalloreductase,0.8818723457159642
4,missense_subset,within_family,sulfotransferase,0.9228935438740056
4,missense_subset,within_family,taste2_receptor,0.3859262945344595
4,missense_subset,within_family,udp_glucuronosyltransferase,0.9651526726393036
4,paired_p3_syn,within_family,adam_metallopeptidase,0.9271362511956645
4,paired_p3_syn,within_family,adamts_metallopeptidase,0.9585958347165768
4,paired_p3_syn,within_family,adrenoceptor,0.9020497864679646
4,paired_p3_syn,within_family,alcohol_dehydrogenase,0.9155566358774913
4,paired_p3_syn,within_family,aldehyde_dehydrogenase,0.9304966915093232
4,paired_p3_syn,within_family,aldo_keto_reductase,0.9094084426370924
4,paired_p3_syn,within_family,alkaline_phosphatase,0.9635351748354845
4,paired_p3_syn,within_family,arachidonate_lipoxygenase,0.9366532909643236
4,paired_p3_syn,within_family,arf_gtpase,0.9027070860020692
4,paired_p3_syn,within_family,carbonic_anhydrase,0.8469563390203861
4,paired_p3_syn,within_family,cxc_chemokine_receptor,0.8578075896386972
4,paired_p3_syn,within_family,cytochrome_p450,0.917436316317694
4,paired_p3_syn,within_family,dopamine_receptor,0.8294804308157824
4,paired_p3_syn,within_family,ectonucleotide_pyrophosphatase,0.9399803639669438
4,paired_p3_syn,within_family,ferritin,0.8830598642619102
4,paired_p3_syn,within_family,flavin_monooxygenase,0.8865150797376211
4,paired_p3_syn,within_family,globins,0.938510892235706
4,paired_p3_syn,within_family,glutamate_metabotropic,0.9140010709618712
4,paired_p3_syn,within_family,glutaredoxin,0.8995882021111289
4,paired_p3_syn,within_family,glutathione_peroxidase,0.7892151946075933
4,paired_p3_syn,within_family,glutathione_s_transferase,0.7705583816123173
4,paired_p3_syn,within_family,guanylate_binding_protein,0.9110013175230566
4,paired_p3_syn,within_family,heme_oxygenase,0.9677690234294009
4,paired_p3_syn,within_family,histamine_receptor,0.932993685143406
4,paired_p3_syn,within_family,histone_deacetylase_classI,0.9638208826728342
4,paired_p3_syn,within_family,histone_h4,0.7978021978021979
4,paired_p3_syn,within_family,hox,0.9211441907264356
4,paired_p3_syn,within_family,m14_carboxypeptidase,0.9290617073152944
4,paired_p3_syn,within_family,matrix_metalloproteinase,0.9389457037422771
4,paired_p3_syn,within_family,metallothionein,0.8344486619973044
4,paired_p3_syn,within_family,muscarinic_receptor,0.7496502628276912
4,paired_p3_syn,within_family,nadph_oxidase,0.939249512535001
4,paired_p3_syn,within_family,nitric_oxide_synthase,0.9379025229345436
4,paired_p3_syn,within_family,olfactory_receptors,0.7466100769357099
4,paired_p3_syn,within_family,opsins,0.8683678661470559
4,paired_p3_syn,within_family,p2y_receptor,0.7438663328024778
4,paired_p3_syn,within_family,peroxidase,0.9620137430576864
4,paired_p3_syn,within_family,peroxiredoxin,0.9517407998017616
4,paired_p3_syn,within_family,phosphodiesterase,0.9434188245442844
4,paired_p3_syn,within_family,rab_gtpase,0.91696247191651
4,paired_p3_syn,within_family,ras_gtpases,0.8976683390173322
4,paired_p3_syn,within_family,rho_gtpase,0.8808350159861026
4,paired_p3_syn,within_family,serine_protease,0.8820976107273633
4,paired_p3_syn,within_family,serotonin_receptor,0.877053629168749
4,paired_p3_syn,within_family,steap_metalloreductase,0.913586751388588
4,paired_p3_syn,within_family,sulfotransferase,0.9051638265271948
4,paired_p3_syn,within_family,taste2_receptor,0.6535349856416823
4,paired_p3_syn,within_family,udp_glucuronosyltransferase,0.947940443394989
4,paired_p3_missense,within_family,adam_metallopeptidase,0.9244804217323278
4,paired_p3_missense,within_family,adamts_metallopeptidase,0.9438011838831994
4,paired_p3_missense,within_family,adrenoceptor,0.88658683298973
4,paired_p3_missense,within_family,alcohol_dehydrogenase,0.9259670810472947
4,paired_p3_missense,within_family,aldehyde_dehydrogenase,0.92977895094625
4,paired_p3_missense,within_family,aldo_keto_reductase,0.927722360595084
4,paired_p3_missense,within_family,alkaline_phosphatase,0.9611796871858792
4,paired_p3_missense,within_family,arachidonate_lipoxygenase,0.9528858875432809
4,paired_p3_missense,within_family,arf_gtpase,0.873067635824434
4,paired_p3_missense,within_family,carbonic_anhydrase,0.8668637019628557
4,paired_p3_missense,within_family,cxc_chemokine_receptor,0.8390000650483659
4,paired_p3_missense,within_family,cytochrome_p450,0.915318207993634
4,paired_p3_missense,within_family,dopamine_receptor,0.8715191776686758
4,paired_p3_missense,within_family,ectonucleotide_pyrophosphatase,0.9346922182227448
4,paired_p3_missense,within_family,ferritin,0.8441399916056971
4,paired_p3_missense,within_family,flavin_monooxygenase,0.9036796326235
4,paired_p3_missense,within_family,globins,0.934105806076532
4,paired_p3_missense,within_family,glutamate_metabotropic,0.8921029679363762
4,paired_p3_missense,within_family,glutaredoxin,0.9110424970689166
4,paired_p3_missense,within_family,glutathione_peroxidase,0.8237945015284751
4,paired_p3_missense,within_family,glutathione_s_transferase,0.7995311285196234
4,paired_p3_missense,within_family,guanylate_binding_protein,0.7818840579710145
4,paired_p3_missense,within_family,heme_oxygenase,0.9768297739995854
4,paired_p3_missense,within_family,histamine_receptor,0.8738669385581772
4,paired_p3_missense,within_family,histone_deacetylase_classI,0.9576025473575254
4,paired_p3_missense,within_family,histone_h4,0.6499442586399109
4,paired_p3_missense,within_family,hox,0.8668585957353383
4,paired_p3_missense,within_family,m14_carboxypeptidase,0.9218312322819288
4,paired_p3_missense,within_family,matrix_metalloproteinase,0.9186129388090496
4,paired_p3_missense,within_family,metallothionein,0.828351569428075
4,paired_p3_missense,within_family,muscarinic_receptor,0.7421908891429603
4,paired_p3_missense,within_family,nadph_oxidase,0.9255142662766288
4,paired_p3_missense,within_family,nitric_oxide_synthase,0.8503967897435568
4,paired_p3_missense,within_family,olfactory_receptors,0.6396537084352503
4,paired_p3_missense,within_family,opsins,0.8717682083243979
4,paired_p3_missense,within_family,p2y_receptor,0.7468723605767745
4,paired_p3_missense,within_family,peroxidase,0.941540528268462
4,paired_p3_missense,within_family,peroxiredoxin,0.9178334501314316
4,paired_p3_missense,within_family,phosphodiesterase,0.9405507263622432
4,paired_p3_missense,within_family,rab_gtpase,0.8953804980043927
4,paired_p3_missense,within_family,ras_gtpases,0.8769490707728743
4,paired_p3_missense,within_family,rho_gtpase,0.87907536819352
4,paired_p3_missense,within_family,serine_protease,0.8691335575582585
4,paired_p3_missense,within_family,serotonin_receptor,0.8595129255488028
4,paired_p3_missense,within_family,steap_metalloreductase,0.8842559850865351
4,paired_p3_missense,within_family,sulfotransferase,0.8966308012376704
4,paired_p3_missense,within_family,taste2_receptor,0.5648395096002886
4,paired_p3_missense,within_family,udp_glucuronosyltransferase,0.946203632968339
5,natural,within_family,adam_metallopeptidase,1.0
5,natural,within_family,adamts_metallopeptidase,1.0
5,natural,within_family,adrenoceptor,1.0
5,natural,within_family,alcohol_dehydrogenase,1.0
5,natural,within_family,aldehyde_dehydrogenase,1.0
5,natural,within_family,aldo_keto_reductase,1.0
5,natural,within_family,alkaline_phosphatase,1.0
5,natural,within_family,arachidonate_lipoxygenase,1.0
5,natural,within_family,arf_gtpase,1.0
5,natural,within_family,carbonic_anhydrase,1.0
5,natural,within_family,cxc_chemokine_receptor,1.0
5,natural,within_family,cytochrome_p450,1.0
5,natural,within_family,dopamine_receptor,1.0
5,natural,within_family,ectonucleotide_pyrophosphatase,1.0
5,natural,within_family,ferritin,1.0
5,natural,within_family,flavin_monooxygenase,1.0
5,natural,within_family,globins,1.0
5,natural,within_family,glutamate_metabotropic,1.0
5,natural,within_family,glutaredoxin,1.0
5,natural,within_family,glutathione_peroxidase,1.0
5,natural,within_family,glutathione_s_transferase,1.0
5,natural,within_family,guanylate_binding_protein,1.0
5,natural,within_family,heme_oxygenase,1.0
5,natural,within_family,histamine_receptor,1.0
5,natural,within_family,histone_deacetylase_classI,1.0
5,natural,within_family,histone_h4,1.0
5,natural,within_family,hox,1.0
5,natural,within_family,m14_carboxypeptidase,1.0
5,natural,within_family,matrix_metalloproteinase,1.0
5,natural,within_family,metallothionein,1.0
5,natural,within_family,muscarinic_receptor,1.0
5,natural,within_family,nadph_oxidase,1.0
5,natural,within_family,nitric_oxide_synthase,1.0
5,natural,within_family,olfactory_receptors,1.0
5,natural,within_family,opsins,1.0
5,natural,within_family,p2y_receptor,1.0
5,natural,within_family,peroxidase,1.0
5,natural,within_family,peroxiredoxin,1.0
5,natural,within_family,phosphodiesterase,1.0
5,natural,within_family,rab_gtpase,1.0
5,natural,within_family,ras_gtpases,1.0
5,natural,within_family,rho_gtpase,1.0
5,natural,within_family,serine_protease,1.0
5,natural,within_family,serotonin_receptor,1.0
5,natural,within_family,steap_metalloreductase,1.0
5,natural,within_family,sulfotransferase,1.0
5,natural,within_family,taste2_receptor,1.0
5,natural,within_family,udp_glucuronosyltransferase,1.0
5,gc_match,within_family,adam_metallopeptidase,0.7544778597471308
5,gc_match,within_family,adamts_metallopeptidase,0.8670998780102026
5,gc_match,within_family,adrenoceptor,0.4922266317795953
5,gc_match,within_family,alcohol_dehydrogenase,0.8001527883880823
5,gc_match,within_family,aldehyde_dehydrogenase,0.8693570341362555
5,gc_match,within_family,aldo_keto_reductase,0.8303510395789477
5,gc_match,within_family,alkaline_phosphatase,0.9148238242665486
5,gc_match,within_family,arachidonate_lipoxygenase,0.8463454737097925
5,gc_match,within_family,arf_gtpase,0.5675164130961913
5,gc_match,within_family,carbonic_anhydrase,0.6348846470855911
5,gc_match,within_family,cxc_chemokine_receptor,0.6022292143410458
5,gc_match,within_family,cytochrome_p450,0.7854048903487181
5,gc_match,within_family,dopamine_receptor,0.5529581384973146
5,gc_match,within_family,ectonucleotide_pyrophosphatase,0.8455753789182169
5,gc_match,within_family,ferritin,0.483709466539041
5,gc_match,within_family,flavin_monooxygenase,0.8606069351867944
5,gc_match,within_family,globins,0.7261493214127405
5,gc_match,within_family,glutamate_metabotropic,0.6662680066766781
5,gc_match,within_family,glutaredoxin,0.6452679780214543
5,gc_match,within_family,glutathione_peroxidase,0.6906668789194356
5,gc_match,within_family,glutathione_s_transferase,0.5330922121568873
5,gc_match,within_family,guanylate_binding_protein,0.7334650856389986
5,gc_match,within_family,heme_oxygenase,0.8907008086253368
5,gc_match,within_family,histamine_receptor,0.7011768207423785
5,gc_match,within_family,histone_deacetylase_classI,0.8752593052685731
5,gc_match,within_family,histone_h4,0.2309921962095875
5,gc_match,within_family,hox,0.4918943980629565
5,gc_match,within_family,m14_carboxypeptidase,0.827572193319864
5,gc_match,within_family,matrix_metalloproteinase,0.805517043215277
5,gc_match,within_family,metallothionein,0.3373081759074396
5,gc_match,within_family,muscarinic_receptor,0.3617460292653844
5,gc_match,within_family,nadph_oxidase,0.8739215964980852
5,gc_match,within_family,nitric_oxide_synthase,0.5342811022235323
5,gc_match,within_family,olfactory_receptors,0.1523903731996638
5,gc_match,within_family,opsins,0.7082924505761977
5,gc_match,within_family,p2y_receptor,0.3695418498353099
5,gc_match,within_family,peroxidase,0.9114139407095758
5,gc_match,within_family,peroxiredoxin,0.8432098338837829
5,gc_match,within_family,phosphodiesterase,0.8463022621954542
5,gc_match,within_family,rab_gtpase,0.6832508266765335
5,gc_match,within_family,ras_gtpases,0.6180274879572885
5,gc_match,within_family,rho_gtpase,0.6064716888310633
5,gc_match,within_family,serine_protease,0.6981561890223376
5,gc_match,within_family,serotonin_receptor,0.575352534406383
5,gc_match,within_family,steap_metalloreductase,0.7745939303358261
5,gc_match,within_family,sulfotransferase,0.7442910811142209
5,gc_match,within_family,taste2_receptor,0.0148196147235048
5,gc_match,within_family,udp_glucuronosyltransferase,0.8976040002777972
5,dinuc_shuffle,within_family,adam_metallopeptidase,0.7688675457479075
5,dinuc_shuffle,within_family,adamts_metallopeptidase,0.8889905011003285
5,dinuc_shuffle,within_family,adrenoceptor,0.5909612447057411
5,dinuc_shuffle,within_family,alcohol_dehydrogenase,0.7830613237030348
5,dinuc_shuffle,within_family,aldehyde_dehydrogenase,0.8709802628317426
5,dinuc_shuffle,within_family,aldo_keto_reductase,0.8652655176486418
5,dinuc_shuffle,within_family,alkaline_phosphatase,0.9439139292080468
5,dinuc_shuffle,within_family,arachidonate_lipoxygenase,0.876866008804404
5,dinuc_shuffle,within_family,arf_gtpase,0.6361404027642474
5,dinuc_shuffle,within_family,carbonic_anhydrase,0.6510811876278995
5,dinuc_shuffle,within_family,cxc_chemokine_receptor,0.7209783370643
5,dinuc_shuffle,within_family,cytochrome_p450,0.7991315302554137
5,dinuc_shuffle,within_family,dopamine_receptor,0.5977533165053545
5,dinuc_shuffle,within_family,ectonucleotide_pyrophosphatase,0.8441490724062749
5,dinuc_shuffle,within_family,ferritin,0.5925839254134999
5,dinuc_shuffle,within_family,flavin_monooxygenase,0.8435298177491326
5,dinuc_shuffle,within_family,globins,0.7131970644225963
5,dinuc_shuffle,within_family,glutamate_metabotropic,0.732430374810884
5,dinuc_shuffle,within_family,glutaredoxin,0.6050576765398546
5,dinuc_shuffle,within_family,glutathione_peroxidase,0.7195182440422568
5,dinuc_shuffle,within_family,glutathione_s_transferase,0.4938052535094
5,dinuc_shuffle,within_family,guanylate_binding_protein,0.7128458498023714
5,dinuc_shuffle,within_family,heme_oxygenase,0.9183184739788512
5,dinuc_shuffle,within_family,histamine_receptor,0.7120973708975257
5,dinuc_shuffle,within_family,histone_deacetylase_classI,0.8918420366518901
5,dinuc_shuffle,within_family,histone_h4,0.4449912406434145
5,dinuc_shuffle,within_family,hox,0.5112590648821845
5,dinuc_shuffle,within_family,m14_carboxypeptidase,0.8367720812550992
5,dinuc_shuffle,within_family,matrix_metalloproteinase,0.8146067158054894
5,dinuc_shuffle,within_family,metallothionein,0.6041671266671358
5,dinuc_shuffle,within_family,muscarinic_receptor,0.457074627933236
5,dinuc_shuffle,within_family,nadph_oxidase,0.8843474512928361
5,dinuc_shuffle,within_family,nitric_oxide_synthase,0.4604307882398733
5,dinuc_shuffle,within_family,olfactory_receptors,0.2689128036462965
5,dinuc_shuffle,within_family,opsins,0.7488900604100284
5,dinuc_shuffle,within_family,p2y_receptor,0.4900366791057035
5,dinuc_shuffle,within_family,peroxidase,0.9176742540612632
5,dinuc_shuffle,within_family,peroxiredoxin,0.7854371430731304
5,dinuc_shuffle,within_family,phosphodiesterase,0.8464622389837072
5,dinuc_shuffle,within_family,rab_gtpase,0.6922856784016995
5,dinuc_shuffle,within_family,ras_gtpases,0.6411114774249761
5,dinuc_shuffle,within_family,rho_gtpase,0.6242353947633977
5,dinuc_shuffle,within_family,serine_protease,0.7415074920787683
5,dinuc_shuffle,within_family,serotonin_receptor,0.5978839407019697
5,dinuc_shuffle,within_family,steap_metalloreductase,0.7838476159700328
5,dinuc_shuffle,within_family,sulfotransferase,0.7856999696086095
5,dinuc_shuffle,within_family,taste2_receptor,0.172204474337372
5,dinuc_shuffle,within_family,udp_glucuronosyltransferase,0.91964391817333
5,kmer4_shuffle,within_family,adam_metallopeptidase,0.7692207431857069
5,kmer4_shuffle,within_family,adamts_metallopeptidase,0.8778885102275035
5,kmer4_shuffle,within_family,adrenoceptor,0.6057025810476075
5,kmer4_shuffle,within_family,alcohol_dehydrogenase,0.8560802833530106
5,kmer4_shuffle,within_family,aldehyde_dehydrogenase,0.853444485333829
5,kmer4_shuffle,within_family,aldo_keto_reductase,0.8503774346012273
5,kmer4_shuffle,within_family,alkaline_phosphatase,0.9465475185289426
5,kmer4_shuffle,within_family,arachidonate_lipoxygenase,0.8493206942141868
5,kmer4_shuffle,within_family,arf_gtpase,0.6629000361954294
5,kmer4_shuffle,within_family,carbonic_anhydrase,0.6545553398485511
5,kmer4_shuffle,within_family,cxc_chemokine_receptor,0.7062609297460831
5,kmer4_shuffle,within_family,cytochrome_p450,0.797104723930422
5,kmer4_shuffle,within_family,dopamine_receptor,0.6966375014760177
5,kmer4_shuffle,within_family,ectonucleotide_pyrophosphatase,0.8372841245136262
5,kmer4_shuffle,within_family,ferritin,0.6738967379981097
5,kmer4_shuffle,within_family,flavin_monooxygenase,0.8327320247543886
5,kmer4_shuffle,within_family,globins,0.7209951885444559
5,kmer4_shuffle,within_family,glutamate_metabotropic,0.6906245624681122
5,kmer4_shuffle,within_family,glutaredoxin,0.7213634635254764
5,kmer4_shuffle,within_family,glutathione_peroxidase,0.6251767889348755
5,kmer4_shuffle,within_family,glutathione_s_transferase,0.5451300184206198
5,kmer4_shuffle,within_family,guanylate_binding_protein,0.7343873517786561
5,kmer4_shuffle,within_family,heme_oxygenase,0.919966825627203
5,kmer4_shuffle,within_family,histamine_receptor,0.6766495604919884
5,kmer4_shuffle,within_family,histone_deacetylase_classI,0.8798261426594151
5,kmer4_shuffle,within_family,histone_h4,0.2521898391463609
5,kmer4_shuffle,within_family,hox,0.5701316044320542
5,kmer4_shuffle,within_family,m14_carboxypeptidase,0.8357649791908514
5,kmer4_shuffle,within_family,matrix_metalloproteinase,0.7988811163261597
5,kmer4_shuffle,within_family,metallothionein,0.5000583792828143
5,kmer4_shuffle,within_family,muscarinic_receptor,0.6495973435314165
5,kmer4_shuffle,within_family,nadph_oxidase,0.8774411647458756
5,kmer4_shuffle,within_family,nitric_oxide_synthase,0.680887410484178
5,kmer4_shuffle,within_family,olfactory_receptors,0.3339353899301918
5,kmer4_shuffle,within_family,opsins,0.6972299421337022
5,kmer4_shuffle,within_family,p2y_receptor,0.5595287329732389
5,kmer4_shuffle,within_family,peroxidase,0.904168576643766
5,kmer4_shuffle,within_family,peroxiredoxin,0.8028572676901022
5,kmer4_shuffle,within_family,phosphodiesterase,0.8351591227557723
5,kmer4_shuffle,within_family,rab_gtpase,0.7014991980824732
5,kmer4_shuffle,within_family,ras_gtpases,0.6509432233300905
5,kmer4_shuffle,within_family,rho_gtpase,0.6592118889971396
5,kmer4_shuffle,within_family,serine_protease,0.7187903977371929
5,kmer4_shuffle,within_family,serotonin_receptor,0.6299166783275841
5,kmer4_shuffle,within_family,steap_metalloreductase,0.7349532111887999
5,kmer4_shuffle,within_family,sulfotransferase,0.778902959426521
5,kmer4_shuffle,within_family,taste2_receptor,0.2493644541668635
5,kmer4_shuffle,within_family,udp_glucuronosyltransferase,0.9196761349167768
5,kmer6_shuffle,within_family,adam_metallopeptidase,0.7934747982661193
5,kmer6_shuffle,within_family,adamts_metallopeptidase,0.8785407691965746
5,kmer6_shuffle,within_family,adrenoceptor,0.6482947031892671
5,kmer6_shuffle,within_family,alcohol_dehydrogenase,0.8706785193416208
5,kmer6_shuffle,within_family,aldehyde_dehydrogenase,0.8462090388198786
5,kmer6_shuffle,within_family,aldo_keto_reductase,0.8675607038710509
5,kmer6_shuffle,within_family,alkaline_phosphatase,0.9188713763017168
5,kmer6_shuffle,within_family,arachidonate_lipoxygenase,0.845119986100395
5,kmer6_shuffle,within_family,arf_gtpase,0.6829676267318378
5,kmer6_shuffle,within_family,carbonic_anhydrase,0.6541498235833018
5,kmer6_shuffle,within_family,cxc_chemokine_receptor,0.6261024837932302
5,kmer6_shuffle,within_family,cytochrome_p450,0.7943035750091569
5,kmer6_shuffle,within_family,dopamine_receptor,0.62675425594157
5,kmer6_shuffle,within_family,ectonucleotide_pyrophosphatase,0.8123058306689491
5,kmer6_shuffle,within_family,ferritin,0.7842982755444973
5,kmer6_shuffle,within_family,flavin_monooxygenase,0.818068789626814
5,kmer6_shuffle,within_family,globins,0.7409630306115038
5,kmer6_shuffle,within_family,glutamate_metabotropic,0.6567625233451164
5,kmer6_shuffle,within_family,glutaredoxin,0.6998453375822068
5,kmer6_shuffle,within_family,glutathione_peroxidase,0.6401086984935727
5,kmer6_shuffle,within_family,glutathione_s_transferase,0.5143073117108089
5,kmer6_shuffle,within_family,guanylate_binding_protein,0.7772727272727271
5,kmer6_shuffle,within_family,heme_oxygenase,0.8335164835164834
5,kmer6_shuffle,within_family,histamine_receptor,0.7113011555194108
5,kmer6_shuffle,within_family,histone_deacetylase_classI,0.888451791754304
5,kmer6_shuffle,within_family,histone_h4,0.4781653129479216
5,kmer6_shuffle,within_family,hox,0.5456923443634445
5,kmer6_shuffle,within_family,m14_carboxypeptidase,0.8272235122079796
5,kmer6_shuffle,within_family,matrix_metalloproteinase,0.8009853724354598
5,kmer6_shuffle,within_family,metallothionein,0.3704430954390164
5,kmer6_shuffle,within_family,muscarinic_receptor,0.5655293768850318
5,kmer6_shuffle,within_family,nadph_oxidase,0.8810105350948856
5,kmer6_shuffle,within_family,nitric_oxide_synthase,0.6694667591178526
5,kmer6_shuffle,within_family,olfactory_receptors,0.398399689450235
5,kmer6_shuffle,within_family,opsins,0.67959240756691
5,kmer6_shuffle,within_family,p2y_receptor,0.5314438279515502
5,kmer6_shuffle,within_family,peroxidase,0.9026177280096196
5,kmer6_shuffle,within_family,peroxiredoxin,0.8237710199749337
5,kmer6_shuffle,within_family,phosphodiesterase,0.8487606655554402
5,kmer6_shuffle,within_family,rab_gtpase,0.6850543992685836
5,kmer6_shuffle,within_family,ras_gtpases,0.6506421725858271
5,kmer6_shuffle,within_family,rho_gtpase,0.6494831891503111
5,kmer6_shuffle,within_family,serine_protease,0.6854002756380947
5,kmer6_shuffle,within_family,serotonin_receptor,0.5869211418499494
5,kmer6_shuffle,within_family,steap_metalloreductase,0.6814506697372344
5,kmer6_shuffle,within_family,sulfotransferase,0.7783206977797006
5,kmer6_shuffle,within_family,taste2_receptor,0.3684510388271531
5,kmer6_shuffle,within_family,udp_glucuronosyltransferase,0.9071999598737568
5,synonymous_recode,within_family,adam_metallopeptidase,0.8074994648848475
5,synonymous_recode,within_family,adamts_metallopeptidase,0.887593853002773
5,synonymous_recode,within_family,adrenoceptor,0.4744582753689724
5,synonymous_recode,within_family,alcohol_dehydrogenase,0.8215084380859781
5,synonymous_recode,within_family,aldehyde_dehydrogenase,0.8616672061964677
5,synonymous_recode,within_family,aldo_keto_reductase,0.8367820811314262
5,synonymous_recode,within_family,alkaline_phosphatase,0.9172362724994302
5,synonymous_recode,within_family,arachidonate_lipoxygenase,0.837981739281359
5,synonymous_recode,within_family,arf_gtpase,0.6945341036049928
5,synonymous_recode,within_family,carbonic_anhydrase,0.677184263467381
5,synonymous_recode,within_family,cxc_chemokine_receptor,0.538173627696574
5,synonymous_recode,within_family,cytochrome_p450,0.7978033589979064
5,synonymous_recode,within_family,dopamine_receptor,0.4422134270265569
5,synonymous_recode,within_family,ectonucleotide_pyrophosphatase,0.8723959323929981
5,synonymous_recode,within_family,ferritin,0.4697702940320935
5,synonymous_recode,within_family,flavin_monooxygenase,0.7659179839106035
5,synonymous_recode,within_family,globins,0.8253958896562611
5,synonymous_recode,within_family,glutamate_metabotropic,0.7775582072024922
5,synonymous_recode,within_family,glutaredoxin,0.8046008961139496
5,synonymous_recode,within_family,glutathione_peroxidase,0.6302372939064702
5,synonymous_recode,within_family,glutathione_s_transferase,0.5993523538270115
5,synonymous_recode,within_family,guanylate_binding_protein,0.7095520421607378
5,synonymous_recode,within_family,heme_oxygenase,0.9206510470661412
5,synonymous_recode,within_family,histamine_receptor,0.7354389874450349
5,synonymous_recode,within_family,histone_deacetylase_classI,0.9258133538408988
5,synonymous_recode,within_family,histone_h4,0.1630355152094282
5,synonymous_recode,within_family,hox,0.5144391324792829
5,synonymous_recode,within_family,m14_carboxypeptidase,0.8176912006754583
5,synonymous_recode,within_family,matrix_metalloproteinase,0.8057417592723815
5,synonymous_recode,within_family,metallothionein,0.4941318708977759
5,synonymous_recode,within_family,muscarinic_receptor,0.2250241213057479
5,synonymous_recode,within_family,nadph_oxidase,0.8780289745273272
5,synonymous_recode,within_family,nitric_oxide_synthase,0.6749663597397807
5,synonymous_recode,within_family,olfactory_receptors,0.2349920991495376
5,synonymous_recode,within_family,opsins,0.6884837666245037
5,synonymous_recode,within_family,p2y_receptor,0.5010970483844209
5,synonymous_recode,within_family,peroxidase,0.8666754112108312
5,synonymous_recode,within_family,peroxiredoxin,0.8582155189966805
5,synonymous_recode,within_family,phosphodiesterase,0.8871038099723445
5,synonymous_recode,within_family,rab_gtpase,0.7952737167204792
5,synonymous_recode,within_family,ras_gtpases,0.7100038732532304
5,synonymous_recode,within_family,rho_gtpase,0.6699055067996987
5,synonymous_recode,within_family,serine_protease,0.7225864551153158
5,synonymous_recode,within_family,serotonin_receptor,0.6001486671458643
5,synonymous_recode,within_family,steap_metalloreductase,0.7188915558003659
5,synonymous_recode,within_family,sulfotransferase,0.8365839900729753
5,synonymous_recode,within_family,taste2_receptor,0.364306708334001
5,synonymous_recode,within_family,udp_glucuronosyltransferase,0.8828269324258631
5,missense_subset,within_family,adam_metallopeptidase,0.8219912113885872
5,missense_subset,within_family,adamts_metallopeptidase,0.9055245978696712
5,missense_subset,within_family,adrenoceptor,0.8490045845779457
5,missense_subset,within_family,alcohol_dehydrogenase,0.8143412736995622
5,missense_subset,within_family,aldehyde_dehydrogenase,0.9018897312188155
5,missense_subset,within_family,aldo_keto_reductase,0.9037195144869986
5,missense_subset,within_family,alkaline_phosphatase,0.966999718547706
5,missense_subset,within_family,arachidonate_lipoxygenase,0.9370312420651802
5,missense_subset,within_family,arf_gtpase,0.7835157950749093
5,missense_subset,within_family,carbonic_anhydrase,0.8116783715517472
5,missense_subset,within_family,cxc_chemokine_receptor,0.590346571714622
5,missense_subset,within_family,cytochrome_p450,0.8684912563335198
5,missense_subset,within_family,dopamine_receptor,0.6444152722633945
5,missense_subset,within_family,ectonucleotide_pyrophosphatase,0.8636345071953221
5,missense_subset,within_family,ferritin,0.7007156797321874
5,missense_subset,within_family,flavin_monooxygenase,0.8238415207767383
5,missense_subset,within_family,globins,0.9354461146116178
5,missense_subset,within_family,glutamate_metabotropic,0.8655506348127358
5,missense_subset,within_family,glutaredoxin,0.8554868377449452
5,missense_subset,within_family,glutathione_peroxidase,0.7100417226071764
5,missense_subset,within_family,glutathione_s_transferase,0.6466519799144571
5,missense_subset,within_family,guanylate_binding_protein,0.8784584980237153
5,missense_subset,within_family,heme_oxygenase,0.9619738751814224
5,missense_subset,within_family,histamine_receptor,0.8675014809985552
5,missense_subset,within_family,histone_deacetylase_classI,0.9621648516846152
5,missense_subset,within_family,histone_h4,0.2743271221532091
5,missense_subset,within_family,hox,0.7000548039876486
5,missense_subset,within_family,m14_carboxypeptidase,0.8863194423300095
5,missense_subset,within_family,matrix_metalloproteinase,0.8859784748719731
5,missense_subset,within_family,metallothionein,0.4911711497479015
5,missense_subset,within_family,muscarinic_receptor,0.609102782643169
5,missense_subset,within_family,nadph_oxidase,0.9131695972829146
5,missense_subset,within_family,nitric_oxide_synthase,0.8962428621365374
5,missense_subset,within_family,olfactory_receptors,0.4297744948920767
5,missense_subset,within_family,opsins,0.8710140574721222
5,missense_subset,within_family,p2y_receptor,0.5180353625463903
5,missense_subset,within_family,peroxidase,0.9455816535467534
5,missense_subset,within_family,peroxiredoxin,0.9084409493886512
5,missense_subset,within_family,phosphodiesterase,0.9022404536412548
5,missense_subset,within_family,rab_gtpase,0.8480602395485192
5,missense_subset,within_family,ras_gtpases,0.7748548876995967
5,missense_subset,within_family,rho_gtpase,0.754208714912496
5,missense_subset,within_family,serine_protease,0.8336430364436794
5,missense_subset,within_family,serotonin_receptor,0.7389436793706536
5,missense_subset,within_family,steap_metalloreductase,0.8125161723406963
5,missense_subset,within_family,sulfotransferase,0.8957927294634229
5,missense_subset,within_family,taste2_receptor,0.3359211410277449
5,missense_subset,within_family,udp_glucuronosyltransferase,0.9341304565903498
5,paired_p3_syn,within_family,adam_metallopeptidase,0.8926661179527438
5,paired_p3_syn,within_family,adamts_metallopeptidase,0.9495642657800925
5,paired_p3_syn,within_family,adrenoceptor,0.820312448774021
5,paired_p3_syn,within_family,alcohol_dehydrogenase,0.7581498715188554
5,paired_p3_syn,within_family,aldehyde_dehydrogenase,0.9055252420500328
5,paired_p3_syn,within_family,aldo_keto_reductase,0.9251865710117227
5,paired_p3_syn,within_family,alkaline_phosphatase,0.9499752053931618
5,paired_p3_syn,within_family,arachidonate_lipoxygenase,0.872073286858455
5,paired_p3_syn,within_family,arf_gtpase,0.8725420910010739
5,paired_p3_syn,within_family,carbonic_anhydrase,0.7836586251292693
5,paired_p3_syn,within_family,cxc_chemokine_receptor,0.764799917904773
5,paired_p3_syn,within_family,cytochrome_p450,0.885886750989054
5,paired_p3_syn,within_family,dopamine_receptor,0.7443328123394988
5,paired_p3_syn,within_family,ectonucleotide_pyrophosphatase,0.9336199526358288
5,paired_p3_syn,within_family,ferritin,0.7753104331923211
5,paired_p3_syn,within_family,flavin_monooxygenase,0.8244064845292101
5,paired_p3_syn,within_family,globins,0.9116353821680164
5,paired_p3_syn,within_family,glutamate_metabotropic,0.8219137751947492
5,paired_p3_syn,within_family,glutaredoxin,0.8573434496438999
5,paired_p3_syn,within_family,glutathione_peroxidase,0.7230314953255359
5,paired_p3_syn,within_family,glutathione_s_transferase,0.6368771007798577
5,paired_p3_syn,within_family,guanylate_binding_protein,0.8100790513833991
5,paired_p3_syn,within_family,heme_oxygenase,0.9350300642753472
5,paired_p3_syn,within_family,histamine_receptor,0.8940324287081984
5,paired_p3_syn,within_family,histone_deacetylase_classI,0.9584508814958697
5,paired_p3_syn,within_family,histone_h4,0.78434464086638
5,paired_p3_syn,within_family,hox,0.8687395935546928
5,paired_p3_syn,within_family,m14_carboxypeptidase,0.8914265777012376
5,paired_p3_syn,within_family,matrix_metalloproteinase,0.9088008187194252
5,paired_p3_syn,within_family,metallothionein,0.7300459984693701
5,paired_p3_syn,within_family,muscarinic_receptor,0.7068418239381604
5,paired_p3_syn,within_family,nadph_oxidase,0.9216858114761114
5,paired_p3_syn,within_family,nitric_oxide_synthase,0.9111093472180156
5,paired_p3_syn,within_family,olfactory_receptors,0.6722887307905273
5,paired_p3_syn,within_family,opsins,0.78896535009694
5,paired_p3_syn,within_family,p2y_receptor,0.6376723417879061
5,paired_p3_syn,within_family,peroxidase,0.9219617953072842
5,paired_p3_syn,within_family,peroxiredoxin,0.9081682719447304
5,paired_p3_syn,within_family,phosphodiesterase,0.9193999430310296
5,paired_p3_syn,within_family,rab_gtpase,0.887942668812518
5,paired_p3_syn,within_family,ras_gtpases,0.8448355000671365
5,paired_p3_syn,within_family,rho_gtpase,0.7979570373456168
5,paired_p3_syn,within_family,serine_protease,0.8341926700600996
5,paired_p3_syn,within_family,serotonin_receptor,0.8098137228412758
5,paired_p3_syn,within_family,steap_metalloreductase,0.8381452748382546
5,paired_p3_syn,within_family,sulfotransferase,0.8584914036987995
5,paired_p3_syn,within_family,taste2_receptor,0.5757996506517946
5,paired_p3_syn,within_family,udp_glucuronosyltransferase,0.9517861965722928
5,paired_p3_missense,within_family,adam_metallopeptidase,0.8641466196694787
5,paired_p3_missense,within_family,adamts_metallopeptidase,0.9191307442797868
5,paired_p3_missense,within_family,adrenoceptor,0.8021368271212881
5,paired_p3_missense,within_family,alcohol_dehydrogenase,0.856858115146885
5,paired_p3_missense,within_family,aldehyde_dehydrogenase,0.8831054658196036
5,paired_p3_missense,within_family,aldo_keto_reductase,0.9179480283200008
5,paired_p3_missense,within_family,alkaline_phosphatase,0.9560565853135512
5,paired_p3_missense,within_family,arachidonate_lipoxygenase,0.90508948246827
5,paired_p3_missense,within_family,arf_gtpase,0.8426279385167739
5,paired_p3_missense,within_family,carbonic_anhydrase,0.7992473051553178
5,paired_p3_missense,within_family,cxc_chemokine_receptor,0.7199898548027326
5,paired_p3_missense,within_family,cytochrome_p450,0.8820882858049082
5,paired_p3_missense,within_family,dopamine_receptor,0.776327095948666
5,paired_p3_missense,within_family,ectonucleotide_pyrophosphatase,0.8911169814596811
5,paired_p3_missense,within_family,ferritin,0.7506386816314738
5,paired_p3_missense,within_family,flavin_monooxygenase,0.8389716860982432
5,paired_p3_missense,within_family,globins,0.8996621856826321
5,paired_p3_missense,within_family,glutamate_metabotropic,0.8122530823732397
5,paired_p3_missense,within_family,glutaredoxin,0.8661392351694333
5,paired_p3_missense,within_family,glutathione_peroxidase,0.7410052347738693
5,paired_p3_missense,within_family,glutathione_s_transferase,0.7212560704508763
5,paired_p3_missense,within_family,guanylate_binding_protein,0.644137022397892
5,paired_p3_missense,within_family,heme_oxygenase,0.9431163176446196
5,paired_p3_missense,within_family,histamine_receptor,0.8418471651497389
5,paired_p3_missense,within_family,histone_deacetylase_classI,0.9543200502087124
5,paired_p3_missense,within_family,histone_h4,0.6990762860328078
5,paired_p3_missense,within_family,hox,0.7883631816253994
5,paired_p3_missense,within_family,m14_carboxypeptidase,0.880985638878607
5,paired_p3_missense,within_family,matrix_metalloproteinase,0.894589280148633
5,paired_p3_missense,within_family,metallothionein,0.7589905825201422
5,paired_p3_missense,within_family,muscarinic_receptor,0.6512071390533358
5,paired_p3_missense,within_family,nadph_oxidase,0.8955469834179807
5,paired_p3_missense,within_family,nitric_oxide_synthase,0.8177513560072366
5,paired_p3_missense,within_family,olfactory_receptors,0.5481862334335389
5,paired_p3_missense,within_family,opsins,0.8614062923541598
5,paired_p3_missense,within_family,p2y_receptor,0.5807527204487686
5,paired_p3_missense,within_family,peroxidase,0.9217701178559728
5,paired_p3_missense,within_family,peroxiredoxin,0.9092679237754644
5,paired_p3_missense,within_family,phosphodiesterase,0.915322034031364
5,paired_p3_missense,within_family,rab_gtpase,0.8514119777076167
5,paired_p3_missense,within_family,ras_gtpases,0.8329871231938081
5,paired_p3_missense,within_family,rho_gtpase,0.8177420547008187
5,paired_p3_missense,within_family,serine_protease,0.8361663329277175
5,paired_p3_missense,within_family,serotonin_receptor,0.7653765281075866
5,paired_p3_missense,within_family,steap_metalloreductase,0.759873197141043
5,paired_p3_missense,within_family,sulfotransferase,0.8857444422475756
5,paired_p3_missense,within_family,taste2_receptor,0.4682510121642118
5,paired_p3_missense,within_family,udp_glucuronosyltransferase,0.938388661249624
6,natural,within_family,adam_metallopeptidase,1.0
6,natural,within_family,adamts_metallopeptidase,1.0
6,natural,within_family,adrenoceptor,1.0
6,natural,within_family,alcohol_dehydrogenase,1.0
6,natural,within_family,aldehyde_dehydrogenase,1.0
6,natural,within_family,aldo_keto_reductase,1.0
6,natural,within_family,alkaline_phosphatase,1.0
6,natural,within_family,arachidonate_lipoxygenase,1.0
6,natural,within_family,arf_gtpase,1.0
6,natural,within_family,carbonic_anhydrase,1.0
6,natural,within_family,cxc_chemokine_receptor,1.0
6,natural,within_family,cytochrome_p450,1.0
6,natural,within_family,dopamine_receptor,1.0
6,natural,within_family,ectonucleotide_pyrophosphatase,1.0
6,natural,within_family,ferritin,1.0
6,natural,within_family,flavin_monooxygenase,1.0
6,natural,within_family,globins,1.0
6,natural,within_family,glutamate_metabotropic,1.0
6,natural,within_family,glutaredoxin,1.0
6,natural,within_family,glutathione_peroxidase,1.0
6,natural,within_family,glutathione_s_transferase,1.0
6,natural,within_family,guanylate_binding_protein,1.0
6,natural,within_family,heme_oxygenase,1.0
6,natural,within_family,histamine_receptor,1.0
6,natural,within_family,histone_deacetylase_classI,1.0
6,natural,within_family,histone_h4,1.0
6,natural,within_family,hox,1.0
6,natural,within_family,m14_carboxypeptidase,1.0
6,natural,within_family,matrix_metalloproteinase,1.0
6,natural,within_family,metallothionein,1.0
6,natural,within_family,muscarinic_receptor,1.0
6,natural,within_family,nadph_oxidase,1.0
6,natural,within_family,nitric_oxide_synthase,1.0
6,natural,within_family,olfactory_receptors,1.0
6,natural,within_family,opsins,1.0
6,natural,within_family,p2y_receptor,1.0
6,natural,within_family,peroxidase,1.0
6,natural,within_family,peroxiredoxin,1.0
6,natural,within_family,phosphodiesterase,1.0
6,natural,within_family,rab_gtpase,1.0
6,natural,within_family,ras_gtpases,1.0
6,natural,within_family,rho_gtpase,1.0
6,natural,within_family,serine_protease,1.0
6,natural,within_family,serotonin_receptor,1.0
6,natural,within_family,steap_metalloreductase,1.0
6,natural,within_family,sulfotransferase,1.0
6,natural,within_family,taste2_receptor,1.0
6,natural,within_family,udp_glucuronosyltransferase,1.0
6,gc_match,within_family,adam_metallopeptidase,0.7168441434688125
6,gc_match,within_family,adamts_metallopeptidase,0.8297100959627501
6,gc_match,within_family,adrenoceptor,0.3982595696042624
6,gc_match,within_family,alcohol_dehydrogenase,0.7261545940690325
6,gc_match,within_family,aldehyde_dehydrogenase,0.7997445274505137
6,gc_match,within_family,aldo_keto_reductase,0.7902811567460936
6,gc_match,within_family,alkaline_phosphatase,0.893714902228834
6,gc_match,within_family,arachidonate_lipoxygenase,0.7700449462410094
6,gc_match,within_family,arf_gtpase,0.4553435097264708
6,gc_match,within_family,carbonic_anhydrase,0.5723306077484287
6,gc_match,within_family,cxc_chemokine_receptor,0.4420570828040071
6,gc_match,within_family,cytochrome_p450,0.7183915612699391
6,gc_match,within_family,dopamine_receptor,0.4038174898854205
6,gc_match,within_family,ectonucleotide_pyrophosphatase,0.820547518261832
6,gc_match,within_family,ferritin,0.5137181929904552
6,gc_match,within_family,flavin_monooxygenase,0.8065516904370877
6,gc_match,within_family,globins,0.62703660593204
6,gc_match,within_family,glutamate_metabotropic,0.6004759892513974
6,gc_match,within_family,glutaredoxin,0.5726305454262399
6,gc_match,within_family,glutathione_peroxidase,0.5678111913498306
6,gc_match,within_family,glutathione_s_transferase,0.4401292364446498
6,gc_match,within_family,guanylate_binding_protein,0.6399209486166006
6,gc_match,within_family,heme_oxygenase,0.855276798673025
6,gc_match,within_family,histamine_receptor,0.5724002571232549
6,gc_match,within_family,histone_deacetylase_classI,0.8074045013925659
6,gc_match,within_family,histone_h4,0.0551202420767638
6,gc_match,within_family,hox,0.4079097776998629
6,gc_match,within_family,m14_carboxypeptidase,0.7640234648158836
6,gc_match,within_family,matrix_metalloproteinase,0.7027637132709937
6,gc_match,within_family,metallothionein,0.1644824125052157
6,gc_match,within_family,muscarinic_receptor,0.2816693283570129
6,gc_match,within_family,nadph_oxidase,0.8429162247358782
6,gc_match,within_family,nitric_oxide_synthase,0.4327400544401894
6,gc_match,within_family,olfactory_receptors,0.1057550363360258
6,gc_match,within_family,opsins,0.5869721528350059
6,gc_match,within_family,p2y_receptor,0.2339106838136543
6,gc_match,within_family,peroxidase,0.8684972805271635
6,gc_match,within_family,peroxiredoxin,0.7736717459149196
6,gc_match,within_family,phosphodiesterase,0.7741973339909122
6,gc_match,within_family,rab_gtpase,0.5720688313877849
6,gc_match,within_family,ras_gtpases,0.5193804333915966
6,gc_match,within_family,rho_gtpase,0.5253515220780629
6,gc_match,within_family,serine_protease,0.622665785342094
6,gc_match,within_family,serotonin_receptor,0.4586906412817227
6,gc_match,within_family,steap_metalloreductase,0.6926368132508071
6,gc_match,within_family,sulfotransferase,0.6950203633129196
6,gc_match,within_family,taste2_receptor,-0.0122080320976609
6,gc_match,within_family,udp_glucuronosyltransferase,0.8590737396887129
6,dinuc_shuffle,within_family,adam_metallopeptidase,0.7326429703526318
6,dinuc_shuffle,within_family,adamts_metallopeptidase,0.855933657239721
6,dinuc_shuffle,within_family,adrenoceptor,0.4904806978360646
6,dinuc_shuffle,within_family,alcohol_dehydrogenase,0.7254323216890062
6,dinuc_shuffle,within_family,aldehyde_dehydrogenase,0.8218045780230692
6,dinuc_shuffle,within_family,aldo_keto_reductase,0.8444947948382899
6,dinuc_shuffle,within_family,alkaline_phosphatase,0.9422285660675752
6,dinuc_shuffle,within_family,arachidonate_lipoxygenase,0.7902058352838705
6,dinuc_shuffle,within_family,arf_gtpase,0.522538549548874
6,dinuc_shuffle,within_family,carbonic_anhydrase,0.5342398740030229
6,dinuc_shuffle,within_family,cxc_chemokine_receptor,0.5425513980117103
6,dinuc_shuffle,within_family,cytochrome_p450,0.7311892306653816
6,dinuc_shuffle,within_family,dopamine_receptor,0.4708101176136112
6,dinuc_shuffle,within_family,ectonucleotide_pyrophosphatase,0.8086552957205219
6,dinuc_shuffle,within_family,ferritin,0.4810222328241392
6,dinuc_shuffle,within_family,flavin_monooxygenase,0.802371830818674
6,dinuc_shuffle,within_family,globins,0.6255649371801182
6,dinuc_shuffle,within_family,glutamate_metabotropic,0.6552743750121546
6,dinuc_shuffle,within_family,glutaredoxin,0.567501897583264
6,dinuc_shuffle,within_family,glutathione_peroxidase,0.6121546996615285
6,dinuc_shuffle,within_family,glutathione_s_transferase,0.4075834676199332
6,dinuc_shuffle,within_family,guanylate_binding_protein,0.5984189723320157
6,dinuc_shuffle,within_family,heme_oxygenase,0.8626166286543644
6,dinuc_shuffle,within_family,histamine_receptor,0.6554226289222007
6,dinuc_shuffle,within_family,histone_deacetylase_classI,0.8046576836469406
6,dinuc_shuffle,within_family,histone_h4,0.3707596751075012
6,dinuc_shuffle,within_family,hox,0.4528702173370932
6,dinuc_shuffle,within_family,m14_carboxypeptidase,0.7795136297565668
6,dinuc_shuffle,within_family,matrix_metalloproteinase,0.7411934714794952
6,dinuc_shuffle,within_family,metallothionein,0.4612985308194905
6,dinuc_shuffle,within_family,muscarinic_receptor,0.3733995502063585
6,dinuc_shuffle,within_family,nadph_oxidase,0.8613682182255952
6,dinuc_shuffle,within_family,nitric_oxide_synthase,0.3429459243929784
6,dinuc_shuffle,within_family,olfactory_receptors,0.2093616739314804
6,dinuc_shuffle,within_family,opsins,0.7257955553141017
6,dinuc_shuffle,within_family,p2y_receptor,0.3661539320569894
6,dinuc_shuffle,within_family,peroxidase,0.8895366290932806
6,dinuc_shuffle,within_family,peroxiredoxin,0.6925646375217975
6,dinuc_shuffle,within_family,phosphodiesterase,0.794034017917467
6,dinuc_shuffle,within_family,rab_gtpase,0.5931882891605165
6,dinuc_shuffle,within_family,ras_gtpases,0.5554675910834875
6,dinuc_shuffle,within_family,rho_gtpase,0.5198891885652426
6,dinuc_shuffle,within_family,serine_protease,0.665114674663949
6,dinuc_shuffle,within_family,serotonin_receptor,0.5242042832599578
6,dinuc_shuffle,within_family,steap_metalloreductase,0.649653200049482
6,dinuc_shuffle,within_family,sulfotransferase,0.7385178446996464
6,dinuc_shuffle,within_family,taste2_receptor,0.0945549296560021
6,dinuc_shuffle,within_family,udp_glucuronosyltransferase,0.8688452515992624
6,kmer4_shuffle,within_family,adam_metallopeptidase,0.7259907618783723
6,kmer4_shuffle,within_family,adamts_metallopeptidase,0.8380247949413975
6,kmer4_shuffle,within_family,adrenoceptor,0.5020120995271629
6,kmer4_shuffle,within_family,alcohol_dehydrogenase,0.7175914994096811
6,kmer4_shuffle,within_family,aldehyde_dehydrogenase,0.7840139029269734
6,kmer4_shuffle,within_family,aldo_keto_reductase,0.8185087671798875
6,kmer4_shuffle,within_family,alkaline_phosphatase,0.937574551351641
6,kmer4_shuffle,within_family,arachidonate_lipoxygenase,0.7638356411991384
6,kmer4_shuffle,within_family,arf_gtpase,0.5532203056958681
6,kmer4_shuffle,within_family,carbonic_anhydrase,0.6138633785072566
6,kmer4_shuffle,within_family,cxc_chemokine_receptor,0.5704341401996833
6,kmer4_shuffle,within_family,cytochrome_p450,0.7287650444348873
6,kmer4_shuffle,within_family,dopamine_receptor,0.6141711007127811
6,kmer4_shuffle,within_family,ectonucleotide_pyrophosphatase,0.8111514142833224
6,kmer4_shuffle,within_family,ferritin,0.6491713897200992
6,kmer4_shuffle,within_family,flavin_monooxygenase,0.7863792261704019
6,kmer4_shuffle,within_family,globins,0.6701119073888254
6,kmer4_shuffle,within_family,glutamate_metabotropic,0.584246528478009
6,kmer4_shuffle,within_family,glutaredoxin,0.6792875316230675
6,kmer4_shuffle,within_family,glutathione_peroxidase,0.524743702842574
6,kmer4_shuffle,within_family,glutathione_s_transferase,0.4625491765063059
6,kmer4_shuffle,within_family,guanylate_binding_protein,0.6179183135704874
6,kmer4_shuffle,within_family,heme_oxygenase,0.8872174994816504
6,kmer4_shuffle,within_family,histamine_receptor,0.5890151883544571
6,kmer4_shuffle,within_family,histone_deacetylase_classI,0.819631121659598
6,kmer4_shuffle,within_family,histone_h4,0.2665074056378404
6,kmer4_shuffle,within_family,hox,0.48104418430852
6,kmer4_shuffle,within_family,m14_carboxypeptidase,0.7697417698507523
6,kmer4_shuffle,within_family,matrix_metalloproteinase,0.7320067219046866
6,kmer4_shuffle,within_family,metallothionein,0.426798305950509
6,kmer4_shuffle,within_family,muscarinic_receptor,0.5993736985516058
6,kmer4_shuffle,within_family,nadph_oxidase,0.8676029525797189
6,kmer4_shuffle,within_family,nitric_oxide_synthase,0.574455873562689
6,kmer4_shuffle,within_family,olfactory_receptors,0.2571587964397704
6,kmer4_shuffle,within_family,opsins,0.6740205002853877
6,kmer4_shuffle,within_family,p2y_receptor,0.3909011243392539
6,kmer4_shuffle,within_family,peroxidase,0.8787695373028038
6,kmer4_shuffle,within_family,peroxiredoxin,0.7088769398248034
6,kmer4_shuffle,within_family,phosphodiesterase,0.7697697756786219
6,kmer4_shuffle,within_family,rab_gtpase,0.6105410764753899
6,kmer4_shuffle,within_family,ras_gtpases,0.5519929067078018
6,kmer4_shuffle,within_family,rho_gtpase,0.5701976712398165
6,kmer4_shuffle,within_family,serine_protease,0.6399874405565037
6,kmer4_shuffle,within_family,serotonin_receptor,0.5340876905360821
6,kmer4_shuffle,within_family,steap_metalloreductase,0.6072474353632317
6,kmer4_shuffle,within_family,sulfotransferase,0.740120453457645
6,kmer4_shuffle,within_family,taste2_receptor,0.1662363579480097
6,kmer4_shuffle,within_family,udp_glucuronosyltransferase,0.834730228179426
6,kmer6_shuffle,within_family,adam_metallopeptidase,0.7606226046653836
6,kmer6_shuffle,within_family,adamts_metallopeptidase,0.8377425805177372
6,kmer6_shuffle,within_family,adrenoceptor,0.5603886479220498
6,kmer6_shuffle,within_family,alcohol_dehydrogenase,0.8164178067921383
6,kmer6_shuffle,within_family,aldehyde_dehydrogenase,0.7858059287151948
6,kmer6_shuffle,within_family,aldo_keto_reductase,0.8328425683255742
6,kmer6_shuffle,within_family,alkaline_phosphatase,0.9142006084730544
6,kmer6_shuffle,within_family,arachidonate_lipoxygenase,0.7602818730048456
6,kmer6_shuffle,within_family,arf_gtpase,0.598470034523792
6,kmer6_shuffle,within_family,carbonic_anhydrase,0.5665864546167383
6,kmer6_shuffle,within_family,cxc_chemokine_receptor,0.4672592033780922
6,kmer6_shuffle,within_family,cytochrome_p450,0.7355863323914205
6,kmer6_shuffle,within_family,dopamine_receptor,0.515903797174021
6,kmer6_shuffle,within_family,ectonucleotide_pyrophosphatase,0.776209743847103
6,kmer6_shuffle,within_family,ferritin,0.7215963065067923
6,kmer6_shuffle,within_family,flavin_monooxygenase,0.7521340870704916
6,kmer6_shuffle,within_family,globins,0.7348918084145399
6,kmer6_shuffle,within_family,glutamate_metabotropic,0.5683092025385941
6,kmer6_shuffle,within_family,glutaredoxin,0.6919648848400544
6,kmer6_shuffle,within_family,glutathione_peroxidase,0.4930664677227266
6,kmer6_shuffle,within_family,glutathione_s_transferase,0.4758845331071856
6,kmer6_shuffle,within_family,guanylate_binding_protein,0.7154808959156784
6,kmer6_shuffle,within_family,heme_oxygenase,0.7810076715737093
6,kmer6_shuffle,within_family,histamine_receptor,0.6710416555922823
6,kmer6_shuffle,within_family,histone_deacetylase_classI,0.8248800188303955
6,kmer6_shuffle,within_family,histone_h4,0.4809364548494984
6,kmer6_shuffle,within_family,hox,0.4650457397195073
6,kmer6_shuffle,within_family,m14_carboxypeptidase,0.7634621757736183
6,kmer6_shuffle,within_family,matrix_metalloproteinase,0.7274200056921661
6,kmer6_shuffle,within_family,metallothionein,0.3052907499412509
6,kmer6_shuffle,within_family,muscarinic_receptor,0.450343133777566
6,kmer6_shuffle,within_family,nadph_oxidase,0.8571909723718655
6,kmer6_shuffle,within_family,nitric_oxide_synthase,0.6151350384411192
6,kmer6_shuffle,within_family,olfactory_receptors,0.3008014929463076
6,kmer6_shuffle,within_family,opsins,0.6519579165104085
6,kmer6_shuffle,within_family,p2y_receptor,0.418409085457626
6,kmer6_shuffle,within_family,peroxidase,0.8468490779402563
6,kmer6_shuffle,within_family,peroxiredoxin,0.7622781813674695
6,kmer6_shuffle,within_family,phosphodiesterase,0.7825530724904332
6,kmer6_shuffle,within_family,rab_gtpase,0.6056605883975896
6,kmer6_shuffle,within_family,ras_gtpases,0.5773575292176488
6,kmer6_shuffle,within_family,rho_gtpase,0.579734478482251
6,kmer6_shuffle,within_family,serine_protease,0.619758856589955
6,kmer6_shuffle,within_family,serotonin_receptor,0.5181518741195774
6,kmer6_shuffle,within_family,steap_metalloreductase,0.5687267386798868
6,kmer6_shuffle,within_family,sulfotransferase,0.7249921108789615
6,kmer6_shuffle,within_family,taste2_receptor,0.2141617645076718
6,kmer6_shuffle,within_family,udp_glucuronosyltransferase,0.8691905687894993
6,synonymous_recode,within_family,adam_metallopeptidase,0.791811399664118
6,synonymous_recode,within_family,adamts_metallopeptidase,0.8802529560745987
6,synonymous_recode,within_family,adrenoceptor,0.3586892921256417
6,synonymous_recode,within_family,alcohol_dehydrogenase,0.847440794499618
6,synonymous_recode,within_family,aldehyde_dehydrogenase,0.8482796380021892
6,synonymous_recode,within_family,aldo_keto_reductase,0.8380842634035321
6,synonymous_recode,within_family,alkaline_phosphatase,0.9341770200903328
6,synonymous_recode,within_family,arachidonate_lipoxygenase,0.8080189609651391
6,synonymous_recode,within_family,arf_gtpase,0.6791811152779302
6,synonymous_recode,within_family,carbonic_anhydrase,0.630761904972973
6,synonymous_recode,within_family,cxc_chemokine_receptor,0.4587491654388822
6,synonymous_recode,within_family,cytochrome_p450,0.7762761439669866
6,synonymous_recode,within_family,dopamine_receptor,0.4341696852831872
6,synonymous_recode,within_family,ectonucleotide_pyrophosphatase,0.8811879920079557
6,synonymous_recode,within_family,ferritin,0.4445941294232389
6,synonymous_recode,within_family,flavin_monooxygenase,0.7230050500760908
6,synonymous_recode,within_family,globins,0.7783625096353753
6,synonymous_recode,within_family,glutamate_metabotropic,0.7218032250168991
6,synonymous_recode,within_family,glutaredoxin,0.7678442350861205
6,synonymous_recode,within_family,glutathione_peroxidase,0.6428150822035211
6,synonymous_recode,within_family,glutathione_s_transferase,0.6332638166432262
6,synonymous_recode,within_family,guanylate_binding_protein,0.675296442687747
6,synonymous_recode,within_family,heme_oxygenase,0.9064379017209206
6,synonymous_recode,within_family,histamine_receptor,0.732978836856671
6,synonymous_recode,within_family,histone_deacetylase_classI,0.9150336797989954
6,synonymous_recode,within_family,histone_h4,0.1113871635610766
6,synonymous_recode,within_family,hox,0.4794865994616615
6,synonymous_recode,within_family,m14_carboxypeptidase,0.7958652137254354
6,synonymous_recode,within_family,matrix_metalloproteinase,0.7779664846748324
6,synonymous_recode,within_family,metallothionein,0.440300925860586
6,synonymous_recode,within_family,muscarinic_receptor,0.1673860459916809
6,synonymous_recode,within_family,nadph_oxidase,0.8420428210205869
6,synonymous_recode,within_family,nitric_oxide_synthase,0.6351020034150663
6,synonymous_recode,within_family,olfactory_receptors,0.197774365819458
6,synonymous_recode,within_family,opsins,0.6899969075126228
6,synonymous_recode,within_family,p2y_receptor,0.4061081280180175
6,synonymous_recode,within_family,peroxidase,0.852850011542482
6,synonymous_recode,within_family,peroxiredoxin,0.8745813781178013
6,synonymous_recode,within_family,phosphodiesterase,0.8691446037713324
6,synonymous_recode,within_family,rab_gtpase,0.7933303093965928
6,synonymous_recode,within_family,ras_gtpases,0.6899117476081108
6,synonymous_recode,within_family,rho_gtpase,0.6674801797247117
6,synonymous_recode,within_family,serine_protease,0.7094138206294447
6,synonymous_recode,within_family,serotonin_receptor,0.5243854171144584
6,synonymous_recode,within_family,steap_metalloreductase,0.565700898739493
6,synonymous_recode,within_family,sulfotransferase,0.8426908832400594
6,synonymous_recode,within_family,taste2_receptor,0.3159879714350175
6,synonymous_recode,within_family,udp_glucuronosyltransferase,0.889048429289071
6,missense_subset,within_family,adam_metallopeptidase,0.8194896134614241
6,missense_subset,within_family,adamts_metallopeptidase,0.8872985159569813
6,missense_subset,within_family,adrenoceptor,0.7984928689832345
6,missense_subset,within_family,alcohol_dehydrogenase,0.8655045489270086
6,missense_subset,within_family,aldehyde_dehydrogenase,0.8954985361563069
6,missense_subset,within_family,aldo_keto_reductase,0.8773244835278873
6,missense_subset,within_family,alkaline_phosphatase,0.9511278195488722
6,missense_subset,within_family,arachidonate_lipoxygenase,0.9177634349431432
6,missense_subset,within_family,arf_gtpase,0.7416125152527194
6,missense_subset,within_family,carbonic_anhydrase,0.8059281684149145
6,missense_subset,within_family,cxc_chemokine_receptor,0.6213642017465508
6,missense_subset,within_family,cytochrome_p450,0.8403236530134635
6,missense_subset,within_family,dopamine_receptor,0.5762135758916184
6,missense_subset,within_family,ectonucleotide_pyrophosphatase,0.8661770920383188
6,missense_subset,within_family,ferritin,0.7144339230481987
6,missense_subset,within_family,flavin_monooxygenase,0.814193564546874
6,missense_subset,within_family,globins,0.8970622751387624
6,missense_subset,within_family,glutamate_metabotropic,0.851165325946204
6,missense_subset,within_family,glutaredoxin,0.8697592553618432
6,missense_subset,within_family,glutathione_peroxidase,0.6726119996524826
6,missense_subset,within_family,glutathione_s_transferase,0.6818903026901436
6,missense_subset,within_family,guanylate_binding_protein,0.8322134387351778
6,missense_subset,within_family,heme_oxygenase,0.9298258345428156
6,missense_subset,within_family,histamine_receptor,0.8639971827850812
6,missense_subset,within_family,histone_deacetylase_classI,0.9521365482861
6,missense_subset,within_family,histone_h4,0.3210543080108298
6,missense_subset,within_family,hox,0.6508221816106615
6,missense_subset,within_family,m14_carboxypeptidase,0.8738555277644371
6,missense_subset,within_family,matrix_metalloproteinase,0.8646320696712919
6,missense_subset,within_family,metallothionein,0.4623729073988251
6,missense_subset,within_family,muscarinic_receptor,0.5650031842874449
6,missense_subset,within_family,nadph_oxidase,0.9046936014969272
6,missense_subset,within_family,nitric_oxide_synthase,0.879731272343975
6,missense_subset,within_family,olfactory_receptors,0.3731045646079532
6,missense_subset,within_family,opsins,0.8195279907887381
6,missense_subset,within_family,p2y_receptor,0.4793517485630367
6,missense_subset,within_family,peroxidase,0.9169395652052073
6,missense_subset,within_family,peroxiredoxin,0.8961994746727676
6,missense_subset,within_family,phosphodiesterase,0.9012820910823416
6,missense_subset,within_family,rab_gtpase,0.8419976448159994
6,missense_subset,within_family,ras_gtpases,0.7358906821416052
6,missense_subset,within_family,rho_gtpase,0.7407862021736529
6,missense_subset,within_family,serine_protease,0.7963857482292397
6,missense_subset,within_family,serotonin_receptor,0.6449655697812158
6,missense_subset,within_family,steap_metalloreductase,0.6554512913548783
6,missense_subset,within_family,sulfotransferase,0.8868571228591786
6,missense_subset,within_family,taste2_receptor,0.2876568030017709
6,missense_subset,within_family,udp_glucuronosyltransferase,0.9104170042672716
6,paired_p3_syn,within_family,adam_metallopeptidase,0.8854082186331799
6,paired_p3_syn,within_family,adamts_metallopeptidase,0.934704177929083
6,paired_p3_syn,within_family,adrenoceptor,0.6735212660086578
6,paired_p3_syn,within_family,alcohol_dehydrogenase,0.8029446489339536
6,paired_p3_syn,within_family,aldehyde_dehydrogenase,0.8943197630067397
6,paired_p3_syn,within_family,aldo_keto_reductase,0.9206391703375514
6,paired_p3_syn,within_family,alkaline_phosphatase,0.9435922694436626
6,paired_p3_syn,within_family,arachidonate_lipoxygenase,0.8642652461795312
6,paired_p3_syn,within_family,arf_gtpase,0.839424231893702
6,paired_p3_syn,within_family,carbonic_anhydrase,0.7971060790592447
6,paired_p3_syn,within_family,cxc_chemokine_receptor,0.6602128295373036
6,paired_p3_syn,within_family,cytochrome_p450,0.8558499356557798
6,paired_p3_syn,within_family,dopamine_receptor,0.694303537139605
6,paired_p3_syn,within_family,ectonucleotide_pyrophosphatase,0.9276169184545509
6,paired_p3_syn,within_family,ferritin,0.6192418756938636
6,paired_p3_syn,within_family,flavin_monooxygenase,0.7847491359999704
6,paired_p3_syn,within_family,globins,0.890253093716377
6,paired_p3_syn,within_family,glutamate_metabotropic,0.7647569750920341
6,paired_p3_syn,within_family,glutaredoxin,0.8896488026372578
6,paired_p3_syn,within_family,glutathione_peroxidase,0.7012115392658488
6,paired_p3_syn,within_family,glutathione_s_transferase,0.6727804669512062
6,paired_p3_syn,within_family,guanylate_binding_protein,0.7658102766798418
6,paired_p3_syn,within_family,heme_oxygenase,0.9095272651876424
6,paired_p3_syn,within_family,histamine_receptor,0.8651680864067197
6,paired_p3_syn,within_family,histone_deacetylase_classI,0.9390494767071024
6,paired_p3_syn,within_family,histone_h4,0.6771141901576685
6,paired_p3_syn,within_family,hox,0.7972702799662409
6,paired_p3_syn,within_family,m14_carboxypeptidase,0.8775165733604546
6,paired_p3_syn,within_family,matrix_metalloproteinase,0.8913442536778604
6,paired_p3_syn,within_family,metallothionein,0.7151810561940555
6,paired_p3_syn,within_family,muscarinic_receptor,0.6103604695381772
6,paired_p3_syn,within_family,nadph_oxidase,0.903222144626862
6,paired_p3_syn,within_family,nitric_oxide_synthase,0.8513576030561261
6,paired_p3_syn,within_family,olfactory_receptors,0.5694903744483515
6,paired_p3_syn,within_family,opsins,0.7671826903685569
6,paired_p3_syn,within_family,p2y_receptor,0.5361652620513311
6,paired_p3_syn,within_family,peroxidase,0.916499418870226
6,paired_p3_syn,within_family,peroxiredoxin,0.9194981458371868
6,paired_p3_syn,within_family,phosphodiesterase,0.9140138333931676
6,paired_p3_syn,within_family,rab_gtpase,0.8893276538613899
6,paired_p3_syn,within_family,ras_gtpases,0.8201186763300526
6,paired_p3_syn,within_family,rho_gtpase,0.7864031213277209
6,paired_p3_syn,within_family,serine_protease,0.796278284261586
6,paired_p3_syn,within_family,serotonin_receptor,0.7263138636451133
6,paired_p3_syn,within_family,steap_metalloreductase,0.7549665370105149
6,paired_p3_syn,within_family,sulfotransferase,0.8747572000902275
6,paired_p3_syn,within_family,taste2_receptor,0.4888513156814451
6,paired_p3_syn,within_family,udp_glucuronosyltransferase,0.9371111805603786
6,paired_p3_missense,within_family,adam_metallopeptidase,0.869953318838504
6,paired_p3_missense,within_family,adamts_metallopeptidase,0.8905154653837718
6,paired_p3_missense,within_family,adrenoceptor,0.660131451905075
6,paired_p3_missense,within_family,alcohol_dehydrogenase,0.8194805194805194
6,paired_p3_missense,within_family,aldehyde_dehydrogenase,0.868460009823754
6,paired_p3_missense,within_family,aldo_keto_reductase,0.9209031294518544
6,paired_p3_missense,within_family,alkaline_phosphatase,0.9550648010400332
6,paired_p3_missense,within_family,arachidonate_lipoxygenase,0.8915332772376449
6,paired_p3_missense,within_family,arf_gtpase,0.7958331763664327
6,paired_p3_missense,within_family,carbonic_anhydrase,0.7722502225408586
6,paired_p3_missense,within_family,cxc_chemokine_receptor,0.6116423200484954
6,paired_p3_missense,within_family,cytochrome_p450,0.8619987143389182
6,paired_p3_missense,within_family,dopamine_receptor,0.7115089297711753
6,paired_p3_missense,within_family,ectonucleotide_pyrophosphatase,0.8852041571553475
6,paired_p3_missense,within_family,ferritin,0.7466590876379295
6,paired_p3_missense,within_family,flavin_monooxygenase,0.8258052698662081
6,paired_p3_missense,within_family,globins,0.856349783320027
6,paired_p3_missense,within_family,glutamate_metabotropic,0.7382920198886433
6,paired_p3_missense,within_family,glutaredoxin,0.8834952537340339
6,paired_p3_missense,within_family,glutathione_peroxidase,0.7383613521210929
6,paired_p3_missense,within_family,glutathione_s_transferase,0.7686549269085345
6,paired_p3_missense,within_family,guanylate_binding_protein,0.6524374176548089
6,paired_p3_missense,within_family,heme_oxygenase,0.9261455525606468
6,paired_p3_missense,within_family,histamine_receptor,0.8238653931147591
6,paired_p3_missense,within_family,histone_deacetylase_classI,0.9298595940579716
6,paired_p3_missense,within_family,histone_h4,0.7135690396559963
6,paired_p3_missense,within_family,hox,0.7398927577761767
6,paired_p3_missense,within_family,m14_carboxypeptidase,0.8656419170467031
6,paired_p3_missense,within_family,matrix_metalloproteinase,0.8770722935500249
6,paired_p3_missense,within_family,metallothionein,0.6046325324880808
6,paired_p3_missense,within_family,muscarinic_receptor,0.5373085103011674
6,paired_p3_missense,within_family,nadph_oxidase,0.8764339923667999
6,paired_p3_missense,within_family,nitric_oxide_synthase,0.7676351558781768
6,paired_p3_missense,within_family,olfactory_receptors,0.4832297770626568
6,paired_p3_missense,within_family,opsins,0.8134460916163221
6,paired_p3_missense,within_family,p2y_receptor,0.5117978838376536
6,paired_p3_missense,within_family,peroxidase,0.9156519587560104
6,paired_p3_missense,within_family,peroxiredoxin,0.8565832921775935
6,paired_p3_missense,within_family,phosphodiesterase,0.9107801407293326
6,paired_p3_missense,within_family,rab_gtpase,0.8367302806884525
6,paired_p3_missense,within_family,ras_gtpases,0.8021154246482528
6,paired_p3_missense,within_family,rho_gtpase,0.7982214572235277
6,paired_p3_missense,within_family,serine_protease,0.8050501776199187
6,paired_p3_missense,within_family,serotonin_receptor,0.6841719258429138
6,paired_p3_missense,within_family,steap_metalloreductase,0.6599305530498133
6,paired_p3_missense,within_family,sulfotransferase,0.8813383086373674
6,paired_p3_missense,within_family,taste2_receptor,0.3955997318807909
6,paired_p3_missense,within_family,udp_glucuronosyltransferase,0.9015566281609062
7,natural,within_family,adam_metallopeptidase,1.0
7,natural,within_family,adamts_metallopeptidase,1.0
7,natural,within_family,adrenoceptor,1.0
7,natural,within_family,alcohol_dehydrogenase,1.0
7,natural,within_family,aldehyde_dehydrogenase,1.0
7,natural,within_family,aldo_keto_reductase,1.0
7,natural,within_family,alkaline_phosphatase,1.0
7,natural,within_family,arachidonate_lipoxygenase,1.0
7,natural,within_family,arf_gtpase,1.0
7,natural,within_family,carbonic_anhydrase,1.0
7,natural,within_family,cxc_chemokine_receptor,1.0
7,natural,within_family,cytochrome_p450,1.0
7,natural,within_family,dopamine_receptor,1.0
7,natural,within_family,ectonucleotide_pyrophosphatase,1.0
7,natural,within_family,ferritin,1.0
7,natural,within_family,flavin_monooxygenase,1.0
7,natural,within_family,globins,1.0
7,natural,within_family,glutamate_metabotropic,1.0
7,natural,within_family,glutaredoxin,1.0
7,natural,within_family,glutathione_peroxidase,1.0
7,natural,within_family,glutathione_s_transferase,1.0
7,natural,within_family,guanylate_binding_protein,1.0
7,natural,within_family,heme_oxygenase,1.0
7,natural,within_family,histamine_receptor,1.0
7,natural,within_family,histone_deacetylase_classI,1.0
7,natural,within_family,histone_h4,1.0
7,natural,within_family,hox,1.0
7,natural,within_family,m14_carboxypeptidase,1.0
7,natural,within_family,matrix_metalloproteinase,1.0
7,natural,within_family,metallothionein,1.0
7,natural,within_family,muscarinic_receptor,1.0
7,natural,within_family,nadph_oxidase,1.0
7,natural,within_family,nitric_oxide_synthase,1.0
7,natural,within_family,olfactory_receptors,1.0
7,natural,within_family,opsins,1.0
7,natural,within_family,p2y_receptor,1.0
7,natural,within_family,peroxidase,1.0
7,natural,within_family,peroxiredoxin,1.0
7,natural,within_family,phosphodiesterase,1.0
7,natural,within_family,rab_gtpase,1.0
7,natural,within_family,ras_gtpases,1.0
7,natural,within_family,rho_gtpase,1.0
7,natural,within_family,serine_protease,1.0
7,natural,within_family,serotonin_receptor,1.0
7,natural,within_family,steap_metalloreductase,1.0
7,natural,within_family,sulfotransferase,1.0
7,natural,within_family,taste2_receptor,1.0
7,natural,within_family,udp_glucuronosyltransferase,1.0
7,gc_match,within_family,adam_metallopeptidase,0.6910487153133048
7,gc_match,within_family,adamts_metallopeptidase,0.7775765575038948
7,gc_match,within_family,adrenoceptor,0.3625060280841789
7,gc_match,within_family,alcohol_dehydrogenase,0.6354885755955273
7,gc_match,within_family,aldehyde_dehydrogenase,0.7002538098569557
7,gc_match,within_family,aldo_keto_reductase,0.672794268338803
7,gc_match,within_family,alkaline_phosphatase,0.8483943816761153
7,gc_match,within_family,arachidonate_lipoxygenase,0.6766965353892783
7,gc_match,within_family,arf_gtpase,0.3258903872331854
7,gc_match,within_family,carbonic_anhydrase,0.4282775280519377
7,gc_match,within_family,cxc_chemokine_receptor,0.4411926894589997
7,gc_match,within_family,cytochrome_p450,0.6357343594784315
7,gc_match,within_family,dopamine_receptor,0.3030195571282793
7,gc_match,within_family,ectonucleotide_pyrophosphatase,0.7388728835895388
7,gc_match,within_family,ferritin,0.5767218134109554
7,gc_match,within_family,flavin_monooxygenase,0.7614664780076961
7,gc_match,within_family,globins,0.4809015407965066
7,gc_match,within_family,glutamate_metabotropic,0.5441757032183949
7,gc_match,within_family,glutaredoxin,0.3887678337862458
7,gc_match,within_family,glutathione_peroxidase,0.3821792383778539
7,gc_match,within_family,glutathione_s_transferase,0.3194141544294093
7,gc_match,within_family,guanylate_binding_protein,0.5608695652173913
7,gc_match,within_family,heme_oxygenase,0.7677379224549035
7,gc_match,within_family,histamine_receptor,0.5444404824648532
7,gc_match,within_family,histone_deacetylase_classI,0.6897039497714904
7,gc_match,within_family,histone_h4,-0.0218983914636088
7,gc_match,within_family,hox,0.3370453623050198
7,gc_match,within_family,m14_carboxypeptidase,0.6791931607617372
7,gc_match,within_family,matrix_metalloproteinase,0.6297475540446612
7,gc_match,within_family,metallothionein,0.1390751233712572
7,gc_match,within_family,muscarinic_receptor,0.2733902200928699
7,gc_match,within_family,nadph_oxidase,0.7696955343794144
7,gc_match,within_family,nitric_oxide_synthase,0.3968066029861871
7,gc_match,within_family,olfactory_receptors,0.0912933739939916
7,gc_match,within_family,opsins,0.501916803479324
7,gc_match,within_family,p2y_receptor,0.2488474803832687
7,gc_match,within_family,peroxidase,0.814394812674772
7,gc_match,within_family,peroxiredoxin,0.6515712209178972
7,gc_match,within_family,phosphodiesterase,0.6690409570683096
7,gc_match,within_family,rab_gtpase,0.444957668375623
7,gc_match,within_family,ras_gtpases,0.384075044833822
7,gc_match,within_family,rho_gtpase,0.4188946746103994
7,gc_match,within_family,serine_protease,0.543733687548242
7,gc_match,within_family,serotonin_receptor,0.4100838662533073
7,gc_match,within_family,steap_metalloreductase,0.5630971414763036
7,gc_match,within_family,sulfotransferase,0.6035489463594548
7,gc_match,within_family,taste2_receptor,-0.0062039074400962
7,gc_match,within_family,udp_glucuronosyltransferase,0.7887449745738517
7,dinuc_shuffle,within_family,adam_metallopeptidase,0.6877847419948173
7,dinuc_shuffle,within_family,adamts_metallopeptidase,0.8003406083721809
7,dinuc_shuffle,within_family,adrenoceptor,0.4341236148146421
7,dinuc_shuffle,within_family,alcohol_dehydrogenase,0.6897284533648169
7,dinuc_shuffle,within_family,aldehyde_dehydrogenase,0.72226032440701
7,dinuc_shuffle,within_family,aldo_keto_reductase,0.7445856443536494
7,dinuc_shuffle,within_family,alkaline_phosphatase,0.9230462519936202
7,dinuc_shuffle,within_family,arachidonate_lipoxygenase,0.6958451678377674
7,dinuc_shuffle,within_family,arf_gtpase,0.400412965589377
7,dinuc_shuffle,within_family,carbonic_anhydrase,0.3856838885480751
7,dinuc_shuffle,within_family,cxc_chemokine_receptor,0.576655019002012
7,dinuc_shuffle,within_family,cytochrome_p450,0.6431999032027222
7,dinuc_shuffle,within_family,dopamine_receptor,0.342747914748652
7,dinuc_shuffle,within_family,ectonucleotide_pyrophosphatase,0.70037172783176
7,dinuc_shuffle,within_family,ferritin,0.4000674865706253
7,dinuc_shuffle,within_family,flavin_monooxygenase,0.7351065963832439
7,dinuc_shuffle,within_family,globins,0.4226021712225436
7,dinuc_shuffle,within_family,glutamate_metabotropic,0.5572363207882518
7,dinuc_shuffle,within_family,glutaredoxin,0.308664237200189
7,dinuc_shuffle,within_family,glutathione_peroxidase,0.5338107694192539
7,dinuc_shuffle,within_family,glutathione_s_transferase,0.2627468993968543
7,dinuc_shuffle,within_family,guanylate_binding_protein,0.5057971014492753
7,dinuc_shuffle,within_family,heme_oxygenase,0.8005079825834542
7,dinuc_shuffle,within_family,histamine_receptor,0.621124691014711
7,dinuc_shuffle,within_family,histone_deacetylase_classI,0.6668526572669125
7,dinuc_shuffle,within_family,histone_h4,0.2876891224717312
7,dinuc_shuffle,within_family,hox,0.3963787623892525
7,dinuc_shuffle,within_family,m14_carboxypeptidase,0.6957458484919763
7,dinuc_shuffle,within_family,matrix_metalloproteinase,0.652235785277226
7,dinuc_shuffle,within_family,metallothionein,0.1595295947075615
7,dinuc_shuffle,within_family,muscarinic_receptor,0.3794786149413414
7,dinuc_shuffle,within_family,nadph_oxidase,0.814035389027225
7,dinuc_shuffle,within_family,nitric_oxide_synthase,0.3240779470409912
7,dinuc_shuffle,within_family,olfactory_receptors,0.2003378317166814
7,dinuc_shuffle,within_family,opsins,0.6244672884972898
7,dinuc_shuffle,within_family,p2y_receptor,0.346784945998421
7,dinuc_shuffle,within_family,peroxidase,0.8560897379561337
7,dinuc_shuffle,within_family,peroxiredoxin,0.5797325324003184
7,dinuc_shuffle,within_family,phosphodiesterase,0.6822306826272663
7,dinuc_shuffle,within_family,rab_gtpase,0.4476562451111741
7,dinuc_shuffle,within_family,ras_gtpases,0.3994531340695078
7,dinuc_shuffle,within_family,rho_gtpase,0.3881570117735648
7,dinuc_shuffle,within_family,serine_protease,0.5837300640430417
7,dinuc_shuffle,within_family,serotonin_receptor,0.4955927874668497
7,dinuc_shuffle,within_family,steap_metalloreductase,0.5691891834900096
7,dinuc_shuffle,within_family,sulfotransferase,0.6122904641430266
7,dinuc_shuffle,within_family,taste2_receptor,0.099309807533563
7,dinuc_shuffle,within_family,udp_glucuronosyltransferase,0.8216062458041067
7,kmer4_shuffle,within_family,adam_metallopeptidase,0.7012374036325473
7,kmer4_shuffle,within_family,adamts_metallopeptidase,0.7552273124106793
7,kmer4_shuffle,within_family,adrenoceptor,0.4208686856602632
7,kmer4_shuffle,within_family,alcohol_dehydrogenase,0.6438433224529481
7,kmer4_shuffle,within_family,aldehyde_dehydrogenase,0.6691589249138259
7,kmer4_shuffle,within_family,aldo_keto_reductase,0.7022539956496073
7,kmer4_shuffle,within_family,alkaline_phosphatase,0.902399715867208
7,kmer4_shuffle,within_family,arachidonate_lipoxygenase,0.6364182194023998
7,kmer4_shuffle,within_family,arf_gtpase,0.3826835635059231
7,kmer4_shuffle,within_family,carbonic_anhydrase,0.4510151486222998
7,kmer4_shuffle,within_family,cxc_chemokine_receptor,0.552930880227931
7,kmer4_shuffle,within_family,cytochrome_p450,0.623412887280648
7,kmer4_shuffle,within_family,dopamine_receptor,0.5256703292849527
7,kmer4_shuffle,within_family,ectonucleotide_pyrophosphatase,0.6969338038507898
7,kmer4_shuffle,within_family,ferritin,0.6315514563712656
7,kmer4_shuffle,within_family,flavin_monooxygenase,0.7134968684506583
7,kmer4_shuffle,within_family,globins,0.493980923916905
7,kmer4_shuffle,within_family,glutamate_metabotropic,0.4665770643814633
7,kmer4_shuffle,within_family,glutaredoxin,0.3627179010281262
7,kmer4_shuffle,within_family,glutathione_peroxidase,0.3799375965664049
7,kmer4_shuffle,within_family,glutathione_s_transferase,0.3167970948819847
7,kmer4_shuffle,within_family,guanylate_binding_protein,0.5577733860342555
7,kmer4_shuffle,within_family,heme_oxygenase,0.8472112792867509
7,kmer4_shuffle,within_family,histamine_receptor,0.5647207041929885
7,kmer4_shuffle,within_family,histone_deacetylase_classI,0.6477065794153516
7,kmer4_shuffle,within_family,histone_h4,0.1962892180283484
7,kmer4_shuffle,within_family,hox,0.390785053277647
7,kmer4_shuffle,within_family,m14_carboxypeptidase,0.666284886175185
7,kmer4_shuffle,within_family,matrix_metalloproteinase,0.6340944079978706
7,kmer4_shuffle,within_family,metallothionein,0.3520520470921864
7,kmer4_shuffle,within_family,muscarinic_receptor,0.5836357267965936
7,kmer4_shuffle,within_family,nadph_oxidase,0.832252540961438
7,kmer4_shuffle,within_family,nitric_oxide_synthase,0.562772870869047
7,kmer4_shuffle,within_family,olfactory_receptors,0.2582792724897667
7,kmer4_shuffle,within_family,opsins,0.5131243450198054
7,kmer4_shuffle,within_family,p2y_receptor,0.3729682777252611
7,kmer4_shuffle,within_family,peroxidase,0.8395434727169084
7,kmer4_shuffle,within_family,peroxiredoxin,0.5131412496144356
7,kmer4_shuffle,within_family,phosphodiesterase,0.6535836297235463
7,kmer4_shuffle,within_family,rab_gtpase,0.4450044731548454
7,kmer4_shuffle,within_family,ras_gtpases,0.3573792388005684
7,kmer4_shuffle,within_family,rho_gtpase,0.431445127689218
7,kmer4_shuffle,within_family,serine_protease,0.5548417612334785
7,kmer4_shuffle,within_family,serotonin_receptor,0.4722477200085991
7,kmer4_shuffle,within_family,steap_metalloreductase,0.5651729835089022
7,kmer4_shuffle,within_family,sulfotransferase,0.6206649324402108
7,kmer4_shuffle,within_family,taste2_receptor,0.1942792907779293
7,kmer4_shuffle,within_family,udp_glucuronosyltransferase,0.7659885717372349
7,kmer6_shuffle,within_family,adam_metallopeptidase,0.7164847667131146
7,kmer6_shuffle,within_family,adamts_metallopeptidase,0.7680763586687968
7,kmer6_shuffle,within_family,adrenoceptor,0.4711894795940397
7,kmer6_shuffle,within_family,alcohol_dehydrogenase,0.7725119799986109
7,kmer6_shuffle,within_family,aldehyde_dehydrogenase,0.6832275587175201
7,kmer6_shuffle,within_family,aldo_keto_reductase,0.6956452291511444
7,kmer6_shuffle,within_family,alkaline_phosphatase,0.8402222132872286
7,kmer6_shuffle,within_family,arachidonate_lipoxygenase,0.6307386239881562
7,kmer6_shuffle,within_family,arf_gtpase,0.4335743624873285
7,kmer6_shuffle,within_family,carbonic_anhydrase,0.4383449623258234
7,kmer6_shuffle,within_family,cxc_chemokine_receptor,0.4131639202302564
7,kmer6_shuffle,within_family,cytochrome_p450,0.6166487156195191
7,kmer6_shuffle,within_family,dopamine_receptor,0.4196770757088895
7,kmer6_shuffle,within_family,ectonucleotide_pyrophosphatase,0.6561286797535641
7,kmer6_shuffle,within_family,ferritin,0.4969954636543801
7,kmer6_shuffle,within_family,flavin_monooxygenase,0.6689565812864189
7,kmer6_shuffle,within_family,globins,0.6306109216787017
7,kmer6_shuffle,within_family,glutamate_metabotropic,0.4919899631211075
7,kmer6_shuffle,within_family,glutaredoxin,0.4531785852641794
7,kmer6_shuffle,within_family,glutathione_peroxidase,0.3519378138933344
7,kmer6_shuffle,within_family,glutathione_s_transferase,0.3253179765228933
7,kmer6_shuffle,within_family,guanylate_binding_protein,0.5791831357048747
7,kmer6_shuffle,within_family,heme_oxygenase,0.5236367406178727
7,kmer6_shuffle,within_family,histamine_receptor,0.5881788185586465
7,kmer6_shuffle,within_family,histone_deacetylase_classI,0.6117873834514906
7,kmer6_shuffle,within_family,histone_h4,0.4769390030259596
7,kmer6_shuffle,within_family,hox,0.3587782786211561
7,kmer6_shuffle,within_family,m14_carboxypeptidase,0.6588112038936399
7,kmer6_shuffle,within_family,matrix_metalloproteinase,0.601788891972288
7,kmer6_shuffle,within_family,metallothionein,0.2178162266898688
7,kmer6_shuffle,within_family,muscarinic_receptor,0.3545863317383391
7,kmer6_shuffle,within_family,nadph_oxidase,0.7777786541363886
7,kmer6_shuffle,within_family,nitric_oxide_synthase,0.49499608772957
7,kmer6_shuffle,within_family,olfactory_receptors,0.2629112099561209
7,kmer6_shuffle,within_family,opsins,0.5407373482118606
7,kmer6_shuffle,within_family,p2y_receptor,0.4008959454102489
7,kmer6_shuffle,within_family,peroxidase,0.8020095906899465
7,kmer6_shuffle,within_family,peroxiredoxin,0.6436168805889299
7,kmer6_shuffle,within_family,phosphodiesterase,0.6630861325987973
7,kmer6_shuffle,within_family,rab_gtpase,0.4264790710954259
7,kmer6_shuffle,within_family,ras_gtpases,0.3714675556381295
7,kmer6_shuffle,within_family,rho_gtpase,0.4714064679665247
7,kmer6_shuffle,within_family,serine_protease,0.5135868247062152
7,kmer6_shuffle,within_family,serotonin_receptor,0.4407437535566406
7,kmer6_shuffle,within_family,steap_metalloreductase,0.4264043183841004
7,kmer6_shuffle,within_family,sulfotransferase,0.5618680008018505
7,kmer6_shuffle,within_family,taste2_receptor,0.1826431315482367
7,kmer6_shuffle,within_family,udp_glucuronosyltransferase,0.8214766071717943
7,synonymous_recode,within_family,adam_metallopeptidase,0.7626447984012303
7,synonymous_recode,within_family,adamts_metallopeptidase,0.8400956063860894
7,synonymous_recode,within_family,adrenoceptor,0.3742262605280225
7,synonymous_recode,within_family,alcohol_dehydrogenase,0.7085839294395443
7,synonymous_recode,within_family,aldehyde_dehydrogenase,0.7902522674237015
7,synonymous_recode,within_family,aldo_keto_reductase,0.8073458419246275
7,synonymous_recode,within_family,alkaline_phosphatase,0.9203523514669024
7,synonymous_recode,within_family,arachidonate_lipoxygenase,0.7276945974118417
7,synonymous_recode,within_family,arf_gtpase,0.655101571005576
7,synonymous_recode,within_family,carbonic_anhydrase,0.5543909871359065
7,synonymous_recode,within_family,cxc_chemokine_receptor,0.4634822774233629
7,synonymous_recode,within_family,cytochrome_p450,0.7098816917110224
7,synonymous_recode,within_family,dopamine_receptor,0.4121350928899668
7,synonymous_recode,within_family,ectonucleotide_pyrophosphatase,0.831825170828007
7,synonymous_recode,within_family,ferritin,0.4787916028790243
7,synonymous_recode,within_family,flavin_monooxygenase,0.6326721608138445
7,synonymous_recode,within_family,globins,0.7328281865729404
7,synonymous_recode,within_family,glutamate_metabotropic,0.684823082167201
7,synonymous_recode,within_family,glutaredoxin,0.7297652778141429
7,synonymous_recode,within_family,glutathione_peroxidase,0.5860843698155405
7,synonymous_recode,within_family,glutathione_s_transferase,0.549864268782521
7,synonymous_recode,within_family,guanylate_binding_protein,0.6269433465085639
7,synonymous_recode,within_family,heme_oxygenase,0.8451586149699357
7,synonymous_recode,within_family,histamine_receptor,0.7252491975415822
7,synonymous_recode,within_family,histone_deacetylase_classI,0.8568024082049406
7,synonymous_recode,within_family,histone_h4,0.1645484949832776
7,synonymous_recode,within_family,hox,0.4968416017999431
7,synonymous_recode,within_family,m14_carboxypeptidase,0.7100691513735673
7,synonymous_recode,within_family,matrix_metalloproteinase,0.7306246794445561
7,synonymous_recode,within_family,metallothionein,0.3876132976108354
7,synonymous_recode,within_family,muscarinic_receptor,0.1710019659706386
7,synonymous_recode,within_family,nadph_oxidase,0.7701342692699752
7,synonymous_recode,within_family,nitric_oxide_synthase,0.6162753667585108
7,synonymous_recode,within_family,olfactory_receptors,0.1969837756553003
7,synonymous_recode,within_family,opsins,0.6489198340642245
7,synonymous_recode,within_family,p2y_receptor,0.3999813500749653
7,synonymous_recode,within_family,peroxidase,0.8098268434535397
7,synonymous_recode,within_family,peroxiredoxin,0.8096683652385703
7,synonymous_recode,within_family,phosphodiesterase,0.8290218520202747
7,synonymous_recode,within_family,rab_gtpase,0.7646483976139534
7,synonymous_recode,within_family,ras_gtpases,0.6554166903874774
7,synonymous_recode,within_family,rho_gtpase,0.657113785670392
7,synonymous_recode,within_family,serine_protease,0.6568795183764163
7,synonymous_recode,within_family,serotonin_receptor,0.4937629965369822
7,synonymous_recode,within_family,steap_metalloreductase,0.5094468067481707
7,synonymous_recode,within_family,sulfotransferase,0.7657129428185941
7,synonymous_recode,within_family,taste2_receptor,0.3480615739925733
7,synonymous_recode,within_family,udp_glucuronosyltransferase,0.8319161824509418
7,missense_subset,within_family,adam_metallopeptidase,0.7824576574162916
7,missense_subset,within_family,adamts_metallopeptidase,0.8410710168074821
7,missense_subset,within_family,adrenoceptor,0.7897677125205586
7,missense_subset,within_family,alcohol_dehydrogenase,0.7927842211264671
7,missense_subset,within_family,aldehyde_dehydrogenase,0.8293819959228134
7,missense_subset,within_family,aldo_keto_reductase,0.8038833146445619
7,missense_subset,within_family,alkaline_phosphatase,0.920355702089448
7,missense_subset,within_family,arachidonate_lipoxygenase,0.8702661110736075
7,missense_subset,within_family,arf_gtpase,0.6742332904960999
7,missense_subset,within_family,carbonic_anhydrase,0.7309811234313214
7,missense_subset,within_family,cxc_chemokine_receptor,0.5977082056536142
7,missense_subset,within_family,cytochrome_p450,0.7787144585913769
7,missense_subset,within_family,dopamine_receptor,0.5188055409278638
7,missense_subset,within_family,ectonucleotide_pyrophosphatase,0.827517076120197
7,missense_subset,within_family,ferritin,0.6404393018436263
7,missense_subset,within_family,flavin_monooxygenase,0.745321009173969
7,missense_subset,within_family,globins,0.868392432518347
7,missense_subset,within_family,glutamate_metabotropic,0.8167119054203065
7,missense_subset,within_family,glutaredoxin,0.7926052224358926
7,missense_subset,within_family,glutathione_peroxidase,0.5892649749856005
7,missense_subset,within_family,glutathione_s_transferase,0.6323900472216538
7,missense_subset,within_family,guanylate_binding_protein,0.8568511198945981
7,missense_subset,within_family,heme_oxygenase,0.8701534314741862
7,missense_subset,within_family,histamine_receptor,0.8239487638386584
7,missense_subset,within_family,histone_deacetylase_classI,0.91026958911358
7,missense_subset,within_family,histone_h4,0.3609810479375697
7,missense_subset,within_family,hox,0.6258634207108815
7,missense_subset,within_family,m14_carboxypeptidase,0.8094168938488302
7,missense_subset,within_family,matrix_metalloproteinase,0.817319401973671
7,missense_subset,within_family,metallothionein,0.339195380616647
7,missense_subset,within_family,muscarinic_receptor,0.5395244898856519
7,missense_subset,within_family,nadph_oxidase,0.8721194094761042
7,missense_subset,within_family,nitric_oxide_synthase,0.8676918437165807
7,missense_subset,within_family,olfactory_receptors,0.3583856071381589
7,missense_subset,within_family,opsins,0.7672145375806573
7,missense_subset,within_family,p2y_receptor,0.50829531076022
7,missense_subset,within_family,peroxidase,0.8953846966797443
7,missense_subset,within_family,peroxiredoxin,0.8109691057178544
7,missense_subset,within_family,phosphodiesterase,0.8496004140437943
7,missense_subset,within_family,rab_gtpase,0.7801734203340343
7,missense_subset,within_family,ras_gtpases,0.677667433937121
7,missense_subset,within_family,rho_gtpase,0.7058798550067408
7,missense_subset,within_family,serine_protease,0.7383143298240593
7,missense_subset,within_family,serotonin_receptor,0.6204438902889067
7,missense_subset,within_family,steap_metalloreductase,0.6124481784744136
7,missense_subset,within_family,sulfotransferase,0.820075740070349
7,missense_subset,within_family,taste2_receptor,0.3082601512374756
7,missense_subset,within_family,udp_glucuronosyltransferase,0.868630151785232
7,paired_p3_syn,within_family,adam_metallopeptidase,0.8623954140335569
7,paired_p3_syn,within_family,adamts_metallopeptidase,0.9098731574962274
7,paired_p3_syn,within_family,adrenoceptor,0.6027763106589656
7,paired_p3_syn,within_family,alcohol_dehydrogenase,0.7029307590804915
7,paired_p3_syn,within_family,aldehyde_dehydrogenase,0.8364618744657766
7,paired_p3_syn,within_family,aldo_keto_reductase,0.8692728296736953
7,paired_p3_syn,within_family,alkaline_phosphatase,0.8828387814455925
7,paired_p3_syn,within_family,arachidonate_lipoxygenase,0.7910661242980811
7,paired_p3_syn,within_family,arf_gtpase,0.8133810439047713
7,paired_p3_syn,within_family,carbonic_anhydrase,0.7638010721514783
7,paired_p3_syn,within_family,cxc_chemokine_receptor,0.6755116300795855
7,paired_p3_syn,within_family,cytochrome_p450,0.7846566054215232
7,paired_p3_syn,within_family,dopamine_receptor,0.6313849287031769
7,paired_p3_syn,within_family,ectonucleotide_pyrophosphatase,0.8875662617920926
7,paired_p3_syn,within_family,ferritin,0.6297886024693744
7,paired_p3_syn,within_family,flavin_monooxygenase,0.7202125056645693
7,paired_p3_syn,within_family,globins,0.854699767114909
7,paired_p3_syn,within_family,glutamate_metabotropic,0.7087388446111196
7,paired_p3_syn,within_family,glutaredoxin,0.8469154448455872
7,paired_p3_syn,within_family,glutathione_peroxidase,0.6353819934727483
7,paired_p3_syn,within_family,glutathione_s_transferase,0.5945614677849743
7,paired_p3_syn,within_family,guanylate_binding_protein,0.7816205533596838
7,paired_p3_syn,within_family,heme_oxygenase,0.8273170226000414
7,paired_p3_syn,within_family,histamine_receptor,0.844459488383508
7,paired_p3_syn,within_family,histone_deacetylase_classI,0.91317411708768
7,paired_p3_syn,within_family,histone_h4,0.5610925306577481
7,paired_p3_syn,within_family,hox,0.759961711062945
7,paired_p3_syn,within_family,m14_carboxypeptidase,0.8167611503731975
7,paired_p3_syn,within_family,matrix_metalloproteinase,0.851320471605647
7,paired_p3_syn,within_family,metallothionein,0.683977635977721
7,paired_p3_syn,within_family,muscarinic_receptor,0.5669395348888924
7,paired_p3_syn,within_family,nadph_oxidase,0.8520426930049757
7,paired_p3_syn,within_family,nitric_oxide_synthase,0.8209775817320462
7,paired_p3_syn,within_family,olfactory_receptors,0.5317383512892632
7,paired_p3_syn,within_family,opsins,0.7164105355567777
7,paired_p3_syn,within_family,p2y_receptor,0.5122450633954836
7,paired_p3_syn,within_family,peroxidase,0.8901328590604034
7,paired_p3_syn,within_family,peroxiredoxin,0.8797495723656802
7,paired_p3_syn,within_family,phosphodiesterase,0.8788638283758072
7,paired_p3_syn,within_family,rab_gtpase,0.866869099684156
7,paired_p3_syn,within_family,ras_gtpases,0.7745966531776516
7,paired_p3_syn,within_family,rho_gtpase,0.7484227960895963
7,paired_p3_syn,within_family,serine_protease,0.7445907062298494
7,paired_p3_syn,within_family,serotonin_receptor,0.6814610777247331
7,paired_p3_syn,within_family,steap_metalloreductase,0.600429136128768
7,paired_p3_syn,within_family,sulfotransferase,0.8580773432194763
7,paired_p3_syn,within_family,taste2_receptor,0.5124087015520415
7,paired_p3_syn,within_family,udp_glucuronosyltransferase,0.9055677091773348
7,paired_p3_missense,within_family,adam_metallopeptidase,0.8367932311026289
7,paired_p3_missense,within_family,adamts_metallopeptidase,0.8345821246523066
7,paired_p3_missense,within_family,adrenoceptor,0.6015610625003368
7,paired_p3_missense,within_family,alcohol_dehydrogenase,0.7699076324744772
7,paired_p3_missense,within_family,aldehyde_dehydrogenase,0.810620102242778
7,paired_p3_missense,within_family,aldo_keto_reductase,0.864852554749574
7,paired_p3_missense,within_family,alkaline_phosphatase,0.9124549341267606
7,paired_p3_missense,within_family,arachidonate_lipoxygenase,0.837744881226875
7,paired_p3_missense,within_family,arf_gtpase,0.7549797783776545
7,paired_p3_missense,within_family,carbonic_anhydrase,0.6847283733726564
7,paired_p3_missense,within_family,cxc_chemokine_receptor,0.6319524858241462
7,paired_p3_missense,within_family,cytochrome_p450,0.805091693946062
7,paired_p3_missense,within_family,dopamine_receptor,0.6713621624486266
7,paired_p3_missense,within_family,ectonucleotide_pyrophosphatase,0.8352900183514601
7,paired_p3_missense,within_family,ferritin,0.6867111846535234
7,paired_p3_missense,within_family,flavin_monooxygenase,0.7654311747647597
7,paired_p3_missense,within_family,globins,0.8226131372622635
7,paired_p3_missense,within_family,glutamate_metabotropic,0.6918868495375279
7,paired_p3_missense,within_family,glutaredoxin,0.8399083494758686
7,paired_p3_missense,within_family,glutathione_peroxidase,0.6273682593827801
7,paired_p3_missense,within_family,glutathione_s_transferase,0.667942450350808
7,paired_p3_missense,within_family,guanylate_binding_protein,0.7221343873517785
7,paired_p3_missense,within_family,heme_oxygenase,0.8887621812150113
7,paired_p3_missense,within_family,histamine_receptor,0.7999460167289911
7,paired_p3_missense,within_family,histone_deacetylase_classI,0.8902810415675958
7,paired_p3_missense,within_family,histone_h4,0.6785316133142221
7,paired_p3_missense,within_family,hox,0.7218942312929153
7,paired_p3_missense,within_family,m14_carboxypeptidase,0.8011658272204288
7,paired_p3_missense,within_family,matrix_metalloproteinase,0.8324622329046454
7,paired_p3_missense,within_family,metallothionein,0.4118902288478365
7,paired_p3_missense,within_family,muscarinic_receptor,0.4828149494593344
7,paired_p3_missense,within_family,nadph_oxidase,0.8401728787005712
7,paired_p3_missense,within_family,nitric_oxide_synthase,0.7288328305705294
7,paired_p3_missense,within_family,olfactory_receptors,0.4677452710555692
7,paired_p3_missense,within_family,opsins,0.761272552579313
7,paired_p3_missense,within_family,p2y_receptor,0.5133362646056302
7,paired_p3_missense,within_family,peroxidase,0.8913779849131481
7,paired_p3_missense,within_family,peroxiredoxin,0.7969791086929227
7,paired_p3_missense,within_family,phosphodiesterase,0.8586536684727618
7,paired_p3_missense,within_family,rab_gtpase,0.7956805201237153
7,paired_p3_missense,within_family,ras_gtpases,0.7497605276277037
7,paired_p3_missense,within_family,rho_gtpase,0.7589720320569028
7,paired_p3_missense,within_family,serine_protease,0.7632423812632341
7,paired_p3_missense,within_family,serotonin_receptor,0.6299307651962601
7,paired_p3_missense,within_family,steap_metalloreductase,0.6249583744407693
7,paired_p3_missense,within_family,sulfotransferase,0.8402465016087669
7,paired_p3_missense,within_family,taste2_receptor,0.3857578396235508
7,paired_p3_missense,within_family,udp_glucuronosyltransferase,0.8970300792493306
8,natural,within_family,adam_metallopeptidase,1.0
8,natural,within_family,adamts_metallopeptidase,1.0
8,natural,within_family,adrenoceptor,1.0
8,natural,within_family,alcohol_dehydrogenase,1.0
8,natural,within_family,aldehyde_dehydrogenase,1.0
8,natural,within_family,aldo_keto_reductase,1.0
8,natural,within_family,alkaline_phosphatase,1.0
8,natural,within_family,arachidonate_lipoxygenase,1.0
8,natural,within_family,arf_gtpase,1.0
8,natural,within_family,carbonic_anhydrase,1.0
8,natural,within_family,cxc_chemokine_receptor,1.0
8,natural,within_family,cytochrome_p450,1.0
8,natural,within_family,dopamine_receptor,1.0
8,natural,within_family,ectonucleotide_pyrophosphatase,1.0
8,natural,within_family,ferritin,1.0
8,natural,within_family,flavin_monooxygenase,1.0
8,natural,within_family,globins,1.0
8,natural,within_family,glutamate_metabotropic,1.0
8,natural,within_family,glutaredoxin,1.0
8,natural,within_family,glutathione_peroxidase,1.0
8,natural,within_family,glutathione_s_transferase,1.0
8,natural,within_family,guanylate_binding_protein,1.0
8,natural,within_family,heme_oxygenase,1.0
8,natural,within_family,histamine_receptor,1.0
8,natural,within_family,histone_deacetylase_classI,1.0
8,natural,within_family,histone_h4,1.0
8,natural,within_family,hox,1.0
8,natural,within_family,m14_carboxypeptidase,1.0
8,natural,within_family,matrix_metalloproteinase,1.0
8,natural,within_family,metallothionein,1.0
8,natural,within_family,muscarinic_receptor,1.0
8,natural,within_family,nadph_oxidase,1.0
8,natural,within_family,nitric_oxide_synthase,1.0
8,natural,within_family,olfactory_receptors,1.0
8,natural,within_family,opsins,1.0
8,natural,within_family,p2y_receptor,1.0
8,natural,within_family,peroxidase,1.0
8,natural,within_family,peroxiredoxin,1.0
8,natural,within_family,phosphodiesterase,1.0
8,natural,within_family,rab_gtpase,1.0
8,natural,within_family,ras_gtpases,1.0
8,natural,within_family,rho_gtpase,1.0
8,natural,within_family,serine_protease,1.0
8,natural,within_family,serotonin_receptor,1.0
8,natural,within_family,steap_metalloreductase,1.0
8,natural,within_family,sulfotransferase,1.0
8,natural,within_family,taste2_receptor,1.0
8,natural,within_family,udp_glucuronosyltransferase,1.0
8,gc_match,within_family,adam_metallopeptidase,0.6638381850188222
8,gc_match,within_family,adamts_metallopeptidase,0.6832164297529766
8,gc_match,within_family,adrenoceptor,0.3302827649424442
8,gc_match,within_family,alcohol_dehydrogenase,0.6683519688867281
8,gc_match,within_family,aldehyde_dehydrogenase,0.6520133560512479
8,gc_match,within_family,aldo_keto_reductase,0.6427318173077095
8,gc_match,within_family,alkaline_phosphatase,0.8319260718641523
8,gc_match,within_family,arachidonate_lipoxygenase,0.6683662149881875
8,gc_match,within_family,arf_gtpase,0.3251687729412831
8,gc_match,within_family,carbonic_anhydrase,0.3852669353774074
8,gc_match,within_family,cxc_chemokine_receptor,0.3211770294982117
8,gc_match,within_family,cytochrome_p450,0.5687376039157296
8,gc_match,within_family,dopamine_receptor,0.191799498131193
8,gc_match,within_family,ectonucleotide_pyrophosphatase,0.6727894399514499
8,gc_match,within_family,ferritin,0.5566938022064736
8,gc_match,within_family,flavin_monooxygenase,0.6801656280337746
8,gc_match,within_family,globins,0.3476366200423093
8,gc_match,within_family,glutamate_metabotropic,0.4904715384858465
8,gc_match,within_family,glutaredoxin,0.392678237377086
8,gc_match,within_family,glutathione_peroxidase,0.3301382114887582
8,gc_match,within_family,glutathione_s_transferase,0.3083842420319979
8,gc_match,within_family,guanylate_binding_protein,0.6277338603425558
8,gc_match,within_family,heme_oxygenase,0.7144826871241965
8,gc_match,within_family,histamine_receptor,0.4654293766762508
8,gc_match,within_family,histone_deacetylase_classI,0.6734602602119295
8,gc_match,within_family,histone_h4,-0.013744226787705
8,gc_match,within_family,hox,0.2827205189831295
8,gc_match,within_family,m14_carboxypeptidase,0.6326099525303543
8,gc_match,within_family,matrix_metalloproteinase,0.5680295595548889
8,gc_match,within_family,metallothionein,0.1345411763902084
8,gc_match,within_family,muscarinic_receptor,0.2114345342625732
8,gc_match,within_family,nadph_oxidase,0.7032088559744493
8,gc_match,within_family,nitric_oxide_synthase,0.3708904930223241
8,gc_match,within_family,olfactory_receptors,0.0729766660635793
8,gc_match,within_family,opsins,0.4501097193813672
8,gc_match,within_family,p2y_receptor,0.2103908465346827
8,gc_match,within_family,peroxidase,0.7259706207879827
8,gc_match,within_family,peroxiredoxin,0.6122988393149608
8,gc_match,within_family,phosphodiesterase,0.6569804982823683
8,gc_match,within_family,rab_gtpase,0.4235625511435842
8,gc_match,within_family,ras_gtpases,0.3246571147517609
8,gc_match,within_family,rho_gtpase,0.3899854327263298
8,gc_match,within_family,serine_protease,0.4642992909138529
8,gc_match,within_family,serotonin_receptor,0.3338769343384506
8,gc_match,within_family,steap_metalloreductase,0.474634688268819
8,gc_match,within_family,sulfotransferase,0.6026359887084279
8,gc_match,within_family,taste2_receptor,-0.0530761179348604
8,gc_match,within_family,udp_glucuronosyltransferase,0.768774837758795
8,dinuc_shuffle,within_family,adam_metallopeptidase,0.6237321911408288
8,dinuc_shuffle,within_family,adamts_metallopeptidase,0.720728383542236
8,dinuc_shuffle,within_family,adrenoceptor,0.3958017989159459
8,dinuc_shuffle,within_family,alcohol_dehydrogenase,0.7518022084867004
8,dinuc_shuffle,within_family,aldehyde_dehydrogenase,0.6597269843693626
8,dinuc_shuffle,within_family,aldo_keto_reductase,0.709792986455433
8,dinuc_shuffle,within_family,alkaline_phosphatase,0.8953366035409378
8,dinuc_shuffle,within_family,arachidonate_lipoxygenase,0.6707972979944413
8,dinuc_shuffle,within_family,arf_gtpase,0.3852072075444391
8,dinuc_shuffle,within_family,carbonic_anhydrase,0.3542891790248309
8,dinuc_shuffle,within_family,cxc_chemokine_receptor,0.4070174825879264
8,dinuc_shuffle,within_family,cytochrome_p450,0.5805830514953025
8,dinuc_shuffle,within_family,dopamine_receptor,0.28145831151166
8,dinuc_shuffle,within_family,ectonucleotide_pyrophosphatase,0.6316049106307678
8,dinuc_shuffle,within_family,ferritin,0.3674157625680527
8,dinuc_shuffle,within_family,flavin_monooxygenase,0.6453657614393356
8,dinuc_shuffle,within_family,globins,0.3900504816619157
8,dinuc_shuffle,within_family,glutamate_metabotropic,0.5056377545590303
8,dinuc_shuffle,within_family,glutaredoxin,0.3506883243407773
8,dinuc_shuffle,within_family,glutathione_peroxidase,0.4590909313187132
8,dinuc_shuffle,within_family,glutathione_s_transferase,0.2598849779399348
8,dinuc_shuffle,within_family,guanylate_binding_protein,0.483596837944664
8,dinuc_shuffle,within_family,heme_oxygenase,0.7686398507153224
8,dinuc_shuffle,within_family,histamine_receptor,0.5833327807171717
8,dinuc_shuffle,within_family,histone_deacetylase_classI,0.6442154234731976
8,dinuc_shuffle,within_family,histone_h4,0.2201146679407549
8,dinuc_shuffle,within_family,hox,0.3447074712361002
8,dinuc_shuffle,within_family,m14_carboxypeptidase,0.6466750607996149
8,dinuc_shuffle,within_family,matrix_metalloproteinase,0.5798257309086567
8,dinuc_shuffle,within_family,metallothionein,0.1106101948972243
8,dinuc_shuffle,within_family,muscarinic_receptor,0.3583070039191837
8,dinuc_shuffle,within_family,nadph_oxidase,0.7351642114191624
8,dinuc_shuffle,within_family,nitric_oxide_synthase,0.3037658908951561
8,dinuc_shuffle,within_family,olfactory_receptors,0.1810829137155908
8,dinuc_shuffle,within_family,opsins,0.5283170145752735
8,dinuc_shuffle,within_family,p2y_receptor,0.2248941618185711
8,dinuc_shuffle,within_family,peroxidase,0.7392811334987572
8,dinuc_shuffle,within_family,peroxiredoxin,0.5669104840915662
8,dinuc_shuffle,within_family,phosphodiesterase,0.6460927395132765
8,dinuc_shuffle,within_family,rab_gtpase,0.442432092442112
8,dinuc_shuffle,within_family,ras_gtpases,0.3565513428326136
8,dinuc_shuffle,within_family,rho_gtpase,0.3287907990021221
8,dinuc_shuffle,within_family,serine_protease,0.5272528037067511
8,dinuc_shuffle,within_family,serotonin_receptor,0.398181568808598
8,dinuc_shuffle,within_family,steap_metalloreductase,0.5144788458743462
8,dinuc_shuffle,within_family,sulfotransferase,0.6248547902843421
8,dinuc_shuffle,within_family,taste2_receptor,0.0580179207446756
8,dinuc_shuffle,within_family,udp_glucuronosyltransferase,0.8058925774166417
8,kmer4_shuffle,within_family,adam_metallopeptidase,0.6610681877834932
8,kmer4_shuffle,within_family,adamts_metallopeptidase,0.6613759349191759
8,kmer4_shuffle,within_family,adrenoceptor,0.4484737755926809
8,kmer4_shuffle,within_family,alcohol_dehydrogenase,0.6416765053128689
8,kmer4_shuffle,within_family,aldehyde_dehydrogenase,0.6120314446149544
8,kmer4_shuffle,within_family,aldo_keto_reductase,0.693675152081744
8,kmer4_shuffle,within_family,alkaline_phosphatase,0.8766937396968355
8,kmer4_shuffle,within_family,arachidonate_lipoxygenase,0.5787314802979486
8,kmer4_shuffle,within_family,arf_gtpase,0.3690554959921235
8,kmer4_shuffle,within_family,carbonic_anhydrase,0.4405528852470768
8,kmer4_shuffle,within_family,cxc_chemokine_receptor,0.4243017763042584
8,kmer4_shuffle,within_family,cytochrome_p450,0.5760921450013948
8,kmer4_shuffle,within_family,dopamine_receptor,0.4256561151234484
8,kmer4_shuffle,within_family,ectonucleotide_pyrophosphatase,0.6500656306829116
8,kmer4_shuffle,within_family,ferritin,0.5735357024592086
8,kmer4_shuffle,within_family,flavin_monooxygenase,0.6049912678211988
8,kmer4_shuffle,within_family,globins,0.4798731468204972
8,kmer4_shuffle,within_family,glutamate_metabotropic,0.4400783583855077
8,kmer4_shuffle,within_family,glutaredoxin,0.4051814627144968
8,kmer4_shuffle,within_family,glutathione_peroxidase,0.3690373436007236
8,kmer4_shuffle,within_family,glutathione_s_transferase,0.3161651334771567
8,kmer4_shuffle,within_family,guanylate_binding_protein,0.6023056653491435
8,kmer4_shuffle,within_family,heme_oxygenase,0.7748600456147625
8,kmer4_shuffle,within_family,histamine_receptor,0.5396708298335195
8,kmer4_shuffle,within_family,histone_deacetylase_classI,0.6464613716322894
8,kmer4_shuffle,within_family,histone_h4,0.2162605510431597
8,kmer4_shuffle,within_family,hox,0.3538679021431026
8,kmer4_shuffle,within_family,m14_carboxypeptidase,0.621468942272075
8,kmer4_shuffle,within_family,matrix_metalloproteinase,0.583956518829714
8,kmer4_shuffle,within_family,metallothionein,0.2636423691559547
8,kmer4_shuffle,within_family,muscarinic_receptor,0.5309892690649336
8,kmer4_shuffle,within_family,nadph_oxidase,0.7871236277381447
8,kmer4_shuffle,within_family,nitric_oxide_synthase,0.5193688357975592
8,kmer4_shuffle,within_family,olfactory_receptors,0.2126699465434848
8,kmer4_shuffle,within_family,opsins,0.4942491047370418
8,kmer4_shuffle,within_family,p2y_receptor,0.2240290823263276
8,kmer4_shuffle,within_family,peroxidase,0.7580011481317175
8,kmer4_shuffle,within_family,peroxiredoxin,0.5135481388826272
8,kmer4_shuffle,within_family,phosphodiesterase,0.613055279209846
8,kmer4_shuffle,within_family,rab_gtpase,0.4426619457569504
8,kmer4_shuffle,within_family,ras_gtpases,0.3439786511220414
8,kmer4_shuffle,within_family,rho_gtpase,0.3766727120613147
8,kmer4_shuffle,within_family,serine_protease,0.4886474697379624
8,kmer4_shuffle,within_family,serotonin_receptor,0.3821381283482205
8,kmer4_shuffle,within_family,steap_metalloreductase,0.4752749139061024
8,kmer4_shuffle,within_family,sulfotransferase,0.6170935805572216
8,kmer4_shuffle,within_family,taste2_receptor,0.1904585800761202
8,kmer4_shuffle,within_family,udp_glucuronosyltransferase,0.7357044470680834
8,kmer6_shuffle,within_family,adam_metallopeptidase,0.6566451551064529
8,kmer6_shuffle,within_family,adamts_metallopeptidase,0.6900926368331475
8,kmer6_shuffle,within_family,adrenoceptor,0.4447679673424605
8,kmer6_shuffle,within_family,alcohol_dehydrogenase,0.741426487950552
8,kmer6_shuffle,within_family,aldehyde_dehydrogenase,0.6326879290595064
8,kmer6_shuffle,within_family,aldo_keto_reductase,0.684660728054388
8,kmer6_shuffle,within_family,alkaline_phosphatase,0.8306595365418894
8,kmer6_shuffle,within_family,arachidonate_lipoxygenase,0.5668672193341717
8,kmer6_shuffle,within_family,arf_gtpase,0.4344241269676138
8,kmer6_shuffle,within_family,carbonic_anhydrase,0.4385943091911043
8,kmer6_shuffle,within_family,cxc_chemokine_receptor,0.3505095946634659
8,kmer6_shuffle,within_family,cytochrome_p450,0.562905826136478
8,kmer6_shuffle,within_family,dopamine_receptor,0.3235714911852443
8,kmer6_shuffle,within_family,ectonucleotide_pyrophosphatase,0.6256316264698203
8,kmer6_shuffle,within_family,ferritin,0.4736428958935352
8,kmer6_shuffle,within_family,flavin_monooxygenase,0.5994221954203832
8,kmer6_shuffle,within_family,globins,0.6205808954688398
8,kmer6_shuffle,within_family,glutamate_metabotropic,0.4478464976361336
8,kmer6_shuffle,within_family,glutaredoxin,0.5472655923761927
8,kmer6_shuffle,within_family,glutathione_peroxidase,0.3080439058382943
8,kmer6_shuffle,within_family,glutathione_s_transferase,0.3310148823506899
8,kmer6_shuffle,within_family,guanylate_binding_protein,0.5859683794466403
8,kmer6_shuffle,within_family,heme_oxygenase,0.5731183910429193
8,kmer6_shuffle,within_family,histamine_receptor,0.6020442546313316
8,kmer6_shuffle,within_family,histone_deacetylase_classI,0.5765818773272935
8,kmer6_shuffle,within_family,histone_h4,0.505685618729097
8,kmer6_shuffle,within_family,hox,0.3163547672097448
8,kmer6_shuffle,within_family,m14_carboxypeptidase,0.6247064422851023
8,kmer6_shuffle,within_family,matrix_metalloproteinase,0.5798514041746966
8,kmer6_shuffle,within_family,metallothionein,0.1657204343160149
8,kmer6_shuffle,within_family,muscarinic_receptor,0.23749651834495
8,kmer6_shuffle,within_family,nadph_oxidase,0.7099935478469869
8,kmer6_shuffle,within_family,nitric_oxide_synthase,0.4875855712611298
8,kmer6_shuffle,within_family,olfactory_receptors,0.2227624995383584
8,kmer6_shuffle,within_family,opsins,0.5369608741785211
8,kmer6_shuffle,within_family,p2y_receptor,0.2875117604080935
8,kmer6_shuffle,within_family,peroxidase,0.7027127208991892
8,kmer6_shuffle,within_family,peroxiredoxin,0.6462900905908631
8,kmer6_shuffle,within_family,phosphodiesterase,0.634953353204425
8,kmer6_shuffle,within_family,rab_gtpase,0.4617110625491142
8,kmer6_shuffle,within_family,ras_gtpases,0.3797204813955357
8,kmer6_shuffle,within_family,rho_gtpase,0.4656985015343564
8,kmer6_shuffle,within_family,serine_protease,0.4758325399186703
8,kmer6_shuffle,within_family,serotonin_receptor,0.382770828631857
8,kmer6_shuffle,within_family,steap_metalloreductase,0.3244835191660953
8,kmer6_shuffle,within_family,sulfotransferase,0.5783953434309405
8,kmer6_shuffle,within_family,taste2_receptor,0.1414516046226458
8,kmer6_shuffle,within_family,udp_glucuronosyltransferase,0.7882682825196194
8,synonymous_recode,within_family,adam_metallopeptidase,0.7167810909751191
8,synonymous_recode,within_family,adamts_metallopeptidase,0.7879659547560132
8,synonymous_recode,within_family,adrenoceptor,0.3656333810375977
8,synonymous_recode,within_family,alcohol_dehydrogenase,0.6542329328425585
8,synonymous_recode,within_family,aldehyde_dehydrogenase,0.7618654996973387
8,synonymous_recode,within_family,aldo_keto_reductase,0.7769581287152314
8,synonymous_recode,within_family,alkaline_phosphatase,0.9225771648372266
8,synonymous_recode,within_family,arachidonate_lipoxygenase,0.675945242053637
8,synonymous_recode,within_family,arf_gtpase,0.6453133038194763
8,synonymous_recode,within_family,carbonic_anhydrase,0.5445280353358771
8,synonymous_recode,within_family,cxc_chemokine_receptor,0.3814686192672138
8,synonymous_recode,within_family,cytochrome_p450,0.6578739995317414
8,synonymous_recode,within_family,dopamine_receptor,0.3802628819410373
8,synonymous_recode,within_family,ectonucleotide_pyrophosphatase,0.8291713952088458
8,synonymous_recode,within_family,ferritin,0.4839832878893562
8,synonymous_recode,within_family,flavin_monooxygenase,0.5896161921676452
8,synonymous_recode,within_family,globins,0.7005629305679734
8,synonymous_recode,within_family,glutamate_metabotropic,0.6338012879129976
8,synonymous_recode,within_family,glutaredoxin,0.7118078252206759
8,synonymous_recode,within_family,glutathione_peroxidase,0.5595016526290882
8,synonymous_recode,within_family,glutathione_s_transferase,0.532233933320508
8,synonymous_recode,within_family,guanylate_binding_protein,0.536824769433465
8,synonymous_recode,within_family,heme_oxygenase,0.8080966203607712
8,synonymous_recode,within_family,histamine_receptor,0.6975897230268766
8,synonymous_recode,within_family,histone_deacetylase_classI,0.8558335244758067
8,synonymous_recode,within_family,histone_h4,0.0734671125975473
8,synonymous_recode,within_family,hox,0.4657015975460278
8,synonymous_recode,within_family,m14_carboxypeptidase,0.6887826709510723
8,synonymous_recode,within_family,matrix_metalloproteinase,0.6889164567716589
8,synonymous_recode,within_family,metallothionein,0.3706853576263987
8,synonymous_recode,within_family,muscarinic_receptor,0.1360121765810568
8,synonymous_recode,within_family,nadph_oxidase,0.726939875649595
8,synonymous_recode,within_family,nitric_oxide_synthase,0.5963291036502976
8,synonymous_recode,within_family,olfactory_receptors,0.1684751633952595
8,synonymous_recode,within_family,opsins,0.5999958264100398
8,synonymous_recode,within_family,p2y_receptor,0.3578949736433743
8,synonymous_recode,within_family,peroxidase,0.7358123828960477
8,synonymous_recode,within_family,peroxiredoxin,0.8011428204753624
8,synonymous_recode,within_family,phosphodiesterase,0.7968827374861472
8,synonymous_recode,within_family,rab_gtpase,0.7565995254190928
8,synonymous_recode,within_family,ras_gtpases,0.6352302359267789
8,synonymous_recode,within_family,rho_gtpase,0.6355803577252672
8,synonymous_recode,within_family,serine_protease,0.6362397973885175
8,synonymous_recode,within_family,serotonin_receptor,0.4350068490879606
8,synonymous_recode,within_family,steap_metalloreductase,0.4219842800210596
8,synonymous_recode,within_family,sulfotransferase,0.7246732581908616
8,synonymous_recode,within_family,taste2_receptor,0.3404561688221055
8,synonymous_recode,within_family,udp_glucuronosyltransferase,0.8268232361815249
8,missense_subset,within_family,adam_metallopeptidase,0.7258094002320555
8,missense_subset,within_family,adamts_metallopeptidase,0.7819735160775723
8,missense_subset,within_family,adrenoceptor,0.7615328144693901
8,missense_subset,within_family,alcohol_dehydrogenase,0.781040350024307
8,missense_subset,within_family,aldehyde_dehydrogenase,0.8015103570956971
8,missense_subset,within_family,aldo_keto_reductase,0.8128801251181974
8,missense_subset,within_family,alkaline_phosphatase,0.8893758460321927
8,missense_subset,within_family,arachidonate_lipoxygenase,0.8405900261329892
8,missense_subset,within_family,arf_gtpase,0.652845845861341
8,missense_subset,within_family,carbonic_anhydrase,0.7202239584145786
8,missense_subset,within_family,cxc_chemokine_receptor,0.5563241248585015
8,missense_subset,within_family,cytochrome_p450,0.7350732337568434
8,missense_subset,within_family,dopamine_receptor,0.485852624466057
8,missense_subset,within_family,ectonucleotide_pyrophosphatase,0.8285511980132566
8,missense_subset,within_family,ferritin,0.5078557186439074
8,missense_subset,within_family,flavin_monooxygenase,0.763778814953744
8,missense_subset,within_family,globins,0.8463754467958445
8,missense_subset,within_family,glutamate_metabotropic,0.7666544436140172
8,missense_subset,within_family,glutaredoxin,0.7653069086480531
8,missense_subset,within_family,glutathione_peroxidase,0.5837170069149209
8,missense_subset,within_family,glutathione_s_transferase,0.591756035623235
8,missense_subset,within_family,guanylate_binding_protein,0.7559947299077733
8,missense_subset,within_family,heme_oxygenase,0.8199149906697076
8,missense_subset,within_family,histamine_receptor,0.8003875541716139
8,missense_subset,within_family,histone_deacetylase_classI,0.8954584489353068
8,missense_subset,within_family,histone_h4,0.3538461538461538
8,missense_subset,within_family,hox,0.5785164441366671
8,missense_subset,within_family,m14_carboxypeptidase,0.7928774590843398
8,missense_subset,within_family,matrix_metalloproteinase,0.7902632791194092
8,missense_subset,within_family,metallothionein,0.2411108676430393
8,missense_subset,within_family,muscarinic_receptor,0.4823521147000674
8,missense_subset,within_family,nadph_oxidase,0.8439306751360327
8,missense_subset,within_family,nitric_oxide_synthase,0.8382842960647002
8,missense_subset,within_family,olfactory_receptors,0.3218774833605449
8,missense_subset,within_family,opsins,0.7425067375896691
8,missense_subset,within_family,p2y_receptor,0.4528533921253802
8,missense_subset,within_family,peroxidase,0.8547902000307193
8,missense_subset,within_family,peroxiredoxin,0.830685981728673
8,missense_subset,within_family,phosphodiesterase,0.8396463153011985
8,missense_subset,within_family,rab_gtpase,0.775627550212326
8,missense_subset,within_family,ras_gtpases,0.6424522026961923
8,missense_subset,within_family,rho_gtpase,0.6815246658930693
8,missense_subset,within_family,serine_protease,0.6822565108866111
8,missense_subset,within_family,serotonin_receptor,0.5610701765441701
8,missense_subset,within_family,steap_metalloreductase,0.5526151165151503
8,missense_subset,within_family,sulfotransferase,0.7867669262269147
8,missense_subset,within_family,taste2_receptor,0.2760270295054648
8,missense_subset,within_family,udp_glucuronosyltransferase,0.840185661041276
8,paired_p3_syn,within_family,adam_metallopeptidase,0.8186351390352564
8,paired_p3_syn,within_family,adamts_metallopeptidase,0.8678040482871
8,paired_p3_syn,within_family,adrenoceptor,0.5208013879966558
8,paired_p3_syn,within_family,alcohol_dehydrogenase,0.6572678658240154
8,paired_p3_syn,within_family,aldehyde_dehydrogenase,0.8052486448489827
8,paired_p3_syn,within_family,aldo_keto_reductase,0.8229014218649543
8,paired_p3_syn,within_family,alkaline_phosphatase,0.8452347446155494
8,paired_p3_syn,within_family,arachidonate_lipoxygenase,0.7538777339000496
8,paired_p3_syn,within_family,arf_gtpase,0.7976984638995505
8,paired_p3_syn,within_family,carbonic_anhydrase,0.7752206627406057
8,paired_p3_syn,within_family,cxc_chemokine_receptor,0.6089688660566619
8,paired_p3_syn,within_family,cytochrome_p450,0.7385756040349192
8,paired_p3_syn,within_family,dopamine_receptor,0.5541631981018067
8,paired_p3_syn,within_family,ectonucleotide_pyrophosphatase,0.8736400646555719
8,paired_p3_syn,within_family,ferritin,0.5930344901165641
8,paired_p3_syn,within_family,flavin_monooxygenase,0.6748539440878277
8,paired_p3_syn,within_family,globins,0.8091112189161281
8,paired_p3_syn,within_family,glutamate_metabotropic,0.6266778469060773
8,paired_p3_syn,within_family,glutaredoxin,0.8398287281966648
8,paired_p3_syn,within_family,glutathione_peroxidase,0.6025120436646461
8,paired_p3_syn,within_family,glutathione_s_transferase,0.6070413472957351
8,paired_p3_syn,within_family,guanylate_binding_protein,0.7259552042160737
8,paired_p3_syn,within_family,heme_oxygenase,0.7624714907733775
8,paired_p3_syn,within_family,histamine_receptor,0.8185324261182837
8,paired_p3_syn,within_family,histone_deacetylase_classI,0.9274517101321516
8,paired_p3_syn,within_family,histone_h4,0.4715400541487498
8,paired_p3_syn,within_family,hox,0.7040834472817192
8,paired_p3_syn,within_family,m14_carboxypeptidase,0.803421131967444
8,paired_p3_syn,within_family,matrix_metalloproteinase,0.8278740865219212
8,paired_p3_syn,within_family,metallothionein,0.6372875278843388
8,paired_p3_syn,within_family,muscarinic_receptor,0.5527536850437721
8,paired_p3_syn,within_family,nadph_oxidase,0.8123383602303983
8,paired_p3_syn,within_family,nitric_oxide_synthase,0.7304162088485421
8,paired_p3_syn,within_family,olfactory_receptors,0.4532602352151218
8,paired_p3_syn,within_family,opsins,0.7330489601836824
8,paired_p3_syn,within_family,p2y_receptor,0.4329693904663153
8,paired_p3_syn,within_family,peroxidase,0.8551055296551449
8,paired_p3_syn,within_family,peroxiredoxin,0.8627659829132928
8,paired_p3_syn,within_family,phosphodiesterase,0.856584358365287
8,paired_p3_syn,within_family,rab_gtpase,0.8525429460953525
8,paired_p3_syn,within_family,ras_gtpases,0.7400924705994364
8,paired_p3_syn,within_family,rho_gtpase,0.7163296190117797
8,paired_p3_syn,within_family,serine_protease,0.7057097695361279
8,paired_p3_syn,within_family,serotonin_receptor,0.5884658411797621
8,paired_p3_syn,within_family,steap_metalloreductase,0.552853232056813
8,paired_p3_syn,within_family,sulfotransferase,0.8376297239439267
8,paired_p3_syn,within_family,taste2_receptor,0.5027630760406584
8,paired_p3_syn,within_family,udp_glucuronosyltransferase,0.8897998317784415
8,paired_p3_missense,within_family,adam_metallopeptidase,0.7759264450985103
8,paired_p3_missense,within_family,adamts_metallopeptidase,0.7737293343315488
8,paired_p3_missense,within_family,adrenoceptor,0.5235762133194177
8,paired_p3_missense,within_family,alcohol_dehydrogenase,0.7125633724564204
8,paired_p3_missense,within_family,aldehyde_dehydrogenase,0.7761294362686914
8,paired_p3_missense,within_family,aldo_keto_reductase,0.851606664884217
8,paired_p3_missense,within_family,alkaline_phosphatase,0.902490182675941
8,paired_p3_missense,within_family,arachidonate_lipoxygenase,0.769534487153735
8,paired_p3_missense,within_family,arf_gtpase,0.7327413621033588
8,paired_p3_missense,within_family,carbonic_anhydrase,0.6902310967786283
8,paired_p3_missense,within_family,cxc_chemokine_receptor,0.5569683426154706
8,paired_p3_missense,within_family,cytochrome_p450,0.7606017769317691
8,paired_p3_missense,within_family,dopamine_receptor,0.6088724393149733
8,paired_p3_missense,within_family,ectonucleotide_pyrophosphatase,0.835207329128037
8,paired_p3_missense,within_family,ferritin,0.553418564695012
8,paired_p3_missense,within_family,flavin_monooxygenase,0.7278261660087539
8,paired_p3_missense,within_family,globins,0.7792598210994351
8,paired_p3_missense,within_family,glutamate_metabotropic,0.611783132938195
8,paired_p3_missense,within_family,glutaredoxin,0.8348574162237894
8,paired_p3_missense,within_family,glutathione_peroxidase,0.5770376172888252
8,paired_p3_missense,within_family,glutathione_s_transferase,0.6793196843216044
8,paired_p3_missense,within_family,guanylate_binding_protein,0.6739130434782608
8,paired_p3_missense,within_family,heme_oxygenase,0.8618287373004354
8,paired_p3_missense,within_family,histamine_receptor,0.7627476868642618
8,paired_p3_missense,within_family,histone_deacetylase_classI,0.9036590942866116
8,paired_p3_missense,within_family,histone_h4,0.6507087115782769
8,paired_p3_missense,within_family,hox,0.6761525835962224
8,paired_p3_missense,within_family,m14_carboxypeptidase,0.7731631292193815
8,paired_p3_missense,within_family,matrix_metalloproteinase,0.798696675527111
8,paired_p3_missense,within_family,metallothionein,0.3408159673167439
8,paired_p3_missense,within_family,muscarinic_receptor,0.4013900570080233
8,paired_p3_missense,within_family,nadph_oxidase,0.8251849568788323
8,paired_p3_missense,within_family,nitric_oxide_synthase,0.6746875713028692
8,paired_p3_missense,within_family,olfactory_receptors,0.4273092577299177
8,paired_p3_missense,within_family,opsins,0.7567012559102692
8,paired_p3_missense,within_family,p2y_receptor,0.4463217964166574
8,paired_p3_missense,within_family,peroxidase,0.8519885694810743
8,paired_p3_missense,within_family,peroxiredoxin,0.8004295291084164
8,paired_p3_missense,within_family,phosphodiesterase,0.8291754491800959
8,paired_p3_missense,within_family,rab_gtpase,0.7702147904663653
8,paired_p3_missense,within_family,ras_gtpases,0.7006423721837701
8,paired_p3_missense,within_family,rho_gtpase,0.7195944695571084
8,paired_p3_missense,within_family,serine_protease,0.7313626426108257
8,paired_p3_missense,within_family,serotonin_receptor,0.5352280688826656
8,paired_p3_missense,within_family,steap_metalloreductase,0.5472363264388854
8,paired_p3_missense,within_family,sulfotransferase,0.8156765089192716
8,paired_p3_missense,within_family,taste2_receptor,0.364436757991426
8,paired_p3_missense,within_family,udp_glucuronosyltransferase,0.8690686467424436
9,natural,within_family,adam_metallopeptidase,1.0
9,natural,within_family,adamts_metallopeptidase,1.0
9,natural,within_family,adrenoceptor,1.0
9,natural,within_family,alcohol_dehydrogenase,1.0
9,natural,within_family,aldehyde_dehydrogenase,1.0
9,natural,within_family,aldo_keto_reductase,1.0
9,natural,within_family,alkaline_phosphatase,1.0
9,natural,within_family,arachidonate_lipoxygenase,1.0
9,natural,within_family,arf_gtpase,1.0
9,natural,within_family,carbonic_anhydrase,1.0
9,natural,within_family,cxc_chemokine_receptor,1.0
9,natural,within_family,cytochrome_p450,1.0
9,natural,within_family,dopamine_receptor,1.0
9,natural,within_family,ectonucleotide_pyrophosphatase,1.0
9,natural,within_family,ferritin,1.0
9,natural,within_family,flavin_monooxygenase,1.0
9,natural,within_family,globins,1.0
9,natural,within_family,glutamate_metabotropic,1.0
9,natural,within_family,glutaredoxin,1.0
9,natural,within_family,glutathione_peroxidase,1.0
9,natural,within_family,glutathione_s_transferase,1.0
9,natural,within_family,guanylate_binding_protein,1.0
9,natural,within_family,heme_oxygenase,1.0
9,natural,within_family,histamine_receptor,1.0
9,natural,within_family,histone_deacetylase_classI,1.0
9,natural,within_family,histone_h4,1.0
9,natural,within_family,hox,1.0
9,natural,within_family,m14_carboxypeptidase,1.0
9,natural,within_family,matrix_metalloproteinase,1.0
9,natural,within_family,metallothionein,1.0
9,natural,within_family,muscarinic_receptor,1.0
9,natural,within_family,nadph_oxidase,1.0
9,natural,within_family,nitric_oxide_synthase,1.0
9,natural,within_family,olfactory_receptors,1.0
9,natural,within_family,opsins,1.0
9,natural,within_family,p2y_receptor,1.0
9,natural,within_family,peroxidase,1.0
9,natural,within_family,peroxiredoxin,1.0
9,natural,within_family,phosphodiesterase,1.0
9,natural,within_family,rab_gtpase,1.0
9,natural,within_family,ras_gtpases,1.0
9,natural,within_family,rho_gtpase,1.0
9,natural,within_family,serine_protease,1.0
9,natural,within_family,serotonin_receptor,1.0
9,natural,within_family,steap_metalloreductase,1.0
9,natural,within_family,sulfotransferase,1.0
9,natural,within_family,taste2_receptor,1.0
9,natural,within_family,udp_glucuronosyltransferase,1.0
9,gc_match,within_family,adam_metallopeptidase,0.6369157993369532
9,gc_match,within_family,adamts_metallopeptidase,0.7097899731083613
9,gc_match,within_family,adrenoceptor,0.283053453416409
9,gc_match,within_family,alcohol_dehydrogenase,0.5924508646433779
9,gc_match,within_family,aldehyde_dehydrogenase,0.6110809260056576
9,gc_match,within_family,aldo_keto_reductase,0.6233453668265128
9,gc_match,within_family,alkaline_phosphatase,0.8024439440848108
9,gc_match,within_family,arachidonate_lipoxygenase,0.6094393777709289
9,gc_match,within_family,arf_gtpase,0.3379059057637795
9,gc_match,within_family,carbonic_anhydrase,0.3466029609435351
9,gc_match,within_family,cxc_chemokine_receptor,0.3635001475458676
9,gc_match,within_family,cytochrome_p450,0.5277546612849638
9,gc_match,within_family,dopamine_receptor,0.1620698542230616
9,gc_match,within_family,ectonucleotide_pyrophosphatase,0.6903204359067512
9,gc_match,within_family,ferritin,0.5958621824583228
9,gc_match,within_family,flavin_monooxygenase,0.6506869157578633
9,gc_match,within_family,globins,0.4002142268973747
9,gc_match,within_family,glutamate_metabotropic,0.4752448712677194
9,gc_match,within_family,glutaredoxin,0.3354062182633418
9,gc_match,within_family,glutathione_peroxidase,0.2285098097043432
9,gc_match,within_family,glutathione_s_transferase,0.2699142865735356
9,gc_match,within_family,guanylate_binding_protein,0.6551383399209485
9,gc_match,within_family,heme_oxygenase,0.5805929919137466
9,gc_match,within_family,histamine_receptor,0.4478207579137329
9,gc_match,within_family,histone_deacetylase_classI,0.5907464152918371
9,gc_match,within_family,histone_h4,-0.0839942666029622
9,gc_match,within_family,hox,0.2602211085193984
9,gc_match,within_family,m14_carboxypeptidase,0.5600586728784271
9,gc_match,within_family,matrix_metalloproteinase,0.5226088727384962
9,gc_match,within_family,metallothionein,0.169774473125017
9,gc_match,within_family,muscarinic_receptor,0.2543048968661547
9,gc_match,within_family,nadph_oxidase,0.7093696856697796
9,gc_match,within_family,nitric_oxide_synthase,0.3953982235414881
9,gc_match,within_family,olfactory_receptors,0.0855530750321343
9,gc_match,within_family,opsins,0.5047662809612854
9,gc_match,within_family,p2y_receptor,0.2301243795488465
9,gc_match,within_family,peroxidase,0.7586550276736157
9,gc_match,within_family,peroxiredoxin,0.5394149430042965
9,gc_match,within_family,phosphodiesterase,0.658206393743984
9,gc_match,within_family,rab_gtpase,0.4179266806987459
9,gc_match,within_family,ras_gtpases,0.2994831803817452
9,gc_match,within_family,rho_gtpase,0.3988799178741753
9,gc_match,within_family,serine_protease,0.4198010606839264
9,gc_match,within_family,serotonin_receptor,0.3141332119905057
9,gc_match,within_family,steap_metalloreductase,0.4712049172338163
9,gc_match,within_family,sulfotransferase,0.554176396436859
9,gc_match,within_family,taste2_receptor,-0.0639469245347245
9,gc_match,within_family,udp_glucuronosyltransferase,0.7495443356405924
9,dinuc_shuffle,within_family,adam_metallopeptidase,0.6296847945518863
9,dinuc_shuffle,within_family,adamts_metallopeptidase,0.726764499202489
9,dinuc_shuffle,within_family,adrenoceptor,0.3583517982993495
9,dinuc_shuffle,within_family,alcohol_dehydrogenase,0.624161400097229
9,dinuc_shuffle,within_family,aldehyde_dehydrogenase,0.6324500273893178
9,dinuc_shuffle,within_family,aldo_keto_reductase,0.6747925286426348
9,dinuc_shuffle,within_family,alkaline_phosphatase,0.8890039269296235
9,dinuc_shuffle,within_family,arachidonate_lipoxygenase,0.6241971692047183
9,dinuc_shuffle,within_family,arf_gtpase,0.3814284974089562
9,dinuc_shuffle,within_family,carbonic_anhydrase,0.3412705559139697
9,dinuc_shuffle,within_family,cxc_chemokine_receptor,0.4726426937327828
9,dinuc_shuffle,within_family,cytochrome_p450,0.5354320419423373
9,dinuc_shuffle,within_family,dopamine_receptor,0.205277491968019
9,dinuc_shuffle,within_family,ectonucleotide_pyrophosphatase,0.6407976833843366
9,dinuc_shuffle,within_family,ferritin,0.2806891782943864
9,dinuc_shuffle,within_family,flavin_monooxygenase,0.6240398151783406
9,dinuc_shuffle,within_family,globins,0.3511640489168551
9,dinuc_shuffle,within_family,glutamate_metabotropic,0.4737113647677288
9,dinuc_shuffle,within_family,glutaredoxin,0.3467528163232781
9,dinuc_shuffle,within_family,glutathione_peroxidase,0.4573021953376096
9,dinuc_shuffle,within_family,glutathione_s_transferase,0.2103995280732997
9,dinuc_shuffle,within_family,guanylate_binding_protein,0.4464426877470355
9,dinuc_shuffle,within_family,heme_oxygenase,0.6531308314327182
9,dinuc_shuffle,within_family,histamine_receptor,0.5717977535249054
9,dinuc_shuffle,within_family,histone_deacetylase_classI,0.5985484112187078
9,dinuc_shuffle,within_family,histone_h4,0.1025800286669851
9,dinuc_shuffle,within_family,hox,0.319356308177617
9,dinuc_shuffle,within_family,m14_carboxypeptidase,0.6090510656994291
9,dinuc_shuffle,within_family,matrix_metalloproteinase,0.5324231931949711
9,dinuc_shuffle,within_family,metallothionein,0.1671822118110136
9,dinuc_shuffle,within_family,muscarinic_receptor,0.4074374259355104
9,dinuc_shuffle,within_family,nadph_oxidase,0.756521853461798
9,dinuc_shuffle,within_family,nitric_oxide_synthase,0.3089766569798534
9,dinuc_shuffle,within_family,olfactory_receptors,0.2119523672692891
9,dinuc_shuffle,within_family,opsins,0.6074557459118229
9,dinuc_shuffle,within_family,p2y_receptor,0.2685520072102134
9,dinuc_shuffle,within_family,peroxidase,0.7725971564707966
9,dinuc_shuffle,within_family,peroxiredoxin,0.4982556797866417
9,dinuc_shuffle,within_family,phosphodiesterase,0.632428889127632
9,dinuc_shuffle,within_family,rab_gtpase,0.4267008586839548
9,dinuc_shuffle,within_family,ras_gtpases,0.3184365212840875
9,dinuc_shuffle,within_family,rho_gtpase,0.3076641661806937
9,dinuc_shuffle,within_family,serine_protease,0.47198982726391
9,dinuc_shuffle,within_family,serotonin_receptor,0.4199555474504531
9,dinuc_shuffle,within_family,steap_metalloreductase,0.5065631378486969
9,dinuc_shuffle,within_family,sulfotransferase,0.5793634925280694
9,dinuc_shuffle,within_family,taste2_receptor,0.0411011368472182
9,dinuc_shuffle,within_family,udp_glucuronosyltransferase,0.797467609633385
9,kmer4_shuffle,within_family,adam_metallopeptidase,0.6453817472138813
9,kmer4_shuffle,within_family,adamts_metallopeptidase,0.6978169878379952
9,kmer4_shuffle,within_family,adrenoceptor,0.409605635002477
9,kmer4_shuffle,within_family,alcohol_dehydrogenase,0.5709146468504757
9,kmer4_shuffle,within_family,aldehyde_dehydrogenase,0.5931557319385725
9,kmer4_shuffle,within_family,aldo_keto_reductase,0.650298389226189
9,kmer4_shuffle,within_family,alkaline_phosphatase,0.8507096618551726
9,kmer4_shuffle,within_family,arachidonate_lipoxygenase,0.5096098327718697
9,kmer4_shuffle,within_family,arf_gtpase,0.3937160672049659
9,kmer4_shuffle,within_family,carbonic_anhydrase,0.4230173885512008
9,kmer4_shuffle,within_family,cxc_chemokine_receptor,0.3953048000930961
9,kmer4_shuffle,within_family,cytochrome_p450,0.5307761141411312
9,kmer4_shuffle,within_family,dopamine_receptor,0.4008880130672569
9,kmer4_shuffle,within_family,ectonucleotide_pyrophosphatase,0.6556378888545629
9,kmer4_shuffle,within_family,ferritin,0.6081109195384944
9,kmer4_shuffle,within_family,flavin_monooxygenase,0.5854226955474823
9,kmer4_shuffle,within_family,globins,0.4759172073327671
9,kmer4_shuffle,within_family,glutamate_metabotropic,0.4487572632328606
9,kmer4_shuffle,within_family,glutaredoxin,0.4769834966750369
9,kmer4_shuffle,within_family,glutathione_peroxidase,0.3138505311029799
9,kmer4_shuffle,within_family,glutathione_s_transferase,0.2805802139466669
9,kmer4_shuffle,within_family,guanylate_binding_protein,0.6220685111989459
9,kmer4_shuffle,within_family,heme_oxygenase,0.7861911673232428
9,kmer4_shuffle,within_family,histamine_receptor,0.5779642741037911
9,kmer4_shuffle,within_family,histone_deacetylase_classI,0.6029794195827209
9,kmer4_shuffle,within_family,histone_h4,0.0597228858098423
9,kmer4_shuffle,within_family,hox,0.3225163162443437
9,kmer4_shuffle,within_family,m14_carboxypeptidase,0.576556647599998
9,kmer4_shuffle,within_family,matrix_metalloproteinase,0.5424339446752365
9,kmer4_shuffle,within_family,metallothionein,0.1758853939257529
9,kmer4_shuffle,within_family,muscarinic_receptor,0.5200727604221499
9,kmer4_shuffle,within_family,nadph_oxidase,0.8019510052067766
9,kmer4_shuffle,within_family,nitric_oxide_synthase,0.5236506742907626
9,kmer4_shuffle,within_family,olfactory_receptors,0.2375691970335001
9,kmer4_shuffle,within_family,opsins,0.5584860580578896
9,kmer4_shuffle,within_family,p2y_receptor,0.2989812200601531
9,kmer4_shuffle,within_family,peroxidase,0.7898411500922544
9,kmer4_shuffle,within_family,peroxiredoxin,0.4225501801808596
9,kmer4_shuffle,within_family,phosphodiesterase,0.6152851914357241
9,kmer4_shuffle,within_family,rab_gtpase,0.4486523026042801
9,kmer4_shuffle,within_family,ras_gtpases,0.3302976223680992
9,kmer4_shuffle,within_family,rho_gtpase,0.3676666475531589
9,kmer4_shuffle,within_family,serine_protease,0.4720542160333978
9,kmer4_shuffle,within_family,serotonin_receptor,0.3777077407688062
9,kmer4_shuffle,within_family,steap_metalloreductase,0.5093691702381716
9,kmer4_shuffle,within_family,sulfotransferase,0.5836506571317935
9,kmer4_shuffle,within_family,taste2_receptor,0.2005670941097151
9,kmer4_shuffle,within_family,udp_glucuronosyltransferase,0.7449983023512434
9,kmer6_shuffle,within_family,adam_metallopeptidase,0.646759950157847
9,kmer6_shuffle,within_family,adamts_metallopeptidase,0.7108205171086556
9,kmer6_shuffle,within_family,adrenoceptor,0.3875681457771736
9,kmer6_shuffle,within_family,alcohol_dehydrogenase,0.6593096742829362
9,kmer6_shuffle,within_family,aldehyde_dehydrogenase,0.5949742990905024
9,kmer6_shuffle,within_family,aldo_keto_reductase,0.6780912268300618
9,kmer6_shuffle,within_family,alkaline_phosphatase,0.854572929650329
9,kmer6_shuffle,within_family,arachidonate_lipoxygenase,0.5190161605347736
9,kmer6_shuffle,within_family,arf_gtpase,0.4526815176810231
9,kmer6_shuffle,within_family,carbonic_anhydrase,0.3700465150199259
9,kmer6_shuffle,within_family,cxc_chemokine_receptor,0.3554003795364065
9,kmer6_shuffle,within_family,cytochrome_p450,0.5294675138224314
9,kmer6_shuffle,within_family,dopamine_receptor,0.3057424256867854
9,kmer6_shuffle,within_family,ectonucleotide_pyrophosphatase,0.6132556411529461
9,kmer6_shuffle,within_family,ferritin,0.5173532079019174
9,kmer6_shuffle,within_family,flavin_monooxygenase,0.5666609884334239
9,kmer6_shuffle,within_family,globins,0.6560951635664892
9,kmer6_shuffle,within_family,glutamate_metabotropic,0.4367761909101741
9,kmer6_shuffle,within_family,glutaredoxin,0.5861791788674735
9,kmer6_shuffle,within_family,glutathione_peroxidase,0.3203910291161588
9,kmer6_shuffle,within_family,glutathione_s_transferase,0.3083156249258534
9,kmer6_shuffle,within_family,guanylate_binding_protein,0.4243083003952568
9,kmer6_shuffle,within_family,heme_oxygenase,0.5329462989840348
9,kmer6_shuffle,within_family,histamine_receptor,0.5777054422332801
9,kmer6_shuffle,within_family,histone_deacetylase_classI,0.5705646791419193
9,kmer6_shuffle,within_family,histone_h4,0.4967670011148272
9,kmer6_shuffle,within_family,hox,0.2957361989077381
9,kmer6_shuffle,within_family,m14_carboxypeptidase,0.5786353130116214
9,kmer6_shuffle,within_family,matrix_metalloproteinase,0.5605372651931967
9,kmer6_shuffle,within_family,metallothionein,0.1748660271580746
9,kmer6_shuffle,within_family,muscarinic_receptor,0.227914665880585
9,kmer6_shuffle,within_family,nadph_oxidase,0.7441488727881719
9,kmer6_shuffle,within_family,nitric_oxide_synthase,0.5022472689899574
9,kmer6_shuffle,within_family,olfactory_receptors,0.2367126784144349
9,kmer6_shuffle,within_family,opsins,0.5488016036190922
9,kmer6_shuffle,within_family,p2y_receptor,0.2875729490130182
9,kmer6_shuffle,within_family,peroxidase,0.7542354599189607
9,kmer6_shuffle,within_family,peroxiredoxin,0.5665217110752827
9,kmer6_shuffle,within_family,phosphodiesterase,0.6554161637350682
9,kmer6_shuffle,within_family,rab_gtpase,0.4634000033970604
9,kmer6_shuffle,within_family,ras_gtpases,0.3865984695391775
9,kmer6_shuffle,within_family,rho_gtpase,0.4451144285357612
9,kmer6_shuffle,within_family,serine_protease,0.4123618693586796
9,kmer6_shuffle,within_family,serotonin_receptor,0.3444495357720166
9,kmer6_shuffle,within_family,steap_metalloreductase,0.3855978310001351
9,kmer6_shuffle,within_family,sulfotransferase,0.5266533517963612
9,kmer6_shuffle,within_family,taste2_receptor,0.1079525913407483
9,kmer6_shuffle,within_family,udp_glucuronosyltransferase,0.7744380396786814
9,synonymous_recode,within_family,adam_metallopeptidase,0.7571933644696585
9,synonymous_recode,within_family,adamts_metallopeptidase,0.8243465136090716
9,synonymous_recode,within_family,adrenoceptor,0.4461000355439356
9,synonymous_recode,within_family,alcohol_dehydrogenase,0.5360163900270852
9,synonymous_recode,within_family,aldehyde_dehydrogenase,0.8022163212249384
9,synonymous_recode,within_family,aldo_keto_reductase,0.8085718883603267
9,synonymous_recode,within_family,alkaline_phosphatase,0.9198598099526892
9,synonymous_recode,within_family,arachidonate_lipoxygenase,0.6961143148475069
9,synonymous_recode,within_family,arf_gtpase,0.6533937573315534
9,synonymous_recode,within_family,carbonic_anhydrase,0.5505189655662474
9,synonymous_recode,within_family,cxc_chemokine_receptor,0.4208258599840267
9,synonymous_recode,within_family,cytochrome_p450,0.6968843357620892
9,synonymous_recode,within_family,dopamine_receptor,0.4159751518595032
9,synonymous_recode,within_family,ectonucleotide_pyrophosphatase,0.8096669875855375
9,synonymous_recode,within_family,ferritin,0.3628249143710664
9,synonymous_recode,within_family,flavin_monooxygenase,0.621350086571719
9,synonymous_recode,within_family,globins,0.7666863987479747
9,synonymous_recode,within_family,glutamate_metabotropic,0.702460123655429
9,synonymous_recode,within_family,glutaredoxin,0.7244293778362454
9,synonymous_recode,within_family,glutathione_peroxidase,0.6146454069800855
9,synonymous_recode,within_family,glutathione_s_transferase,0.4926147753157545
9,synonymous_recode,within_family,guanylate_binding_protein,0.5102766798418972
9,synonymous_recode,within_family,heme_oxygenase,0.7959776072983621
9,synonymous_recode,within_family,histamine_receptor,0.7046616711781686
9,synonymous_recode,within_family,histone_deacetylase_classI,0.855169434306514
9,synonymous_recode,within_family,histone_h4,0.0900621118012422
9,synonymous_recode,within_family,hox,0.5049169462623908
9,synonymous_recode,within_family,m14_carboxypeptidase,0.705683804492436
9,synonymous_recode,within_family,matrix_metalloproteinase,0.7188062005500789
9,synonymous_recode,within_family,metallothionein,0.3326518951409908
9,synonymous_recode,within_family,muscarinic_receptor,0.1389680233123445
9,synonymous_recode,within_family,nadph_oxidase,0.7572576534739274
9,synonymous_recode,within_family,nitric_oxide_synthase,0.6319855088363967
9,synonymous_recode,within_family,olfactory_receptors,0.2393692148096387
9,synonymous_recode,within_family,opsins,0.6326929968478607
9,synonymous_recode,within_family,p2y_receptor,0.4420079636201207
9,synonymous_recode,within_family,peroxidase,0.8406323203996939
9,synonymous_recode,within_family,peroxiredoxin,0.8240052816956093
9,synonymous_recode,within_family,phosphodiesterase,0.8227779950191504
9,synonymous_recode,within_family,rab_gtpase,0.7850069814382912
9,synonymous_recode,within_family,ras_gtpases,0.6527233242101429
9,synonymous_recode,within_family,rho_gtpase,0.6593465926788702
9,synonymous_recode,within_family,serine_protease,0.652036138515749
9,synonymous_recode,within_family,serotonin_receptor,0.508079244888921
9,synonymous_recode,within_family,steap_metalloreductase,0.5506110841618922
9,synonymous_recode,within_family,sulfotransferase,0.7262053252822511
9,synonymous_recode,within_family,taste2_receptor,0.3775093603889572
9,synonymous_recode,within_family,udp_glucuronosyltransferase,0.8032687455147349
9,missense_subset,within_family,adam_metallopeptidase,0.7346143124653811
9,missense_subset,within_family,adamts_metallopeptidase,0.8060725248076459
9,missense_subset,within_family,adrenoceptor,0.8123612279426227
9,missense_subset,within_family,alcohol_dehydrogenase,0.736856726161539
9,missense_subset,within_family,aldehyde_dehydrogenase,0.8174605712127945
9,missense_subset,within_family,aldo_keto_reductase,0.8203012551060112
9,missense_subset,within_family,alkaline_phosphatase,0.9237599345958478
9,missense_subset,within_family,arachidonate_lipoxygenase,0.8362847830410827
9,missense_subset,within_family,arf_gtpase,0.6593277973773107
9,missense_subset,within_family,carbonic_anhydrase,0.7020138631937336
9,missense_subset,within_family,cxc_chemokine_receptor,0.4610269926291264
9,missense_subset,within_family,cytochrome_p450,0.7851629662218287
9,missense_subset,within_family,dopamine_receptor,0.4988969874683639
9,missense_subset,within_family,ectonucleotide_pyrophosphatase,0.8018637010306584
9,missense_subset,within_family,ferritin,0.5663027122455162
9,missense_subset,within_family,flavin_monooxygenase,0.75462222627003
9,missense_subset,within_family,globins,0.8893560335569063
9,missense_subset,within_family,glutamate_metabotropic,0.7816143608743363
9,missense_subset,within_family,glutaredoxin,0.7902517470368624
9,missense_subset,within_family,glutathione_peroxidase,0.6471988983320655
9,missense_subset,within_family,glutathione_s_transferase,0.6101422924070963
9,missense_subset,within_family,guanylate_binding_protein,0.5985507246376811
9,missense_subset,within_family,heme_oxygenase,0.8222475637569977
9,missense_subset,within_family,histamine_receptor,0.8462806176810307
9,missense_subset,within_family,histone_deacetylase_classI,0.8703276684985937
9,missense_subset,within_family,histone_h4,0.223713967192228
9,missense_subset,within_family,hox,0.592306096892332
9,missense_subset,within_family,m14_carboxypeptidase,0.8039423936634329
9,missense_subset,within_family,matrix_metalloproteinase,0.8077168745440436
9,missense_subset,within_family,metallothionein,0.106872933140071
9,missense_subset,within_family,muscarinic_receptor,0.466693186780584
9,missense_subset,within_family,nadph_oxidase,0.8447358032282487
9,missense_subset,within_family,nitric_oxide_synthase,0.8383135693656553
9,missense_subset,within_family,olfactory_receptors,0.3873115241209177
9,missense_subset,within_family,opsins,0.8014747810754196
9,missense_subset,within_family,p2y_receptor,0.4917834077624552
9,missense_subset,within_family,peroxidase,0.8997244952088991
9,missense_subset,within_family,peroxiredoxin,0.8421636844002647
9,missense_subset,within_family,phosphodiesterase,0.8478232249502852
9,missense_subset,within_family,rab_gtpase,0.7907937476314774
9,missense_subset,within_family,ras_gtpases,0.6583230088343618
9,missense_subset,within_family,rho_gtpase,0.6893609154616109
9,missense_subset,within_family,serine_protease,0.7264184510106354
9,missense_subset,within_family,serotonin_receptor,0.6029095339181451
9,missense_subset,within_family,steap_metalloreductase,0.5941239213679749
9,missense_subset,within_family,sulfotransferase,0.7614608121087424
9,missense_subset,within_family,taste2_receptor,0.2624605147688637
9,missense_subset,within_family,udp_glucuronosyltransferase,0.8801226551226551
9,paired_p3_syn,within_family,adam_metallopeptidase,0.8434678082049158
9,paired_p3_syn,within_family,adamts_metallopeptidase,0.8955066422905124
9,paired_p3_syn,within_family,adrenoceptor,0.6020656076398958
9,paired_p3_syn,within_family,alcohol_dehydrogenase,0.6082227932495312
9,paired_p3_syn,within_family,aldehyde_dehydrogenase,0.8344546797865997
9,paired_p3_syn,within_family,aldo_keto_reductase,0.8227993141751526
9,paired_p3_syn,within_family,alkaline_phosphatase,0.8081433530349937
9,paired_p3_syn,within_family,arachidonate_lipoxygenase,0.7386532642405362
9,paired_p3_syn,within_family,arf_gtpase,0.8165278539446009
9,paired_p3_syn,within_family,carbonic_anhydrase,0.7152873029979744
9,paired_p3_syn,within_family,cxc_chemokine_receptor,0.6884278938033187
9,paired_p3_syn,within_family,cytochrome_p450,0.7685802107646106
9,paired_p3_syn,within_family,dopamine_receptor,0.571794426779815
9,paired_p3_syn,within_family,ectonucleotide_pyrophosphatase,0.8837964699036259
9,paired_p3_syn,within_family,ferritin,0.673437970229414
9,paired_p3_syn,within_family,flavin_monooxygenase,0.7129443450059779
9,paired_p3_syn,within_family,globins,0.8694259755539874
9,paired_p3_syn,within_family,glutamate_metabotropic,0.6828388563571761
9,paired_p3_syn,within_family,glutaredoxin,0.8500400069265259
9,paired_p3_syn,within_family,glutathione_peroxidase,0.6486035146512413
9,paired_p3_syn,within_family,glutathione_s_transferase,0.6023123529849098
9,paired_p3_syn,within_family,guanylate_binding_protein,0.6509222661396574
9,paired_p3_syn,within_family,heme_oxygenase,0.7909496164213146
9,paired_p3_syn,within_family,histamine_receptor,0.8358492473072844
9,paired_p3_syn,within_family,histone_deacetylase_classI,0.9147933017090252
9,paired_p3_syn,within_family,histone_h4,0.4695015129797739
9,paired_p3_syn,within_family,hox,0.7470953807215094
9,paired_p3_syn,within_family,m14_carboxypeptidase,0.786073094394646
9,paired_p3_syn,within_family,matrix_metalloproteinase,0.81546397930632
9,paired_p3_syn,within_family,metallothionein,0.6572041421168209
9,paired_p3_syn,within_family,muscarinic_receptor,0.6578642765788587
9,paired_p3_syn,within_family,nadph_oxidase,0.8357465702050325
9,paired_p3_syn,within_family,nitric_oxide_synthase,0.767807222825233
9,paired_p3_syn,within_family,olfactory_receptors,0.5342311567947801
9,paired_p3_syn,within_family,opsins,0.7323875467414594
9,paired_p3_syn,within_family,p2y_receptor,0.5500999384386348
9,paired_p3_syn,within_family,peroxidase,0.8516634196903168
9,paired_p3_syn,within_family,peroxiredoxin,0.8525709022249603
9,paired_p3_syn,within_family,phosphodiesterase,0.8587781653693923
9,paired_p3_syn,within_family,rab_gtpase,0.8599970042946516
9,paired_p3_syn,within_family,ras_gtpases,0.7713630057226185
9,paired_p3_syn,within_family,rho_gtpase,0.7273564224651251
9,paired_p3_syn,within_family,serine_protease,0.7215646539148812
9,paired_p3_syn,within_family,serotonin_receptor,0.6855666275723686
9,paired_p3_syn,within_family,steap_metalloreductase,0.6773595962533613
9,paired_p3_syn,within_family,sulfotransferase,0.8389163605359886
9,paired_p3_syn,within_family,taste2_receptor,0.5000607108892894
9,paired_p3_syn,within_family,udp_glucuronosyltransferase,0.9096769837411548
9,paired_p3_missense,within_family,adam_metallopeptidase,0.7804742932264013
9,paired_p3_missense,within_family,adamts_metallopeptidase,0.8036788970885711
9,paired_p3_missense,within_family,adrenoceptor,0.5503466239066112
9,paired_p3_missense,within_family,alcohol_dehydrogenase,0.6892839780540314
9,paired_p3_missense,within_family,aldehyde_dehydrogenase,0.7788460681808518
9,paired_p3_missense,within_family,aldo_keto_reductase,0.8269794383810476
9,paired_p3_missense,within_family,alkaline_phosphatase,0.8524553362014662
9,paired_p3_missense,within_family,arachidonate_lipoxygenase,0.7499303001020122
9,paired_p3_missense,within_family,arf_gtpase,0.7589152853543285
9,paired_p3_missense,within_family,carbonic_anhydrase,0.616169570855684
9,paired_p3_missense,within_family,cxc_chemokine_receptor,0.6171546876836885
9,paired_p3_missense,within_family,cytochrome_p450,0.768184088598837
9,paired_p3_missense,within_family,dopamine_receptor,0.610142767970694
9,paired_p3_missense,within_family,ectonucleotide_pyrophosphatase,0.8133980304733771
9,paired_p3_missense,within_family,ferritin,0.5926744107632272
9,paired_p3_missense,within_family,flavin_monooxygenase,0.7378568630824438
9,paired_p3_missense,within_family,globins,0.8320033978496779
9,paired_p3_missense,within_family,glutamate_metabotropic,0.6194770064468296
9,paired_p3_missense,within_family,glutaredoxin,0.8371100121838537
9,paired_p3_missense,within_family,glutathione_peroxidase,0.5632127923084363
9,paired_p3_missense,within_family,glutathione_s_transferase,0.6498970311214458
9,paired_p3_missense,within_family,guanylate_binding_protein,0.5528985507246377
9,paired_p3_missense,within_family,heme_oxygenase,0.8628136014928468
9,paired_p3_missense,within_family,histamine_receptor,0.7206865142417171
9,paired_p3_missense,within_family,histone_deacetylase_classI,0.8598080513100865
9,paired_p3_missense,within_family,histone_h4,0.6281892021022457
9,paired_p3_missense,within_family,hox,0.6910642080432238
9,paired_p3_missense,within_family,m14_carboxypeptidase,0.7686834567079159
9,paired_p3_missense,within_family,matrix_metalloproteinase,0.812295802025532
9,paired_p3_missense,within_family,metallothionein,0.3735284514330298
9,paired_p3_missense,within_family,muscarinic_receptor,0.4273227315868388
9,paired_p3_missense,within_family,nadph_oxidase,0.8136459999040664
9,paired_p3_missense,within_family,nitric_oxide_synthase,0.7131844903365013
9,paired_p3_missense,within_family,olfactory_receptors,0.4728530292463299
9,paired_p3_missense,within_family,opsins,0.7697900403296146
9,paired_p3_missense,within_family,p2y_receptor,0.471524996495537
9,paired_p3_missense,within_family,peroxidase,0.8718143061391265
9,paired_p3_missense,within_family,peroxiredoxin,0.7769918015909227
9,paired_p3_missense,within_family,phosphodiesterase,0.8265108224866471
9,paired_p3_missense,within_family,rab_gtpase,0.7749998777714358
9,paired_p3_missense,within_family,ras_gtpases,0.7049011235099291
9,paired_p3_missense,within_family,rho_gtpase,0.7260588934352145
9,paired_p3_missense,within_family,serine_protease,0.7351754834725969
9,paired_p3_missense,within_family,serotonin_receptor,0.5599771838876685
9,paired_p3_missense,within_family,steap_metalloreductase,0.5893084234590459
9,paired_p3_missense,within_family,sulfotransferase,0.7894095732646907
9,paired_p3_missense,within_family,taste2_receptor,0.3001070611665572
9,paired_p3_missense,within_family,udp_glucuronosyltransferase,0.8981609448186989
10,natural,within_family,adam_metallopeptidase,1.0
10,natural,within_family,adamts_metallopeptidase,1.0
10,natural,within_family,adrenoceptor,1.0
10,natural,within_family,alcohol_dehydrogenase,1.0
10,natural,within_family,aldehyde_dehydrogenase,1.0
10,natural,within_family,aldo_keto_reductase,1.0
10,natural,within_family,alkaline_phosphatase,1.0
10,natural,within_family,arachidonate_lipoxygenase,1.0
10,natural,within_family,arf_gtpase,1.0
10,natural,within_family,carbonic_anhydrase,1.0
10,natural,within_family,cxc_chemokine_receptor,1.0
10,natural,within_family,cytochrome_p450,1.0
10,natural,within_family,dopamine_receptor,1.0
10,natural,within_family,ectonucleotide_pyrophosphatase,1.0
10,natural,within_family,ferritin,1.0
10,natural,within_family,flavin_monooxygenase,1.0
10,natural,within_family,globins,1.0
10,natural,within_family,glutamate_metabotropic,1.0
10,natural,within_family,glutaredoxin,1.0
10,natural,within_family,glutathione_peroxidase,1.0
10,natural,within_family,glutathione_s_transferase,1.0
10,natural,within_family,guanylate_binding_protein,1.0
10,natural,within_family,heme_oxygenase,1.0
10,natural,within_family,histamine_receptor,1.0
10,natural,within_family,histone_deacetylase_classI,1.0
10,natural,within_family,histone_h4,1.0
10,natural,within_family,hox,1.0
10,natural,within_family,m14_carboxypeptidase,1.0
10,natural,within_family,matrix_metalloproteinase,1.0
10,natural,within_family,metallothionein,1.0
10,natural,within_family,muscarinic_receptor,1.0
10,natural,within_family,nadph_oxidase,1.0
10,natural,within_family,nitric_oxide_synthase,1.0
10,natural,within_family,olfactory_receptors,1.0
10,natural,within_family,opsins,1.0
10,natural,within_family,p2y_receptor,1.0
10,natural,within_family,peroxidase,1.0
10,natural,within_family,peroxiredoxin,1.0
10,natural,within_family,phosphodiesterase,1.0
10,natural,within_family,rab_gtpase,1.0
10,natural,within_family,ras_gtpases,1.0
10,natural,within_family,rho_gtpase,1.0
10,natural,within_family,serine_protease,1.0
10,natural,within_family,serotonin_receptor,1.0
10,natural,within_family,steap_metalloreductase,1.0
10,natural,within_family,sulfotransferase,1.0
10,natural,within_family,taste2_receptor,1.0
10,natural,within_family,udp_glucuronosyltransferase,1.0
10,gc_match,within_family,adam_metallopeptidase,0.6201943226084964
10,gc_match,within_family,adamts_metallopeptidase,0.7378756686879057
10,gc_match,within_family,adrenoceptor,0.3218108687630904
10,gc_match,within_family,alcohol_dehydrogenase,0.7715952496701158
10,gc_match,within_family,aldehyde_dehydrogenase,0.6014537043708292
10,gc_match,within_family,aldo_keto_reductase,0.5896176963480102
10,gc_match,within_family,alkaline_phosphatase,0.8090547223674158
10,gc_match,within_family,arachidonate_lipoxygenase,0.6218830174193865
10,gc_match,within_family,arf_gtpase,0.3693257098170321
10,gc_match,within_family,carbonic_anhydrase,0.4611110473219292
10,gc_match,within_family,cxc_chemokine_receptor,0.448459047886155
10,gc_match,within_family,cytochrome_p450,0.5930472655698953
10,gc_match,within_family,dopamine_receptor,0.3074521955192497
10,gc_match,within_family,ectonucleotide_pyrophosphatase,0.7024563462328991
10,gc_match,within_family,ferritin,0.3282137145192248
10,gc_match,within_family,flavin_monooxygenase,0.6903299152141458
10,gc_match,within_family,globins,0.4351649624776018
10,gc_match,within_family,glutamate_metabotropic,0.4844045404171655
10,gc_match,within_family,glutaredoxin,0.3719774504607767
10,gc_match,within_family,glutathione_peroxidase,0.4249953494336999
10,gc_match,within_family,glutathione_s_transferase,0.3970253646162023
10,gc_match,within_family,guanylate_binding_protein,0.3725296442687746
10,gc_match,within_family,heme_oxygenase,0.8023844080447854
10,gc_match,within_family,histamine_receptor,0.5370953922068642
10,gc_match,within_family,histone_deacetylase_classI,0.5311763898967949
10,gc_match,within_family,histone_h4,0.1215002388915432
10,gc_match,within_family,hox,0.3602888114479409
10,gc_match,within_family,m14_carboxypeptidase,0.6099971353372109
10,gc_match,within_family,matrix_metalloproteinase,0.5838868059448639
10,gc_match,within_family,metallothionein,0.18036669816671
10,gc_match,within_family,muscarinic_receptor,0.2260873141500087
10,gc_match,within_family,nadph_oxidase,0.7481517692670678
10,gc_match,within_family,nitric_oxide_synthase,0.2847235348434673
10,gc_match,within_family,olfactory_receptors,0.0628813011777727
10,gc_match,within_family,opsins,0.565773807726758
10,gc_match,within_family,p2y_receptor,0.1907858916032832
10,gc_match,within_family,peroxidase,0.773623060126566
10,gc_match,within_family,peroxiredoxin,0.6291822751284368
10,gc_match,within_family,phosphodiesterase,0.7048369703172199
10,gc_match,within_family,rab_gtpase,0.4203811484151623
10,gc_match,within_family,ras_gtpases,0.362880719758918
10,gc_match,within_family,rho_gtpase,0.4409571408994336
10,gc_match,within_family,serine_protease,0.4889159337462941
10,gc_match,within_family,serotonin_receptor,0.385288459318086
10,gc_match,within_family,steap_metalloreductase,0.4197308597054463
10,gc_match,within_family,sulfotransferase,0.4702691956469011
10,gc_match,within_family,taste2_receptor,-0.1700548546029582
10,gc_match,within_family,udp_glucuronosyltransferase,0.7550811784769005
10,dinuc_shuffle,within_family,adam_metallopeptidase,0.6082220433537472
10,dinuc_shuffle,within_family,adamts_metallopeptidase,0.7213919789856801
10,dinuc_shuffle,within_family,adrenoceptor,0.3937934825665823
10,dinuc_shuffle,within_family,alcohol_dehydrogenase,0.8150427112993957
10,dinuc_shuffle,within_family,aldehyde_dehydrogenase,0.6035409449468137
10,dinuc_shuffle,within_family,aldo_keto_reductase,0.6249681558804204
10,dinuc_shuffle,within_family,alkaline_phosphatase,0.8987274335571548
10,dinuc_shuffle,within_family,arachidonate_lipoxygenase,0.6892201505329513
10,dinuc_shuffle,within_family,arf_gtpase,0.385178390054138
10,dinuc_shuffle,within_family,carbonic_anhydrase,0.4519198641877469
10,dinuc_shuffle,within_family,cxc_chemokine_receptor,0.4514866273332987
10,dinuc_shuffle,within_family,cytochrome_p450,0.5871251972209047
10,dinuc_shuffle,within_family,dopamine_receptor,0.3279968410386876
10,dinuc_shuffle,within_family,ectonucleotide_pyrophosphatase,0.6523063420735083
10,dinuc_shuffle,within_family,ferritin,0.2024565916916533
10,dinuc_shuffle,within_family,flavin_monooxygenase,0.6751906940597763
10,dinuc_shuffle,within_family,globins,0.4735058181205088
10,dinuc_shuffle,within_family,glutamate_metabotropic,0.4726150097417628
10,dinuc_shuffle,within_family,glutaredoxin,0.3835833875131471
10,dinuc_shuffle,within_family,glutathione_peroxidase,0.5060946447083204
10,dinuc_shuffle,within_family,glutathione_s_transferase,0.3030180657956767
10,dinuc_shuffle,within_family,guanylate_binding_protein,0.4218708827404479
10,dinuc_shuffle,within_family,heme_oxygenase,0.7181940700808624
10,dinuc_shuffle,within_family,histamine_receptor,0.5439636120616024
10,dinuc_shuffle,within_family,histone_deacetylase_classI,0.5619021294785616
10,dinuc_shuffle,within_family,histone_h4,0.1797738493390667
10,dinuc_shuffle,within_family,hox,0.3676364028521315
10,dinuc_shuffle,within_family,m14_carboxypeptidase,0.6141697635338654
10,dinuc_shuffle,within_family,matrix_metalloproteinase,0.5721351763230536
10,dinuc_shuffle,within_family,metallothionein,0.343535666625487
10,dinuc_shuffle,within_family,muscarinic_receptor,0.3919922114361017
10,dinuc_shuffle,within_family,nadph_oxidase,0.7605552046523477
10,dinuc_shuffle,within_family,nitric_oxide_synthase,0.3027509493806471
10,dinuc_shuffle,within_family,olfactory_receptors,0.1079581354491022
10,dinuc_shuffle,within_family,opsins,0.5574553339702174
10,dinuc_shuffle,within_family,p2y_receptor,0.2931956402814794
10,dinuc_shuffle,within_family,peroxidase,0.809805242135667
10,dinuc_shuffle,within_family,peroxiredoxin,0.5647972401267236
10,dinuc_shuffle,within_family,phosphodiesterase,0.686818390949824
10,dinuc_shuffle,within_family,rab_gtpase,0.433640432209221
10,dinuc_shuffle,within_family,ras_gtpases,0.367520024558163
10,dinuc_shuffle,within_family,rho_gtpase,0.3875818073199834
10,dinuc_shuffle,within_family,serine_protease,0.4982257690498544
10,dinuc_shuffle,within_family,serotonin_receptor,0.3912680417381087
10,dinuc_shuffle,within_family,steap_metalloreductase,0.5185700581051966
10,dinuc_shuffle,within_family,sulfotransferase,0.4911814703521746
10,dinuc_shuffle,within_family,taste2_receptor,-0.0809022131037528
10,dinuc_shuffle,within_family,udp_glucuronosyltransferase,0.7088158128265081
10,kmer4_shuffle,within_family,adam_metallopeptidase,0.6450709114419504
10,kmer4_shuffle,within_family,adamts_metallopeptidase,0.7313818707668789
10,kmer4_shuffle,within_family,adrenoceptor,0.3037435264963036
10,kmer4_shuffle,within_family,alcohol_dehydrogenase,0.7170359052711993
10,kmer4_shuffle,within_family,aldehyde_dehydrogenase,0.6117150168660966
10,kmer4_shuffle,within_family,aldo_keto_reductase,0.5992992304123479
10,kmer4_shuffle,within_family,alkaline_phosphatase,0.8486858858375886
10,kmer4_shuffle,within_family,arachidonate_lipoxygenase,0.5787614734497509
10,kmer4_shuffle,within_family,arf_gtpase,0.3649129888006485
10,kmer4_shuffle,within_family,carbonic_anhydrase,0.4440791647248359
10,kmer4_shuffle,within_family,cxc_chemokine_receptor,0.3160175151546521
10,kmer4_shuffle,within_family,cytochrome_p450,0.5732737455837545
10,kmer4_shuffle,within_family,dopamine_receptor,0.415786423875535
10,kmer4_shuffle,within_family,ectonucleotide_pyrophosphatase,0.6627714101178215
10,kmer4_shuffle,within_family,ferritin,0.634835299552807
10,kmer4_shuffle,within_family,flavin_monooxygenase,0.6693543152145288
10,kmer4_shuffle,within_family,globins,0.5423091305589401
10,kmer4_shuffle,within_family,glutamate_metabotropic,0.4945722936978035
10,kmer4_shuffle,within_family,glutaredoxin,0.3325520214372732
10,kmer4_shuffle,within_family,glutathione_peroxidase,0.3112379705816935
10,kmer4_shuffle,within_family,glutathione_s_transferase,0.2827272544191972
10,kmer4_shuffle,within_family,guanylate_binding_protein,0.3521739130434782
10,kmer4_shuffle,within_family,heme_oxygenase,0.809299191374663
10,kmer4_shuffle,within_family,histamine_receptor,0.5524911697885868
10,kmer4_shuffle,within_family,histone_deacetylase_classI,0.4807251530748276
10,kmer4_shuffle,within_family,histone_h4,0.3081860168816691
10,kmer4_shuffle,within_family,hox,0.3551148378254277
10,kmer4_shuffle,within_family,m14_carboxypeptidase,0.5837745374508311
10,kmer4_shuffle,within_family,matrix_metalloproteinase,0.5436733941924649
10,kmer4_shuffle,within_family,metallothionein,0.1055791302098629
10,kmer4_shuffle,within_family,muscarinic_receptor,0.3192578369697454
10,kmer4_shuffle,within_family,nadph_oxidase,0.7923749150348529
10,kmer4_shuffle,within_family,nitric_oxide_synthase,0.4437589027962526
10,kmer4_shuffle,within_family,olfactory_receptors,0.122928058896222
10,kmer4_shuffle,within_family,opsins,0.549570407225218
10,kmer4_shuffle,within_family,p2y_receptor,0.2783859755137546
10,kmer4_shuffle,within_family,peroxidase,0.7976680484108377
10,kmer4_shuffle,within_family,peroxiredoxin,0.4389633000713099
10,kmer4_shuffle,within_family,phosphodiesterase,0.6751400264849692
10,kmer4_shuffle,within_family,rab_gtpase,0.4554892681438079
10,kmer4_shuffle,within_family,ras_gtpases,0.3297593288052832
10,kmer4_shuffle,within_family,rho_gtpase,0.3612329631341689
10,kmer4_shuffle,within_family,serine_protease,0.4636251938273396
10,kmer4_shuffle,within_family,serotonin_receptor,0.4155999257035542
10,kmer4_shuffle,within_family,steap_metalloreductase,0.442438050104412
10,kmer4_shuffle,within_family,sulfotransferase,0.5086730385778636
10,kmer4_shuffle,within_family,taste2_receptor,0.1946462184834457
10,kmer4_shuffle,within_family,udp_glucuronosyltransferase,0.6700488459846748
10,kmer6_shuffle,within_family,adam_metallopeptidase,0.6725389663988202
10,kmer6_shuffle,within_family,adamts_metallopeptidase,0.7163760144911081
10,kmer6_shuffle,within_family,adrenoceptor,0.3567783856515329
10,kmer6_shuffle,within_family,alcohol_dehydrogenase,0.8219876380304186
10,kmer6_shuffle,within_family,aldehyde_dehydrogenase,0.5875308075303782
10,kmer6_shuffle,within_family,aldo_keto_reductase,0.5861711808551959
10,kmer6_shuffle,within_family,alkaline_phosphatase,0.8701164676396873
10,kmer6_shuffle,within_family,arachidonate_lipoxygenase,0.5754405107718771
10,kmer6_shuffle,within_family,arf_gtpase,0.345545177301638
10,kmer6_shuffle,within_family,carbonic_anhydrase,0.4317098519598366
10,kmer6_shuffle,within_family,cxc_chemokine_receptor,0.3821495897017818
10,kmer6_shuffle,within_family,cytochrome_p450,0.5273839300194103
10,kmer6_shuffle,within_family,dopamine_receptor,0.3651340856020172
10,kmer6_shuffle,within_family,ectonucleotide_pyrophosphatase,0.6304225508423686
10,kmer6_shuffle,within_family,ferritin,0.336250202560363
10,kmer6_shuffle,within_family,flavin_monooxygenase,0.6109607874420147
10,kmer6_shuffle,within_family,globins,0.5330730894560523
10,kmer6_shuffle,within_family,glutamate_metabotropic,0.4359548602690069
10,kmer6_shuffle,within_family,glutaredoxin,0.5043288140829841
10,kmer6_shuffle,within_family,glutathione_peroxidase,0.3659466962886096
10,kmer6_shuffle,within_family,glutathione_s_transferase,0.3380628796704153
10,kmer6_shuffle,within_family,guanylate_binding_protein,0.3681159420289855
10,kmer6_shuffle,within_family,heme_oxygenase,0.657878913539291
10,kmer6_shuffle,within_family,histamine_receptor,0.5930423553360183
10,kmer6_shuffle,within_family,histone_deacetylase_classI,0.5055911786291292
10,kmer6_shuffle,within_family,histone_h4,0.4464245899028508
10,kmer6_shuffle,within_family,hox,0.3249388390625105
10,kmer6_shuffle,within_family,m14_carboxypeptidase,0.6023022334317295
10,kmer6_shuffle,within_family,matrix_metalloproteinase,0.5378272115667504
10,kmer6_shuffle,within_family,metallothionein,0.0557137517710006
10,kmer6_shuffle,within_family,muscarinic_receptor,0.3045615922641224
10,kmer6_shuffle,within_family,nadph_oxidase,0.7576590864454831
10,kmer6_shuffle,within_family,nitric_oxide_synthase,0.4571854100020747
10,kmer6_shuffle,within_family,olfactory_receptors,0.1555886252431564
10,kmer6_shuffle,within_family,opsins,0.5384013011787255
10,kmer6_shuffle,within_family,p2y_receptor,0.2963445008088269
10,kmer6_shuffle,within_family,peroxidase,0.7434139956235184
10,kmer6_shuffle,within_family,peroxiredoxin,0.5520449116392124
10,kmer6_shuffle,within_family,phosphodiesterase,0.6807694290335461
10,kmer6_shuffle,within_family,rab_gtpase,0.4079490474486659
10,kmer6_shuffle,within_family,ras_gtpases,0.3338015936173201
10,kmer6_shuffle,within_family,rho_gtpase,0.4383341078447064
10,kmer6_shuffle,within_family,serine_protease,0.4513783057501896
10,kmer6_shuffle,within_family,serotonin_receptor,0.4218633672620115
10,kmer6_shuffle,within_family,steap_metalloreductase,0.2774503837767657
10,kmer6_shuffle,within_family,sulfotransferase,0.447328749296617
10,kmer6_shuffle,within_family,taste2_receptor,0.0680512494060555
10,kmer6_shuffle,within_family,udp_glucuronosyltransferase,0.6855572532043119
10,synonymous_recode,within_family,adam_metallopeptidase,0.7861365800908819
10,synonymous_recode,within_family,adamts_metallopeptidase,0.8165190175234042
10,synonymous_recode,within_family,adrenoceptor,0.3905776880046354
10,synonymous_recode,within_family,alcohol_dehydrogenase,0.7622543232168899
10,synonymous_recode,within_family,aldehyde_dehydrogenase,0.7530285673819047
10,synonymous_recode,within_family,aldo_keto_reductase,0.7761191871063621
10,synonymous_recode,within_family,alkaline_phosphatase,0.9259813973436264
10,synonymous_recode,within_family,arachidonate_lipoxygenase,0.7035717947871176
10,synonymous_recode,within_family,arf_gtpase,0.6656533783950487
10,synonymous_recode,within_family,carbonic_anhydrase,0.5755866162215523
10,synonymous_recode,within_family,cxc_chemokine_receptor,0.4727959804981087
10,synonymous_recode,within_family,cytochrome_p450,0.7211521497562424
10,synonymous_recode,within_family,dopamine_receptor,0.4631001042194766
10,synonymous_recode,within_family,ectonucleotide_pyrophosphatase,0.8352380238657736
10,synonymous_recode,within_family,ferritin,0.5176238084166472
10,synonymous_recode,within_family,flavin_monooxygenase,0.6529043981806655
10,synonymous_recode,within_family,globins,0.6258224778646965
10,synonymous_recode,within_family,glutamate_metabotropic,0.7051339408191273
10,synonymous_recode,within_family,glutaredoxin,0.7306869054147248
10,synonymous_recode,within_family,glutathione_peroxidase,0.6249487831623283
10,synonymous_recode,within_family,glutathione_s_transferase,0.5832744350598539
10,synonymous_recode,within_family,guanylate_binding_protein,0.5985507246376811
10,synonymous_recode,within_family,heme_oxygenase,0.7512233049968899
10,synonymous_recode,within_family,histamine_receptor,0.6938894529980634
10,synonymous_recode,within_family,histone_deacetylase_classI,0.8345057251960147
10,synonymous_recode,within_family,histone_h4,0.0447045707915273
10,synonymous_recode,within_family,hox,0.5093736592075803
10,synonymous_recode,within_family,m14_carboxypeptidase,0.7447493301487457
10,synonymous_recode,within_family,matrix_metalloproteinase,0.7768657549879722
10,synonymous_recode,within_family,metallothionein,0.2708448510924652
10,synonymous_recode,within_family,muscarinic_receptor,0.2799174767907308
10,synonymous_recode,within_family,nadph_oxidase,0.7671475179233562
10,synonymous_recode,within_family,nitric_oxide_synthase,0.628520599898967
10,synonymous_recode,within_family,olfactory_receptors,0.2270848133026565
10,synonymous_recode,within_family,opsins,0.6187421008940474
10,synonymous_recode,within_family,p2y_receptor,0.4855646503146114
10,synonymous_recode,within_family,peroxidase,0.8364804992321236
10,synonymous_recode,within_family,peroxiredoxin,0.8397683886467572
10,synonymous_recode,within_family,phosphodiesterase,0.8150332412584274
10,synonymous_recode,within_family,rab_gtpase,0.7582398355811039
10,synonymous_recode,within_family,ras_gtpases,0.6512824767974524
10,synonymous_recode,within_family,rho_gtpase,0.6634066680241918
10,synonymous_recode,within_family,serine_protease,0.6831184172870166
10,synonymous_recode,within_family,serotonin_receptor,0.5072887705521332
10,synonymous_recode,within_family,steap_metalloreductase,0.5161893531331893
10,synonymous_recode,within_family,sulfotransferase,0.7692650439201467
10,synonymous_recode,within_family,taste2_receptor,0.516736036123003
10,synonymous_recode,within_family,udp_glucuronosyltransferase,0.8220520715173123
10,missense_subset,within_family,adam_metallopeptidase,0.7412500060204521
10,missense_subset,within_family,adamts_metallopeptidase,0.7699578538501813
10,missense_subset,within_family,adrenoceptor,0.650397083803613
10,missense_subset,within_family,alcohol_dehydrogenase,0.8499131884158622
10,missense_subset,within_family,aldehyde_dehydrogenase,0.7343561075832142
10,missense_subset,within_family,aldo_keto_reductase,0.6372517342246415
10,missense_subset,within_family,alkaline_phosphatase,0.7955249085280044
10,missense_subset,within_family,arachidonate_lipoxygenase,0.7871561585782634
10,missense_subset,within_family,arf_gtpase,0.5682077450177102
10,missense_subset,within_family,carbonic_anhydrase,0.6662766484198258
10,missense_subset,within_family,cxc_chemokine_receptor,0.5111855742204545
10,missense_subset,within_family,cytochrome_p450,0.706837213596012
10,missense_subset,within_family,dopamine_receptor,0.5130144944393833
10,missense_subset,within_family,ectonucleotide_pyrophosphatase,0.7622399523493838
10,missense_subset,within_family,ferritin,0.5597397061591434
10,missense_subset,within_family,flavin_monooxygenase,0.6646507896073907
10,missense_subset,within_family,globins,0.662074481469129
10,missense_subset,within_family,glutamate_metabotropic,0.7272131751855189
10,missense_subset,within_family,glutaredoxin,0.7684194206992137
10,missense_subset,within_family,glutathione_peroxidase,0.4825245799117
10,missense_subset,within_family,glutathione_s_transferase,0.582911013231975
10,missense_subset,within_family,guanylate_binding_protein,0.5095520421607378
10,missense_subset,within_family,heme_oxygenase,0.5725793074849679
10,missense_subset,within_family,histamine_receptor,0.7493308786841609
10,missense_subset,within_family,histone_deacetylase_classI,0.8655340374008902
10,missense_subset,within_family,histone_h4,0.307548972766364
10,missense_subset,within_family,hox,0.538962508982209
10,missense_subset,within_family,m14_carboxypeptidase,0.7095161162944924
10,missense_subset,within_family,matrix_metalloproteinase,0.5940852505034839
10,missense_subset,within_family,metallothionein,0.1934662242316188
10,missense_subset,within_family,muscarinic_receptor,0.5281216060258681
10,missense_subset,within_family,nadph_oxidase,0.8014939755465731
10,missense_subset,within_family,nitric_oxide_synthase,0.7665429109492748
10,missense_subset,within_family,olfactory_receptors,0.3534258666315615
10,missense_subset,within_family,opsins,0.7556788482210467
10,missense_subset,within_family,p2y_receptor,0.4649289464397277
10,missense_subset,within_family,peroxidase,0.8279960247863674
10,missense_subset,within_family,peroxiredoxin,0.7539205827691279
10,missense_subset,within_family,phosphodiesterase,0.8043106838301828
10,missense_subset,within_family,rab_gtpase,0.6961850186757532
10,missense_subset,within_family,ras_gtpases,0.521899783153912
10,missense_subset,within_family,rho_gtpase,0.603157013825491
10,missense_subset,within_family,serine_protease,0.597796651533266
10,missense_subset,within_family,serotonin_receptor,0.5310235544463642
10,missense_subset,within_family,steap_metalloreductase,0.6250767552395741
10,missense_subset,within_family,sulfotransferase,0.6957034582688272
10,missense_subset,within_family,taste2_receptor,0.2861465773508295
10,missense_subset,within_family,udp_glucuronosyltransferase,0.8168368173715768
10,paired_p3_syn,within_family,adam_metallopeptidase,0.8769640952776752
10,paired_p3_syn,within_family,adamts_metallopeptidase,0.9014915109139768
10,paired_p3_syn,within_family,adrenoceptor,0.5133958334769093
10,paired_p3_syn,within_family,alcohol_dehydrogenase,0.7363011320230571
10,paired_p3_syn,within_family,aldehyde_dehydrogenase,0.8019067078157871
10,paired_p3_syn,within_family,aldo_keto_reductase,0.7743204351508395
10,paired_p3_syn,within_family,alkaline_phosphatase,0.8886655140525109
10,paired_p3_syn,within_family,arachidonate_lipoxygenase,0.7880341141929619
10,paired_p3_syn,within_family,arf_gtpase,0.8105879737197251
10,paired_p3_syn,within_family,carbonic_anhydrase,0.7261059118030249
10,paired_p3_syn,within_family,cxc_chemokine_receptor,0.6797761285897844
10,paired_p3_syn,within_family,cytochrome_p450,0.7729436477093339
10,paired_p3_syn,within_family,dopamine_receptor,0.6072866903162357
10,paired_p3_syn,within_family,ectonucleotide_pyrophosphatase,0.870419547866961
10,paired_p3_syn,within_family,ferritin,0.6332218119011888
10,paired_p3_syn,within_family,flavin_monooxygenase,0.7452483277655838
10,paired_p3_syn,within_family,globins,0.6788629919635278
10,paired_p3_syn,within_family,glutamate_metabotropic,0.6635977227719305
10,paired_p3_syn,within_family,glutaredoxin,0.8482236556562457
10,paired_p3_syn,within_family,glutathione_peroxidase,0.6731866874025927
10,paired_p3_syn,within_family,glutathione_s_transferase,0.6905890465646056
10,paired_p3_syn,within_family,guanylate_binding_protein,0.7959156785243741
10,paired_p3_syn,within_family,heme_oxygenase,0.810377358490566
10,paired_p3_syn,within_family,histamine_receptor,0.8028170159440025
10,paired_p3_syn,within_family,histone_deacetylase_classI,0.920423387929635
10,paired_p3_syn,within_family,histone_h4,0.5019589106545628
10,paired_p3_syn,within_family,hox,0.7281688357796323
10,paired_p3_syn,within_family,m14_carboxypeptidase,0.8126849648481964
10,paired_p3_syn,within_family,matrix_metalloproteinase,0.8352999948107166
10,paired_p3_syn,within_family,metallothionein,0.5970440259516758
10,paired_p3_syn,within_family,muscarinic_receptor,0.6280785046668198
10,paired_p3_syn,within_family,nadph_oxidase,0.8277431219805736
10,paired_p3_syn,within_family,nitric_oxide_synthase,0.7438500334388021
10,paired_p3_syn,within_family,olfactory_receptors,0.515582003951636
10,paired_p3_syn,within_family,opsins,0.7575972689765011
10,paired_p3_syn,within_family,p2y_receptor,0.5358887665446915
10,paired_p3_syn,within_family,peroxidase,0.8285512503054322
10,paired_p3_syn,within_family,peroxiredoxin,0.8816347408448341
10,paired_p3_syn,within_family,phosphodiesterase,0.8539368948019267
10,paired_p3_syn,within_family,rab_gtpase,0.8534370848187436
10,paired_p3_syn,within_family,ras_gtpases,0.7394475785416259
10,paired_p3_syn,within_family,rho_gtpase,0.7109775754951017
10,paired_p3_syn,within_family,serine_protease,0.7366962399246152
10,paired_p3_syn,within_family,serotonin_receptor,0.6512554697102655
10,paired_p3_syn,within_family,steap_metalloreductase,0.6265439156736808
10,paired_p3_syn,within_family,sulfotransferase,0.809431743473595
10,paired_p3_syn,within_family,taste2_receptor,0.5998842217488977
10,paired_p3_syn,within_family,udp_glucuronosyltransferase,0.8906955344121119
10,paired_p3_missense,within_family,adam_metallopeptidase,0.8214724156374347
10,paired_p3_missense,within_family,adamts_metallopeptidase,0.781538282076916
10,paired_p3_missense,within_family,adrenoceptor,0.5308178963175937
10,paired_p3_missense,within_family,alcohol_dehydrogenase,0.7330231266060142
10,paired_p3_missense,within_family,aldehyde_dehydrogenase,0.733071599251683
10,paired_p3_missense,within_family,aldo_keto_reductase,0.7191552860112369
10,paired_p3_missense,within_family,alkaline_phosphatase,0.8960134292951629
10,paired_p3_missense,within_family,arachidonate_lipoxygenase,0.7392213597846818
10,paired_p3_missense,within_family,arf_gtpase,0.7328733062159773
10,paired_p3_missense,within_family,carbonic_anhydrase,0.55734625705122
10,paired_p3_missense,within_family,cxc_chemokine_receptor,0.6573202506276444
10,paired_p3_missense,within_family,cytochrome_p450,0.7621051251002361
10,paired_p3_missense,within_family,dopamine_receptor,0.663613347213341
10,paired_p3_missense,within_family,ectonucleotide_pyrophosphatase,0.7559356209229346
10,paired_p3_missense,within_family,ferritin,0.6208474119076304
10,paired_p3_missense,within_family,flavin_monooxygenase,0.7725154853792217
10,paired_p3_missense,within_family,globins,0.7394564579608366
10,paired_p3_missense,within_family,glutamate_metabotropic,0.6218047639004147
10,paired_p3_missense,within_family,glutaredoxin,0.8361247164850789
10,paired_p3_missense,within_family,glutathione_peroxidase,0.5888571197609329
10,paired_p3_missense,within_family,glutathione_s_transferase,0.6721964895042445
10,paired_p3_missense,within_family,guanylate_binding_protein,0.653227931488801
10,paired_p3_missense,within_family,heme_oxygenase,0.8557536802819821
10,paired_p3_missense,within_family,histamine_receptor,0.709704508496695
10,paired_p3_missense,within_family,histone_deacetylase_classI,0.8549180765617644
10,paired_p3_missense,within_family,histone_h4,0.689775441949355
10,paired_p3_missense,within_family,hox,0.6978245995270623
10,paired_p3_missense,within_family,m14_carboxypeptidase,0.7360802459251052
10,paired_p3_missense,within_family,matrix_metalloproteinase,0.7751380998022486
10,paired_p3_missense,within_family,metallothionein,0.3388686453938861
10,paired_p3_missense,within_family,muscarinic_receptor,0.4518260860466942
10,paired_p3_missense,within_family,nadph_oxidase,0.8373327319519593
10,paired_p3_missense,within_family,nitric_oxide_synthase,0.6122670863900076
10,paired_p3_missense,within_family,olfactory_receptors,0.4849455115797305
10,paired_p3_missense,within_family,opsins,0.7554191271224556
10,paired_p3_missense,within_family,p2y_receptor,0.5190775478893125
10,paired_p3_missense,within_family,peroxidase,0.8258872442592263
10,paired_p3_missense,within_family,peroxiredoxin,0.7655125981952619
10,paired_p3_missense,within_family,phosphodiesterase,0.8179591627719727
10,paired_p3_missense,within_family,rab_gtpase,0.7568761680329101
10,paired_p3_missense,within_family,ras_gtpases,0.6658307319419401
10,paired_p3_missense,within_family,rho_gtpase,0.7112690720829408
10,paired_p3_missense,within_family,serine_protease,0.6761852720560778
10,paired_p3_missense,within_family,serotonin_receptor,0.5485269073470402
10,paired_p3_missense,within_family,steap_metalloreductase,0.5724767269073261
10,paired_p3_missense,within_family,sulfotransferase,0.7433076853712708
10,paired_p3_missense,within_family,taste2_receptor,0.3295665264899211
10,paired_p3_missense,within_family,udp_glucuronosyltransferase,0.8995809894205616
11,natural,within_family,adam_metallopeptidase,1.0
11,natural,within_family,adamts_metallopeptidase,1.0
11,natural,within_family,adrenoceptor,1.0
11,natural,within_family,alcohol_dehydrogenase,1.0
11,natural,within_family,aldehyde_dehydrogenase,1.0
11,natural,within_family,aldo_keto_reductase,1.0
11,natural,within_family,alkaline_phosphatase,1.0
11,natural,within_family,arachidonate_lipoxygenase,1.0
11,natural,within_family,arf_gtpase,1.0
11,natural,within_family,carbonic_anhydrase,1.0
11,natural,within_family,cxc_chemokine_receptor,1.0
11,natural,within_family,cytochrome_p450,1.0
11,natural,within_family,dopamine_receptor,1.0
11,natural,within_family,ectonucleotide_pyrophosphatase,1.0
11,natural,within_family,ferritin,1.0
11,natural,within_family,flavin_monooxygenase,1.0
11,natural,within_family,globins,1.0
11,natural,within_family,glutamate_metabotropic,1.0
11,natural,within_family,glutaredoxin,1.0
11,natural,within_family,glutathione_peroxidase,1.0
11,natural,within_family,glutathione_s_transferase,1.0
11,natural,within_family,guanylate_binding_protein,1.0
11,natural,within_family,heme_oxygenase,1.0
11,natural,within_family,histamine_receptor,1.0
11,natural,within_family,histone_deacetylase_classI,1.0
11,natural,within_family,histone_h4,1.0
11,natural,within_family,hox,1.0
11,natural,within_family,m14_carboxypeptidase,1.0
11,natural,within_family,matrix_metalloproteinase,1.0
11,natural,within_family,metallothionein,1.0
11,natural,within_family,muscarinic_receptor,1.0
11,natural,within_family,nadph_oxidase,1.0
11,natural,within_family,nitric_oxide_synthase,1.0
11,natural,within_family,olfactory_receptors,1.0
11,natural,within_family,opsins,1.0
11,natural,within_family,p2y_receptor,1.0
11,natural,within_family,peroxidase,1.0
11,natural,within_family,peroxiredoxin,1.0
11,natural,within_family,phosphodiesterase,1.0
11,natural,within_family,rab_gtpase,1.0
11,natural,within_family,ras_gtpases,1.0
11,natural,within_family,rho_gtpase,1.0
11,natural,within_family,serine_protease,1.0
11,natural,within_family,serotonin_receptor,1.0
11,natural,within_family,steap_metalloreductase,1.0
11,natural,within_family,sulfotransferase,1.0
11,natural,within_family,taste2_receptor,1.0
11,natural,within_family,udp_glucuronosyltransferase,1.0
11,gc_match,within_family,adam_metallopeptidase,0.6110931611181107
11,gc_match,within_family,adamts_metallopeptidase,0.7231293930090401
11,gc_match,within_family,adrenoceptor,0.3142882055081232
11,gc_match,within_family,alcohol_dehydrogenase,0.763775262170984
11,gc_match,within_family,aldehyde_dehydrogenase,0.5930254815774529
11,gc_match,within_family,aldo_keto_reductase,0.5752570330537684
11,gc_match,within_family,alkaline_phosphatase,0.8022529585997078
11,gc_match,within_family,arachidonate_lipoxygenase,0.5932009584176372
11,gc_match,within_family,arf_gtpase,0.3607597991177522
11,gc_match,within_family,carbonic_anhydrase,0.4639915873099997
11,gc_match,within_family,cxc_chemokine_receptor,0.4914482932554181
11,gc_match,within_family,cytochrome_p450,0.5758905119492619
11,gc_match,within_family,dopamine_receptor,0.3082538409337264
11,gc_match,within_family,ectonucleotide_pyrophosphatase,0.6846197747007345
11,gc_match,within_family,ferritin,0.3378041550792073
11,gc_match,within_family,flavin_monooxygenase,0.6641947568684314
11,gc_match,within_family,globins,0.4201194175764888
11,gc_match,within_family,glutamate_metabotropic,0.4681130374347804
11,gc_match,within_family,glutaredoxin,0.3403797633606754
11,gc_match,within_family,glutathione_peroxidase,0.4067333623465041
11,gc_match,within_family,glutathione_s_transferase,0.3771163690443783
11,gc_match,within_family,guanylate_binding_protein,0.3138998682476943
11,gc_match,within_family,heme_oxygenase,0.7897159444329255
11,gc_match,within_family,histamine_receptor,0.5168041856410619
11,gc_match,within_family,histone_deacetylase_classI,0.5227776948069609
11,gc_match,within_family,histone_h4,0.1777990125816212
11,gc_match,within_family,hox,0.3373173618366061
11,gc_match,within_family,m14_carboxypeptidase,0.6005867581444136
11,gc_match,within_family,matrix_metalloproteinase,0.5653137950418208
11,gc_match,within_family,metallothionein,0.1370811054028139
11,gc_match,within_family,muscarinic_receptor,0.2247655082787575
11,gc_match,within_family,nadph_oxidase,0.7486669337368349
11,gc_match,within_family,nitric_oxide_synthase,0.2639059814405126
11,gc_match,within_family,olfactory_receptors,0.0551222345294861
11,gc_match,within_family,opsins,0.5475066512238385
11,gc_match,within_family,p2y_receptor,0.2009154275050181
11,gc_match,within_family,peroxidase,0.7779073540091174
11,gc_match,within_family,peroxiredoxin,0.59968720095675
11,gc_match,within_family,phosphodiesterase,0.68920386450363
11,gc_match,within_family,rab_gtpase,0.3991117767772398
11,gc_match,within_family,ras_gtpases,0.3362588980637502
11,gc_match,within_family,rho_gtpase,0.4209652396260173
11,gc_match,within_family,serine_protease,0.467581558803629
11,gc_match,within_family,serotonin_receptor,0.3741689476232482
11,gc_match,within_family,steap_metalloreductase,0.4130809987417987
11,gc_match,within_family,sulfotransferase,0.4446567287897547
11,gc_match,within_family,taste2_receptor,-0.1599486912689472
11,gc_match,within_family,udp_glucuronosyltransferase,0.7467256599609541
11,dinuc_shuffle,within_family,adam_metallopeptidase,0.5957575730015273
11,dinuc_shuffle,within_family,adamts_metallopeptidase,0.7127354578959558
11,dinuc_shuffle,within_family,adrenoceptor,0.3754469972251041
11,dinuc_shuffle,within_family,alcohol_dehydrogenase,0.7888533925967081
11,dinuc_shuffle,within_family,aldehyde_dehydrogenase,0.6001183607704127
11,dinuc_shuffle,within_family,aldo_keto_reductase,0.6384389735672835
11,dinuc_shuffle,within_family,alkaline_phosphatase,0.8987843941404311
11,dinuc_shuffle,within_family,arachidonate_lipoxygenase,0.6591435779635203
11,dinuc_shuffle,within_family,arf_gtpase,0.3629720141797311
11,dinuc_shuffle,within_family,carbonic_anhydrase,0.4373759464540591
11,dinuc_shuffle,within_family,cxc_chemokine_receptor,0.4554273862981989
11,dinuc_shuffle,within_family,cytochrome_p450,0.5683709053228566
11,dinuc_shuffle,within_family,dopamine_receptor,0.3234370726931127
11,dinuc_shuffle,within_family,ectonucleotide_pyrophosphatase,0.6349707374793486
11,dinuc_shuffle,within_family,ferritin,0.1608155658957797
11,dinuc_shuffle,within_family,flavin_monooxygenase,0.6569982061736381
11,dinuc_shuffle,within_family,globins,0.4703135693745306
11,dinuc_shuffle,within_family,glutamate_metabotropic,0.4519821830846626
11,dinuc_shuffle,within_family,glutaredoxin,0.3641731828561665
11,dinuc_shuffle,within_family,glutathione_peroxidase,0.4871551981290193
11,dinuc_shuffle,within_family,glutathione_s_transferase,0.275157996723386
11,dinuc_shuffle,within_family,guanylate_binding_protein,0.366600790513834
11,dinuc_shuffle,within_family,heme_oxygenase,0.680364918100767
11,dinuc_shuffle,within_family,histamine_receptor,0.5105601682406109
11,dinuc_shuffle,within_family,histone_deacetylase_classI,0.5577397068012893
11,dinuc_shuffle,within_family,histone_h4,0.1930880713489409
11,dinuc_shuffle,within_family,hox,0.3414430598494389
11,dinuc_shuffle,within_family,m14_carboxypeptidase,0.6049583038222045
11,dinuc_shuffle,within_family,matrix_metalloproteinase,0.5503816967277628
11,dinuc_shuffle,within_family,metallothionein,0.3393406949409233
11,dinuc_shuffle,within_family,muscarinic_receptor,0.3703646195505083
11,dinuc_shuffle,within_family,nadph_oxidase,0.772353133752111
11,dinuc_shuffle,within_family,nitric_oxide_synthase,0.2999203804453704
11,dinuc_shuffle,within_family,olfactory_receptors,0.0981854252564858
11,dinuc_shuffle,within_family,opsins,0.5251828751351237
11,dinuc_shuffle,within_family,p2y_receptor,0.2960014424937083
11,dinuc_shuffle,within_family,peroxidase,0.8059119818168508
11,dinuc_shuffle,within_family,peroxiredoxin,0.5447486878598696
11,dinuc_shuffle,within_family,phosphodiesterase,0.6653274591147581
11,dinuc_shuffle,within_family,rab_gtpase,0.4187168239716624
11,dinuc_shuffle,within_family,ras_gtpases,0.314378965196098
11,dinuc_shuffle,within_family,rho_gtpase,0.3757215193655752
11,dinuc_shuffle,within_family,serine_protease,0.4814586186487012
11,dinuc_shuffle,within_family,serotonin_receptor,0.3823569655566713
11,dinuc_shuffle,within_family,steap_metalloreductase,0.4932460924138508
11,dinuc_shuffle,within_family,sulfotransferase,0.4609518112525883
11,dinuc_shuffle,within_family,taste2_receptor,-0.0866422856038882
11,dinuc_shuffle,within_family,udp_glucuronosyltransferase,0.7073710751518238
11,kmer4_shuffle,within_family,adam_metallopeptidase,0.6218965382511539
11,kmer4_shuffle,within_family,adamts_metallopeptidase,0.71369205121758
11,kmer4_shuffle,within_family,adrenoceptor,0.2878662817588142
11,kmer4_shuffle,within_family,alcohol_dehydrogenase,0.7138690186818528
11,kmer4_shuffle,within_family,aldehyde_dehydrogenase,0.6141072084055076
11,kmer4_shuffle,within_family,aldo_keto_reductase,0.5847478598882108
11,kmer4_shuffle,within_family,alkaline_phosphatase,0.8409694021149129
11,kmer4_shuffle,within_family,arachidonate_lipoxygenase,0.536929889829889
11,kmer4_shuffle,within_family,arf_gtpase,0.3346378953702595
11,kmer4_shuffle,within_family,carbonic_anhydrase,0.4344045203071259
11,kmer4_shuffle,within_family,cxc_chemokine_receptor,0.2700638311451038
11,kmer4_shuffle,within_family,cytochrome_p450,0.5579860677007689
11,kmer4_shuffle,within_family,dopamine_receptor,0.3853213591160324
11,kmer4_shuffle,within_family,ectonucleotide_pyrophosphatase,0.6546396075024178
11,kmer4_shuffle,within_family,ferritin,0.5749983140938733
11,kmer4_shuffle,within_family,flavin_monooxygenase,0.6625584788249139
11,kmer4_shuffle,within_family,globins,0.5519538726560724
11,kmer4_shuffle,within_family,glutamate_metabotropic,0.4842231386050398
11,kmer4_shuffle,within_family,glutaredoxin,0.2918401534390202
11,kmer4_shuffle,within_family,glutathione_peroxidase,0.2586855617031949
11,kmer4_shuffle,within_family,glutathione_s_transferase,0.2506007762112791
11,kmer4_shuffle,within_family,guanylate_binding_protein,0.3067852437417654
11,kmer4_shuffle,within_family,heme_oxygenase,0.7830499688990256
11,kmer4_shuffle,within_family,histamine_receptor,0.5193433219064718
11,kmer4_shuffle,within_family,histone_deacetylase_classI,0.4708056583383033
11,kmer4_shuffle,within_family,histone_h4,0.3581939799331103
11,kmer4_shuffle,within_family,hox,0.3221855310159626
11,kmer4_shuffle,within_family,m14_carboxypeptidase,0.5726302356361676
11,kmer4_shuffle,within_family,matrix_metalloproteinase,0.5129835962666697
11,kmer4_shuffle,within_family,metallothionein,0.0620921525036449
11,kmer4_shuffle,within_family,muscarinic_receptor,0.3313656890329011
11,kmer4_shuffle,within_family,nadph_oxidase,0.7987726010945292
11,kmer4_shuffle,within_family,nitric_oxide_synthase,0.4191357952217134
11,kmer4_shuffle,within_family,olfactory_receptors,0.1097326129431549
11,kmer4_shuffle,within_family,opsins,0.5234031414510404
11,kmer4_shuffle,within_family,p2y_receptor,0.2722395940835976
11,kmer4_shuffle,within_family,peroxidase,0.7867774001676767
11,kmer4_shuffle,within_family,peroxiredoxin,0.4076547720223179
11,kmer4_shuffle,within_family,phosphodiesterase,0.662726470873764
11,kmer4_shuffle,within_family,rab_gtpase,0.4393944362901461
11,kmer4_shuffle,within_family,ras_gtpases,0.2967580137186321
11,kmer4_shuffle,within_family,rho_gtpase,0.3470875702009569
11,kmer4_shuffle,within_family,serine_protease,0.4347753652654901
11,kmer4_shuffle,within_family,serotonin_receptor,0.3859552774780986
11,kmer4_shuffle,within_family,steap_metalloreductase,0.4035254431604803
11,kmer4_shuffle,within_family,sulfotransferase,0.4749132456585579
11,kmer4_shuffle,within_family,taste2_receptor,0.183242422786661
11,kmer4_shuffle,within_family,udp_glucuronosyltransferase,0.6547580464692764
11,kmer6_shuffle,within_family,adam_metallopeptidase,0.6541083320775211
11,kmer6_shuffle,within_family,adamts_metallopeptidase,0.703254636699859
11,kmer6_shuffle,within_family,adrenoceptor,0.324376383716268
11,kmer6_shuffle,within_family,alcohol_dehydrogenase,0.8034030140982013
11,kmer6_shuffle,within_family,aldehyde_dehydrogenase,0.5814561809242713
11,kmer6_shuffle,within_family,aldo_keto_reductase,0.5825784494372855
11,kmer6_shuffle,within_family,alkaline_phosphatase,0.8643265918807714
11,kmer6_shuffle,within_family,arachidonate_lipoxygenase,0.5557467959439755
11,kmer6_shuffle,within_family,arf_gtpase,0.3283074636417175
11,kmer6_shuffle,within_family,carbonic_anhydrase,0.4143580091493998
11,kmer6_shuffle,within_family,cxc_chemokine_receptor,0.3658549616980528
11,kmer6_shuffle,within_family,cytochrome_p450,0.5085313254519965
11,kmer6_shuffle,within_family,dopamine_receptor,0.3831592544708778
11,kmer6_shuffle,within_family,ectonucleotide_pyrophosphatase,0.6225246308221138
11,kmer6_shuffle,within_family,ferritin,0.3443518118709934
11,kmer6_shuffle,within_family,flavin_monooxygenase,0.5975196938313091
11,kmer6_shuffle,within_family,globins,0.4966772521429242
11,kmer6_shuffle,within_family,glutamate_metabotropic,0.4308324309360093
11,kmer6_shuffle,within_family,glutaredoxin,0.4980857856543993
11,kmer6_shuffle,within_family,glutathione_peroxidase,0.3693492899669735
11,kmer6_shuffle,within_family,glutathione_s_transferase,0.3217792677162454
11,kmer6_shuffle,within_family,guanylate_binding_protein,0.3231884057971014
11,kmer6_shuffle,within_family,heme_oxygenase,0.6599730458221023
11,kmer6_shuffle,within_family,histamine_receptor,0.5811376185755442
11,kmer6_shuffle,within_family,histone_deacetylase_classI,0.5054275413201883
11,kmer6_shuffle,within_family,histone_h4,0.3762223283962415
11,kmer6_shuffle,within_family,hox,0.3166288646107718
11,kmer6_shuffle,within_family,m14_carboxypeptidase,0.5924496604439418
11,kmer6_shuffle,within_family,matrix_metalloproteinase,0.5157310055638644
11,kmer6_shuffle,within_family,metallothionein,0.0391046299775194
11,kmer6_shuffle,within_family,muscarinic_receptor,0.2865011068648629
11,kmer6_shuffle,within_family,nadph_oxidase,0.770343080618276
11,kmer6_shuffle,within_family,nitric_oxide_synthase,0.4829332148940248
11,kmer6_shuffle,within_family,olfactory_receptors,0.138106686223132
11,kmer6_shuffle,within_family,opsins,0.5121938142710295
11,kmer6_shuffle,within_family,p2y_receptor,0.2702375139371479
11,kmer6_shuffle,within_family,peroxidase,0.7342226429982031
11,kmer6_shuffle,within_family,peroxiredoxin,0.5066130494293468
11,kmer6_shuffle,within_family,phosphodiesterase,0.6618478013099762
11,kmer6_shuffle,within_family,rab_gtpase,0.3990305748875207
11,kmer6_shuffle,within_family,ras_gtpases,0.3199301412191425
11,kmer6_shuffle,within_family,rho_gtpase,0.4068583896571337
11,kmer6_shuffle,within_family,serine_protease,0.4253114606606334
11,kmer6_shuffle,within_family,serotonin_receptor,0.3909751080093748
11,kmer6_shuffle,within_family,steap_metalloreductase,0.2641367445581721
11,kmer6_shuffle,within_family,sulfotransferase,0.4246084499086527
11,kmer6_shuffle,within_family,taste2_receptor,0.0374603628434239
11,kmer6_shuffle,within_family,udp_glucuronosyltransferase,0.6590777908959727
11,synonymous_recode,within_family,adam_metallopeptidase,0.7865672704382669
11,synonymous_recode,within_family,adamts_metallopeptidase,0.8190115872052468
11,synonymous_recode,within_family,adrenoceptor,0.4119398451708908
11,synonymous_recode,within_family,alcohol_dehydrogenase,0.7235363566914368
11,synonymous_recode,within_family,aldehyde_dehydrogenase,0.7573342861834548
11,synonymous_recode,within_family,aldo_keto_reductase,0.759611592844231
11,synonymous_recode,within_family,alkaline_phosphatase,0.9307158270006566
11,synonymous_recode,within_family,arachidonate_lipoxygenase,0.7056176404012229
11,synonymous_recode,within_family,arf_gtpase,0.6808693268888647
11,synonymous_recode,within_family,carbonic_anhydrase,0.5754177171261218
11,synonymous_recode,within_family,cxc_chemokine_receptor,0.5068277576901273
11,synonymous_recode,within_family,cytochrome_p450,0.7315180957724962
11,synonymous_recode,within_family,dopamine_receptor,0.4702277695616481
11,synonymous_recode,within_family,ectonucleotide_pyrophosphatase,0.821446498500376
11,synonymous_recode,within_family,ferritin,0.5361935359842822
11,synonymous_recode,within_family,flavin_monooxygenase,0.6487374207658565
11,synonymous_recode,within_family,globins,0.6254798374462539
11,synonymous_recode,within_family,glutamate_metabotropic,0.733314710410657
11,synonymous_recode,within_family,glutaredoxin,0.74629530945086
11,synonymous_recode,within_family,glutathione_peroxidase,0.6417784169064664
11,synonymous_recode,within_family,glutathione_s_transferase,0.5958354231121342
11,synonymous_recode,within_family,guanylate_binding_protein,0.6210803689064558
11,synonymous_recode,within_family,heme_oxygenase,0.7605639643375491
11,synonymous_recode,within_family,histamine_receptor,0.7087072922064515
11,synonymous_recode,within_family,histone_deacetylase_classI,0.833159616049131
11,synonymous_recode,within_family,histone_h4,0.0355629877369007
11,synonymous_recode,within_family,hox,0.522112355495933
11,synonymous_recode,within_family,m14_carboxypeptidase,0.7538588202280719
11,synonymous_recode,within_family,matrix_metalloproteinase,0.7771875078109557
11,synonymous_recode,within_family,metallothionein,0.2460772974168122
11,synonymous_recode,within_family,muscarinic_receptor,0.2724327185527201
11,synonymous_recode,within_family,nadph_oxidase,0.7810685228943234
11,synonymous_recode,within_family,nitric_oxide_synthase,0.6424875428417117
11,synonymous_recode,within_family,olfactory_receptors,0.2519548619819358
11,synonymous_recode,within_family,opsins,0.6300390877216334
11,synonymous_recode,within_family,p2y_receptor,0.4965781221946955
11,synonymous_recode,within_family,peroxidase,0.8500805119247585
11,synonymous_recode,within_family,peroxiredoxin,0.8416917025344635
11,synonymous_recode,within_family,phosphodiesterase,0.8093194357867604
11,synonymous_recode,within_family,rab_gtpase,0.761542497070941
11,synonymous_recode,within_family,ras_gtpases,0.6515329442305771
11,synonymous_recode,within_family,rho_gtpase,0.6654942347467663
11,synonymous_recode,within_family,serine_protease,0.6953934067340911
11,synonymous_recode,within_family,serotonin_receptor,0.5132228075548924
11,synonymous_recode,within_family,steap_metalloreductase,0.5336389693812036
11,synonymous_recode,within_family,sulfotransferase,0.7800819863500205
11,synonymous_recode,within_family,taste2_receptor,0.5228807497032723
11,synonymous_recode,within_family,udp_glucuronosyltransferase,0.8325134461498098
11,missense_subset,within_family,adam_metallopeptidase,0.7346630865494416
11,missense_subset,within_family,adamts_metallopeptidase,0.7626976283003845
11,missense_subset,within_family,adrenoceptor,0.6562464617426249
11,missense_subset,within_family,alcohol_dehydrogenase,0.8368150566011527
11,missense_subset,within_family,aldehyde_dehydrogenase,0.7261276777427057
11,missense_subset,within_family,aldo_keto_reductase,0.609411298289797
11,missense_subset,within_family,alkaline_phosphatase,0.7472993982281908
11,missense_subset,within_family,arachidonate_lipoxygenase,0.7745779066755137
11,missense_subset,within_family,arf_gtpase,0.5629056121076874
11,missense_subset,within_family,carbonic_anhydrase,0.6676321781537956
11,missense_subset,within_family,cxc_chemokine_receptor,0.4946448814529471
11,missense_subset,within_family,cytochrome_p450,0.7058852731282845
11,missense_subset,within_family,dopamine_receptor,0.5170316338209152
11,missense_subset,within_family,ectonucleotide_pyrophosphatase,0.7440857582470592
11,missense_subset,within_family,ferritin,0.5576270896428999
11,missense_subset,within_family,flavin_monooxygenase,0.6535355874425349
11,missense_subset,within_family,globins,0.6530961500138365
11,missense_subset,within_family,glutamate_metabotropic,0.7254740341878324
11,missense_subset,within_family,glutaredoxin,0.797037704985023
11,missense_subset,within_family,glutathione_peroxidase,0.4663080138516568
11,missense_subset,within_family,glutathione_s_transferase,0.5781415471631635
11,missense_subset,within_family,guanylate_binding_protein,0.4795125164690381
11,missense_subset,within_family,heme_oxygenase,0.5683495749533485
11,missense_subset,within_family,histamine_receptor,0.7397491059951108
11,missense_subset,within_family,histone_deacetylase_classI,0.8602225392307544
11,missense_subset,within_family,histone_h4,0.2586558369167064
11,missense_subset,within_family,hox,0.5317437996806005
11,missense_subset,within_family,m14_carboxypeptidase,0.7018272017891198
11,missense_subset,within_family,matrix_metalloproteinase,0.5849277541780983
11,missense_subset,within_family,metallothionein,0.1748626343993194
11,missense_subset,within_family,muscarinic_receptor,0.5224434343957051
11,missense_subset,within_family,nadph_oxidase,0.8054928320394992
11,missense_subset,within_family,nitric_oxide_synthase,0.7675852793884426
11,missense_subset,within_family,olfactory_receptors,0.3552553967266651
11,missense_subset,within_family,opsins,0.7568033601084458
11,missense_subset,within_family,p2y_receptor,0.4586539637115402
11,missense_subset,within_family,peroxidase,0.8195765826133303
11,missense_subset,within_family,peroxiredoxin,0.7442141978169563
11,missense_subset,within_family,phosphodiesterase,0.8004315505109268
11,missense_subset,within_family,rab_gtpase,0.6779195060454517
11,missense_subset,within_family,ras_gtpases,0.4965051235916148
11,missense_subset,within_family,rho_gtpase,0.5965504611119951
11,missense_subset,within_family,serine_protease,0.5890887717471653
11,missense_subset,within_family,serotonin_receptor,0.5267208302536817
11,missense_subset,within_family,steap_metalloreductase,0.6277635437379443
11,missense_subset,within_family,sulfotransferase,0.6941306062865894
11,missense_subset,within_family,taste2_receptor,0.3038345322200479
11,missense_subset,within_family,udp_glucuronosyltransferase,0.8095261244993865
11,paired_p3_syn,within_family,adam_metallopeptidase,0.8798516071800206
11,paired_p3_syn,within_family,adamts_metallopeptidase,0.9012010004180464
11,paired_p3_syn,within_family,adrenoceptor,0.5086040647569159
11,paired_p3_syn,within_family,alcohol_dehydrogenase,0.7131745260087505
11,paired_p3_syn,within_family,aldehyde_dehydrogenase,0.8059751099516308
11,paired_p3_syn,within_family,aldo_keto_reductase,0.774027894294909
11,paired_p3_syn,within_family,alkaline_phosphatase,0.9024700789406672
11,paired_p3_syn,within_family,arachidonate_lipoxygenase,0.7792360774776116
11,paired_p3_syn,within_family,arf_gtpase,0.807426111704517
11,paired_p3_syn,within_family,carbonic_anhydrase,0.7190161722731175
11,paired_p3_syn,within_family,cxc_chemokine_receptor,0.7007728926289203
11,paired_p3_syn,within_family,cytochrome_p450,0.773429744044307
11,paired_p3_syn,within_family,dopamine_receptor,0.6129528735841612
11,paired_p3_syn,within_family,ectonucleotide_pyrophosphatase,0.8659113409183667
11,paired_p3_syn,within_family,ferritin,0.6476344472391903
11,paired_p3_syn,within_family,flavin_monooxygenase,0.7526222221701154
11,paired_p3_syn,within_family,globins,0.6878725058903384
11,paired_p3_syn,within_family,glutamate_metabotropic,0.6813206311486757
11,paired_p3_syn,within_family,glutaredoxin,0.8534607740237155
11,paired_p3_syn,within_family,glutathione_peroxidase,0.6939347253321362
11,paired_p3_syn,within_family,glutathione_s_transferase,0.6968387478530779
11,paired_p3_syn,within_family,guanylate_binding_protein,0.7554677206851119
11,paired_p3_syn,within_family,heme_oxygenase,0.833267675720506
11,paired_p3_syn,within_family,histamine_receptor,0.8018521325234146
11,paired_p3_syn,within_family,histone_deacetylase_classI,0.915881587291126
11,paired_p3_syn,within_family,histone_h4,0.5285236502627807
11,paired_p3_syn,within_family,hox,0.7304476925905048
11,paired_p3_syn,within_family,m14_carboxypeptidase,0.8127725811409626
11,paired_p3_syn,within_family,matrix_metalloproteinase,0.8319833408678647
11,paired_p3_syn,within_family,metallothionein,0.590060768477596
11,paired_p3_syn,within_family,muscarinic_receptor,0.6324671568266429
11,paired_p3_syn,within_family,nadph_oxidase,0.8375831658296833
11,paired_p3_syn,within_family,nitric_oxide_synthase,0.7569730284329806
11,paired_p3_syn,within_family,olfactory_receptors,0.5456028553544108
11,paired_p3_syn,within_family,opsins,0.7626018773294576
11,paired_p3_syn,within_family,p2y_receptor,0.5559869564502343
11,paired_p3_syn,within_family,peroxidase,0.8351132156104072
11,paired_p3_syn,within_family,peroxiredoxin,0.8814230617186014
11,paired_p3_syn,within_family,phosphodiesterase,0.8538971089176536
11,paired_p3_syn,within_family,rab_gtpase,0.8510251591266199
11,paired_p3_syn,within_family,ras_gtpases,0.7365031936862588
11,paired_p3_syn,within_family,rho_gtpase,0.7082077905985061
11,paired_p3_syn,within_family,serine_protease,0.7372273846837093
11,paired_p3_syn,within_family,serotonin_receptor,0.6659295262267504
11,paired_p3_syn,within_family,steap_metalloreductase,0.6461057012383391
11,paired_p3_syn,within_family,sulfotransferase,0.8104701732043276
11,paired_p3_syn,within_family,taste2_receptor,0.609214071248234
11,paired_p3_syn,within_family,udp_glucuronosyltransferase,0.8972237655392736
11,paired_p3_missense,within_family,adam_metallopeptidase,0.8230262863424334
11,paired_p3_missense,within_family,adamts_metallopeptidase,0.7807085047485115
11,paired_p3_missense,within_family,adrenoceptor,0.5166736003542503
11,paired_p3_missense,within_family,alcohol_dehydrogenase,0.7166469893742621
11,paired_p3_missense,within_family,aldehyde_dehydrogenase,0.7265308360681569
11,paired_p3_missense,within_family,aldo_keto_reductase,0.6885527711217543
11,paired_p3_missense,within_family,alkaline_phosphatase,0.8923746532105664
11,paired_p3_missense,within_family,arachidonate_lipoxygenase,0.7225560155384197
11,paired_p3_missense,within_family,arf_gtpase,0.7334575775281643
11,paired_p3_missense,within_family,carbonic_anhydrase,0.545234212431727
11,paired_p3_missense,within_family,cxc_chemokine_receptor,0.6805263313760507
11,paired_p3_missense,within_family,cytochrome_p450,0.7621443046120855
11,paired_p3_missense,within_family,dopamine_receptor,0.6552802513565281
11,paired_p3_missense,within_family,ectonucleotide_pyrophosphatase,0.7470547616184703
11,paired_p3_missense,within_family,ferritin,0.6318264352093693
11,paired_p3_missense,within_family,flavin_monooxygenase,0.7771538072015052
11,paired_p3_missense,within_family,globins,0.7371787696734508
11,paired_p3_missense,within_family,glutamate_metabotropic,0.6288178646695042
11,paired_p3_missense,within_family,glutaredoxin,0.8506882862386205
11,paired_p3_missense,within_family,glutathione_peroxidase,0.5836128638911591
11,paired_p3_missense,within_family,glutathione_s_transferase,0.6715872513989228
11,paired_p3_missense,within_family,guanylate_binding_protein,0.6256258234519103
11,paired_p3_missense,within_family,heme_oxygenase,0.8398092473564173
11,paired_p3_missense,within_family,histamine_receptor,0.7111336504135415
11,paired_p3_missense,within_family,histone_deacetylase_classI,0.8486500861964329
11,paired_p3_missense,within_family,histone_h4,0.6715878324573977
11,paired_p3_missense,within_family,hox,0.7053906031657132
11,paired_p3_missense,within_family,m14_carboxypeptidase,0.7367866859379314
11,paired_p3_missense,within_family,matrix_metalloproteinase,0.7733031136292065
11,paired_p3_missense,within_family,metallothionein,0.3291726935766156
11,paired_p3_missense,within_family,muscarinic_receptor,0.4469658372374072
11,paired_p3_missense,within_family,nadph_oxidase,0.8427070670123854
11,paired_p3_missense,within_family,nitric_oxide_synthase,0.5828947338932132
11,paired_p3_missense,within_family,olfactory_receptors,0.506607423268186
11,paired_p3_missense,within_family,opsins,0.7589718716071672
11,paired_p3_missense,within_family,p2y_receptor,0.5172621586356684
11,paired_p3_missense,within_family,peroxidase,0.8298325009425241
11,paired_p3_missense,within_family,peroxiredoxin,0.7404334948524083
11,paired_p3_missense,within_family,phosphodiesterase,0.8131794139415156
11,paired_p3_missense,within_family,rab_gtpase,0.7520863654288377
11,paired_p3_missense,within_family,ras_gtpases,0.668224660494614
11,paired_p3_missense,within_family,rho_gtpase,0.7034854826112056
11,paired_p3_missense,within_family,serine_protease,0.6698585617993394
11,paired_p3_missense,within_family,serotonin_receptor,0.5664461820282257
11,paired_p3_missense,within_family,steap_metalloreductase,0.5877605835561039
11,paired_p3_missense,within_family,sulfotransferase,0.7480139002703193
11,paired_p3_missense,within_family,taste2_receptor,0.3237268889846083
11,paired_p3_missense,within_family,udp_glucuronosyltransferase,0.8903920796968925
12,natural,within_family,adam_metallopeptidase,1.0
12,natural,within_family,adamts_metallopeptidase,1.0
12,natural,within_family,adrenoceptor,1.0
12,natural,within_family,alcohol_dehydrogenase,1.0
12,natural,within_family,aldehyde_dehydrogenase,1.0
12,natural,within_family,aldo_keto_reductase,1.0
12,natural,within_family,alkaline_phosphatase,1.0
12,natural,within_family,arachidonate_lipoxygenase,1.0
12,natural,within_family,arf_gtpase,1.0
12,natural,within_family,carbonic_anhydrase,1.0
12,natural,within_family,cxc_chemokine_receptor,1.0
12,natural,within_family,cytochrome_p450,1.0
12,natural,within_family,dopamine_receptor,1.0
12,natural,within_family,ectonucleotide_pyrophosphatase,1.0
12,natural,within_family,ferritin,1.0
12,natural,within_family,flavin_monooxygenase,1.0
12,natural,within_family,globins,1.0
12,natural,within_family,glutamate_metabotropic,1.0
12,natural,within_family,glutaredoxin,1.0
12,natural,within_family,glutathione_peroxidase,1.0
12,natural,within_family,glutathione_s_transferase,1.0
12,natural,within_family,guanylate_binding_protein,1.0
12,natural,within_family,heme_oxygenase,1.0
12,natural,within_family,histamine_receptor,1.0
12,natural,within_family,histone_deacetylase_classI,1.0
12,natural,within_family,histone_h4,1.0
12,natural,within_family,hox,1.0
12,natural,within_family,m14_carboxypeptidase,1.0
12,natural,within_family,matrix_metalloproteinase,1.0
12,natural,within_family,metallothionein,1.0
12,natural,within_family,muscarinic_receptor,1.0
12,natural,within_family,nadph_oxidase,1.0
12,natural,within_family,nitric_oxide_synthase,1.0
12,natural,within_family,olfactory_receptors,1.0
12,natural,within_family,opsins,1.0
12,natural,within_family,p2y_receptor,1.0
12,natural,within_family,peroxidase,1.0
12,natural,within_family,peroxiredoxin,1.0
12,natural,within_family,phosphodiesterase,1.0
12,natural,within_family,rab_gtpase,1.0
12,natural,within_family,ras_gtpases,1.0
12,natural,within_family,rho_gtpase,1.0
12,natural,within_family,serine_protease,1.0
12,natural,within_family,serotonin_receptor,1.0
12,natural,within_family,steap_metalloreductase,1.0
12,natural,within_family,sulfotransferase,1.0
12,natural,within_family,taste2_receptor,1.0
12,natural,within_family,udp_glucuronosyltransferase,1.0
12,gc_match,within_family,adam_metallopeptidase,0.5958399565231193
12,gc_match,within_family,adamts_metallopeptidase,0.7124841440661295
12,gc_match,within_family,adrenoceptor,0.3189610150119738
12,gc_match,within_family,alcohol_dehydrogenase,0.7635808042225153
12,gc_match,within_family,aldehyde_dehydrogenase,0.5756897804883849
12,gc_match,within_family,aldo_keto_reductase,0.5574449733518155
12,gc_match,within_family,alkaline_phosphatase,0.8064780936297964
12,gc_match,within_family,arachidonate_lipoxygenase,0.5836450543618233
12,gc_match,within_family,arf_gtpase,0.3607222675657648
12,gc_match,within_family,carbonic_anhydrase,0.4607549312530788
12,gc_match,within_family,cxc_chemokine_receptor,0.4596194512930891
12,gc_match,within_family,cytochrome_p450,0.5601611610959687
12,gc_match,within_family,dopamine_receptor,0.2941409982003544
12,gc_match,within_family,ectonucleotide_pyrophosphatase,0.6698859310319498
12,gc_match,within_family,ferritin,0.3802298066190184
12,gc_match,within_family,flavin_monooxygenase,0.6137751139604217
12,gc_match,within_family,globins,0.404582792008582
12,gc_match,within_family,glutamate_metabotropic,0.4661629593802499
12,gc_match,within_family,glutaredoxin,0.3485404233861726
12,gc_match,within_family,glutathione_peroxidase,0.37141571522118
12,gc_match,within_family,glutathione_s_transferase,0.3399376596289122
12,gc_match,within_family,guanylate_binding_protein,0.2764163372859025
12,gc_match,within_family,heme_oxygenase,0.787922454903587
12,gc_match,within_family,histamine_receptor,0.4877040946429804
12,gc_match,within_family,histone_deacetylase_classI,0.5307610791725099
12,gc_match,within_family,histone_h4,0.1846313107182672
12,gc_match,within_family,hox,0.3237547045441685
12,gc_match,within_family,m14_carboxypeptidase,0.5843564912646447
12,gc_match,within_family,matrix_metalloproteinase,0.5615606300888472
12,gc_match,within_family,metallothionein,0.1069933476706429
12,gc_match,within_family,muscarinic_receptor,0.1929518629444801
12,gc_match,within_family,nadph_oxidase,0.7389601332183786
12,gc_match,within_family,nitric_oxide_synthase,0.2630222215136621
12,gc_match,within_family,olfactory_receptors,0.0569573540823305
12,gc_match,within_family,opsins,0.5457960970633651
12,gc_match,within_family,p2y_receptor,0.195966182381083
12,gc_match,within_family,peroxidase,0.7686042423009345
12,gc_match,within_family,peroxiredoxin,0.5953303473197726
12,gc_match,within_family,phosphodiesterase,0.6840280416656063
12,gc_match,within_family,rab_gtpase,0.3969712617971881
12,gc_match,within_family,ras_gtpases,0.3283521043493159
12,gc_match,within_family,rho_gtpase,0.4339846430696821
12,gc_match,within_family,serine_protease,0.4447438833382568
12,gc_match,within_family,serotonin_receptor,0.3605086751519675
12,gc_match,within_family,steap_metalloreductase,0.3650525854043059
12,gc_match,within_family,sulfotransferase,0.4411837235969328
12,gc_match,within_family,taste2_receptor,-0.1405845168654923
12,gc_match,within_family,udp_glucuronosyltransferase,0.7227486862513601
12,dinuc_shuffle,within_family,adam_metallopeptidase,0.5882819284581041
12,dinuc_shuffle,within_family,adamts_metallopeptidase,0.7029462097488914
12,dinuc_shuffle,within_family,adrenoceptor,0.355950991811202
12,dinuc_shuffle,within_family,alcohol_dehydrogenase,0.7505035071879991
12,dinuc_shuffle,within_family,aldehyde_dehydrogenase,0.5832732303923488
12,dinuc_shuffle,within_family,aldo_keto_reductase,0.6237960699978529
12,dinuc_shuffle,within_family,alkaline_phosphatase,0.8910444560599359
12,dinuc_shuffle,within_family,arachidonate_lipoxygenase,0.6488617530436008
12,dinuc_shuffle,within_family,arf_gtpase,0.3617667547559282
12,dinuc_shuffle,within_family,carbonic_anhydrase,0.4330483291070073
12,dinuc_shuffle,within_family,cxc_chemokine_receptor,0.4048195799446557
12,dinuc_shuffle,within_family,cytochrome_p450,0.5597125253952991
12,dinuc_shuffle,within_family,dopamine_receptor,0.3023736364522776
12,dinuc_shuffle,within_family,ectonucleotide_pyrophosphatase,0.6238526455865733
12,dinuc_shuffle,within_family,ferritin,0.2158265821599929
12,dinuc_shuffle,within_family,flavin_monooxygenase,0.6090450466371548
12,dinuc_shuffle,within_family,globins,0.46890730487431
12,dinuc_shuffle,within_family,glutamate_metabotropic,0.4581221458232591
12,dinuc_shuffle,within_family,glutaredoxin,0.3884617997526202
12,dinuc_shuffle,within_family,glutathione_peroxidase,0.4723984313824439
12,dinuc_shuffle,within_family,glutathione_s_transferase,0.2558491286810999
12,dinuc_shuffle,within_family,guanylate_binding_protein,0.3384057971014492
12,dinuc_shuffle,within_family,heme_oxygenase,0.6520733982998133
12,dinuc_shuffle,within_family,histamine_receptor,0.5086629819376682
12,dinuc_shuffle,within_family,histone_deacetylase_classI,0.5363305412212818
12,dinuc_shuffle,within_family,histone_h4,0.1936295588469501
12,dinuc_shuffle,within_family,hox,0.3170668820785556
12,dinuc_shuffle,within_family,m14_carboxypeptidase,0.5955263659200425
12,dinuc_shuffle,within_family,matrix_metalloproteinase,0.5468490834054534
12,dinuc_shuffle,within_family,metallothionein,0.3428334388064289
12,dinuc_shuffle,within_family,muscarinic_receptor,0.3591057939719046
12,dinuc_shuffle,within_family,nadph_oxidase,0.7594351976220701
12,dinuc_shuffle,within_family,nitric_oxide_synthase,0.2803533889429668
12,dinuc_shuffle,within_family,olfactory_receptors,0.084850176663754
12,dinuc_shuffle,within_family,opsins,0.5198004258835893
12,dinuc_shuffle,within_family,p2y_receptor,0.2708478594155877
12,dinuc_shuffle,within_family,peroxidase,0.7853773906722425
12,dinuc_shuffle,within_family,peroxiredoxin,0.5489282628673601
12,dinuc_shuffle,within_family,phosphodiesterase,0.6677600634633218
12,dinuc_shuffle,within_family,rab_gtpase,0.4178924624672135
12,dinuc_shuffle,within_family,ras_gtpases,0.3020838193361587
12,dinuc_shuffle,within_family,rho_gtpase,0.3854237571452077
12,dinuc_shuffle,within_family,serine_protease,0.4506152266237154
12,dinuc_shuffle,within_family,serotonin_receptor,0.3548901075572103
12,dinuc_shuffle,within_family,steap_metalloreductase,0.4433084386883317
12,dinuc_shuffle,within_family,sulfotransferase,0.4623005253131709
12,dinuc_shuffle,within_family,taste2_receptor,-0.1136040688241261
12,dinuc_shuffle,within_family,udp_glucuronosyltransferase,0.7031396856263166
12,kmer4_shuffle,within_family,adam_metallopeptidase,0.609203063905511
12,kmer4_shuffle,within_family,adamts_metallopeptidase,0.6932683390495895
12,kmer4_shuffle,within_family,adrenoceptor,0.2657849362129152
12,kmer4_shuffle,within_family,alcohol_dehydrogenase,0.7025974025974024
12,kmer4_shuffle,within_family,aldehyde_dehydrogenase,0.6063499154523961
12,kmer4_shuffle,within_family,aldo_keto_reductase,0.5686472162365563
12,kmer4_shuffle,within_family,alkaline_phosphatase,0.8339330947690081
12,kmer4_shuffle,within_family,arachidonate_lipoxygenase,0.5120319239129196
12,kmer4_shuffle,within_family,arf_gtpase,0.3355384174264181
12,kmer4_shuffle,within_family,carbonic_anhydrase,0.4324914809844088
12,kmer4_shuffle,within_family,cxc_chemokine_receptor,0.2384534041621837
12,kmer4_shuffle,within_family,cytochrome_p450,0.5458661745778893
12,kmer4_shuffle,within_family,dopamine_receptor,0.3503330433333471
12,kmer4_shuffle,within_family,ectonucleotide_pyrophosphatase,0.6447423618630321
12,kmer4_shuffle,within_family,ferritin,0.6082552532331653
12,kmer4_shuffle,within_family,flavin_monooxygenase,0.6475590640939606
12,kmer4_shuffle,within_family,globins,0.5369444707226454
12,kmer4_shuffle,within_family,glutamate_metabotropic,0.4741956951113864
12,kmer4_shuffle,within_family,glutaredoxin,0.3212466257769638
12,kmer4_shuffle,within_family,glutathione_peroxidase,0.2289614720328052
12,kmer4_shuffle,within_family,glutathione_s_transferase,0.2435499247518386
12,kmer4_shuffle,within_family,guanylate_binding_protein,0.2886034255599473
12,kmer4_shuffle,within_family,heme_oxygenase,0.6908355795148248
12,kmer4_shuffle,within_family,histamine_receptor,0.4873304891720308
12,kmer4_shuffle,within_family,histone_deacetylase_classI,0.4827569562754803
12,kmer4_shuffle,within_family,histone_h4,0.4482720178372352
12,kmer4_shuffle,within_family,hox,0.3050490552070199
12,kmer4_shuffle,within_family,m14_carboxypeptidase,0.5652999277292525
12,kmer4_shuffle,within_family,matrix_metalloproteinase,0.5128701168880466
12,kmer4_shuffle,within_family,metallothionein,0.0771110321811811
12,kmer4_shuffle,within_family,muscarinic_receptor,0.3192893620112472
12,kmer4_shuffle,within_family,nadph_oxidase,0.7710942372473554
12,kmer4_shuffle,within_family,nitric_oxide_synthase,0.3746903654827798
12,kmer4_shuffle,within_family,olfactory_receptors,0.0798827489533478
12,kmer4_shuffle,within_family,opsins,0.5193050060674494
12,kmer4_shuffle,within_family,p2y_receptor,0.253548583451111
12,kmer4_shuffle,within_family,peroxidase,0.7733410704291405
12,kmer4_shuffle,within_family,peroxiredoxin,0.3946499299539645
12,kmer4_shuffle,within_family,phosphodiesterase,0.6688237091750897
12,kmer4_shuffle,within_family,rab_gtpase,0.4397197956251223
12,kmer4_shuffle,within_family,ras_gtpases,0.2873511550117523
12,kmer4_shuffle,within_family,rho_gtpase,0.3584571733921259
12,kmer4_shuffle,within_family,serine_protease,0.4088922821006755
12,kmer4_shuffle,within_family,serotonin_receptor,0.3468114769570151
12,kmer4_shuffle,within_family,steap_metalloreductase,0.3729615476251519
12,kmer4_shuffle,within_family,sulfotransferase,0.4756781310094671
12,kmer4_shuffle,within_family,taste2_receptor,0.1689737471498625
12,kmer4_shuffle,within_family,udp_glucuronosyltransferase,0.6433621933621934
12,kmer6_shuffle,within_family,adam_metallopeptidase,0.6553375281121463
12,kmer6_shuffle,within_family,adamts_metallopeptidase,0.6937742455623849
12,kmer6_shuffle,within_family,adrenoceptor,0.2897541429761705
12,kmer6_shuffle,within_family,alcohol_dehydrogenase,0.7668935342732134
12,kmer6_shuffle,within_family,aldehyde_dehydrogenase,0.5754533608181369
12,kmer6_shuffle,within_family,aldo_keto_reductase,0.5472358996779136
12,kmer6_shuffle,within_family,alkaline_phosphatase,0.8685483762883143
12,kmer6_shuffle,within_family,arachidonate_lipoxygenase,0.538875808731924
12,kmer6_shuffle,within_family,arf_gtpase,0.3202322554729928
12,kmer6_shuffle,within_family,carbonic_anhydrase,0.4022718234201372
12,kmer6_shuffle,within_family,cxc_chemokine_receptor,0.3290392851746793
12,kmer6_shuffle,within_family,cytochrome_p450,0.5045143376826291
12,kmer6_shuffle,within_family,dopamine_receptor,0.3355443045849623
12,kmer6_shuffle,within_family,ectonucleotide_pyrophosphatase,0.6181687697619936
12,kmer6_shuffle,within_family,ferritin,0.3899844091427443
12,kmer6_shuffle,within_family,flavin_monooxygenase,0.5950808225807518
12,kmer6_shuffle,within_family,globins,0.5158971134421316
12,kmer6_shuffle,within_family,glutamate_metabotropic,0.4456097977167905
12,kmer6_shuffle,within_family,glutaredoxin,0.525975542717897
12,kmer6_shuffle,within_family,glutathione_peroxidase,0.3562698567044264
12,kmer6_shuffle,within_family,glutathione_s_transferase,0.3039044344455899
12,kmer6_shuffle,within_family,guanylate_binding_protein,0.2857707509881422
12,kmer6_shuffle,within_family,heme_oxygenase,0.6924942981546754
12,kmer6_shuffle,within_family,histamine_receptor,0.5566176592322737
12,kmer6_shuffle,within_family,histone_deacetylase_classI,0.509875891551339
12,kmer6_shuffle,within_family,histone_h4,0.3364707756012103
12,kmer6_shuffle,within_family,hox,0.3092488422807973
12,kmer6_shuffle,within_family,m14_carboxypeptidase,0.5757939743874411
12,kmer6_shuffle,within_family,matrix_metalloproteinase,0.5192109795808676
12,kmer6_shuffle,within_family,metallothionein,0.0626045782367981
12,kmer6_shuffle,within_family,muscarinic_receptor,0.2580500092931253
12,kmer6_shuffle,within_family,nadph_oxidase,0.7647053215035521
12,kmer6_shuffle,within_family,nitric_oxide_synthase,0.5058514862602111
12,kmer6_shuffle,within_family,olfactory_receptors,0.1105998724640721
12,kmer6_shuffle,within_family,opsins,0.5207777012278317
12,kmer6_shuffle,within_family,p2y_receptor,0.2437308285861056
12,kmer6_shuffle,within_family,peroxidase,0.7246868280786953
12,kmer6_shuffle,within_family,peroxiredoxin,0.4992535809870646
12,kmer6_shuffle,within_family,phosphodiesterase,0.6627689290549911
12,kmer6_shuffle,within_family,rab_gtpase,0.4109629545879296
12,kmer6_shuffle,within_family,ras_gtpases,0.3269722425302228
12,kmer6_shuffle,within_family,rho_gtpase,0.423583658092943
12,kmer6_shuffle,within_family,serine_protease,0.4097206652592025
12,kmer6_shuffle,within_family,serotonin_receptor,0.3702311762659108
12,kmer6_shuffle,within_family,steap_metalloreductase,0.2303967896660042
12,kmer6_shuffle,within_family,sulfotransferase,0.4315883784432096
12,kmer6_shuffle,within_family,taste2_receptor,0.0356193407001593
12,kmer6_shuffle,within_family,udp_glucuronosyltransferase,0.6542734449151562
12,synonymous_recode,within_family,adam_metallopeptidase,0.7517099582479839
12,synonymous_recode,within_family,adamts_metallopeptidase,0.8063889259050531
12,synonymous_recode,within_family,adrenoceptor,0.3528764590661523
12,synonymous_recode,within_family,alcohol_dehydrogenase,0.6917285922633515
12,synonymous_recode,within_family,aldehyde_dehydrogenase,0.7394147276485206
12,synonymous_recode,within_family,aldo_keto_reductase,0.7640415739367434
12,synonymous_recode,within_family,alkaline_phosphatase,0.932505059440044
12,synonymous_recode,within_family,arachidonate_lipoxygenase,0.6841703483747366
12,synonymous_recode,within_family,arf_gtpase,0.661652195554207
12,synonymous_recode,within_family,carbonic_anhydrase,0.5697683559267753
12,synonymous_recode,within_family,cxc_chemokine_receptor,0.4646626909749214
12,synonymous_recode,within_family,cytochrome_p450,0.704760764027563
12,synonymous_recode,within_family,dopamine_receptor,0.4504687170223749
12,synonymous_recode,within_family,ectonucleotide_pyrophosphatase,0.811057152412374
12,synonymous_recode,within_family,ferritin,0.5096162072446657
12,synonymous_recode,within_family,flavin_monooxygenase,0.6588244382887779
12,synonymous_recode,within_family,globins,0.6180490241552877
12,synonymous_recode,within_family,glutamate_metabotropic,0.6932883662220203
12,synonymous_recode,within_family,glutaredoxin,0.7422163312982736
12,synonymous_recode,within_family,glutathione_peroxidase,0.610433692728235
12,synonymous_recode,within_family,glutathione_s_transferase,0.568859199467116
12,synonymous_recode,within_family,guanylate_binding_protein,0.5903820816864296
12,synonymous_recode,within_family,heme_oxygenase,0.7125647936968691
12,synonymous_recode,within_family,histamine_receptor,0.6807730956147491
12,synonymous_recode,within_family,histone_deacetylase_classI,0.8311781136297518
12,synonymous_recode,within_family,histone_h4,0.0015289058767319
12,synonymous_recode,within_family,hox,0.49635799004109
12,synonymous_recode,within_family,m14_carboxypeptidase,0.7378346439762217
12,synonymous_recode,within_family,matrix_metalloproteinase,0.7598553276294931
12,synonymous_recode,within_family,metallothionein,0.2554693283443638
12,synonymous_recode,within_family,muscarinic_receptor,0.2331674657319162
12,synonymous_recode,within_family,nadph_oxidase,0.7661718424185047
12,synonymous_recode,within_family,nitric_oxide_synthase,0.5934532229153792
12,synonymous_recode,within_family,olfactory_receptors,0.2208009251585923
12,synonymous_recode,within_family,opsins,0.5937639069106595
12,synonymous_recode,within_family,p2y_receptor,0.476399313525487
12,synonymous_recode,within_family,peroxidase,0.8281171923439938
12,synonymous_recode,within_family,peroxiredoxin,0.8209286539911069
12,synonymous_recode,within_family,phosphodiesterase,0.8040352084439552
12,synonymous_recode,within_family,rab_gtpase,0.746170457706137
12,synonymous_recode,within_family,ras_gtpases,0.6269205433541133
12,synonymous_recode,within_family,rho_gtpase,0.6424748061487806
12,synonymous_recode,within_family,serine_protease,0.6860155352857479
12,synonymous_recode,within_family,serotonin_receptor,0.4988019782273145
12,synonymous_recode,within_family,steap_metalloreductase,0.5054704425733413
12,synonymous_recode,within_family,sulfotransferase,0.7748237128781342
12,synonymous_recode,within_family,taste2_receptor,0.4547392960968688
12,synonymous_recode,within_family,udp_glucuronosyltransferase,0.8133207552993649
12,missense_subset,within_family,adam_metallopeptidase,0.7277691045441846
12,missense_subset,within_family,adamts_metallopeptidase,0.7581826022268517
12,missense_subset,within_family,adrenoceptor,0.6511675135268331
12,missense_subset,within_family,alcohol_dehydrogenase,0.8439891659142995
12,missense_subset,within_family,aldehyde_dehydrogenase,0.700416540995489
12,missense_subset,within_family,aldo_keto_reductase,0.617503221550956
12,missense_subset,within_family,alkaline_phosphatase,0.8101235709594842
12,missense_subset,within_family,arachidonate_lipoxygenase,0.7809933551188518
12,missense_subset,within_family,arf_gtpase,0.5389958960827561
12,missense_subset,within_family,carbonic_anhydrase,0.6603954550743588
12,missense_subset,within_family,cxc_chemokine_receptor,0.4907851859432935
12,missense_subset,within_family,cytochrome_p450,0.6770247725730971
12,missense_subset,within_family,dopamine_receptor,0.4932894690624606
12,missense_subset,within_family,ectonucleotide_pyrophosphatase,0.7301951017463005
12,missense_subset,within_family,ferritin,0.5655405316995644
12,missense_subset,within_family,flavin_monooxygenase,0.6694012275103802
12,missense_subset,within_family,globins,0.6406544895276028
12,missense_subset,within_family,glutamate_metabotropic,0.6883533672536795
12,missense_subset,within_family,glutaredoxin,0.7725385106075012
12,missense_subset,within_family,glutathione_peroxidase,0.4395845825300884
12,missense_subset,within_family,glutathione_s_transferase,0.5779968473550298
12,missense_subset,within_family,guanylate_binding_protein,0.389262187088274
12,missense_subset,within_family,heme_oxygenase,0.5518245905038358
12,missense_subset,within_family,histamine_receptor,0.7320092499923754
12,missense_subset,within_family,histone_deacetylase_classI,0.8442032182456425
12,missense_subset,within_family,histone_h4,0.2466953336518554
12,missense_subset,within_family,hox,0.5111736328519767
12,missense_subset,within_family,m14_carboxypeptidase,0.7004265815577665
12,missense_subset,within_family,matrix_metalloproteinase,0.5867863223829882
12,missense_subset,within_family,metallothionein,0.1779589031679231
12,missense_subset,within_family,muscarinic_receptor,0.4890726581264532
12,missense_subset,within_family,nadph_oxidase,0.793897953300882
12,missense_subset,within_family,nitric_oxide_synthase,0.7328843319840459
12,missense_subset,within_family,olfactory_receptors,0.3314931178907876
12,missense_subset,within_family,opsins,0.7438658126694621
12,missense_subset,within_family,p2y_receptor,0.4473365690266541
12,missense_subset,within_family,peroxidase,0.8101515769480379
12,missense_subset,within_family,peroxiredoxin,0.7469294654088648
12,missense_subset,within_family,phosphodiesterase,0.7974294052978895
12,missense_subset,within_family,rab_gtpase,0.6613801466307002
12,missense_subset,within_family,ras_gtpases,0.4892919440286332
12,missense_subset,within_family,rho_gtpase,0.5950393542761316
12,missense_subset,within_family,serine_protease,0.5880820510409691
12,missense_subset,within_family,serotonin_receptor,0.4915121835845673
12,missense_subset,within_family,steap_metalloreductase,0.6108156341013075
12,missense_subset,within_family,sulfotransferase,0.6765454681371184
12,missense_subset,within_family,taste2_receptor,0.2418378985032105
12,missense_subset,within_family,udp_glucuronosyltransferase,0.8425639126173886
12,paired_p3_syn,within_family,adam_metallopeptidase,0.8558265398422181
12,paired_p3_syn,within_family,adamts_metallopeptidase,0.8868561959570516
12,paired_p3_syn,within_family,adrenoceptor,0.449769693918805
12,paired_p3_syn,within_family,alcohol_dehydrogenase,0.6998888811723035
12,paired_p3_syn,within_family,aldehyde_dehydrogenase,0.7904273391512548
12,paired_p3_syn,within_family,aldo_keto_reductase,0.775545369375738
12,paired_p3_syn,within_family,alkaline_phosphatase,0.8955711471191347
12,paired_p3_syn,within_family,arachidonate_lipoxygenase,0.7730399385117107
12,paired_p3_syn,within_family,arf_gtpase,0.7932700034065558
12,paired_p3_syn,within_family,carbonic_anhydrase,0.7168781994869279
12,paired_p3_syn,within_family,cxc_chemokine_receptor,0.6659366014634281
12,paired_p3_syn,within_family,cytochrome_p450,0.7544923828182089
12,paired_p3_syn,within_family,dopamine_receptor,0.5728212016891441
12,paired_p3_syn,within_family,ectonucleotide_pyrophosphatase,0.8521940418147419
12,paired_p3_syn,within_family,ferritin,0.6913933234091336
12,paired_p3_syn,within_family,flavin_monooxygenase,0.7489797462838933
12,paired_p3_syn,within_family,globins,0.6795777893548229
12,paired_p3_syn,within_family,glutamate_metabotropic,0.6351752200981833
12,paired_p3_syn,within_family,glutaredoxin,0.8470890917961752
12,paired_p3_syn,within_family,glutathione_peroxidase,0.6721811415437731
12,paired_p3_syn,within_family,glutathione_s_transferase,0.7014091615678236
12,paired_p3_syn,within_family,guanylate_binding_protein,0.6934123847167325
12,paired_p3_syn,within_family,heme_oxygenase,0.7706614140576404
12,paired_p3_syn,within_family,histamine_receptor,0.7919979197742587
12,paired_p3_syn,within_family,histone_deacetylase_classI,0.9082539081279944
12,paired_p3_syn,within_family,histone_h4,0.4759834368530021
12,paired_p3_syn,within_family,hox,0.6983417993523428
12,paired_p3_syn,within_family,m14_carboxypeptidase,0.81146246416896
12,paired_p3_syn,within_family,matrix_metalloproteinase,0.8277125638184151
12,paired_p3_syn,within_family,metallothionein,0.5445310471681397
12,paired_p3_syn,within_family,muscarinic_receptor,0.5924181412498517
12,paired_p3_syn,within_family,nadph_oxidase,0.8293554725428139
12,paired_p3_syn,within_family,nitric_oxide_synthase,0.712227232396951
12,paired_p3_syn,within_family,olfactory_receptors,0.5032614947558556
12,paired_p3_syn,within_family,opsins,0.7399650670553882
12,paired_p3_syn,within_family,p2y_receptor,0.5203877856543146
12,paired_p3_syn,within_family,peroxidase,0.826606487407525
12,paired_p3_syn,within_family,peroxiredoxin,0.8702481967459608
12,paired_p3_syn,within_family,phosphodiesterase,0.8448965594085862
12,paired_p3_syn,within_family,rab_gtpase,0.8402775108507894
12,paired_p3_syn,within_family,ras_gtpases,0.7195966232021218
12,paired_p3_syn,within_family,rho_gtpase,0.6805705713744158
12,paired_p3_syn,within_family,serine_protease,0.7191228413915406
12,paired_p3_syn,within_family,serotonin_receptor,0.6341733441107611
12,paired_p3_syn,within_family,steap_metalloreductase,0.6190160205507236
12,paired_p3_syn,within_family,sulfotransferase,0.7986483419219838
12,paired_p3_syn,within_family,taste2_receptor,0.5490965514271696
12,paired_p3_syn,within_family,udp_glucuronosyltransferase,0.9009801992422314
12,paired_p3_missense,within_family,adam_metallopeptidase,0.8039080127394278
12,paired_p3_missense,within_family,adamts_metallopeptidase,0.7739168853025398
12,paired_p3_missense,within_family,adrenoceptor,0.4674407121916392
12,paired_p3_missense,within_family,alcohol_dehydrogenase,0.7133689839572191
12,paired_p3_missense,within_family,aldehyde_dehydrogenase,0.7028516898657654
12,paired_p3_missense,within_family,aldo_keto_reductase,0.695157440928752
12,paired_p3_missense,within_family,alkaline_phosphatase,0.9090842078458176
12,paired_p3_missense,within_family,arachidonate_lipoxygenase,0.6852180489088672
12,paired_p3_missense,within_family,arf_gtpase,0.7247508762586021
12,paired_p3_missense,within_family,carbonic_anhydrase,0.5404544355621869
12,paired_p3_missense,within_family,cxc_chemokine_receptor,0.6461473082804584
12,paired_p3_missense,within_family,cytochrome_p450,0.750839209544826
12,paired_p3_missense,within_family,dopamine_receptor,0.6211660485043883
12,paired_p3_missense,within_family,ectonucleotide_pyrophosphatase,0.7378627457953498
12,paired_p3_missense,within_family,ferritin,0.6677117271630175
12,paired_p3_missense,within_family,flavin_monooxygenase,0.7907707079280969
12,paired_p3_missense,within_family,globins,0.7297526919836526
12,paired_p3_missense,within_family,glutamate_metabotropic,0.5961468500709792
12,paired_p3_missense,within_family,glutaredoxin,0.8407451345566532
12,paired_p3_missense,within_family,glutathione_peroxidase,0.5659090802547493
12,paired_p3_missense,within_family,glutathione_s_transferase,0.6830682562686848
12,paired_p3_missense,within_family,guanylate_binding_protein,0.5499999999999999
12,paired_p3_missense,within_family,heme_oxygenase,0.8081691893012647
12,paired_p3_missense,within_family,histamine_receptor,0.6885514354019142
12,paired_p3_missense,within_family,histone_deacetylase_classI,0.8269584025985028
12,paired_p3_missense,within_family,histone_h4,0.6207357859531774
12,paired_p3_missense,within_family,hox,0.669244349137904
12,paired_p3_missense,within_family,m14_carboxypeptidase,0.7333052653428757
12,paired_p3_missense,within_family,matrix_metalloproteinase,0.7649006701589443
12,paired_p3_missense,within_family,metallothionein,0.3002989407243944
12,paired_p3_missense,within_family,muscarinic_receptor,0.4020470259026808
12,paired_p3_missense,within_family,nadph_oxidase,0.8336691168829634
12,paired_p3_missense,within_family,nitric_oxide_synthase,0.5547845941468345
12,paired_p3_missense,within_family,olfactory_receptors,0.4777015438939158
12,paired_p3_missense,within_family,opsins,0.7446529516000654
12,paired_p3_missense,within_family,p2y_receptor,0.4710501214937443
12,paired_p3_missense,within_family,peroxidase,0.8182254208140478
12,paired_p3_missense,within_family,peroxiredoxin,0.7493748918441381
12,paired_p3_missense,within_family,phosphodiesterase,0.8108357779819493
12,paired_p3_missense,within_family,rab_gtpase,0.7432503871017219
12,paired_p3_missense,within_family,ras_gtpases,0.6554781483123499
12,paired_p3_missense,within_family,rho_gtpase,0.6977848385036199
12,paired_p3_missense,within_family,serine_protease,0.6597624991089026
12,paired_p3_missense,within_family,serotonin_receptor,0.5099440134455195
12,paired_p3_missense,within_family,steap_metalloreductase,0.5602147159605937
12,paired_p3_missense,within_family,sulfotransferase,0.7275972905643604
12,paired_p3_missense,within_family,taste2_receptor,0.3267436197562492
12,paired_p3_missense,within_family,udp_glucuronosyltransferase,0.9004938614564284
13,natural,within_family,adam_metallopeptidase,1.0
13,natural,within_family,adamts_metallopeptidase,1.0
13,natural,within_family,adrenoceptor,1.0
13,natural,within_family,alcohol_dehydrogenase,1.0
13,natural,within_family,aldehyde_dehydrogenase,1.0
13,natural,within_family,aldo_keto_reductase,1.0
13,natural,within_family,alkaline_phosphatase,1.0
13,natural,within_family,arachidonate_lipoxygenase,1.0
13,natural,within_family,arf_gtpase,1.0
13,natural,within_family,carbonic_anhydrase,1.0
13,natural,within_family,cxc_chemokine_receptor,1.0
13,natural,within_family,cytochrome_p450,1.0
13,natural,within_family,dopamine_receptor,1.0
13,natural,within_family,ectonucleotide_pyrophosphatase,1.0
13,natural,within_family,ferritin,1.0
13,natural,within_family,flavin_monooxygenase,1.0
13,natural,within_family,globins,1.0
13,natural,within_family,glutamate_metabotropic,1.0
13,natural,within_family,glutaredoxin,1.0
13,natural,within_family,glutathione_peroxidase,1.0
13,natural,within_family,glutathione_s_transferase,1.0
13,natural,within_family,guanylate_binding_protein,1.0
13,natural,within_family,heme_oxygenase,1.0
13,natural,within_family,histamine_receptor,1.0
13,natural,within_family,histone_deacetylase_classI,1.0
13,natural,within_family,histone_h4,1.0
13,natural,within_family,hox,1.0
13,natural,within_family,m14_carboxypeptidase,1.0
13,natural,within_family,matrix_metalloproteinase,1.0
13,natural,within_family,metallothionein,1.0
13,natural,within_family,muscarinic_receptor,1.0
13,natural,within_family,nadph_oxidase,1.0
13,natural,within_family,nitric_oxide_synthase,1.0
13,natural,within_family,olfactory_receptors,1.0
13,natural,within_family,opsins,1.0
13,natural,within_family,p2y_receptor,1.0
13,natural,within_family,peroxidase,1.0
13,natural,within_family,peroxiredoxin,1.0
13,natural,within_family,phosphodiesterase,1.0
13,natural,within_family,rab_gtpase,1.0
13,natural,within_family,ras_gtpases,1.0
13,natural,within_family,rho_gtpase,1.0
13,natural,within_family,serine_protease,1.0
13,natural,within_family,serotonin_receptor,1.0
13,natural,within_family,steap_metalloreductase,1.0
13,natural,within_family,sulfotransferase,1.0
13,natural,within_family,taste2_receptor,1.0
13,natural,within_family,udp_glucuronosyltransferase,1.0
13,gc_match,within_family,adam_metallopeptidase,0.5803311847293964
13,gc_match,within_family,adamts_metallopeptidase,0.6796379945943122
13,gc_match,within_family,adrenoceptor,0.2915210867456268
13,gc_match,within_family,alcohol_dehydrogenase,0.6735467740815334
13,gc_match,within_family,aldehyde_dehydrogenase,0.5642693506134567
13,gc_match,within_family,aldo_keto_reductase,0.5158808409318391
13,gc_match,within_family,alkaline_phosphatase,0.7941511532842801
13,gc_match,within_family,arachidonate_lipoxygenase,0.547888173204741
13,gc_match,within_family,arf_gtpase,0.3515332499077168
13,gc_match,within_family,carbonic_anhydrase,0.4890711274127601
13,gc_match,within_family,cxc_chemokine_receptor,0.4621258032122416
13,gc_match,within_family,cytochrome_p450,0.515387878173662
13,gc_match,within_family,dopamine_receptor,0.3129912341457179
13,gc_match,within_family,ectonucleotide_pyrophosphatase,0.6028423280038427
13,gc_match,within_family,ferritin,0.3849910068231388
13,gc_match,within_family,flavin_monooxygenase,0.5646218714670979
13,gc_match,within_family,globins,0.4073579687735487
13,gc_match,within_family,glutamate_metabotropic,0.4442657747253992
13,gc_match,within_family,glutaredoxin,0.3080769978705245
13,gc_match,within_family,glutathione_peroxidase,0.3082159232552706
13,gc_match,within_family,glutathione_s_transferase,0.2791833977220138
13,gc_match,within_family,guanylate_binding_protein,0.2575757575757575
13,gc_match,within_family,heme_oxygenase,0.7306033589052457
13,gc_match,within_family,histamine_receptor,0.4543274246245005
13,gc_match,within_family,histone_deacetylase_classI,0.522424017959733
13,gc_match,within_family,histone_h4,0.2675107501194458
13,gc_match,within_family,hox,0.2791229505067235
13,gc_match,within_family,m14_carboxypeptidase,0.5560335615528252
13,gc_match,within_family,matrix_metalloproteinase,0.5135434338715198
13,gc_match,within_family,metallothionein,0.0494474659819992
13,gc_match,within_family,muscarinic_receptor,0.1691756523466955
13,gc_match,within_family,nadph_oxidase,0.7324023391978796
13,gc_match,within_family,nitric_oxide_synthase,0.2481337105479578
13,gc_match,within_family,olfactory_receptors,0.040531111317237
13,gc_match,within_family,opsins,0.4981046196953537
13,gc_match,within_family,p2y_receptor,0.1821690274902953
13,gc_match,within_family,peroxidase,0.7426987887885599
13,gc_match,within_family,peroxiredoxin,0.5502109955566958
13,gc_match,within_family,phosphodiesterase,0.6653363086702723
13,gc_match,within_family,rab_gtpase,0.375678268323417
13,gc_match,within_family,ras_gtpases,0.3007975926346682
13,gc_match,within_family,rho_gtpase,0.4236077341376752
13,gc_match,within_family,serine_protease,0.426102750725184
13,gc_match,within_family,serotonin_receptor,0.3576870784188424
13,gc_match,within_family,steap_metalloreductase,0.338588137799027
13,gc_match,within_family,sulfotransferase,0.4248086013063105
13,gc_match,within_family,taste2_receptor,-0.1320425887861506
13,gc_match,within_family,udp_glucuronosyltransferase,0.6653772252702734
13,dinuc_shuffle,within_family,adam_metallopeptidase,0.5793763734698932
13,dinuc_shuffle,within_family,adamts_metallopeptidase,0.6867674924253117
13,dinuc_shuffle,within_family,adrenoceptor,0.3004543247385837
13,dinuc_shuffle,within_family,alcohol_dehydrogenase,0.664650322939093
13,dinuc_shuffle,within_family,aldehyde_dehydrogenase,0.562419863942856
13,dinuc_shuffle,within_family,aldo_keto_reductase,0.6171250248844239
13,dinuc_shuffle,within_family,alkaline_phosphatase,0.8726026295685737
13,dinuc_shuffle,within_family,arachidonate_lipoxygenase,0.6178796791819781
13,dinuc_shuffle,within_family,arf_gtpase,0.3345238415247165
13,dinuc_shuffle,within_family,carbonic_anhydrase,0.4420827067774346
13,dinuc_shuffle,within_family,cxc_chemokine_receptor,0.3731527003320575
13,dinuc_shuffle,within_family,cytochrome_p450,0.5105118307515001
13,dinuc_shuffle,within_family,dopamine_receptor,0.3092361618898216
13,dinuc_shuffle,within_family,ectonucleotide_pyrophosphatase,0.5619319314110299
13,dinuc_shuffle,within_family,ferritin,0.1377209166095471
13,dinuc_shuffle,within_family,flavin_monooxygenase,0.5672215642477266
13,dinuc_shuffle,within_family,globins,0.3815424358948828
13,dinuc_shuffle,within_family,glutamate_metabotropic,0.4088771355646032
13,dinuc_shuffle,within_family,glutaredoxin,0.3905466520348356
13,dinuc_shuffle,within_family,glutathione_peroxidase,0.4222220797899023
13,dinuc_shuffle,within_family,glutathione_s_transferase,0.2097904297388407
13,dinuc_shuffle,within_family,guanylate_binding_protein,0.3480895915678524
13,dinuc_shuffle,within_family,heme_oxygenase,0.5556811113414888
13,dinuc_shuffle,within_family,histamine_receptor,0.4298896709155792
13,dinuc_shuffle,within_family,histone_deacetylase_classI,0.5326186468810138
13,dinuc_shuffle,within_family,histone_h4,0.1814301640388597
13,dinuc_shuffle,within_family,hox,0.2729101517788751
13,dinuc_shuffle,within_family,m14_carboxypeptidase,0.5659902199067923
13,dinuc_shuffle,within_family,matrix_metalloproteinase,0.5060928591742362
13,dinuc_shuffle,within_family,metallothionein,0.3371198159623267
13,dinuc_shuffle,within_family,muscarinic_receptor,0.3186238396450704
13,dinuc_shuffle,within_family,nadph_oxidase,0.7790821667284308
13,dinuc_shuffle,within_family,nitric_oxide_synthase,0.2701062686503448
13,dinuc_shuffle,within_family,olfactory_receptors,0.0614128613161004
13,dinuc_shuffle,within_family,opsins,0.4592591659013798
13,dinuc_shuffle,within_family,p2y_receptor,0.2625503282966988
13,dinuc_shuffle,within_family,peroxidase,0.7517199289735664
13,dinuc_shuffle,within_family,peroxiredoxin,0.5082116804513794
13,dinuc_shuffle,within_family,phosphodiesterase,0.642860841934294
13,dinuc_shuffle,within_family,rab_gtpase,0.3981613943724699
13,dinuc_shuffle,within_family,ras_gtpases,0.2693388056327252
13,dinuc_shuffle,within_family,rho_gtpase,0.3481729871686568
13,dinuc_shuffle,within_family,serine_protease,0.4057075371524195
13,dinuc_shuffle,within_family,serotonin_receptor,0.3215528627052003
13,dinuc_shuffle,within_family,steap_metalloreductase,0.3893243889208126
13,dinuc_shuffle,within_family,sulfotransferase,0.4552650232207419
13,dinuc_shuffle,within_family,taste2_receptor,-0.1062327507433866
13,dinuc_shuffle,within_family,udp_glucuronosyltransferase,0.6612897500598035
13,kmer4_shuffle,within_family,adam_metallopeptidase,0.5723193086654736
13,kmer4_shuffle,within_family,adamts_metallopeptidase,0.6648079251850182
13,kmer4_shuffle,within_family,adrenoceptor,0.1860852542318038
13,kmer4_shuffle,within_family,alcohol_dehydrogenase,0.635391346621293
13,kmer4_shuffle,within_family,aldehyde_dehydrogenase,0.6026875606017787
13,kmer4_shuffle,within_family,aldo_keto_reductase,0.5608300452307617
13,kmer4_shuffle,within_family,alkaline_phosphatase,0.8067528446785412
13,kmer4_shuffle,within_family,arachidonate_lipoxygenase,0.4749112184067594
13,kmer4_shuffle,within_family,arf_gtpase,0.3243141649431269
13,kmer4_shuffle,within_family,carbonic_anhydrase,0.4670605812692053
13,kmer4_shuffle,within_family,cxc_chemokine_receptor,0.1589128088372241
13,kmer4_shuffle,within_family,cytochrome_p450,0.5241195587557667
13,kmer4_shuffle,within_family,dopamine_receptor,0.3312381113132071
13,kmer4_shuffle,within_family,ectonucleotide_pyrophosphatase,0.5737620809944524
13,kmer4_shuffle,within_family,ferritin,0.5912049045273876
13,kmer4_shuffle,within_family,flavin_monooxygenase,0.5884001131157127
13,kmer4_shuffle,within_family,globins,0.4896179904410558
13,kmer4_shuffle,within_family,glutamate_metabotropic,0.4413135641724792
13,kmer4_shuffle,within_family,glutaredoxin,0.3583965966728775
13,kmer4_shuffle,within_family,glutathione_peroxidase,0.173569992046614
13,kmer4_shuffle,within_family,glutathione_s_transferase,0.2099520808294693
13,kmer4_shuffle,within_family,guanylate_binding_protein,0.2955862977602108
13,kmer4_shuffle,within_family,heme_oxygenase,0.5674165457184325
13,kmer4_shuffle,within_family,histamine_receptor,0.4148077611598594
13,kmer4_shuffle,within_family,histone_deacetylase_classI,0.4591791240970978
13,kmer4_shuffle,within_family,histone_h4,0.4024685459468068
13,kmer4_shuffle,within_family,hox,0.2668952613780905
13,kmer4_shuffle,within_family,m14_carboxypeptidase,0.542007502948
13,kmer4_shuffle,within_family,matrix_metalloproteinase,0.4816322489673282
13,kmer4_shuffle,within_family,metallothionein,-0.0005503071415268
13,kmer4_shuffle,within_family,muscarinic_receptor,0.2965258576570333
13,kmer4_shuffle,within_family,nadph_oxidase,0.7655722453464842
13,kmer4_shuffle,within_family,nitric_oxide_synthase,0.3319024065677791
13,kmer4_shuffle,within_family,olfactory_receptors,0.0493287336381477
13,kmer4_shuffle,within_family,opsins,0.452356688301998
13,kmer4_shuffle,within_family,p2y_receptor,0.1877124179390231
13,kmer4_shuffle,within_family,peroxidase,0.7371227263907056
13,kmer4_shuffle,within_family,peroxiredoxin,0.3707542678087146
13,kmer4_shuffle,within_family,phosphodiesterase,0.6425932198473085
13,kmer4_shuffle,within_family,rab_gtpase,0.4343486460997494
13,kmer4_shuffle,within_family,ras_gtpases,0.2656466013157411
13,kmer4_shuffle,within_family,rho_gtpase,0.3527363040602727
13,kmer4_shuffle,within_family,serine_protease,0.3754412605744704
13,kmer4_shuffle,within_family,serotonin_receptor,0.3120906735196312
13,kmer4_shuffle,within_family,steap_metalloreductase,0.2964947640333262
13,kmer4_shuffle,within_family,sulfotransferase,0.4769010984053833
13,kmer4_shuffle,within_family,taste2_receptor,0.123421741604789
13,kmer4_shuffle,within_family,udp_glucuronosyltransferase,0.5991941955845699
13,kmer6_shuffle,within_family,adam_metallopeptidase,0.6128079949676595
13,kmer6_shuffle,within_family,adamts_metallopeptidase,0.6678095375868165
13,kmer6_shuffle,within_family,adrenoceptor,0.236586433670904
13,kmer6_shuffle,within_family,alcohol_dehydrogenase,0.7095978887422737
13,kmer6_shuffle,within_family,aldehyde_dehydrogenase,0.5769470387221358
13,kmer6_shuffle,within_family,aldo_keto_reductase,0.5632453023712398
13,kmer6_shuffle,within_family,alkaline_phosphatase,0.8549414981303526
13,kmer6_shuffle,within_family,arachidonate_lipoxygenase,0.5313043933527158
13,kmer6_shuffle,within_family,arf_gtpase,0.3265435708431887
13,kmer6_shuffle,within_family,carbonic_anhydrase,0.3535460599652152
13,kmer6_shuffle,within_family,cxc_chemokine_receptor,0.2865595680954199
13,kmer6_shuffle,within_family,cytochrome_p450,0.4721266250785861
13,kmer6_shuffle,within_family,dopamine_receptor,0.3332704110419969
13,kmer6_shuffle,within_family,ectonucleotide_pyrophosphatase,0.5644336176344418
13,kmer6_shuffle,within_family,ferritin,0.4023145226470034
13,kmer6_shuffle,within_family,flavin_monooxygenase,0.5471114603519953
13,kmer6_shuffle,within_family,globins,0.4635403335940561
13,kmer6_shuffle,within_family,glutamate_metabotropic,0.4258956906538071
13,kmer6_shuffle,within_family,glutaredoxin,0.5093881231706406
13,kmer6_shuffle,within_family,glutathione_peroxidase,0.3207947004661101
13,kmer6_shuffle,within_family,glutathione_s_transferase,0.2565971007731428
13,kmer6_shuffle,within_family,guanylate_binding_protein,0.2960474308300395
13,kmer6_shuffle,within_family,heme_oxygenase,0.6431888865851131
13,kmer6_shuffle,within_family,histamine_receptor,0.4884254888600822
13,kmer6_shuffle,within_family,histone_deacetylase_classI,0.4944439254484064
13,kmer6_shuffle,within_family,histone_h4,0.2504538939321548
13,kmer6_shuffle,within_family,hox,0.2907505160762217
13,kmer6_shuffle,within_family,m14_carboxypeptidase,0.5605752502117312
13,kmer6_shuffle,within_family,matrix_metalloproteinase,0.5019753317931471
13,kmer6_shuffle,within_family,metallothionein,0.051599549830465
13,kmer6_shuffle,within_family,muscarinic_receptor,0.2537375089105075
13,kmer6_shuffle,within_family,nadph_oxidase,0.7503276340023436
13,kmer6_shuffle,within_family,nitric_oxide_synthase,0.5032583186122405
13,kmer6_shuffle,within_family,olfactory_receptors,0.0842843859141331
13,kmer6_shuffle,within_family,opsins,0.4928091640480129
13,kmer6_shuffle,within_family,p2y_receptor,0.2092119073917852
13,kmer6_shuffle,within_family,peroxidase,0.7142526850324302
13,kmer6_shuffle,within_family,peroxiredoxin,0.4798822906726018
13,kmer6_shuffle,within_family,phosphodiesterase,0.6559306795006618
13,kmer6_shuffle,within_family,rab_gtpase,0.4189289828166373
13,kmer6_shuffle,within_family,ras_gtpases,0.3274081788418684
13,kmer6_shuffle,within_family,rho_gtpase,0.3983811039808771
13,kmer6_shuffle,within_family,serine_protease,0.3692994770003418
13,kmer6_shuffle,within_family,serotonin_receptor,0.3425326826962163
13,kmer6_shuffle,within_family,steap_metalloreductase,0.2114901905644848
13,kmer6_shuffle,within_family,sulfotransferase,0.4236505483747725
13,kmer6_shuffle,within_family,taste2_receptor,0.0164149350346269
13,kmer6_shuffle,within_family,udp_glucuronosyltransferase,0.5959802378251577
13,synonymous_recode,within_family,adam_metallopeptidase,0.7543273968429575
13,synonymous_recode,within_family,adamts_metallopeptidase,0.7974639744108338
13,synonymous_recode,within_family,adrenoceptor,0.3810162509965735
13,synonymous_recode,within_family,alcohol_dehydrogenase,0.6335301062573788
13,synonymous_recode,within_family,aldehyde_dehydrogenase,0.7273980183999589
13,synonymous_recode,within_family,aldo_keto_reductase,0.7017463016306011
13,synonymous_recode,within_family,alkaline_phosphatase,0.93872046426226
13,synonymous_recode,within_family,arachidonate_lipoxygenase,0.6473663107566309
13,synonymous_recode,within_family,arf_gtpase,0.6676809743537598
13,synonymous_recode,within_family,carbonic_anhydrase,0.551641743839859
13,synonymous_recode,within_family,cxc_chemokine_receptor,0.4804236432400151
13,synonymous_recode,within_family,cytochrome_p450,0.7077653895910746
13,synonymous_recode,within_family,dopamine_receptor,0.4659944505872638
13,synonymous_recode,within_family,ectonucleotide_pyrophosphatase,0.7686779586306832
13,synonymous_recode,within_family,ferritin,0.4876856383947758
13,synonymous_recode,within_family,flavin_monooxygenase,0.68813813737299
13,synonymous_recode,within_family,globins,0.5824459091838543
13,synonymous_recode,within_family,glutamate_metabotropic,0.7385914388250312
13,synonymous_recode,within_family,glutaredoxin,0.7430291851792276
13,synonymous_recode,within_family,glutathione_peroxidase,0.6100047718605548
13,synonymous_recode,within_family,glutathione_s_transferase,0.5617603727101051
13,synonymous_recode,within_family,guanylate_binding_protein,0.6104743083003952
13,synonymous_recode,within_family,heme_oxygenase,0.6958635703918722
13,synonymous_recode,within_family,histamine_receptor,0.6911353441285193
13,synonymous_recode,within_family,histone_deacetylase_classI,0.8294334697262852
13,synonymous_recode,within_family,histone_h4,0.002118171683389
13,synonymous_recode,within_family,hox,0.4979676113692818
13,synonymous_recode,within_family,m14_carboxypeptidase,0.7337664642767717
13,synonymous_recode,within_family,matrix_metalloproteinase,0.7230349447374967
13,synonymous_recode,within_family,metallothionein,0.2317310466467979
13,synonymous_recode,within_family,muscarinic_receptor,0.2217596963257032
13,synonymous_recode,within_family,nadph_oxidase,0.7992076489944963
13,synonymous_recode,within_family,nitric_oxide_synthase,0.5724774249365604
13,synonymous_recode,within_family,olfactory_receptors,0.2614829308762341
13,synonymous_recode,within_family,opsins,0.6111085790304013
13,synonymous_recode,within_family,p2y_receptor,0.5105135366308062
13,synonymous_recode,within_family,peroxidase,0.8055905903467669
13,synonymous_recode,within_family,peroxiredoxin,0.8287554379254674
13,synonymous_recode,within_family,phosphodiesterase,0.8089127145434987
13,synonymous_recode,within_family,rab_gtpase,0.7442347107974018
13,synonymous_recode,within_family,ras_gtpases,0.6155139378674067
13,synonymous_recode,within_family,rho_gtpase,0.6436824545868103
13,synonymous_recode,within_family,serine_protease,0.6830206442563781
13,synonymous_recode,within_family,serotonin_receptor,0.5171973812715518
13,synonymous_recode,within_family,steap_metalloreductase,0.5918631952765555
13,synonymous_recode,within_family,sulfotransferase,0.7716006669452088
13,synonymous_recode,within_family,taste2_receptor,0.4313990198332523
13,synonymous_recode,within_family,udp_glucuronosyltransferase,0.8438687871842954
13,missense_subset,within_family,adam_metallopeptidase,0.713591915943347
13,missense_subset,within_family,adamts_metallopeptidase,0.7332234278516673
13,missense_subset,within_family,adrenoceptor,0.6509229778514227
13,missense_subset,within_family,alcohol_dehydrogenase,0.7933328703382178
13,missense_subset,within_family,aldehyde_dehydrogenase,0.6749054499727754
13,missense_subset,within_family,aldo_keto_reductase,0.5821603482546787
13,missense_subset,within_family,alkaline_phosphatase,0.7920101054775976
13,missense_subset,within_family,arachidonate_lipoxygenase,0.7250606490762799
13,missense_subset,within_family,arf_gtpase,0.5139301827679785
13,missense_subset,within_family,carbonic_anhydrase,0.6587358985592747
13,missense_subset,within_family,cxc_chemokine_receptor,0.4424129815629732
13,missense_subset,within_family,cytochrome_p450,0.6539905826161304
13,missense_subset,within_family,dopamine_receptor,0.5145816266439218
13,missense_subset,within_family,ectonucleotide_pyrophosphatase,0.6885840391937365
13,missense_subset,within_family,ferritin,0.5523797948931637
13,missense_subset,within_family,flavin_monooxygenase,0.6874938325295975
13,missense_subset,within_family,globins,0.575966334613719
13,missense_subset,within_family,glutamate_metabotropic,0.6813746128830933
13,missense_subset,within_family,glutaredoxin,0.777465991769669
13,missense_subset,within_family,glutathione_peroxidase,0.3565590540534482
13,missense_subset,within_family,glutathione_s_transferase,0.5621199540916832
13,missense_subset,within_family,guanylate_binding_protein,0.3322134387351779
13,missense_subset,within_family,heme_oxygenase,0.4651358075886377
13,missense_subset,within_family,histamine_receptor,0.7080015794663507
13,missense_subset,within_family,histone_deacetylase_classI,0.8369528356647877
13,missense_subset,within_family,histone_h4,0.2608695652173913
13,missense_subset,within_family,hox,0.478248650206964
13,missense_subset,within_family,m14_carboxypeptidase,0.667652629075094
13,missense_subset,within_family,matrix_metalloproteinase,0.5511874135013215
13,missense_subset,within_family,metallothionein,0.1976903026894265
13,missense_subset,within_family,muscarinic_receptor,0.4462522985080651
13,missense_subset,within_family,nadph_oxidase,0.7983540423647809
13,missense_subset,within_family,nitric_oxide_synthase,0.7098696107851975
13,missense_subset,within_family,olfactory_receptors,0.321674992680698
13,missense_subset,within_family,opsins,0.7260133215161302
13,missense_subset,within_family,p2y_receptor,0.4416475032479041
13,missense_subset,within_family,peroxidase,0.7819110432676434
13,missense_subset,within_family,peroxiredoxin,0.7148885150963061
13,missense_subset,within_family,phosphodiesterase,0.7942949681388627
13,missense_subset,within_family,rab_gtpase,0.6312809363706322
13,missense_subset,within_family,ras_gtpases,0.4430563504132133
13,missense_subset,within_family,rho_gtpase,0.5696792767820651
13,missense_subset,within_family,serine_protease,0.5691416934213563
13,missense_subset,within_family,serotonin_receptor,0.4630473906392692
13,missense_subset,within_family,steap_metalloreductase,0.663462522725042
13,missense_subset,within_family,sulfotransferase,0.6522638829665421
13,missense_subset,within_family,taste2_receptor,0.1767013751003563
13,missense_subset,within_family,udp_glucuronosyltransferase,0.8402792246375135
13,paired_p3_syn,within_family,adam_metallopeptidase,0.8444994545539568
13,paired_p3_syn,within_family,adamts_metallopeptidase,0.8732734755925355
13,paired_p3_syn,within_family,adrenoceptor,0.4844760570633422
13,paired_p3_syn,within_family,alcohol_dehydrogenase,0.7001736231682755
13,paired_p3_syn,within_family,aldehyde_dehydrogenase,0.7812104885606102
13,paired_p3_syn,within_family,aldo_keto_reductase,0.7220114371017148
13,paired_p3_syn,within_family,alkaline_phosphatase,0.8898047257180384
13,paired_p3_syn,within_family,arachidonate_lipoxygenase,0.7401501326838278
13,paired_p3_syn,within_family,arf_gtpase,0.7957414587072462
13,paired_p3_syn,within_family,carbonic_anhydrase,0.6901487394868966
13,paired_p3_syn,within_family,cxc_chemokine_receptor,0.6845796071392801
13,paired_p3_syn,within_family,cytochrome_p450,0.7410141473351144
13,paired_p3_syn,within_family,dopamine_receptor,0.563652409522023
13,paired_p3_syn,within_family,ectonucleotide_pyrophosphatase,0.8269229725333157
13,paired_p3_syn,within_family,ferritin,0.64178908358169
13,paired_p3_syn,within_family,flavin_monooxygenase,0.7821739540487116
13,paired_p3_syn,within_family,globins,0.6531293735483447
13,paired_p3_syn,within_family,glutamate_metabotropic,0.6751991649258701
13,paired_p3_syn,within_family,glutaredoxin,0.8575870070928744
13,paired_p3_syn,within_family,glutathione_peroxidase,0.6610602146567087
13,paired_p3_syn,within_family,glutathione_s_transferase,0.6629629453159017
13,paired_p3_syn,within_family,guanylate_binding_protein,0.6546113306982873
13,paired_p3_syn,within_family,heme_oxygenase,0.8053182666390214
13,paired_p3_syn,within_family,histamine_receptor,0.8067765463594039
13,paired_p3_syn,within_family,histone_deacetylase_classI,0.901924584649714
13,paired_p3_syn,within_family,histone_h4,0.5052715400541488
13,paired_p3_syn,within_family,hox,0.6925926051889286
13,paired_p3_syn,within_family,m14_carboxypeptidase,0.7975253996021503
13,paired_p3_syn,within_family,matrix_metalloproteinase,0.8041306347534662
13,paired_p3_syn,within_family,metallothionein,0.5427453066134524
13,paired_p3_syn,within_family,muscarinic_receptor,0.5943340817712276
13,paired_p3_syn,within_family,nadph_oxidase,0.8065057205913444
13,paired_p3_syn,within_family,nitric_oxide_synthase,0.6960939925361521
13,paired_p3_syn,within_family,olfactory_receptors,0.5498074171603102
13,paired_p3_syn,within_family,opsins,0.7279583577437002
13,paired_p3_syn,within_family,p2y_receptor,0.5456388213399669
13,paired_p3_syn,within_family,peroxidase,0.802578079906608
13,paired_p3_syn,within_family,peroxiredoxin,0.8629650465824419
13,paired_p3_syn,within_family,phosphodiesterase,0.8479381074978467
13,paired_p3_syn,within_family,rab_gtpase,0.8296320436716911
13,paired_p3_syn,within_family,ras_gtpases,0.7117287139878318
13,paired_p3_syn,within_family,rho_gtpase,0.684304634919328
13,paired_p3_syn,within_family,serine_protease,0.688187589270438
13,paired_p3_syn,within_family,serotonin_receptor,0.6671151559967234
13,paired_p3_syn,within_family,steap_metalloreductase,0.6707006070233805
13,paired_p3_syn,within_family,sulfotransferase,0.782027376948536
13,paired_p3_syn,within_family,taste2_receptor,0.5202566794183018
13,paired_p3_syn,within_family,udp_glucuronosyltransferase,0.8952627883109168
13,paired_p3_missense,within_family,adam_metallopeptidase,0.7896720317610785
13,paired_p3_missense,within_family,adamts_metallopeptidase,0.755342164014323
13,paired_p3_missense,within_family,adrenoceptor,0.4882371968193384
13,paired_p3_missense,within_family,alcohol_dehydrogenase,0.6926800472255017
13,paired_p3_missense,within_family,aldehyde_dehydrogenase,0.6925279677801265
13,paired_p3_missense,within_family,aldo_keto_reductase,0.6399463774475442
13,paired_p3_missense,within_family,alkaline_phosphatase,0.9033278383123582
13,paired_p3_missense,within_family,arachidonate_lipoxygenase,0.6302982140029555
13,paired_p3_missense,within_family,arf_gtpase,0.73825046612161
13,paired_p3_missense,within_family,carbonic_anhydrase,0.4980326546604383
13,paired_p3_missense,within_family,cxc_chemokine_receptor,0.6894724349114565
13,paired_p3_missense,within_family,cytochrome_p450,0.7194171033360666
13,paired_p3_missense,within_family,dopamine_receptor,0.63500556031832
13,paired_p3_missense,within_family,ectonucleotide_pyrophosphatase,0.6844473903251246
13,paired_p3_missense,within_family,ferritin,0.6969466478650388
13,paired_p3_missense,within_family,flavin_monooxygenase,0.7804796743980346
13,paired_p3_missense,within_family,globins,0.7021921030396788
13,paired_p3_missense,within_family,glutamate_metabotropic,0.6198844323733137
13,paired_p3_missense,within_family,glutaredoxin,0.8407951298293235
13,paired_p3_missense,within_family,glutathione_peroxidase,0.5522537012923572
13,paired_p3_missense,within_family,glutathione_s_transferase,0.6386402097606362
13,paired_p3_missense,within_family,guanylate_binding_protein,0.4249011857707509
13,paired_p3_missense,within_family,heme_oxygenase,0.7522807381297947
13,paired_p3_missense,within_family,histamine_receptor,0.6806990915367732
13,paired_p3_missense,within_family,histone_deacetylase_classI,0.8120446630167024
13,paired_p3_missense,within_family,histone_h4,0.6299888517279821
13,paired_p3_missense,within_family,hox,0.6500915246026634
13,paired_p3_missense,within_family,m14_carboxypeptidase,0.7255300056143379
13,paired_p3_missense,within_family,matrix_metalloproteinase,0.7457364029637275
13,paired_p3_missense,within_family,metallothionein,0.3079109813496151
13,paired_p3_missense,within_family,muscarinic_receptor,0.4106722794946117
13,paired_p3_missense,within_family,nadph_oxidase,0.8205516826126805
13,paired_p3_missense,within_family,nitric_oxide_synthase,0.5539900317313357
13,paired_p3_missense,within_family,olfactory_receptors,0.4838570984673945
13,paired_p3_missense,within_family,opsins,0.731522343057944
13,paired_p3_missense,within_family,p2y_receptor,0.5020139597101112
13,paired_p3_missense,within_family,peroxidase,0.7954743288584867
13,paired_p3_missense,within_family,peroxiredoxin,0.7249094942861117
13,paired_p3_missense,within_family,phosphodiesterase,0.8041972760214179
13,paired_p3_missense,within_family,rab_gtpase,0.7454452369234782
13,paired_p3_missense,within_family,ras_gtpases,0.6443211193329597
13,paired_p3_missense,within_family,rho_gtpase,0.6979330947998911
13,paired_p3_missense,within_family,serine_protease,0.6328945679216089
13,paired_p3_missense,within_family,serotonin_receptor,0.5289661540773147
13,paired_p3_missense,within_family,steap_metalloreductase,0.6088650924873975
13,paired_p3_missense,within_family,sulfotransferase,0.719644873902457
13,paired_p3_missense,within_family,taste2_receptor,0.2444660257509953
13,paired_p3_missense,within_family,udp_glucuronosyltransferase,0.8859835945397443
14,natural,within_family,adam_metallopeptidase,1.0
14,natural,within_family,adamts_metallopeptidase,1.0
14,natural,within_family,adrenoceptor,1.0
14,natural,within_family,alcohol_dehydrogenase,1.0
14,natural,within_family,aldehyde_dehydrogenase,1.0
14,natural,within_family,aldo_keto_reductase,1.0
14,natural,within_family,alkaline_phosphatase,1.0
14,natural,within_family,arachidonate_lipoxygenase,1.0
14,natural,within_family,arf_gtpase,1.0
14,natural,within_family,carbonic_anhydrase,1.0
14,natural,within_family,cxc_chemokine_receptor,1.0
14,natural,within_family,cytochrome_p450,1.0
14,natural,within_family,dopamine_receptor,1.0
14,natural,within_family,ectonucleotide_pyrophosphatase,1.0
14,natural,within_family,ferritin,1.0
14,natural,within_family,flavin_monooxygenase,1.0
14,natural,within_family,globins,1.0
14,natural,within_family,glutamate_metabotropic,1.0
14,natural,within_family,glutaredoxin,1.0
14,natural,within_family,glutathione_peroxidase,1.0
14,natural,within_family,glutathione_s_transferase,1.0
14,natural,within_family,guanylate_binding_protein,1.0
14,natural,within_family,heme_oxygenase,1.0
14,natural,within_family,histamine_receptor,1.0
14,natural,within_family,histone_deacetylase_classI,1.0
14,natural,within_family,histone_h4,1.0
14,natural,within_family,hox,1.0
14,natural,within_family,m14_carboxypeptidase,1.0
14,natural,within_family,matrix_metalloproteinase,1.0
14,natural,within_family,metallothionein,1.0
14,natural,within_family,muscarinic_receptor,1.0
14,natural,within_family,nadph_oxidase,1.0
14,natural,within_family,nitric_oxide_synthase,1.0
14,natural,within_family,olfactory_receptors,1.0
14,natural,within_family,opsins,1.0
14,natural,within_family,p2y_receptor,1.0
14,natural,within_family,peroxidase,1.0
14,natural,within_family,peroxiredoxin,1.0
14,natural,within_family,phosphodiesterase,1.0
14,natural,within_family,rab_gtpase,1.0
14,natural,within_family,ras_gtpases,1.0
14,natural,within_family,rho_gtpase,1.0
14,natural,within_family,serine_protease,1.0
14,natural,within_family,serotonin_receptor,1.0
14,natural,within_family,steap_metalloreductase,1.0
14,natural,within_family,sulfotransferase,1.0
14,natural,within_family,taste2_receptor,1.0
14,natural,within_family,udp_glucuronosyltransferase,1.0
14,gc_match,within_family,adam_metallopeptidase,0.590358040732618
14,gc_match,within_family,adamts_metallopeptidase,0.6738439701547382
14,gc_match,within_family,adrenoceptor,0.2870556316396367
14,gc_match,within_family,alcohol_dehydrogenase,0.6985276755330231
14,gc_match,within_family,aldehyde_dehydrogenase,0.5664321706479598
14,gc_match,within_family,aldo_keto_reductase,0.5116511745362275
14,gc_match,within_family,alkaline_phosphatase,0.7939869727795423
14,gc_match,within_family,arachidonate_lipoxygenase,0.5445450543789344
14,gc_match,within_family,arf_gtpase,0.3446697847105589
14,gc_match,within_family,carbonic_anhydrase,0.4881347851858661
14,gc_match,within_family,cxc_chemokine_receptor,0.4745608924534516
14,gc_match,within_family,cytochrome_p450,0.5087474334430594
14,gc_match,within_family,dopamine_receptor,0.3100766517878747
14,gc_match,within_family,ectonucleotide_pyrophosphatase,0.5918687864364404
14,gc_match,within_family,ferritin,0.3688122464221045
14,gc_match,within_family,flavin_monooxygenase,0.5619654549144946
14,gc_match,within_family,globins,0.3890253992376473
14,gc_match,within_family,glutamate_metabotropic,0.4452053661031541
14,gc_match,within_family,glutaredoxin,0.299369902877087
14,gc_match,within_family,glutathione_peroxidase,0.30853215242952
14,gc_match,within_family,glutathione_s_transferase,0.2787569688589527
14,gc_match,within_family,guanylate_binding_protein,0.2903820816864295
14,gc_match,within_family,heme_oxygenase,0.7440908148455319
14,gc_match,within_family,histamine_receptor,0.4504405581975345
14,gc_match,within_family,histone_deacetylase_classI,0.5281462497698195
14,gc_match,within_family,histone_h4,0.2704730052556139
14,gc_match,within_family,hox,0.2764375122014654
14,gc_match,within_family,m14_carboxypeptidase,0.5608412887004239
14,gc_match,within_family,matrix_metalloproteinase,0.5060942056571347
14,gc_match,within_family,metallothionein,0.0345284040822083
14,gc_match,within_family,muscarinic_receptor,0.1713325846606635
14,gc_match,within_family,nadph_oxidase,0.7353932901811167
14,gc_match,within_family,nitric_oxide_synthase,0.2595931471092599
14,gc_match,within_family,olfactory_receptors,0.0359254518848293
14,gc_match,within_family,opsins,0.5037190984361714
14,gc_match,within_family,p2y_receptor,0.1850741399666786
14,gc_match,within_family,peroxidase,0.7330445830596346
14,gc_match,within_family,peroxiredoxin,0.5263375842305096
14,gc_match,within_family,phosphodiesterase,0.670627502728611
14,gc_match,within_family,rab_gtpase,0.3762332711772168
14,gc_match,within_family,ras_gtpases,0.2971491899410939
14,gc_match,within_family,rho_gtpase,0.4130419503975668
14,gc_match,within_family,serine_protease,0.4263286750006426
14,gc_match,within_family,serotonin_receptor,0.3599325121528385
14,gc_match,within_family,steap_metalloreductase,0.353874340875121
14,gc_match,within_family,sulfotransferase,0.431553166902039
14,gc_match,within_family,taste2_receptor,-0.1313738467734051
14,gc_match,within_family,udp_glucuronosyltransferase,0.6587756865831733
14,dinuc_shuffle,within_family,adam_metallopeptidase,0.5770350566891551
14,dinuc_shuffle,within_family,adamts_metallopeptidase,0.6827937832861025
14,dinuc_shuffle,within_family,adrenoceptor,0.300039965397517
14,dinuc_shuffle,within_family,alcohol_dehydrogenase,0.6775053823182164
14,dinuc_shuffle,within_family,aldehyde_dehydrogenase,0.5706657694084494
14,dinuc_shuffle,within_family,aldo_keto_reductase,0.6119292329865919
14,dinuc_shuffle,within_family,alkaline_phosphatase,0.8717381689517911
14,dinuc_shuffle,within_family,arachidonate_lipoxygenase,0.6096001075673897
14,dinuc_shuffle,within_family,arf_gtpase,0.3307449907383668
14,dinuc_shuffle,within_family,carbonic_anhydrase,0.4379722640452356
14,dinuc_shuffle,within_family,cxc_chemokine_receptor,0.3516385661715728
14,dinuc_shuffle,within_family,cytochrome_p450,0.5051023121577346
14,dinuc_shuffle,within_family,dopamine_receptor,0.2932920139820888
14,dinuc_shuffle,within_family,ectonucleotide_pyrophosphatase,0.549920381847267
14,dinuc_shuffle,within_family,ferritin,0.1422101071833691
14,dinuc_shuffle,within_family,flavin_monooxygenase,0.5642548708467447
14,dinuc_shuffle,within_family,globins,0.3718225250729475
14,dinuc_shuffle,within_family,glutamate_metabotropic,0.4140099446402748
14,dinuc_shuffle,within_family,glutaredoxin,0.3991948448947355
14,dinuc_shuffle,within_family,glutathione_peroxidase,0.4208703766743467
14,dinuc_shuffle,within_family,glutathione_s_transferase,0.2135690205841401
14,dinuc_shuffle,within_family,guanylate_binding_protein,0.3533596837944663
14,dinuc_shuffle,within_family,heme_oxygenase,0.5751606883682354
14,dinuc_shuffle,within_family,histamine_receptor,0.4184396151761685
14,dinuc_shuffle,within_family,histone_deacetylase_classI,0.5425129037132206
14,dinuc_shuffle,within_family,histone_h4,0.1809205287466157
14,dinuc_shuffle,within_family,hox,0.2772351490679371
14,dinuc_shuffle,within_family,m14_carboxypeptidase,0.5652552951495463
14,dinuc_shuffle,within_family,matrix_metalloproteinase,0.4970045471328203
14,dinuc_shuffle,within_family,metallothionein,0.3253587243526063
14,dinuc_shuffle,within_family,muscarinic_receptor,0.3129758450903394
14,dinuc_shuffle,within_family,nadph_oxidase,0.78823732059424
14,dinuc_shuffle,within_family,nitric_oxide_synthase,0.2700798966718492
14,dinuc_shuffle,within_family,olfactory_receptors,0.0639049314685157
14,dinuc_shuffle,within_family,opsins,0.4623166665736837
14,dinuc_shuffle,within_family,p2y_receptor,0.2605759823785073
14,dinuc_shuffle,within_family,peroxidase,0.7474626782925953
14,dinuc_shuffle,within_family,peroxiredoxin,0.488633024277462
14,dinuc_shuffle,within_family,phosphodiesterase,0.6428471405477829
14,dinuc_shuffle,within_family,rab_gtpase,0.3994087787220015
14,dinuc_shuffle,within_family,ras_gtpases,0.2683178855710002
14,dinuc_shuffle,within_family,rho_gtpase,0.3477010931490347
14,dinuc_shuffle,within_family,serine_protease,0.403852939446079
14,dinuc_shuffle,within_family,serotonin_receptor,0.3265437640003573
14,dinuc_shuffle,within_family,steap_metalloreductase,0.3945603971711506
14,dinuc_shuffle,within_family,sulfotransferase,0.4645874999217311
14,dinuc_shuffle,within_family,taste2_receptor,-0.1148440038652119
14,dinuc_shuffle,within_family,udp_glucuronosyltransferase,0.6700195229606994
14,kmer4_shuffle,within_family,adam_metallopeptidase,0.570772796615654
14,kmer4_shuffle,within_family,adamts_metallopeptidase,0.6619102531162133
14,kmer4_shuffle,within_family,adrenoceptor,0.1904647137931313
14,kmer4_shuffle,within_family,alcohol_dehydrogenase,0.6399680533370372
14,kmer4_shuffle,within_family,aldehyde_dehydrogenase,0.6022133010983468
14,kmer4_shuffle,within_family,aldo_keto_reductase,0.5606961602725192
14,kmer4_shuffle,within_family,alkaline_phosphatase,0.805945344645035
14,kmer4_shuffle,within_family,arachidonate_lipoxygenase,0.4690811177063165
14,kmer4_shuffle,within_family,arf_gtpase,0.3222671528107989
14,kmer4_shuffle,within_family,carbonic_anhydrase,0.4793602743012709
14,kmer4_shuffle,within_family,cxc_chemokine_receptor,0.1499317841148251
14,kmer4_shuffle,within_family,cytochrome_p450,0.5209906594410157
14,kmer4_shuffle,within_family,dopamine_receptor,0.3312700912699258
14,kmer4_shuffle,within_family,ectonucleotide_pyrophosphatase,0.5698621066880246
14,kmer4_shuffle,within_family,ferritin,0.5628789640182339
14,kmer4_shuffle,within_family,flavin_monooxygenase,0.5823755331334477
14,kmer4_shuffle,within_family,globins,0.486171785435311
14,kmer4_shuffle,within_family,glutamate_metabotropic,0.4524043792786037
14,kmer4_shuffle,within_family,glutaredoxin,0.3814002198878504
14,kmer4_shuffle,within_family,glutathione_peroxidase,0.1552606269551409
14,kmer4_shuffle,within_family,glutathione_s_transferase,0.2122062311667118
14,kmer4_shuffle,within_family,guanylate_binding_protein,0.2964426877470355
14,kmer4_shuffle,within_family,heme_oxygenase,0.5762595894671366
14,kmer4_shuffle,within_family,histamine_receptor,0.4140110974638761
14,kmer4_shuffle,within_family,histone_deacetylase_classI,0.4604511928092905
14,kmer4_shuffle,within_family,histone_h4,0.4068960025481765
14,kmer4_shuffle,within_family,hox,0.2658924929850593
14,kmer4_shuffle,within_family,m14_carboxypeptidase,0.5439526383935201
14,kmer4_shuffle,within_family,matrix_metalloproteinase,0.4746120060721039
14,kmer4_shuffle,within_family,metallothionein,-0.0091058463600818
14,kmer4_shuffle,within_family,muscarinic_receptor,0.2838098757735202
14,kmer4_shuffle,within_family,nadph_oxidase,0.771936067903288
14,kmer4_shuffle,within_family,nitric_oxide_synthase,0.3440387444824135
14,kmer4_shuffle,within_family,olfactory_receptors,0.0459763849156462
14,kmer4_shuffle,within_family,opsins,0.4500693517712084
14,kmer4_shuffle,within_family,p2y_receptor,0.190114927279811
14,kmer4_shuffle,within_family,peroxidase,0.7273600121208389
14,kmer4_shuffle,within_family,peroxiredoxin,0.365471664093553
14,kmer4_shuffle,within_family,phosphodiesterase,0.6386995534245422
14,kmer4_shuffle,within_family,rab_gtpase,0.4377883787825649
14,kmer4_shuffle,within_family,ras_gtpases,0.2627678349057266
14,kmer4_shuffle,within_family,rho_gtpase,0.3475798998083091
14,kmer4_shuffle,within_family,serine_protease,0.369445209347315
14,kmer4_shuffle,within_family,serotonin_receptor,0.312332789260402
14,kmer4_shuffle,within_family,steap_metalloreductase,0.2945393906991622
14,kmer4_shuffle,within_family,sulfotransferase,0.4924781942284562
14,kmer4_shuffle,within_family,taste2_receptor,0.1168304794146451
14,kmer4_shuffle,within_family,udp_glucuronosyltransferase,0.6036759883016567
14,kmer6_shuffle,within_family,adam_metallopeptidase,0.614920268596254
14,kmer6_shuffle,within_family,adamts_metallopeptidase,0.6667176741347322
14,kmer6_shuffle,within_family,adrenoceptor,0.2398336637122798
14,kmer6_shuffle,within_family,alcohol_dehydrogenase,0.7152649489547884
14,kmer6_shuffle,within_family,aldehyde_dehydrogenase,0.5770561272466825
14,kmer6_shuffle,within_family,aldo_keto_reductase,0.5549679325914949
14,kmer6_shuffle,within_family,alkaline_phosphatase,0.8522274938683607
14,kmer6_shuffle,within_family,arachidonate_lipoxygenase,0.5207617800343047
14,kmer6_shuffle,within_family,arf_gtpase,0.3346900128743689
14,kmer6_shuffle,within_family,carbonic_anhydrase,0.3435220460014716
14,kmer6_shuffle,within_family,cxc_chemokine_receptor,0.2532683098252513
14,kmer6_shuffle,within_family,cytochrome_p450,0.4661136669934045
14,kmer6_shuffle,within_family,dopamine_receptor,0.3265250410799576
14,kmer6_shuffle,within_family,ectonucleotide_pyrophosphatase,0.5473957376035494
14,kmer6_shuffle,within_family,ferritin,0.4075941767292615
14,kmer6_shuffle,within_family,flavin_monooxygenase,0.5398377628025586
14,kmer6_shuffle,within_family,globins,0.4545552403733232
14,kmer6_shuffle,within_family,glutamate_metabotropic,0.4280563757784809
14,kmer6_shuffle,within_family,glutaredoxin,0.5165274431442954
14,kmer6_shuffle,within_family,glutathione_peroxidase,0.3256553539693052
14,kmer6_shuffle,within_family,glutathione_s_transferase,0.2490299320980975
14,kmer6_shuffle,within_family,guanylate_binding_protein,0.2971673254281949
14,kmer6_shuffle,within_family,heme_oxygenase,0.6586149699357247
14,kmer6_shuffle,within_family,histamine_receptor,0.4824472054105813
14,kmer6_shuffle,within_family,histone_deacetylase_classI,0.5060425351768925
14,kmer6_shuffle,within_family,histone_h4,0.2475075648988692
14,kmer6_shuffle,within_family,hox,0.2901053790504256
14,kmer6_shuffle,within_family,m14_carboxypeptidase,0.5588736525983959
14,kmer6_shuffle,within_family,matrix_metalloproteinase,0.4971577626057666
14,kmer6_shuffle,within_family,metallothionein,0.0579401679392202
14,kmer6_shuffle,within_family,muscarinic_receptor,0.2367541882696724
14,kmer6_shuffle,within_family,nadph_oxidase,0.7533625277262793
14,kmer6_shuffle,within_family,nitric_oxide_synthase,0.5234908635903707
14,kmer6_shuffle,within_family,olfactory_receptors,0.0899097107210219
14,kmer6_shuffle,within_family,opsins,0.5032240471739385
14,kmer6_shuffle,within_family,p2y_receptor,0.2166699399782447
14,kmer6_shuffle,within_family,peroxidase,0.7121170533150611
14,kmer6_shuffle,within_family,peroxiredoxin,0.479480811114182
14,kmer6_shuffle,within_family,phosphodiesterase,0.6586378058198842
14,kmer6_shuffle,within_family,rab_gtpase,0.4278294343798467
14,kmer6_shuffle,within_family,ras_gtpases,0.3333056902540594
14,kmer6_shuffle,within_family,rho_gtpase,0.3931342081742743
14,kmer6_shuffle,within_family,serine_protease,0.3677284854595397
14,kmer6_shuffle,within_family,serotonin_receptor,0.3380604676541405
14,kmer6_shuffle,within_family,steap_metalloreductase,0.2266132911283266
14,kmer6_shuffle,within_family,sulfotransferase,0.4327642731286564
14,kmer6_shuffle,within_family,taste2_receptor,0.0177974576265762
14,kmer6_shuffle,within_family,udp_glucuronosyltransferase,0.5929503206241173
14,synonymous_recode,within_family,adam_metallopeptidase,0.7664869873105256
14,synonymous_recode,within_family,adamts_metallopeptidase,0.8072349319957808
14,synonymous_recode,within_family,adrenoceptor,0.4062496712042016
14,synonymous_recode,within_family,alcohol_dehydrogenase,0.6392527258837418
14,synonymous_recode,within_family,aldehyde_dehydrogenase,0.7442125602893804
14,synonymous_recode,within_family,aldo_keto_reductase,0.714244225338785
14,synonymous_recode,within_family,alkaline_phosphatase,0.9495195207269508
14,synonymous_recode,within_family,arachidonate_lipoxygenase,0.6523747797256334
14,synonymous_recode,within_family,arf_gtpase,0.6835942599569159
14,synonymous_recode,within_family,carbonic_anhydrase,0.5655031357657146
14,synonymous_recode,within_family,cxc_chemokine_receptor,0.5123528866404
14,synonymous_recode,within_family,cytochrome_p450,0.7267826318656212
14,synonymous_recode,within_family,dopamine_receptor,0.4839753171247502
14,synonymous_recode,within_family,ectonucleotide_pyrophosphatase,0.7719740830317308
14,synonymous_recode,within_family,ferritin,0.4958094412756119
14,synonymous_recode,within_family,flavin_monooxygenase,0.700412480378985
14,synonymous_recode,within_family,globins,0.5870596847473971
14,synonymous_recode,within_family,glutamate_metabotropic,0.7757348344928878
14,synonymous_recode,within_family,glutaredoxin,0.7447448919671221
14,synonymous_recode,within_family,glutathione_peroxidase,0.6379064493157196
14,synonymous_recode,within_family,glutathione_s_transferase,0.5665495145064133
14,synonymous_recode,within_family,guanylate_binding_protein,0.6245718050065876
14,synonymous_recode,within_family,heme_oxygenase,0.7164731494920173
14,synonymous_recode,within_family,histamine_receptor,0.7023340720523104
14,synonymous_recode,within_family,histone_deacetylase_classI,0.8422696484395945
14,synonymous_recode,within_family,histone_h4,0.0039178213091256
14,synonymous_recode,within_family,hox,0.5192966259659697
14,synonymous_recode,within_family,m14_carboxypeptidase,0.749860168214208
14,synonymous_recode,within_family,matrix_metalloproteinase,0.7406539771795267
14,synonymous_recode,within_family,metallothionein,0.2484301972577979
14,synonymous_recode,within_family,muscarinic_receptor,0.2196568643840972
14,synonymous_recode,within_family,nadph_oxidase,0.8054937611153415
14,synonymous_recode,within_family,nitric_oxide_synthase,0.6050803755837307
14,synonymous_recode,within_family,olfactory_receptors,0.2923541629896244
14,synonymous_recode,within_family,opsins,0.6383343086671063
14,synonymous_recode,within_family,p2y_receptor,0.529771234546212
14,synonymous_recode,within_family,peroxidase,0.8167694257471421
14,synonymous_recode,within_family,peroxiredoxin,0.8345755711305533
14,synonymous_recode,within_family,phosphodiesterase,0.8198137183423836
14,synonymous_recode,within_family,rab_gtpase,0.7616480497640344
14,synonymous_recode,within_family,ras_gtpases,0.640041415845463
14,synonymous_recode,within_family,rho_gtpase,0.6628667334767302
14,synonymous_recode,within_family,serine_protease,0.7016483020230785
14,synonymous_recode,within_family,serotonin_receptor,0.5323780728348777
14,synonymous_recode,within_family,steap_metalloreductase,0.6071754335974644
14,synonymous_recode,within_family,sulfotransferase,0.7829232997549079
14,synonymous_recode,within_family,taste2_receptor,0.4447132270878094
14,synonymous_recode,within_family,udp_glucuronosyltransferase,0.8570566243026136
14,missense_subset,within_family,adam_metallopeptidase,0.7164828581475408
14,missense_subset,within_family,adamts_metallopeptidase,0.7340503909636121
14,missense_subset,within_family,adrenoceptor,0.6419128588348805
14,missense_subset,within_family,alcohol_dehydrogenase,0.791568858948538
14,missense_subset,within_family,aldehyde_dehydrogenase,0.6802439784155775
14,missense_subset,within_family,aldo_keto_reductase,0.5912212418624948
14,missense_subset,within_family,alkaline_phosphatase,0.7824608312224411
14,missense_subset,within_family,arachidonate_lipoxygenase,0.725199117066905
14,missense_subset,within_family,arf_gtpase,0.5360318102890376
14,missense_subset,within_family,carbonic_anhydrase,0.6583657275315031
14,missense_subset,within_family,cxc_chemokine_receptor,0.4373070835700307
14,missense_subset,within_family,cytochrome_p450,0.6571202349761123
14,missense_subset,within_family,dopamine_receptor,0.5220112280302184
14,missense_subset,within_family,ectonucleotide_pyrophosphatase,0.6827869624658236
14,missense_subset,within_family,ferritin,0.5584732132162962
14,missense_subset,within_family,flavin_monooxygenase,0.7072619185735499
14,missense_subset,within_family,globins,0.5791282808547241
14,missense_subset,within_family,glutamate_metabotropic,0.6995065196981154
14,missense_subset,within_family,glutaredoxin,0.7995026750574098
14,missense_subset,within_family,glutathione_peroxidase,0.3616422170548444
14,missense_subset,within_family,glutathione_s_transferase,0.5607618062280338
14,missense_subset,within_family,guanylate_binding_protein,0.3324110671936758
14,missense_subset,within_family,heme_oxygenase,0.4826767572050591
14,missense_subset,within_family,histamine_receptor,0.7149231461439233
14,missense_subset,within_family,histone_deacetylase_classI,0.8485790472607373
14,missense_subset,within_family,histone_h4,0.2451027233635929
14,missense_subset,within_family,hox,0.4880056313772377
14,missense_subset,within_family,m14_carboxypeptidase,0.6707766093245211
14,missense_subset,within_family,matrix_metalloproteinase,0.5529320284205419
14,missense_subset,within_family,metallothionein,0.1937869036462128
14,missense_subset,within_family,muscarinic_receptor,0.4623083669994836
14,missense_subset,within_family,nadph_oxidase,0.7973140898228083
14,missense_subset,within_family,nitric_oxide_synthase,0.7150694857452541
14,missense_subset,within_family,olfactory_receptors,0.3324560017203311
14,missense_subset,within_family,opsins,0.7344386266012582
14,missense_subset,within_family,p2y_receptor,0.4377525155794976
14,missense_subset,within_family,peroxidase,0.7894853318669076
14,missense_subset,within_family,peroxiredoxin,0.7156129195014421
14,missense_subset,within_family,phosphodiesterase,0.7992563894715751
14,missense_subset,within_family,rab_gtpase,0.646384366641387
14,missense_subset,within_family,ras_gtpases,0.4512729910021998
14,missense_subset,within_family,rho_gtpase,0.5752799448366263
14,missense_subset,within_family,serine_protease,0.5705725864938006
14,missense_subset,within_family,serotonin_receptor,0.4627094258010449
14,missense_subset,within_family,steap_metalloreductase,0.6893743086797545
14,missense_subset,within_family,sulfotransferase,0.6585370198804867
14,missense_subset,within_family,taste2_receptor,0.180843903733003
14,missense_subset,within_family,udp_glucuronosyltransferase,0.8473435655253838
14,paired_p3_syn,within_family,adam_metallopeptidase,0.8541371266787524
14,paired_p3_syn,within_family,adamts_metallopeptidase,0.8819328043209496
14,paired_p3_syn,within_family,adrenoceptor,0.5065439386588177
14,paired_p3_syn,within_family,alcohol_dehydrogenase,0.6907076880338912
14,paired_p3_syn,within_family,aldehyde_dehydrogenase,0.7936931372360048
14,paired_p3_syn,within_family,aldo_keto_reductase,0.728460717792345
14,paired_p3_syn,within_family,alkaline_phosphatase,0.8995382842132066
14,paired_p3_syn,within_family,arachidonate_lipoxygenase,0.7436040345076501
14,paired_p3_syn,within_family,arf_gtpase,0.8056117809773776
14,paired_p3_syn,within_family,carbonic_anhydrase,0.6961558418041607
14,paired_p3_syn,within_family,cxc_chemokine_receptor,0.7029515034084293
14,paired_p3_syn,within_family,cytochrome_p450,0.7538236544044248
14,paired_p3_syn,within_family,dopamine_receptor,0.5793162942791554
14,paired_p3_syn,within_family,ectonucleotide_pyrophosphatase,0.8303088538429844
14,paired_p3_syn,within_family,ferritin,0.5947910029983965
14,paired_p3_syn,within_family,flavin_monooxygenase,0.7952021762895299
14,paired_p3_syn,within_family,globins,0.6672812318302058
14,paired_p3_syn,within_family,glutamate_metabotropic,0.7018000698640292
14,paired_p3_syn,within_family,glutaredoxin,0.8667403369759714
14,paired_p3_syn,within_family,glutathione_peroxidase,0.6831876308219241
14,paired_p3_syn,within_family,glutathione_s_transferase,0.670401845765202
14,paired_p3_syn,within_family,guanylate_binding_protein,0.6519104084321475
14,paired_p3_syn,within_family,heme_oxygenase,0.8440078789135392
14,paired_p3_syn,within_family,histamine_receptor,0.8169476454451874
14,paired_p3_syn,within_family,histone_deacetylase_classI,0.9098451470883104
14,paired_p3_syn,within_family,histone_h4,0.5189679885332059
14,paired_p3_syn,within_family,hox,0.7110945830189837
14,paired_p3_syn,within_family,m14_carboxypeptidase,0.8020351229015906
14,paired_p3_syn,within_family,matrix_metalloproteinase,0.8040045507066321
14,paired_p3_syn,within_family,metallothionein,0.5792024430124187
14,paired_p3_syn,within_family,muscarinic_receptor,0.6128158547405894
14,paired_p3_syn,within_family,nadph_oxidase,0.8103106350510884
14,paired_p3_syn,within_family,nitric_oxide_synthase,0.7183983914811457
14,paired_p3_syn,within_family,olfactory_receptors,0.5843397238701539
14,paired_p3_syn,within_family,opsins,0.7290121350158661
14,paired_p3_syn,within_family,p2y_receptor,0.5643302543131
14,paired_p3_syn,within_family,peroxidase,0.8072934367076489
14,paired_p3_syn,within_family,peroxiredoxin,0.870293761455617
14,paired_p3_syn,within_family,phosphodiesterase,0.8555220707379654
14,paired_p3_syn,within_family,rab_gtpase,0.8407166559191984
14,paired_p3_syn,within_family,ras_gtpases,0.7359948655025688
14,paired_p3_syn,within_family,rho_gtpase,0.7005825388361607
14,paired_p3_syn,within_family,serine_protease,0.6952007563337423
14,paired_p3_syn,within_family,serotonin_receptor,0.6884354790594205
14,paired_p3_syn,within_family,steap_metalloreductase,0.6938086936768345
14,paired_p3_syn,within_family,sulfotransferase,0.784002722728032
14,paired_p3_syn,within_family,taste2_receptor,0.5427291257411574
14,paired_p3_syn,within_family,udp_glucuronosyltransferase,0.8955074040635538
14,paired_p3_missense,within_family,adam_metallopeptidase,0.7961648438897838
14,paired_p3_missense,within_family,adamts_metallopeptidase,0.756665951095508
14,paired_p3_missense,within_family,adrenoceptor,0.5037145381746657
14,paired_p3_missense,within_family,alcohol_dehydrogenase,0.6880200013889853
14,paired_p3_missense,within_family,aldehyde_dehydrogenase,0.6977151805976571
14,paired_p3_missense,within_family,aldo_keto_reductase,0.6308612391852242
14,paired_p3_missense,within_family,alkaline_phosphatase,0.9017429938482568
14,paired_p3_missense,within_family,arachidonate_lipoxygenase,0.6346927699201194
14,paired_p3_missense,within_family,arf_gtpase,0.7515677580205676
14,paired_p3_missense,within_family,carbonic_anhydrase,0.5019924981625016
14,paired_p3_missense,within_family,cxc_chemokine_receptor,0.6893505854551748
14,paired_p3_missense,within_family,cytochrome_p450,0.723593208095351
14,paired_p3_missense,within_family,dopamine_receptor,0.640161171611808
14,paired_p3_missense,within_family,ectonucleotide_pyrophosphatase,0.6808859305842505
14,paired_p3_missense,within_family,ferritin,0.6678263184540794
14,paired_p3_missense,within_family,flavin_monooxygenase,0.7829362346358975
14,paired_p3_missense,within_family,globins,0.7134095816730731
14,paired_p3_missense,within_family,glutamate_metabotropic,0.6365727746018532
14,paired_p3_missense,within_family,glutaredoxin,0.8534814987469848
14,paired_p3_missense,within_family,glutathione_peroxidase,0.5590657008698907
14,paired_p3_missense,within_family,glutathione_s_transferase,0.6256904485995128
14,paired_p3_missense,within_family,guanylate_binding_protein,0.4106060606060606
14,paired_p3_missense,within_family,heme_oxygenase,0.7674787476674269
14,paired_p3_missense,within_family,histamine_receptor,0.7073196286896124
14,paired_p3_missense,within_family,histone_deacetylase_classI,0.8128262990921554
14,paired_p3_missense,within_family,histone_h4,0.6360726230291449
14,paired_p3_missense,within_family,hox,0.6674466037161315
14,paired_p3_missense,within_family,m14_carboxypeptidase,0.7334268457153942
14,paired_p3_missense,within_family,matrix_metalloproteinase,0.748971059216391
14,paired_p3_missense,within_family,metallothionein,0.3177533714933289
14,paired_p3_missense,within_family,muscarinic_receptor,0.4298425358795301
14,paired_p3_missense,within_family,nadph_oxidase,0.8189693064620803
14,paired_p3_missense,within_family,nitric_oxide_synthase,0.5562787371134791
14,paired_p3_missense,within_family,olfactory_receptors,0.5006814277581529
14,paired_p3_missense,within_family,opsins,0.7403532333593547
14,paired_p3_missense,within_family,p2y_receptor,0.5320408085399675
14,paired_p3_missense,within_family,peroxidase,0.7983832429802155
14,paired_p3_missense,within_family,peroxiredoxin,0.7241041853961361
14,paired_p3_missense,within_family,phosphodiesterase,0.8146189640672102
14,paired_p3_missense,within_family,rab_gtpase,0.7559364874739342
14,paired_p3_missense,within_family,ras_gtpases,0.6571001645222593
14,paired_p3_missense,within_family,rho_gtpase,0.7002529258346513
14,paired_p3_missense,within_family,serine_protease,0.6309044386380747
14,paired_p3_missense,within_family,serotonin_receptor,0.5588341689771348
14,paired_p3_missense,within_family,steap_metalloreductase,0.6556328878595021
14,paired_p3_missense,within_family,sulfotransferase,0.7172512630232445
14,paired_p3_missense,within_family,taste2_receptor,0.2309810852007938
14,paired_p3_missense,within_family,udp_glucuronosyltransferase,0.8864747551913328
15,natural,within_family,adam_metallopeptidase,1.0
15,natural,within_family,adamts_metallopeptidase,1.0
15,natural,within_family,adrenoceptor,1.0
15,natural,within_family,alcohol_dehydrogenase,1.0
15,natural,within_family,aldehyde_dehydrogenase,1.0
15,natural,within_family,aldo_keto_reductase,1.0
15,natural,within_family,alkaline_phosphatase,1.0
15,natural,within_family,arachidonate_lipoxygenase,1.0
15,natural,within_family,arf_gtpase,1.0
15,natural,within_family,carbonic_anhydrase,1.0
15,natural,within_family,cxc_chemokine_receptor,1.0
15,natural,within_family,cytochrome_p450,1.0
15,natural,within_family,dopamine_receptor,1.0
15,natural,within_family,ectonucleotide_pyrophosphatase,1.0
15,natural,within_family,ferritin,1.0
15,natural,within_family,flavin_monooxygenase,1.0
15,natural,within_family,globins,1.0
15,natural,within_family,glutamate_metabotropic,1.0
15,natural,within_family,glutaredoxin,1.0
15,natural,within_family,glutathione_peroxidase,1.0
15,natural,within_family,glutathione_s_transferase,1.0
15,natural,within_family,guanylate_binding_protein,1.0
15,natural,within_family,heme_oxygenase,1.0
15,natural,within_family,histamine_receptor,1.0
15,natural,within_family,histone_deacetylase_classI,1.0
15,natural,within_family,histone_h4,1.0
15,natural,within_family,hox,1.0
15,natural,within_family,m14_carboxypeptidase,1.0
15,natural,within_family,matrix_metalloproteinase,1.0
15,natural,within_family,metallothionein,1.0
15,natural,within_family,muscarinic_receptor,1.0
15,natural,within_family,nadph_oxidase,1.0
15,natural,within_family,nitric_oxide_synthase,1.0
15,natural,within_family,olfactory_receptors,1.0
15,natural,within_family,opsins,1.0
15,natural,within_family,p2y_receptor,1.0
15,natural,within_family,peroxidase,1.0
15,natural,within_family,peroxiredoxin,1.0
15,natural,within_family,phosphodiesterase,1.0
15,natural,within_family,rab_gtpase,1.0
15,natural,within_family,ras_gtpases,1.0
15,natural,within_family,rho_gtpase,1.0
15,natural,within_family,serine_protease,1.0
15,natural,within_family,serotonin_receptor,1.0
15,natural,within_family,steap_metalloreductase,1.0
15,natural,within_family,sulfotransferase,1.0
15,natural,within_family,taste2_receptor,1.0
15,natural,within_family,udp_glucuronosyltransferase,1.0
15,gc_match,within_family,adam_metallopeptidase,0.5749645235591668
15,gc_match,within_family,adamts_metallopeptidase,0.6643631674410602
15,gc_match,within_family,adrenoceptor,0.2928110681423657
15,gc_match,within_family,alcohol_dehydrogenase,0.7099312452253628
15,gc_match,within_family,aldehyde_dehydrogenase,0.5570749264731752
15,gc_match,within_family,aldo_keto_reductase,0.514522134898783
15,gc_match,within_family,alkaline_phosphatase,0.7787818476672964
15,gc_match,within_family,arachidonate_lipoxygenase,0.5281266692484751
15,gc_match,within_family,arf_gtpase,0.3331137039156671
15,gc_match,within_family,carbonic_anhydrase,0.4711460623020858
15,gc_match,within_family,cxc_chemokine_receptor,0.4594192182016252
15,gc_match,within_family,cytochrome_p450,0.4960623542258462
15,gc_match,within_family,dopamine_receptor,0.2849923739449498
15,gc_match,within_family,ectonucleotide_pyrophosphatase,0.5914787636114939
15,gc_match,within_family,ferritin,0.3602282666570041
15,gc_match,within_family,flavin_monooxygenase,0.5466521662140845
15,gc_match,within_family,globins,0.3688894234527222
15,gc_match,within_family,glutamate_metabotropic,0.4413099517382897
15,gc_match,within_family,glutaredoxin,0.2811868734485023
15,gc_match,within_family,glutathione_peroxidase,0.280260341724385
15,gc_match,within_family,glutathione_s_transferase,0.2589118674025957
15,gc_match,within_family,guanylate_binding_protein,0.3025032938076415
15,gc_match,within_family,heme_oxygenase,0.7524466099937798
15,gc_match,within_family,histamine_receptor,0.4462187929007135
15,gc_match,within_family,histone_deacetylase_classI,0.5225080467950837
15,gc_match,within_family,histone_h4,0.2831183309444179
15,gc_match,within_family,hox,0.2715290490239837
15,gc_match,within_family,m14_carboxypeptidase,0.5518686036190219
15,gc_match,within_family,matrix_metalloproteinase,0.4973848095560008
15,gc_match,within_family,metallothionein,0.0313471796239955
15,gc_match,within_family,muscarinic_receptor,0.1536985659581238
15,gc_match,within_family,nadph_oxidase,0.7169250110465105
15,gc_match,within_family,nitric_oxide_synthase,0.2624471173046446
15,gc_match,within_family,olfactory_receptors,0.039494947473387
15,gc_match,within_family,opsins,0.4895504480740623
15,gc_match,within_family,p2y_receptor,0.1773325976366788
15,gc_match,within_family,peroxidase,0.7317335044451136
15,gc_match,within_family,peroxiredoxin,0.5283305691337203
15,gc_match,within_family,phosphodiesterase,0.6633347272612443
15,gc_match,within_family,rab_gtpase,0.3668284409451873
15,gc_match,within_family,ras_gtpases,0.287673254235444
15,gc_match,within_family,rho_gtpase,0.4140025377193743
15,gc_match,within_family,serine_protease,0.4105599246369087
15,gc_match,within_family,serotonin_receptor,0.3471064761661269
15,gc_match,within_family,steap_metalloreductase,0.3501061414204967
15,gc_match,within_family,sulfotransferase,0.425780010490906
15,gc_match,within_family,taste2_receptor,-0.1381679131387585
15,gc_match,within_family,udp_glucuronosyltransferase,0.658834718460387
15,dinuc_shuffle,within_family,adam_metallopeptidase,0.5722654486037277
15,dinuc_shuffle,within_family,adamts_metallopeptidase,0.6755798863209319
15,dinuc_shuffle,within_family,adrenoceptor,0.2903128717650603
15,dinuc_shuffle,within_family,alcohol_dehydrogenase,0.6582054309327036
15,dinuc_shuffle,within_family,aldehyde_dehydrogenase,0.5637206692714546
15,dinuc_shuffle,within_family,aldo_keto_reductase,0.6035701891244738
15,dinuc_shuffle,within_family,alkaline_phosphatase,0.870870357712463
15,dinuc_shuffle,within_family,arachidonate_lipoxygenase,0.5972380718348399
15,dinuc_shuffle,within_family,arf_gtpase,0.3259768275679508
15,dinuc_shuffle,within_family,carbonic_anhydrase,0.4263467054871404
15,dinuc_shuffle,within_family,cxc_chemokine_receptor,0.3443466208764082
15,dinuc_shuffle,within_family,cytochrome_p450,0.4938832828934877
15,dinuc_shuffle,within_family,dopamine_receptor,0.2783387637465803
15,dinuc_shuffle,within_family,ectonucleotide_pyrophosphatase,0.5419465776379414
15,dinuc_shuffle,within_family,ferritin,0.160241804231574
15,dinuc_shuffle,within_family,flavin_monooxygenase,0.5458429276709669
15,dinuc_shuffle,within_family,globins,0.3392144608610234
15,dinuc_shuffle,within_family,glutamate_metabotropic,0.4243644048677863
15,dinuc_shuffle,within_family,glutaredoxin,0.3952608525902126
15,dinuc_shuffle,within_family,glutathione_peroxidase,0.4073011066298245
15,dinuc_shuffle,within_family,glutathione_s_transferase,0.1911463618396458
15,dinuc_shuffle,within_family,guanylate_binding_protein,0.342490118577075
15,dinuc_shuffle,within_family,heme_oxygenase,0.57044370723616
15,dinuc_shuffle,within_family,histamine_receptor,0.4207941114869741
15,dinuc_shuffle,within_family,histone_deacetylase_classI,0.5411021580999773
15,dinuc_shuffle,within_family,histone_h4,0.1584010192705845
15,dinuc_shuffle,within_family,hox,0.262192193852947
15,dinuc_shuffle,within_family,m14_carboxypeptidase,0.5593641767907896
15,dinuc_shuffle,within_family,matrix_metalloproteinase,0.485401537261488
15,dinuc_shuffle,within_family,metallothionein,0.3098536241556821
15,dinuc_shuffle,within_family,muscarinic_receptor,0.3132876980151304
15,dinuc_shuffle,within_family,nadph_oxidase,0.7708437335626873
15,dinuc_shuffle,within_family,nitric_oxide_synthase,0.2665447905941218
15,dinuc_shuffle,within_family,olfactory_receptors,0.0611183291380823
15,dinuc_shuffle,within_family,opsins,0.4548074781574459
15,dinuc_shuffle,within_family,p2y_receptor,0.250192587908459
15,dinuc_shuffle,within_family,peroxidase,0.7358950143620783
15,dinuc_shuffle,within_family,peroxiredoxin,0.4824347235210747
15,dinuc_shuffle,within_family,phosphodiesterase,0.6338873155540931
15,dinuc_shuffle,within_family,rab_gtpase,0.392726054799953
15,dinuc_shuffle,within_family,ras_gtpases,0.2582178443546529
15,dinuc_shuffle,within_family,rho_gtpase,0.339437566028608
15,dinuc_shuffle,within_family,serine_protease,0.3846784193168928
15,dinuc_shuffle,within_family,serotonin_receptor,0.3073995133466395
15,dinuc_shuffle,within_family,steap_metalloreductase,0.3797100746557347
15,dinuc_shuffle,within_family,sulfotransferase,0.4639215935999823
15,dinuc_shuffle,within_family,taste2_receptor,-0.1251583604371
15,dinuc_shuffle,within_family,udp_glucuronosyltransferase,0.6744878116535871
15,kmer4_shuffle,within_family,adam_metallopeptidase,0.5616844754186734
15,kmer4_shuffle,within_family,adamts_metallopeptidase,0.6465526961404583
15,kmer4_shuffle,within_family,adrenoceptor,0.1831885542133824
15,kmer4_shuffle,within_family,alcohol_dehydrogenase,0.6069240919508299
15,kmer4_shuffle,within_family,aldehyde_dehydrogenase,0.5898506418022859
15,kmer4_shuffle,within_family,aldo_keto_reductase,0.5616106422316827
15,kmer4_shuffle,within_family,alkaline_phosphatase,0.7983561845790946
15,kmer4_shuffle,within_family,arachidonate_lipoxygenase,0.4353326641872141
15,kmer4_shuffle,within_family,arf_gtpase,0.3202519419096749
15,kmer4_shuffle,within_family,carbonic_anhydrase,0.4788273677437929
15,kmer4_shuffle,within_family,cxc_chemokine_receptor,0.1261275967079388
15,kmer4_shuffle,within_family,cytochrome_p450,0.5073183781009049
15,kmer4_shuffle,within_family,dopamine_receptor,0.3003448932743277
15,kmer4_shuffle,within_family,ectonucleotide_pyrophosphatase,0.5609098337350351
15,kmer4_shuffle,within_family,ferritin,0.5777579159583345
15,kmer4_shuffle,within_family,flavin_monooxygenase,0.571831985201617
15,kmer4_shuffle,within_family,globins,0.4640990766225576
15,kmer4_shuffle,within_family,glutamate_metabotropic,0.4470007251711003
15,kmer4_shuffle,within_family,glutaredoxin,0.3821944989218185
15,kmer4_shuffle,within_family,glutathione_peroxidase,0.153757915686151
15,kmer4_shuffle,within_family,glutathione_s_transferase,0.2052249148107336
15,kmer4_shuffle,within_family,guanylate_binding_protein,0.2767457180500658
15,kmer4_shuffle,within_family,heme_oxygenase,0.5463611859838274
15,kmer4_shuffle,within_family,histamine_receptor,0.4060407794706698
15,kmer4_shuffle,within_family,histone_deacetylase_classI,0.4516361695250289
15,kmer4_shuffle,within_family,histone_h4,0.406784519827998
15,kmer4_shuffle,within_family,hox,0.2612510950368577
15,kmer4_shuffle,within_family,m14_carboxypeptidase,0.5302925155363876
15,kmer4_shuffle,within_family,matrix_metalloproteinase,0.4788876978698128
15,kmer4_shuffle,within_family,metallothionein,-0.019750445301582
15,kmer4_shuffle,within_family,muscarinic_receptor,0.2868261069993052
15,kmer4_shuffle,within_family,nadph_oxidase,0.7543454050664048
15,kmer4_shuffle,within_family,nitric_oxide_synthase,0.3373896734920836
15,kmer4_shuffle,within_family,olfactory_receptors,0.0445981426447441
15,kmer4_shuffle,within_family,opsins,0.4397512609367597
15,kmer4_shuffle,within_family,p2y_receptor,0.1783237723305049
15,kmer4_shuffle,within_family,peroxidase,0.7235669359255061
15,kmer4_shuffle,within_family,peroxiredoxin,0.3610891208463804
15,kmer4_shuffle,within_family,phosphodiesterase,0.6322567230679543
15,kmer4_shuffle,within_family,rab_gtpase,0.4262840563727963
15,kmer4_shuffle,within_family,ras_gtpases,0.2574314058867253
15,kmer4_shuffle,within_family,rho_gtpase,0.345576344229241
15,kmer4_shuffle,within_family,serine_protease,0.3510507954718179
15,kmer4_shuffle,within_family,serotonin_receptor,0.3008132511010947
15,kmer4_shuffle,within_family,steap_metalloreductase,0.2865604248317318
15,kmer4_shuffle,within_family,sulfotransferase,0.4854102575971118
15,kmer4_shuffle,within_family,taste2_receptor,0.1220919545899709
15,kmer4_shuffle,within_family,udp_glucuronosyltransferase,0.6088329822287042
15,kmer6_shuffle,within_family,adam_metallopeptidase,0.612771933595101
15,kmer6_shuffle,within_family,adamts_metallopeptidase,0.6531533226609536
15,kmer6_shuffle,within_family,adrenoceptor,0.2437983680658934
15,kmer6_shuffle,within_family,alcohol_dehydrogenase,0.6832557816515035
15,kmer6_shuffle,within_family,aldehyde_dehydrogenase,0.5673405977169141
15,kmer6_shuffle,within_family,aldo_keto_reductase,0.5593172210017808
15,kmer6_shuffle,within_family,alkaline_phosphatase,0.8437571200729094
15,kmer6_shuffle,within_family,arachidonate_lipoxygenase,0.5002046259002527
15,kmer6_shuffle,within_family,arf_gtpase,0.3322385846171247
15,kmer6_shuffle,within_family,carbonic_anhydrase,0.3391362043050537
15,kmer6_shuffle,within_family,cxc_chemokine_receptor,0.2542088646165001
15,kmer6_shuffle,within_family,cytochrome_p450,0.4581577911643902
15,kmer6_shuffle,within_family,dopamine_receptor,0.3103557413859047
15,kmer6_shuffle,within_family,ectonucleotide_pyrophosphatase,0.5392595356239246
15,kmer6_shuffle,within_family,ferritin,0.4017799142653827
15,kmer6_shuffle,within_family,flavin_monooxygenase,0.5299909575677473
15,kmer6_shuffle,within_family,globins,0.4571280512462508
15,kmer6_shuffle,within_family,glutamate_metabotropic,0.4222428211873307
15,kmer6_shuffle,within_family,glutaredoxin,0.5238582887191272
15,kmer6_shuffle,within_family,glutathione_peroxidase,0.3171221711076827
15,kmer6_shuffle,within_family,glutathione_s_transferase,0.2476314632561307
15,kmer6_shuffle,within_family,guanylate_binding_protein,0.2888010540184453
15,kmer6_shuffle,within_family,heme_oxygenase,0.6301575782707859
15,kmer6_shuffle,within_family,histamine_receptor,0.4891256027965585
15,kmer6_shuffle,within_family,histone_deacetylase_classI,0.497697935990651
15,kmer6_shuffle,within_family,histone_h4,0.2607740086000956
15,kmer6_shuffle,within_family,hox,0.2855502298563473
15,kmer6_shuffle,within_family,m14_carboxypeptidase,0.541496276272323
15,kmer6_shuffle,within_family,matrix_metalloproteinase,0.4989633609710174
15,kmer6_shuffle,within_family,metallothionein,0.053963773641153
15,kmer6_shuffle,within_family,muscarinic_receptor,0.2270484540468178
15,kmer6_shuffle,within_family,nadph_oxidase,0.7426912805358269
15,kmer6_shuffle,within_family,nitric_oxide_synthase,0.5250140545168698
15,kmer6_shuffle,within_family,olfactory_receptors,0.0912823533706024
15,kmer6_shuffle,within_family,opsins,0.4997548326749024
15,kmer6_shuffle,within_family,p2y_receptor,0.2050344371465429
15,kmer6_shuffle,within_family,peroxidase,0.7035438574405033
15,kmer6_shuffle,within_family,peroxiredoxin,0.4717735841025542
15,kmer6_shuffle,within_family,phosphodiesterase,0.6461013077879042
15,kmer6_shuffle,within_family,rab_gtpase,0.4221586400103633
15,kmer6_shuffle,within_family,ras_gtpases,0.333061960080478
15,kmer6_shuffle,within_family,rho_gtpase,0.4010833779742292
15,kmer6_shuffle,within_family,serine_protease,0.3531785892704536
15,kmer6_shuffle,within_family,serotonin_receptor,0.3239133307751283
15,kmer6_shuffle,within_family,steap_metalloreductase,0.1895159699704504
15,kmer6_shuffle,within_family,sulfotransferase,0.429209320632795
15,kmer6_shuffle,within_family,taste2_receptor,0.0202873660219207
15,kmer6_shuffle,within_family,udp_glucuronosyltransferase,0.5916296270574345
15,synonymous_recode,within_family,adam_metallopeptidase,0.7556717508803662
15,synonymous_recode,within_family,adamts_metallopeptidase,0.7922660273562665
15,synonymous_recode,within_family,adrenoceptor,0.3999140590934383
15,synonymous_recode,within_family,alcohol_dehydrogenase,0.619056878949927
15,synonymous_recode,within_family,aldehyde_dehydrogenase,0.7345378107190543
15,synonymous_recode,within_family,aldo_keto_reductase,0.7039204179589966
15,synonymous_recode,within_family,alkaline_phosphatase,0.9401511800892604
15,synonymous_recode,within_family,arachidonate_lipoxygenase,0.6424205579571652
15,synonymous_recode,within_family,arf_gtpase,0.6747999787971424
15,synonymous_recode,within_family,carbonic_anhydrase,0.5588091024979313
15,synonymous_recode,within_family,cxc_chemokine_receptor,0.5062661537748557
15,synonymous_recode,within_family,cytochrome_p450,0.7146145079201187
15,synonymous_recode,within_family,dopamine_receptor,0.4757373713238407
15,synonymous_recode,within_family,ectonucleotide_pyrophosphatase,0.7685234970298793
15,synonymous_recode,within_family,ferritin,0.4930654403335174
15,synonymous_recode,within_family,flavin_monooxygenase,0.6899990321527811
15,synonymous_recode,within_family,globins,0.5768073951451217
15,synonymous_recode,within_family,glutamate_metabotropic,0.7496608973916805
15,synonymous_recode,within_family,glutaredoxin,0.7391102690497342
15,synonymous_recode,within_family,glutathione_peroxidase,0.6142282119013363
15,synonymous_recode,within_family,glutathione_s_transferase,0.549936036162266
15,synonymous_recode,within_family,guanylate_binding_protein,0.6222002635046113
15,synonymous_recode,within_family,heme_oxygenase,0.7004043126684635
15,synonymous_recode,within_family,histamine_receptor,0.6995001305472289
15,synonymous_recode,within_family,histone_deacetylase_classI,0.8334400585425733
15,synonymous_recode,within_family,histone_h4,-0.0061474757126931
15,synonymous_recode,within_family,hox,0.5122520373955805
15,synonymous_recode,within_family,m14_carboxypeptidase,0.7367914347838697
15,synonymous_recode,within_family,matrix_metalloproteinase,0.7291937874948518
15,synonymous_recode,within_family,metallothionein,0.2378943031293893
15,synonymous_recode,within_family,muscarinic_receptor,0.2233932964278563
15,synonymous_recode,within_family,nadph_oxidase,0.7884037671127214
15,synonymous_recode,within_family,nitric_oxide_synthase,0.5782024376712815
15,synonymous_recode,within_family,olfactory_receptors,0.30109681726902
15,synonymous_recode,within_family,opsins,0.6112078067118801
15,synonymous_recode,within_family,p2y_receptor,0.5535511921392676
15,synonymous_recode,within_family,peroxidase,0.8082344231391577
15,synonymous_recode,within_family,peroxiredoxin,0.8244328206193835
15,synonymous_recode,within_family,phosphodiesterase,0.8089643390232204
15,synonymous_recode,within_family,rab_gtpase,0.7470329631488423
15,synonymous_recode,within_family,ras_gtpases,0.6232064161011276
15,synonymous_recode,within_family,rho_gtpase,0.6505136321611346
15,synonymous_recode,within_family,serine_protease,0.6887658650274489
15,synonymous_recode,within_family,serotonin_receptor,0.5223111773188064
15,synonymous_recode,within_family,steap_metalloreductase,0.5959421139252337
15,synonymous_recode,within_family,sulfotransferase,0.7791226669896325
15,synonymous_recode,within_family,taste2_receptor,0.4431003980882255
15,synonymous_recode,within_family,udp_glucuronosyltransferase,0.8400091441535292
15,missense_subset,within_family,adam_metallopeptidase,0.7068391398102525
15,missense_subset,within_family,adamts_metallopeptidase,0.7261951299777628
15,missense_subset,within_family,adrenoceptor,0.6562988385973854
15,missense_subset,within_family,alcohol_dehydrogenase,0.7704771164664211
15,missense_subset,within_family,aldehyde_dehydrogenase,0.6694007308627804
15,missense_subset,within_family,aldo_keto_reductase,0.5930326051075426
15,missense_subset,within_family,alkaline_phosphatase,0.7821726776835136
15,missense_subset,within_family,arachidonate_lipoxygenase,0.7204027825647864
15,missense_subset,within_family,arf_gtpase,0.5291376014654098
15,missense_subset,within_family,carbonic_anhydrase,0.6503649658029846
15,missense_subset,within_family,cxc_chemokine_receptor,0.4480816719392163
15,missense_subset,within_family,cytochrome_p450,0.6459310256135874
15,missense_subset,within_family,dopamine_receptor,0.5125415647489306
15,missense_subset,within_family,ectonucleotide_pyrophosphatase,0.6743396239602569
15,missense_subset,within_family,ferritin,0.5516118269082695
15,missense_subset,within_family,flavin_monooxygenase,0.6843376062961625
15,missense_subset,within_family,globins,0.581994078414671
15,missense_subset,within_family,glutamate_metabotropic,0.6831972928081592
15,missense_subset,within_family,glutaredoxin,0.7811462844958138
15,missense_subset,within_family,glutathione_peroxidase,0.358219178130354
15,missense_subset,within_family,glutathione_s_transferase,0.5687067933921318
15,missense_subset,within_family,guanylate_binding_protein,0.3190382081686429
15,missense_subset,within_family,heme_oxygenase,0.475844909807174
15,missense_subset,within_family,histamine_receptor,0.7200417592026961
15,missense_subset,within_family,histone_deacetylase_classI,0.8426973319859403
15,missense_subset,within_family,histone_h4,0.2222169135212613
15,missense_subset,within_family,hox,0.4794429565967624
15,missense_subset,within_family,m14_carboxypeptidase,0.6648123661332038
15,missense_subset,within_family,matrix_metalloproteinase,0.5493867049404892
15,missense_subset,within_family,metallothionein,0.190489610047928
15,missense_subset,within_family,muscarinic_receptor,0.4619441818280512
15,missense_subset,within_family,nadph_oxidase,0.7941566198761784
15,missense_subset,within_family,nitric_oxide_synthase,0.6840666728233957
15,missense_subset,within_family,olfactory_receptors,0.3328200232877204
15,missense_subset,within_family,opsins,0.7330693767784813
15,missense_subset,within_family,p2y_receptor,0.450597344017701
15,missense_subset,within_family,peroxidase,0.7770048497169484
15,missense_subset,within_family,peroxiredoxin,0.7187836839447346
15,missense_subset,within_family,phosphodiesterase,0.7931692515557237
15,missense_subset,within_family,rab_gtpase,0.6419466944503334
15,missense_subset,within_family,ras_gtpases,0.4484575805746734
15,missense_subset,within_family,rho_gtpase,0.5725726095498382
15,missense_subset,within_family,serine_protease,0.5655813432944798
15,missense_subset,within_family,serotonin_receptor,0.4564583581670071
15,missense_subset,within_family,steap_metalloreductase,0.6789776766863166
15,missense_subset,within_family,sulfotransferase,0.6523958392372157
15,missense_subset,within_family,taste2_receptor,0.1846768606163918
15,missense_subset,within_family,udp_glucuronosyltransferase,0.8459109814724788
15,paired_p3_syn,within_family,adam_metallopeptidase,0.8398445334821568
15,paired_p3_syn,within_family,adamts_metallopeptidase,0.8709821103857162
15,paired_p3_syn,within_family,adrenoceptor,0.4906807674224837
15,paired_p3_syn,within_family,alcohol_dehydrogenase,0.6932564761441766
15,paired_p3_syn,within_family,aldehyde_dehydrogenase,0.7830706708109932
15,paired_p3_syn,within_family,aldo_keto_reductase,0.7347931456454427
15,paired_p3_syn,within_family,alkaline_phosphatase,0.8872247463578733
15,paired_p3_syn,within_family,arachidonate_lipoxygenase,0.7395954478919883
15,paired_p3_syn,within_family,arf_gtpase,0.798282384015399
15,paired_p3_syn,within_family,carbonic_anhydrase,0.6895610356955518
15,paired_p3_syn,within_family,cxc_chemokine_receptor,0.6937439455847224
15,paired_p3_syn,within_family,cytochrome_p450,0.7441903106329351
15,paired_p3_syn,within_family,dopamine_receptor,0.5594008564349889
15,paired_p3_syn,within_family,ectonucleotide_pyrophosphatase,0.8250677709899875
15,paired_p3_syn,within_family,ferritin,0.6337601443739551
15,paired_p3_syn,within_family,flavin_monooxygenase,0.7800947650452634
15,paired_p3_syn,within_family,globins,0.6671094311935569
15,paired_p3_syn,within_family,glutamate_metabotropic,0.6787502110582687
15,paired_p3_syn,within_family,glutaredoxin,0.8605578971892738
15,paired_p3_syn,within_family,glutathione_peroxidase,0.6660414080298099
15,paired_p3_syn,within_family,glutathione_s_transferase,0.6708562949045357
15,paired_p3_syn,within_family,guanylate_binding_protein,0.6624505928853754
15,paired_p3_syn,within_family,heme_oxygenase,0.8054115695625129
15,paired_p3_syn,within_family,histamine_receptor,0.8099412039315527
15,paired_p3_syn,within_family,histone_deacetylase_classI,0.9036585536577028
15,paired_p3_syn,within_family,histone_h4,0.4989807294155121
15,paired_p3_syn,within_family,hox,0.7056323568008698
15,paired_p3_syn,within_family,m14_carboxypeptidase,0.7954215481611533
15,paired_p3_syn,within_family,matrix_metalloproteinase,0.8023506257864655
15,paired_p3_syn,within_family,metallothionein,0.5505585170524266
15,paired_p3_syn,within_family,muscarinic_receptor,0.5893410693783829
15,paired_p3_syn,within_family,nadph_oxidase,0.8091400896232281
15,paired_p3_syn,within_family,nitric_oxide_synthase,0.6871043280025471
15,paired_p3_syn,within_family,olfactory_receptors,0.5862928310195743
15,paired_p3_syn,within_family,opsins,0.7215359669181783
15,paired_p3_syn,within_family,p2y_receptor,0.5825564964613366
15,paired_p3_syn,within_family,peroxidase,0.8060978966863767
15,paired_p3_syn,within_family,peroxiredoxin,0.8555534532275985
15,paired_p3_syn,within_family,phosphodiesterase,0.8473246456172322
15,paired_p3_syn,within_family,rab_gtpase,0.8333922957258894
15,paired_p3_syn,within_family,ras_gtpases,0.7172975795514163
15,paired_p3_syn,within_family,rho_gtpase,0.6817954528959428
15,paired_p3_syn,within_family,serine_protease,0.6788671466455125
15,paired_p3_syn,within_family,serotonin_receptor,0.6737431891332146
15,paired_p3_syn,within_family,steap_metalloreductase,0.6822745895754672
15,paired_p3_syn,within_family,sulfotransferase,0.7812272487247057
15,paired_p3_syn,within_family,taste2_receptor,0.5351040735073472
15,paired_p3_syn,within_family,udp_glucuronosyltransferase,0.8929165605636193
15,paired_p3_missense,within_family,adam_metallopeptidase,0.7874364870663202
15,paired_p3_missense,within_family,adamts_metallopeptidase,0.7469992868972685
15,paired_p3_missense,within_family,adrenoceptor,0.4898815400406496
15,paired_p3_missense,within_family,alcohol_dehydrogenase,0.6830682686297658
15,paired_p3_missense,within_family,aldehyde_dehydrogenase,0.684102367796963
15,paired_p3_missense,within_family,aldo_keto_reductase,0.6495435116361417
15,paired_p3_missense,within_family,alkaline_phosphatase,0.8941437819146796
15,paired_p3_missense,within_family,arachidonate_lipoxygenase,0.6267873930645107
15,paired_p3_missense,within_family,arf_gtpase,0.7418744991543313
15,paired_p3_missense,within_family,carbonic_anhydrase,0.4981984463160697
15,paired_p3_missense,within_family,cxc_chemokine_receptor,0.6875241866227032
15,paired_p3_missense,within_family,cytochrome_p450,0.7180089609550911
15,paired_p3_missense,within_family,dopamine_receptor,0.6261202129757628
15,paired_p3_missense,within_family,ectonucleotide_pyrophosphatase,0.6677531284676856
15,paired_p3_missense,within_family,ferritin,0.6871308494651902
15,paired_p3_missense,within_family,flavin_monooxygenase,0.768947504899347
15,paired_p3_missense,within_family,globins,0.7051435286702281
15,paired_p3_missense,within_family,glutamate_metabotropic,0.6217957020311706
15,paired_p3_missense,within_family,glutaredoxin,0.8424970622484746
15,paired_p3_missense,within_family,glutathione_peroxidase,0.5340171014026914
15,paired_p3_missense,within_family,glutathione_s_transferase,0.6382283767765305
15,paired_p3_missense,within_family,guanylate_binding_protein,0.4121870882740447
15,paired_p3_missense,within_family,heme_oxygenase,0.7455940286128965
15,paired_p3_missense,within_family,histamine_receptor,0.7008966261679476
15,paired_p3_missense,within_family,histone_deacetylase_classI,0.8084026895402858
15,paired_p3_missense,within_family,histone_h4,0.5862876254180602
15,paired_p3_missense,within_family,hox,0.6568755427973288
15,paired_p3_missense,within_family,m14_carboxypeptidase,0.7194636728684405
15,paired_p3_missense,within_family,matrix_metalloproteinase,0.7429967178592405
15,paired_p3_missense,within_family,metallothionein,0.2960167999955784
15,paired_p3_missense,within_family,muscarinic_receptor,0.4061062209577653
15,paired_p3_missense,within_family,nadph_oxidase,0.812363110346845
15,paired_p3_missense,within_family,nitric_oxide_synthase,0.5542810829161449
15,paired_p3_missense,within_family,olfactory_receptors,0.508544255817598
15,paired_p3_missense,within_family,opsins,0.735896559912809
15,paired_p3_missense,within_family,p2y_receptor,0.509150344126366
15,paired_p3_missense,within_family,peroxidase,0.7941249746635275
15,paired_p3_missense,within_family,peroxiredoxin,0.7230684362647716
15,paired_p3_missense,within_family,phosphodiesterase,0.8034075521452416
15,paired_p3_missense,within_family,rab_gtpase,0.7438884607912536
15,paired_p3_missense,within_family,ras_gtpases,0.6396229262906654
15,paired_p3_missense,within_family,rho_gtpase,0.691154379617708
15,paired_p3_missense,within_family,serine_protease,0.6297245016611834
15,paired_p3_missense,within_family,serotonin_receptor,0.5287573279819526
15,paired_p3_missense,within_family,steap_metalloreductase,0.6134900486269713
15,paired_p3_missense,within_family,sulfotransferase,0.7130779925059627
15,paired_p3_missense,within_family,taste2_receptor,0.2490745620652639
15,paired_p3_missense,within_family,udp_glucuronosyltransferase,0.8869690024770239
16,natural,within_family,adam_metallopeptidase,1.0
16,natural,within_family,adamts_metallopeptidase,1.0
16,natural,within_family,adrenoceptor,1.0
16,natural,within_family,alcohol_dehydrogenase,1.0
16,natural,within_family,aldehyde_dehydrogenase,1.0
16,natural,within_family,aldo_keto_reductase,1.0
16,natural,within_family,alkaline_phosphatase,1.0
16,natural,within_family,arachidonate_lipoxygenase,1.0
16,natural,within_family,arf_gtpase,1.0
16,natural,within_family,carbonic_anhydrase,1.0
16,natural,within_family,cxc_chemokine_receptor,1.0
16,natural,within_family,cytochrome_p450,1.0
16,natural,within_family,dopamine_receptor,1.0
16,natural,within_family,ectonucleotide_pyrophosphatase,1.0
16,natural,within_family,ferritin,1.0
16,natural,within_family,flavin_monooxygenase,1.0
16,natural,within_family,globins,1.0
16,natural,within_family,glutamate_metabotropic,1.0
16,natural,within_family,glutaredoxin,1.0
16,natural,within_family,glutathione_peroxidase,1.0
16,natural,within_family,glutathione_s_transferase,1.0
16,natural,within_family,guanylate_binding_protein,1.0
16,natural,within_family,heme_oxygenase,1.0
16,natural,within_family,histamine_receptor,1.0
16,natural,within_family,histone_deacetylase_classI,1.0
16,natural,within_family,histone_h4,1.0
16,natural,within_family,hox,1.0
16,natural,within_family,m14_carboxypeptidase,1.0
16,natural,within_family,matrix_metalloproteinase,1.0
16,natural,within_family,metallothionein,1.0
16,natural,within_family,muscarinic_receptor,1.0
16,natural,within_family,nadph_oxidase,1.0
16,natural,within_family,nitric_oxide_synthase,1.0
16,natural,within_family,olfactory_receptors,1.0
16,natural,within_family,opsins,1.0
16,natural,within_family,p2y_receptor,1.0
16,natural,within_family,peroxidase,1.0
16,natural,within_family,peroxiredoxin,1.0
16,natural,within_family,phosphodiesterase,1.0
16,natural,within_family,rab_gtpase,1.0
16,natural,within_family,ras_gtpases,1.0
16,natural,within_family,rho_gtpase,1.0
16,natural,within_family,serine_protease,1.0
16,natural,within_family,serotonin_receptor,1.0
16,natural,within_family,steap_metalloreductase,1.0
16,natural,within_family,sulfotransferase,1.0
16,natural,within_family,taste2_receptor,1.0
16,natural,within_family,udp_glucuronosyltransferase,1.0
16,gc_match,within_family,adam_metallopeptidase,0.5711580315582248
16,gc_match,within_family,adamts_metallopeptidase,0.655935130514262
16,gc_match,within_family,adrenoceptor,0.2945791414099538
16,gc_match,within_family,alcohol_dehydrogenase,0.7942079311063268
16,gc_match,within_family,aldehyde_dehydrogenase,0.562085215847221
16,gc_match,within_family,aldo_keto_reductase,0.5166683923161368
16,gc_match,within_family,alkaline_phosphatase,0.7864112152037848
16,gc_match,within_family,arachidonate_lipoxygenase,0.5455088672477456
16,gc_match,within_family,arf_gtpase,0.3165069988449798
16,gc_match,within_family,carbonic_anhydrase,0.4402444943034939
16,gc_match,within_family,cxc_chemokine_receptor,0.4646151227450352
16,gc_match,within_family,cytochrome_p450,0.4912293789000236
16,gc_match,within_family,dopamine_receptor,0.2581451210946816
16,gc_match,within_family,ectonucleotide_pyrophosphatase,0.6007708370970916
16,gc_match,within_family,ferritin,0.4591992600130241
16,gc_match,within_family,flavin_monooxygenase,0.5547788731705172
16,gc_match,within_family,globins,0.3729206570452957
16,gc_match,within_family,glutamate_metabotropic,0.4571559905342574
16,gc_match,within_family,glutaredoxin,0.3272981101997013
16,gc_match,within_family,glutathione_peroxidase,0.2711954504420674
16,gc_match,within_family,glutathione_s_transferase,0.2690183598964616
16,gc_match,within_family,guanylate_binding_protein,0.2874176548089591
16,gc_match,within_family,heme_oxygenase,0.7716566452415508
16,gc_match,within_family,histamine_receptor,0.4425095718243755
16,gc_match,within_family,histone_deacetylase_classI,0.5134322300757959
16,gc_match,within_family,histone_h4,0.2914476827520306
16,gc_match,within_family,hox,0.2725554954495061
16,gc_match,within_family,m14_carboxypeptidase,0.5573756574999258
16,gc_match,within_family,matrix_metalloproteinase,0.5049755371419076
16,gc_match,within_family,metallothionein,0.0357028889708424
16,gc_match,within_family,muscarinic_receptor,0.1484447724081773
16,gc_match,within_family,nadph_oxidase,0.7085483713226868
16,gc_match,within_family,nitric_oxide_synthase,0.2947070703010378
16,gc_match,within_family,olfactory_receptors,0.0415273935505902
16,gc_match,within_family,opsins,0.5081974044020036
16,gc_match,within_family,p2y_receptor,0.1914973011355652
16,gc_match,within_family,peroxidase,0.7302284237868374
16,gc_match,within_family,peroxiredoxin,0.5135413504028726
16,gc_match,within_family,phosphodiesterase,0.668380966334089
16,gc_match,within_family,rab_gtpase,0.3799355340630568
16,gc_match,within_family,ras_gtpases,0.304155938006973
16,gc_match,within_family,rho_gtpase,0.3974969551507071
16,gc_match,within_family,serine_protease,0.4097105832346627
16,gc_match,within_family,serotonin_receptor,0.340478132885754
16,gc_match,within_family,steap_metalloreductase,0.3802060189454925
16,gc_match,within_family,sulfotransferase,0.4135799245400152
16,gc_match,within_family,taste2_receptor,-0.1489541813968725
16,gc_match,within_family,udp_glucuronosyltransferase,0.6731947048791969
16,dinuc_shuffle,within_family,adam_metallopeptidase,0.5633685918673168
16,dinuc_shuffle,within_family,adamts_metallopeptidase,0.6744064476025378
16,dinuc_shuffle,within_family,adrenoceptor,0.2898687834548793
16,dinuc_shuffle,within_family,alcohol_dehydrogenase,0.7143065490659073
16,dinuc_shuffle,within_family,aldehyde_dehydrogenase,0.5761733304053558
16,dinuc_shuffle,within_family,aldo_keto_reductase,0.6125306528671388
16,dinuc_shuffle,within_family,alkaline_phosphatase,0.869868521571308
16,dinuc_shuffle,within_family,arachidonate_lipoxygenase,0.6113392388173313
16,dinuc_shuffle,within_family,arf_gtpase,0.3213143574624315
16,dinuc_shuffle,within_family,carbonic_anhydrase,0.4167006943560453
16,dinuc_shuffle,within_family,cxc_chemokine_receptor,0.3573125404754178
16,dinuc_shuffle,within_family,cytochrome_p450,0.4906152754880044
16,dinuc_shuffle,within_family,dopamine_receptor,0.2343090498546732
16,dinuc_shuffle,within_family,ectonucleotide_pyrophosphatase,0.5480407906109876
16,dinuc_shuffle,within_family,ferritin,0.175691699604743
16,dinuc_shuffle,within_family,flavin_monooxygenase,0.5698344733577599
16,dinuc_shuffle,within_family,globins,0.3382834853105154
16,dinuc_shuffle,within_family,glutamate_metabotropic,0.4216629440711113
16,dinuc_shuffle,within_family,glutaredoxin,0.4494917422911474
16,dinuc_shuffle,within_family,glutathione_peroxidase,0.3839677043011211
16,dinuc_shuffle,within_family,glutathione_s_transferase,0.1922309301895012
16,dinuc_shuffle,within_family,guanylate_binding_protein,0.3674571805006588
16,dinuc_shuffle,within_family,heme_oxygenase,0.5435724652705783
16,dinuc_shuffle,within_family,histamine_receptor,0.4206848642342097
16,dinuc_shuffle,within_family,histone_deacetylase_classI,0.5474828247068088
16,dinuc_shuffle,within_family,histone_h4,0.1414874980092371
16,dinuc_shuffle,within_family,hox,0.267647313312028
16,dinuc_shuffle,within_family,m14_carboxypeptidase,0.5603964836618317
16,dinuc_shuffle,within_family,matrix_metalloproteinase,0.4884582189101368
16,dinuc_shuffle,within_family,metallothionein,0.3271025719286125
16,dinuc_shuffle,within_family,muscarinic_receptor,0.2912945247080055
16,dinuc_shuffle,within_family,nadph_oxidase,0.7683683535622686
16,dinuc_shuffle,within_family,nitric_oxide_synthase,0.2637267894798047
16,dinuc_shuffle,within_family,olfactory_receptors,0.058258083284234
16,dinuc_shuffle,within_family,opsins,0.4659914360574435
16,dinuc_shuffle,within_family,p2y_receptor,0.2266608783228373
16,dinuc_shuffle,within_family,peroxidase,0.710165320103523
16,dinuc_shuffle,within_family,peroxiredoxin,0.4669398572460362
16,dinuc_shuffle,within_family,phosphodiesterase,0.6403009992615734
16,dinuc_shuffle,within_family,rab_gtpase,0.3950543514492334
16,dinuc_shuffle,within_family,ras_gtpases,0.2751696368106081
16,dinuc_shuffle,within_family,rho_gtpase,0.341006431652568
16,dinuc_shuffle,within_family,serine_protease,0.3727585994683324
16,dinuc_shuffle,within_family,serotonin_receptor,0.3068171444440121
16,dinuc_shuffle,within_family,steap_metalloreductase,0.4310822961402725
16,dinuc_shuffle,within_family,sulfotransferase,0.485328926252302
16,dinuc_shuffle,within_family,taste2_receptor,-0.1414102031228471
16,dinuc_shuffle,within_family,udp_glucuronosyltransferase,0.6997139076016081
16,kmer4_shuffle,within_family,adam_metallopeptidase,0.5596092999794416
16,kmer4_shuffle,within_family,adamts_metallopeptidase,0.6361050132333153
16,kmer4_shuffle,within_family,adrenoceptor,0.1885542744331648
16,kmer4_shuffle,within_family,alcohol_dehydrogenase,0.6378845753177304
16,kmer4_shuffle,within_family,aldehyde_dehydrogenase,0.5843942886847354
16,kmer4_shuffle,within_family,aldo_keto_reductase,0.5820980688532285
16,kmer4_shuffle,within_family,alkaline_phosphatase,0.7993881763231608
16,kmer4_shuffle,within_family,arachidonate_lipoxygenase,0.446994604334569
16,kmer4_shuffle,within_family,arf_gtpase,0.3183804377573601
16,kmer4_shuffle,within_family,carbonic_anhydrase,0.4753209941939491
16,kmer4_shuffle,within_family,cxc_chemokine_receptor,0.1099662702946212
16,kmer4_shuffle,within_family,cytochrome_p450,0.502476718189285
16,kmer4_shuffle,within_family,dopamine_receptor,0.2910307863184228
16,kmer4_shuffle,within_family,ectonucleotide_pyrophosphatase,0.567873313004263
16,kmer4_shuffle,within_family,ferritin,0.6010032902848527
16,kmer4_shuffle,within_family,flavin_monooxygenase,0.5829187768616511
16,kmer4_shuffle,within_family,globins,0.4790988763724191
16,kmer4_shuffle,within_family,glutamate_metabotropic,0.4572373820445355
16,kmer4_shuffle,within_family,glutaredoxin,0.4648573450551598
16,kmer4_shuffle,within_family,glutathione_peroxidase,0.1517602363047259
16,kmer4_shuffle,within_family,glutathione_s_transferase,0.2142990912075266
16,kmer4_shuffle,within_family,guanylate_binding_protein,0.2785243741765481
16,kmer4_shuffle,within_family,heme_oxygenase,0.5159859008915613
16,kmer4_shuffle,within_family,histamine_receptor,0.4071952166138297
16,kmer4_shuffle,within_family,histone_deacetylase_classI,0.451164065437016
16,kmer4_shuffle,within_family,histone_h4,0.4047459786590222
16,kmer4_shuffle,within_family,hox,0.2569508639111776
16,kmer4_shuffle,within_family,m14_carboxypeptidase,0.5385948424935638
16,kmer4_shuffle,within_family,matrix_metalloproteinase,0.4860031723648556
16,kmer4_shuffle,within_family,metallothionein,0.0827638394654243
16,kmer4_shuffle,within_family,muscarinic_receptor,0.2864074713962973
16,kmer4_shuffle,within_family,nadph_oxidase,0.732767092608439
16,kmer4_shuffle,within_family,nitric_oxide_synthase,0.3570030379693841
16,kmer4_shuffle,within_family,olfactory_receptors,0.0429545110463651
16,kmer4_shuffle,within_family,opsins,0.4341010092541482
16,kmer4_shuffle,within_family,p2y_receptor,0.1674159769981826
16,kmer4_shuffle,within_family,peroxidase,0.7063470974707039
16,kmer4_shuffle,within_family,peroxiredoxin,0.3746410584390566
16,kmer4_shuffle,within_family,phosphodiesterase,0.6346248645440699
16,kmer4_shuffle,within_family,rab_gtpase,0.4339598003681603
16,kmer4_shuffle,within_family,ras_gtpases,0.282121373699118
16,kmer4_shuffle,within_family,rho_gtpase,0.3555259272817732
16,kmer4_shuffle,within_family,serine_protease,0.3372288199848375
16,kmer4_shuffle,within_family,serotonin_receptor,0.2867566046999273
16,kmer4_shuffle,within_family,steap_metalloreductase,0.2860287210764574
16,kmer4_shuffle,within_family,sulfotransferase,0.4966424517705676
16,kmer4_shuffle,within_family,taste2_receptor,0.085415171171449
16,kmer4_shuffle,within_family,udp_glucuronosyltransferase,0.6205693296602388
16,kmer6_shuffle,within_family,adam_metallopeptidase,0.6037147412004027
16,kmer6_shuffle,within_family,adamts_metallopeptidase,0.654659669983356
16,kmer6_shuffle,within_family,adrenoceptor,0.2197894843014465
16,kmer6_shuffle,within_family,alcohol_dehydrogenase,0.7104729495103825
16,kmer6_shuffle,within_family,aldehyde_dehydrogenase,0.571697626022102
16,kmer6_shuffle,within_family,aldo_keto_reductase,0.5704469888363635
16,kmer6_shuffle,within_family,alkaline_phosphatase,0.8278483642260731
16,kmer6_shuffle,within_family,arachidonate_lipoxygenase,0.4851715826151732
16,kmer6_shuffle,within_family,arf_gtpase,0.3367338911762848
16,kmer6_shuffle,within_family,carbonic_anhydrase,0.3217883844567745
16,kmer6_shuffle,within_family,cxc_chemokine_receptor,0.2477674756299841
16,kmer6_shuffle,within_family,cytochrome_p450,0.4554072662219394
16,kmer6_shuffle,within_family,dopamine_receptor,0.2779912265983512
16,kmer6_shuffle,within_family,ectonucleotide_pyrophosphatase,0.5531361428849881
16,kmer6_shuffle,within_family,ferritin,0.4640572865869308
16,kmer6_shuffle,within_family,flavin_monooxygenase,0.5423037109895915
16,kmer6_shuffle,within_family,globins,0.4798266962836329
16,kmer6_shuffle,within_family,glutamate_metabotropic,0.4414141524767659
16,kmer6_shuffle,within_family,glutaredoxin,0.58413785263533
16,kmer6_shuffle,within_family,glutathione_peroxidase,0.2887542945907376
16,kmer6_shuffle,within_family,glutathione_s_transferase,0.2533022428950933
16,kmer6_shuffle,within_family,guanylate_binding_protein,0.2534255599472991
16,kmer6_shuffle,within_family,heme_oxygenase,0.6812668463611858
16,kmer6_shuffle,within_family,histamine_receptor,0.4917677318193142
16,kmer6_shuffle,within_family,histone_deacetylase_classI,0.5247149323525642
16,kmer6_shuffle,within_family,histone_h4,0.3145723841376015
16,kmer6_shuffle,within_family,hox,0.2795272006832028
16,kmer6_shuffle,within_family,m14_carboxypeptidase,0.536574026314161
16,kmer6_shuffle,within_family,matrix_metalloproteinase,0.5226482987064685
16,kmer6_shuffle,within_family,metallothionein,0.1021642074842043
16,kmer6_shuffle,within_family,muscarinic_receptor,0.2269297261654992
16,kmer6_shuffle,within_family,nadph_oxidase,0.7317792525755155
16,kmer6_shuffle,within_family,nitric_oxide_synthase,0.5439346035475601
16,kmer6_shuffle,within_family,olfactory_receptors,0.0871314078815254
16,kmer6_shuffle,within_family,opsins,0.5121834565764892
16,kmer6_shuffle,within_family,p2y_receptor,0.1954435318361936
16,kmer6_shuffle,within_family,peroxidase,0.7048270889485295
16,kmer6_shuffle,within_family,peroxiredoxin,0.4913851048913484
16,kmer6_shuffle,within_family,phosphodiesterase,0.6589414784477259
16,kmer6_shuffle,within_family,rab_gtpase,0.4398077261820922
16,kmer6_shuffle,within_family,ras_gtpases,0.3588085136382333
16,kmer6_shuffle,within_family,rho_gtpase,0.3982856232122173
16,kmer6_shuffle,within_family,serine_protease,0.3592113852170789
16,kmer6_shuffle,within_family,serotonin_receptor,0.2997445019205293
16,kmer6_shuffle,within_family,steap_metalloreductase,0.2432170831260573
16,kmer6_shuffle,within_family,sulfotransferase,0.4499348815641704
16,kmer6_shuffle,within_family,taste2_receptor,0.0514686453915671
16,kmer6_shuffle,within_family,udp_glucuronosyltransferase,0.5734395135464654
16,synonymous_recode,within_family,adam_metallopeptidase,0.7567589561500943
16,synonymous_recode,within_family,adamts_metallopeptidase,0.8131569999269569
16,synonymous_recode,within_family,adrenoceptor,0.416054455814852
16,synonymous_recode,within_family,alcohol_dehydrogenase,0.6618445725397596
16,synonymous_recode,within_family,aldehyde_dehydrogenase,0.7501428634638577
16,synonymous_recode,within_family,aldo_keto_reductase,0.7302635355922062
16,synonymous_recode,within_family,alkaline_phosphatase,0.9500422178440752
16,synonymous_recode,within_family,arachidonate_lipoxygenase,0.6647959477292301
16,synonymous_recode,within_family,arf_gtpase,0.6811833806174206
16,synonymous_recode,within_family,carbonic_anhydrase,0.5897220320578176
16,synonymous_recode,within_family,cxc_chemokine_receptor,0.4800403897331602
16,synonymous_recode,within_family,cytochrome_p450,0.729832612914016
16,synonymous_recode,within_family,dopamine_receptor,0.5130787789945968
16,synonymous_recode,within_family,ectonucleotide_pyrophosphatase,0.7892352335155717
16,synonymous_recode,within_family,ferritin,0.4527051999384014
16,synonymous_recode,within_family,flavin_monooxygenase,0.7037988957565396
16,synonymous_recode,within_family,globins,0.5998423746968679
16,synonymous_recode,within_family,glutamate_metabotropic,0.7512164426714814
16,synonymous_recode,within_family,glutaredoxin,0.7345246261947291
16,synonymous_recode,within_family,glutathione_peroxidase,0.6138340062888581
16,synonymous_recode,within_family,glutathione_s_transferase,0.5630882248825315
16,synonymous_recode,within_family,guanylate_binding_protein,0.6569169960474308
16,synonymous_recode,within_family,heme_oxygenase,0.7090192826041882
16,synonymous_recode,within_family,histamine_receptor,0.7235009848182957
16,synonymous_recode,within_family,histone_deacetylase_classI,0.8497870343341328
16,synonymous_recode,within_family,histone_h4,-0.018537983755375
16,synonymous_recode,within_family,hox,0.5228173402931429
16,synonymous_recode,within_family,m14_carboxypeptidase,0.7536967121901413
16,synonymous_recode,within_family,matrix_metalloproteinase,0.7597476973994391
16,synonymous_recode,within_family,metallothionein,0.2758793409346342
16,synonymous_recode,within_family,muscarinic_receptor,0.2098885436492189
16,synonymous_recode,within_family,nadph_oxidase,0.763264556267916
16,synonymous_recode,within_family,nitric_oxide_synthase,0.5922860972971945
16,synonymous_recode,within_family,olfactory_receptors,0.3137118391059199
16,synonymous_recode,within_family,opsins,0.6267994013964102
16,synonymous_recode,within_family,p2y_receptor,0.5675364767469898
16,synonymous_recode,within_family,peroxidase,0.8346937274475545
16,synonymous_recode,within_family,peroxiredoxin,0.8142837199563464
16,synonymous_recode,within_family,phosphodiesterase,0.8145220766472749
16,synonymous_recode,within_family,rab_gtpase,0.7581945392519194
16,synonymous_recode,within_family,ras_gtpases,0.6331556573492982
16,synonymous_recode,within_family,rho_gtpase,0.660244555188199
16,synonymous_recode,within_family,serine_protease,0.7124258476518355
16,synonymous_recode,within_family,serotonin_receptor,0.5230485434138016
16,synonymous_recode,within_family,steap_metalloreductase,0.6086954928504846
16,synonymous_recode,within_family,sulfotransferase,0.7932646874659667
16,synonymous_recode,within_family,taste2_receptor,0.4652034485925695
16,synonymous_recode,within_family,udp_glucuronosyltransferase,0.8512116967999321
16,missense_subset,within_family,adam_metallopeptidase,0.7167861012712063
16,missense_subset,within_family,adamts_metallopeptidase,0.739193393760304
16,missense_subset,within_family,adrenoceptor,0.67399519130637
16,missense_subset,within_family,alcohol_dehydrogenase,0.7442669629835404
16,missense_subset,within_family,aldehyde_dehydrogenase,0.6599176638303765
16,missense_subset,within_family,aldo_keto_reductase,0.6352745616851146
16,missense_subset,within_family,alkaline_phosphatase,0.7662203637435835
16,missense_subset,within_family,arachidonate_lipoxygenase,0.7466986751326719
16,missense_subset,within_family,arf_gtpase,0.5505519113525017
16,missense_subset,within_family,carbonic_anhydrase,0.6495185451830129
16,missense_subset,within_family,cxc_chemokine_receptor,0.4114351443877941
16,missense_subset,within_family,cytochrome_p450,0.6501014734055771
16,missense_subset,within_family,dopamine_receptor,0.5316008477529727
16,missense_subset,within_family,ectonucleotide_pyrophosphatase,0.6994367678691704
16,missense_subset,within_family,ferritin,0.4597504255025761
16,missense_subset,within_family,flavin_monooxygenase,0.6884387196544463
16,missense_subset,within_family,globins,0.6196705850566879
16,missense_subset,within_family,glutamate_metabotropic,0.7079354244250867
16,missense_subset,within_family,glutaredoxin,0.8032672686204096
16,missense_subset,within_family,glutathione_peroxidase,0.4242578150266989
16,missense_subset,within_family,glutathione_s_transferase,0.5682256035771112
16,missense_subset,within_family,guanylate_binding_protein,0.3294466403162055
16,missense_subset,within_family,heme_oxygenase,0.5459050383578685
16,missense_subset,within_family,histamine_receptor,0.7487625528710748
16,missense_subset,within_family,histone_deacetylase_classI,0.8616582801979604
16,missense_subset,within_family,histone_h4,0.1483516483516483
16,missense_subset,within_family,hox,0.4924072054891615
16,missense_subset,within_family,m14_carboxypeptidase,0.6821200678202763
16,missense_subset,within_family,matrix_metalloproteinase,0.589809762570462
16,missense_subset,within_family,metallothionein,0.1972094829206349
16,missense_subset,within_family,muscarinic_receptor,0.499062368556143
16,missense_subset,within_family,nadph_oxidase,0.7947487065781605
16,missense_subset,within_family,nitric_oxide_synthase,0.689404269220141
16,missense_subset,within_family,olfactory_receptors,0.3377522482619626
16,missense_subset,within_family,opsins,0.7594009729804353
16,missense_subset,within_family,p2y_receptor,0.4357222823518105
16,missense_subset,within_family,peroxidase,0.7764200011493786
16,missense_subset,within_family,peroxiredoxin,0.753090492196602
16,missense_subset,within_family,phosphodiesterase,0.7979344350629977
16,missense_subset,within_family,rab_gtpase,0.6715657087997584
16,missense_subset,within_family,ras_gtpases,0.4777924359210467
16,missense_subset,within_family,rho_gtpase,0.5742219797016094
16,missense_subset,within_family,serine_protease,0.5779203093328136
16,missense_subset,within_family,serotonin_receptor,0.4650801167541074
16,missense_subset,within_family,steap_metalloreductase,0.7059280843583764
16,missense_subset,within_family,sulfotransferase,0.6589826104649097
16,missense_subset,within_family,taste2_receptor,0.1822813067556019
16,missense_subset,within_family,udp_glucuronosyltransferase,0.8626281917725769
16,paired_p3_syn,within_family,adam_metallopeptidase,0.843837618182525
16,paired_p3_syn,within_family,adamts_metallopeptidase,0.8817527928821195
16,paired_p3_syn,within_family,adrenoceptor,0.524001888926332
16,paired_p3_syn,within_family,alcohol_dehydrogenase,0.7119105493437043
16,paired_p3_syn,within_family,aldehyde_dehydrogenase,0.7995373879265394
16,paired_p3_syn,within_family,aldo_keto_reductase,0.7836763009992117
16,paired_p3_syn,within_family,alkaline_phosphatase,0.8960100786726174
16,paired_p3_syn,within_family,arachidonate_lipoxygenase,0.7560974706667097
16,paired_p3_syn,within_family,arf_gtpase,0.801473418619724
16,paired_p3_syn,within_family,carbonic_anhydrase,0.6954444989795643
16,paired_p3_syn,within_family,cxc_chemokine_receptor,0.6568848720035628
16,paired_p3_syn,within_family,cytochrome_p450,0.7721102100154399
16,paired_p3_syn,within_family,dopamine_receptor,0.5671552666617077
16,paired_p3_syn,within_family,ectonucleotide_pyrophosphatase,0.8271271357135381
16,paired_p3_syn,within_family,ferritin,0.6448093718263446
16,paired_p3_syn,within_family,flavin_monooxygenase,0.7877109445713627
16,paired_p3_syn,within_family,globins,0.6910128448577005
16,paired_p3_syn,within_family,glutamate_metabotropic,0.6885600734363024
16,paired_p3_syn,within_family,glutaredoxin,0.8611637614512453
16,paired_p3_syn,within_family,glutathione_peroxidase,0.6940672991917621
16,paired_p3_syn,within_family,glutathione_s_transferase,0.7066253783608616
16,paired_p3_syn,within_family,guanylate_binding_protein,0.697957839262187
16,paired_p3_syn,within_family,heme_oxygenase,0.8505079825834543
16,paired_p3_syn,within_family,histamine_receptor,0.8179725943699092
16,paired_p3_syn,within_family,histone_deacetylase_classI,0.904720180717735
16,paired_p3_syn,within_family,histone_h4,0.4306258958432871
16,paired_p3_syn,within_family,hox,0.7207314614266294
16,paired_p3_syn,within_family,m14_carboxypeptidase,0.8024913390360292
16,paired_p3_syn,within_family,matrix_metalloproteinase,0.8184406364003685
16,paired_p3_syn,within_family,metallothionein,0.5758221084720762
16,paired_p3_syn,within_family,muscarinic_receptor,0.5801538093959675
16,paired_p3_syn,within_family,nadph_oxidase,0.7910165301842856
16,paired_p3_syn,within_family,nitric_oxide_synthase,0.7003743057001884
16,paired_p3_syn,within_family,olfactory_receptors,0.5988953011688458
16,paired_p3_syn,within_family,opsins,0.727970766685255
16,paired_p3_syn,within_family,p2y_receptor,0.6019466652391998
16,paired_p3_syn,within_family,peroxidase,0.8097803091029881
16,paired_p3_syn,within_family,peroxiredoxin,0.8518572730055238
16,paired_p3_syn,within_family,phosphodiesterase,0.8458942624442956
16,paired_p3_syn,within_family,rab_gtpase,0.8418611324399323
16,paired_p3_syn,within_family,ras_gtpases,0.7379411856606666
16,paired_p3_syn,within_family,rho_gtpase,0.6832744321881036
16,paired_p3_syn,within_family,serine_protease,0.6929206982499712
16,paired_p3_syn,within_family,serotonin_receptor,0.6939846288437168
16,paired_p3_syn,within_family,steap_metalloreductase,0.6995562189633957
16,paired_p3_syn,within_family,sulfotransferase,0.7817048961598909
16,paired_p3_syn,within_family,taste2_receptor,0.5631737311246436
16,paired_p3_syn,within_family,udp_glucuronosyltransferase,0.8799397720520715
16,paired_p3_missense,within_family,adam_metallopeptidase,0.788355273643147
16,paired_p3_missense,within_family,adamts_metallopeptidase,0.7621812043404336
16,paired_p3_missense,within_family,adrenoceptor,0.5266183697280514
16,paired_p3_missense,within_family,alcohol_dehydrogenase,0.7204736440030557
16,paired_p3_missense,within_family,aldehyde_dehydrogenase,0.6844245189677576
16,paired_p3_missense,within_family,aldo_keto_reductase,0.6767091572117817
16,paired_p3_missense,within_family,alkaline_phosphatase,0.8886889684103306
16,paired_p3_missense,within_family,arachidonate_lipoxygenase,0.6489056643312928
16,paired_p3_missense,within_family,arf_gtpase,0.7508141786494161
16,paired_p3_missense,within_family,carbonic_anhydrase,0.517119572749792
16,paired_p3_missense,within_family,cxc_chemokine_receptor,0.6269010232906848
16,paired_p3_missense,within_family,cytochrome_p450,0.7331937543680238
16,paired_p3_missense,within_family,dopamine_receptor,0.6321053207441496
16,paired_p3_missense,within_family,ectonucleotide_pyrophosphatase,0.6823649420006507
16,paired_p3_missense,within_family,ferritin,0.6613452926984663
16,paired_p3_missense,within_family,flavin_monooxygenase,0.7771642061653137
16,paired_p3_missense,within_family,globins,0.7215874999355631
16,paired_p3_missense,within_family,glutamate_metabotropic,0.621238873069071
16,paired_p3_missense,within_family,glutaredoxin,0.8521384276447679
16,paired_p3_missense,within_family,glutathione_peroxidase,0.5474460021658327
16,paired_p3_missense,within_family,glutathione_s_transferase,0.6641589882038892
16,paired_p3_missense,within_family,guanylate_binding_protein,0.3572463768115942
16,paired_p3_missense,within_family,heme_oxygenase,0.7848019904623679
16,paired_p3_missense,within_family,histamine_receptor,0.7183053867810352
16,paired_p3_missense,within_family,histone_deacetylase_classI,0.8201322155280202
16,paired_p3_missense,within_family,histone_h4,0.5634336677814938
16,paired_p3_missense,within_family,hox,0.6603753884231401
16,paired_p3_missense,within_family,m14_carboxypeptidase,0.7230840883793656
16,paired_p3_missense,within_family,matrix_metalloproteinase,0.7554678890003662
16,paired_p3_missense,within_family,metallothionein,0.3183369181114728
16,paired_p3_missense,within_family,muscarinic_receptor,0.4183408751879898
16,paired_p3_missense,within_family,nadph_oxidase,0.806206226337853
16,paired_p3_missense,within_family,nitric_oxide_synthase,0.5700071993561795
16,paired_p3_missense,within_family,olfactory_receptors,0.4995472111117241
16,paired_p3_missense,within_family,opsins,0.7497087664867271
16,paired_p3_missense,within_family,p2y_receptor,0.5020641761133747
16,paired_p3_missense,within_family,peroxidase,0.7903415663538768
16,paired_p3_missense,within_family,peroxiredoxin,0.7594990639990347
16,paired_p3_missense,within_family,phosphodiesterase,0.7992905769143847
16,paired_p3_missense,within_family,rab_gtpase,0.7536622855455483
16,paired_p3_missense,within_family,ras_gtpases,0.6601134414692095
16,paired_p3_missense,within_family,rho_gtpase,0.6991339524883692
16,paired_p3_missense,within_family,serine_protease,0.6344902854751571
16,paired_p3_missense,within_family,serotonin_receptor,0.5338586819024936
16,paired_p3_missense,within_family,steap_metalloreductase,0.6247398476807211
16,paired_p3_missense,within_family,sulfotransferase,0.7067923223783277
16,paired_p3_missense,within_family,taste2_receptor,0.202988840991901
16,paired_p3_missense,within_family,udp_glucuronosyltransferase,0.8845841918034432
17,natural,within_family,adam_metallopeptidase,1.0
17,natural,within_family,adamts_metallopeptidase,1.0
17,natural,within_family,adrenoceptor,1.0
17,natural,within_family,alcohol_dehydrogenase,1.0
17,natural,within_family,aldehyde_dehydrogenase,1.0
17,natural,within_family,aldo_keto_reductase,1.0
17,natural,within_family,alkaline_phosphatase,1.0
17,natural,within_family,arachidonate_lipoxygenase,1.0
17,natural,within_family,arf_gtpase,1.0
17,natural,within_family,carbonic_anhydrase,1.0
17,natural,within_family,cxc_chemokine_receptor,1.0
17,natural,within_family,cytochrome_p450,1.0
17,natural,within_family,dopamine_receptor,1.0
17,natural,within_family,ectonucleotide_pyrophosphatase,1.0
17,natural,within_family,ferritin,1.0
17,natural,within_family,flavin_monooxygenase,1.0
17,natural,within_family,globins,1.0
17,natural,within_family,glutamate_metabotropic,1.0
17,natural,within_family,glutaredoxin,1.0
17,natural,within_family,glutathione_peroxidase,1.0
17,natural,within_family,glutathione_s_transferase,1.0
17,natural,within_family,guanylate_binding_protein,1.0
17,natural,within_family,heme_oxygenase,1.0
17,natural,within_family,histamine_receptor,1.0
17,natural,within_family,histone_deacetylase_classI,1.0
17,natural,within_family,histone_h4,1.0
17,natural,within_family,hox,1.0
17,natural,within_family,m14_carboxypeptidase,1.0
17,natural,within_family,matrix_metalloproteinase,1.0
17,natural,within_family,metallothionein,1.0
17,natural,within_family,muscarinic_receptor,1.0
17,natural,within_family,nadph_oxidase,1.0
17,natural,within_family,nitric_oxide_synthase,1.0
17,natural,within_family,olfactory_receptors,1.0
17,natural,within_family,opsins,1.0
17,natural,within_family,p2y_receptor,1.0
17,natural,within_family,peroxidase,1.0
17,natural,within_family,peroxiredoxin,1.0
17,natural,within_family,phosphodiesterase,1.0
17,natural,within_family,rab_gtpase,1.0
17,natural,within_family,ras_gtpases,1.0
17,natural,within_family,rho_gtpase,1.0
17,natural,within_family,serine_protease,1.0
17,natural,within_family,serotonin_receptor,1.0
17,natural,within_family,steap_metalloreductase,1.0
17,natural,within_family,sulfotransferase,1.0
17,natural,within_family,taste2_receptor,1.0
17,natural,within_family,udp_glucuronosyltransferase,1.0
17,gc_match,within_family,adam_metallopeptidase,0.593561365851742
17,gc_match,within_family,adamts_metallopeptidase,0.6490749051988575
17,gc_match,within_family,adrenoceptor,0.2818893321640966
17,gc_match,within_family,alcohol_dehydrogenase,0.7896034446836585
17,gc_match,within_family,aldehyde_dehydrogenase,0.564951950870693
17,gc_match,within_family,aldo_keto_reductase,0.5661876114494077
17,gc_match,within_family,alkaline_phosphatase,0.7902074705480278
17,gc_match,within_family,arachidonate_lipoxygenase,0.5276187025244049
17,gc_match,within_family,arf_gtpase,0.3398497219693151
17,gc_match,within_family,carbonic_anhydrase,0.4644021412216004
17,gc_match,within_family,cxc_chemokine_receptor,0.4235326745220757
17,gc_match,within_family,cytochrome_p450,0.5048855792461755
17,gc_match,within_family,dopamine_receptor,0.2773440482197125
17,gc_match,within_family,ectonucleotide_pyrophosphatase,0.5754127116638301
17,gc_match,within_family,ferritin,0.3723735847195507
17,gc_match,within_family,flavin_monooxygenase,0.5565407481722728
17,gc_match,within_family,globins,0.4027641411210843
17,gc_match,within_family,glutamate_metabotropic,0.4405323978696481
17,gc_match,within_family,glutaredoxin,0.3608517681981981
17,gc_match,within_family,glutathione_peroxidase,0.3093711525859071
17,gc_match,within_family,glutathione_s_transferase,0.2742858732707777
17,gc_match,within_family,guanylate_binding_protein,0.2594861660079051
17,gc_match,within_family,heme_oxygenase,0.7785195936139332
17,gc_match,within_family,histamine_receptor,0.4901138683848119
17,gc_match,within_family,histone_deacetylase_classI,0.5043914608632765
17,gc_match,within_family,histone_h4,0.312263099219621
17,gc_match,within_family,hox,0.2892799216901828
17,gc_match,within_family,m14_carboxypeptidase,0.5650879351393742
17,gc_match,within_family,matrix_metalloproteinase,0.5014304242084215
17,gc_match,within_family,metallothionein,0.0718468316030639
17,gc_match,within_family,muscarinic_receptor,0.2049025027614699
17,gc_match,within_family,nadph_oxidase,0.7299686734122096
17,gc_match,within_family,nitric_oxide_synthase,0.2997648084107483
17,gc_match,within_family,olfactory_receptors,0.0387016308536297
17,gc_match,within_family,opsins,0.4981060892201518
17,gc_match,within_family,p2y_receptor,0.1966048823087407
17,gc_match,within_family,peroxidase,0.7428772022977777
17,gc_match,within_family,peroxiredoxin,0.5150680711788144
17,gc_match,within_family,phosphodiesterase,0.6689201340436839
17,gc_match,within_family,rab_gtpase,0.3861232242075541
17,gc_match,within_family,ras_gtpases,0.3114659438848369
17,gc_match,within_family,rho_gtpase,0.4040728717583704
17,gc_match,within_family,serine_protease,0.4138304578178595
17,gc_match,within_family,serotonin_receptor,0.3772089474749892
17,gc_match,within_family,steap_metalloreductase,0.3753328613793722
17,gc_match,within_family,sulfotransferase,0.4529183493436052
17,gc_match,within_family,taste2_receptor,-0.1524488083438321
17,gc_match,within_family,udp_glucuronosyltransferase,0.6587048869134431
17,dinuc_shuffle,within_family,adam_metallopeptidase,0.5542510353491835
17,dinuc_shuffle,within_family,adamts_metallopeptidase,0.657979614815607
17,dinuc_shuffle,within_family,adrenoceptor,0.3398982825959303
17,dinuc_shuffle,within_family,alcohol_dehydrogenase,0.7386068476977568
17,dinuc_shuffle,within_family,aldehyde_dehydrogenase,0.5753144716837759
17,dinuc_shuffle,within_family,aldo_keto_reductase,0.6198558291574344
17,dinuc_shuffle,within_family,alkaline_phosphatase,0.8814013643735005
17,dinuc_shuffle,within_family,arachidonate_lipoxygenase,0.6054184680375928
17,dinuc_shuffle,within_family,arf_gtpase,0.3452483708814142
17,dinuc_shuffle,within_family,carbonic_anhydrase,0.4302139619603286
17,dinuc_shuffle,within_family,cxc_chemokine_receptor,0.3564103873592512
17,dinuc_shuffle,within_family,cytochrome_p450,0.4906916417572916
17,dinuc_shuffle,within_family,dopamine_receptor,0.2403493791650701
17,dinuc_shuffle,within_family,ectonucleotide_pyrophosphatase,0.5317335142821907
17,dinuc_shuffle,within_family,ferritin,0.2292151427585047
17,dinuc_shuffle,within_family,flavin_monooxygenase,0.539024765284441
17,dinuc_shuffle,within_family,globins,0.3874728914859062
17,dinuc_shuffle,within_family,glutamate_metabotropic,0.4308198591672152
17,dinuc_shuffle,within_family,glutaredoxin,0.4776201813917501
17,dinuc_shuffle,within_family,glutathione_peroxidase,0.4012920888937077
17,dinuc_shuffle,within_family,glutathione_s_transferase,0.1717989427451321
17,dinuc_shuffle,within_family,guanylate_binding_protein,0.4190382081686429
17,dinuc_shuffle,within_family,heme_oxygenase,0.5887932821895087
17,dinuc_shuffle,within_family,histamine_receptor,0.4398429201305209
17,dinuc_shuffle,within_family,histone_deacetylase_classI,0.5173493517465799
17,dinuc_shuffle,within_family,histone_h4,0.2715400541487498
17,dinuc_shuffle,within_family,hox,0.2838746233076167
17,dinuc_shuffle,within_family,m14_carboxypeptidase,0.5503395117335348
17,dinuc_shuffle,within_family,matrix_metalloproteinase,0.4880412189685562
17,dinuc_shuffle,within_family,metallothionein,0.3416812186447646
17,dinuc_shuffle,within_family,muscarinic_receptor,0.2800231294454697
17,dinuc_shuffle,within_family,nadph_oxidase,0.7828702055941252
17,dinuc_shuffle,within_family,nitric_oxide_synthase,0.2930568649425871
17,dinuc_shuffle,within_family,olfactory_receptors,0.0567704673142142
17,dinuc_shuffle,within_family,opsins,0.4576394840220772
17,dinuc_shuffle,within_family,p2y_receptor,0.2668096919072059
17,dinuc_shuffle,within_family,peroxidase,0.7413422005496064
17,dinuc_shuffle,within_family,peroxiredoxin,0.4768212953921951
17,dinuc_shuffle,within_family,phosphodiesterase,0.6346956457811523
17,dinuc_shuffle,within_family,rab_gtpase,0.3961548382756015
17,dinuc_shuffle,within_family,ras_gtpases,0.2819080327458536
17,dinuc_shuffle,within_family,rho_gtpase,0.3693150487682485
17,dinuc_shuffle,within_family,serine_protease,0.3617000960384935
17,dinuc_shuffle,within_family,serotonin_receptor,0.3422480847604883
17,dinuc_shuffle,within_family,steap_metalloreductase,0.4626834122281424
17,dinuc_shuffle,within_family,sulfotransferase,0.4764771225098578
17,dinuc_shuffle,within_family,taste2_receptor,-0.0671493398273612
17,dinuc_shuffle,within_family,udp_glucuronosyltransferase,0.7012228858485543
17,kmer4_shuffle,within_family,adam_metallopeptidase,0.5652106637059723
17,kmer4_shuffle,within_family,adamts_metallopeptidase,0.6374737901686062
17,kmer4_shuffle,within_family,adrenoceptor,0.1996974930587804
17,kmer4_shuffle,within_family,alcohol_dehydrogenase,0.6477810959094381
17,kmer4_shuffle,within_family,aldehyde_dehydrogenase,0.6117995903120784
17,kmer4_shuffle,within_family,aldo_keto_reductase,0.5791243728334406
17,kmer4_shuffle,within_family,alkaline_phosphatase,0.8088469837695843
17,kmer4_shuffle,within_family,arachidonate_lipoxygenase,0.4638267975333446
17,kmer4_shuffle,within_family,arf_gtpase,0.3330420305583432
17,kmer4_shuffle,within_family,carbonic_anhydrase,0.4997360430790061
17,kmer4_shuffle,within_family,cxc_chemokine_receptor,0.1182152008468714
17,kmer4_shuffle,within_family,cytochrome_p450,0.5177620853785688
17,kmer4_shuffle,within_family,dopamine_receptor,0.3232097752289016
17,kmer4_shuffle,within_family,ectonucleotide_pyrophosphatase,0.5364813387874581
17,kmer4_shuffle,within_family,ferritin,0.508008959961994
17,kmer4_shuffle,within_family,flavin_monooxygenase,0.567923591168577
17,kmer4_shuffle,within_family,globins,0.5087093324507512
17,kmer4_shuffle,within_family,glutamate_metabotropic,0.456716974235153
17,kmer4_shuffle,within_family,glutaredoxin,0.4413447739136826
17,kmer4_shuffle,within_family,glutathione_peroxidase,0.1409741422192127
17,kmer4_shuffle,within_family,glutathione_s_transferase,0.2091101639791044
17,kmer4_shuffle,within_family,guanylate_binding_protein,0.3176548089591567
17,kmer4_shuffle,within_family,heme_oxygenase,0.5725274725274726
17,kmer4_shuffle,within_family,histamine_receptor,0.4227909367351664
17,kmer4_shuffle,within_family,histone_deacetylase_classI,0.4439025453380165
17,kmer4_shuffle,within_family,histone_h4,0.4387641344163084
17,kmer4_shuffle,within_family,hox,0.2665021614448768
17,kmer4_shuffle,within_family,m14_carboxypeptidase,0.5335635141608862
17,kmer4_shuffle,within_family,matrix_metalloproteinase,0.4835057243712411
17,kmer4_shuffle,within_family,metallothionein,0.0027047836966943
17,kmer4_shuffle,within_family,muscarinic_receptor,0.3476723081150809
17,kmer4_shuffle,within_family,nadph_oxidase,0.7598121202545242
17,kmer4_shuffle,within_family,nitric_oxide_synthase,0.3891505309758069
17,kmer4_shuffle,within_family,olfactory_receptors,0.0403066363503359
17,kmer4_shuffle,within_family,opsins,0.4157872699147835
17,kmer4_shuffle,within_family,p2y_receptor,0.1694313746105724
17,kmer4_shuffle,within_family,peroxidase,0.717275328716854
17,kmer4_shuffle,within_family,peroxiredoxin,0.3683609138270184
17,kmer4_shuffle,within_family,phosphodiesterase,0.6216632297771775
17,kmer4_shuffle,within_family,rab_gtpase,0.4454063022720343
17,kmer4_shuffle,within_family,ras_gtpases,0.2660764119917156
17,kmer4_shuffle,within_family,rho_gtpase,0.3463544660016702
17,kmer4_shuffle,within_family,serine_protease,0.3516208865518102
17,kmer4_shuffle,within_family,serotonin_receptor,0.3059956772298752
17,kmer4_shuffle,within_family,steap_metalloreductase,0.2949922131538818
17,kmer4_shuffle,within_family,sulfotransferase,0.5276874072507284
17,kmer4_shuffle,within_family,taste2_receptor,0.0766908473483103
17,kmer4_shuffle,within_family,udp_glucuronosyltransferase,0.6064014862143204
17,kmer6_shuffle,within_family,adam_metallopeptidase,0.6162806579331389
17,kmer6_shuffle,within_family,adamts_metallopeptidase,0.6506201765687316
17,kmer6_shuffle,within_family,adrenoceptor,0.2234846816199309
17,kmer6_shuffle,within_family,alcohol_dehydrogenase,0.7266546287936662
17,kmer6_shuffle,within_family,aldehyde_dehydrogenase,0.5784077822419732
17,kmer6_shuffle,within_family,aldo_keto_reductase,0.5862955324548875
17,kmer6_shuffle,within_family,alkaline_phosphatase,0.8301133850669453
17,kmer6_shuffle,within_family,arachidonate_lipoxygenase,0.5138703480980762
17,kmer6_shuffle,within_family,arf_gtpase,0.358873892964853
17,kmer6_shuffle,within_family,carbonic_anhydrase,0.3625100966545344
17,kmer6_shuffle,within_family,cxc_chemokine_receptor,0.2486570442800767
17,kmer6_shuffle,within_family,cytochrome_p450,0.4652004792523885
17,kmer6_shuffle,within_family,dopamine_receptor,0.2564063895289908
17,kmer6_shuffle,within_family,ectonucleotide_pyrophosphatase,0.5140848693069467
17,kmer6_shuffle,within_family,ferritin,0.346896372634573
17,kmer6_shuffle,within_family,flavin_monooxygenase,0.5061754793706152
17,kmer6_shuffle,within_family,globins,0.4790752481751653
17,kmer6_shuffle,within_family,glutamate_metabotropic,0.4250573121922618
17,kmer6_shuffle,within_family,glutaredoxin,0.5674097896221386
17,kmer6_shuffle,within_family,glutathione_peroxidase,0.3265637152413944
17,kmer6_shuffle,within_family,glutathione_s_transferase,0.2763458386703883
17,kmer6_shuffle,within_family,guanylate_binding_protein,0.2625823451910408
17,kmer6_shuffle,within_family,heme_oxygenase,0.6700704955421936
17,kmer6_shuffle,within_family,histamine_receptor,0.4875286389186043
17,kmer6_shuffle,within_family,histone_deacetylase_classI,0.5054785308625493
17,kmer6_shuffle,within_family,histone_h4,0.4482560917343526
17,kmer6_shuffle,within_family,hox,0.2905054736989998
17,kmer6_shuffle,within_family,m14_carboxypeptidase,0.5319501258497245
17,kmer6_shuffle,within_family,matrix_metalloproteinase,0.4970923125749651
17,kmer6_shuffle,within_family,metallothionein,0.0664489606870298
17,kmer6_shuffle,within_family,muscarinic_receptor,0.2584680989322222
17,kmer6_shuffle,within_family,nadph_oxidase,0.7390887083627514
17,kmer6_shuffle,within_family,nitric_oxide_synthase,0.5822253691539094
17,kmer6_shuffle,within_family,olfactory_receptors,0.0861601935114671
17,kmer6_shuffle,within_family,opsins,0.4571716290509767
17,kmer6_shuffle,within_family,p2y_receptor,0.2209027993701393
17,kmer6_shuffle,within_family,peroxidase,0.7276567697813674
17,kmer6_shuffle,within_family,peroxiredoxin,0.4987624991384396
17,kmer6_shuffle,within_family,phosphodiesterase,0.6485913796296224
17,kmer6_shuffle,within_family,rab_gtpase,0.4490576037783242
17,kmer6_shuffle,within_family,ras_gtpases,0.3581503632465441
17,kmer6_shuffle,within_family,rho_gtpase,0.4033339206694215
17,kmer6_shuffle,within_family,serine_protease,0.3630781073778578
17,kmer6_shuffle,within_family,serotonin_receptor,0.2800293440251135
17,kmer6_shuffle,within_family,steap_metalloreductase,0.2214897681167197
17,kmer6_shuffle,within_family,sulfotransferase,0.4626952492924071
17,kmer6_shuffle,within_family,taste2_receptor,0.0407521627448576
17,kmer6_shuffle,within_family,udp_glucuronosyltransferase,0.5645926414642992
17,synonymous_recode,within_family,adam_metallopeptidase,0.7825018628956046
17,synonymous_recode,within_family,adamts_metallopeptidase,0.8210633679829269
17,synonymous_recode,within_family,adrenoceptor,0.4538029371827098
17,synonymous_recode,within_family,alcohol_dehydrogenase,0.665900409750677
17,synonymous_recode,within_family,aldehyde_dehydrogenase,0.7544603260077974
17,synonymous_recode,within_family,aldo_keto_reductase,0.6963405924243413
17,synonymous_recode,within_family,alkaline_phosphatase,0.947907871282484
17,synonymous_recode,within_family,arachidonate_lipoxygenase,0.6609226099532531
17,synonymous_recode,within_family,arf_gtpase,0.7032089988076613
17,synonymous_recode,within_family,carbonic_anhydrase,0.5913040211327832
17,synonymous_recode,within_family,cxc_chemokine_receptor,0.5753827203242223
17,synonymous_recode,within_family,cytochrome_p450,0.7327172661794654
17,synonymous_recode,within_family,dopamine_receptor,0.5188425933831249
17,synonymous_recode,within_family,ectonucleotide_pyrophosphatase,0.7895228527232682
17,synonymous_recode,within_family,ferritin,0.4858176544063546
17,synonymous_recode,within_family,flavin_monooxygenase,0.7047255528296417
17,synonymous_recode,within_family,globins,0.5878603961877359
17,synonymous_recode,within_family,glutamate_metabotropic,0.8191285279375006
17,synonymous_recode,within_family,glutaredoxin,0.7382170573212447
17,synonymous_recode,within_family,glutathione_peroxidase,0.6462161246463957
17,synonymous_recode,within_family,glutathione_s_transferase,0.5156903700004547
17,synonymous_recode,within_family,guanylate_binding_protein,0.7233860342555993
17,synonymous_recode,within_family,heme_oxygenase,0.6965063238648145
17,synonymous_recode,within_family,histamine_receptor,0.7506978474952224
17,synonymous_recode,within_family,histone_deacetylase_classI,0.8406778422428322
17,synonymous_recode,within_family,histone_h4,0.0448160535117056
17,synonymous_recode,within_family,hox,0.5273441596985318
17,synonymous_recode,within_family,m14_carboxypeptidase,0.7636152378362399
17,synonymous_recode,within_family,matrix_metalloproteinase,0.7690839456438168
17,synonymous_recode,within_family,metallothionein,0.2546886310888036
17,synonymous_recode,within_family,muscarinic_receptor,0.2740695127098671
17,synonymous_recode,within_family,nadph_oxidase,0.8221130994179512
17,synonymous_recode,within_family,nitric_oxide_synthase,0.6162026811795386
17,synonymous_recode,within_family,olfactory_receptors,0.3616131174233126
17,synonymous_recode,within_family,opsins,0.6530503392387171
17,synonymous_recode,within_family,p2y_receptor,0.5837024650761223
17,synonymous_recode,within_family,peroxidase,0.8158504894885665
17,synonymous_recode,within_family,peroxiredoxin,0.8165481436597982
17,synonymous_recode,within_family,phosphodiesterase,0.823580480825018
17,synonymous_recode,within_family,rab_gtpase,0.7605136270710346
17,synonymous_recode,within_family,ras_gtpases,0.652099573807687
17,synonymous_recode,within_family,rho_gtpase,0.6644653379099738
17,synonymous_recode,within_family,serine_protease,0.7120659115346379
17,synonymous_recode,within_family,serotonin_receptor,0.554074012779053
17,synonymous_recode,within_family,steap_metalloreductase,0.6499939073026076
17,synonymous_recode,within_family,sulfotransferase,0.7805415667024145
17,synonymous_recode,within_family,taste2_receptor,0.4977677834329572
17,synonymous_recode,within_family,udp_glucuronosyltransferase,0.8551409820126397
17,missense_subset,within_family,adam_metallopeptidase,0.6951469294561461
17,missense_subset,within_family,adamts_metallopeptidase,0.6791057926741776
17,missense_subset,within_family,adrenoceptor,0.5630409004653988
17,missense_subset,within_family,alcohol_dehydrogenase,0.7618306826862975
17,missense_subset,within_family,aldehyde_dehydrogenase,0.6806369435683128
17,missense_subset,within_family,aldo_keto_reductase,0.6229654294448681
17,missense_subset,within_family,alkaline_phosphatase,0.7559272512832883
17,missense_subset,within_family,arachidonate_lipoxygenase,0.7318598130897941
17,missense_subset,within_family,arf_gtpase,0.5687528613063216
17,missense_subset,within_family,carbonic_anhydrase,0.5636716491842859
17,missense_subset,within_family,cxc_chemokine_receptor,0.4466067229793154
17,missense_subset,within_family,cytochrome_p450,0.6502657208003332
17,missense_subset,within_family,dopamine_receptor,0.4427458515824928
17,missense_subset,within_family,ectonucleotide_pyrophosphatase,0.669822870790422
17,missense_subset,within_family,ferritin,0.5832931232140718
17,missense_subset,within_family,flavin_monooxygenase,0.7008545767647197
17,missense_subset,within_family,globins,0.5976548731531725
17,missense_subset,within_family,glutamate_metabotropic,0.7320032867048213
17,missense_subset,within_family,glutaredoxin,0.7952202851983926
17,missense_subset,within_family,glutathione_peroxidase,0.3672069792666059
17,missense_subset,within_family,glutathione_s_transferase,0.5065788125181204
17,missense_subset,within_family,guanylate_binding_protein,0.4079710144927536
17,missense_subset,within_family,heme_oxygenase,0.5234708687538876
17,missense_subset,within_family,histamine_receptor,0.7268856069596871
17,missense_subset,within_family,histone_deacetylase_classI,0.8742589878364677
17,missense_subset,within_family,histone_h4,0.3115464245899028
17,missense_subset,within_family,hox,0.4802813630818336
17,missense_subset,within_family,m14_carboxypeptidase,0.664274205678421
17,missense_subset,within_family,matrix_metalloproteinase,0.503726440820727
17,missense_subset,within_family,metallothionein,0.1875331127798815
17,missense_subset,within_family,muscarinic_receptor,0.4705929495208368
17,missense_subset,within_family,nadph_oxidase,0.8058366008760047
17,missense_subset,within_family,nitric_oxide_synthase,0.6969430085318221
17,missense_subset,within_family,olfactory_receptors,0.3443436925808859
17,missense_subset,within_family,opsins,0.7542560007826346
17,missense_subset,within_family,p2y_receptor,0.4002749006439635
17,missense_subset,within_family,peroxidase,0.7808258475902475
17,missense_subset,within_family,peroxiredoxin,0.7360851947477917
17,missense_subset,within_family,phosphodiesterase,0.7631814178289651
17,missense_subset,within_family,rab_gtpase,0.6223726008971802
17,missense_subset,within_family,ras_gtpases,0.4419309190476385
17,missense_subset,within_family,rho_gtpase,0.5434317454295523
17,missense_subset,within_family,serine_protease,0.5480356154356477
17,missense_subset,within_family,serotonin_receptor,0.4020696520029034
17,missense_subset,within_family,steap_metalloreductase,0.7100620383022939
17,missense_subset,within_family,sulfotransferase,0.6645266744159679
17,missense_subset,within_family,taste2_receptor,0.1757747813798464
17,missense_subset,within_family,udp_glucuronosyltransferase,0.84816653934301
17,paired_p3_syn,within_family,adam_metallopeptidase,0.8683668232798691
17,paired_p3_syn,within_family,adamts_metallopeptidase,0.8960485858085657
17,paired_p3_syn,within_family,adrenoceptor,0.4801923686802842
17,paired_p3_syn,within_family,alcohol_dehydrogenase,0.703944718383221
17,paired_p3_syn,within_family,aldehyde_dehydrogenase,0.801751652429077
17,paired_p3_syn,within_family,aldo_keto_reductase,0.7347839890833627
17,paired_p3_syn,within_family,alkaline_phosphatase,0.9019708361813624
17,paired_p3_syn,within_family,arachidonate_lipoxygenase,0.763395065836811
17,paired_p3_syn,within_family,arf_gtpase,0.815910900036251
17,paired_p3_syn,within_family,carbonic_anhydrase,0.6453936223987469
17,paired_p3_syn,within_family,cxc_chemokine_receptor,0.7141419148576609
17,paired_p3_syn,within_family,cytochrome_p450,0.7663685198953011
17,paired_p3_syn,within_family,dopamine_receptor,0.5977264197218128
17,paired_p3_syn,within_family,ectonucleotide_pyrophosphatase,0.8267007612083533
17,paired_p3_syn,within_family,ferritin,0.6268841133291261
17,paired_p3_syn,within_family,flavin_monooxygenase,0.7904781836315788
17,paired_p3_syn,within_family,globins,0.6738565489366102
17,paired_p3_syn,within_family,glutamate_metabotropic,0.7348935894681299
17,paired_p3_syn,within_family,glutaredoxin,0.8729913041389012
17,paired_p3_syn,within_family,glutathione_peroxidase,0.6903505574266598
17,paired_p3_syn,within_family,glutathione_s_transferase,0.6212281989677759
17,paired_p3_syn,within_family,guanylate_binding_protein,0.6996706192358366
17,paired_p3_syn,within_family,heme_oxygenase,0.8795666597553391
17,paired_p3_syn,within_family,histamine_receptor,0.8406876721707268
17,paired_p3_syn,within_family,histone_deacetylase_classI,0.9150928143394902
17,paired_p3_syn,within_family,histone_h4,0.4935499283325371
17,paired_p3_syn,within_family,hox,0.728365063310828
17,paired_p3_syn,within_family,m14_carboxypeptidase,0.8002606761986387
17,paired_p3_syn,within_family,matrix_metalloproteinase,0.8259692001374093
17,paired_p3_syn,within_family,metallothionein,0.5711963128604762
17,paired_p3_syn,within_family,muscarinic_receptor,0.6192157191209391
17,paired_p3_syn,within_family,nadph_oxidase,0.79728808736304
17,paired_p3_syn,within_family,nitric_oxide_synthase,0.7169826360418231
17,paired_p3_syn,within_family,olfactory_receptors,0.6388646981245243
17,paired_p3_syn,within_family,opsins,0.7475650403603127
17,paired_p3_syn,within_family,p2y_receptor,0.6291628670873308
17,paired_p3_syn,within_family,peroxidase,0.8038800599458465
17,paired_p3_syn,within_family,peroxiredoxin,0.8620954079053178
17,paired_p3_syn,within_family,phosphodiesterase,0.8545298058559908
17,paired_p3_syn,within_family,rab_gtpase,0.8375081620429508
17,paired_p3_syn,within_family,ras_gtpases,0.7498222147184205
17,paired_p3_syn,within_family,rho_gtpase,0.7114509602944493
17,paired_p3_syn,within_family,serine_protease,0.7045479803590247
17,paired_p3_syn,within_family,serotonin_receptor,0.7402809410246796
17,paired_p3_syn,within_family,steap_metalloreductase,0.7279718693578626
17,paired_p3_syn,within_family,sulfotransferase,0.7905961610532719
17,paired_p3_syn,within_family,taste2_receptor,0.6116463739888616
17,paired_p3_syn,within_family,udp_glucuronosyltransferase,0.8825636039539783
17,paired_p3_missense,within_family,adam_metallopeptidase,0.7844850900150329
17,paired_p3_missense,within_family,adamts_metallopeptidase,0.7336837626772719
17,paired_p3_missense,within_family,adrenoceptor,0.560856549205482
17,paired_p3_missense,within_family,alcohol_dehydrogenase,0.7082297381762622
17,paired_p3_missense,within_family,aldehyde_dehydrogenase,0.6884073498260047
17,paired_p3_missense,within_family,aldo_keto_reductase,0.6384177179145502
17,paired_p3_missense,within_family,alkaline_phosphatase,0.8895065203114739
17,paired_p3_missense,within_family,arachidonate_lipoxygenase,0.6596061925451817
17,paired_p3_missense,within_family,arf_gtpase,0.7751949732036707
17,paired_p3_missense,within_family,carbonic_anhydrase,0.4516927910568276
17,paired_p3_missense,within_family,cxc_chemokine_receptor,0.7188507037987529
17,paired_p3_missense,within_family,cytochrome_p450,0.7232479080334017
17,paired_p3_missense,within_family,dopamine_receptor,0.6441782182362444
17,paired_p3_missense,within_family,ectonucleotide_pyrophosphatase,0.6498984581722083
17,paired_p3_missense,within_family,ferritin,0.6897459666583126
17,paired_p3_missense,within_family,flavin_monooxygenase,0.7631526656042267
17,paired_p3_missense,within_family,globins,0.7117201194766826
17,paired_p3_missense,within_family,glutamate_metabotropic,0.661899464313165
17,paired_p3_missense,within_family,glutaredoxin,0.8449309326748907
17,paired_p3_missense,within_family,glutathione_peroxidase,0.5536958037796919
17,paired_p3_missense,within_family,glutathione_s_transferase,0.5859315042888206
17,paired_p3_missense,within_family,guanylate_binding_protein,0.3364953886693017
17,paired_p3_missense,within_family,heme_oxygenase,0.8260626166286543
17,paired_p3_missense,within_family,histamine_receptor,0.7536845319638747
17,paired_p3_missense,within_family,histone_deacetylase_classI,0.8009741294737288
17,paired_p3_missense,within_family,histone_h4,0.4988851727982162
17,paired_p3_missense,within_family,hox,0.6793224724807457
17,paired_p3_missense,within_family,m14_carboxypeptidase,0.723533911100668
17,paired_p3_missense,within_family,matrix_metalloproteinase,0.7409000140133651
17,paired_p3_missense,within_family,metallothionein,0.3199951869607455
17,paired_p3_missense,within_family,muscarinic_receptor,0.4377091845774502
17,paired_p3_missense,within_family,nadph_oxidase,0.7989447259199817
17,paired_p3_missense,within_family,nitric_oxide_synthase,0.5694814398856646
17,paired_p3_missense,within_family,olfactory_receptors,0.5292317851253542
17,paired_p3_missense,within_family,opsins,0.7664459435410692
17,paired_p3_missense,within_family,p2y_receptor,0.5784413720556957
17,paired_p3_missense,within_family,peroxidase,0.7907017820548333
17,paired_p3_missense,within_family,peroxiredoxin,0.7326928699246721
17,paired_p3_missense,within_family,phosphodiesterase,0.8018157920926444
17,paired_p3_missense,within_family,rab_gtpase,0.7473294338414851
17,paired_p3_missense,within_family,ras_gtpases,0.6528040908328354
17,paired_p3_missense,within_family,rho_gtpase,0.7103868940282904
17,paired_p3_missense,within_family,serine_protease,0.5716032347308918
17,paired_p3_missense,within_family,serotonin_receptor,0.5434422169786464
17,paired_p3_missense,within_family,steap_metalloreductase,0.6680571969724639
17,paired_p3_missense,within_family,sulfotransferase,0.720136764041281
17,paired_p3_missense,within_family,taste2_receptor,0.2117726483548732
17,paired_p3_missense,within_family,udp_glucuronosyltransferase,0.8738401972359192
18,natural,within_family,adam_metallopeptidase,1.0
18,natural,within_family,adamts_metallopeptidase,1.0
18,natural,within_family,adrenoceptor,1.0
18,natural,within_family,alcohol_dehydrogenase,1.0
18,natural,within_family,aldehyde_dehydrogenase,1.0
18,natural,within_family,aldo_keto_reductase,1.0
18,natural,within_family,alkaline_phosphatase,1.0
18,natural,within_family,arachidonate_lipoxygenase,1.0
18,natural,within_family,arf_gtpase,1.0
18,natural,within_family,carbonic_anhydrase,1.0
18,natural,within_family,cxc_chemokine_receptor,1.0
18,natural,within_family,cytochrome_p450,1.0
18,natural,within_family,dopamine_receptor,1.0
18,natural,within_family,ectonucleotide_pyrophosphatase,1.0
18,natural,within_family,ferritin,1.0
18,natural,within_family,flavin_monooxygenase,1.0
18,natural,within_family,globins,1.0
18,natural,within_family,glutamate_metabotropic,1.0
18,natural,within_family,glutaredoxin,1.0
18,natural,within_family,glutathione_peroxidase,1.0
18,natural,within_family,glutathione_s_transferase,1.0
18,natural,within_family,guanylate_binding_protein,1.0
18,natural,within_family,heme_oxygenase,1.0
18,natural,within_family,histamine_receptor,1.0
18,natural,within_family,histone_deacetylase_classI,1.0
18,natural,within_family,histone_h4,1.0
18,natural,within_family,hox,1.0
18,natural,within_family,m14_carboxypeptidase,1.0
18,natural,within_family,matrix_metalloproteinase,1.0
18,natural,within_family,metallothionein,1.0
18,natural,within_family,muscarinic_receptor,1.0
18,natural,within_family,nadph_oxidase,1.0
18,natural,within_family,nitric_oxide_synthase,1.0
18,natural,within_family,olfactory_receptors,1.0
18,natural,within_family,opsins,1.0
18,natural,within_family,p2y_receptor,1.0
18,natural,within_family,peroxidase,1.0
18,natural,within_family,peroxiredoxin,1.0
18,natural,within_family,phosphodiesterase,1.0
18,natural,within_family,rab_gtpase,1.0
18,natural,within_family,ras_gtpases,1.0
18,natural,within_family,rho_gtpase,1.0
18,natural,within_family,serine_protease,1.0
18,natural,within_family,serotonin_receptor,1.0
18,natural,within_family,steap_metalloreductase,1.0
18,natural,within_family,sulfotransferase,1.0
18,natural,within_family,taste2_receptor,1.0
18,natural,within_family,udp_glucuronosyltransferase,1.0
18,gc_match,within_family,adam_metallopeptidase,0.594557690077107
18,gc_match,within_family,adamts_metallopeptidase,0.6519240475106683
18,gc_match,within_family,adrenoceptor,0.2766164602264811
18,gc_match,within_family,alcohol_dehydrogenase,0.7911452184179456
18,gc_match,within_family,aldehyde_dehydrogenase,0.5666185531743464
18,gc_match,within_family,aldo_keto_reductase,0.5687865776664511
18,gc_match,within_family,alkaline_phosphatase,0.7966808733062601
18,gc_match,within_family,arachidonate_lipoxygenase,0.5225631342501189
18,gc_match,within_family,arf_gtpase,0.3300960838309595
18,gc_match,within_family,carbonic_anhydrase,0.459521643295523
18,gc_match,within_family,cxc_chemokine_receptor,0.4344416957119124
18,gc_match,within_family,cytochrome_p450,0.5010683463923814
18,gc_match,within_family,dopamine_receptor,0.2726845296062718
18,gc_match,within_family,ectonucleotide_pyrophosphatase,0.5874320935908788
18,gc_match,within_family,ferritin,0.3821698568036629
18,gc_match,within_family,flavin_monooxygenase,0.5630998324760775
18,gc_match,within_family,globins,0.3964650298747915
18,gc_match,within_family,glutamate_metabotropic,0.4441062232036351
18,gc_match,within_family,glutaredoxin,0.3440650957969511
18,gc_match,within_family,glutathione_peroxidase,0.3126666313028675
18,gc_match,within_family,glutathione_s_transferase,0.2859454780629525
18,gc_match,within_family,guanylate_binding_protein,0.2567193675889328
18,gc_match,within_family,heme_oxygenase,0.7829462989840349
18,gc_match,within_family,histamine_receptor,0.4893518646543522
18,gc_match,within_family,histone_deacetylase_classI,0.4971959385819114
18,gc_match,within_family,histone_h4,0.3253225035833731
18,gc_match,within_family,hox,0.289858586482337
18,gc_match,within_family,m14_carboxypeptidase,0.5660457267475972
18,gc_match,within_family,matrix_metalloproteinase,0.4968299450997574
18,gc_match,within_family,metallothionein,0.0620730787408891
18,gc_match,within_family,muscarinic_receptor,0.1996184813049686
18,gc_match,within_family,nadph_oxidase,0.7352457544387564
18,gc_match,within_family,nitric_oxide_synthase,0.2990858154717121
18,gc_match,within_family,olfactory_receptors,0.0340045431244667
18,gc_match,within_family,opsins,0.4922720921339927
18,gc_match,within_family,p2y_receptor,0.1955655903213833
18,gc_match,within_family,peroxidase,0.7345120210577448
18,gc_match,within_family,peroxiredoxin,0.4987531932350329
18,gc_match,within_family,phosphodiesterase,0.6690185389654352
18,gc_match,within_family,rab_gtpase,0.3828453295779333
18,gc_match,within_family,ras_gtpases,0.3073096161060691
18,gc_match,within_family,rho_gtpase,0.3970249241653684
18,gc_match,within_family,serine_protease,0.4095173746817589
18,gc_match,within_family,serotonin_receptor,0.3762063451041353
18,gc_match,within_family,steap_metalloreductase,0.3913962230369772
18,gc_match,within_family,sulfotransferase,0.4536427234785311
18,gc_match,within_family,taste2_receptor,-0.1505514592108871
18,gc_match,within_family,udp_glucuronosyltransferase,0.651595404001821
18,dinuc_shuffle,within_family,adam_metallopeptidase,0.5527137883003244
18,dinuc_shuffle,within_family,adamts_metallopeptidase,0.6583335541417992
18,dinuc_shuffle,within_family,adrenoceptor,0.3381052982316874
18,dinuc_shuffle,within_family,alcohol_dehydrogenase,0.735974720466699
18,dinuc_shuffle,within_family,aldehyde_dehydrogenase,0.5797796862150298
18,dinuc_shuffle,within_family,aldo_keto_reductase,0.6177240334380414
18,dinuc_shuffle,within_family,alkaline_phosphatase,0.8843633147038719
18,dinuc_shuffle,within_family,arachidonate_lipoxygenase,0.5990485730969165
18,dinuc_shuffle,within_family,arf_gtpase,0.3438926707416711
18,dinuc_shuffle,within_family,carbonic_anhydrase,0.4317982771285839
18,dinuc_shuffle,within_family,cxc_chemokine_receptor,0.3476309920117229
18,dinuc_shuffle,within_family,cytochrome_p450,0.4887136854794255
18,dinuc_shuffle,within_family,dopamine_receptor,0.2407196788386868
18,dinuc_shuffle,within_family,ectonucleotide_pyrophosphatase,0.5366726774446937
18,dinuc_shuffle,within_family,ferritin,0.2416063514877744
18,dinuc_shuffle,within_family,flavin_monooxygenase,0.5502320039940249
18,dinuc_shuffle,within_family,globins,0.3776503392018828
18,dinuc_shuffle,within_family,glutamate_metabotropic,0.4310148888271398
18,dinuc_shuffle,within_family,glutaredoxin,0.4685831112887617
18,dinuc_shuffle,within_family,glutathione_peroxidase,0.411011125690719
18,dinuc_shuffle,within_family,glutathione_s_transferase,0.1687604622207694
18,dinuc_shuffle,within_family,guanylate_binding_protein,0.3976284584980237
18,dinuc_shuffle,within_family,heme_oxygenase,0.5823761144515862
18,dinuc_shuffle,within_family,histamine_receptor,0.4371068971538598
18,dinuc_shuffle,within_family,histone_deacetylase_classI,0.5163765080623369
18,dinuc_shuffle,within_family,histone_h4,0.267797419971333
18,dinuc_shuffle,within_family,hox,0.2885790280764881
18,dinuc_shuffle,within_family,m14_carboxypeptidase,0.5451339886922486
18,dinuc_shuffle,within_family,matrix_metalloproteinase,0.4797987547627195
18,dinuc_shuffle,within_family,metallothionein,0.3300878294729943
18,dinuc_shuffle,within_family,muscarinic_receptor,0.2772629597236509
18,dinuc_shuffle,within_family,nadph_oxidase,0.7824371588323658
18,dinuc_shuffle,within_family,nitric_oxide_synthase,0.3013868157484088
18,dinuc_shuffle,within_family,olfactory_receptors,0.0575286844312597
18,dinuc_shuffle,within_family,opsins,0.4534633453312697
18,dinuc_shuffle,within_family,p2y_receptor,0.2624699732232231
18,dinuc_shuffle,within_family,peroxidase,0.7377949016560599
18,dinuc_shuffle,within_family,peroxiredoxin,0.4657164961187945
18,dinuc_shuffle,within_family,phosphodiesterase,0.6300649486263598
18,dinuc_shuffle,within_family,rab_gtpase,0.3914839101409484
18,dinuc_shuffle,within_family,ras_gtpases,0.2803207468415551
18,dinuc_shuffle,within_family,rho_gtpase,0.3615450136925262
18,dinuc_shuffle,within_family,serine_protease,0.3651320031445451
18,dinuc_shuffle,within_family,serotonin_receptor,0.3393129068185382
18,dinuc_shuffle,within_family,steap_metalloreductase,0.4743147656382827
18,dinuc_shuffle,within_family,sulfotransferase,0.4815818449950032
18,dinuc_shuffle,within_family,taste2_receptor,-0.0725858624333099
18,dinuc_shuffle,within_family,udp_glucuronosyltransferase,0.7180961640854688
18,kmer4_shuffle,within_family,adam_metallopeptidase,0.5677517081805801
18,kmer4_shuffle,within_family,adamts_metallopeptidase,0.6370804056043369
18,kmer4_shuffle,within_family,adrenoceptor,0.1990138592352373
18,kmer4_shuffle,within_family,alcohol_dehydrogenase,0.6391416070560455
18,kmer4_shuffle,within_family,aldehyde_dehydrogenase,0.6106802093052122
18,kmer4_shuffle,within_family,aldo_keto_reductase,0.5812443004812544
18,kmer4_shuffle,within_family,alkaline_phosphatase,0.8099091311165614
18,kmer4_shuffle,within_family,arachidonate_lipoxygenase,0.460381476921828
18,kmer4_shuffle,within_family,arf_gtpase,0.3282161080430175
18,kmer4_shuffle,within_family,carbonic_anhydrase,0.493357726846261
18,kmer4_shuffle,within_family,cxc_chemokine_receptor,0.1117068742236561
18,kmer4_shuffle,within_family,cytochrome_p450,0.5155276449921672
18,kmer4_shuffle,within_family,dopamine_receptor,0.3118976134727665
18,kmer4_shuffle,within_family,ectonucleotide_pyrophosphatase,0.5503165993243349
18,kmer4_shuffle,within_family,ferritin,0.4880634323438322
18,kmer4_shuffle,within_family,flavin_monooxygenase,0.5779317470553247
18,kmer4_shuffle,within_family,globins,0.5169796079363868
18,kmer4_shuffle,within_family,glutamate_metabotropic,0.4652933362181025
18,kmer4_shuffle,within_family,glutaredoxin,0.4642822930933787
18,kmer4_shuffle,within_family,glutathione_peroxidase,0.1443837507010148
18,kmer4_shuffle,within_family,glutathione_s_transferase,0.1940193179882209
18,kmer4_shuffle,within_family,guanylate_binding_protein,0.2998023715415019
18,kmer4_shuffle,within_family,heme_oxygenase,0.5868235538046859
18,kmer4_shuffle,within_family,histamine_receptor,0.4206634050995537
18,kmer4_shuffle,within_family,histone_deacetylase_classI,0.4430210124402801
18,kmer4_shuffle,within_family,histone_h4,0.4203057811753464
18,kmer4_shuffle,within_family,hox,0.2661138817448409
18,kmer4_shuffle,within_family,m14_carboxypeptidase,0.53056807297732
18,kmer4_shuffle,within_family,matrix_metalloproteinase,0.4768947296594251
18,kmer4_shuffle,within_family,metallothionein,0.0082625222766759
18,kmer4_shuffle,within_family,muscarinic_receptor,0.3481676227436064
18,kmer4_shuffle,within_family,nadph_oxidase,0.7686132919296784
18,kmer4_shuffle,within_family,nitric_oxide_synthase,0.3792907651006267
18,kmer4_shuffle,within_family,olfactory_receptors,0.0401157028425036
18,kmer4_shuffle,within_family,opsins,0.4097024330301018
18,kmer4_shuffle,within_family,p2y_receptor,0.1808469349645294
18,kmer4_shuffle,within_family,peroxidase,0.7113972690957235
18,kmer4_shuffle,within_family,peroxiredoxin,0.3532823128893398
18,kmer4_shuffle,within_family,phosphodiesterase,0.6195533670895036
18,kmer4_shuffle,within_family,rab_gtpase,0.4447003419123593
18,kmer4_shuffle,within_family,ras_gtpases,0.2661992935253775
18,kmer4_shuffle,within_family,rho_gtpase,0.3416229938585574
18,kmer4_shuffle,within_family,serine_protease,0.3486594408663976
18,kmer4_shuffle,within_family,serotonin_receptor,0.3066463050656742
18,kmer4_shuffle,within_family,steap_metalloreductase,0.2918029533255769
18,kmer4_shuffle,within_family,sulfotransferase,0.538570205319071
18,kmer4_shuffle,within_family,taste2_receptor,0.0671041973227267
18,kmer4_shuffle,within_family,udp_glucuronosyltransferase,0.615298901929918
18,kmer6_shuffle,within_family,adam_metallopeptidase,0.6144562866064339
18,kmer6_shuffle,within_family,adamts_metallopeptidase,0.6514034461524508
18,kmer6_shuffle,within_family,adrenoceptor,0.2164858041581475
18,kmer6_shuffle,within_family,alcohol_dehydrogenase,0.7243419681922354
18,kmer6_shuffle,within_family,aldehyde_dehydrogenase,0.5811438279488961
18,kmer6_shuffle,within_family,aldo_keto_reductase,0.5909806449865034
18,kmer6_shuffle,within_family,alkaline_phosphatase,0.8249467251015239
18,kmer6_shuffle,within_family,arachidonate_lipoxygenase,0.5082863128714329
18,kmer6_shuffle,within_family,arf_gtpase,0.3541762463451472
18,kmer6_shuffle,within_family,carbonic_anhydrase,0.3573264322094426
18,kmer6_shuffle,within_family,cxc_chemokine_receptor,0.2382510592217281
18,kmer6_shuffle,within_family,cytochrome_p450,0.4656568934580247
18,kmer6_shuffle,within_family,dopamine_receptor,0.2543570967825314
18,kmer6_shuffle,within_family,ectonucleotide_pyrophosphatase,0.5193888040676057
18,kmer6_shuffle,within_family,ferritin,0.3583764874976221
18,kmer6_shuffle,within_family,flavin_monooxygenase,0.5094151272129561
18,kmer6_shuffle,within_family,globins,0.4721783673720214
18,kmer6_shuffle,within_family,glutamate_metabotropic,0.424550106996466
18,kmer6_shuffle,within_family,glutaredoxin,0.5750091376015318
18,kmer6_shuffle,within_family,glutathione_peroxidase,0.335557608468043
18,kmer6_shuffle,within_family,glutathione_s_transferase,0.2835202163608185
18,kmer6_shuffle,within_family,guanylate_binding_protein,0.2440711462450593
18,kmer6_shuffle,within_family,heme_oxygenase,0.6702260004146797
18,kmer6_shuffle,within_family,histamine_receptor,0.4914828368578278
18,kmer6_shuffle,within_family,histone_deacetylase_classI,0.5034808319815631
18,kmer6_shuffle,within_family,histone_h4,0.4682752030578117
18,kmer6_shuffle,within_family,hox,0.2903252485271345
18,kmer6_shuffle,within_family,m14_carboxypeptidase,0.5275447864115131
18,kmer6_shuffle,within_family,matrix_metalloproteinase,0.4889663744806167
18,kmer6_shuffle,within_family,metallothionein,0.0726048765997459
18,kmer6_shuffle,within_family,muscarinic_receptor,0.256534748252962
18,kmer6_shuffle,within_family,nadph_oxidase,0.7445299971728577
18,kmer6_shuffle,within_family,nitric_oxide_synthase,0.5982926809400384
18,kmer6_shuffle,within_family,olfactory_receptors,0.0880278302222934
18,kmer6_shuffle,within_family,opsins,0.450590129021349
18,kmer6_shuffle,within_family,p2y_receptor,0.2187162996883664
18,kmer6_shuffle,within_family,peroxidase,0.7285824921253646
18,kmer6_shuffle,within_family,peroxiredoxin,0.4978315257498533
18,kmer6_shuffle,within_family,phosphodiesterase,0.6471510975603046
18,kmer6_shuffle,within_family,rab_gtpase,0.4449661710761812
18,kmer6_shuffle,within_family,ras_gtpases,0.3587121595189991
18,kmer6_shuffle,within_family,rho_gtpase,0.3972695838305144
18,kmer6_shuffle,within_family,serine_protease,0.3618550378200713
18,kmer6_shuffle,within_family,serotonin_receptor,0.2739013826921435
18,kmer6_shuffle,within_family,steap_metalloreductase,0.223924380780877
18,kmer6_shuffle,within_family,sulfotransferase,0.4718131290943625
18,kmer6_shuffle,within_family,taste2_receptor,0.0432389373196134
18,kmer6_shuffle,within_family,udp_glucuronosyltransferase,0.5670368698443565
18,synonymous_recode,within_family,adam_metallopeptidase,0.7824786771512067
18,synonymous_recode,within_family,adamts_metallopeptidase,0.8262340839834317
18,synonymous_recode,within_family,adrenoceptor,0.4730661982059841
18,synonymous_recode,within_family,alcohol_dehydrogenase,0.6366761580665323
18,synonymous_recode,within_family,aldehyde_dehydrogenase,0.769685797473505
18,synonymous_recode,within_family,aldo_keto_reductase,0.7161107242711927
18,synonymous_recode,within_family,alkaline_phosphatase,0.9562073633281062
18,synonymous_recode,within_family,arachidonate_lipoxygenase,0.6633963818379692
18,synonymous_recode,within_family,arf_gtpase,0.7084560963266922
18,synonymous_recode,within_family,carbonic_anhydrase,0.6017793405351012
18,synonymous_recode,within_family,cxc_chemokine_receptor,0.5762099471575002
18,synonymous_recode,within_family,cytochrome_p450,0.7505527817160929
18,synonymous_recode,within_family,dopamine_receptor,0.5427669518375433
18,synonymous_recode,within_family,ectonucleotide_pyrophosphatase,0.7939065630598383
18,synonymous_recode,within_family,ferritin,0.4700183486977256
18,synonymous_recode,within_family,flavin_monooxygenase,0.7100451595473425
18,synonymous_recode,within_family,globins,0.5957617403314278
18,synonymous_recode,within_family,glutamate_metabotropic,0.8250345841691572
18,synonymous_recode,within_family,glutaredoxin,0.7340223956467251
18,synonymous_recode,within_family,glutathione_peroxidase,0.6577988319234217
18,synonymous_recode,within_family,glutathione_s_transferase,0.5224712097692622
18,synonymous_recode,within_family,guanylate_binding_protein,0.7297760210803689
18,synonymous_recode,within_family,heme_oxygenase,0.7042919344806137
18,synonymous_recode,within_family,histamine_receptor,0.7521569347172996
18,synonymous_recode,within_family,histone_deacetylase_classI,0.8532171043761994
18,synonymous_recode,within_family,histone_h4,0.0709030100334448
18,synonymous_recode,within_family,hox,0.5399856829773598
18,synonymous_recode,within_family,m14_carboxypeptidase,0.7686730499366017
18,synonymous_recode,within_family,matrix_metalloproteinase,0.7812910505908125
18,synonymous_recode,within_family,metallothionein,0.2767322600714599
18,synonymous_recode,within_family,muscarinic_receptor,0.2752610677604691
18,synonymous_recode,within_family,nadph_oxidase,0.8250971163419637
18,synonymous_recode,within_family,nitric_oxide_synthase,0.6477163945885174
18,synonymous_recode,within_family,olfactory_receptors,0.3600935779895009
18,synonymous_recode,within_family,opsins,0.6679533982763322
18,synonymous_recode,within_family,p2y_receptor,0.5874470636758042
18,synonymous_recode,within_family,peroxidase,0.8346251747901302
18,synonymous_recode,within_family,peroxiredoxin,0.8166143546216003
18,synonymous_recode,within_family,phosphodiesterase,0.8256742426952175
18,synonymous_recode,within_family,rab_gtpase,0.7711523591342401
18,synonymous_recode,within_family,ras_gtpases,0.6707367713917883
18,synonymous_recode,within_family,rho_gtpase,0.6723313727695848
18,synonymous_recode,within_family,serine_protease,0.7227018402449127
18,synonymous_recode,within_family,serotonin_receptor,0.5660674647174101
18,synonymous_recode,within_family,steap_metalloreductase,0.6397316069933426
18,synonymous_recode,within_family,sulfotransferase,0.7954862523270945
18,synonymous_recode,within_family,taste2_receptor,0.501810558476451
18,synonymous_recode,within_family,udp_glucuronosyltransferase,0.8688417791358969
18,missense_subset,within_family,adam_metallopeptidase,0.7010112845613429
18,missense_subset,within_family,adamts_metallopeptidase,0.6851194158123409
18,missense_subset,within_family,adrenoceptor,0.5607950622547524
18,missense_subset,within_family,alcohol_dehydrogenase,0.7580804222515451
18,missense_subset,within_family,aldehyde_dehydrogenase,0.690875840568049
18,missense_subset,within_family,aldo_keto_reductase,0.6511715908638963
18,missense_subset,within_family,alkaline_phosphatase,0.7565169608513261
18,missense_subset,within_family,arachidonate_lipoxygenase,0.7381529234383324
18,missense_subset,within_family,arf_gtpase,0.5863212496438543
18,missense_subset,within_family,carbonic_anhydrase,0.5696121833893452
18,missense_subset,within_family,cxc_chemokine_receptor,0.4443175759611843
18,missense_subset,within_family,cytochrome_p450,0.6694694416480345
18,missense_subset,within_family,dopamine_receptor,0.4467711504107959
18,missense_subset,within_family,ectonucleotide_pyrophosphatase,0.6779465664193278
18,missense_subset,within_family,ferritin,0.5517495176295454
18,missense_subset,within_family,flavin_monooxygenase,0.7161667046689008
18,missense_subset,within_family,globins,0.6139071838469922
18,missense_subset,within_family,glutamate_metabotropic,0.7324399412600533
18,missense_subset,within_family,glutaredoxin,0.8097652528942393
18,missense_subset,within_family,glutathione_peroxidase,0.3804957526555712
18,missense_subset,within_family,glutathione_s_transferase,0.5101668380932521
18,missense_subset,within_family,guanylate_binding_protein,0.4078392621870882
18,missense_subset,within_family,heme_oxygenase,0.5515135807588637
18,missense_subset,within_family,histamine_receptor,0.7455636490978095
18,missense_subset,within_family,histone_deacetylase_classI,0.8835084077680312
18,missense_subset,within_family,histone_h4,0.3141423793597707
18,missense_subset,within_family,hox,0.4967927302851366
18,missense_subset,within_family,m14_carboxypeptidase,0.6719308830902233
18,missense_subset,within_family,matrix_metalloproteinase,0.5111855419284114
18,missense_subset,within_family,metallothionein,0.207707398076906
18,missense_subset,within_family,muscarinic_receptor,0.4865855483233166
18,missense_subset,within_family,nadph_oxidase,0.8087334622160088
18,missense_subset,within_family,nitric_oxide_synthase,0.7058443773586239
18,missense_subset,within_family,olfactory_receptors,0.3498524615460714
18,missense_subset,within_family,opsins,0.7629785878746826
18,missense_subset,within_family,p2y_receptor,0.3949710761796034
18,missense_subset,within_family,peroxidase,0.7917328253964777
18,missense_subset,within_family,peroxiredoxin,0.735679863210185
18,missense_subset,within_family,phosphodiesterase,0.7664417136160314
18,missense_subset,within_family,rab_gtpase,0.6370959895819732
18,missense_subset,within_family,ras_gtpases,0.4591788195208604
18,missense_subset,within_family,rho_gtpase,0.5530152182371496
18,missense_subset,within_family,serine_protease,0.5544043229776121
18,missense_subset,within_family,serotonin_receptor,0.3990163725384508
18,missense_subset,within_family,steap_metalloreductase,0.703971921983408
18,missense_subset,within_family,sulfotransferase,0.6799039665335326
18,missense_subset,within_family,taste2_receptor,0.1783599797657029
18,missense_subset,within_family,udp_glucuronosyltransferase,0.8571388059355974
18,paired_p3_syn,within_family,adam_metallopeptidase,0.8726591719701533
18,paired_p3_syn,within_family,adamts_metallopeptidase,0.901517836490625
18,paired_p3_syn,within_family,adrenoceptor,0.492397402516546
18,paired_p3_syn,within_family,alcohol_dehydrogenase,0.6763941940412528
18,paired_p3_syn,within_family,aldehyde_dehydrogenase,0.8133486393808474
18,paired_p3_syn,within_family,aldo_keto_reductase,0.7534025931926945
18,paired_p3_syn,within_family,alkaline_phosphatase,0.9017597469609852
18,paired_p3_syn,within_family,arachidonate_lipoxygenase,0.7682944791319889
18,paired_p3_syn,within_family,arf_gtpase,0.8228611698563617
18,paired_p3_syn,within_family,carbonic_anhydrase,0.6564193033426841
18,paired_p3_syn,within_family,cxc_chemokine_receptor,0.7211064968130988
18,paired_p3_syn,within_family,cytochrome_p450,0.7798716019382583
18,paired_p3_syn,within_family,dopamine_receptor,0.6010615309527564
18,paired_p3_syn,within_family,ectonucleotide_pyrophosphatase,0.8280628875598824
18,paired_p3_syn,within_family,ferritin,0.5832109415810881
18,paired_p3_syn,within_family,flavin_monooxygenase,0.7972121529375454
18,paired_p3_syn,within_family,globins,0.6833618550800912
18,paired_p3_syn,within_family,glutamate_metabotropic,0.7342891806507678
18,paired_p3_syn,within_family,glutaredoxin,0.877519248316567
18,paired_p3_syn,within_family,glutathione_peroxidase,0.6950289935172973
18,paired_p3_syn,within_family,glutathione_s_transferase,0.6262208105114391
18,paired_p3_syn,within_family,guanylate_binding_protein,0.7050065876152831
18,paired_p3_syn,within_family,heme_oxygenase,0.8908977814638191
18,paired_p3_syn,within_family,histamine_receptor,0.8447697375584251
18,paired_p3_syn,within_family,histone_deacetylase_classI,0.9181342426463942
18,paired_p3_syn,within_family,histone_h4,0.4918776875298615
18,paired_p3_syn,within_family,hox,0.7413608712375657
18,paired_p3_syn,within_family,m14_carboxypeptidase,0.8011359404517904
18,paired_p3_syn,within_family,matrix_metalloproteinase,0.8222300719497424
18,paired_p3_syn,within_family,metallothionein,0.6120849185120871
18,paired_p3_syn,within_family,muscarinic_receptor,0.6291607186501034
18,paired_p3_syn,within_family,nadph_oxidase,0.7969919820968644
18,paired_p3_syn,within_family,nitric_oxide_synthase,0.7360053357217797
18,paired_p3_syn,within_family,olfactory_receptors,0.6400232863564108
18,paired_p3_syn,within_family,opsins,0.7538910302344171
18,paired_p3_syn,within_family,p2y_receptor,0.6384083322566709
18,paired_p3_syn,within_family,peroxidase,0.8163529262703262
18,paired_p3_syn,within_family,peroxiredoxin,0.8653930824209143
18,paired_p3_syn,within_family,phosphodiesterase,0.8534292754812789
18,paired_p3_syn,within_family,rab_gtpase,0.8458076477662175
18,paired_p3_syn,within_family,ras_gtpases,0.7682712415333804
18,paired_p3_syn,within_family,rho_gtpase,0.7264132138899113
18,paired_p3_syn,within_family,serine_protease,0.7152720266523458
18,paired_p3_syn,within_family,serotonin_receptor,0.7451755105786222
18,paired_p3_syn,within_family,steap_metalloreductase,0.719566265654716
18,paired_p3_syn,within_family,sulfotransferase,0.7998763812807255
18,paired_p3_syn,within_family,taste2_receptor,0.6221517526867432
18,paired_p3_syn,within_family,udp_glucuronosyltransferase,0.884235980893735
18,paired_p3_missense,within_family,adam_metallopeptidase,0.7903134759357459
18,paired_p3_missense,within_family,adamts_metallopeptidase,0.7324290087027804
18,paired_p3_missense,within_family,adrenoceptor,0.5658291555421595
18,paired_p3_missense,within_family,alcohol_dehydrogenase,0.6888186679630528
18,paired_p3_missense,within_family,aldehyde_dehydrogenase,0.6955904524107321
18,paired_p3_missense,within_family,aldo_keto_reductase,0.648751573781061
18,paired_p3_missense,within_family,alkaline_phosphatase,0.8846983769584388
18,paired_p3_missense,within_family,arachidonate_lipoxygenase,0.6648012420241228
18,paired_p3_missense,within_family,arf_gtpase,0.7723718756588226
18,paired_p3_missense,within_family,carbonic_anhydrase,0.4580571521229307
18,paired_p3_missense,within_family,cxc_chemokine_receptor,0.6984466005907731
18,paired_p3_missense,within_family,cytochrome_p450,0.7339333070339766
18,paired_p3_missense,within_family,dopamine_receptor,0.6375813223958182
18,paired_p3_missense,within_family,ectonucleotide_pyrophosphatase,0.6664913410695638
18,paired_p3_missense,within_family,ferritin,0.6480766075743987
18,paired_p3_missense,within_family,flavin_monooxygenase,0.7705383063239607
18,paired_p3_missense,within_family,globins,0.722501449119302
18,paired_p3_missense,within_family,glutamate_metabotropic,0.6613322929024692
18,paired_p3_missense,within_family,glutaredoxin,0.8477879092626401
18,paired_p3_missense,within_family,glutathione_peroxidase,0.5557160071674756
18,paired_p3_missense,within_family,glutathione_s_transferase,0.583400264791865
18,paired_p3_missense,within_family,guanylate_binding_protein,0.331554677206851
18,paired_p3_missense,within_family,heme_oxygenase,0.8413228281152809
18,paired_p3_missense,within_family,histamine_receptor,0.750198152085577
18,paired_p3_missense,within_family,histone_deacetylase_classI,0.8074916956569609
18,paired_p3_missense,within_family,histone_h4,0.4824494346233477
18,paired_p3_missense,within_family,hox,0.6858816927813383
18,paired_p3_missense,within_family,m14_carboxypeptidase,0.7268089773470747
18,paired_p3_missense,within_family,matrix_metalloproteinase,0.7421030317161688
18,paired_p3_missense,within_family,metallothionein,0.3288153900021872
18,paired_p3_missense,within_family,muscarinic_receptor,0.4449329860196649
18,paired_p3_missense,within_family,nadph_oxidase,0.7960323162713693
18,paired_p3_missense,within_family,nitric_oxide_synthase,0.5768337402147283
18,paired_p3_missense,within_family,olfactory_receptors,0.531385417446834
18,paired_p3_missense,within_family,opsins,0.7681381068175851
18,paired_p3_missense,within_family,p2y_receptor,0.5943760296794511
18,paired_p3_missense,within_family,peroxidase,0.7986214362003345
18,paired_p3_missense,within_family,peroxiredoxin,0.7290585571175876
18,paired_p3_missense,within_family,phosphodiesterase,0.8058914876272362
18,paired_p3_missense,within_family,rab_gtpase,0.7490800343492834
18,paired_p3_missense,within_family,ras_gtpases,0.6589522258657746
18,paired_p3_missense,within_family,rho_gtpase,0.7088994532117551
18,paired_p3_missense,within_family,serine_protease,0.5684790775329912
18,paired_p3_missense,within_family,serotonin_receptor,0.5437023639305214
18,paired_p3_missense,within_family,steap_metalloreductase,0.6786212311090054
18,paired_p3_missense,within_family,sulfotransferase,0.7293274201157759
18,paired_p3_missense,within_family,taste2_receptor,0.2138380844838067
18,paired_p3_missense,within_family,udp_glucuronosyltransferase,0.8762140117755091
19,natural,within_family,adam_metallopeptidase,1.0
19,natural,within_family,adamts_metallopeptidase,1.0
19,natural,within_family,adrenoceptor,1.0
19,natural,within_family,alcohol_dehydrogenase,1.0
19,natural,within_family,aldehyde_dehydrogenase,1.0
19,natural,within_family,aldo_keto_reductase,1.0
19,natural,within_family,alkaline_phosphatase,1.0
19,natural,within_family,arachidonate_lipoxygenase,1.0
19,natural,within_family,arf_gtpase,1.0
19,natural,within_family,carbonic_anhydrase,1.0
19,natural,within_family,cxc_chemokine_receptor,1.0
19,natural,within_family,cytochrome_p450,1.0
19,natural,within_family,dopamine_receptor,1.0
19,natural,within_family,ectonucleotide_pyrophosphatase,1.0
19,natural,within_family,ferritin,1.0
19,natural,within_family,flavin_monooxygenase,1.0
19,natural,within_family,globins,1.0
19,natural,within_family,glutamate_metabotropic,1.0
19,natural,within_family,glutaredoxin,1.0
19,natural,within_family,glutathione_peroxidase,1.0
19,natural,within_family,glutathione_s_transferase,1.0
19,natural,within_family,guanylate_binding_protein,1.0
19,natural,within_family,heme_oxygenase,1.0
19,natural,within_family,histamine_receptor,1.0
19,natural,within_family,histone_deacetylase_classI,1.0
19,natural,within_family,histone_h4,1.0
19,natural,within_family,hox,1.0
19,natural,within_family,m14_carboxypeptidase,1.0
19,natural,within_family,matrix_metalloproteinase,1.0
19,natural,within_family,metallothionein,1.0
19,natural,within_family,muscarinic_receptor,1.0
19,natural,within_family,nadph_oxidase,1.0
19,natural,within_family,nitric_oxide_synthase,1.0
19,natural,within_family,olfactory_receptors,1.0
19,natural,within_family,opsins,1.0
19,natural,within_family,p2y_receptor,1.0
19,natural,within_family,peroxidase,1.0
19,natural,within_family,peroxiredoxin,1.0
19,natural,within_family,phosphodiesterase,1.0
19,natural,within_family,rab_gtpase,1.0
19,natural,within_family,ras_gtpases,1.0
19,natural,within_family,rho_gtpase,1.0
19,natural,within_family,serine_protease,1.0
19,natural,within_family,serotonin_receptor,1.0
19,natural,within_family,steap_metalloreductase,1.0
19,natural,within_family,sulfotransferase,1.0
19,natural,within_family,taste2_receptor,1.0
19,natural,within_family,udp_glucuronosyltransferase,1.0
19,gc_match,within_family,adam_metallopeptidase,0.5924339380586913
19,gc_match,within_family,adamts_metallopeptidase,0.6459732088950485
19,gc_match,within_family,adrenoceptor,0.2866430580534981
19,gc_match,within_family,alcohol_dehydrogenase,0.799111049378429
19,gc_match,within_family,aldehyde_dehydrogenase,0.5613379229854312
19,gc_match,within_family,aldo_keto_reductase,0.56868876448532
19,gc_match,within_family,alkaline_phosphatase,0.7931158109176685
19,gc_match,within_family,arachidonate_lipoxygenase,0.5179265338415815
19,gc_match,within_family,arf_gtpase,0.3309514034938435
19,gc_match,within_family,carbonic_anhydrase,0.4621976194119675
19,gc_match,within_family,cxc_chemokine_receptor,0.4233186864966667
19,gc_match,within_family,cytochrome_p450,0.4955694027589726
19,gc_match,within_family,dopamine_receptor,0.2792690243511538
19,gc_match,within_family,ectonucleotide_pyrophosphatase,0.5834595330661665
19,gc_match,within_family,ferritin,0.3698329996748969
19,gc_match,within_family,flavin_monooxygenase,0.5612374487122536
19,gc_match,within_family,globins,0.3958388231874248
19,gc_match,within_family,glutamate_metabotropic,0.4377179541533438
19,gc_match,within_family,glutaredoxin,0.3428136027200237
19,gc_match,within_family,glutathione_peroxidase,0.2957621113818627
19,gc_match,within_family,glutathione_s_transferase,0.2813024702463003
19,gc_match,within_family,guanylate_binding_protein,0.2383399209486165
19,gc_match,within_family,heme_oxygenase,0.7720402239270163
19,gc_match,within_family,histamine_receptor,0.4819633606569983
19,gc_match,within_family,histone_deacetylase_classI,0.4966921161696476
19,gc_match,within_family,histone_h4,0.3203854116897595
19,gc_match,within_family,hox,0.2850777411936583
19,gc_match,within_family,m14_carboxypeptidase,0.5629880753175145
19,gc_match,within_family,matrix_metalloproteinase,0.496544804524117
19,gc_match,within_family,metallothionein,0.0668423051984472
19,gc_match,within_family,muscarinic_receptor,0.1846315434860012
19,gc_match,within_family,nadph_oxidase,0.7265219289455677
19,gc_match,within_family,nitric_oxide_synthase,0.3026337203403805
19,gc_match,within_family,olfactory_receptors,0.031971594169731
19,gc_match,within_family,opsins,0.4775014469123095
19,gc_match,within_family,p2y_receptor,0.196807095774652
19,gc_match,within_family,peroxidase,0.7447553997253578
19,gc_match,within_family,peroxiredoxin,0.5008166050201173
19,gc_match,within_family,phosphodiesterase,0.6656696751681577
19,gc_match,within_family,rab_gtpase,0.3810257728779469
19,gc_match,within_family,ras_gtpases,0.3067670707664791
19,gc_match,within_family,rho_gtpase,0.3987342722678987
19,gc_match,within_family,serine_protease,0.4046378285521472
19,gc_match,within_family,serotonin_receptor,0.3713672489306871
19,gc_match,within_family,steap_metalloreductase,0.3987316372041156
19,gc_match,within_family,sulfotransferase,0.4460064930305352
19,gc_match,within_family,taste2_receptor,-0.1520285548211359
19,gc_match,within_family,udp_glucuronosyltransferase,0.6451038266546287
19,dinuc_shuffle,within_family,adam_metallopeptidase,0.5539537386561073
19,dinuc_shuffle,within_family,adamts_metallopeptidase,0.6542930143600624
19,dinuc_shuffle,within_family,adrenoceptor,0.3378395571278797
19,dinuc_shuffle,within_family,alcohol_dehydrogenase,0.735655253837072
19,dinuc_shuffle,within_family,aldehyde_dehydrogenase,0.5784651192217645
19,dinuc_shuffle,within_family,aldo_keto_reductase,0.6174281844515129
19,dinuc_shuffle,within_family,alkaline_phosphatase,0.8885549435085037
19,dinuc_shuffle,within_family,arachidonate_lipoxygenase,0.5953473016277366
19,dinuc_shuffle,within_family,arf_gtpase,0.3400990696168643
19,dinuc_shuffle,within_family,carbonic_anhydrase,0.4322945857921274
19,dinuc_shuffle,within_family,cxc_chemokine_receptor,0.3461620601553326
19,dinuc_shuffle,within_family,cytochrome_p450,0.4849145225513833
19,dinuc_shuffle,within_family,dopamine_receptor,0.2401321018543851
19,dinuc_shuffle,within_family,ectonucleotide_pyrophosphatase,0.5256908971749313
19,dinuc_shuffle,within_family,ferritin,0.2325993854243098
19,dinuc_shuffle,within_family,flavin_monooxygenase,0.5395238955086521
19,dinuc_shuffle,within_family,globins,0.3791491195258802
19,dinuc_shuffle,within_family,glutamate_metabotropic,0.4352491373688346
19,dinuc_shuffle,within_family,glutaredoxin,0.4646843878965568
19,dinuc_shuffle,within_family,glutathione_peroxidase,0.4133369547546164
19,dinuc_shuffle,within_family,glutathione_s_transferase,0.163760124432193
19,dinuc_shuffle,within_family,guanylate_binding_protein,0.3876152832674571
19,dinuc_shuffle,within_family,heme_oxygenase,0.5888347501555048
19,dinuc_shuffle,within_family,histamine_receptor,0.4374565000896189
19,dinuc_shuffle,within_family,histone_deacetylase_classI,0.5185160319274256
19,dinuc_shuffle,within_family,histone_h4,0.2472527472527472
19,dinuc_shuffle,within_family,hox,0.2809058490401802
19,dinuc_shuffle,within_family,m14_carboxypeptidase,0.5452310903087929
19,dinuc_shuffle,within_family,matrix_metalloproteinase,0.4769347823570625
19,dinuc_shuffle,within_family,metallothionein,0.3387981481094293
19,dinuc_shuffle,within_family,muscarinic_receptor,0.2631334071742325
19,dinuc_shuffle,within_family,nadph_oxidase,0.7823703095812925
19,dinuc_shuffle,within_family,nitric_oxide_synthase,0.3033838188791989
19,dinuc_shuffle,within_family,olfactory_receptors,0.0598694681435468
19,dinuc_shuffle,within_family,opsins,0.4369494638239639
19,dinuc_shuffle,within_family,p2y_receptor,0.2572715328649447
19,dinuc_shuffle,within_family,peroxidase,0.7440239667086546
19,dinuc_shuffle,within_family,peroxiredoxin,0.4648936219840727
19,dinuc_shuffle,within_family,phosphodiesterase,0.6258454310884628
19,dinuc_shuffle,within_family,rab_gtpase,0.3909447323762912
19,dinuc_shuffle,within_family,ras_gtpases,0.2768166065292995
19,dinuc_shuffle,within_family,rho_gtpase,0.3656008403841111
19,dinuc_shuffle,within_family,serine_protease,0.3539983453012316
19,dinuc_shuffle,within_family,serotonin_receptor,0.3373576913226571
19,dinuc_shuffle,within_family,steap_metalloreductase,0.4864071519139847
19,dinuc_shuffle,within_family,sulfotransferase,0.4741818167579407
19,dinuc_shuffle,within_family,taste2_receptor,-0.0791270959777562
19,dinuc_shuffle,within_family,udp_glucuronosyltransferase,0.7211384278229198
19,kmer4_shuffle,within_family,adam_metallopeptidase,0.5658196212663736
19,kmer4_shuffle,within_family,adamts_metallopeptidase,0.6314153009498353
19,kmer4_shuffle,within_family,adrenoceptor,0.2010143213713484
19,kmer4_shuffle,within_family,alcohol_dehydrogenase,0.6372734217654002
19,kmer4_shuffle,within_family,aldehyde_dehydrogenase,0.6065827911724893
19,kmer4_shuffle,within_family,aldo_keto_reductase,0.577204089718112
19,kmer4_shuffle,within_family,alkaline_phosphatase,0.80799927626553
19,kmer4_shuffle,within_family,arachidonate_lipoxygenase,0.4592080973094443
19,kmer4_shuffle,within_family,arf_gtpase,0.3298245636795193
19,kmer4_shuffle,within_family,carbonic_anhydrase,0.4951141802117305
19,kmer4_shuffle,within_family,cxc_chemokine_receptor,0.1016132184073512
19,kmer4_shuffle,within_family,cytochrome_p450,0.5114762657188279
19,kmer4_shuffle,within_family,dopamine_receptor,0.3178267048626405
19,kmer4_shuffle,within_family,ectonucleotide_pyrophosphatase,0.5427250256453641
19,kmer4_shuffle,within_family,ferritin,0.4809671766658513
19,kmer4_shuffle,within_family,flavin_monooxygenase,0.5701750887276615
19,kmer4_shuffle,within_family,globins,0.5149625825915096
19,kmer4_shuffle,within_family,glutamate_metabotropic,0.4602082919581601
19,kmer4_shuffle,within_family,glutaredoxin,0.4582771181232493
19,kmer4_shuffle,within_family,glutathione_peroxidase,0.1390490928874061
19,kmer4_shuffle,within_family,glutathione_s_transferase,0.1984502793119618
19,kmer4_shuffle,within_family,guanylate_binding_protein,0.2991436100131752
19,kmer4_shuffle,within_family,heme_oxygenase,0.5687227866473149
19,kmer4_shuffle,within_family,histamine_receptor,0.4151786607226888
19,kmer4_shuffle,within_family,histone_deacetylase_classI,0.4436686667440707
19,kmer4_shuffle,within_family,histone_h4,0.4409937888198758
19,kmer4_shuffle,within_family,hox,0.2632959110905724
19,kmer4_shuffle,within_family,m14_carboxypeptidase,0.5266914250387135
19,kmer4_shuffle,within_family,matrix_metalloproteinase,0.4782544075648178
19,kmer4_shuffle,within_family,metallothionein,-0.0032054214923333
19,kmer4_shuffle,within_family,muscarinic_receptor,0.3408377736257056
19,kmer4_shuffle,within_family,nadph_oxidase,0.7677649445985982
19,kmer4_shuffle,within_family,nitric_oxide_synthase,0.3884888161012383
19,kmer4_shuffle,within_family,olfactory_receptors,0.0405846080038493
19,kmer4_shuffle,within_family,opsins,0.4013768598597647
19,kmer4_shuffle,within_family,p2y_receptor,0.1658752841320566
19,kmer4_shuffle,within_family,peroxidase,0.7180100137832122
19,kmer4_shuffle,within_family,peroxiredoxin,0.3574824759773536
19,kmer4_shuffle,within_family,phosphodiesterase,0.6141150774116629
19,kmer4_shuffle,within_family,rab_gtpase,0.4428538275022764
19,kmer4_shuffle,within_family,ras_gtpases,0.2630489546451313
19,kmer4_shuffle,within_family,rho_gtpase,0.3403615983654935
19,kmer4_shuffle,within_family,serine_protease,0.3464201109370972
19,kmer4_shuffle,within_family,serotonin_receptor,0.2996563461557767
19,kmer4_shuffle,within_family,steap_metalloreductase,0.2916694661064221
19,kmer4_shuffle,within_family,sulfotransferase,0.5317070941135625
19,kmer4_shuffle,within_family,taste2_receptor,0.0610037742516455
19,kmer4_shuffle,within_family,udp_glucuronosyltransferase,0.6111726508785332
19,kmer6_shuffle,within_family,adam_metallopeptidase,0.6140011702007051
19,kmer6_shuffle,within_family,adamts_metallopeptidase,0.6495684557123866
19,kmer6_shuffle,within_family,adrenoceptor,0.222070663070966
19,kmer6_shuffle,within_family,alcohol_dehydrogenase,0.7136606708799221
19,kmer6_shuffle,within_family,aldehyde_dehydrogenase,0.5781367292205967
19,kmer6_shuffle,within_family,aldo_keto_reductase,0.5885379267357571
19,kmer6_shuffle,within_family,alkaline_phosphatase,0.8275468081969629
19,kmer6_shuffle,within_family,arachidonate_lipoxygenase,0.5046972443510095
19,kmer6_shuffle,within_family,arf_gtpase,0.358444084672137
19,kmer6_shuffle,within_family,carbonic_anhydrase,0.3569408162231473
19,kmer6_shuffle,within_family,cxc_chemokine_receptor,0.2319533132381676
19,kmer6_shuffle,within_family,cytochrome_p450,0.4629201798144433
19,kmer6_shuffle,within_family,dopamine_receptor,0.254518543693181
19,kmer6_shuffle,within_family,ectonucleotide_pyrophosphatase,0.5127803940838531
19,kmer6_shuffle,within_family,ferritin,0.3428878917718722
19,kmer6_shuffle,within_family,flavin_monooxygenase,0.5050856332622226
19,kmer6_shuffle,within_family,globins,0.4806143673560695
19,kmer6_shuffle,within_family,glutamate_metabotropic,0.4278469949807526
19,kmer6_shuffle,within_family,glutaredoxin,0.5748681652147621
19,kmer6_shuffle,within_family,glutathione_peroxidase,0.3356595005537598
19,kmer6_shuffle,within_family,glutathione_s_transferase,0.2851877577840188
19,kmer6_shuffle,within_family,guanylate_binding_protein,0.25
19,kmer6_shuffle,within_family,heme_oxygenase,0.655411569562513
19,kmer6_shuffle,within_family,histamine_receptor,0.4913293667565368
19,kmer6_shuffle,within_family,histone_deacetylase_classI,0.5032379412713466
19,kmer6_shuffle,within_family,histone_h4,0.4708233795190317
19,kmer6_shuffle,within_family,hox,0.2842737156166345
19,kmer6_shuffle,within_family,m14_carboxypeptidase,0.5242182702764406
19,kmer6_shuffle,within_family,matrix_metalloproteinase,0.4892691031767048
19,kmer6_shuffle,within_family,metallothionein,0.0633504932124326
19,kmer6_shuffle,within_family,muscarinic_receptor,0.241039378496478
19,kmer6_shuffle,within_family,nadph_oxidase,0.7405317379537343
19,kmer6_shuffle,within_family,nitric_oxide_synthase,0.5950757434583672
19,kmer6_shuffle,within_family,olfactory_receptors,0.0868108375090877
19,kmer6_shuffle,within_family,opsins,0.4438567118277007
19,kmer6_shuffle,within_family,p2y_receptor,0.2168127649877522
19,kmer6_shuffle,within_family,peroxidase,0.7330463685370133
19,kmer6_shuffle,within_family,peroxiredoxin,0.4959806357908229
19,kmer6_shuffle,within_family,phosphodiesterase,0.6407588117811018
19,kmer6_shuffle,within_family,rab_gtpase,0.4453707884821065
19,kmer6_shuffle,within_family,ras_gtpases,0.3569734314201208
19,kmer6_shuffle,within_family,rho_gtpase,0.4036927386107035
19,kmer6_shuffle,within_family,serine_protease,0.3589417148813862
19,kmer6_shuffle,within_family,serotonin_receptor,0.2664368100513739
19,kmer6_shuffle,within_family,steap_metalloreductase,0.2235798297822458
19,kmer6_shuffle,within_family,sulfotransferase,0.467599646112912
19,kmer6_shuffle,within_family,taste2_receptor,0.0483830153336808
19,kmer6_shuffle,within_family,udp_glucuronosyltransferase,0.5643900811013111
19,synonymous_recode,within_family,adam_metallopeptidase,0.7803639108521754
19,synonymous_recode,within_family,adamts_metallopeptidase,0.8202848511051133
19,synonymous_recode,within_family,adrenoceptor,0.4623205342368291
19,synonymous_recode,within_family,alcohol_dehydrogenase,0.6373220362525175
19,synonymous_recode,within_family,aldehyde_dehydrogenase,0.7631476970229295
19,synonymous_recode,within_family,aldo_keto_reductase,0.7005660754880931
19,synonymous_recode,within_family,alkaline_phosphatase,0.9523273424202215
19,synonymous_recode,within_family,arachidonate_lipoxygenase,0.6571918795639881
19,synonymous_recode,within_family,arf_gtpase,0.7101574530971552
19,synonymous_recode,within_family,carbonic_anhydrase,0.5990258991062282
19,synonymous_recode,within_family,cxc_chemokine_receptor,0.5549338336395426
19,synonymous_recode,within_family,cytochrome_p450,0.744209163103296
19,synonymous_recode,within_family,dopamine_receptor,0.528723711104824
19,synonymous_recode,within_family,ectonucleotide_pyrophosphatase,0.7895221019097541
19,synonymous_recode,within_family,ferritin,0.4780252453119228
19,synonymous_recode,within_family,flavin_monooxygenase,0.7074621341541094
19,synonymous_recode,within_family,globins,0.5935147869816465
19,synonymous_recode,within_family,glutamate_metabotropic,0.8243821808360919
19,synonymous_recode,within_family,glutaredoxin,0.7318369617387636
19,synonymous_recode,within_family,glutathione_peroxidase,0.6530618612995659
19,synonymous_recode,within_family,glutathione_s_transferase,0.5215391145726066
19,synonymous_recode,within_family,guanylate_binding_protein,0.7227272727272727
19,synonymous_recode,within_family,heme_oxygenase,0.700155504872486
19,synonymous_recode,within_family,histamine_receptor,0.7465563526794505
19,synonymous_recode,within_family,histone_deacetylase_classI,0.8486035977798336
19,synonymous_recode,within_family,histone_h4,0.0598502946329033
19,synonymous_recode,within_family,hox,0.5364521221755191
19,synonymous_recode,within_family,m14_carboxypeptidase,0.7656037330371464
19,synonymous_recode,within_family,matrix_metalloproteinase,0.7709547741486388
19,synonymous_recode,within_family,metallothionein,0.2652461374219548
19,synonymous_recode,within_family,muscarinic_receptor,0.2746415936295415
19,synonymous_recode,within_family,nadph_oxidase,0.8237099399267026
19,synonymous_recode,within_family,nitric_oxide_synthase,0.6358048824942669
19,synonymous_recode,within_family,olfactory_receptors,0.3743764178095209
19,synonymous_recode,within_family,opsins,0.6665617248897034
19,synonymous_recode,within_family,p2y_receptor,0.5944530909916338
19,synonymous_recode,within_family,peroxidase,0.8257120672741275
19,synonymous_recode,within_family,peroxiredoxin,0.8174279341922933
19,synonymous_recode,within_family,phosphodiesterase,0.8251375013616141
19,synonymous_recode,within_family,rab_gtpase,0.7685436398623756
19,synonymous_recode,within_family,ras_gtpases,0.6618757191685547
19,synonymous_recode,within_family,rho_gtpase,0.6692416595180642
19,synonymous_recode,within_family,serine_protease,0.7201234990109091
19,synonymous_recode,within_family,serotonin_receptor,0.5597386784686844
19,synonymous_recode,within_family,steap_metalloreductase,0.6497431615148092
19,synonymous_recode,within_family,sulfotransferase,0.7907429069916604
19,synonymous_recode,within_family,taste2_receptor,0.5088496303366585
19,synonymous_recode,within_family,udp_glucuronosyltransferase,0.8645467277820219
19,missense_subset,within_family,adam_metallopeptidase,0.6947416682654197
19,missense_subset,within_family,adamts_metallopeptidase,0.6767982471977013
19,missense_subset,within_family,adrenoceptor,0.5665848126324285
19,missense_subset,within_family,alcohol_dehydrogenase,0.7521702896034446
19,missense_subset,within_family,aldehyde_dehydrogenase,0.6916515414909488
19,missense_subset,within_family,aldo_keto_reductase,0.6385095946957303
19,missense_subset,within_family,alkaline_phosphatase,0.753390830016217
19,missense_subset,within_family,arachidonate_lipoxygenase,0.7377974329161763
19,missense_subset,within_family,arf_gtpase,0.5836619863481209
19,missense_subset,within_family,carbonic_anhydrase,0.5652882738322327
19,missense_subset,within_family,cxc_chemokine_receptor,0.4400478688291271
19,missense_subset,within_family,cytochrome_p450,0.6591069297290791
19,missense_subset,within_family,dopamine_receptor,0.446380909059004
19,missense_subset,within_family,ectonucleotide_pyrophosphatase,0.6741392718482003
19,missense_subset,within_family,ferritin,0.5746131222880816
19,missense_subset,within_family,flavin_monooxygenase,0.7091148168568787
19,missense_subset,within_family,globins,0.6096844539962273
19,missense_subset,within_family,glutamate_metabotropic,0.7340079540570235
19,missense_subset,within_family,glutaredoxin,0.8027804109874144
19,missense_subset,within_family,glutathione_peroxidase,0.3696827564701314
19,missense_subset,within_family,glutathione_s_transferase,0.5098497206985997
19,missense_subset,within_family,guanylate_binding_protein,0.400790513833992
19,missense_subset,within_family,heme_oxygenase,0.5448683392079618
19,missense_subset,within_family,histamine_receptor,0.7351654247163979
19,missense_subset,within_family,histone_deacetylase_classI,0.8821267670195566
19,missense_subset,within_family,histone_h4,0.3365663322185062
19,missense_subset,within_family,hox,0.4837024132089499
19,missense_subset,within_family,m14_carboxypeptidase,0.6672026068921149
19,missense_subset,within_family,matrix_metalloproteinase,0.500693293795565
19,missense_subset,within_family,metallothionein,0.1991734130319042
19,missense_subset,within_family,muscarinic_receptor,0.4836318330661455
19,missense_subset,within_family,nadph_oxidase,0.8038630256980904
19,missense_subset,within_family,nitric_oxide_synthase,0.7001937143716362
19,missense_subset,within_family,olfactory_receptors,0.3466628643945583
19,missense_subset,within_family,opsins,0.7554076101405802
19,missense_subset,within_family,p2y_receptor,0.4073459009143166
19,missense_subset,within_family,peroxidase,0.7899026237572964
19,missense_subset,within_family,peroxiredoxin,0.7342231145446881
19,missense_subset,within_family,phosphodiesterase,0.7658012710718882
19,missense_subset,within_family,rab_gtpase,0.6325967959144919
19,missense_subset,within_family,ras_gtpases,0.4485711739662225
19,missense_subset,within_family,rho_gtpase,0.551718085420521
19,missense_subset,within_family,serine_protease,0.5563213062588709
19,missense_subset,within_family,serotonin_receptor,0.399326512687738
19,missense_subset,within_family,steap_metalloreductase,0.7107637855458234
19,missense_subset,within_family,sulfotransferase,0.6729425325862938
19,missense_subset,within_family,taste2_receptor,0.1624891573313509
19,missense_subset,within_family,udp_glucuronosyltransferase,0.8552262502797262
19,paired_p3_syn,within_family,adam_metallopeptidase,0.8712695184802244
19,paired_p3_syn,within_family,adamts_metallopeptidase,0.8975327695203601
19,paired_p3_syn,within_family,adrenoceptor,0.4849937570010574
19,paired_p3_syn,within_family,alcohol_dehydrogenase,0.6804500312521702
19,paired_p3_syn,within_family,aldehyde_dehydrogenase,0.8077738398379136
19,paired_p3_syn,within_family,aldo_keto_reductase,0.7439460984893044
19,paired_p3_syn,within_family,alkaline_phosphatase,0.9002586680605256
19,paired_p3_syn,within_family,arachidonate_lipoxygenase,0.7637946842836801
19,paired_p3_syn,within_family,arf_gtpase,0.8213466192531229
19,paired_p3_syn,within_family,carbonic_anhydrase,0.653292917538843
19,paired_p3_syn,within_family,cxc_chemokine_receptor,0.7066128224360889
19,paired_p3_syn,within_family,cytochrome_p450,0.7746293514378338
19,paired_p3_syn,within_family,dopamine_receptor,0.595977100586869
19,paired_p3_syn,within_family,ectonucleotide_pyrophosphatase,0.8280955128025188
19,paired_p3_syn,within_family,ferritin,0.6091536147337123
19,paired_p3_syn,within_family,flavin_monooxygenase,0.7923199286531946
19,paired_p3_syn,within_family,globins,0.6830591247785462
19,paired_p3_syn,within_family,glutamate_metabotropic,0.7353534105433432
19,paired_p3_syn,within_family,glutaredoxin,0.8788586357343411
19,paired_p3_syn,within_family,glutathione_peroxidase,0.6913468362252555
19,paired_p3_syn,within_family,glutathione_s_transferase,0.6246818065782002
19,paired_p3_syn,within_family,guanylate_binding_protein,0.6980895915678523
19,paired_p3_syn,within_family,heme_oxygenase,0.8857350196972839
19,paired_p3_syn,within_family,histamine_receptor,0.835806746364044
19,paired_p3_syn,within_family,histone_deacetylase_classI,0.9190253273422988
19,paired_p3_syn,within_family,histone_h4,0.4884376493072145
19,paired_p3_syn,within_family,hox,0.7344614013373278
19,paired_p3_syn,within_family,m14_carboxypeptidase,0.8002643547185119
19,paired_p3_syn,within_family,matrix_metalloproteinase,0.821113597786496
19,paired_p3_syn,within_family,metallothionein,0.5920202950732744
19,paired_p3_syn,within_family,muscarinic_receptor,0.61273724457538
19,paired_p3_syn,within_family,nadph_oxidase,0.7937292677326511
19,paired_p3_syn,within_family,nitric_oxide_synthase,0.7239127341708472
19,paired_p3_syn,within_family,olfactory_receptors,0.6510252523985044
19,paired_p3_syn,within_family,opsins,0.749594767199362
19,paired_p3_syn,within_family,p2y_receptor,0.639546346270311
19,paired_p3_syn,within_family,peroxidase,0.8141144962307727
19,paired_p3_syn,within_family,peroxiredoxin,0.8653967869051726
19,paired_p3_syn,within_family,phosphodiesterase,0.8561296600688739
19,paired_p3_syn,within_family,rab_gtpase,0.8425648822520877
19,paired_p3_syn,within_family,ras_gtpases,0.7594299715111237
19,paired_p3_syn,within_family,rho_gtpase,0.719337907494746
19,paired_p3_syn,within_family,serine_protease,0.7106946092026665
19,paired_p3_syn,within_family,serotonin_receptor,0.741103311245445
19,paired_p3_syn,within_family,steap_metalloreductase,0.7245239585030795
19,paired_p3_syn,within_family,sulfotransferase,0.7948942716244032
19,paired_p3_syn,within_family,taste2_receptor,0.6315898751614778
19,paired_p3_syn,within_family,udp_glucuronosyltransferase,0.8851056400521642
19,paired_p3_missense,within_family,adam_metallopeptidase,0.7824507428731065
19,paired_p3_missense,within_family,adamts_metallopeptidase,0.7275900711762545
19,paired_p3_missense,within_family,adrenoceptor,0.5610488100980401
19,paired_p3_missense,within_family,alcohol_dehydrogenase,0.6893395374678796
19,paired_p3_missense,within_family,aldehyde_dehydrogenase,0.6908956230263873
19,paired_p3_missense,within_family,aldo_keto_reductase,0.6453622023260386
19,paired_p3_missense,within_family,alkaline_phosphatase,0.8882902443273959
19,paired_p3_missense,within_family,arachidonate_lipoxygenase,0.6623466460189257
19,paired_p3_missense,within_family,arf_gtpase,0.7745944655964939
19,paired_p3_missense,within_family,carbonic_anhydrase,0.4595371185464444
19,paired_p3_missense,within_family,cxc_chemokine_receptor,0.7064803458528982
19,paired_p3_missense,within_family,cytochrome_p450,0.7282472251620671
19,paired_p3_missense,within_family,dopamine_receptor,0.6415161153964928
19,paired_p3_missense,within_family,ectonucleotide_pyrophosphatase,0.6585982776517645
19,paired_p3_missense,within_family,ferritin,0.6612047334204971
19,paired_p3_missense,within_family,flavin_monooxygenase,0.765730117580599
19,paired_p3_missense,within_family,globins,0.7212117961275659
19,paired_p3_missense,within_family,glutamate_metabotropic,0.663577955481802
19,paired_p3_missense,within_family,glutaredoxin,0.8394513421754372
19,paired_p3_missense,within_family,glutathione_peroxidase,0.5518721651036872
19,paired_p3_missense,within_family,glutathione_s_transferase,0.5847979428722349
19,paired_p3_missense,within_family,guanylate_binding_protein,0.3372859025032937
19,paired_p3_missense,within_family,heme_oxygenase,0.8415405349367613
19,paired_p3_missense,within_family,histamine_receptor,0.7438992361460912
19,paired_p3_missense,within_family,histone_deacetylase_classI,0.808280613305947
19,paired_p3_missense,within_family,histone_h4,0.4852842809364548
19,paired_p3_missense,within_family,hox,0.6807872829156807
19,paired_p3_missense,within_family,m14_carboxypeptidase,0.7246820269402288
19,paired_p3_missense,within_family,matrix_metalloproteinase,0.7388276164616796
19,paired_p3_missense,within_family,metallothionein,0.3174948031989864
19,paired_p3_missense,within_family,muscarinic_receptor,0.4266211180160817
19,paired_p3_missense,within_family,nadph_oxidase,0.7936129220140288
19,paired_p3_missense,within_family,nitric_oxide_synthase,0.576191123432883
19,paired_p3_missense,within_family,olfactory_receptors,0.5369044778010127
19,paired_p3_missense,within_family,opsins,0.7601744136526406
19,paired_p3_missense,within_family,p2y_receptor,0.576482640506426
19,paired_p3_missense,within_family,peroxidase,0.8015697336759757
19,paired_p3_missense,within_family,peroxiredoxin,0.7308965983340618
19,paired_p3_missense,within_family,phosphodiesterase,0.8041719636158325
19,paired_p3_missense,within_family,rab_gtpase,0.7463530441095942
19,paired_p3_missense,within_family,ras_gtpases,0.6534814517180548
19,paired_p3_missense,within_family,rho_gtpase,0.7099078713261571
19,paired_p3_missense,within_family,serine_protease,0.5636759762808301
19,paired_p3_missense,within_family,serotonin_receptor,0.53762204432018
19,paired_p3_missense,within_family,steap_metalloreductase,0.684166028011077
19,paired_p3_missense,within_family,sulfotransferase,0.7272385083495944
19,paired_p3_missense,within_family,taste2_receptor,0.2076005368553974
19,paired_p3_missense,within_family,udp_glucuronosyltransferase,0.8757795680255573
20,natural,within_family,adam_metallopeptidase,1.0
20,natural,within_family,adamts_metallopeptidase,1.0
20,natural,within_family,adrenoceptor,1.0
20,natural,within_family,alcohol_dehydrogenase,1.0
20,natural,within_family,aldehyde_dehydrogenase,1.0
20,natural,within_family,aldo_keto_reductase,1.0
20,natural,within_family,alkaline_phosphatase,1.0
20,natural,within_family,arachidonate_lipoxygenase,1.0
20,natural,within_family,arf_gtpase,1.0
20,natural,within_family,carbonic_anhydrase,1.0
20,natural,within_family,cxc_chemokine_receptor,1.0
20,natural,within_family,cytochrome_p450,1.0
20,natural,within_family,dopamine_receptor,1.0
20,natural,within_family,ectonucleotide_pyrophosphatase,1.0
20,natural,within_family,ferritin,1.0
20,natural,within_family,flavin_monooxygenase,1.0
20,natural,within_family,globins,1.0
20,natural,within_family,glutamate_metabotropic,1.0
20,natural,within_family,glutaredoxin,1.0
20,natural,within_family,glutathione_peroxidase,1.0
20,natural,within_family,glutathione_s_transferase,1.0
20,natural,within_family,guanylate_binding_protein,1.0
20,natural,within_family,heme_oxygenase,1.0
20,natural,within_family,histamine_receptor,1.0
20,natural,within_family,histone_deacetylase_classI,1.0
20,natural,within_family,histone_h4,1.0
20,natural,within_family,hox,1.0
20,natural,within_family,m14_carboxypeptidase,1.0
20,natural,within_family,matrix_metalloproteinase,1.0
20,natural,within_family,metallothionein,1.0
20,natural,within_family,muscarinic_receptor,1.0
20,natural,within_family,nadph_oxidase,1.0
20,natural,within_family,nitric_oxide_synthase,1.0
20,natural,within_family,olfactory_receptors,1.0
20,natural,within_family,opsins,1.0
20,natural,within_family,p2y_receptor,1.0
20,natural,within_family,peroxidase,1.0
20,natural,within_family,peroxiredoxin,1.0
20,natural,within_family,phosphodiesterase,1.0
20,natural,within_family,rab_gtpase,1.0
20,natural,within_family,ras_gtpases,1.0
20,natural,within_family,rho_gtpase,1.0
20,natural,within_family,serine_protease,1.0
20,natural,within_family,serotonin_receptor,1.0
20,natural,within_family,steap_metalloreductase,1.0
20,natural,within_family,sulfotransferase,1.0
20,natural,within_family,taste2_receptor,1.0
20,natural,within_family,udp_glucuronosyltransferase,1.0
20,gc_match,within_family,adam_metallopeptidase,0.5810006810109057
20,gc_match,within_family,adamts_metallopeptidase,0.6460583781781718
20,gc_match,within_family,adrenoceptor,0.2614485918425046
20,gc_match,within_family,alcohol_dehydrogenase,0.801229252031391
20,gc_match,within_family,aldehyde_dehydrogenase,0.5673434731886262
20,gc_match,within_family,aldo_keto_reductase,0.5577498547772393
20,gc_match,within_family,alkaline_phosphatase,0.7886594829319288
20,gc_match,within_family,arachidonate_lipoxygenase,0.5099645189606642
20,gc_match,within_family,arf_gtpase,0.3433908913423603
20,gc_match,within_family,carbonic_anhydrase,0.4760573185417397
20,gc_match,within_family,cxc_chemokine_receptor,0.3860706937149969
20,gc_match,within_family,cytochrome_p450,0.4888569657102368
20,gc_match,within_family,dopamine_receptor,0.270465951347684
20,gc_match,within_family,ectonucleotide_pyrophosphatase,0.5794707681267096
20,gc_match,within_family,ferritin,0.3637270502883151
20,gc_match,within_family,flavin_monooxygenase,0.5549584104967821
20,gc_match,within_family,globins,0.3859304593446007
20,gc_match,within_family,glutamate_metabotropic,0.3924149491226893
20,gc_match,within_family,glutaredoxin,0.3417806499921962
20,gc_match,within_family,glutathione_peroxidase,0.25917997732168
20,gc_match,within_family,glutathione_s_transferase,0.2714692978254898
20,gc_match,within_family,guanylate_binding_protein,0.2543478260869565
20,gc_match,within_family,heme_oxygenase,0.7490877047480821
20,gc_match,within_family,histamine_receptor,0.4553453749051488
20,gc_match,within_family,histone_deacetylase_classI,0.4859377359741426
20,gc_match,within_family,histone_h4,0.3144927536231884
20,gc_match,within_family,hox,0.2817138227511384
20,gc_match,within_family,m14_carboxypeptidase,0.554014551238432
20,gc_match,within_family,matrix_metalloproteinase,0.4762392861420009
20,gc_match,within_family,metallothionein,0.0627441327307547
20,gc_match,within_family,muscarinic_receptor,0.188875165703923
20,gc_match,within_family,nadph_oxidase,0.7221699098745757
20,gc_match,within_family,nitric_oxide_synthase,0.3063876861914417
20,gc_match,within_family,olfactory_receptors,0.0305700983436259
20,gc_match,within_family,opsins,0.479016545137868
20,gc_match,within_family,p2y_receptor,0.1814282605713927
20,gc_match,within_family,peroxidase,0.7363030045819848
20,gc_match,within_family,peroxiredoxin,0.488527958995976
20,gc_match,within_family,phosphodiesterase,0.6536134428745299
20,gc_match,within_family,rab_gtpase,0.3833053947876918
20,gc_match,within_family,ras_gtpases,0.3112947372941831
20,gc_match,within_family,rho_gtpase,0.3948783556744017
20,gc_match,within_family,serine_protease,0.4009762533379511
20,gc_match,within_family,serotonin_receptor,0.3648682164363585
20,gc_match,within_family,steap_metalloreductase,0.4258241617471295
20,gc_match,within_family,sulfotransferase,0.4386714544054779
20,gc_match,within_family,taste2_receptor,-0.1501448953463993
20,gc_match,within_family,udp_glucuronosyltransferase,0.6384725791142903
20,dinuc_shuffle,within_family,adam_metallopeptidase,0.557559329220743
20,dinuc_shuffle,within_family,adamts_metallopeptidase,0.6532518664032638
20,dinuc_shuffle,within_family,adrenoceptor,0.3328170328847214
20,dinuc_shuffle,within_family,alcohol_dehydrogenase,0.7308979790263213
20,dinuc_shuffle,within_family,aldehyde_dehydrogenase,0.5719200934008215
20,dinuc_shuffle,within_family,aldo_keto_reductase,0.6140931347200216
20,dinuc_shuffle,within_family,alkaline_phosphatase,0.8875631592349857
20,dinuc_shuffle,within_family,arachidonate_lipoxygenase,0.5879265039381102
20,dinuc_shuffle,within_family,arf_gtpase,0.3434411591355722
20,dinuc_shuffle,within_family,carbonic_anhydrase,0.4219189552061865
20,dinuc_shuffle,within_family,cxc_chemokine_receptor,0.3496773701593289
20,dinuc_shuffle,within_family,cytochrome_p450,0.4769999953240462
20,dinuc_shuffle,within_family,dopamine_receptor,0.2554462275249053
20,dinuc_shuffle,within_family,ectonucleotide_pyrophosphatase,0.516728437955124
20,dinuc_shuffle,within_family,ferritin,0.2078987973198621
20,dinuc_shuffle,within_family,flavin_monooxygenase,0.5382812125196828
20,dinuc_shuffle,within_family,globins,0.3638046114241158
20,dinuc_shuffle,within_family,glutamate_metabotropic,0.4232466782208418
20,dinuc_shuffle,within_family,glutaredoxin,0.4573573483285647
20,dinuc_shuffle,within_family,glutathione_peroxidase,0.4102295427590915
20,dinuc_shuffle,within_family,glutathione_s_transferase,0.1570485279976937
20,dinuc_shuffle,within_family,guanylate_binding_protein,0.3718050065876153
20,dinuc_shuffle,within_family,heme_oxygenase,0.5622123159859008
20,dinuc_shuffle,within_family,histamine_receptor,0.4389455089079365
20,dinuc_shuffle,within_family,histone_deacetylase_classI,0.5142863040596518
20,dinuc_shuffle,within_family,histone_h4,0.2559643255295429
20,dinuc_shuffle,within_family,hox,0.2715575606627963
20,dinuc_shuffle,within_family,m14_carboxypeptidase,0.5374915066555945
20,dinuc_shuffle,within_family,matrix_metalloproteinase,0.4699322863801159
20,dinuc_shuffle,within_family,metallothionein,0.3256320635566302
20,dinuc_shuffle,within_family,muscarinic_receptor,0.2479645704593825
20,dinuc_shuffle,within_family,nadph_oxidase,0.7732860815820767
20,dinuc_shuffle,within_family,nitric_oxide_synthase,0.3018326227449651
20,dinuc_shuffle,within_family,olfactory_receptors,0.0595893805586876
20,dinuc_shuffle,within_family,opsins,0.4161516280603584
20,dinuc_shuffle,within_family,p2y_receptor,0.2524324197813228
20,dinuc_shuffle,within_family,peroxidase,0.7409876627123533
20,dinuc_shuffle,within_family,peroxiredoxin,0.4523283748614339
20,dinuc_shuffle,within_family,phosphodiesterase,0.621347028361932
20,dinuc_shuffle,within_family,rab_gtpase,0.3856632176029015
20,dinuc_shuffle,within_family,ras_gtpases,0.2768005981458462
20,dinuc_shuffle,within_family,rho_gtpase,0.3589167208600197
20,dinuc_shuffle,within_family,serine_protease,0.3447510325998422
20,dinuc_shuffle,within_family,serotonin_receptor,0.3452805208638397
20,dinuc_shuffle,within_family,steap_metalloreductase,0.5069279651773332
20,dinuc_shuffle,within_family,sulfotransferase,0.4525764711432085
20,dinuc_shuffle,within_family,taste2_receptor,-0.0776946210139489
20,dinuc_shuffle,within_family,udp_glucuronosyltransferase,0.71979091912247
20,kmer4_shuffle,within_family,adam_metallopeptidase,0.5631550720857661
20,kmer4_shuffle,within_family,adamts_metallopeptidase,0.6326011566815221
20,kmer4_shuffle,within_family,adrenoceptor,0.1928268212474598
20,kmer4_shuffle,within_family,alcohol_dehydrogenase,0.6428015834432946
20,kmer4_shuffle,within_family,aldehyde_dehydrogenase,0.6044393010805313
20,kmer4_shuffle,within_family,aldo_keto_reductase,0.5753282384644637
20,kmer4_shuffle,within_family,alkaline_phosphatase,0.8050808840282523
20,kmer4_shuffle,within_family,arachidonate_lipoxygenase,0.4548527172863297
20,kmer4_shuffle,within_family,arf_gtpase,0.3306620788948409
20,kmer4_shuffle,within_family,carbonic_anhydrase,0.4813569864423611
20,kmer4_shuffle,within_family,cxc_chemokine_receptor,0.090372850317499
20,kmer4_shuffle,within_family,cytochrome_p450,0.5113351038088101
20,kmer4_shuffle,within_family,dopamine_receptor,0.3128551557465832
20,kmer4_shuffle,within_family,ectonucleotide_pyrophosphatase,0.5216514585034154
20,kmer4_shuffle,within_family,ferritin,0.485813678687429
20,kmer4_shuffle,within_family,flavin_monooxygenase,0.5666593437998042
20,kmer4_shuffle,within_family,globins,0.5082227085707798
20,kmer4_shuffle,within_family,glutamate_metabotropic,0.4561676011071689
20,kmer4_shuffle,within_family,glutaredoxin,0.4391225171459861
20,kmer4_shuffle,within_family,glutathione_peroxidase,0.1420886682587926
20,kmer4_shuffle,within_family,glutathione_s_transferase,0.1913788168457838
20,kmer4_shuffle,within_family,guanylate_binding_protein,0.2981554677206851
20,kmer4_shuffle,within_family,heme_oxygenase,0.5504043126684636
20,kmer4_shuffle,within_family,histamine_receptor,0.4139714418652614
20,kmer4_shuffle,within_family,histone_deacetylase_classI,0.4452510460739286
20,kmer4_shuffle,within_family,histone_h4,0.449132027392897
20,kmer4_shuffle,within_family,hox,0.2581280540529574
20,kmer4_shuffle,within_family,m14_carboxypeptidase,0.5192048406975733
20,kmer4_shuffle,within_family,matrix_metalloproteinase,0.4676718886599029
20,kmer4_shuffle,within_family,metallothionein,-0.0283334443531965
20,kmer4_shuffle,within_family,muscarinic_receptor,0.3615904727406044
20,kmer4_shuffle,within_family,nadph_oxidase,0.7720965229588552
20,kmer4_shuffle,within_family,nitric_oxide_synthase,0.4030370061195416
20,kmer4_shuffle,within_family,olfactory_receptors,0.0404163683559671
20,kmer4_shuffle,within_family,opsins,0.4015789961943097
20,kmer4_shuffle,within_family,p2y_receptor,0.1579407440645099
20,kmer4_shuffle,within_family,peroxidase,0.7047809915134527
20,kmer4_shuffle,within_family,peroxiredoxin,0.3598373212675975
20,kmer4_shuffle,within_family,phosphodiesterase,0.6030504534694485
20,kmer4_shuffle,within_family,rab_gtpase,0.438570023775128
20,kmer4_shuffle,within_family,ras_gtpases,0.2593917264585109
20,kmer4_shuffle,within_family,rho_gtpase,0.3389445139716487
20,kmer4_shuffle,within_family,serine_protease,0.3457388304118965
20,kmer4_shuffle,within_family,serotonin_receptor,0.2911481497764602
20,kmer4_shuffle,within_family,steap_metalloreductase,0.3054045058945551
20,kmer4_shuffle,within_family,sulfotransferase,0.521940830966851
20,kmer4_shuffle,within_family,taste2_receptor,0.0530580405928813
20,kmer4_shuffle,within_family,udp_glucuronosyltransferase,0.6109600589547114
20,kmer6_shuffle,within_family,adam_metallopeptidase,0.606553908716403
20,kmer6_shuffle,within_family,adamts_metallopeptidase,0.6456650650995422
20,kmer6_shuffle,within_family,adrenoceptor,0.2184126841957482
20,kmer6_shuffle,within_family,alcohol_dehydrogenase,0.7087436627543579
20,kmer6_shuffle,within_family,aldehyde_dehydrogenase,0.57823157505174
20,kmer6_shuffle,within_family,aldo_keto_reductase,0.5863957157596644
20,kmer6_shuffle,within_family,alkaline_phosphatase,0.8175619530108694
20,kmer6_shuffle,within_family,arachidonate_lipoxygenase,0.5117104775333053
20,kmer6_shuffle,within_family,arf_gtpase,0.3745412094936814
20,kmer6_shuffle,within_family,carbonic_anhydrase,0.3491212632804512
20,kmer6_shuffle,within_family,cxc_chemokine_receptor,0.2395409935623433
20,kmer6_shuffle,within_family,cytochrome_p450,0.4596474503948436
20,kmer6_shuffle,within_family,dopamine_receptor,0.2634974012479264
20,kmer6_shuffle,within_family,ectonucleotide_pyrophosphatase,0.504937702938733
20,kmer6_shuffle,within_family,ferritin,0.3454898236693168
20,kmer6_shuffle,within_family,flavin_monooxygenase,0.4988268074227631
20,kmer6_shuffle,within_family,globins,0.4712264454863547
20,kmer6_shuffle,within_family,glutamate_metabotropic,0.4168842185911883
20,kmer6_shuffle,within_family,glutaredoxin,0.5661506202608454
20,kmer6_shuffle,within_family,glutathione_peroxidase,0.3493931821997091
20,kmer6_shuffle,within_family,glutathione_s_transferase,0.2901878206113837
20,kmer6_shuffle,within_family,guanylate_binding_protein,0.2500658761528326
20,kmer6_shuffle,within_family,heme_oxygenase,0.6340970350404311
20,kmer6_shuffle,within_family,histamine_receptor,0.4884439536449562
20,kmer6_shuffle,within_family,histone_deacetylase_classI,0.506367567571362
20,kmer6_shuffle,within_family,histone_h4,0.4751075011944577
20,kmer6_shuffle,within_family,hox,0.2794460604682793
20,kmer6_shuffle,within_family,m14_carboxypeptidase,0.5181268076514164
20,kmer6_shuffle,within_family,matrix_metalloproteinase,0.4875249803061192
20,kmer6_shuffle,within_family,metallothionein,0.037151371125922
20,kmer6_shuffle,within_family,muscarinic_receptor,0.2431213942627464
20,kmer6_shuffle,within_family,nadph_oxidase,0.7314677086144007
20,kmer6_shuffle,within_family,nitric_oxide_synthase,0.5754899277813558
20,kmer6_shuffle,within_family,olfactory_receptors,0.0856664532092116
20,kmer6_shuffle,within_family,opsins,0.4402134159396774
20,kmer6_shuffle,within_family,p2y_receptor,0.2083630731521597
20,kmer6_shuffle,within_family,peroxidase,0.7231060217616587
20,kmer6_shuffle,within_family,peroxiredoxin,0.498086280467335
20,kmer6_shuffle,within_family,phosphodiesterase,0.638900011798568
20,kmer6_shuffle,within_family,rab_gtpase,0.4415747910244998
20,kmer6_shuffle,within_family,ras_gtpases,0.3567613046341055
20,kmer6_shuffle,within_family,rho_gtpase,0.4038637245285958
20,kmer6_shuffle,within_family,serine_protease,0.3569007044104458
20,kmer6_shuffle,within_family,serotonin_receptor,0.263871494396905
20,kmer6_shuffle,within_family,steap_metalloreductase,0.2394805621690287
20,kmer6_shuffle,within_family,sulfotransferase,0.4559616954750544
20,kmer6_shuffle,within_family,taste2_receptor,0.0347608568350876
20,kmer6_shuffle,within_family,udp_glucuronosyltransferase,0.5512890555671304
20,synonymous_recode,within_family,adam_metallopeptidase,0.7779583871916893
20,synonymous_recode,within_family,adamts_metallopeptidase,0.811360717529847
20,synonymous_recode,within_family,adrenoceptor,0.4378640533155249
20,synonymous_recode,within_family,alcohol_dehydrogenase,0.6435516355302451
20,synonymous_recode,within_family,aldehyde_dehydrogenase,0.7576101923176085
20,synonymous_recode,within_family,aldo_keto_reductase,0.6829813138819957
20,synonymous_recode,within_family,alkaline_phosphatase,0.9436224250465736
20,synonymous_recode,within_family,arachidonate_lipoxygenase,0.64379136600715
20,synonymous_recode,within_family,arf_gtpase,0.7076635948459864
20,synonymous_recode,within_family,carbonic_anhydrase,0.5837052553290801
20,synonymous_recode,within_family,cxc_chemokine_receptor,0.5425550570776335
20,synonymous_recode,within_family,cytochrome_p450,0.7310786916065085
20,synonymous_recode,within_family,dopamine_receptor,0.5185507673059655
20,synonymous_recode,within_family,ectonucleotide_pyrophosphatase,0.784347931379557
20,synonymous_recode,within_family,ferritin,0.492875863963983
20,synonymous_recode,within_family,flavin_monooxygenase,0.7034392676872397
20,synonymous_recode,within_family,globins,0.5924898680827443
20,synonymous_recode,within_family,glutamate_metabotropic,0.8245440063988788
20,synonymous_recode,within_family,glutaredoxin,0.7220618231635484
20,synonymous_recode,within_family,glutathione_peroxidase,0.6492064367370769
20,synonymous_recode,within_family,glutathione_s_transferase,0.5177813646380244
20,synonymous_recode,within_family,guanylate_binding_protein,0.7195652173913043
20,synonymous_recode,within_family,heme_oxygenase,0.6945365954799917
20,synonymous_recode,within_family,histamine_receptor,0.7373603253946426
20,synonymous_recode,within_family,histone_deacetylase_classI,0.842984275523534
20,synonymous_recode,within_family,histone_h4,0.0496735148909062
20,synonymous_recode,within_family,hox,0.531024936301771
20,synonymous_recode,within_family,m14_carboxypeptidase,0.7544171115448268
20,synonymous_recode,within_family,matrix_metalloproteinase,0.7569808398734266
20,synonymous_recode,within_family,metallothionein,0.2396699591216093
20,synonymous_recode,within_family,muscarinic_receptor,0.2665373059997531
20,synonymous_recode,within_family,nadph_oxidase,0.8153172796486189
20,synonymous_recode,within_family,nitric_oxide_synthase,0.6137132146019266
20,synonymous_recode,within_family,olfactory_receptors,0.3813698203540431
20,synonymous_recode,within_family,opsins,0.6604200918061469
20,synonymous_recode,within_family,p2y_receptor,0.5731017068819543
20,synonymous_recode,within_family,peroxidase,0.8167840966450836
20,synonymous_recode,within_family,peroxiredoxin,0.811406908795456
20,synonymous_recode,within_family,phosphodiesterase,0.8193656364541286
20,synonymous_recode,within_family,rab_gtpase,0.7627028285130466
20,synonymous_recode,within_family,ras_gtpases,0.6484037168526343
20,synonymous_recode,within_family,rho_gtpase,0.6618253440542015
20,synonymous_recode,within_family,serine_protease,0.7174557679832663
20,synonymous_recode,within_family,serotonin_receptor,0.5547298293527323
20,synonymous_recode,within_family,steap_metalloreductase,0.6518382963433808
20,synonymous_recode,within_family,sulfotransferase,0.7794245529431072
20,synonymous_recode,within_family,taste2_receptor,0.501988545993004
20,synonymous_recode,within_family,udp_glucuronosyltransferase,0.8632966409704378
20,missense_subset,within_family,adam_metallopeptidase,0.6930204227535848
20,missense_subset,within_family,adamts_metallopeptidase,0.6726406033053962
20,missense_subset,within_family,adrenoceptor,0.5734129571432892
20,missense_subset,within_family,alcohol_dehydrogenase,0.7623237724842001
20,missense_subset,within_family,aldehyde_dehydrogenase,0.6949339199355523
20,missense_subset,within_family,aldo_keto_reductase,0.6334767340319435
20,missense_subset,within_family,alkaline_phosphatase,0.7515312345033707
20,missense_subset,within_family,arachidonate_lipoxygenase,0.7280875853658011
20,missense_subset,within_family,arf_gtpase,0.5874357542902232
20,missense_subset,within_family,carbonic_anhydrase,0.5632651712517653
20,missense_subset,within_family,cxc_chemokine_receptor,0.4360683081008972
20,missense_subset,within_family,cytochrome_p450,0.6494066091015027
20,missense_subset,within_family,dopamine_receptor,0.4459236600751947
20,missense_subset,within_family,ectonucleotide_pyrophosphatase,0.667941001204931
20,missense_subset,within_family,ferritin,0.6088681178544001
20,missense_subset,within_family,flavin_monooxygenase,0.7010065734188903
20,missense_subset,within_family,globins,0.6133975195768632
20,missense_subset,within_family,glutamate_metabotropic,0.7326440170201113
20,missense_subset,within_family,glutaredoxin,0.7854530116547624
20,missense_subset,within_family,glutathione_peroxidase,0.3643107275033216
20,missense_subset,within_family,glutathione_s_transferase,0.5029393822393174
20,missense_subset,within_family,guanylate_binding_protein,0.3957839262187088
20,missense_subset,within_family,heme_oxygenase,0.5438523740410534
20,missense_subset,within_family,histamine_receptor,0.7243086123009143
20,missense_subset,within_family,histone_deacetylase_classI,0.8781996133367154
20,missense_subset,within_family,histone_h4,0.3618729096989966
20,missense_subset,within_family,hox,0.4717621452081367
20,missense_subset,within_family,m14_carboxypeptidase,0.6577913077657958
20,missense_subset,within_family,matrix_metalloproteinase,0.4929635056941369
20,missense_subset,within_family,metallothionein,0.1765198703309783
20,missense_subset,within_family,muscarinic_receptor,0.476285387531297
20,missense_subset,within_family,nadph_oxidase,0.801652017844916
20,missense_subset,within_family,nitric_oxide_synthase,0.7047459572023594
20,missense_subset,within_family,olfactory_receptors,0.342208761540155
20,missense_subset,within_family,opsins,0.7523890288736101
20,missense_subset,within_family,p2y_receptor,0.4054839035591852
20,missense_subset,within_family,peroxidase,0.7845485206146742
20,missense_subset,within_family,peroxiredoxin,0.728839472553539
20,missense_subset,within_family,phosphodiesterase,0.7623519377761567
20,missense_subset,within_family,rab_gtpase,0.6230225598207548
20,missense_subset,within_family,ras_gtpases,0.4368142879752995
20,missense_subset,within_family,rho_gtpase,0.5448230051308812
20,missense_subset,within_family,serine_protease,0.5564632313694073
20,missense_subset,within_family,serotonin_receptor,0.3928371314936386
20,missense_subset,within_family,steap_metalloreductase,0.6934903624331077
20,missense_subset,within_family,sulfotransferase,0.6638030766158708
20,missense_subset,within_family,taste2_receptor,0.1353843771622045
20,missense_subset,within_family,udp_glucuronosyltransferase,0.8534516285853184
20,paired_p3_syn,within_family,adam_metallopeptidase,0.8648840812451538
20,paired_p3_syn,within_family,adamts_metallopeptidase,0.8900163073440933
20,paired_p3_syn,within_family,adrenoceptor,0.4646979008993471
20,paired_p3_syn,within_family,alcohol_dehydrogenase,0.7019029099243003
20,paired_p3_syn,within_family,aldehyde_dehydrogenase,0.8049624095899052
20,paired_p3_syn,within_family,aldo_keto_reductase,0.7328545325695452
20,paired_p3_syn,within_family,alkaline_phosphatase,0.8913125058635893
20,paired_p3_syn,within_family,arachidonate_lipoxygenase,0.7448547516202977
20,paired_p3_syn,within_family,arf_gtpase,0.8126417189153485
20,paired_p3_syn,within_family,carbonic_anhydrase,0.6458936327173049
20,paired_p3_syn,within_family,cxc_chemokine_receptor,0.68812645774136
20,paired_p3_syn,within_family,cytochrome_p450,0.7660457904764835
20,paired_p3_syn,within_family,dopamine_receptor,0.5862739757234993
20,paired_p3_syn,within_family,ectonucleotide_pyrophosphatase,0.8231961503005939
20,paired_p3_syn,within_family,ferritin,0.637036086443201
20,paired_p3_syn,within_family,flavin_monooxygenase,0.7850092502407644
20,paired_p3_syn,within_family,globins,0.6817935987965501
20,paired_p3_syn,within_family,glutamate_metabotropic,0.7395258173077437
20,paired_p3_syn,within_family,glutaredoxin,0.8729782131621561
20,paired_p3_syn,within_family,glutathione_peroxidase,0.6793714817279709
20,paired_p3_syn,within_family,glutathione_s_transferase,0.6028892424762499
20,paired_p3_syn,within_family,guanylate_binding_protein,0.6962450592885374
20,paired_p3_syn,within_family,heme_oxygenase,0.881754094961642
20,paired_p3_syn,within_family,histamine_receptor,0.8249965371052852
20,paired_p3_syn,within_family,histone_deacetylase_classI,0.9204717345982716
20,paired_p3_syn,within_family,histone_h4,0.4763019589106546
20,paired_p3_syn,within_family,hox,0.7238166725176589
20,paired_p3_syn,within_family,m14_carboxypeptidase,0.794362056690453
20,paired_p3_syn,within_family,matrix_metalloproteinase,0.8150022551136981
20,paired_p3_syn,within_family,metallothionein,0.5542998567683193
20,paired_p3_syn,within_family,muscarinic_receptor,0.6053897212878376
20,paired_p3_syn,within_family,nadph_oxidase,0.7835471533253116
20,paired_p3_syn,within_family,nitric_oxide_synthase,0.7151768125672068
20,paired_p3_syn,within_family,olfactory_receptors,0.6540914088762707
20,paired_p3_syn,within_family,opsins,0.7471950008836602
20,paired_p3_syn,within_family,p2y_receptor,0.626644406412809
20,paired_p3_syn,within_family,peroxidase,0.8038791404755254
20,paired_p3_syn,within_family,peroxiredoxin,0.8568004066365612
20,paired_p3_syn,within_family,phosphodiesterase,0.8542762966779545
20,paired_p3_syn,within_family,rab_gtpase,0.8375267065486748
20,paired_p3_syn,within_family,ras_gtpases,0.7497059114765092
20,paired_p3_syn,within_family,rho_gtpase,0.708908552038206
20,paired_p3_syn,within_family,serine_protease,0.7072595753191375
20,paired_p3_syn,within_family,serotonin_receptor,0.7325585009244789
20,paired_p3_syn,within_family,steap_metalloreductase,0.7282405909979047
20,paired_p3_syn,within_family,sulfotransferase,0.7937166949590229
20,paired_p3_syn,within_family,taste2_receptor,0.6253465081859608
20,paired_p3_syn,within_family,udp_glucuronosyltransferase,0.8797923852736688
20,paired_p3_missense,within_family,adam_metallopeptidase,0.779266823872763
20,paired_p3_missense,within_family,adamts_metallopeptidase,0.7257423335039513
20,paired_p3_missense,within_family,adrenoceptor,0.5538305934440928
20,paired_p3_missense,within_family,alcohol_dehydrogenase,0.6983679422182095
20,paired_p3_missense,within_family,aldehyde_dehydrogenase,0.6897688532741689
20,paired_p3_missense,within_family,aldo_keto_reductase,0.6390273386048855
20,paired_p3_missense,within_family,alkaline_phosphatase,0.8862530658196293
20,paired_p3_missense,within_family,arachidonate_lipoxygenase,0.650277780367514
20,paired_p3_missense,within_family,arf_gtpase,0.7771319814200854
20,paired_p3_missense,within_family,carbonic_anhydrase,0.45092302868418
20,paired_p3_missense,within_family,cxc_chemokine_receptor,0.7040310785689551
20,paired_p3_missense,within_family,cytochrome_p450,0.7182767664515408
20,paired_p3_missense,within_family,dopamine_receptor,0.6326956798718355
20,paired_p3_missense,within_family,ectonucleotide_pyrophosphatase,0.64182759116045
20,paired_p3_missense,within_family,ferritin,0.6826807115228413
20,paired_p3_missense,within_family,flavin_monooxygenase,0.7569147321061762
20,paired_p3_missense,within_family,globins,0.7166768683391719
20,paired_p3_missense,within_family,glutamate_metabotropic,0.6610306639180732
20,paired_p3_missense,within_family,glutaredoxin,0.8308301004294805
20,paired_p3_missense,within_family,glutathione_peroxidase,0.5519694736671026
20,paired_p3_missense,within_family,glutathione_s_transferase,0.5756710354969322
20,paired_p3_missense,within_family,guanylate_binding_protein,0.339855072463768
20,paired_p3_missense,within_family,heme_oxygenase,0.8282085838689611
20,paired_p3_missense,within_family,histamine_receptor,0.7346069509190454
20,paired_p3_missense,within_family,histone_deacetylase_classI,0.8093689058647724
20,paired_p3_missense,within_family,histone_h4,0.4865583691670648
20,paired_p3_missense,within_family,hox,0.6714295994579067
20,paired_p3_missense,within_family,m14_carboxypeptidase,0.7175242020276684
20,paired_p3_missense,within_family,matrix_metalloproteinase,0.7352510830144953
20,paired_p3_missense,within_family,metallothionein,0.3000203669756083
20,paired_p3_missense,within_family,muscarinic_receptor,0.4309940425392576
20,paired_p3_missense,within_family,nadph_oxidase,0.7910580514305822
20,paired_p3_missense,within_family,nitric_oxide_synthase,0.5741851965600598
20,paired_p3_missense,within_family,olfactory_receptors,0.5316296316725999
20,paired_p3_missense,within_family,opsins,0.7580759935454662
20,paired_p3_missense,within_family,p2y_receptor,0.5724722111492879
20,paired_p3_missense,within_family,peroxidase,0.7927662383994449
20,paired_p3_missense,within_family,peroxiredoxin,0.7285098973927143
20,paired_p3_missense,within_family,phosphodiesterase,0.801046540182334
20,paired_p3_missense,within_family,rab_gtpase,0.7417065861086911
20,paired_p3_missense,within_family,ras_gtpases,0.6478518495668356
20,paired_p3_missense,within_family,rho_gtpase,0.706999528775324
20,paired_p3_missense,within_family,serine_protease,0.5523976681991456
20,paired_p3_missense,within_family,serotonin_receptor,0.5188847627104621
20,paired_p3_missense,within_family,steap_metalloreductase,0.6813327273320972
20,paired_p3_missense,within_family,sulfotransferase,0.7238116606851693
20,paired_p3_missense,within_family,taste2_receptor,0.2056807419423238
20,paired_p3_missense,within_family,udp_glucuronosyltransferase,0.8652832758447733
21,natural,within_family,adam_metallopeptidase,1.0
21,natural,within_family,adamts_metallopeptidase,1.0
21,natural,within_family,adrenoceptor,1.0
21,natural,within_family,alcohol_dehydrogenase,1.0
21,natural,within_family,aldehyde_dehydrogenase,1.0
21,natural,within_family,aldo_keto_reductase,1.0
21,natural,within_family,alkaline_phosphatase,1.0
21,natural,within_family,arachidonate_lipoxygenase,1.0
21,natural,within_family,arf_gtpase,1.0
21,natural,within_family,carbonic_anhydrase,1.0
21,natural,within_family,cxc_chemokine_receptor,1.0
21,natural,within_family,cytochrome_p450,1.0
21,natural,within_family,dopamine_receptor,1.0
21,natural,within_family,ectonucleotide_pyrophosphatase,1.0
21,natural,within_family,ferritin,1.0
21,natural,within_family,flavin_monooxygenase,1.0
21,natural,within_family,globins,1.0
21,natural,within_family,glutamate_metabotropic,1.0
21,natural,within_family,glutaredoxin,1.0
21,natural,within_family,glutathione_peroxidase,1.0
21,natural,within_family,glutathione_s_transferase,1.0
21,natural,within_family,guanylate_binding_protein,1.0
21,natural,within_family,heme_oxygenase,1.0
21,natural,within_family,histamine_receptor,1.0
21,natural,within_family,histone_deacetylase_classI,1.0
21,natural,within_family,histone_h4,1.0
21,natural,within_family,hox,1.0
21,natural,within_family,m14_carboxypeptidase,1.0
21,natural,within_family,matrix_metalloproteinase,1.0
21,natural,within_family,metallothionein,1.0
21,natural,within_family,muscarinic_receptor,1.0
21,natural,within_family,nadph_oxidase,1.0
21,natural,within_family,nitric_oxide_synthase,1.0
21,natural,within_family,olfactory_receptors,1.0
21,natural,within_family,opsins,1.0
21,natural,within_family,p2y_receptor,1.0
21,natural,within_family,peroxidase,1.0
21,natural,within_family,peroxiredoxin,1.0
21,natural,within_family,phosphodiesterase,1.0
21,natural,within_family,rab_gtpase,1.0
21,natural,within_family,ras_gtpases,1.0
21,natural,within_family,rho_gtpase,1.0
21,natural,within_family,serine_protease,1.0
21,natural,within_family,serotonin_receptor,1.0
21,natural,within_family,steap_metalloreductase,1.0
21,natural,within_family,sulfotransferase,1.0
21,natural,within_family,taste2_receptor,1.0
21,natural,within_family,udp_glucuronosyltransferase,1.0
21,gc_match,within_family,adam_metallopeptidase,0.5809462849225601
21,gc_match,within_family,adamts_metallopeptidase,0.648805942306441
21,gc_match,within_family,adrenoceptor,0.2619579303550728
21,gc_match,within_family,alcohol_dehydrogenase,0.8000486144871171
21,gc_match,within_family,aldehyde_dehydrogenase,0.5696020383355077
21,gc_match,within_family,aldo_keto_reductase,0.5645930498237379
21,gc_match,within_family,alkaline_phosphatase,0.7912294104244568
21,gc_match,within_family,arachidonate_lipoxygenase,0.5129078088230611
21,gc_match,within_family,arf_gtpase,0.3472734401109553
21,gc_match,within_family,carbonic_anhydrase,0.4652272363076912
21,gc_match,within_family,cxc_chemokine_receptor,0.3864942382863519
21,gc_match,within_family,cytochrome_p450,0.488770587649894
21,gc_match,within_family,dopamine_receptor,0.2543385100874763
21,gc_match,within_family,ectonucleotide_pyrophosphatase,0.6029649824680506
21,gc_match,within_family,ferritin,0.3789988435187226
21,gc_match,within_family,flavin_monooxygenase,0.5572193505482084
21,gc_match,within_family,globins,0.3711952828568732
21,gc_match,within_family,glutamate_metabotropic,0.3953878381227616
21,gc_match,within_family,glutaredoxin,0.341542969487585
21,gc_match,within_family,glutathione_peroxidase,0.2842516870128803
21,gc_match,within_family,glutathione_s_transferase,0.2767365209897218
21,gc_match,within_family,guanylate_binding_protein,0.2828063241106718
21,gc_match,within_family,heme_oxygenase,0.7388554841385029
21,gc_match,within_family,histamine_receptor,0.4589339786465436
21,gc_match,within_family,histone_deacetylase_classI,0.5101232489412756
21,gc_match,within_family,histone_h4,0.3136008918617614
21,gc_match,within_family,hox,0.2850911900529358
21,gc_match,within_family,m14_carboxypeptidase,0.5536006625127813
21,gc_match,within_family,matrix_metalloproteinase,0.470353738901308
21,gc_match,within_family,metallothionein,0.0771840660295927
21,gc_match,within_family,muscarinic_receptor,0.1909698832707452
21,gc_match,within_family,nadph_oxidase,0.719590464904175
21,gc_match,within_family,nitric_oxide_synthase,0.3054286225456311
21,gc_match,within_family,olfactory_receptors,0.0338887269094381
21,gc_match,within_family,opsins,0.4988631435730297
21,gc_match,within_family,p2y_receptor,0.183196101794623
21,gc_match,within_family,peroxidase,0.7342098370390444
21,gc_match,within_family,peroxiredoxin,0.4809786813817348
21,gc_match,within_family,phosphodiesterase,0.6552769646906905
21,gc_match,within_family,rab_gtpase,0.3838007073331774
21,gc_match,within_family,ras_gtpases,0.3081634177466779
21,gc_match,within_family,rho_gtpase,0.390116901660638
21,gc_match,within_family,serine_protease,0.3949272690880518
21,gc_match,within_family,serotonin_receptor,0.363166445972539
21,gc_match,within_family,steap_metalloreductase,0.4279812346093208
21,gc_match,within_family,sulfotransferase,0.4406621772071265
21,gc_match,within_family,taste2_receptor,-0.1533452380658397
21,gc_match,within_family,udp_glucuronosyltransferase,0.6327530461220301
21,dinuc_shuffle,within_family,adam_metallopeptidase,0.5584951220542097
21,dinuc_shuffle,within_family,adamts_metallopeptidase,0.6483358297244062
21,dinuc_shuffle,within_family,adrenoceptor,0.3390034723613569
21,dinuc_shuffle,within_family,alcohol_dehydrogenase,0.7186401833460656
21,dinuc_shuffle,within_family,aldehyde_dehydrogenase,0.5696887635986445
21,dinuc_shuffle,within_family,aldo_keto_reductase,0.6089378361981321
21,dinuc_shuffle,within_family,alkaline_phosphatase,0.8869868521571307
21,dinuc_shuffle,within_family,arachidonate_lipoxygenase,0.5863366387986533
21,dinuc_shuffle,within_family,arf_gtpase,0.3522049660113906
21,dinuc_shuffle,within_family,carbonic_anhydrase,0.4284589689862413
21,dinuc_shuffle,within_family,cxc_chemokine_receptor,0.3277143626464844
21,dinuc_shuffle,within_family,cytochrome_p450,0.4775834887372044
21,dinuc_shuffle,within_family,dopamine_receptor,0.2468268415512416
21,dinuc_shuffle,within_family,ectonucleotide_pyrophosphatase,0.5326135261387137
21,dinuc_shuffle,within_family,ferritin,0.2232439148853935
21,dinuc_shuffle,within_family,flavin_monooxygenase,0.5433664438625642
21,dinuc_shuffle,within_family,globins,0.3501454423464878
21,dinuc_shuffle,within_family,glutamate_metabotropic,0.4200617973762303
21,dinuc_shuffle,within_family,glutaredoxin,0.4648382198668877
21,dinuc_shuffle,within_family,glutathione_peroxidase,0.4203208582652307
21,dinuc_shuffle,within_family,glutathione_s_transferase,0.1510108097070943
21,dinuc_shuffle,within_family,guanylate_binding_protein,0.3729249011857707
21,dinuc_shuffle,within_family,heme_oxygenase,0.5401513580758863
21,dinuc_shuffle,within_family,histamine_receptor,0.4493841694506497
21,dinuc_shuffle,within_family,histone_deacetylase_classI,0.5357353303331347
21,dinuc_shuffle,within_family,histone_h4,0.2387163561076604
21,dinuc_shuffle,within_family,hox,0.275557386175547
21,dinuc_shuffle,within_family,m14_carboxypeptidase,0.5361294810205516
21,dinuc_shuffle,within_family,matrix_metalloproteinase,0.4660018824783175
21,dinuc_shuffle,within_family,metallothionein,0.3035874905811764
21,dinuc_shuffle,within_family,muscarinic_receptor,0.2619798333821799
21,dinuc_shuffle,within_family,nadph_oxidase,0.7700484772633884
21,dinuc_shuffle,within_family,nitric_oxide_synthase,0.3086756606064528
21,dinuc_shuffle,within_family,olfactory_receptors,0.0619352880425502
21,dinuc_shuffle,within_family,opsins,0.4225187727956702
21,dinuc_shuffle,within_family,p2y_receptor,0.2512450961835519
21,dinuc_shuffle,within_family,peroxidase,0.7393533020983185
21,dinuc_shuffle,within_family,peroxiredoxin,0.4444221435248071
21,dinuc_shuffle,within_family,phosphodiesterase,0.6147990876376616
21,dinuc_shuffle,within_family,rab_gtpase,0.386693229207156
21,dinuc_shuffle,within_family,ras_gtpases,0.2783515214031213
21,dinuc_shuffle,within_family,rho_gtpase,0.3590111587390971
21,dinuc_shuffle,within_family,serine_protease,0.3544536521364523
21,dinuc_shuffle,within_family,serotonin_receptor,0.3504961595509542
21,dinuc_shuffle,within_family,steap_metalloreductase,0.52038921328105
21,dinuc_shuffle,within_family,sulfotransferase,0.453985409082103
21,dinuc_shuffle,within_family,taste2_receptor,-0.0779524142146898
21,dinuc_shuffle,within_family,udp_glucuronosyltransferase,0.7253615220192762
21,kmer4_shuffle,within_family,adam_metallopeptidase,0.5636021259746175
21,kmer4_shuffle,within_family,adamts_metallopeptidase,0.6280878044164161
21,kmer4_shuffle,within_family,adrenoceptor,0.1885781234589443
21,kmer4_shuffle,within_family,alcohol_dehydrogenase,0.615153830127092
21,kmer4_shuffle,within_family,aldehyde_dehydrogenase,0.5997489520131962
21,kmer4_shuffle,within_family,aldo_keto_reductase,0.5774310417045004
21,kmer4_shuffle,within_family,alkaline_phosphatase,0.8082572742015466
21,kmer4_shuffle,within_family,arachidonate_lipoxygenase,0.445423078680194
21,kmer4_shuffle,within_family,arf_gtpase,0.3365334764870483
21,kmer4_shuffle,within_family,carbonic_anhydrase,0.4692419467854817
21,kmer4_shuffle,within_family,cxc_chemokine_receptor,0.0957188872257455
21,kmer4_shuffle,within_family,cytochrome_p450,0.5094991677155702
21,kmer4_shuffle,within_family,dopamine_receptor,0.3080280852484124
21,kmer4_shuffle,within_family,ectonucleotide_pyrophosphatase,0.5402846995693105
21,kmer4_shuffle,within_family,ferritin,0.482650566514784
21,kmer4_shuffle,within_family,flavin_monooxygenase,0.5672667032425697
21,kmer4_shuffle,within_family,globins,0.5140769060261148
21,kmer4_shuffle,within_family,glutamate_metabotropic,0.4604056184764952
21,kmer4_shuffle,within_family,glutaredoxin,0.4721295224444039
21,kmer4_shuffle,within_family,glutathione_peroxidase,0.1545849441264546
21,kmer4_shuffle,within_family,glutathione_s_transferase,0.1861920047856329
21,kmer4_shuffle,within_family,guanylate_binding_protein,0.3030961791831357
21,kmer4_shuffle,within_family,heme_oxygenase,0.5558262492224756
21,kmer4_shuffle,within_family,histamine_receptor,0.415482247671346
21,kmer4_shuffle,within_family,histone_deacetylase_classI,0.4775158956732712
21,kmer4_shuffle,within_family,histone_h4,0.4416467590380634
21,kmer4_shuffle,within_family,hox,0.2594912376384286
21,kmer4_shuffle,within_family,m14_carboxypeptidase,0.5204201343292499
21,kmer4_shuffle,within_family,matrix_metalloproteinase,0.4642123454319781
21,kmer4_shuffle,within_family,metallothionein,-0.0463606226805236
21,kmer4_shuffle,within_family,muscarinic_receptor,0.3629536915802779
21,kmer4_shuffle,within_family,nadph_oxidase,0.7750114923579637
21,kmer4_shuffle,within_family,nitric_oxide_synthase,0.385794033830619
21,kmer4_shuffle,within_family,olfactory_receptors,0.0407354801095708
21,kmer4_shuffle,within_family,opsins,0.4168751842814399
21,kmer4_shuffle,within_family,p2y_receptor,0.1654680766586743
21,kmer4_shuffle,within_family,peroxidase,0.7017989969827363
21,kmer4_shuffle,within_family,peroxiredoxin,0.3612406926661694
21,kmer4_shuffle,within_family,phosphodiesterase,0.6009661101069006
21,kmer4_shuffle,within_family,rab_gtpase,0.4426868641488915
21,kmer4_shuffle,within_family,ras_gtpases,0.264945013889964
21,kmer4_shuffle,within_family,rho_gtpase,0.336906211202325
21,kmer4_shuffle,within_family,serine_protease,0.3455122797687376
21,kmer4_shuffle,within_family,serotonin_receptor,0.2929718032382425
21,kmer4_shuffle,within_family,steap_metalloreductase,0.3405202416922441
21,kmer4_shuffle,within_family,sulfotransferase,0.5224763725919223
21,kmer4_shuffle,within_family,taste2_receptor,0.0447001978468646
21,kmer4_shuffle,within_family,udp_glucuronosyltransferase,0.619087359461691
21,kmer6_shuffle,within_family,adam_metallopeptidase,0.6091622118688614
21,kmer6_shuffle,within_family,adamts_metallopeptidase,0.6433037616123026
21,kmer6_shuffle,within_family,adrenoceptor,0.211393850294586
21,kmer6_shuffle,within_family,alcohol_dehydrogenase,0.7049934023196055
21,kmer6_shuffle,within_family,aldehyde_dehydrogenase,0.5804546115611406
21,kmer6_shuffle,within_family,aldo_keto_reductase,0.5944123291856886
21,kmer6_shuffle,within_family,alkaline_phosphatase,0.8142917454062965
21,kmer6_shuffle,within_family,arachidonate_lipoxygenase,0.5080147765157419
21,kmer6_shuffle,within_family,arf_gtpase,0.3764881316140905
21,kmer6_shuffle,within_family,carbonic_anhydrase,0.3691756733805338
21,kmer6_shuffle,within_family,cxc_chemokine_receptor,0.2695230008014771
21,kmer6_shuffle,within_family,cytochrome_p450,0.466709737426897
21,kmer6_shuffle,within_family,dopamine_receptor,0.2849925768225635
21,kmer6_shuffle,within_family,ectonucleotide_pyrophosphatase,0.5181216373637206
21,kmer6_shuffle,within_family,ferritin,0.3999295945471253
21,kmer6_shuffle,within_family,flavin_monooxygenase,0.4901499700681048
21,kmer6_shuffle,within_family,globins,0.5102224269170363
21,kmer6_shuffle,within_family,glutamate_metabotropic,0.4057149681874114
21,kmer6_shuffle,within_family,glutaredoxin,0.5740794687209614
21,kmer6_shuffle,within_family,glutathione_peroxidase,0.3750088518019805
21,kmer6_shuffle,within_family,glutathione_s_transferase,0.2866393944039332
21,kmer6_shuffle,within_family,guanylate_binding_protein,0.2346508563899868
21,kmer6_shuffle,within_family,heme_oxygenase,0.6295148247978436
21,kmer6_shuffle,within_family,histamine_receptor,0.4904255010803123
21,kmer6_shuffle,within_family,histone_deacetylase_classI,0.5391581691095453
21,kmer6_shuffle,within_family,histone_h4,0.4641662685140947
21,kmer6_shuffle,within_family,hox,0.2805472690972972
21,kmer6_shuffle,within_family,m14_carboxypeptidase,0.52195484543091
21,kmer6_shuffle,within_family,matrix_metalloproteinase,0.4796855754164529
21,kmer6_shuffle,within_family,metallothionein,0.0271652663656109
21,kmer6_shuffle,within_family,muscarinic_receptor,0.2444760518788774
21,kmer6_shuffle,within_family,nadph_oxidase,0.7290675384632621
21,kmer6_shuffle,within_family,nitric_oxide_synthase,0.5620951714897288
21,kmer6_shuffle,within_family,olfactory_receptors,0.088398110119507
21,kmer6_shuffle,within_family,opsins,0.4415578086164751
21,kmer6_shuffle,within_family,p2y_receptor,0.2102999959279101
21,kmer6_shuffle,within_family,peroxidase,0.72604858599511
21,kmer6_shuffle,within_family,peroxiredoxin,0.5017888426372663
21,kmer6_shuffle,within_family,phosphodiesterase,0.6388833822760615
21,kmer6_shuffle,within_family,rab_gtpase,0.4428797547561396
21,kmer6_shuffle,within_family,ras_gtpases,0.353783275968714
21,kmer6_shuffle,within_family,rho_gtpase,0.403110925310446
21,kmer6_shuffle,within_family,serine_protease,0.3545257157915568
21,kmer6_shuffle,within_family,serotonin_receptor,0.2559491072134758
21,kmer6_shuffle,within_family,steap_metalloreductase,0.243137917484031
21,kmer6_shuffle,within_family,sulfotransferase,0.4601018171264634
21,kmer6_shuffle,within_family,taste2_receptor,0.048436902846208
21,kmer6_shuffle,within_family,udp_glucuronosyltransferase,0.5564076594825258
21,synonymous_recode,within_family,adam_metallopeptidase,0.7742637836176579
21,synonymous_recode,within_family,adamts_metallopeptidase,0.8124809721579027
21,synonymous_recode,within_family,adrenoceptor,0.4553759524198443
21,synonymous_recode,within_family,alcohol_dehydrogenase,0.6061115355233001
21,synonymous_recode,within_family,aldehyde_dehydrogenase,0.7699080272134831
21,synonymous_recode,within_family,aldo_keto_reductase,0.7063586378698549
21,synonymous_recode,within_family,alkaline_phosphatase,0.9450497902510284
21,synonymous_recode,within_family,arachidonate_lipoxygenase,0.6338904671705194
21,synonymous_recode,within_family,arf_gtpase,0.7021538258459971
21,synonymous_recode,within_family,carbonic_anhydrase,0.597967663652945
21,synonymous_recode,within_family,cxc_chemokine_receptor,0.541637750066125
21,synonymous_recode,within_family,cytochrome_p450,0.7441565720786927
21,synonymous_recode,within_family,dopamine_receptor,0.5332593728694734
21,synonymous_recode,within_family,ectonucleotide_pyrophosphatase,0.7838250778649446
21,synonymous_recode,within_family,ferritin,0.4972797023947918
21,synonymous_recode,within_family,flavin_monooxygenase,0.7017453740967771
21,synonymous_recode,within_family,globins,0.6071030579663047
21,synonymous_recode,within_family,glutamate_metabotropic,0.8218344971640241
21,synonymous_recode,within_family,glutaredoxin,0.7129355635211295
21,synonymous_recode,within_family,glutathione_peroxidase,0.6503938891882982
21,synonymous_recode,within_family,glutathione_s_transferase,0.5299546285079341
21,synonymous_recode,within_family,guanylate_binding_protein,0.7067193675889327
21,synonymous_recode,within_family,heme_oxygenase,0.7185154468173336
21,synonymous_recode,within_family,histamine_receptor,0.7448021802549278
21,synonymous_recode,within_family,histone_deacetylase_classI,0.8601665581680099
21,synonymous_recode,within_family,histone_h4,0.0632425545469023
21,synonymous_recode,within_family,hox,0.5394253107710382
21,synonymous_recode,within_family,m14_carboxypeptidase,0.751523178603633
21,synonymous_recode,within_family,matrix_metalloproteinase,0.7660693296121799
21,synonymous_recode,within_family,metallothionein,0.2412784524222831
21,synonymous_recode,within_family,muscarinic_receptor,0.2641613649694901
21,synonymous_recode,within_family,nadph_oxidase,0.7977924880457664
21,synonymous_recode,within_family,nitric_oxide_synthase,0.6334590778795911
21,synonymous_recode,within_family,olfactory_receptors,0.3709157414609473
21,synonymous_recode,within_family,opsins,0.663466157177449
21,synonymous_recode,within_family,p2y_receptor,0.5796126254448785
21,synonymous_recode,within_family,peroxidase,0.8338949950631445
21,synonymous_recode,within_family,peroxiredoxin,0.8144062213249512
21,synonymous_recode,within_family,phosphodiesterase,0.8138105735027245
21,synonymous_recode,within_family,rab_gtpase,0.7712274955210473
21,synonymous_recode,within_family,ras_gtpases,0.6579604867611892
21,synonymous_recode,within_family,rho_gtpase,0.6670385980928771
21,synonymous_recode,within_family,serine_protease,0.7217534675179157
21,synonymous_recode,within_family,serotonin_receptor,0.5562643055932043
21,synonymous_recode,within_family,steap_metalloreductase,0.6344683338772584
21,synonymous_recode,within_family,sulfotransferase,0.7865507014903698
21,synonymous_recode,within_family,taste2_receptor,0.5064361055310377
21,synonymous_recode,within_family,udp_glucuronosyltransferase,0.8686239785170267
21,missense_subset,within_family,adam_metallopeptidase,0.6957052510587891
21,missense_subset,within_family,adamts_metallopeptidase,0.6883802290346694
21,missense_subset,within_family,adrenoceptor,0.579451799982996
21,missense_subset,within_family,alcohol_dehydrogenase,0.7563094659351343
21,missense_subset,within_family,aldehyde_dehydrogenase,0.7073280763507519
21,missense_subset,within_family,aldo_keto_reductase,0.6536633313301276
21,missense_subset,within_family,alkaline_phosphatase,0.7476880704434883
21,missense_subset,within_family,arachidonate_lipoxygenase,0.7264805966515454
21,missense_subset,within_family,arf_gtpase,0.5930029228471458
21,missense_subset,within_family,carbonic_anhydrase,0.5731734103523912
21,missense_subset,within_family,cxc_chemokine_receptor,0.442336385197671
21,missense_subset,within_family,cytochrome_p450,0.6693606458059924
21,missense_subset,within_family,dopamine_receptor,0.4386847033230722
21,missense_subset,within_family,ectonucleotide_pyrophosphatase,0.6750547278887756
21,missense_subset,within_family,ferritin,0.6034523834686586
21,missense_subset,within_family,flavin_monooxygenase,0.706679784535974
21,missense_subset,within_family,globins,0.6289512573487436
21,missense_subset,within_family,glutamate_metabotropic,0.7288540406568987
21,missense_subset,within_family,glutaredoxin,0.7883427577278025
21,missense_subset,within_family,glutathione_peroxidase,0.3752852108079216
21,missense_subset,within_family,glutathione_s_transferase,0.5090109900855214
21,missense_subset,within_family,guanylate_binding_protein,0.3838603425559946
21,missense_subset,within_family,heme_oxygenase,0.5506116524984449
21,missense_subset,within_family,histamine_receptor,0.7362189305617025
21,missense_subset,within_family,histone_deacetylase_classI,0.8832763335975532
21,missense_subset,within_family,histone_h4,0.3606465997770345
21,missense_subset,within_family,hox,0.4832161847546398
21,missense_subset,within_family,m14_carboxypeptidase,0.6675864054930282
21,missense_subset,within_family,matrix_metalloproteinase,0.5057776133093186
21,missense_subset,within_family,metallothionein,0.154859744126813
21,missense_subset,within_family,muscarinic_receptor,0.4881142772854002
21,missense_subset,within_family,nadph_oxidase,0.7904247480043116
21,missense_subset,within_family,nitric_oxide_synthase,0.7000135084324232
21,missense_subset,within_family,olfactory_receptors,0.3479808971874027
21,missense_subset,within_family,opsins,0.7603131673306688
21,missense_subset,within_family,p2y_receptor,0.4064962829379532
21,missense_subset,within_family,peroxidase,0.786470280617786
21,missense_subset,within_family,peroxiredoxin,0.7377068325400618
21,missense_subset,within_family,phosphodiesterase,0.771286069190971
21,missense_subset,within_family,rab_gtpase,0.642040186061959
21,missense_subset,within_family,ras_gtpases,0.4606670009680345
21,missense_subset,within_family,rho_gtpase,0.5655481494420913
21,missense_subset,within_family,serine_protease,0.558279365216345
21,missense_subset,within_family,serotonin_receptor,0.3979214897967802
21,missense_subset,within_family,steap_metalloreductase,0.6672396124778152
21,missense_subset,within_family,sulfotransferase,0.6682533368672476
21,missense_subset,within_family,taste2_receptor,0.1433497429264146
21,missense_subset,within_family,udp_glucuronosyltransferase,0.8588603761063656
21,paired_p3_syn,within_family,adam_metallopeptidase,0.8644422900048143
21,paired_p3_syn,within_family,adamts_metallopeptidase,0.8892602603510615
21,paired_p3_syn,within_family,adrenoceptor,0.480463420029581
21,paired_p3_syn,within_family,alcohol_dehydrogenase,0.6842836308076949
21,paired_p3_syn,within_family,aldehyde_dehydrogenase,0.8104761590041999
21,paired_p3_syn,within_family,aldo_keto_reductase,0.7407225241170665
21,paired_p3_syn,within_family,alkaline_phosphatase,0.8869466446865828
21,paired_p3_syn,within_family,arachidonate_lipoxygenase,0.7255683286686363
21,paired_p3_syn,within_family,arf_gtpase,0.81460882602662
21,paired_p3_syn,within_family,carbonic_anhydrase,0.6552043921467495
21,paired_p3_syn,within_family,cxc_chemokine_receptor,0.6907033493626363
21,paired_p3_syn,within_family,cytochrome_p450,0.776507466038261
21,paired_p3_syn,within_family,dopamine_receptor,0.5947184915198377
21,paired_p3_syn,within_family,ectonucleotide_pyrophosphatase,0.8195010244878167
21,paired_p3_syn,within_family,ferritin,0.6057449641732365
21,paired_p3_syn,within_family,flavin_monooxygenase,0.7868434306825524
21,paired_p3_syn,within_family,globins,0.705477999460386
21,paired_p3_syn,within_family,glutamate_metabotropic,0.7342003829539638
21,paired_p3_syn,within_family,glutaredoxin,0.8757906412088214
21,paired_p3_syn,within_family,glutathione_peroxidase,0.682011054212745
21,paired_p3_syn,within_family,glutathione_s_transferase,0.6203419601787784
21,paired_p3_syn,within_family,guanylate_binding_protein,0.6843214756258233
21,paired_p3_syn,within_family,heme_oxygenase,0.861465892597968
21,paired_p3_syn,within_family,histamine_receptor,0.8252178450865166
21,paired_p3_syn,within_family,histone_deacetylase_classI,0.9249976708405394
21,paired_p3_syn,within_family,histone_h4,0.4781175346392738
21,paired_p3_syn,within_family,hox,0.7324027687158616
21,paired_p3_syn,within_family,m14_carboxypeptidase,0.7942044851933651
21,paired_p3_syn,within_family,matrix_metalloproteinase,0.8156686470257671
21,paired_p3_syn,within_family,metallothionein,0.5732257441276056
21,paired_p3_syn,within_family,muscarinic_receptor,0.6025476805676742
21,paired_p3_syn,within_family,nadph_oxidase,0.7666254786415024
21,paired_p3_syn,within_family,nitric_oxide_synthase,0.7247655221702626
21,paired_p3_syn,within_family,olfactory_receptors,0.6505797881627686
21,paired_p3_syn,within_family,opsins,0.7563251949753274
21,paired_p3_syn,within_family,p2y_receptor,0.6287542400872217
21,paired_p3_syn,within_family,peroxidase,0.8106279847002323
21,paired_p3_syn,within_family,peroxiredoxin,0.8615080813308177
21,paired_p3_syn,within_family,phosphodiesterase,0.8474909550746386
21,paired_p3_syn,within_family,rab_gtpase,0.8515383521822427
21,paired_p3_syn,within_family,ras_gtpases,0.7575557536413501
21,paired_p3_syn,within_family,rho_gtpase,0.710468761771402
21,paired_p3_syn,within_family,serine_protease,0.7092567728301482
21,paired_p3_syn,within_family,serotonin_receptor,0.732901931391092
21,paired_p3_syn,within_family,steap_metalloreductase,0.7226144416041586
21,paired_p3_syn,within_family,sulfotransferase,0.7966060383604304
21,paired_p3_syn,within_family,taste2_receptor,0.626147742790195
21,paired_p3_syn,within_family,udp_glucuronosyltransferase,0.881821461366916
21,paired_p3_missense,within_family,adam_metallopeptidase,0.7806784273532575
21,paired_p3_missense,within_family,adamts_metallopeptidase,0.7301581665431216
21,paired_p3_missense,within_family,adrenoceptor,0.5519427232631632
21,paired_p3_missense,within_family,alcohol_dehydrogenase,0.7094451003541912
21,paired_p3_missense,within_family,aldehyde_dehydrogenase,0.6999681964820368
21,paired_p3_missense,within_family,aldo_keto_reductase,0.6443483596254467
21,paired_p3_missense,within_family,alkaline_phosphatase,0.8814114162411374
21,paired_p3_missense,within_family,arachidonate_lipoxygenase,0.6427454401909645
21,paired_p3_missense,within_family,arf_gtpase,0.7726182779795481
21,paired_p3_missense,within_family,carbonic_anhydrase,0.4630208639938439
21,paired_p3_missense,within_family,cxc_chemokine_receptor,0.6715044698725111
21,paired_p3_missense,within_family,cytochrome_p450,0.7282550398599735
21,paired_p3_missense,within_family,dopamine_receptor,0.6308365217599813
21,paired_p3_missense,within_family,ectonucleotide_pyrophosphatase,0.6550748212905193
21,paired_p3_missense,within_family,ferritin,0.6618289716173928
21,paired_p3_missense,within_family,flavin_monooxygenase,0.7599052277840689
21,paired_p3_missense,within_family,globins,0.7307073413065863
21,paired_p3_missense,within_family,glutamate_metabotropic,0.6504848523839759
21,paired_p3_missense,within_family,glutaredoxin,0.8327558764932085
21,paired_p3_missense,within_family,glutathione_peroxidase,0.5457620728495763
21,paired_p3_missense,within_family,glutathione_s_transferase,0.5847030524125455
21,paired_p3_missense,within_family,guanylate_binding_protein,0.3543478260869565
21,paired_p3_missense,within_family,heme_oxygenase,0.8253472942152187
21,paired_p3_missense,within_family,histamine_receptor,0.7363904440285397
21,paired_p3_missense,within_family,histone_deacetylase_classI,0.8430798685162677
21,paired_p3_missense,within_family,histone_h4,0.4636247810160854
21,paired_p3_missense,within_family,hox,0.6700653723771919
21,paired_p3_missense,within_family,m14_carboxypeptidase,0.7196812394727151
21,paired_p3_missense,within_family,matrix_metalloproteinase,0.7401363298326518
21,paired_p3_missense,within_family,metallothionein,0.2852887454425492
21,paired_p3_missense,within_family,muscarinic_receptor,0.4281675748582524
21,paired_p3_missense,within_family,nadph_oxidase,0.7834756719247498
21,paired_p3_missense,within_family,nitric_oxide_synthase,0.5690837483961416
21,paired_p3_missense,within_family,olfactory_receptors,0.5293882013246118
21,paired_p3_missense,within_family,opsins,0.7668468054048935
21,paired_p3_missense,within_family,p2y_receptor,0.5796528972536248
21,paired_p3_missense,within_family,peroxidase,0.799885766448255
21,paired_p3_missense,within_family,peroxiredoxin,0.7516849116644033
21,paired_p3_missense,within_family,phosphodiesterase,0.7998307114689588
21,paired_p3_missense,within_family,rab_gtpase,0.7486653495471091
21,paired_p3_missense,within_family,ras_gtpases,0.655790065808072
21,paired_p3_missense,within_family,rho_gtpase,0.7104881055211486
21,paired_p3_missense,within_family,serine_protease,0.5553127004044611
21,paired_p3_missense,within_family,serotonin_receptor,0.4997340494666408
21,paired_p3_missense,within_family,steap_metalloreductase,0.6816803305947307
21,paired_p3_missense,within_family,sulfotransferase,0.7282123435305738
21,paired_p3_missense,within_family,taste2_receptor,0.1987565839094645
21,paired_p3_missense,within_family,udp_glucuronosyltransferase,0.8655114938537398
22,natural,within_family,adam_metallopeptidase,1.0
22,natural,within_family,adamts_metallopeptidase,1.0
22,natural,within_family,adrenoceptor,1.0
22,natural,within_family,alcohol_dehydrogenase,1.0
22,natural,within_family,aldehyde_dehydrogenase,1.0
22,natural,within_family,aldo_keto_reductase,1.0
22,natural,within_family,alkaline_phosphatase,1.0
22,natural,within_family,arachidonate_lipoxygenase,1.0
22,natural,within_family,arf_gtpase,1.0
22,natural,within_family,carbonic_anhydrase,1.0
22,natural,within_family,cxc_chemokine_receptor,1.0
22,natural,within_family,cytochrome_p450,1.0
22,natural,within_family,dopamine_receptor,1.0
22,natural,within_family,ectonucleotide_pyrophosphatase,1.0
22,natural,within_family,ferritin,1.0
22,natural,within_family,flavin_monooxygenase,1.0
22,natural,within_family,globins,1.0
22,natural,within_family,glutamate_metabotropic,1.0
22,natural,within_family,glutaredoxin,1.0
22,natural,within_family,glutathione_peroxidase,1.0
22,natural,within_family,glutathione_s_transferase,1.0
22,natural,within_family,guanylate_binding_protein,1.0
22,natural,within_family,heme_oxygenase,1.0
22,natural,within_family,histamine_receptor,1.0
22,natural,within_family,histone_deacetylase_classI,1.0
22,natural,within_family,histone_h4,1.0
22,natural,within_family,hox,1.0
22,natural,within_family,m14_carboxypeptidase,1.0
22,natural,within_family,matrix_metalloproteinase,1.0
22,natural,within_family,metallothionein,1.0
22,natural,within_family,muscarinic_receptor,1.0
22,natural,within_family,nadph_oxidase,1.0
22,natural,within_family,nitric_oxide_synthase,1.0
22,natural,within_family,olfactory_receptors,1.0
22,natural,within_family,opsins,1.0
22,natural,within_family,p2y_receptor,1.0
22,natural,within_family,peroxidase,1.0
22,natural,within_family,peroxiredoxin,1.0
22,natural,within_family,phosphodiesterase,1.0
22,natural,within_family,rab_gtpase,1.0
22,natural,within_family,ras_gtpases,1.0
22,natural,within_family,rho_gtpase,1.0
22,natural,within_family,serine_protease,1.0
22,natural,within_family,serotonin_receptor,1.0
22,natural,within_family,steap_metalloreductase,1.0
22,natural,within_family,sulfotransferase,1.0
22,natural,within_family,taste2_receptor,1.0
22,natural,within_family,udp_glucuronosyltransferase,1.0
22,gc_match,within_family,adam_metallopeptidase,0.5895366768669776
22,gc_match,within_family,adamts_metallopeptidase,0.6610069710531632
22,gc_match,within_family,adrenoceptor,0.2767452546386561
22,gc_match,within_family,alcohol_dehydrogenase,0.7983540523647474
22,gc_match,within_family,aldehyde_dehydrogenase,0.5751938346819868
22,gc_match,within_family,aldo_keto_reductase,0.5674888013294291
22,gc_match,within_family,alkaline_phosphatase,0.788696339779931
22,gc_match,within_family,arachidonate_lipoxygenase,0.5213448438914566
22,gc_match,within_family,arf_gtpase,0.3623909731172772
22,gc_match,within_family,carbonic_anhydrase,0.4807347051071012
22,gc_match,within_family,cxc_chemokine_receptor,0.3795066203665868
22,gc_match,within_family,cytochrome_p450,0.4961687239211722
22,gc_match,within_family,dopamine_receptor,0.2619986088481235
22,gc_match,within_family,ectonucleotide_pyrophosphatase,0.6110819006230795
22,gc_match,within_family,ferritin,0.4146563116802595
22,gc_match,within_family,flavin_monooxygenase,0.5509007278958986
22,gc_match,within_family,globins,0.3774639607786432
22,gc_match,within_family,glutamate_metabotropic,0.4073204762553414
22,gc_match,within_family,glutaredoxin,0.4012890469252487
22,gc_match,within_family,glutathione_peroxidase,0.2745613024918622
22,gc_match,within_family,glutathione_s_transferase,0.2907262219916232
22,gc_match,within_family,guanylate_binding_protein,0.2835309617918313
22,gc_match,within_family,heme_oxygenase,0.6937279701430644
22,gc_match,within_family,histamine_receptor,0.462780693366932
22,gc_match,within_family,histone_deacetylase_classI,0.5271281598633337
22,gc_match,within_family,histone_h4,0.269453734671126
22,gc_match,within_family,hox,0.2936081617833694
22,gc_match,within_family,m14_carboxypeptidase,0.5667123142081577
22,gc_match,within_family,matrix_metalloproteinase,0.4801838975177318
22,gc_match,within_family,metallothionein,0.0810818692885841
22,gc_match,within_family,muscarinic_receptor,0.225124908237088
22,gc_match,within_family,nadph_oxidase,0.7181412877405248
22,gc_match,within_family,nitric_oxide_synthase,0.3214531176192065
22,gc_match,within_family,olfactory_receptors,0.0517595649973281
22,gc_match,within_family,opsins,0.5056954022326396
22,gc_match,within_family,p2y_receptor,0.1735681467117366
22,gc_match,within_family,peroxidase,0.7504139782683328
22,gc_match,within_family,peroxiredoxin,0.5171263400744148
22,gc_match,within_family,phosphodiesterase,0.6635452469966917
22,gc_match,within_family,rab_gtpase,0.4004493031947764
22,gc_match,within_family,ras_gtpases,0.3217578060380068
22,gc_match,within_family,rho_gtpase,0.3969495634203623
22,gc_match,within_family,serine_protease,0.4007505247101761
22,gc_match,within_family,serotonin_receptor,0.3631339562849908
22,gc_match,within_family,steap_metalloreductase,0.4073996978484063
22,gc_match,within_family,sulfotransferase,0.447380852207315
22,gc_match,within_family,taste2_receptor,-0.1531073611500303
22,gc_match,within_family,udp_glucuronosyltransferase,0.6452168746286394
22,dinuc_shuffle,within_family,adam_metallopeptidase,0.5700202120121732
22,dinuc_shuffle,within_family,adamts_metallopeptidase,0.6622540524551237
22,dinuc_shuffle,within_family,adrenoceptor,0.3495103489530628
22,dinuc_shuffle,within_family,alcohol_dehydrogenase,0.7050350718799916
22,dinuc_shuffle,within_family,aldehyde_dehydrogenase,0.5841817900175376
22,dinuc_shuffle,within_family,aldo_keto_reductase,0.6233579005319833
22,dinuc_shuffle,within_family,alkaline_phosphatase,0.8934602549153632
22,dinuc_shuffle,within_family,arachidonate_lipoxygenase,0.6005716313669419
22,dinuc_shuffle,within_family,arf_gtpase,0.3621161207560546
22,dinuc_shuffle,within_family,carbonic_anhydrase,0.432869832516377
22,dinuc_shuffle,within_family,cxc_chemokine_receptor,0.3562729987161199
22,dinuc_shuffle,within_family,cytochrome_p450,0.4885064155528963
22,dinuc_shuffle,within_family,dopamine_receptor,0.2642311513139396
22,dinuc_shuffle,within_family,ectonucleotide_pyrophosphatase,0.5399929981868045
22,dinuc_shuffle,within_family,ferritin,0.2002493631300885
22,dinuc_shuffle,within_family,flavin_monooxygenase,0.5485998630075002
22,dinuc_shuffle,within_family,globins,0.3754092483144424
22,dinuc_shuffle,within_family,glutamate_metabotropic,0.4397014517324253
22,dinuc_shuffle,within_family,glutaredoxin,0.4845006578542143
22,dinuc_shuffle,within_family,glutathione_peroxidase,0.4402775387279237
22,dinuc_shuffle,within_family,glutathione_s_transferase,0.1679212045615621
22,dinuc_shuffle,within_family,guanylate_binding_protein,0.3965085638998682
22,dinuc_shuffle,within_family,heme_oxygenase,0.5540431266846361
22,dinuc_shuffle,within_family,histamine_receptor,0.4568299699972403
22,dinuc_shuffle,within_family,histone_deacetylase_classI,0.5650186783330975
22,dinuc_shuffle,within_family,histone_h4,0.2255295429208473
22,dinuc_shuffle,within_family,hox,0.2756741036782578
22,dinuc_shuffle,within_family,m14_carboxypeptidase,0.5475326453170463
22,dinuc_shuffle,within_family,matrix_metalloproteinase,0.4776273766517453
22,dinuc_shuffle,within_family,metallothionein,0.2763237798426401
22,dinuc_shuffle,within_family,muscarinic_receptor,0.2917593118696559
22,dinuc_shuffle,within_family,nadph_oxidase,0.7657358454141127
22,dinuc_shuffle,within_family,nitric_oxide_synthase,0.3220629522371421
22,dinuc_shuffle,within_family,olfactory_receptors,0.07562079186844
22,dinuc_shuffle,within_family,opsins,0.4308460017923305
22,dinuc_shuffle,within_family,p2y_receptor,0.2374559403987996
22,dinuc_shuffle,within_family,peroxidase,0.7552275462273138
22,dinuc_shuffle,within_family,peroxiredoxin,0.4594127519977223
22,dinuc_shuffle,within_family,phosphodiesterase,0.6319996840535312
22,dinuc_shuffle,within_family,rab_gtpase,0.4005683715066924
22,dinuc_shuffle,within_family,ras_gtpases,0.2893063265711409
22,dinuc_shuffle,within_family,rho_gtpase,0.3627354692404613
22,dinuc_shuffle,within_family,serine_protease,0.3568619583741754
22,dinuc_shuffle,within_family,serotonin_receptor,0.360440347207112
22,dinuc_shuffle,within_family,steap_metalloreductase,0.5339414032146067
22,dinuc_shuffle,within_family,sulfotransferase,0.4603323614026083
22,dinuc_shuffle,within_family,taste2_receptor,-0.0732366934259435
22,dinuc_shuffle,within_family,udp_glucuronosyltransferase,0.7407238928629303
22,kmer4_shuffle,within_family,adam_metallopeptidase,0.5729929174242936
22,kmer4_shuffle,within_family,adamts_metallopeptidase,0.6360945035721591
22,kmer4_shuffle,within_family,adrenoceptor,0.1987741797984404
22,kmer4_shuffle,within_family,alcohol_dehydrogenase,0.6197097020626432
22,kmer4_shuffle,within_family,aldehyde_dehydrogenase,0.6062352044504308
22,kmer4_shuffle,within_family,aldo_keto_reductase,0.58358655091782
22,kmer4_shuffle,within_family,alkaline_phosphatase,0.8083075335397316
22,kmer4_shuffle,within_family,arachidonate_lipoxygenase,0.4594868025988519
22,kmer4_shuffle,within_family,arf_gtpase,0.3513555455615892
22,kmer4_shuffle,within_family,carbonic_anhydrase,0.4728728412979771
22,kmer4_shuffle,within_family,cxc_chemokine_receptor,0.0832403291295111
22,kmer4_shuffle,within_family,cytochrome_p450,0.5203566956300986
22,kmer4_shuffle,within_family,dopamine_receptor,0.3340892435563914
22,kmer4_shuffle,within_family,ectonucleotide_pyrophosphatase,0.5440609081225416
22,kmer4_shuffle,within_family,ferritin,0.5040590077209468
22,kmer4_shuffle,within_family,flavin_monooxygenase,0.5657427580012392
22,kmer4_shuffle,within_family,globins,0.5212052631021356
22,kmer4_shuffle,within_family,glutamate_metabotropic,0.4644298705175516
22,kmer4_shuffle,within_family,glutaredoxin,0.5013549277249223
22,kmer4_shuffle,within_family,glutathione_peroxidase,0.1516831395411029
22,kmer4_shuffle,within_family,glutathione_s_transferase,0.2021661796569199
22,kmer4_shuffle,within_family,guanylate_binding_protein,0.2986824769433465
22,kmer4_shuffle,within_family,heme_oxygenase,0.5610615799295043
22,kmer4_shuffle,within_family,histamine_receptor,0.4482135150392047
22,kmer4_shuffle,within_family,histone_deacetylase_classI,0.4777676834359167
22,kmer4_shuffle,within_family,histone_h4,0.4741997133301481
22,kmer4_shuffle,within_family,hox,0.2640407020133044
22,kmer4_shuffle,within_family,m14_carboxypeptidase,0.5266775358355397
22,kmer4_shuffle,within_family,matrix_metalloproteinase,0.4748802893263333
22,kmer4_shuffle,within_family,metallothionein,-0.0462467145919029
22,kmer4_shuffle,within_family,muscarinic_receptor,0.3972114173417151
22,kmer4_shuffle,within_family,nadph_oxidase,0.776954891640039
22,kmer4_shuffle,within_family,nitric_oxide_synthase,0.4035690071798344
22,kmer4_shuffle,within_family,olfactory_receptors,0.0514365002782713
22,kmer4_shuffle,within_family,opsins,0.4267405055905344
22,kmer4_shuffle,within_family,p2y_receptor,0.1438764253539868
22,kmer4_shuffle,within_family,peroxidase,0.71792951371654
22,kmer4_shuffle,within_family,peroxiredoxin,0.3758925764059388
22,kmer4_shuffle,within_family,phosphodiesterase,0.614249073980043
22,kmer4_shuffle,within_family,rab_gtpase,0.4492897440719322
22,kmer4_shuffle,within_family,ras_gtpases,0.2828839565282106
22,kmer4_shuffle,within_family,rho_gtpase,0.3426105649071566
22,kmer4_shuffle,within_family,serine_protease,0.3549757390046944
22,kmer4_shuffle,within_family,serotonin_receptor,0.2895469159294478
22,kmer4_shuffle,within_family,steap_metalloreductase,0.3256481014604513
22,kmer4_shuffle,within_family,sulfotransferase,0.5220656683816605
22,kmer4_shuffle,within_family,taste2_receptor,0.0528255931409475
22,kmer4_shuffle,within_family,udp_glucuronosyltransferase,0.6458575441195762
22,kmer6_shuffle,within_family,adam_metallopeptidase,0.6129058323886681
22,kmer6_shuffle,within_family,adamts_metallopeptidase,0.6566965913038771
22,kmer6_shuffle,within_family,adrenoceptor,0.224004954495364
22,kmer6_shuffle,within_family,alcohol_dehydrogenase,0.7062851586915757
22,kmer6_shuffle,within_family,aldehyde_dehydrogenase,0.5897296693477106
22,kmer6_shuffle,within_family,aldo_keto_reductase,0.6021440979348409
22,kmer6_shuffle,within_family,alkaline_phosphatase,0.8253487998070039
22,kmer6_shuffle,within_family,arachidonate_lipoxygenase,0.5231378129466048
22,kmer6_shuffle,within_family,arf_gtpase,0.3950528306902343
22,kmer6_shuffle,within_family,carbonic_anhydrase,0.3671844434335375
22,kmer6_shuffle,within_family,cxc_chemokine_receptor,0.2885956795768986
22,kmer6_shuffle,within_family,cytochrome_p450,0.4738127995250581
22,kmer6_shuffle,within_family,dopamine_receptor,0.319652368856456
22,kmer6_shuffle,within_family,ectonucleotide_pyrophosphatase,0.5184753884232617
22,kmer6_shuffle,within_family,ferritin,0.3983334692123346
22,kmer6_shuffle,within_family,flavin_monooxygenase,0.496163428290083
22,kmer6_shuffle,within_family,globins,0.5101637848024537
22,kmer6_shuffle,within_family,glutamate_metabotropic,0.421068545250962
22,kmer6_shuffle,within_family,glutaredoxin,0.6199853951054246
22,kmer6_shuffle,within_family,glutathione_peroxidase,0.3790460271779302
22,kmer6_shuffle,within_family,glutathione_s_transferase,0.314415113847989
22,kmer6_shuffle,within_family,guanylate_binding_protein,0.2578392621870882
22,kmer6_shuffle,within_family,heme_oxygenase,0.6366265809662036
22,kmer6_shuffle,within_family,histamine_receptor,0.5088969163649252
22,kmer6_shuffle,within_family,histone_deacetylase_classI,0.5356945976480666
22,kmer6_shuffle,within_family,histone_h4,0.4966395922917662
22,kmer6_shuffle,within_family,hox,0.2833411282697873
22,kmer6_shuffle,within_family,m14_carboxypeptidase,0.5273111422096913
22,kmer6_shuffle,within_family,matrix_metalloproteinase,0.4943709307690036
22,kmer6_shuffle,within_family,metallothionein,0.0353059687803505
22,kmer6_shuffle,within_family,muscarinic_receptor,0.2470019957738451
22,kmer6_shuffle,within_family,nadph_oxidase,0.7304557649151097
22,kmer6_shuffle,within_family,nitric_oxide_synthase,0.5689072395629264
22,kmer6_shuffle,within_family,olfactory_receptors,0.0958107485337497
22,kmer6_shuffle,within_family,opsins,0.4568412823826186
22,kmer6_shuffle,within_family,p2y_receptor,0.2157172066874648
22,kmer6_shuffle,within_family,peroxidase,0.7367141489713964
22,kmer6_shuffle,within_family,peroxiredoxin,0.5084666624386769
22,kmer6_shuffle,within_family,phosphodiesterase,0.6507733046575472
22,kmer6_shuffle,within_family,rab_gtpase,0.4585937423064644
22,kmer6_shuffle,within_family,ras_gtpases,0.3695443830558093
22,kmer6_shuffle,within_family,rho_gtpase,0.4298933779259464
22,kmer6_shuffle,within_family,serine_protease,0.3651182729971758
22,kmer6_shuffle,within_family,serotonin_receptor,0.2775216714301217
22,kmer6_shuffle,within_family,steap_metalloreductase,0.2615670895595543
22,kmer6_shuffle,within_family,sulfotransferase,0.4574932084074531
22,kmer6_shuffle,within_family,taste2_receptor,0.047194383778941
22,kmer6_shuffle,within_family,udp_glucuronosyltransferase,0.5699795896319961
22,synonymous_recode,within_family,adam_metallopeptidase,0.7730929542586644
22,synonymous_recode,within_family,adamts_metallopeptidase,0.8130772775795995
22,synonymous_recode,within_family,adrenoceptor,0.442690167554597
22,synonymous_recode,within_family,alcohol_dehydrogenase,0.5924300298631849
22,synonymous_recode,within_family,aldehyde_dehydrogenase,0.770986241338346
22,synonymous_recode,within_family,aldo_keto_reductase,0.7155094344383628
22,synonymous_recode,within_family,alkaline_phosphatase,0.94240279843995
22,synonymous_recode,within_family,arachidonate_lipoxygenase,0.644307632881576
22,synonymous_recode,within_family,arf_gtpase,0.7046092030882539
22,synonymous_recode,within_family,carbonic_anhydrase,0.6092158260676582
22,synonymous_recode,within_family,cxc_chemokine_receptor,0.5135638350693755
22,synonymous_recode,within_family,cytochrome_p450,0.740927955128003
22,synonymous_recode,within_family,dopamine_receptor,0.5243308314744649
22,synonymous_recode,within_family,ectonucleotide_pyrophosphatase,0.7819131581699734
22,synonymous_recode,within_family,ferritin,0.4874355203813469
22,synonymous_recode,within_family,flavin_monooxygenase,0.6984276507727121
22,synonymous_recode,within_family,globins,0.6027889733975003
22,synonymous_recode,within_family,glutamate_metabotropic,0.8166284591594406
22,synonymous_recode,within_family,glutaredoxin,0.7144032183747575
22,synonymous_recode,within_family,glutathione_peroxidase,0.645476874155679
22,synonymous_recode,within_family,glutathione_s_transferase,0.5288163268932473
22,synonymous_recode,within_family,guanylate_binding_protein,0.7309617918313569
22,synonymous_recode,within_family,heme_oxygenase,0.7168981961434792
22,synonymous_recode,within_family,histamine_receptor,0.7449678936309398
22,synonymous_recode,within_family,histone_deacetylase_classI,0.854837332443773
22,synonymous_recode,within_family,histone_h4,-0.001608536391145
22,synonymous_recode,within_family,hox,0.5403727821635689
22,synonymous_recode,within_family,m14_carboxypeptidase,0.7517708776667511
22,synonymous_recode,within_family,matrix_metalloproteinase,0.7583852436797967
22,synonymous_recode,within_family,metallothionein,0.2412750921534821
22,synonymous_recode,within_family,muscarinic_receptor,0.2761411498461543
22,synonymous_recode,within_family,nadph_oxidase,0.7838175901780864
22,synonymous_recode,within_family,nitric_oxide_synthase,0.6310670330539804
22,synonymous_recode,within_family,olfactory_receptors,0.3793832764907285
22,synonymous_recode,within_family,opsins,0.654809498822218
22,synonymous_recode,within_family,p2y_receptor,0.5788432173505502
22,synonymous_recode,within_family,peroxidase,0.8333698308120413
22,synonymous_recode,within_family,peroxiredoxin,0.8160023906901734
22,synonymous_recode,within_family,phosphodiesterase,0.8153016149863886
22,synonymous_recode,within_family,rab_gtpase,0.7734243798564504
22,synonymous_recode,within_family,ras_gtpases,0.6550978443641855
22,synonymous_recode,within_family,rho_gtpase,0.6658444505291607
22,synonymous_recode,within_family,serine_protease,0.7246348123782113
22,synonymous_recode,within_family,serotonin_receptor,0.5479201696646401
22,synonymous_recode,within_family,steap_metalloreductase,0.6103055252299511
22,synonymous_recode,within_family,sulfotransferase,0.7855210634709093
22,synonymous_recode,within_family,taste2_receptor,0.507008323112974
22,synonymous_recode,within_family,udp_glucuronosyltransferase,0.8774681497943531
22,missense_subset,within_family,adam_metallopeptidase,0.6983373942429745
22,missense_subset,within_family,adamts_metallopeptidase,0.6976456447815629
22,missense_subset,within_family,adrenoceptor,0.5995006578372533
22,missense_subset,within_family,alcohol_dehydrogenase,0.7511841100076393
22,missense_subset,within_family,aldehyde_dehydrogenase,0.7187161425638583
22,missense_subset,within_family,aldo_keto_reductase,0.6632498462424282
22,missense_subset,within_family,alkaline_phosphatase,0.7595861311031588
22,missense_subset,within_family,arachidonate_lipoxygenase,0.7461469149577921
22,missense_subset,within_family,arf_gtpase,0.6064752351041693
22,missense_subset,within_family,carbonic_anhydrase,0.5829872711422588
22,missense_subset,within_family,cxc_chemokine_receptor,0.4523538334825853
22,missense_subset,within_family,cytochrome_p450,0.6708343052219956
22,missense_subset,within_family,dopamine_receptor,0.4616768702507715
22,missense_subset,within_family,ectonucleotide_pyrophosphatase,0.6773085994669615
22,missense_subset,within_family,ferritin,0.6094844549390003
22,missense_subset,within_family,flavin_monooxygenase,0.6903674967247074
22,missense_subset,within_family,globins,0.6403508618705517
22,missense_subset,within_family,glutamate_metabotropic,0.7385997601973229
22,missense_subset,within_family,glutaredoxin,0.7882442015207741
22,missense_subset,within_family,glutathione_peroxidase,0.3934343218352578
22,missense_subset,within_family,glutathione_s_transferase,0.5190746536595328
22,missense_subset,within_family,guanylate_binding_protein,0.3720026350461132
22,missense_subset,within_family,heme_oxygenase,0.584812357453867
22,missense_subset,within_family,histamine_receptor,0.735444967399915
22,missense_subset,within_family,histone_deacetylase_classI,0.8915067195011305
22,missense_subset,within_family,histone_h4,0.3983596114030896
22,missense_subset,within_family,hox,0.4847973057160771
22,missense_subset,within_family,m14_carboxypeptidase,0.6699388617849087
22,missense_subset,within_family,matrix_metalloproteinase,0.5160934267007793
22,missense_subset,within_family,metallothionein,0.1404158310903104
22,missense_subset,within_family,muscarinic_receptor,0.4920561018384068
22,missense_subset,within_family,nadph_oxidase,0.7849296749100095
22,missense_subset,within_family,nitric_oxide_synthase,0.6847594687393768
22,missense_subset,within_family,olfactory_receptors,0.3546573110156031
22,missense_subset,within_family,opsins,0.7580078655323105
22,missense_subset,within_family,p2y_receptor,0.4122927416219047
22,missense_subset,within_family,peroxidase,0.7886718856346483
22,missense_subset,within_family,peroxiredoxin,0.7473132911234922
22,missense_subset,within_family,phosphodiesterase,0.7831624528553054
22,missense_subset,within_family,rab_gtpase,0.64953188754004
22,missense_subset,within_family,ras_gtpases,0.4656362384604849
22,missense_subset,within_family,rho_gtpase,0.5614699586574868
22,missense_subset,within_family,serine_protease,0.5638717218676874
22,missense_subset,within_family,serotonin_receptor,0.3982839262649859
22,missense_subset,within_family,steap_metalloreductase,0.6709074676135276
22,missense_subset,within_family,sulfotransferase,0.6631926750209968
22,missense_subset,within_family,taste2_receptor,0.1385010549186513
22,missense_subset,within_family,udp_glucuronosyltransferase,0.8552893333641998
22,paired_p3_syn,within_family,adam_metallopeptidase,0.8629697680010745
22,paired_p3_syn,within_family,adamts_metallopeptidase,0.8904554566520108
22,paired_p3_syn,within_family,adrenoceptor,0.482742928066575
22,paired_p3_syn,within_family,alcohol_dehydrogenase,0.6866449058962427
22,paired_p3_syn,within_family,aldehyde_dehydrogenase,0.8088215579047485
22,paired_p3_syn,within_family,aldo_keto_reductase,0.7415404971398569
22,paired_p3_syn,within_family,alkaline_phosphatase,0.8782149223325694
22,paired_p3_syn,within_family,arachidonate_lipoxygenase,0.7267149894493218
22,paired_p3_syn,within_family,arf_gtpase,0.81327378100292
22,paired_p3_syn,within_family,carbonic_anhydrase,0.6578635896991438
22,paired_p3_syn,within_family,cxc_chemokine_receptor,0.6845209811515973
22,paired_p3_syn,within_family,cytochrome_p450,0.777721332026682
22,paired_p3_syn,within_family,dopamine_receptor,0.6120691495040776
22,paired_p3_syn,within_family,ectonucleotide_pyrophosphatase,0.8228867953671806
22,paired_p3_syn,within_family,ferritin,0.6201855805203864
22,paired_p3_syn,within_family,flavin_monooxygenase,0.7869968025188442
22,paired_p3_syn,within_family,globins,0.7070120904551022
22,paired_p3_syn,within_family,glutamate_metabotropic,0.7367342446938279
22,paired_p3_syn,within_family,glutaredoxin,0.8822544479251834
22,paired_p3_syn,within_family,glutathione_peroxidase,0.6814146022200261
22,paired_p3_syn,within_family,glutathione_s_transferase,0.6366419398230756
22,paired_p3_syn,within_family,guanylate_binding_protein,0.7105401844532279
22,paired_p3_syn,within_family,heme_oxygenase,0.8843043748704126
22,paired_p3_syn,within_family,histamine_receptor,0.8311435922310627
22,paired_p3_syn,within_family,histone_deacetylase_classI,0.9227131303826768
22,paired_p3_syn,within_family,histone_h4,0.4927695492912884
22,paired_p3_syn,within_family,hox,0.7300176087228828
22,paired_p3_syn,within_family,m14_carboxypeptidase,0.7952938635877034
22,paired_p3_syn,within_family,matrix_metalloproteinase,0.8194738665214724
22,paired_p3_syn,within_family,metallothionein,0.5827753564029172
22,paired_p3_syn,within_family,muscarinic_receptor,0.6126408440709263
22,paired_p3_syn,within_family,nadph_oxidase,0.7653878165814687
22,paired_p3_syn,within_family,nitric_oxide_synthase,0.7271789801428007
22,paired_p3_syn,within_family,olfactory_receptors,0.6601166208180871
22,paired_p3_syn,within_family,opsins,0.7473659161170616
22,paired_p3_syn,within_family,p2y_receptor,0.6245870021716182
22,paired_p3_syn,within_family,peroxidase,0.8131530075344855
22,paired_p3_syn,within_family,peroxiredoxin,0.8617490350965988
22,paired_p3_syn,within_family,phosphodiesterase,0.8535830577388193
22,paired_p3_syn,within_family,rab_gtpase,0.8536821033991719
22,paired_p3_syn,within_family,ras_gtpases,0.7629281660067146
22,paired_p3_syn,within_family,rho_gtpase,0.7107705603167906
22,paired_p3_syn,within_family,serine_protease,0.7064599691536865
22,paired_p3_syn,within_family,serotonin_receptor,0.7423819504581015
22,paired_p3_syn,within_family,steap_metalloreductase,0.7125702412206977
22,paired_p3_syn,within_family,sulfotransferase,0.7898503515485489
22,paired_p3_syn,within_family,taste2_receptor,0.6326630104798378
22,paired_p3_syn,within_family,udp_glucuronosyltransferase,0.8710498800070994
22,paired_p3_missense,within_family,adam_metallopeptidase,0.7832627136946545
22,paired_p3_missense,within_family,adamts_metallopeptidase,0.7406211847940054
22,paired_p3_missense,within_family,adrenoceptor,0.5691281843272177
22,paired_p3_missense,within_family,alcohol_dehydrogenase,0.7062018195708034
22,paired_p3_missense,within_family,aldehyde_dehydrogenase,0.7031924838014422
22,paired_p3_missense,within_family,aldo_keto_reductase,0.6624190663122366
22,paired_p3_missense,within_family,alkaline_phosphatase,0.88535509897739
22,paired_p3_missense,within_family,arachidonate_lipoxygenase,0.6455339998405153
22,paired_p3_missense,within_family,arf_gtpase,0.7777849095486528
22,paired_p3_missense,within_family,carbonic_anhydrase,0.4760700352190596
22,paired_p3_missense,within_family,cxc_chemokine_receptor,0.6916904504426237
22,paired_p3_missense,within_family,cytochrome_p450,0.7294522794705828
22,paired_p3_missense,within_family,dopamine_receptor,0.6429377037225894
22,paired_p3_missense,within_family,ectonucleotide_pyrophosphatase,0.6582174582274167
22,paired_p3_missense,within_family,ferritin,0.6695494151667134
22,paired_p3_missense,within_family,flavin_monooxygenase,0.7528596071407669
22,paired_p3_missense,within_family,globins,0.7202932439964402
22,paired_p3_missense,within_family,glutamate_metabotropic,0.6731940223888372
22,paired_p3_missense,within_family,glutaredoxin,0.8431276844665069
22,paired_p3_missense,within_family,glutathione_peroxidase,0.5377184661784161
22,paired_p3_missense,within_family,glutathione_s_transferase,0.6145091371817372
22,paired_p3_missense,within_family,guanylate_binding_protein,0.389064558629776
22,paired_p3_missense,within_family,heme_oxygenase,0.8355484138503007
22,paired_p3_missense,within_family,histamine_receptor,0.7397617697057149
22,paired_p3_missense,within_family,histone_deacetylase_classI,0.8480138225888343
22,paired_p3_missense,within_family,histone_h4,0.5076923076923077
22,paired_p3_missense,within_family,hox,0.6763719982573083
22,paired_p3_missense,within_family,m14_carboxypeptidase,0.725617852903521
22,paired_p3_missense,within_family,matrix_metalloproteinase,0.7534911605475061
22,paired_p3_missense,within_family,metallothionein,0.299629347937346
22,paired_p3_missense,within_family,muscarinic_receptor,0.4312889230739818
22,paired_p3_missense,within_family,nadph_oxidase,0.7889286788264634
22,paired_p3_missense,within_family,nitric_oxide_synthase,0.5852671858091153
22,paired_p3_missense,within_family,olfactory_receptors,0.5434930121525471
22,paired_p3_missense,within_family,opsins,0.7735957081689614
22,paired_p3_missense,within_family,p2y_receptor,0.5832439623528136
22,paired_p3_missense,within_family,peroxidase,0.801791454098751
22,paired_p3_missense,within_family,peroxiredoxin,0.7434287717583978
22,paired_p3_missense,within_family,phosphodiesterase,0.8098952609035844
22,paired_p3_missense,within_family,rab_gtpase,0.7514154777724478
22,paired_p3_missense,within_family,ras_gtpases,0.6621021655088369
22,paired_p3_missense,within_family,rho_gtpase,0.7191650621915627
22,paired_p3_missense,within_family,serine_protease,0.5585855470901963
22,paired_p3_missense,within_family,serotonin_receptor,0.5174904213027833
22,paired_p3_missense,within_family,steap_metalloreductase,0.7036579966426492
22,paired_p3_missense,within_family,sulfotransferase,0.7333421747376073
22,paired_p3_missense,within_family,taste2_receptor,0.1891880197212262
22,paired_p3_missense,within_family,udp_glucuronosyltransferase,0.863214459337454
23,natural,within_family,adam_metallopeptidase,1.0
23,natural,within_family,adamts_metallopeptidase,1.0
23,natural,within_family,adrenoceptor,1.0
23,natural,within_family,alcohol_dehydrogenase,1.0
23,natural,within_family,aldehyde_dehydrogenase,1.0
23,natural,within_family,aldo_keto_reductase,1.0
23,natural,within_family,alkaline_phosphatase,1.0
23,natural,within_family,arachidonate_lipoxygenase,1.0
23,natural,within_family,arf_gtpase,1.0
23,natural,within_family,carbonic_anhydrase,1.0
23,natural,within_family,cxc_chemokine_receptor,1.0
23,natural,within_family,cytochrome_p450,1.0
23,natural,within_family,dopamine_receptor,1.0
23,natural,within_family,ectonucleotide_pyrophosphatase,1.0
23,natural,within_family,ferritin,1.0
23,natural,within_family,flavin_monooxygenase,1.0
23,natural,within_family,globins,1.0
23,natural,within_family,glutamate_metabotropic,1.0
23,natural,within_family,glutaredoxin,1.0
23,natural,within_family,glutathione_peroxidase,1.0
23,natural,within_family,glutathione_s_transferase,1.0
23,natural,within_family,guanylate_binding_protein,1.0
23,natural,within_family,heme_oxygenase,1.0
23,natural,within_family,histamine_receptor,1.0
23,natural,within_family,histone_deacetylase_classI,1.0
23,natural,within_family,histone_h4,1.0
23,natural,within_family,hox,1.0
23,natural,within_family,m14_carboxypeptidase,1.0
23,natural,within_family,matrix_metalloproteinase,1.0
23,natural,within_family,metallothionein,1.0
23,natural,within_family,muscarinic_receptor,1.0
23,natural,within_family,nadph_oxidase,1.0
23,natural,within_family,nitric_oxide_synthase,1.0
23,natural,within_family,olfactory_receptors,1.0
23,natural,within_family,opsins,1.0
23,natural,within_family,p2y_receptor,1.0
23,natural,within_family,peroxidase,1.0
23,natural,within_family,peroxiredoxin,1.0
23,natural,within_family,phosphodiesterase,1.0
23,natural,within_family,rab_gtpase,1.0
23,natural,within_family,ras_gtpases,1.0
23,natural,within_family,rho_gtpase,1.0
23,natural,within_family,serine_protease,1.0
23,natural,within_family,serotonin_receptor,1.0
23,natural,within_family,steap_metalloreductase,1.0
23,natural,within_family,sulfotransferase,1.0
23,natural,within_family,taste2_receptor,1.0
23,natural,within_family,udp_glucuronosyltransferase,1.0
23,gc_match,within_family,adam_metallopeptidase,0.6027408370754713
23,gc_match,within_family,adamts_metallopeptidase,0.6773432187998644
23,gc_match,within_family,adrenoceptor,0.2923700260325914
23,gc_match,within_family,alcohol_dehydrogenase,0.7825404541982081
23,gc_match,within_family,aldehyde_dehydrogenase,0.5926175134703892
23,gc_match,within_family,aldo_keto_reductase,0.5878292695802881
23,gc_match,within_family,alkaline_phosphatase,0.7853289641215336
23,gc_match,within_family,arachidonate_lipoxygenase,0.5499019378049337
23,gc_match,within_family,arf_gtpase,0.3673415011482098
23,gc_match,within_family,carbonic_anhydrase,0.5009905169881088
23,gc_match,within_family,cxc_chemokine_receptor,0.3870334719041393
23,gc_match,within_family,cytochrome_p450,0.514749466280138
23,gc_match,within_family,dopamine_receptor,0.2217743634274338
23,gc_match,within_family,ectonucleotide_pyrophosphatase,0.6594894971596761
23,gc_match,within_family,ferritin,0.456956702911132
23,gc_match,within_family,flavin_monooxygenase,0.5815390413356714
23,gc_match,within_family,globins,0.3898497832554665
23,gc_match,within_family,glutamate_metabotropic,0.4149040245956973
23,gc_match,within_family,glutaredoxin,0.4612795698778029
23,gc_match,within_family,glutathione_peroxidase,0.3131931376763704
23,gc_match,within_family,glutathione_s_transferase,0.3384723172301272
23,gc_match,within_family,guanylate_binding_protein,0.2799736495388669
23,gc_match,within_family,heme_oxygenase,0.6372071324901514
23,gc_match,within_family,histamine_receptor,0.4741466887485184
23,gc_match,within_family,histone_deacetylase_classI,0.5193412528752408
23,gc_match,within_family,histone_h4,0.2374900461856983
23,gc_match,within_family,hox,0.3034772387211924
23,gc_match,within_family,m14_carboxypeptidase,0.5778400226631036
23,gc_match,within_family,matrix_metalloproteinase,0.491360174411177
23,gc_match,within_family,metallothionein,0.0948625339997274
23,gc_match,within_family,muscarinic_receptor,0.2486586165052124
23,gc_match,within_family,nadph_oxidase,0.7233421152586157
23,gc_match,within_family,nitric_oxide_synthase,0.3338960910527026
23,gc_match,within_family,olfactory_receptors,0.066476600934706
23,gc_match,within_family,opsins,0.5477903950426489
23,gc_match,within_family,p2y_receptor,0.1910124032895192
23,gc_match,within_family,peroxidase,0.7375095725421843
23,gc_match,within_family,peroxiredoxin,0.5187663777636806
23,gc_match,within_family,phosphodiesterase,0.6669317931198544
23,gc_match,within_family,rab_gtpase,0.4102177552916202
23,gc_match,within_family,ras_gtpases,0.3447259517943971
23,gc_match,within_family,rho_gtpase,0.4018363229622497
23,gc_match,within_family,serine_protease,0.4035366727461602
23,gc_match,within_family,serotonin_receptor,0.3537800814220847
23,gc_match,within_family,steap_metalloreductase,0.3742356501492377
23,gc_match,within_family,sulfotransferase,0.4589651476147172
23,gc_match,within_family,taste2_receptor,-0.1588996071818083
23,gc_match,within_family,udp_glucuronosyltransferase,0.6482842172681745
23,dinuc_shuffle,within_family,adam_metallopeptidase,0.5861035004292584
23,dinuc_shuffle,within_family,adamts_metallopeptidase,0.6807840249580717
23,dinuc_shuffle,within_family,adrenoceptor,0.3567149251217945
23,dinuc_shuffle,within_family,alcohol_dehydrogenase,0.6965483714146815
23,dinuc_shuffle,within_family,aldehyde_dehydrogenase,0.610588065982215
23,dinuc_shuffle,within_family,aldo_keto_reductase,0.6587075061829702
23,dinuc_shuffle,within_family,alkaline_phosphatase,0.8925991449211262
23,dinuc_shuffle,within_family,arachidonate_lipoxygenase,0.6304929919740053
23,dinuc_shuffle,within_family,arf_gtpase,0.3845974565419426
23,dinuc_shuffle,within_family,carbonic_anhydrase,0.4556057054503504
23,dinuc_shuffle,within_family,cxc_chemokine_receptor,0.3727709956692668
23,dinuc_shuffle,within_family,cytochrome_p450,0.513300939708134
23,dinuc_shuffle,within_family,dopamine_receptor,0.2750848174489284
23,dinuc_shuffle,within_family,ectonucleotide_pyrophosphatase,0.5891367934170939
23,dinuc_shuffle,within_family,ferritin,0.2678867091213057
23,dinuc_shuffle,within_family,flavin_monooxygenase,0.6017887724017842
23,dinuc_shuffle,within_family,globins,0.4055617245464215
23,dinuc_shuffle,within_family,glutamate_metabotropic,0.4416477796139273
23,dinuc_shuffle,within_family,glutaredoxin,0.4892228733303695
23,dinuc_shuffle,within_family,glutathione_peroxidase,0.4679859844482163
23,dinuc_shuffle,within_family,glutathione_s_transferase,0.1738034513156574
23,dinuc_shuffle,within_family,guanylate_binding_protein,0.3901185770750988
23,dinuc_shuffle,within_family,heme_oxygenase,0.5297947335683184
23,dinuc_shuffle,within_family,histamine_receptor,0.4679971578140923
23,dinuc_shuffle,within_family,histone_deacetylase_classI,0.5979024257205581
23,dinuc_shuffle,within_family,histone_h4,0.1810001592610288
23,dinuc_shuffle,within_family,hox,0.2940241858116045
23,dinuc_shuffle,within_family,m14_carboxypeptidase,0.5705320633899164
23,dinuc_shuffle,within_family,matrix_metalloproteinase,0.4907928225179122
23,dinuc_shuffle,within_family,metallothionein,0.2608091963352015
23,dinuc_shuffle,within_family,muscarinic_receptor,0.3442762045024795
23,dinuc_shuffle,within_family,nadph_oxidase,0.7545170260352619
23,dinuc_shuffle,within_family,nitric_oxide_synthase,0.3470303012151108
23,dinuc_shuffle,within_family,olfactory_receptors,0.0843364886451108
23,dinuc_shuffle,within_family,opsins,0.4456402910741379
23,dinuc_shuffle,within_family,p2y_receptor,0.2706396827605272
23,dinuc_shuffle,within_family,peroxidase,0.7559378509456215
23,dinuc_shuffle,within_family,peroxiredoxin,0.4481184234595908
23,dinuc_shuffle,within_family,phosphodiesterase,0.6448153023811434
23,dinuc_shuffle,within_family,rab_gtpase,0.4216403755923438
23,dinuc_shuffle,within_family,ras_gtpases,0.3186706947717252
23,dinuc_shuffle,within_family,rho_gtpase,0.3690175123647183
23,dinuc_shuffle,within_family,serine_protease,0.364370146401216
23,dinuc_shuffle,within_family,serotonin_receptor,0.3591864083733121
23,dinuc_shuffle,within_family,steap_metalloreductase,0.5742595422736007
23,dinuc_shuffle,within_family,sulfotransferase,0.4821241664033576
23,dinuc_shuffle,within_family,taste2_receptor,-0.0668501254719501
23,dinuc_shuffle,within_family,udp_glucuronosyltransferase,0.7544439814493291
23,kmer4_shuffle,within_family,adam_metallopeptidase,0.5856600969239141
23,kmer4_shuffle,within_family,adamts_metallopeptidase,0.6595246998409626
23,kmer4_shuffle,within_family,adrenoceptor,0.230357281991893
23,kmer4_shuffle,within_family,alcohol_dehydrogenase,0.6210847975553856
23,kmer4_shuffle,within_family,aldehyde_dehydrogenase,0.6243897235670987
23,kmer4_shuffle,within_family,aldo_keto_reductase,0.6160264808539611
23,kmer4_shuffle,within_family,alkaline_phosphatase,0.8115877930119415
23,kmer4_shuffle,within_family,arachidonate_lipoxygenase,0.4789857010990342
23,kmer4_shuffle,within_family,arf_gtpase,0.3793885860859382
23,kmer4_shuffle,within_family,carbonic_anhydrase,0.4819303906280813
23,kmer4_shuffle,within_family,cxc_chemokine_receptor,0.0995497992292428
23,kmer4_shuffle,within_family,cytochrome_p450,0.5473711552872809
23,kmer4_shuffle,within_family,dopamine_receptor,0.3372235853956874
23,kmer4_shuffle,within_family,ectonucleotide_pyrophosphatase,0.5890662735072459
23,kmer4_shuffle,within_family,ferritin,0.5325761853429838
23,kmer4_shuffle,within_family,flavin_monooxygenase,0.6163238164591427
23,kmer4_shuffle,within_family,globins,0.5349654034820376
23,kmer4_shuffle,within_family,glutamate_metabotropic,0.4896312703652632
23,kmer4_shuffle,within_family,glutaredoxin,0.579714116346609
23,kmer4_shuffle,within_family,glutathione_peroxidase,0.2130960482612749
23,kmer4_shuffle,within_family,glutathione_s_transferase,0.2192134978867808
23,kmer4_shuffle,within_family,guanylate_binding_protein,0.3664690382081685
23,kmer4_shuffle,within_family,heme_oxygenase,0.5454488907319096
23,kmer4_shuffle,within_family,histamine_receptor,0.4818728942203795
23,kmer4_shuffle,within_family,histone_deacetylase_classI,0.4827244978328782
23,kmer4_shuffle,within_family,histone_h4,0.5264532568880396
23,kmer4_shuffle,within_family,hox,0.2905521612589096
23,kmer4_shuffle,within_family,m14_carboxypeptidase,0.5502565842122609
23,kmer4_shuffle,within_family,matrix_metalloproteinase,0.4938574287278671
23,kmer4_shuffle,within_family,metallothionein,-0.014933609135858
23,kmer4_shuffle,within_family,muscarinic_receptor,0.4335129003099313
23,kmer4_shuffle,within_family,nadph_oxidase,0.7650713523355815
23,kmer4_shuffle,within_family,nitric_oxide_synthase,0.4141439712224444
23,kmer4_shuffle,within_family,olfactory_receptors,0.0699246996787291
23,kmer4_shuffle,within_family,opsins,0.4666855697539051
23,kmer4_shuffle,within_family,p2y_receptor,0.1557438235807808
23,kmer4_shuffle,within_family,peroxidase,0.7177612868333508
23,kmer4_shuffle,within_family,peroxiredoxin,0.3915313054803153
23,kmer4_shuffle,within_family,phosphodiesterase,0.6265244685733762
23,kmer4_shuffle,within_family,rab_gtpase,0.4640722061128521
23,kmer4_shuffle,within_family,ras_gtpases,0.3312639908868863
23,kmer4_shuffle,within_family,rho_gtpase,0.3697852937298227
23,kmer4_shuffle,within_family,serine_protease,0.3811869537614166
23,kmer4_shuffle,within_family,serotonin_receptor,0.3116841330946687
23,kmer4_shuffle,within_family,steap_metalloreductase,0.3806644026353259
23,kmer4_shuffle,within_family,sulfotransferase,0.5282091142946206
23,kmer4_shuffle,within_family,taste2_receptor,0.0534129397374926
23,kmer4_shuffle,within_family,udp_glucuronosyltransferase,0.6736355148119854
23,kmer6_shuffle,within_family,adam_metallopeptidase,0.6187235918774954
23,kmer6_shuffle,within_family,adamts_metallopeptidase,0.6752841191150524
23,kmer6_shuffle,within_family,adrenoceptor,0.2537587093115184
23,kmer6_shuffle,within_family,alcohol_dehydrogenase,0.7310021529272865
23,kmer6_shuffle,within_family,aldehyde_dehydrogenase,0.6188688554004097
23,kmer6_shuffle,within_family,aldo_keto_reductase,0.6510005870781755
23,kmer6_shuffle,within_family,alkaline_phosphatase,0.834539557449774
23,kmer6_shuffle,within_family,arachidonate_lipoxygenase,0.5508369289699416
23,kmer6_shuffle,within_family,arf_gtpase,0.4270496895572394
23,kmer6_shuffle,within_family,carbonic_anhydrase,0.3954435955421672
23,kmer6_shuffle,within_family,cxc_chemokine_receptor,0.3578779628478382
23,kmer6_shuffle,within_family,cytochrome_p450,0.5068789489969568
23,kmer6_shuffle,within_family,dopamine_receptor,0.3643186722874437
23,kmer6_shuffle,within_family,ectonucleotide_pyrophosphatase,0.5451679549867948
23,kmer6_shuffle,within_family,ferritin,0.4402419753384644
23,kmer6_shuffle,within_family,flavin_monooxygenase,0.5365704069640065
23,kmer6_shuffle,within_family,globins,0.5407995392742039
23,kmer6_shuffle,within_family,glutamate_metabotropic,0.4419568671632962
23,kmer6_shuffle,within_family,glutaredoxin,0.6578547880621115
23,kmer6_shuffle,within_family,glutathione_peroxidase,0.4101631993307044
23,kmer6_shuffle,within_family,glutathione_s_transferase,0.3381933526214374
23,kmer6_shuffle,within_family,guanylate_binding_protein,0.3017786561264821
23,kmer6_shuffle,within_family,heme_oxygenase,0.5798362015343147
23,kmer6_shuffle,within_family,histamine_receptor,0.534054814625157
23,kmer6_shuffle,within_family,histone_deacetylase_classI,0.5496006246697626
23,kmer6_shuffle,within_family,histone_h4,0.5338429686255773
23,kmer6_shuffle,within_family,hox,0.3089046402346803
23,kmer6_shuffle,within_family,m14_carboxypeptidase,0.5515286792697495
23,kmer6_shuffle,within_family,matrix_metalloproteinase,0.5140389870808979
23,kmer6_shuffle,within_family,metallothionein,0.0815187533432608
23,kmer6_shuffle,within_family,muscarinic_receptor,0.289361002598292
23,kmer6_shuffle,within_family,nadph_oxidase,0.7224915464848043
23,kmer6_shuffle,within_family,nitric_oxide_synthase,0.5606186190515202
23,kmer6_shuffle,within_family,olfactory_receptors,0.11705950446639
23,kmer6_shuffle,within_family,opsins,0.5080237540383616
23,kmer6_shuffle,within_family,p2y_receptor,0.2451007816393337
23,kmer6_shuffle,within_family,peroxidase,0.7336265250105359
23,kmer6_shuffle,within_family,peroxiredoxin,0.5243032597846187
23,kmer6_shuffle,within_family,phosphodiesterase,0.6702755124451776
23,kmer6_shuffle,within_family,rab_gtpase,0.4723716687014784
23,kmer6_shuffle,within_family,ras_gtpases,0.4001485973083886
23,kmer6_shuffle,within_family,rho_gtpase,0.4731660568601735
23,kmer6_shuffle,within_family,serine_protease,0.3891665799026333
23,kmer6_shuffle,within_family,serotonin_receptor,0.3085805778013024
23,kmer6_shuffle,within_family,steap_metalloreductase,0.3179660210049818
23,kmer6_shuffle,within_family,sulfotransferase,0.4752552119875483
23,kmer6_shuffle,within_family,taste2_receptor,0.069345957520294
23,kmer6_shuffle,within_family,udp_glucuronosyltransferase,0.5984190645955352
23,synonymous_recode,within_family,adam_metallopeptidase,0.7788626070509436
23,synonymous_recode,within_family,adamts_metallopeptidase,0.8235643918599201
23,synonymous_recode,within_family,adrenoceptor,0.4874927921112565
23,synonymous_recode,within_family,alcohol_dehydrogenase,0.5804014167650531
23,synonymous_recode,within_family,aldehyde_dehydrogenase,0.7976331515274343
23,synonymous_recode,within_family,aldo_keto_reductase,0.7726186051393904
23,synonymous_recode,within_family,alkaline_phosphatase,0.9455691367456072
23,synonymous_recode,within_family,arachidonate_lipoxygenase,0.7034072105577907
23,synonymous_recode,within_family,arf_gtpase,0.7052124787892212
23,synonymous_recode,within_family,carbonic_anhydrase,0.6437521819467913
23,synonymous_recode,within_family,cxc_chemokine_receptor,0.5134933990630747
23,synonymous_recode,within_family,cytochrome_p450,0.7702708760120379
23,synonymous_recode,within_family,dopamine_receptor,0.5679252212702061
23,synonymous_recode,within_family,ectonucleotide_pyrophosphatase,0.7963919566159288
23,synonymous_recode,within_family,ferritin,0.4960986622460697
23,synonymous_recode,within_family,flavin_monooxygenase,0.6879411793345871
23,synonymous_recode,within_family,globins,0.6429284390471187
23,synonymous_recode,within_family,glutamate_metabotropic,0.8286136623212457
23,synonymous_recode,within_family,glutaredoxin,0.7418708758499322
23,synonymous_recode,within_family,glutathione_peroxidase,0.6379954813308226
23,synonymous_recode,within_family,glutathione_s_transferase,0.5767188444016902
23,synonymous_recode,within_family,guanylate_binding_protein,0.7654808959156785
23,synonymous_recode,within_family,heme_oxygenase,0.7682977399958533
23,synonymous_recode,within_family,histamine_receptor,0.7736742916363449
23,synonymous_recode,within_family,histone_deacetylase_classI,0.8679048325362881
23,synonymous_recode,within_family,histone_h4,0.03131071826724
23,synonymous_recode,within_family,hox,0.5584574814965315
23,synonymous_recode,within_family,m14_carboxypeptidase,0.7556617597612975
23,synonymous_recode,within_family,matrix_metalloproteinase,0.7802535998214866
23,synonymous_recode,within_family,metallothionein,0.2720807519477967
23,synonymous_recode,within_family,muscarinic_receptor,0.2769461152712011
23,synonymous_recode,within_family,nadph_oxidase,0.7765441826831325
23,synonymous_recode,within_family,nitric_oxide_synthase,0.6582941080494399
23,synonymous_recode,within_family,olfactory_receptors,0.3734544451267178
23,synonymous_recode,within_family,opsins,0.6595442766733065
23,synonymous_recode,within_family,p2y_receptor,0.6102105036933324
23,synonymous_recode,within_family,peroxidase,0.8608176095615981
23,synonymous_recode,within_family,peroxiredoxin,0.8376366988824382
23,synonymous_recode,within_family,phosphodiesterase,0.8209590516113333
23,synonymous_recode,within_family,rab_gtpase,0.7957933932930983
23,synonymous_recode,within_family,ras_gtpases,0.6696371746044696
23,synonymous_recode,within_family,rho_gtpase,0.6940821118366047
23,synonymous_recode,within_family,serine_protease,0.7499173362712624
23,synonymous_recode,within_family,serotonin_receptor,0.5593209701943691
23,synonymous_recode,within_family,steap_metalloreductase,0.6049196326169474
23,synonymous_recode,within_family,sulfotransferase,0.8051264949391462
23,synonymous_recode,within_family,taste2_receptor,0.5182239096532486
23,synonymous_recode,within_family,udp_glucuronosyltransferase,0.8794221820959789
23,missense_subset,within_family,adam_metallopeptidase,0.7323919965416272
23,missense_subset,within_family,adamts_metallopeptidase,0.7424554100621599
23,missense_subset,within_family,adrenoceptor,0.6424521479465038
23,missense_subset,within_family,alcohol_dehydrogenase,0.7636224737829015
23,missense_subset,within_family,aldehyde_dehydrogenase,0.7516755436518866
23,missense_subset,within_family,aldo_keto_reductase,0.7323934310768132
23,missense_subset,within_family,alkaline_phosphatase,0.7832381756530362
23,missense_subset,within_family,arachidonate_lipoxygenase,0.8130418145130811
23,missense_subset,within_family,arf_gtpase,0.6409854159415678
23,missense_subset,within_family,carbonic_anhydrase,0.629087788564462
23,missense_subset,within_family,cxc_chemokine_receptor,0.4551359466288156
23,missense_subset,within_family,cytochrome_p450,0.730861920062177
23,missense_subset,within_family,dopamine_receptor,0.5149701372912403
23,missense_subset,within_family,ectonucleotide_pyrophosphatase,0.7274210555661886
23,missense_subset,within_family,ferritin,0.6280474388821284
23,missense_subset,within_family,flavin_monooxygenase,0.7139133154091327
23,missense_subset,within_family,globins,0.7062795703580708
23,missense_subset,within_family,glutamate_metabotropic,0.7814034715972163
23,missense_subset,within_family,glutaredoxin,0.801842363838402
23,missense_subset,within_family,glutathione_peroxidase,0.4505237114961433
23,missense_subset,within_family,glutathione_s_transferase,0.5865595153053553
23,missense_subset,within_family,guanylate_binding_protein,0.3938076416337285
23,missense_subset,within_family,heme_oxygenase,0.7074227659133319
23,missense_subset,within_family,histamine_receptor,0.776655863468571
23,missense_subset,within_family,histone_deacetylase_classI,0.903001918341078
23,missense_subset,within_family,histone_h4,0.4887880235706323
23,missense_subset,within_family,hox,0.522566657023023
23,missense_subset,within_family,m14_carboxypeptidase,0.7153397721558712
23,missense_subset,within_family,matrix_metalloproteinase,0.6142640910584612
23,missense_subset,within_family,metallothionein,0.1401337996028612
23,missense_subset,within_family,muscarinic_receptor,0.5274287063935081
23,missense_subset,within_family,nadph_oxidase,0.7875150022720111
23,missense_subset,within_family,nitric_oxide_synthase,0.7176288824511118
23,missense_subset,within_family,olfactory_receptors,0.3819647973079428
23,missense_subset,within_family,opsins,0.7873046688392811
23,missense_subset,within_family,p2y_receptor,0.4468807434081668
23,missense_subset,within_family,peroxidase,0.8232251197368244
23,missense_subset,within_family,peroxiredoxin,0.7720498801527328
23,missense_subset,within_family,phosphodiesterase,0.8087451852464806
23,missense_subset,within_family,rab_gtpase,0.7092289882557388
23,missense_subset,within_family,ras_gtpases,0.5286585616488781
23,missense_subset,within_family,rho_gtpase,0.6017334664878277
23,missense_subset,within_family,serine_protease,0.6075351133844503
23,missense_subset,within_family,serotonin_receptor,0.4376801772466871
23,missense_subset,within_family,steap_metalloreductase,0.7061466736782941
23,missense_subset,within_family,sulfotransferase,0.7038134399588255
23,missense_subset,within_family,taste2_receptor,0.1774542970201759
23,missense_subset,within_family,udp_glucuronosyltransferase,0.8564828961887785
23,paired_p3_syn,within_family,adam_metallopeptidase,0.8731563003648691
23,paired_p3_syn,within_family,adamts_metallopeptidase,0.9000028196304615
23,paired_p3_syn,within_family,adrenoceptor,0.5283408576780897
23,paired_p3_syn,within_family,alcohol_dehydrogenase,0.6763525244808667
23,paired_p3_syn,within_family,aldehyde_dehydrogenase,0.828241155129928
23,paired_p3_syn,within_family,aldo_keto_reductase,0.7754999636914722
23,paired_p3_syn,within_family,alkaline_phosphatase,0.8408822859287255
23,paired_p3_syn,within_family,arachidonate_lipoxygenase,0.7403179530934697
23,paired_p3_syn,within_family,arf_gtpase,0.8147958426441902
23,paired_p3_syn,within_family,carbonic_anhydrase,0.6951881342735627
23,paired_p3_syn,within_family,cxc_chemokine_receptor,0.6818964505201546
23,paired_p3_syn,within_family,cytochrome_p450,0.8080890680944623
23,paired_p3_syn,within_family,dopamine_receptor,0.6760715834239732
23,paired_p3_syn,within_family,ectonucleotide_pyrophosphatase,0.8292319782778029
23,paired_p3_syn,within_family,ferritin,0.6220678569667177
23,paired_p3_syn,within_family,flavin_monooxygenase,0.8002351058934238
23,paired_p3_syn,within_family,globins,0.7618555118343663
23,paired_p3_syn,within_family,glutamate_metabotropic,0.759910113430795
23,paired_p3_syn,within_family,glutaredoxin,0.8871355647348599
23,paired_p3_syn,within_family,glutathione_peroxidase,0.703656431646688
23,paired_p3_syn,within_family,glutathione_s_transferase,0.7070150894848213
23,paired_p3_syn,within_family,guanylate_binding_protein,0.7155467720685111
23,paired_p3_syn,within_family,heme_oxygenase,0.9105639643375492
23,paired_p3_syn,within_family,histamine_receptor,0.835320459743943
23,paired_p3_syn,within_family,histone_deacetylase_classI,0.9216690115315976
23,paired_p3_syn,within_family,histone_h4,0.4580347189042841
23,paired_p3_syn,within_family,hox,0.7464839010825688
23,paired_p3_syn,within_family,m14_carboxypeptidase,0.8122613145295777
23,paired_p3_syn,within_family,matrix_metalloproteinase,0.8377450172420522
23,paired_p3_syn,within_family,metallothionein,0.6353912660839851
23,paired_p3_syn,within_family,muscarinic_receptor,0.640861218733555
23,paired_p3_syn,within_family,nadph_oxidase,0.7544967894274505
23,paired_p3_syn,within_family,nitric_oxide_synthase,0.7598937414509809
23,paired_p3_syn,within_family,olfactory_receptors,0.6598356589319203
23,paired_p3_syn,within_family,opsins,0.7595630395939886
23,paired_p3_syn,within_family,p2y_receptor,0.667537600774566
23,paired_p3_syn,within_family,peroxidase,0.8401894006987071
23,paired_p3_syn,within_family,peroxiredoxin,0.873250357073702
23,paired_p3_syn,within_family,phosphodiesterase,0.8573466681706033
23,paired_p3_syn,within_family,rab_gtpase,0.8685114170103091
23,paired_p3_syn,within_family,ras_gtpases,0.7851332371485725
23,paired_p3_syn,within_family,rho_gtpase,0.7354445430046844
23,paired_p3_syn,within_family,serine_protease,0.723032960103437
23,paired_p3_syn,within_family,serotonin_receptor,0.7598372208961036
23,paired_p3_syn,within_family,steap_metalloreductase,0.7094079940186434
23,paired_p3_syn,within_family,sulfotransferase,0.8067175274746516
23,paired_p3_syn,within_family,taste2_receptor,0.6506543737989806
23,paired_p3_syn,within_family,udp_glucuronosyltransferase,0.8645343812456112
23,paired_p3_missense,within_family,adam_metallopeptidase,0.805396965478114
23,paired_p3_missense,within_family,adamts_metallopeptidase,0.7727770615952744
23,paired_p3_missense,within_family,adrenoceptor,0.6128959923813893
23,paired_p3_missense,within_family,alcohol_dehydrogenase,0.7316897006736578
23,paired_p3_missense,within_family,aldehyde_dehydrogenase,0.7354935382766566
23,paired_p3_missense,within_family,aldo_keto_reductase,0.7380818010964285
23,paired_p3_missense,within_family,alkaline_phosphatase,0.886537868736011
23,paired_p3_missense,within_family,arachidonate_lipoxygenase,0.6905613075549941
23,paired_p3_missense,within_family,arf_gtpase,0.7804974726677452
23,paired_p3_missense,within_family,carbonic_anhydrase,0.4976439547107945
23,paired_p3_missense,within_family,cxc_chemokine_receptor,0.6562396935941183
23,paired_p3_missense,within_family,cytochrome_p450,0.7739081943081184
23,paired_p3_missense,within_family,dopamine_receptor,0.6547090429265541
23,paired_p3_missense,within_family,ectonucleotide_pyrophosphatase,0.7061754930699425
23,paired_p3_missense,within_family,ferritin,0.6631559558785785
23,paired_p3_missense,within_family,flavin_monooxygenase,0.7760557603043263
23,paired_p3_missense,within_family,globins,0.7493663724132059
23,paired_p3_missense,within_family,glutamate_metabotropic,0.6971565181132943
23,paired_p3_missense,within_family,glutaredoxin,0.845500571699085
23,paired_p3_missense,within_family,glutathione_peroxidase,0.5348565856888078
23,paired_p3_missense,within_family,glutathione_s_transferase,0.6641593145845989
23,paired_p3_missense,within_family,guanylate_binding_protein,0.4370882740447958
23,paired_p3_missense,within_family,heme_oxygenase,0.8379742898610822
23,paired_p3_missense,within_family,histamine_receptor,0.7492962337361031
23,paired_p3_missense,within_family,histone_deacetylase_classI,0.8664303991194424
23,paired_p3_missense,within_family,histone_h4,0.447220895046982
23,paired_p3_missense,within_family,hox,0.6882686218920121
23,paired_p3_missense,within_family,m14_carboxypeptidase,0.7547171590543962
23,paired_p3_missense,within_family,matrix_metalloproteinase,0.7845441534592451
23,paired_p3_missense,within_family,metallothionein,0.3652865191482652
23,paired_p3_missense,within_family,muscarinic_receptor,0.4663767772166288
23,paired_p3_missense,within_family,nadph_oxidase,0.7753713616902721
23,paired_p3_missense,within_family,nitric_oxide_synthase,0.6179638201177805
23,paired_p3_missense,within_family,olfactory_receptors,0.5578985607313952
23,paired_p3_missense,within_family,opsins,0.7826559107119415
23,paired_p3_missense,within_family,p2y_receptor,0.6123313853301461
23,paired_p3_missense,within_family,peroxidase,0.821878347833756
23,paired_p3_missense,within_family,peroxiredoxin,0.7630476266033726
23,paired_p3_missense,within_family,phosphodiesterase,0.8153949611622405
23,paired_p3_missense,within_family,rab_gtpase,0.7652643671699467
23,paired_p3_missense,within_family,ras_gtpases,0.6913637572245466
23,paired_p3_missense,within_family,rho_gtpase,0.7524622265794821
23,paired_p3_missense,within_family,serine_protease,0.5999159624658934
23,paired_p3_missense,within_family,serotonin_receptor,0.535455956721588
23,paired_p3_missense,within_family,steap_metalloreductase,0.7705933178640251
23,paired_p3_missense,within_family,sulfotransferase,0.7489054755696468
23,paired_p3_missense,within_family,taste2_receptor,0.1794902332594835
23,paired_p3_missense,within_family,udp_glucuronosyltransferase,0.8783190962335348
24,natural,within_family,adam_metallopeptidase,1.0
24,natural,within_family,adamts_metallopeptidase,1.0
24,natural,within_family,adrenoceptor,1.0
24,natural,within_family,alcohol_dehydrogenase,1.0
24,natural,within_family,aldehyde_dehydrogenase,1.0
24,natural,within_family,aldo_keto_reductase,1.0
24,natural,within_family,alkaline_phosphatase,1.0
24,natural,within_family,arachidonate_lipoxygenase,1.0
24,natural,within_family,arf_gtpase,1.0
24,natural,within_family,carbonic_anhydrase,1.0
24,natural,within_family,cxc_chemokine_receptor,1.0
24,natural,within_family,cytochrome_p450,1.0
24,natural,within_family,dopamine_receptor,1.0
24,natural,within_family,ectonucleotide_pyrophosphatase,1.0
24,natural,within_family,ferritin,1.0
24,natural,within_family,flavin_monooxygenase,1.0
24,natural,within_family,globins,1.0
24,natural,within_family,glutamate_metabotropic,1.0
24,natural,within_family,glutaredoxin,1.0
24,natural,within_family,glutathione_peroxidase,1.0
24,natural,within_family,glutathione_s_transferase,1.0
24,natural,within_family,guanylate_binding_protein,1.0
24,natural,within_family,heme_oxygenase,1.0
24,natural,within_family,histamine_receptor,1.0
24,natural,within_family,histone_deacetylase_classI,1.0
24,natural,within_family,histone_h4,1.0
24,natural,within_family,hox,1.0
24,natural,within_family,m14_carboxypeptidase,1.0
24,natural,within_family,matrix_metalloproteinase,1.0
24,natural,within_family,metallothionein,1.0
24,natural,within_family,muscarinic_receptor,1.0
24,natural,within_family,nadph_oxidase,1.0
24,natural,within_family,nitric_oxide_synthase,1.0
24,natural,within_family,olfactory_receptors,1.0
24,natural,within_family,opsins,1.0
24,natural,within_family,p2y_receptor,1.0
24,natural,within_family,peroxidase,1.0
24,natural,within_family,peroxiredoxin,1.0
24,natural,within_family,phosphodiesterase,1.0
24,natural,within_family,rab_gtpase,1.0
24,natural,within_family,ras_gtpases,1.0
24,natural,within_family,rho_gtpase,1.0
24,natural,within_family,serine_protease,1.0
24,natural,within_family,serotonin_receptor,1.0
24,natural,within_family,steap_metalloreductase,1.0
24,natural,within_family,sulfotransferase,1.0
24,natural,within_family,taste2_receptor,1.0
24,natural,within_family,udp_glucuronosyltransferase,1.0
24,gc_match,within_family,adam_metallopeptidase,0.6990944511932797
24,gc_match,within_family,adamts_metallopeptidase,0.7892655971487955
24,gc_match,within_family,adrenoceptor,0.3936792947838583
24,gc_match,within_family,alcohol_dehydrogenase,0.7967428293631501
24,gc_match,within_family,aldehyde_dehydrogenase,0.7484437359719759
24,gc_match,within_family,aldo_keto_reductase,0.7815834770776924
24,gc_match,within_family,alkaline_phosphatase,0.8792100572286331
24,gc_match,within_family,arachidonate_lipoxygenase,0.7507473756807812
24,gc_match,within_family,arf_gtpase,0.5388088108360864
24,gc_match,within_family,carbonic_anhydrase,0.6232534982358052
24,gc_match,within_family,cxc_chemokine_receptor,0.3552704422296772
24,gc_match,within_family,cytochrome_p450,0.6804593800114384
24,gc_match,within_family,dopamine_receptor,0.4058777151587049
24,gc_match,within_family,ectonucleotide_pyrophosphatase,0.7848648119228538
24,gc_match,within_family,ferritin,0.4609422856458429
24,gc_match,within_family,flavin_monooxygenase,0.7054046948785672
24,gc_match,within_family,globins,0.6622781714143119
24,gc_match,within_family,glutamate_metabotropic,0.5555511996193847
24,gc_match,within_family,glutaredoxin,0.6677937923887833
24,gc_match,within_family,glutathione_peroxidase,0.561169317175622
24,gc_match,within_family,glutathione_s_transferase,0.5287175544921022
24,gc_match,within_family,guanylate_binding_protein,0.4569828722002634
24,gc_match,within_family,heme_oxygenase,0.7816089570806551
24,gc_match,within_family,histamine_receptor,0.5492399651257551
24,gc_match,within_family,histone_deacetylase_classI,0.7498582940882688
24,gc_match,within_family,histone_h4,0.2482083134257047
24,gc_match,within_family,hox,0.4241613451319925
24,gc_match,within_family,m14_carboxypeptidase,0.7656467098419873
24,gc_match,within_family,matrix_metalloproteinase,0.6990444954837941
24,gc_match,within_family,metallothionein,0.3632627558756894
24,gc_match,within_family,muscarinic_receptor,0.3157060055126541
24,gc_match,within_family,nadph_oxidase,0.8577494415033108
24,gc_match,within_family,nitric_oxide_synthase,0.4802172043002592
24,gc_match,within_family,olfactory_receptors,0.0957021122376125
24,gc_match,within_family,opsins,0.6821263917425447
24,gc_match,within_family,p2y_receptor,0.2487337083551318
24,gc_match,within_family,peroxidase,0.8611319025610683
24,gc_match,within_family,peroxiredoxin,0.6690974461222428
24,gc_match,within_family,phosphodiesterase,0.806375871808595
24,gc_match,within_family,rab_gtpase,0.6113736097970511
24,gc_match,within_family,ras_gtpases,0.565925788030548
24,gc_match,within_family,rho_gtpase,0.5833712359802126
24,gc_match,within_family,serine_protease,0.582110265168573
24,gc_match,within_family,serotonin_receptor,0.430273810866573
24,gc_match,within_family,steap_metalloreductase,0.6795978479446902
24,gc_match,within_family,sulfotransferase,0.7009750246541282
24,gc_match,within_family,taste2_receptor,-0.1226226734832784
24,gc_match,within_family,udp_glucuronosyltransferase,0.7952323077991528
24,dinuc_shuffle,within_family,adam_metallopeptidase,0.7154535382035636
24,dinuc_shuffle,within_family,adamts_metallopeptidase,0.785363053137419
24,dinuc_shuffle,within_family,adrenoceptor,0.5141294566316955
24,dinuc_shuffle,within_family,alcohol_dehydrogenase,0.7699284672546703
24,dinuc_shuffle,within_family,aldehyde_dehydrogenase,0.7531936005022487
24,dinuc_shuffle,within_family,aldo_keto_reductase,0.8089532646591604
24,dinuc_shuffle,within_family,alkaline_phosphatase,0.918556417782424
24,dinuc_shuffle,within_family,arachidonate_lipoxygenase,0.8057228918538858
24,dinuc_shuffle,within_family,arf_gtpase,0.5337217677617986
24,dinuc_shuffle,within_family,carbonic_anhydrase,0.5931226002886507
24,dinuc_shuffle,within_family,cxc_chemokine_receptor,0.5693398458425355
24,dinuc_shuffle,within_family,cytochrome_p450,0.7156322456624115
24,dinuc_shuffle,within_family,dopamine_receptor,0.4473524716610688
24,dinuc_shuffle,within_family,ectonucleotide_pyrophosphatase,0.7522688720860239
24,dinuc_shuffle,within_family,ferritin,0.3751323813751155
24,dinuc_shuffle,within_family,flavin_monooxygenase,0.7521288476752848
24,dinuc_shuffle,within_family,globins,0.7003241277684614
24,dinuc_shuffle,within_family,glutamate_metabotropic,0.6700271353854559
24,dinuc_shuffle,within_family,glutaredoxin,0.7110545639832273
24,dinuc_shuffle,within_family,glutathione_peroxidase,0.6694612256788611
24,dinuc_shuffle,within_family,glutathione_s_transferase,0.4885081511001364
24,dinuc_shuffle,within_family,guanylate_binding_protein,0.4216073781291172
24,dinuc_shuffle,within_family,heme_oxygenase,0.865021770682148
24,dinuc_shuffle,within_family,histamine_receptor,0.675207615640669
24,dinuc_shuffle,within_family,histone_deacetylase_classI,0.7774189092037928
24,dinuc_shuffle,within_family,histone_h4,0.3024685459468068
24,dinuc_shuffle,within_family,hox,0.4243189945458833
24,dinuc_shuffle,within_family,m14_carboxypeptidase,0.7567184248949838
24,dinuc_shuffle,within_family,matrix_metalloproteinase,0.7460711474471093
24,dinuc_shuffle,within_family,metallothionein,0.5602823896657171
24,dinuc_shuffle,within_family,muscarinic_receptor,0.3127295003043268
24,dinuc_shuffle,within_family,nadph_oxidase,0.882366674337797
24,dinuc_shuffle,within_family,nitric_oxide_synthase,0.4388279630509859
24,dinuc_shuffle,within_family,olfactory_receptors,0.1468448487542043
24,dinuc_shuffle,within_family,opsins,0.6641337241346431
24,dinuc_shuffle,within_family,p2y_receptor,0.4092979988587223
24,dinuc_shuffle,within_family,peroxidase,0.8729947976374144
24,dinuc_shuffle,within_family,peroxiredoxin,0.6693808458546349
24,dinuc_shuffle,within_family,phosphodiesterase,0.7957885993642776
24,dinuc_shuffle,within_family,rab_gtpase,0.6093099474343248
24,dinuc_shuffle,within_family,ras_gtpases,0.5759210651054006
24,dinuc_shuffle,within_family,rho_gtpase,0.5982490676759573
24,dinuc_shuffle,within_family,serine_protease,0.608272987478595
24,dinuc_shuffle,within_family,serotonin_receptor,0.4651251656779608
24,dinuc_shuffle,within_family,steap_metalloreductase,0.7313137022672809
24,dinuc_shuffle,within_family,sulfotransferase,0.6757178317202367
24,dinuc_shuffle,within_family,taste2_receptor,0.0414434390674652
24,dinuc_shuffle,within_family,udp_glucuronosyltransferase,0.8744773942634907
24,kmer4_shuffle,within_family,adam_metallopeptidase,0.7001639794646293
24,kmer4_shuffle,within_family,adamts_metallopeptidase,0.7971444094002061
24,kmer4_shuffle,within_family,adrenoceptor,0.3656142146230814
24,kmer4_shuffle,within_family,alcohol_dehydrogenase,0.7392041113966247
24,kmer4_shuffle,within_family,aldehyde_dehydrogenase,0.7575372491575777
24,kmer4_shuffle,within_family,aldo_keto_reductase,0.7944980182217066
24,kmer4_shuffle,within_family,alkaline_phosphatase,0.90616581560854
24,kmer4_shuffle,within_family,arachidonate_lipoxygenase,0.7516782422612308
24,kmer4_shuffle,within_family,arf_gtpase,0.518989673923445
24,kmer4_shuffle,within_family,carbonic_anhydrase,0.6224216674849631
24,kmer4_shuffle,within_family,cxc_chemokine_receptor,0.4575809505364616
24,kmer4_shuffle,within_family,cytochrome_p450,0.7339644441211297
24,kmer4_shuffle,within_family,dopamine_receptor,0.512088863434176
24,kmer4_shuffle,within_family,ectonucleotide_pyrophosphatase,0.7672676283026514
24,kmer4_shuffle,within_family,ferritin,0.5470327045658363
24,kmer4_shuffle,within_family,flavin_monooxygenase,0.754863771424785
24,kmer4_shuffle,within_family,globins,0.7795816111147015
24,kmer4_shuffle,within_family,glutamate_metabotropic,0.6705828219369167
24,kmer4_shuffle,within_family,glutaredoxin,0.7923015848887919
24,kmer4_shuffle,within_family,glutathione_peroxidase,0.5148837178292622
24,kmer4_shuffle,within_family,glutathione_s_transferase,0.4972221755722951
24,kmer4_shuffle,within_family,guanylate_binding_protein,0.3866271409749671
24,kmer4_shuffle,within_family,heme_oxygenase,0.8164835164835165
24,kmer4_shuffle,within_family,histamine_receptor,0.644218577054279
24,kmer4_shuffle,within_family,histone_deacetylase_classI,0.7345939418921461
24,kmer4_shuffle,within_family,histone_h4,0.3847905717470935
24,kmer4_shuffle,within_family,hox,0.4520712643784177
24,kmer4_shuffle,within_family,m14_carboxypeptidase,0.756704695907032
24,kmer4_shuffle,within_family,matrix_metalloproteinase,0.7295356988056396
24,kmer4_shuffle,within_family,metallothionein,0.3155980526407982
24,kmer4_shuffle,within_family,muscarinic_receptor,0.503761166866762
24,kmer4_shuffle,within_family,nadph_oxidase,0.8742330138101985
24,kmer4_shuffle,within_family,nitric_oxide_synthase,0.4205480194660024
24,kmer4_shuffle,within_family,olfactory_receptors,0.1676988721697757
24,kmer4_shuffle,within_family,opsins,0.6577504954703347
24,kmer4_shuffle,within_family,p2y_receptor,0.3346128837427557
24,kmer4_shuffle,within_family,peroxidase,0.8224722424098333
24,kmer4_shuffle,within_family,peroxiredoxin,0.6081330902635
24,kmer4_shuffle,within_family,phosphodiesterase,0.7898241512255653
24,kmer4_shuffle,within_family,rab_gtpase,0.6532515011583414
24,kmer4_shuffle,within_family,ras_gtpases,0.5879386446673505
24,kmer4_shuffle,within_family,rho_gtpase,0.6094939021440292
24,kmer4_shuffle,within_family,serine_protease,0.6181763301757728
24,kmer4_shuffle,within_family,serotonin_receptor,0.4951962738631114
24,kmer4_shuffle,within_family,steap_metalloreductase,0.6902034379703611
24,kmer4_shuffle,within_family,sulfotransferase,0.7073995167934987
24,kmer4_shuffle,within_family,taste2_receptor,0.1370572363617056
24,kmer4_shuffle,within_family,udp_glucuronosyltransferase,0.8464447762576104
24,kmer6_shuffle,within_family,adam_metallopeptidase,0.7238179578054849
24,kmer6_shuffle,within_family,adamts_metallopeptidase,0.7901182825126397
24,kmer6_shuffle,within_family,adrenoceptor,0.4246699574224629
24,kmer6_shuffle,within_family,alcohol_dehydrogenase,0.8208208903396069
24,kmer6_shuffle,within_family,aldehyde_dehydrogenase,0.7638555793661564
24,kmer6_shuffle,within_family,aldo_keto_reductase,0.8064340965906465
24,kmer6_shuffle,within_family,alkaline_phosphatase,0.916653264176484
24,kmer6_shuffle,within_family,arachidonate_lipoxygenase,0.7859717267728813
24,kmer6_shuffle,within_family,arf_gtpase,0.5500916108878062
24,kmer6_shuffle,within_family,carbonic_anhydrase,0.5700736012479124
24,kmer6_shuffle,within_family,cxc_chemokine_receptor,0.5684517359001251
24,kmer6_shuffle,within_family,cytochrome_p450,0.7269100080248845
24,kmer6_shuffle,within_family,dopamine_receptor,0.5274752092113475
24,kmer6_shuffle,within_family,ectonucleotide_pyrophosphatase,0.7458057665694557
24,kmer6_shuffle,within_family,ferritin,0.5678773485678855
24,kmer6_shuffle,within_family,flavin_monooxygenase,0.7156258074222018
24,kmer6_shuffle,within_family,globins,0.724311729947369
24,kmer6_shuffle,within_family,glutamate_metabotropic,0.6782481917093661
24,kmer6_shuffle,within_family,glutaredoxin,0.7830766586051023
24,kmer6_shuffle,within_family,glutathione_peroxidase,0.5513119379036094
24,kmer6_shuffle,within_family,glutathione_s_transferase,0.5332067884687672
24,kmer6_shuffle,within_family,guanylate_binding_protein,0.3806982872200263
24,kmer6_shuffle,within_family,heme_oxygenase,0.8632490151358075
24,kmer6_shuffle,within_family,histamine_receptor,0.6388292374415375
24,kmer6_shuffle,within_family,histone_deacetylase_classI,0.7847603500352557
24,kmer6_shuffle,within_family,histone_h4,0.5810957158783246
24,kmer6_shuffle,within_family,hox,0.4625844766323627
24,kmer6_shuffle,within_family,m14_carboxypeptidase,0.7704579097192166
24,kmer6_shuffle,within_family,matrix_metalloproteinase,0.7285609434407777
24,kmer6_shuffle,within_family,metallothionein,0.4084147726427293
24,kmer6_shuffle,within_family,muscarinic_receptor,0.3375482060662442
24,kmer6_shuffle,within_family,nadph_oxidase,0.8728831718562332
24,kmer6_shuffle,within_family,nitric_oxide_synthase,0.6594712979715671
24,kmer6_shuffle,within_family,olfactory_receptors,0.1858361287964814
24,kmer6_shuffle,within_family,opsins,0.6335218961417639
24,kmer6_shuffle,within_family,p2y_receptor,0.5095758896320589
24,kmer6_shuffle,within_family,peroxidase,0.868101991581109
24,kmer6_shuffle,within_family,peroxiredoxin,0.6606619392810104
24,kmer6_shuffle,within_family,phosphodiesterase,0.7876950883218286
24,kmer6_shuffle,within_family,rab_gtpase,0.6427373345306052
24,kmer6_shuffle,within_family,ras_gtpases,0.6252103227173943
24,kmer6_shuffle,within_family,rho_gtpase,0.6684013240130857
24,kmer6_shuffle,within_family,serine_protease,0.5948993024337212
24,kmer6_shuffle,within_family,serotonin_receptor,0.5245606577983971
24,kmer6_shuffle,within_family,steap_metalloreductase,0.645734710940509
24,kmer6_shuffle,within_family,sulfotransferase,0.6652280618997001
24,kmer6_shuffle,within_family,taste2_receptor,0.1683758156965006
24,kmer6_shuffle,within_family,udp_glucuronosyltransferase,0.7838675139477278
24,synonymous_recode,within_family,adam_metallopeptidase,0.8062812384026006
24,synonymous_recode,within_family,adamts_metallopeptidase,0.8793888791967304
24,synonymous_recode,within_family,adrenoceptor,0.4021165270380021
24,synonymous_recode,within_family,alcohol_dehydrogenase,0.7169317313702339
24,synonymous_recode,within_family,aldehyde_dehydrogenase,0.8472429106530828
24,synonymous_recode,within_family,aldo_keto_reductase,0.9035078521825366
24,synonymous_recode,within_family,alkaline_phosphatase,0.9738517416535992
24,synonymous_recode,within_family,arachidonate_lipoxygenase,0.8194838547517921
24,synonymous_recode,within_family,arf_gtpase,0.7639360373851911
24,synonymous_recode,within_family,carbonic_anhydrase,0.7407074217745369
24,synonymous_recode,within_family,cxc_chemokine_receptor,0.5388163458471978
24,synonymous_recode,within_family,cytochrome_p450,0.840525833255932
24,synonymous_recode,within_family,dopamine_receptor,0.5728811742145657
24,synonymous_recode,within_family,ectonucleotide_pyrophosphatase,0.8950192450955855
24,synonymous_recode,within_family,ferritin,0.4807904836386584
24,synonymous_recode,within_family,flavin_monooxygenase,0.7614495152109848
24,synonymous_recode,within_family,globins,0.7394006328356486
24,synonymous_recode,within_family,glutamate_metabotropic,0.8537092243281026
24,synonymous_recode,within_family,glutaredoxin,0.8015844378898633
24,synonymous_recode,within_family,glutathione_peroxidase,0.7404913518171975
24,synonymous_recode,within_family,glutathione_s_transferase,0.6852658622993265
24,synonymous_recode,within_family,guanylate_binding_protein,0.711923583662714
24,synonymous_recode,within_family,heme_oxygenase,0.885921625544267
24,synonymous_recode,within_family,histamine_receptor,0.834640608276025
24,synonymous_recode,within_family,histone_deacetylase_classI,0.880917291411726
24,synonymous_recode,within_family,histone_h4,0.0490364707756012
24,synonymous_recode,within_family,hox,0.5590500993882904
24,synonymous_recode,within_family,m14_carboxypeptidase,0.8507568321780223
24,synonymous_recode,within_family,matrix_metalloproteinase,0.862921724852596
24,synonymous_recode,within_family,metallothionein,0.3261583000555918
24,synonymous_recode,within_family,muscarinic_receptor,0.2121929207710196
24,synonymous_recode,within_family,nadph_oxidase,0.9017751985923018
24,synonymous_recode,within_family,nitric_oxide_synthase,0.7167127213998881
24,synonymous_recode,within_family,olfactory_receptors,0.3696785879249143
24,synonymous_recode,within_family,opsins,0.7435211692302529
24,synonymous_recode,within_family,p2y_receptor,0.5927381894458303
24,synonymous_recode,within_family,peroxidase,0.91461493677906
24,synonymous_recode,within_family,peroxiredoxin,0.8946070944181169
24,synonymous_recode,within_family,phosphodiesterase,0.8901617793053489
24,synonymous_recode,within_family,rab_gtpase,0.8680101762373005
24,synonymous_recode,within_family,ras_gtpases,0.7590736615240499
24,synonymous_recode,within_family,rho_gtpase,0.740729654107781
24,synonymous_recode,within_family,serine_protease,0.7734719463308165
24,synonymous_recode,within_family,serotonin_receptor,0.581140769896664
24,synonymous_recode,within_family,steap_metalloreductase,0.6933230654434667
24,synonymous_recode,within_family,sulfotransferase,0.8501896740627858
24,synonymous_recode,within_family,taste2_receptor,0.4866213921510113
24,synonymous_recode,within_family,udp_glucuronosyltransferase,0.923741617859265
24,missense_subset,within_family,adam_metallopeptidase,0.7890596569209936
24,missense_subset,within_family,adamts_metallopeptidase,0.8557271591844526
24,missense_subset,within_family,adrenoceptor,0.7165751977056278
24,missense_subset,within_family,alcohol_dehydrogenase,0.8733175914994096
24,missense_subset,within_family,aldehyde_dehydrogenase,0.8479084965066601
24,missense_subset,within_family,aldo_keto_reductase,0.817821229968634
24,missense_subset,within_family,alkaline_phosphatase,0.8849027649337246
24,missense_subset,within_family,arachidonate_lipoxygenase,0.8912295063343256
24,missense_subset,within_family,arf_gtpase,0.7162786928203457
24,missense_subset,within_family,carbonic_anhydrase,0.7260029524426859
24,missense_subset,within_family,cxc_chemokine_receptor,0.573687745218269
24,missense_subset,within_family,cytochrome_p450,0.8253167517465262
24,missense_subset,within_family,dopamine_receptor,0.6219337617851562
24,missense_subset,within_family,ectonucleotide_pyrophosphatase,0.8751002769029986
24,missense_subset,within_family,ferritin,0.6171012781684717
24,missense_subset,within_family,flavin_monooxygenase,0.7786807333269726
24,missense_subset,within_family,globins,0.7816319783865787
24,missense_subset,within_family,glutamate_metabotropic,0.8445080178796676
24,missense_subset,within_family,glutaredoxin,0.8417679969042581
24,missense_subset,within_family,glutathione_peroxidase,0.5668490447523189
24,missense_subset,within_family,glutathione_s_transferase,0.6613302684229208
24,missense_subset,within_family,guanylate_binding_protein,0.4474967061923583
24,missense_subset,within_family,heme_oxygenase,0.7167841592369893
24,missense_subset,within_family,histamine_receptor,0.7937573875432782
24,missense_subset,within_family,histone_deacetylase_classI,0.9311676146288256
24,missense_subset,within_family,histone_h4,0.5780697563306259
24,missense_subset,within_family,hox,0.5966029910213458
24,missense_subset,within_family,m14_carboxypeptidase,0.8252046896469414
24,missense_subset,within_family,matrix_metalloproteinase,0.7329135481961534
24,missense_subset,within_family,metallothionein,0.3370429646382176
24,missense_subset,within_family,muscarinic_receptor,0.5636701214819979
24,missense_subset,within_family,nadph_oxidase,0.8708716211744812
24,missense_subset,within_family,nitric_oxide_synthase,0.7847733275437584
24,missense_subset,within_family,olfactory_receptors,0.3920056807072986
24,missense_subset,within_family,opsins,0.8130333823829341
24,missense_subset,within_family,p2y_receptor,0.4869072501454795
24,missense_subset,within_family,peroxidase,0.9074783978773258
24,missense_subset,within_family,peroxiredoxin,0.8494196067204213
24,missense_subset,within_family,phosphodiesterase,0.8779347828624626
24,missense_subset,within_family,rab_gtpase,0.8090648280148208
24,missense_subset,within_family,ras_gtpases,0.6845589223066854
24,missense_subset,within_family,rho_gtpase,0.7103948674548028
24,missense_subset,within_family,serine_protease,0.6775945168807315
24,missense_subset,within_family,serotonin_receptor,0.5535572040257223
24,missense_subset,within_family,steap_metalloreductase,0.8565109729006132
24,missense_subset,within_family,sulfotransferase,0.7886711035515803
24,missense_subset,within_family,taste2_receptor,0.1779449764630433
24,missense_subset,within_family,udp_glucuronosyltransferase,0.9203760291995589
24,paired_p3_syn,within_family,adam_metallopeptidase,0.8885421038320023
24,paired_p3_syn,within_family,adamts_metallopeptidase,0.9329789685834036
24,paired_p3_syn,within_family,adrenoceptor,0.5506690001702086
24,paired_p3_syn,within_family,alcohol_dehydrogenase,0.6657476213625945
24,paired_p3_syn,within_family,aldehyde_dehydrogenase,0.8737402439477137
24,paired_p3_syn,within_family,aldo_keto_reductase,0.8982525277515664
24,paired_p3_syn,within_family,alkaline_phosphatase,0.9074826102689878
24,paired_p3_syn,within_family,arachidonate_lipoxygenase,0.8590539657267545
24,paired_p3_syn,within_family,arf_gtpase,0.8391225207503065
24,paired_p3_syn,within_family,carbonic_anhydrase,0.7654589958974141
24,paired_p3_syn,within_family,cxc_chemokine_receptor,0.7005127961321637
24,paired_p3_syn,within_family,cytochrome_p450,0.875807158614537
24,paired_p3_syn,within_family,dopamine_receptor,0.7204305047145129
24,paired_p3_syn,within_family,ectonucleotide_pyrophosphatase,0.9063949648462264
24,paired_p3_syn,within_family,ferritin,0.5903858561031311
24,paired_p3_syn,within_family,flavin_monooxygenase,0.8462191110398816
24,paired_p3_syn,within_family,globins,0.804217044771809
24,paired_p3_syn,within_family,glutamate_metabotropic,0.8133214717629715
24,paired_p3_syn,within_family,glutaredoxin,0.9132346279626576
24,paired_p3_syn,within_family,glutathione_peroxidase,0.7518268042665969
24,paired_p3_syn,within_family,glutathione_s_transferase,0.8048525217460986
24,paired_p3_syn,within_family,guanylate_binding_protein,0.6856389986824769
24,paired_p3_syn,within_family,heme_oxygenase,0.9649077337756582
24,paired_p3_syn,within_family,histamine_receptor,0.9204929985395538
24,paired_p3_syn,within_family,histone_deacetylase_classI,0.9369657014698658
24,paired_p3_syn,within_family,histone_h4,0.7251950947603122
24,paired_p3_syn,within_family,hox,0.7635894940686652
24,paired_p3_syn,within_family,m14_carboxypeptidase,0.8934173893228828
24,paired_p3_syn,within_family,matrix_metalloproteinase,0.9084332171374444
24,paired_p3_syn,within_family,metallothionein,0.6871977274355142
24,paired_p3_syn,within_family,muscarinic_receptor,0.6565506867446367
24,paired_p3_syn,within_family,nadph_oxidase,0.8888316013071563
24,paired_p3_syn,within_family,nitric_oxide_synthase,0.826790135139801
24,paired_p3_syn,within_family,olfactory_receptors,0.7108315701234816
24,paired_p3_syn,within_family,opsins,0.7932838484211088
24,paired_p3_syn,within_family,p2y_receptor,0.6806939470202338
24,paired_p3_syn,within_family,peroxidase,0.8828057334068177
24,paired_p3_syn,within_family,peroxiredoxin,0.9319832145792551
24,paired_p3_syn,within_family,phosphodiesterase,0.9264627676471188
24,paired_p3_syn,within_family,rab_gtpase,0.914608606230334
24,paired_p3_syn,within_family,ras_gtpases,0.8429377608028118
24,paired_p3_syn,within_family,rho_gtpase,0.8173109657615184
24,paired_p3_syn,within_family,serine_protease,0.7859688509827324
24,paired_p3_syn,within_family,serotonin_receptor,0.8009776310479173
24,paired_p3_syn,within_family,steap_metalloreductase,0.769654851091051
24,paired_p3_syn,within_family,sulfotransferase,0.8379961965291284
24,paired_p3_syn,within_family,taste2_receptor,0.637542108017482
24,paired_p3_syn,within_family,udp_glucuronosyltransferase,0.9047107823845792
24,paired_p3_missense,within_family,adam_metallopeptidase,0.8436384641872755
24,paired_p3_missense,within_family,adamts_metallopeptidase,0.855310073739924
24,paired_p3_missense,within_family,adrenoceptor,0.6628174247049639
24,paired_p3_missense,within_family,alcohol_dehydrogenase,0.7619904160011111
24,paired_p3_missense,within_family,aldehyde_dehydrogenase,0.8029283756428025
24,paired_p3_missense,within_family,aldo_keto_reductase,0.8641596836274869
24,paired_p3_missense,within_family,alkaline_phosphatase,0.9160468014957178
24,paired_p3_missense,within_family,arachidonate_lipoxygenase,0.8454092028484856
24,paired_p3_missense,within_family,arf_gtpase,0.7958994135109362
24,paired_p3_missense,within_family,carbonic_anhydrase,0.6231293083231803
24,paired_p3_missense,within_family,cxc_chemokine_receptor,0.6745954156030628
24,paired_p3_missense,within_family,cytochrome_p450,0.8465290318559593
24,paired_p3_missense,within_family,dopamine_receptor,0.7361394536233141
24,paired_p3_missense,within_family,ectonucleotide_pyrophosphatase,0.8506539605851969
24,paired_p3_missense,within_family,ferritin,0.588322659282901
24,paired_p3_missense,within_family,flavin_monooxygenase,0.8595696839662373
24,paired_p3_missense,within_family,globins,0.8015028297497362
24,paired_p3_missense,within_family,glutamate_metabotropic,0.7896167946920392
24,paired_p3_missense,within_family,glutaredoxin,0.8476605182030582
24,paired_p3_missense,within_family,glutathione_peroxidase,0.6826249406267385
24,paired_p3_missense,within_family,glutathione_s_transferase,0.7558322089778361
24,paired_p3_missense,within_family,guanylate_binding_protein,0.4486824769433464
24,paired_p3_missense,within_family,heme_oxygenase,0.9514410118183704
24,paired_p3_missense,within_family,histamine_receptor,0.8467074923890047
24,paired_p3_missense,within_family,histone_deacetylase_classI,0.8814700783209426
24,paired_p3_missense,within_family,histone_h4,0.442681955725434
24,paired_p3_missense,within_family,hox,0.7086377106260381
24,paired_p3_missense,within_family,m14_carboxypeptidase,0.8567144134380158
24,paired_p3_missense,within_family,matrix_metalloproteinase,0.8623911600495235
24,paired_p3_missense,within_family,metallothionein,0.578786063311393
24,paired_p3_missense,within_family,muscarinic_receptor,0.5479216899222487
24,paired_p3_missense,within_family,nadph_oxidase,0.8813795452890614
24,paired_p3_missense,within_family,nitric_oxide_synthase,0.6996690017199674
24,paired_p3_missense,within_family,olfactory_receptors,0.5835602639518226
24,paired_p3_missense,within_family,opsins,0.8173074856244598
24,paired_p3_missense,within_family,p2y_receptor,0.6498904675926539
24,paired_p3_missense,within_family,peroxidase,0.8921132868445
24,paired_p3_missense,within_family,peroxiredoxin,0.791131497436125
24,paired_p3_missense,within_family,phosphodiesterase,0.8972130594160316
24,paired_p3_missense,within_family,rab_gtpase,0.8308319163702093
24,paired_p3_missense,within_family,ras_gtpases,0.8013694839432256
24,paired_p3_missense,within_family,rho_gtpase,0.8303292291120262
24,paired_p3_missense,within_family,serine_protease,0.6824311507463496
24,paired_p3_missense,within_family,serotonin_receptor,0.6397485986166018
24,paired_p3_missense,within_family,steap_metalloreductase,0.8373091850460505
24,paired_p3_missense,within_family,sulfotransferase,0.8078135015106135
24,paired_p3_missense,within_family,taste2_receptor,0.2213352635632591
24,paired_p3_missense,within_family,udp_glucuronosyltransferase,0.8831790016281995
25,natural,within_family,adam_metallopeptidase,1.0
25,natural,within_family,adamts_metallopeptidase,1.0
25,natural,within_family,adrenoceptor,1.0
25,natural,within_family,alcohol_dehydrogenase,1.0
25,natural,within_family,aldehyde_dehydrogenase,1.0
25,natural,within_family,aldo_keto_reductase,1.0
25,natural,within_family,alkaline_phosphatase,1.0
25,natural,within_family,arachidonate_lipoxygenase,1.0
25,natural,within_family,arf_gtpase,1.0
25,natural,within_family,carbonic_anhydrase,1.0
25,natural,within_family,cxc_chemokine_receptor,1.0
25,natural,within_family,cytochrome_p450,1.0
25,natural,within_family,dopamine_receptor,1.0
25,natural,within_family,ectonucleotide_pyrophosphatase,1.0
25,natural,within_family,ferritin,1.0
25,natural,within_family,flavin_monooxygenase,1.0
25,natural,within_family,globins,1.0
25,natural,within_family,glutamate_metabotropic,1.0
25,natural,within_family,glutaredoxin,1.0
25,natural,within_family,glutathione_peroxidase,1.0
25,natural,within_family,glutathione_s_transferase,1.0
25,natural,within_family,guanylate_binding_protein,1.0
25,natural,within_family,heme_oxygenase,1.0
25,natural,within_family,histamine_receptor,1.0
25,natural,within_family,histone_deacetylase_classI,1.0
25,natural,within_family,histone_h4,1.0
25,natural,within_family,hox,1.0
25,natural,within_family,m14_carboxypeptidase,1.0
25,natural,within_family,matrix_metalloproteinase,1.0
25,natural,within_family,metallothionein,1.0
25,natural,within_family,muscarinic_receptor,1.0
25,natural,within_family,nadph_oxidase,1.0
25,natural,within_family,nitric_oxide_synthase,1.0
25,natural,within_family,olfactory_receptors,1.0
25,natural,within_family,opsins,1.0
25,natural,within_family,p2y_receptor,1.0
25,natural,within_family,peroxidase,1.0
25,natural,within_family,peroxiredoxin,1.0
25,natural,within_family,phosphodiesterase,1.0
25,natural,within_family,rab_gtpase,1.0
25,natural,within_family,ras_gtpases,1.0
25,natural,within_family,rho_gtpase,1.0
25,natural,within_family,serine_protease,1.0
25,natural,within_family,serotonin_receptor,1.0
25,natural,within_family,steap_metalloreductase,1.0
25,natural,within_family,sulfotransferase,1.0
25,natural,within_family,taste2_receptor,1.0
25,natural,within_family,udp_glucuronosyltransferase,1.0
25,gc_match,within_family,adam_metallopeptidase,0.6825556714833296
25,gc_match,within_family,adamts_metallopeptidase,0.7810233648620609
25,gc_match,within_family,adrenoceptor,0.381148592830516
25,gc_match,within_family,alcohol_dehydrogenase,0.7785401764011389
25,gc_match,within_family,aldehyde_dehydrogenase,0.7452822504094017
25,gc_match,within_family,aldo_keto_reductase,0.7636143574848204
25,gc_match,within_family,alkaline_phosphatase,0.8776319140096228
25,gc_match,within_family,arachidonate_lipoxygenase,0.7383031708803577
25,gc_match,within_family,arf_gtpase,0.528681214063207
25,gc_match,within_family,carbonic_anhydrase,0.6102312983214931
25,gc_match,within_family,cxc_chemokine_receptor,0.356320270926466
25,gc_match,within_family,cytochrome_p450,0.6701827203956048
25,gc_match,within_family,dopamine_receptor,0.3640940329868011
25,gc_match,within_family,ectonucleotide_pyrophosphatase,0.7836789325685418
25,gc_match,within_family,ferritin,0.4208498275343194
25,gc_match,within_family,flavin_monooxygenase,0.707473769849811
25,gc_match,within_family,globins,0.600403546957843
25,gc_match,within_family,glutamate_metabotropic,0.5396194692194636
25,gc_match,within_family,glutaredoxin,0.649623146591612
25,gc_match,within_family,glutathione_peroxidase,0.5646914898482146
25,gc_match,within_family,glutathione_s_transferase,0.5030894235474271
25,gc_match,within_family,guanylate_binding_protein,0.5167984189723319
25,gc_match,within_family,heme_oxygenase,0.7658822309765706
25,gc_match,within_family,histamine_receptor,0.5603505162581593
25,gc_match,within_family,histone_deacetylase_classI,0.7387984951320146
25,gc_match,within_family,histone_h4,0.2482083134257047
25,gc_match,within_family,hox,0.4136458625654272
25,gc_match,within_family,m14_carboxypeptidase,0.7598048302528061
25,gc_match,within_family,matrix_metalloproteinase,0.6935561177600486
25,gc_match,within_family,metallothionein,0.3330136709669825
25,gc_match,within_family,muscarinic_receptor,0.3071230699932112
25,gc_match,within_family,nadph_oxidase,0.8536171128025809
25,gc_match,within_family,nitric_oxide_synthase,0.4765505651532672
25,gc_match,within_family,olfactory_receptors,0.0864462717778499
25,gc_match,within_family,opsins,0.6632990434028242
25,gc_match,within_family,p2y_receptor,0.245497505476411
25,gc_match,within_family,peroxidase,0.844434021947085
25,gc_match,within_family,peroxiredoxin,0.6111249406256979
25,gc_match,within_family,phosphodiesterase,0.7921608500649474
25,gc_match,within_family,rab_gtpase,0.5983064492076466
25,gc_match,within_family,ras_gtpases,0.5534432669976496
25,gc_match,within_family,rho_gtpase,0.5646450516018469
25,gc_match,within_family,serine_protease,0.5828770306184777
25,gc_match,within_family,serotonin_receptor,0.4133308424203782
25,gc_match,within_family,steap_metalloreductase,0.6487911679454795
25,gc_match,within_family,sulfotransferase,0.6982039885496022
25,gc_match,within_family,taste2_receptor,-0.1206961825896695
25,gc_match,within_family,udp_glucuronosyltransferase,0.7978163992869876
25,dinuc_shuffle,within_family,adam_metallopeptidase,0.6962689861918536
25,dinuc_shuffle,within_family,adamts_metallopeptidase,0.7803441313864674
25,dinuc_shuffle,within_family,adrenoceptor,0.4942663751137894
25,dinuc_shuffle,within_family,alcohol_dehydrogenase,0.7400513924578095
25,dinuc_shuffle,within_family,aldehyde_dehydrogenase,0.7507662051855444
25,dinuc_shuffle,within_family,aldo_keto_reductase,0.7844973193209557
25,dinuc_shuffle,within_family,alkaline_phosphatase,0.91896184311045
25,dinuc_shuffle,within_family,arachidonate_lipoxygenase,0.7974175090206918
25,dinuc_shuffle,within_family,arf_gtpase,0.5283985184375986
25,dinuc_shuffle,within_family,carbonic_anhydrase,0.5737059695192644
25,dinuc_shuffle,within_family,cxc_chemokine_receptor,0.5495483557250834
25,dinuc_shuffle,within_family,cytochrome_p450,0.7071129827249413
25,dinuc_shuffle,within_family,dopamine_receptor,0.4293656748717046
25,dinuc_shuffle,within_family,ectonucleotide_pyrophosphatase,0.7401570595841334
25,dinuc_shuffle,within_family,ferritin,0.3587764246913281
25,dinuc_shuffle,within_family,flavin_monooxygenase,0.7521548777147592
25,dinuc_shuffle,within_family,globins,0.6681427179348295
25,dinuc_shuffle,within_family,glutamate_metabotropic,0.6682393895423009
25,dinuc_shuffle,within_family,glutaredoxin,0.7105581702286151
25,dinuc_shuffle,within_family,glutathione_peroxidase,0.6559377267014891
25,dinuc_shuffle,within_family,glutathione_s_transferase,0.4584624626030767
25,dinuc_shuffle,within_family,guanylate_binding_protein,0.3995388669301712
25,dinuc_shuffle,within_family,heme_oxygenase,0.8408770474808209
25,dinuc_shuffle,within_family,histamine_receptor,0.6866643120502959
25,dinuc_shuffle,within_family,histone_deacetylase_classI,0.7756906695154102
25,dinuc_shuffle,within_family,histone_h4,0.2853002070393375
25,dinuc_shuffle,within_family,hox,0.408784271287417
25,dinuc_shuffle,within_family,m14_carboxypeptidase,0.7507727773981023
25,dinuc_shuffle,within_family,matrix_metalloproteinase,0.7316744079097858
25,dinuc_shuffle,within_family,metallothionein,0.5279631404776801
25,dinuc_shuffle,within_family,muscarinic_receptor,0.3091577768237917
25,dinuc_shuffle,within_family,nadph_oxidase,0.8691131931645751
25,dinuc_shuffle,within_family,nitric_oxide_synthase,0.4259862347060628
25,dinuc_shuffle,within_family,olfactory_receptors,0.1339200289678486
25,dinuc_shuffle,within_family,opsins,0.6493404616765418
25,dinuc_shuffle,within_family,p2y_receptor,0.3941343933061129
25,dinuc_shuffle,within_family,peroxidase,0.8530851812357948
25,dinuc_shuffle,within_family,peroxiredoxin,0.632467895366249
25,dinuc_shuffle,within_family,phosphodiesterase,0.7781161600845821
25,dinuc_shuffle,within_family,rab_gtpase,0.5961940278850941
25,dinuc_shuffle,within_family,ras_gtpases,0.554545594716416
25,dinuc_shuffle,within_family,rho_gtpase,0.5740326692788834
25,dinuc_shuffle,within_family,serine_protease,0.6093743162392444
25,dinuc_shuffle,within_family,serotonin_receptor,0.4611369198147906
25,dinuc_shuffle,within_family,steap_metalloreductase,0.7056980325822044
25,dinuc_shuffle,within_family,sulfotransferase,0.6692243429324307
25,dinuc_shuffle,within_family,taste2_receptor,0.0375680317302497
25,dinuc_shuffle,within_family,udp_glucuronosyltransferase,0.8936978648208594
25,kmer4_shuffle,within_family,adam_metallopeptidase,0.6788453110535916
25,kmer4_shuffle,within_family,adamts_metallopeptidase,0.7861094429107349
25,kmer4_shuffle,within_family,adrenoceptor,0.3435062019170287
25,kmer4_shuffle,within_family,alcohol_dehydrogenase,0.6997152580040279
25,kmer4_shuffle,within_family,aldehyde_dehydrogenase,0.750451909720246
25,kmer4_shuffle,within_family,aldo_keto_reductase,0.7797872505975951
25,kmer4_shuffle,within_family,alkaline_phosphatase,0.90288555613633
25,kmer4_shuffle,within_family,arachidonate_lipoxygenase,0.7302014046085538
25,kmer4_shuffle,within_family,arf_gtpase,0.5044152721702362
25,kmer4_shuffle,within_family,carbonic_anhydrase,0.6043164714049255
25,kmer4_shuffle,within_family,cxc_chemokine_receptor,0.4670471553696624
25,kmer4_shuffle,within_family,cytochrome_p450,0.72067847711963
25,kmer4_shuffle,within_family,dopamine_receptor,0.4780035135233597
25,kmer4_shuffle,within_family,ectonucleotide_pyrophosphatase,0.7636809882851577
25,kmer4_shuffle,within_family,ferritin,0.5078736848674071
25,kmer4_shuffle,within_family,flavin_monooxygenase,0.7464336930754383
25,kmer4_shuffle,within_family,globins,0.7608022229095756
25,kmer4_shuffle,within_family,glutamate_metabotropic,0.671133326208408
25,kmer4_shuffle,within_family,glutaredoxin,0.8010460370505721
25,kmer4_shuffle,within_family,glutathione_peroxidase,0.4991757710859879
25,kmer4_shuffle,within_family,glutathione_s_transferase,0.4701955273163038
25,kmer4_shuffle,within_family,guanylate_binding_protein,0.378129117259552
25,kmer4_shuffle,within_family,heme_oxygenase,0.7726829773999585
25,kmer4_shuffle,within_family,histamine_receptor,0.6636101553676923
25,kmer4_shuffle,within_family,histone_deacetylase_classI,0.71519519744824
25,kmer4_shuffle,within_family,histone_h4,0.3375856028029941
25,kmer4_shuffle,within_family,hox,0.4304225594906313
25,kmer4_shuffle,within_family,m14_carboxypeptidase,0.7426913808716411
25,kmer4_shuffle,within_family,matrix_metalloproteinase,0.7138529784834828
25,kmer4_shuffle,within_family,metallothionein,0.2622391278533459
25,kmer4_shuffle,within_family,muscarinic_receptor,0.4685953602626921
25,kmer4_shuffle,within_family,nadph_oxidase,0.8661225911523421
25,kmer4_shuffle,within_family,nitric_oxide_synthase,0.384640246175711
25,kmer4_shuffle,within_family,olfactory_receptors,0.1645445887896254
25,kmer4_shuffle,within_family,opsins,0.6348559493969651
25,kmer4_shuffle,within_family,p2y_receptor,0.3317457765061372
25,kmer4_shuffle,within_family,peroxidase,0.801661187721345
25,kmer4_shuffle,within_family,peroxiredoxin,0.5617813581137117
25,kmer4_shuffle,within_family,phosphodiesterase,0.7803732362964467
25,kmer4_shuffle,within_family,rab_gtpase,0.6356863191840435
25,kmer4_shuffle,within_family,ras_gtpases,0.5699134346609545
25,kmer4_shuffle,within_family,rho_gtpase,0.6030229629637153
25,kmer4_shuffle,within_family,serine_protease,0.6183155017562989
25,kmer4_shuffle,within_family,serotonin_receptor,0.4867485358843783
25,kmer4_shuffle,within_family,steap_metalloreductase,0.6715495841995641
25,kmer4_shuffle,within_family,sulfotransferase,0.7008377365881641
25,kmer4_shuffle,within_family,taste2_receptor,0.1334971963785298
25,kmer4_shuffle,within_family,udp_glucuronosyltransferase,0.8659112129700365
25,kmer6_shuffle,within_family,adam_metallopeptidase,0.7194701287976213
25,kmer6_shuffle,within_family,adamts_metallopeptidase,0.7852455544099994
25,kmer6_shuffle,within_family,adrenoceptor,0.4060103549401132
25,kmer6_shuffle,within_family,alcohol_dehydrogenase,0.7819015209389539
25,kmer6_shuffle,within_family,aldehyde_dehydrogenase,0.7560261935729395
25,kmer6_shuffle,within_family,aldo_keto_reductase,0.7977829748997377
25,kmer6_shuffle,within_family,alkaline_phosphatase,0.9086988862530656
25,kmer6_shuffle,within_family,arachidonate_lipoxygenase,0.7677053148782881
25,kmer6_shuffle,within_family,arf_gtpase,0.5368958304958412
25,kmer6_shuffle,within_family,carbonic_anhydrase,0.5577793615069123
25,kmer6_shuffle,within_family,cxc_chemokine_receptor,0.5175962424296214
25,kmer6_shuffle,within_family,cytochrome_p450,0.71704067521309
25,kmer6_shuffle,within_family,dopamine_receptor,0.5012803618149105
25,kmer6_shuffle,within_family,ectonucleotide_pyrophosphatase,0.7407913417340704
25,kmer6_shuffle,within_family,ferritin,0.5459743077971396
25,kmer6_shuffle,within_family,flavin_monooxygenase,0.7136987246970681
25,kmer6_shuffle,within_family,globins,0.6925130496789969
25,kmer6_shuffle,within_family,glutamate_metabotropic,0.6552842842546247
25,kmer6_shuffle,within_family,glutaredoxin,0.7757954304487108
25,kmer6_shuffle,within_family,glutathione_peroxidase,0.5458311472682242
25,kmer6_shuffle,within_family,glutathione_s_transferase,0.5126180067637359
25,kmer6_shuffle,within_family,guanylate_binding_protein,0.3419631093544136
25,kmer6_shuffle,within_family,heme_oxygenase,0.845656230561891
25,kmer6_shuffle,within_family,histamine_receptor,0.6227281598475177
25,kmer6_shuffle,within_family,histone_deacetylase_classI,0.7803546268699406
25,kmer6_shuffle,within_family,histone_h4,0.5357063226628445
25,kmer6_shuffle,within_family,hox,0.4548349929173317
25,kmer6_shuffle,within_family,m14_carboxypeptidase,0.7578749748406947
25,kmer6_shuffle,within_family,matrix_metalloproteinase,0.7205356432488551
25,kmer6_shuffle,within_family,metallothionein,0.3370807927104817
25,kmer6_shuffle,within_family,muscarinic_receptor,0.3143274919314507
25,kmer6_shuffle,within_family,nadph_oxidase,0.8643352779657447
25,kmer6_shuffle,within_family,nitric_oxide_synthase,0.6466420473500939
25,kmer6_shuffle,within_family,olfactory_receptors,0.186431669437439
25,kmer6_shuffle,within_family,opsins,0.6278231002999503
25,kmer6_shuffle,within_family,p2y_receptor,0.5127867985844569
25,kmer6_shuffle,within_family,peroxidase,0.8475356461923844
25,kmer6_shuffle,within_family,peroxiredoxin,0.6357155893232037
25,kmer6_shuffle,within_family,phosphodiesterase,0.7772198198709137
25,kmer6_shuffle,within_family,rab_gtpase,0.6295331263067291
25,kmer6_shuffle,within_family,ras_gtpases,0.5998063094237585
25,kmer6_shuffle,within_family,rho_gtpase,0.6434057615472607
25,kmer6_shuffle,within_family,serine_protease,0.5878026632208813
25,kmer6_shuffle,within_family,serotonin_receptor,0.5109301700302209
25,kmer6_shuffle,within_family,steap_metalloreductase,0.5985800524875847
25,kmer6_shuffle,within_family,sulfotransferase,0.6578406604417297
25,kmer6_shuffle,within_family,taste2_receptor,0.1814099768153127
25,kmer6_shuffle,within_family,udp_glucuronosyltransferase,0.7841568858948539
25,synonymous_recode,within_family,adam_metallopeptidase,0.8001824538339454
25,synonymous_recode,within_family,adamts_metallopeptidase,0.8715010406535344
25,synonymous_recode,within_family,adrenoceptor,0.4003083397485397
25,synonymous_recode,within_family,alcohol_dehydrogenase,0.7060143065490658
25,synonymous_recode,within_family,aldehyde_dehydrogenase,0.8396614462611018
25,synonymous_recode,within_family,aldo_keto_reductase,0.8910799437982048
25,synonymous_recode,within_family,alkaline_phosphatase,0.959712114510876
25,synonymous_recode,within_family,arachidonate_lipoxygenase,0.8089710833116964
25,synonymous_recode,within_family,arf_gtpase,0.744764600765261
25,synonymous_recode,within_family,carbonic_anhydrase,0.7403775091553619
25,synonymous_recode,within_family,cxc_chemokine_receptor,0.5111062901367135
25,synonymous_recode,within_family,cytochrome_p450,0.8371549390938585
25,synonymous_recode,within_family,dopamine_receptor,0.5803608759302847
25,synonymous_recode,within_family,ectonucleotide_pyrophosphatase,0.8811696927702606
25,synonymous_recode,within_family,ferritin,0.4790423247991254
25,synonymous_recode,within_family,flavin_monooxygenase,0.7510744543827867
25,synonymous_recode,within_family,globins,0.7399416219950612
25,synonymous_recode,within_family,glutamate_metabotropic,0.8426620849808948
25,synonymous_recode,within_family,glutaredoxin,0.7792056556972458
25,synonymous_recode,within_family,glutathione_peroxidase,0.7311516795334895
25,synonymous_recode,within_family,glutathione_s_transferase,0.6980827150839995
25,synonymous_recode,within_family,guanylate_binding_protein,0.697364953886693
25,synonymous_recode,within_family,heme_oxygenase,0.9134148869997928
25,synonymous_recode,within_family,histamine_receptor,0.8265615827019581
25,synonymous_recode,within_family,histone_deacetylase_classI,0.876181561181961
25,synonymous_recode,within_family,histone_h4,0.043780856824335
25,synonymous_recode,within_family,hox,0.5537587575881513
25,synonymous_recode,within_family,m14_carboxypeptidase,0.8416520326099819
25,synonymous_recode,within_family,matrix_metalloproteinase,0.8492147971781903
25,synonymous_recode,within_family,metallothionein,0.3045346967853349
25,synonymous_recode,within_family,muscarinic_receptor,0.1935926995468858
25,synonymous_recode,within_family,nadph_oxidase,0.894675814621175
25,synonymous_recode,within_family,nitric_oxide_synthase,0.7163529907058872
25,synonymous_recode,within_family,olfactory_receptors,0.3467616678385282
25,synonymous_recode,within_family,opsins,0.7324380371874172
25,synonymous_recode,within_family,p2y_receptor,0.5875696026396735
25,synonymous_recode,within_family,peroxidase,0.9071814417262842
25,synonymous_recode,within_family,peroxiredoxin,0.8748600596863012
25,synonymous_recode,within_family,phosphodiesterase,0.8717747635241491
25,synonymous_recode,within_family,rab_gtpase,0.857170652068394
25,synonymous_recode,within_family,ras_gtpases,0.7480046272351172
25,synonymous_recode,within_family,rho_gtpase,0.7279004947027875
25,synonymous_recode,within_family,serine_protease,0.7691062057079696
25,synonymous_recode,within_family,serotonin_receptor,0.5922636903242922
25,synonymous_recode,within_family,steap_metalloreductase,0.6690424685279645
25,synonymous_recode,within_family,sulfotransferase,0.8530138533882993
25,synonymous_recode,within_family,taste2_receptor,0.4653775000789895
25,synonymous_recode,within_family,udp_glucuronosyltransferase,0.915340957319567
25,missense_subset,within_family,adam_metallopeptidase,0.7841543352547362
25,missense_subset,within_family,adamts_metallopeptidase,0.8532102295180671
25,missense_subset,within_family,adrenoceptor,0.7301700499865313
25,missense_subset,within_family,alcohol_dehydrogenase,0.8458851309118688
25,missense_subset,within_family,aldehyde_dehydrogenase,0.8358090015195855
25,missense_subset,within_family,aldo_keto_reductase,0.7882862738870593
25,missense_subset,within_family,alkaline_phosphatase,0.8775012397303418
25,missense_subset,within_family,arachidonate_lipoxygenase,0.8773407677142998
25,missense_subset,within_family,arf_gtpase,0.6799221937615313
25,missense_subset,within_family,carbonic_anhydrase,0.7281510884704041
25,missense_subset,within_family,cxc_chemokine_receptor,0.5800553860000037
25,missense_subset,within_family,cytochrome_p450,0.8218813633258019
25,missense_subset,within_family,dopamine_receptor,0.6018606645177285
25,missense_subset,within_family,ectonucleotide_pyrophosphatase,0.8649310412260022
25,missense_subset,within_family,ferritin,0.6607377122606137
25,missense_subset,within_family,flavin_monooxygenase,0.7748137666367679
25,missense_subset,within_family,globins,0.7695485225205382
25,missense_subset,within_family,glutamate_metabotropic,0.8264634218000717
25,missense_subset,within_family,glutaredoxin,0.8247985552370226
25,missense_subset,within_family,glutathione_peroxidase,0.5492920621227823
25,missense_subset,within_family,glutathione_s_transferase,0.6597168790273144
25,missense_subset,within_family,guanylate_binding_protein,0.4384716732542819
25,missense_subset,within_family,heme_oxygenase,0.7642338793282188
25,missense_subset,within_family,histamine_receptor,0.7952348884376865
25,missense_subset,within_family,histone_deacetylase_classI,0.9116795476037892
25,missense_subset,within_family,histone_h4,0.5753941710463449
25,missense_subset,within_family,hox,0.5800281798433212
25,missense_subset,within_family,m14_carboxypeptidase,0.8211057607800742
25,missense_subset,within_family,matrix_metalloproteinase,0.7289013371355397
25,missense_subset,within_family,metallothionein,0.2215197992756366
25,missense_subset,within_family,muscarinic_receptor,0.5048628291255396
25,missense_subset,within_family,nadph_oxidase,0.8679400517234677
25,missense_subset,within_family,nitric_oxide_synthase,0.7713602120153341
25,missense_subset,within_family,olfactory_receptors,0.3894553947944154
25,missense_subset,within_family,opsins,0.8048360383093875
25,missense_subset,within_family,p2y_receptor,0.5211591563989065
25,missense_subset,within_family,peroxidase,0.9059379249058516
25,missense_subset,within_family,peroxiredoxin,0.8366822052170905
25,missense_subset,within_family,phosphodiesterase,0.8587217838697647
25,missense_subset,within_family,rab_gtpase,0.7880338002581221
25,missense_subset,within_family,ras_gtpases,0.6563077055034603
25,missense_subset,within_family,rho_gtpase,0.69048061053727
25,missense_subset,within_family,serine_protease,0.6780888227700604
25,missense_subset,within_family,serotonin_receptor,0.5450166866622578
25,missense_subset,within_family,steap_metalloreductase,0.8179027071796598
25,missense_subset,within_family,sulfotransferase,0.7848304881978078
25,missense_subset,within_family,taste2_receptor,0.1776865962443223
25,missense_subset,within_family,udp_glucuronosyltransferase,0.8995198354824023
25,paired_p3_syn,within_family,adam_metallopeptidase,0.8851616530199069
25,paired_p3_syn,within_family,adamts_metallopeptidase,0.9266694849916975
25,paired_p3_syn,within_family,adrenoceptor,0.55910664337186
25,paired_p3_syn,within_family,alcohol_dehydrogenase,0.6724355858045696
25,paired_p3_syn,within_family,aldehyde_dehydrogenase,0.8773802600643404
25,paired_p3_syn,within_family,aldo_keto_reductase,0.8869998066669779
25,paired_p3_syn,within_family,alkaline_phosphatase,0.8957654832267834
25,paired_p3_syn,within_family,arachidonate_lipoxygenase,0.8485097854109259
25,paired_p3_syn,within_family,arf_gtpase,0.8226300564933283
25,paired_p3_syn,within_family,carbonic_anhydrase,0.7635963829251283
25,paired_p3_syn,within_family,cxc_chemokine_receptor,0.677927227119687
25,paired_p3_syn,within_family,cytochrome_p450,0.8743361541635741
25,paired_p3_syn,within_family,dopamine_receptor,0.6904552478776259
25,paired_p3_syn,within_family,ectonucleotide_pyrophosphatase,0.8958220251233973
25,paired_p3_syn,within_family,ferritin,0.5501240524955939
25,paired_p3_syn,within_family,flavin_monooxygenase,0.8417619174282063
25,paired_p3_syn,within_family,globins,0.7959045042389761
25,paired_p3_syn,within_family,glutamate_metabotropic,0.8062857548291086
25,paired_p3_syn,within_family,glutaredoxin,0.9093556820601288
25,paired_p3_syn,within_family,glutathione_peroxidase,0.7406777645784037
25,paired_p3_syn,within_family,glutathione_s_transferase,0.805477338206077
25,paired_p3_syn,within_family,guanylate_binding_protein,0.6679841897233201
25,paired_p3_syn,within_family,heme_oxygenase,0.9674165457184324
25,paired_p3_syn,within_family,histamine_receptor,0.9238730695914212
25,paired_p3_syn,within_family,histone_deacetylase_classI,0.9352831895774678
25,paired_p3_syn,within_family,histone_h4,0.779726071030419
25,paired_p3_syn,within_family,hox,0.7530516872860876
25,paired_p3_syn,within_family,m14_carboxypeptidase,0.884799953227404
25,paired_p3_syn,within_family,matrix_metalloproteinase,0.9056236041902525
25,paired_p3_syn,within_family,metallothionein,0.6791070859363397
25,paired_p3_syn,within_family,muscarinic_receptor,0.6619549724226874
25,paired_p3_syn,within_family,nadph_oxidase,0.8835088668631959
25,paired_p3_syn,within_family,nitric_oxide_synthase,0.8230044378380823
25,paired_p3_syn,within_family,olfactory_receptors,0.6853055052907212
25,paired_p3_syn,within_family,opsins,0.7817513826040411
25,paired_p3_syn,within_family,p2y_receptor,0.6817516094070942
25,paired_p3_syn,within_family,peroxidase,0.8858318335808271
25,paired_p3_syn,within_family,peroxiredoxin,0.9239048660440164
25,paired_p3_syn,within_family,phosphodiesterase,0.9108639045190308
25,paired_p3_syn,within_family,rab_gtpase,0.9085414436996624
25,paired_p3_syn,within_family,ras_gtpases,0.8331426100588885
25,paired_p3_syn,within_family,rho_gtpase,0.8117372504384379
25,paired_p3_syn,within_family,serine_protease,0.7850384899824385
25,paired_p3_syn,within_family,serotonin_receptor,0.7976355130010957
25,paired_p3_syn,within_family,steap_metalloreductase,0.7455101356020987
25,paired_p3_syn,within_family,sulfotransferase,0.8334764536480226
25,paired_p3_syn,within_family,taste2_receptor,0.6280809332262339
25,paired_p3_syn,within_family,udp_glucuronosyltransferase,0.8974625938529681
25,paired_p3_missense,within_family,adam_metallopeptidase,0.8385661952747104
25,paired_p3_missense,within_family,adamts_metallopeptidase,0.8533262282093872
25,paired_p3_missense,within_family,adrenoceptor,0.6477763607463812
25,paired_p3_missense,within_family,alcohol_dehydrogenase,0.7642405722619625
25,paired_p3_missense,within_family,aldehyde_dehydrogenase,0.7960845837521333
25,paired_p3_missense,within_family,aldo_keto_reductase,0.8573937775912958
25,paired_p3_missense,within_family,alkaline_phosphatase,0.9168006915684932
25,paired_p3_missense,within_family,arachidonate_lipoxygenase,0.8351868937037087
25,paired_p3_missense,within_family,arf_gtpase,0.7729507065506463
25,paired_p3_missense,within_family,carbonic_anhydrase,0.6350468619612063
25,paired_p3_missense,within_family,cxc_chemokine_receptor,0.6489538498608303
25,paired_p3_missense,within_family,cytochrome_p450,0.843085191877686
25,paired_p3_missense,within_family,dopamine_receptor,0.7244616517776492
25,paired_p3_missense,within_family,ectonucleotide_pyrophosphatase,0.8403292098009498
25,paired_p3_missense,within_family,ferritin,0.5893247920799652
25,paired_p3_missense,within_family,flavin_monooxygenase,0.8563598057400073
25,paired_p3_missense,within_family,globins,0.7661017428911202
25,paired_p3_missense,within_family,glutamate_metabotropic,0.7780998898098861
25,paired_p3_missense,within_family,glutaredoxin,0.8528750075851558
25,paired_p3_missense,within_family,glutathione_peroxidase,0.6704954344052012
25,paired_p3_missense,within_family,glutathione_s_transferase,0.749720973519015
25,paired_p3_missense,within_family,guanylate_binding_protein,0.4241106719367589
25,paired_p3_missense,within_family,heme_oxygenase,0.944920174165457
25,paired_p3_missense,within_family,histamine_receptor,0.8424566949551919
25,paired_p3_missense,within_family,histone_deacetylase_classI,0.8714424433794434
25,paired_p3_missense,within_family,histone_h4,0.408233795190317
25,paired_p3_missense,within_family,hox,0.6825336518150288
25,paired_p3_missense,within_family,m14_carboxypeptidase,0.8482749983165344
25,paired_p3_missense,within_family,matrix_metalloproteinase,0.8538837479992357
25,paired_p3_missense,within_family,metallothionein,0.5263614856550196
25,paired_p3_missense,within_family,muscarinic_receptor,0.5360112096822929
25,paired_p3_missense,within_family,nadph_oxidase,0.8754799505579767
25,paired_p3_missense,within_family,nitric_oxide_synthase,0.6935261337398164
25,paired_p3_missense,within_family,olfactory_receptors,0.568079111359934
25,paired_p3_missense,within_family,opsins,0.8084957567362063
25,paired_p3_missense,within_family,p2y_receptor,0.6580601266637692
25,paired_p3_missense,within_family,peroxidase,0.8884812280195238
25,paired_p3_missense,within_family,peroxiredoxin,0.771344383279249
25,paired_p3_missense,within_family,phosphodiesterase,0.8848375151209951
25,paired_p3_missense,within_family,rab_gtpase,0.8191531927644489
25,paired_p3_missense,within_family,ras_gtpases,0.7858626854147837
25,paired_p3_missense,within_family,rho_gtpase,0.8192774659221312
25,paired_p3_missense,within_family,serine_protease,0.6915490514144447
25,paired_p3_missense,within_family,serotonin_receptor,0.6283932953404586
25,paired_p3_missense,within_family,steap_metalloreductase,0.8200535569195885
25,paired_p3_missense,within_family,sulfotransferase,0.7943901023066297
25,paired_p3_missense,within_family,taste2_receptor,0.2053550800009458
25,paired_p3_missense,within_family,udp_glucuronosyltransferase,0.8825173044424381
26,natural,within_family,adam_metallopeptidase,1.0
26,natural,within_family,adamts_metallopeptidase,1.0
26,natural,within_family,adrenoceptor,1.0
26,natural,within_family,alcohol_dehydrogenase,1.0
26,natural,within_family,aldehyde_dehydrogenase,1.0
26,natural,within_family,aldo_keto_reductase,1.0
26,natural,within_family,alkaline_phosphatase,1.0
26,natural,within_family,arachidonate_lipoxygenase,1.0
26,natural,within_family,arf_gtpase,1.0
26,natural,within_family,carbonic_anhydrase,1.0
26,natural,within_family,cxc_chemokine_receptor,1.0
26,natural,within_family,cytochrome_p450,1.0
26,natural,within_family,dopamine_receptor,1.0
26,natural,within_family,ectonucleotide_pyrophosphatase,1.0
26,natural,within_family,ferritin,1.0
26,natural,within_family,flavin_monooxygenase,1.0
26,natural,within_family,globins,1.0
26,natural,within_family,glutamate_metabotropic,1.0
26,natural,within_family,glutaredoxin,1.0
26,natural,within_family,glutathione_peroxidase,1.0
26,natural,within_family,glutathione_s_transferase,1.0
26,natural,within_family,guanylate_binding_protein,1.0
26,natural,within_family,heme_oxygenase,1.0
26,natural,within_family,histamine_receptor,1.0
26,natural,within_family,histone_deacetylase_classI,1.0
26,natural,within_family,histone_h4,1.0
26,natural,within_family,hox,1.0
26,natural,within_family,m14_carboxypeptidase,1.0
26,natural,within_family,matrix_metalloproteinase,1.0
26,natural,within_family,metallothionein,1.0
26,natural,within_family,muscarinic_receptor,1.0
26,natural,within_family,nadph_oxidase,1.0
26,natural,within_family,nitric_oxide_synthase,1.0
26,natural,within_family,olfactory_receptors,1.0
26,natural,within_family,opsins,1.0
26,natural,within_family,p2y_receptor,1.0
26,natural,within_family,peroxidase,1.0
26,natural,within_family,peroxiredoxin,1.0
26,natural,within_family,phosphodiesterase,1.0
26,natural,within_family,rab_gtpase,1.0
26,natural,within_family,ras_gtpases,1.0
26,natural,within_family,rho_gtpase,1.0
26,natural,within_family,serine_protease,1.0
26,natural,within_family,serotonin_receptor,1.0
26,natural,within_family,steap_metalloreductase,1.0
26,natural,within_family,sulfotransferase,1.0
26,natural,within_family,taste2_receptor,1.0
26,natural,within_family,udp_glucuronosyltransferase,1.0
26,gc_match,within_family,adam_metallopeptidase,0.690274977542291
26,gc_match,within_family,adamts_metallopeptidase,0.7793433228475051
26,gc_match,within_family,adrenoceptor,0.3925487871434538
26,gc_match,within_family,alcohol_dehydrogenase,0.8014098201263975
26,gc_match,within_family,aldehyde_dehydrogenase,0.7667721480082881
26,gc_match,within_family,aldo_keto_reductase,0.7798911009428169
26,gc_match,within_family,alkaline_phosphatase,0.8714801710157747
26,gc_match,within_family,arachidonate_lipoxygenase,0.7499268781390361
26,gc_match,within_family,arf_gtpase,0.5554343278561279
26,gc_match,within_family,carbonic_anhydrase,0.6555003655413499
26,gc_match,within_family,cxc_chemokine_receptor,0.3177057107436425
26,gc_match,within_family,cytochrome_p450,0.6832547134448742
26,gc_match,within_family,dopamine_receptor,0.3857789604488584
26,gc_match,within_family,ectonucleotide_pyrophosphatase,0.784324394826686
26,gc_match,within_family,ferritin,0.4058712813188516
26,gc_match,within_family,flavin_monooxygenase,0.7401474215496224
26,gc_match,within_family,globins,0.592853170712578
26,gc_match,within_family,glutamate_metabotropic,0.54092309956402
26,gc_match,within_family,glutaredoxin,0.6999857851858287
26,gc_match,within_family,glutathione_peroxidase,0.5733416339661732
26,gc_match,within_family,glutathione_s_transferase,0.5239078002314519
26,gc_match,within_family,guanylate_binding_protein,0.5104084321475625
26,gc_match,within_family,heme_oxygenase,0.7594754302301472
26,gc_match,within_family,histamine_receptor,0.5611604097035994
26,gc_match,within_family,histone_deacetylase_classI,0.8188900992467091
26,gc_match,within_family,histone_h4,0.2175187131708871
26,gc_match,within_family,hox,0.3941231250317405
26,gc_match,within_family,m14_carboxypeptidase,0.7808801932488235
26,gc_match,within_family,matrix_metalloproteinase,0.7161632291697193
26,gc_match,within_family,metallothionein,0.4108456643366731
26,gc_match,within_family,muscarinic_receptor,0.311612492915869
26,gc_match,within_family,nadph_oxidase,0.8460760486166934
26,gc_match,within_family,nitric_oxide_synthase,0.5131780513515746
26,gc_match,within_family,olfactory_receptors,0.0917871460888255
26,gc_match,within_family,opsins,0.6608287297796837
26,gc_match,within_family,p2y_receptor,0.2488555296482095
26,gc_match,within_family,peroxidase,0.8344592312609542
26,gc_match,within_family,peroxiredoxin,0.6346328642633894
26,gc_match,within_family,phosphodiesterase,0.799775251211297
26,gc_match,within_family,rab_gtpase,0.6267566544163344
26,gc_match,within_family,ras_gtpases,0.5760938454700634
26,gc_match,within_family,rho_gtpase,0.5759890654234143
26,gc_match,within_family,serine_protease,0.5965646886984789
26,gc_match,within_family,serotonin_receptor,0.4107647857424296
26,gc_match,within_family,steap_metalloreductase,0.641641784559063
26,gc_match,within_family,sulfotransferase,0.7320330070520793
26,gc_match,within_family,taste2_receptor,-0.1079814242394899
26,gc_match,within_family,udp_glucuronosyltransferase,0.8237367949934795
26,dinuc_shuffle,within_family,adam_metallopeptidase,0.6952231088446439
26,dinuc_shuffle,within_family,adamts_metallopeptidase,0.7886087890279287
26,dinuc_shuffle,within_family,adrenoceptor,0.5000790516708301
26,dinuc_shuffle,within_family,alcohol_dehydrogenase,0.7754705187860266
26,dinuc_shuffle,within_family,aldehyde_dehydrogenase,0.7738598832947475
26,dinuc_shuffle,within_family,aldo_keto_reductase,0.8023569640966799
26,dinuc_shuffle,within_family,alkaline_phosphatase,0.8912823502606784
26,dinuc_shuffle,within_family,arachidonate_lipoxygenase,0.8246785083747558
26,dinuc_shuffle,within_family,arf_gtpase,0.5620600055652349
26,dinuc_shuffle,within_family,carbonic_anhydrase,0.6170601200091808
26,dinuc_shuffle,within_family,cxc_chemokine_receptor,0.5371226812442397
26,dinuc_shuffle,within_family,cytochrome_p450,0.7272268812446361
26,dinuc_shuffle,within_family,dopamine_receptor,0.4593615417671611
26,dinuc_shuffle,within_family,ectonucleotide_pyrophosphatase,0.7541877735137569
26,dinuc_shuffle,within_family,ferritin,0.3831656485806683
26,dinuc_shuffle,within_family,flavin_monooxygenase,0.7780520742078957
26,dinuc_shuffle,within_family,globins,0.6847099372891802
26,dinuc_shuffle,within_family,glutamate_metabotropic,0.6750477526197404
26,dinuc_shuffle,within_family,glutaredoxin,0.7348120250146833
26,dinuc_shuffle,within_family,glutathione_peroxidase,0.6746902589806428
26,dinuc_shuffle,within_family,glutathione_s_transferase,0.4991786399966945
26,dinuc_shuffle,within_family,guanylate_binding_protein,0.4039525691699605
26,dinuc_shuffle,within_family,heme_oxygenase,0.8612067178104914
26,dinuc_shuffle,within_family,histamine_receptor,0.6917905643211519
26,dinuc_shuffle,within_family,histone_deacetylase_classI,0.8362024511599652
26,dinuc_shuffle,within_family,histone_h4,0.2827361044752349
26,dinuc_shuffle,within_family,hox,0.4066404752741559
26,dinuc_shuffle,within_family,m14_carboxypeptidase,0.7791249185401635
26,dinuc_shuffle,within_family,matrix_metalloproteinase,0.7682814804301269
26,dinuc_shuffle,within_family,metallothionein,0.5353555792499345
26,dinuc_shuffle,within_family,muscarinic_receptor,0.3310864433320336
26,dinuc_shuffle,within_family,nadph_oxidase,0.8469964946790406
26,dinuc_shuffle,within_family,nitric_oxide_synthase,0.4375080384600909
26,dinuc_shuffle,within_family,olfactory_receptors,0.1389016486056681
26,dinuc_shuffle,within_family,opsins,0.6714027078524373
26,dinuc_shuffle,within_family,p2y_receptor,0.3743423757457278
26,dinuc_shuffle,within_family,peroxidase,0.8491174393385629
26,dinuc_shuffle,within_family,peroxiredoxin,0.670731032909526
26,dinuc_shuffle,within_family,phosphodiesterase,0.7930333154093572
26,dinuc_shuffle,within_family,rab_gtpase,0.6400298572126718
26,dinuc_shuffle,within_family,ras_gtpases,0.5832245867757356
26,dinuc_shuffle,within_family,rho_gtpase,0.6028708523640529
26,dinuc_shuffle,within_family,serine_protease,0.641172981780769
26,dinuc_shuffle,within_family,serotonin_receptor,0.4413325998331228
26,dinuc_shuffle,within_family,steap_metalloreductase,0.6893937713755197
26,dinuc_shuffle,within_family,sulfotransferase,0.7003336614074659
26,dinuc_shuffle,within_family,taste2_receptor,0.0498605446308221
26,dinuc_shuffle,within_family,udp_glucuronosyltransferase,0.9328691807301432
26,kmer4_shuffle,within_family,adam_metallopeptidase,0.6897593239686001
26,kmer4_shuffle,within_family,adamts_metallopeptidase,0.792850701196751
26,kmer4_shuffle,within_family,adrenoceptor,0.3624619146232381
26,kmer4_shuffle,within_family,alcohol_dehydrogenase,0.742954371831377
26,kmer4_shuffle,within_family,aldehyde_dehydrogenase,0.7819915705263124
26,kmer4_shuffle,within_family,aldo_keto_reductase,0.8067758650803757
26,kmer4_shuffle,within_family,alkaline_phosphatase,0.8856700574966827
26,kmer4_shuffle,within_family,arachidonate_lipoxygenase,0.7634972033745067
26,kmer4_shuffle,within_family,arf_gtpase,0.5474546401273167
26,kmer4_shuffle,within_family,carbonic_anhydrase,0.6394177769712802
26,kmer4_shuffle,within_family,cxc_chemokine_receptor,0.5129584509912699
26,kmer4_shuffle,within_family,cytochrome_p450,0.7443910710763825
26,kmer4_shuffle,within_family,dopamine_receptor,0.5122356456728641
26,kmer4_shuffle,within_family,ectonucleotide_pyrophosphatase,0.7706578636111335
26,kmer4_shuffle,within_family,ferritin,0.5591140588466791
26,kmer4_shuffle,within_family,flavin_monooxygenase,0.7726304871261338
26,kmer4_shuffle,within_family,globins,0.7762187403327009
26,kmer4_shuffle,within_family,glutamate_metabotropic,0.6854446748265286
26,kmer4_shuffle,within_family,glutaredoxin,0.8182683012835332
26,kmer4_shuffle,within_family,glutathione_peroxidase,0.5637401061876641
26,kmer4_shuffle,within_family,glutathione_s_transferase,0.5137427253260156
26,kmer4_shuffle,within_family,guanylate_binding_protein,0.3685770750988142
26,kmer4_shuffle,within_family,heme_oxygenase,0.8031100974497201
26,kmer4_shuffle,within_family,histamine_receptor,0.6878807536783503
26,kmer4_shuffle,within_family,histone_deacetylase_classI,0.7888157789500159
26,kmer4_shuffle,within_family,histone_h4,0.3326962892180283
26,kmer4_shuffle,within_family,hox,0.4189717824477286
26,kmer4_shuffle,within_family,m14_carboxypeptidase,0.7716262321930096
26,kmer4_shuffle,within_family,matrix_metalloproteinase,0.7524471651552749
26,kmer4_shuffle,within_family,metallothionein,0.3143202006816944
26,kmer4_shuffle,within_family,muscarinic_receptor,0.4503229464020429
26,kmer4_shuffle,within_family,nadph_oxidase,0.8523080130071313
26,kmer4_shuffle,within_family,nitric_oxide_synthase,0.4259903829622016
26,kmer4_shuffle,within_family,olfactory_receptors,0.1809008656076162
26,kmer4_shuffle,within_family,opsins,0.6681497921413775
26,kmer4_shuffle,within_family,p2y_receptor,0.352039923084206
26,kmer4_shuffle,within_family,peroxidase,0.7997338336761237
26,kmer4_shuffle,within_family,peroxiredoxin,0.6134863293730956
26,kmer4_shuffle,within_family,phosphodiesterase,0.798107649736751
26,kmer4_shuffle,within_family,rab_gtpase,0.6723484956890373
26,kmer4_shuffle,within_family,ras_gtpases,0.5975178384520294
26,kmer4_shuffle,within_family,rho_gtpase,0.6225982796223608
26,kmer4_shuffle,within_family,serine_protease,0.6542065036576886
26,kmer4_shuffle,within_family,serotonin_receptor,0.5372078460997438
26,kmer4_shuffle,within_family,steap_metalloreductase,0.6766792644684506
26,kmer4_shuffle,within_family,sulfotransferase,0.7307481344338486
26,kmer4_shuffle,within_family,taste2_receptor,0.1565669182984856
26,kmer4_shuffle,within_family,udp_glucuronosyltransferase,0.89447376746842
26,kmer6_shuffle,within_family,adam_metallopeptidase,0.7195791019608985
26,kmer6_shuffle,within_family,adamts_metallopeptidase,0.7999146530028356
26,kmer6_shuffle,within_family,adrenoceptor,0.4235116890062279
26,kmer6_shuffle,within_family,alcohol_dehydrogenase,0.789165914299604
26,kmer6_shuffle,within_family,aldehyde_dehydrogenase,0.7812617711209158
26,kmer6_shuffle,within_family,aldo_keto_reductase,0.8136713154320245
26,kmer6_shuffle,within_family,alkaline_phosphatase,0.898988782115717
26,kmer6_shuffle,within_family,arachidonate_lipoxygenase,0.8040645020719431
26,kmer6_shuffle,within_family,arf_gtpase,0.5590752474725088
26,kmer6_shuffle,within_family,carbonic_anhydrase,0.6006951208305914
26,kmer6_shuffle,within_family,cxc_chemokine_receptor,0.5620709302743555
26,kmer6_shuffle,within_family,cytochrome_p450,0.7369562202644805
26,kmer6_shuffle,within_family,dopamine_receptor,0.5328556863700562
26,kmer6_shuffle,within_family,ectonucleotide_pyrophosphatase,0.762208736420317
26,kmer6_shuffle,within_family,ferritin,0.5830058146147428
26,kmer6_shuffle,within_family,flavin_monooxygenase,0.7555773404299773
26,kmer6_shuffle,within_family,globins,0.7293870700414339
26,kmer6_shuffle,within_family,glutamate_metabotropic,0.6945262665112524
26,kmer6_shuffle,within_family,glutaredoxin,0.7729248388294849
26,kmer6_shuffle,within_family,glutathione_peroxidase,0.5501721627048716
26,kmer6_shuffle,within_family,glutathione_s_transferase,0.5558557452647753
26,kmer6_shuffle,within_family,guanylate_binding_protein,0.3769433465085639
26,kmer6_shuffle,within_family,heme_oxygenase,0.8618391042919344
26,kmer6_shuffle,within_family,histamine_receptor,0.6600359557149997
26,kmer6_shuffle,within_family,histone_deacetylase_classI,0.8477795528136347
26,kmer6_shuffle,within_family,histone_h4,0.525672877846791
26,kmer6_shuffle,within_family,hox,0.4602437367331037
26,kmer6_shuffle,within_family,m14_carboxypeptidase,0.7866363415473413
26,kmer6_shuffle,within_family,matrix_metalloproteinase,0.7610315119811405
26,kmer6_shuffle,within_family,metallothionein,0.3975379704411769
26,kmer6_shuffle,within_family,muscarinic_receptor,0.3071195486921003
26,kmer6_shuffle,within_family,nadph_oxidase,0.8625501922287317
26,kmer6_shuffle,within_family,nitric_oxide_synthase,0.6638975074496397
26,kmer6_shuffle,within_family,olfactory_receptors,0.2011197841684718
26,kmer6_shuffle,within_family,opsins,0.6604583531481834
26,kmer6_shuffle,within_family,p2y_receptor,0.5214286785885609
26,kmer6_shuffle,within_family,peroxidase,0.8421344458272223
26,kmer6_shuffle,within_family,peroxiredoxin,0.6773743353320447
26,kmer6_shuffle,within_family,phosphodiesterase,0.7980599666322624
26,kmer6_shuffle,within_family,rab_gtpase,0.667155414016029
26,kmer6_shuffle,within_family,ras_gtpases,0.6328755406533938
26,kmer6_shuffle,within_family,rho_gtpase,0.6784017742516614
26,kmer6_shuffle,within_family,serine_protease,0.6183538543454706
26,kmer6_shuffle,within_family,serotonin_receptor,0.5390046341453092
26,kmer6_shuffle,within_family,steap_metalloreductase,0.61143146352507
26,kmer6_shuffle,within_family,sulfotransferase,0.6862567709527042
26,kmer6_shuffle,within_family,taste2_receptor,0.196480943606075
26,kmer6_shuffle,within_family,udp_glucuronosyltransferase,0.8242773417907108
26,synonymous_recode,within_family,adam_metallopeptidase,0.7943488271151022
26,synonymous_recode,within_family,adamts_metallopeptidase,0.8734954716810288
26,synonymous_recode,within_family,adrenoceptor,0.3918554156392432
26,synonymous_recode,within_family,alcohol_dehydrogenase,0.771324397527606
26,synonymous_recode,within_family,aldehyde_dehydrogenase,0.8456063252240494
26,synonymous_recode,within_family,aldo_keto_reductase,0.8921519380508292
26,synonymous_recode,within_family,alkaline_phosphatase,0.9435453607280232
26,synonymous_recode,within_family,arachidonate_lipoxygenase,0.8197841468136741
26,synonymous_recode,within_family,arf_gtpase,0.7409609179329668
26,synonymous_recode,within_family,carbonic_anhydrase,0.7540725604475936
26,synonymous_recode,within_family,cxc_chemokine_receptor,0.4516868062547968
26,synonymous_recode,within_family,cytochrome_p450,0.8412590085137375
26,synonymous_recode,within_family,dopamine_receptor,0.5326836628134136
26,synonymous_recode,within_family,ectonucleotide_pyrophosphatase,0.8823009302063698
26,synonymous_recode,within_family,ferritin,0.4821569231357652
26,synonymous_recode,within_family,flavin_monooxygenase,0.7650722673834205
26,synonymous_recode,within_family,globins,0.7331461568762746
26,synonymous_recode,within_family,glutamate_metabotropic,0.7985951369187891
26,synonymous_recode,within_family,glutaredoxin,0.8071860534761894
26,synonymous_recode,within_family,glutathione_peroxidase,0.7169004949015569
26,synonymous_recode,within_family,glutathione_s_transferase,0.6906092170940735
26,synonymous_recode,within_family,guanylate_binding_protein,0.6689064558629775
26,synonymous_recode,within_family,heme_oxygenase,0.933754924320962
26,synonymous_recode,within_family,histamine_receptor,0.8311796654597259
26,synonymous_recode,within_family,histone_deacetylase_classI,0.8889197649962068
26,synonymous_recode,within_family,histone_h4,0.0602165949992037
26,synonymous_recode,within_family,hox,0.5345444925319117
26,synonymous_recode,within_family,m14_carboxypeptidase,0.8507946387897648
26,synonymous_recode,within_family,matrix_metalloproteinase,0.8444854569801171
26,synonymous_recode,within_family,metallothionein,0.3066774811826215
26,synonymous_recode,within_family,muscarinic_receptor,0.2116084624175852
26,synonymous_recode,within_family,nadph_oxidase,0.899326442538891
26,synonymous_recode,within_family,nitric_oxide_synthase,0.6940709203015408
26,synonymous_recode,within_family,olfactory_receptors,0.3214982957889599
26,synonymous_recode,within_family,opsins,0.724749301038616
26,synonymous_recode,within_family,p2y_receptor,0.5608130044193461
26,synonymous_recode,within_family,peroxidase,0.9004210681815644
26,synonymous_recode,within_family,peroxiredoxin,0.8529948562907291
26,synonymous_recode,within_family,phosphodiesterase,0.8701260897777009
26,synonymous_recode,within_family,rab_gtpase,0.8519363712983961
26,synonymous_recode,within_family,ras_gtpases,0.7396464706281443
26,synonymous_recode,within_family,rho_gtpase,0.7220729811992408
26,synonymous_recode,within_family,serine_protease,0.7647376633055866
26,synonymous_recode,within_family,serotonin_receptor,0.5682736979889004
26,synonymous_recode,within_family,steap_metalloreductase,0.6603109790573451
26,synonymous_recode,within_family,sulfotransferase,0.8580433631310858
26,synonymous_recode,within_family,taste2_receptor,0.42719545460859
26,synonymous_recode,within_family,udp_glucuronosyltransferase,0.8788100639704918
26,missense_subset,within_family,adam_metallopeptidase,0.7923003492995387
26,missense_subset,within_family,adamts_metallopeptidase,0.8684024659548
26,missense_subset,within_family,adrenoceptor,0.7509242766952291
26,missense_subset,within_family,alcohol_dehydrogenase,0.8485311479963885
26,missense_subset,within_family,aldehyde_dehydrogenase,0.8507645251878007
26,missense_subset,within_family,aldo_keto_reductase,0.7988679069363496
26,missense_subset,within_family,alkaline_phosphatase,0.8736245694450029
26,missense_subset,within_family,arachidonate_lipoxygenase,0.8797519995748996
26,missense_subset,within_family,arf_gtpase,0.6978260996250939
26,missense_subset,within_family,carbonic_anhydrase,0.7646940776198383
26,missense_subset,within_family,cxc_chemokine_receptor,0.5571683049418527
26,missense_subset,within_family,cytochrome_p450,0.8300385357927422
26,missense_subset,within_family,dopamine_receptor,0.5975745109323408
26,missense_subset,within_family,ectonucleotide_pyrophosphatase,0.8707025210237936
26,missense_subset,within_family,ferritin,0.7181444766192497
26,missense_subset,within_family,flavin_monooxygenase,0.7846388566823895
26,missense_subset,within_family,globins,0.7751601169403629
26,missense_subset,within_family,glutamate_metabotropic,0.8310355466187134
26,missense_subset,within_family,glutaredoxin,0.8373755899943616
26,missense_subset,within_family,glutathione_peroxidase,0.5859731238265459
26,missense_subset,within_family,glutathione_s_transferase,0.6537640308583248
26,missense_subset,within_family,guanylate_binding_protein,0.4335968379446639
26,missense_subset,within_family,heme_oxygenase,0.8368028198216878
26,missense_subset,within_family,histamine_receptor,0.8087444184119731
26,missense_subset,within_family,histone_deacetylase_classI,0.9244697674241856
26,missense_subset,within_family,histone_h4,0.6175983436853002
26,missense_subset,within_family,hox,0.5761507849202098
26,missense_subset,within_family,m14_carboxypeptidase,0.8444645649708099
26,missense_subset,within_family,matrix_metalloproteinase,0.7593757516906456
26,missense_subset,within_family,metallothionein,0.2537161364322131
26,missense_subset,within_family,muscarinic_receptor,0.5228638408930133
26,missense_subset,within_family,nadph_oxidase,0.8797754118660434
26,missense_subset,within_family,nitric_oxide_synthase,0.7959916795716365
26,missense_subset,within_family,olfactory_receptors,0.4047247942767618
26,missense_subset,within_family,opsins,0.7968695876106174
26,missense_subset,within_family,p2y_receptor,0.5273362087193706
26,missense_subset,within_family,peroxidase,0.9097641224074487
26,missense_subset,within_family,peroxiredoxin,0.8528745769162578
26,missense_subset,within_family,phosphodiesterase,0.8657020023552662
26,missense_subset,within_family,rab_gtpase,0.8032119575345084
26,missense_subset,within_family,ras_gtpases,0.665369073658606
26,missense_subset,within_family,rho_gtpase,0.6996604190772175
26,missense_subset,within_family,serine_protease,0.7118569771816133
26,missense_subset,within_family,serotonin_receptor,0.5495429660871223
26,missense_subset,within_family,steap_metalloreductase,0.7912936610037402
26,missense_subset,within_family,sulfotransferase,0.815177832148208
26,missense_subset,within_family,taste2_receptor,0.1465073994827373
26,missense_subset,within_family,udp_glucuronosyltransferase,0.8923439899375729
26,paired_p3_syn,within_family,adam_metallopeptidase,0.8758738812494371
26,paired_p3_syn,within_family,adamts_metallopeptidase,0.9319036723562152
26,paired_p3_syn,within_family,adrenoceptor,0.5583513045168589
26,paired_p3_syn,within_family,alcohol_dehydrogenase,0.7173970414612124
26,paired_p3_syn,within_family,aldehyde_dehydrogenase,0.88039163904483
26,paired_p3_syn,within_family,aldo_keto_reductase,0.9077729882429008
26,paired_p3_syn,within_family,alkaline_phosphatase,0.8888162920670659
26,paired_p3_syn,within_family,arachidonate_lipoxygenase,0.8618217990752318
26,paired_p3_syn,within_family,arf_gtpase,0.8144915480118173
26,paired_p3_syn,within_family,carbonic_anhydrase,0.7956488785604126
26,paired_p3_syn,within_family,cxc_chemokine_receptor,0.6385363499898373
26,paired_p3_syn,within_family,cytochrome_p450,0.8825357204929931
26,paired_p3_syn,within_family,dopamine_receptor,0.6918597086208997
26,paired_p3_syn,within_family,ectonucleotide_pyrophosphatase,0.9007439814848536
26,paired_p3_syn,within_family,ferritin,0.5182190087677183
26,paired_p3_syn,within_family,flavin_monooxygenase,0.8506648714111223
26,paired_p3_syn,within_family,globins,0.7876017112325808
26,paired_p3_syn,within_family,glutamate_metabotropic,0.8080144559108987
26,paired_p3_syn,within_family,glutaredoxin,0.9237870662204544
26,paired_p3_syn,within_family,glutathione_peroxidase,0.7326026369567539
26,paired_p3_syn,within_family,glutathione_s_transferase,0.7964898848918469
26,paired_p3_syn,within_family,guanylate_binding_protein,0.6409749670619236
26,paired_p3_syn,within_family,heme_oxygenase,0.9720816918930124
26,paired_p3_syn,within_family,histamine_receptor,0.9224572281257288
26,paired_p3_syn,within_family,histone_deacetylase_classI,0.9445988915868156
26,paired_p3_syn,within_family,histone_h4,0.7624940277114192
26,paired_p3_syn,within_family,hox,0.74091758209917
26,paired_p3_syn,within_family,m14_carboxypeptidase,0.8921714824947119
26,paired_p3_syn,within_family,matrix_metalloproteinase,0.9106680954293732
26,paired_p3_syn,within_family,metallothionein,0.6927574039567427
26,paired_p3_syn,within_family,muscarinic_receptor,0.6865662660518594
26,paired_p3_syn,within_family,nadph_oxidase,0.8873585479255691
26,paired_p3_syn,within_family,nitric_oxide_synthase,0.82487166523994
26,paired_p3_syn,within_family,olfactory_receptors,0.6667139851636692
26,paired_p3_syn,within_family,opsins,0.7847667915107658
26,paired_p3_syn,within_family,p2y_receptor,0.7066934616666044
26,paired_p3_syn,within_family,peroxidase,0.8912448919917194
26,paired_p3_syn,within_family,peroxiredoxin,0.926683489978422
26,paired_p3_syn,within_family,phosphodiesterase,0.915563409430888
26,paired_p3_syn,within_family,rab_gtpase,0.9145163255831614
26,paired_p3_syn,within_family,ras_gtpases,0.830085542296257
26,paired_p3_syn,within_family,rho_gtpase,0.8046299859369255
26,paired_p3_syn,within_family,serine_protease,0.8059149730144608
26,paired_p3_syn,within_family,serotonin_receptor,0.7857821177614228
26,paired_p3_syn,within_family,steap_metalloreductase,0.8002060701256015
26,paired_p3_syn,within_family,sulfotransferase,0.8482440393996767
26,paired_p3_syn,within_family,taste2_receptor,0.6066423983042321
26,paired_p3_syn,within_family,udp_glucuronosyltransferase,0.8900679831161116
26,paired_p3_missense,within_family,adam_metallopeptidase,0.8330650447648349
26,paired_p3_missense,within_family,adamts_metallopeptidase,0.8524704048911482
26,paired_p3_missense,within_family,adrenoceptor,0.6443671419411194
26,paired_p3_missense,within_family,alcohol_dehydrogenase,0.7851309118688796
26,paired_p3_missense,within_family,aldehyde_dehydrogenase,0.8108437747031311
26,paired_p3_missense,within_family,aldo_keto_reductase,0.8717651096255545
26,paired_p3_missense,within_family,alkaline_phosphatase,0.9140364279683164
26,paired_p3_missense,within_family,arachidonate_lipoxygenase,0.8502438406654864
26,paired_p3_missense,within_family,arf_gtpase,0.770817388443647
26,paired_p3_missense,within_family,carbonic_anhydrase,0.6825257524878768
26,paired_p3_missense,within_family,cxc_chemokine_receptor,0.6415307388075068
26,paired_p3_missense,within_family,cytochrome_p450,0.8573577895215596
26,paired_p3_missense,within_family,dopamine_receptor,0.7188375119855619
26,paired_p3_missense,within_family,ectonucleotide_pyrophosphatase,0.8439120448638969
26,paired_p3_missense,within_family,ferritin,0.6050870581793621
26,paired_p3_missense,within_family,flavin_monooxygenase,0.8700855429468086
26,paired_p3_missense,within_family,globins,0.7703283839238037
26,paired_p3_missense,within_family,glutamate_metabotropic,0.7867439965178319
26,paired_p3_missense,within_family,glutaredoxin,0.8523971682877932
26,paired_p3_missense,within_family,glutathione_peroxidase,0.6769317573561889
26,paired_p3_missense,within_family,glutathione_s_transferase,0.76120498674473
26,paired_p3_missense,within_family,guanylate_binding_protein,0.4152173913043478
26,paired_p3_missense,within_family,heme_oxygenase,0.9559713871034624
26,paired_p3_missense,within_family,histamine_receptor,0.8429905010898066
26,paired_p3_missense,within_family,histone_deacetylase_classI,0.8923230364801281
26,paired_p3_missense,within_family,histone_h4,0.415527950310559
26,paired_p3_missense,within_family,hox,0.6506573200606367
26,paired_p3_missense,within_family,m14_carboxypeptidase,0.8642463161310576
26,paired_p3_missense,within_family,matrix_metalloproteinase,0.8716323874961963
26,paired_p3_missense,within_family,metallothionein,0.5012716257195307
26,paired_p3_missense,within_family,muscarinic_receptor,0.5618464339112436
26,paired_p3_missense,within_family,nadph_oxidase,0.885966418327082
26,paired_p3_missense,within_family,nitric_oxide_synthase,0.6975187957101846
26,paired_p3_missense,within_family,olfactory_receptors,0.5688817356405699
26,paired_p3_missense,within_family,opsins,0.8152323083203713
26,paired_p3_missense,within_family,p2y_receptor,0.6505068617055337
26,paired_p3_missense,within_family,peroxidase,0.8923674594677665
26,paired_p3_missense,within_family,peroxiredoxin,0.7939533626977575
26,paired_p3_missense,within_family,phosphodiesterase,0.8884220557197757
26,paired_p3_missense,within_family,rab_gtpase,0.8305024585604179
26,paired_p3_missense,within_family,ras_gtpases,0.7870653900073274
26,paired_p3_missense,within_family,rho_gtpase,0.8175115707057907
26,paired_p3_missense,within_family,serine_protease,0.718304496100075
26,paired_p3_missense,within_family,serotonin_receptor,0.6433374676727206
26,paired_p3_missense,within_family,steap_metalloreductase,0.8250170576153932
26,paired_p3_missense,within_family,sulfotransferase,0.807508075253404
26,paired_p3_missense,within_family,taste2_receptor,0.2092059701371071
26,paired_p3_missense,within_family,udp_glucuronosyltransferase,0.8973630499031569
27,natural,within_family,adam_metallopeptidase,1.0
27,natural,within_family,adamts_metallopeptidase,1.0
27,natural,within_family,adrenoceptor,1.0
27,natural,within_family,alcohol_dehydrogenase,1.0
27,natural,within_family,aldehyde_dehydrogenase,1.0
27,natural,within_family,aldo_keto_reductase,1.0
27,natural,within_family,alkaline_phosphatase,1.0
27,natural,within_family,arachidonate_lipoxygenase,1.0
27,natural,within_family,arf_gtpase,1.0
27,natural,within_family,carbonic_anhydrase,1.0
27,natural,within_family,cxc_chemokine_receptor,1.0
27,natural,within_family,cytochrome_p450,1.0
27,natural,within_family,dopamine_receptor,1.0
27,natural,within_family,ectonucleotide_pyrophosphatase,1.0
27,natural,within_family,ferritin,1.0
27,natural,within_family,flavin_monooxygenase,1.0
27,natural,within_family,globins,1.0
27,natural,within_family,glutamate_metabotropic,1.0
27,natural,within_family,glutaredoxin,1.0
27,natural,within_family,glutathione_peroxidase,1.0
27,natural,within_family,glutathione_s_transferase,1.0
27,natural,within_family,guanylate_binding_protein,1.0
27,natural,within_family,heme_oxygenase,1.0
27,natural,within_family,histamine_receptor,1.0
27,natural,within_family,histone_deacetylase_classI,1.0
27,natural,within_family,histone_h4,1.0
27,natural,within_family,hox,1.0
27,natural,within_family,m14_carboxypeptidase,1.0
27,natural,within_family,matrix_metalloproteinase,1.0
27,natural,within_family,metallothionein,1.0
27,natural,within_family,muscarinic_receptor,1.0
27,natural,within_family,nadph_oxidase,1.0
27,natural,within_family,nitric_oxide_synthase,1.0
27,natural,within_family,olfactory_receptors,1.0
27,natural,within_family,opsins,1.0
27,natural,within_family,p2y_receptor,1.0
27,natural,within_family,peroxidase,1.0
27,natural,within_family,peroxiredoxin,1.0
27,natural,within_family,phosphodiesterase,1.0
27,natural,within_family,rab_gtpase,1.0
27,natural,within_family,ras_gtpases,1.0
27,natural,within_family,rho_gtpase,1.0
27,natural,within_family,serine_protease,1.0
27,natural,within_family,serotonin_receptor,1.0
27,natural,within_family,steap_metalloreductase,1.0
27,natural,within_family,sulfotransferase,1.0
27,natural,within_family,taste2_receptor,1.0
27,natural,within_family,udp_glucuronosyltransferase,1.0
27,gc_match,within_family,adam_metallopeptidase,0.6696245546336667
27,gc_match,within_family,adamts_metallopeptidase,0.7653743565826711
27,gc_match,within_family,adrenoceptor,0.3653939714742216
27,gc_match,within_family,alcohol_dehydrogenase,0.7064865615667754
27,gc_match,within_family,aldehyde_dehydrogenase,0.7397007066018623
27,gc_match,within_family,aldo_keto_reductase,0.7325220381105788
27,gc_match,within_family,alkaline_phosphatase,0.8980137509549274
27,gc_match,within_family,arachidonate_lipoxygenase,0.7267453389356624
27,gc_match,within_family,arf_gtpase,0.5274949908699055
27,gc_match,within_family,carbonic_anhydrase,0.6182888010485346
27,gc_match,within_family,cxc_chemokine_receptor,0.3491370806848428
27,gc_match,within_family,cytochrome_p450,0.6494894693996311
27,gc_match,within_family,dopamine_receptor,0.3704323599083596
27,gc_match,within_family,ectonucleotide_pyrophosphatase,0.761523945769604
27,gc_match,within_family,ferritin,0.4442557403845475
27,gc_match,within_family,flavin_monooxygenase,0.7221425059005029
27,gc_match,within_family,globins,0.5605514036280517
27,gc_match,within_family,glutamate_metabotropic,0.459019583549628
27,gc_match,within_family,glutaredoxin,0.6738766121943746
27,gc_match,within_family,glutathione_peroxidase,0.5528873323745025
27,gc_match,within_family,glutathione_s_transferase,0.4672989842851418
27,gc_match,within_family,guanylate_binding_protein,0.4005270092226614
27,gc_match,within_family,heme_oxygenase,0.5695003110097449
27,gc_match,within_family,histamine_receptor,0.5256285246670004
27,gc_match,within_family,histone_deacetylase_classI,0.7671259044737568
27,gc_match,within_family,histone_h4,0.3117056856187291
27,gc_match,within_family,hox,0.3389143980972635
27,gc_match,within_family,m14_carboxypeptidase,0.7378755599020426
27,gc_match,within_family,matrix_metalloproteinase,0.6791887805300204
27,gc_match,within_family,metallothionein,0.323660774658575
27,gc_match,within_family,muscarinic_receptor,0.3346180234040398
27,gc_match,within_family,nadph_oxidase,0.7764025483442692
27,gc_match,within_family,nitric_oxide_synthase,0.4938406741178829
27,gc_match,within_family,olfactory_receptors,0.1264850826868451
27,gc_match,within_family,opsins,0.5887644442848007
27,gc_match,within_family,p2y_receptor,0.2358941841315507
27,gc_match,within_family,peroxidase,0.8273996736711648
27,gc_match,within_family,peroxiredoxin,0.6458949584655668
27,gc_match,within_family,phosphodiesterase,0.7599034283931431
27,gc_match,within_family,rab_gtpase,0.5884313971224138
27,gc_match,within_family,ras_gtpases,0.5083072284386554
27,gc_match,within_family,rho_gtpase,0.5319912896297967
27,gc_match,within_family,serine_protease,0.5361620736662895
27,gc_match,within_family,serotonin_receptor,0.3465562890332522
27,gc_match,within_family,steap_metalloreductase,0.5635051989460106
27,gc_match,within_family,sulfotransferase,0.7062727487497057
27,gc_match,within_family,taste2_receptor,-0.0547074165628356
27,gc_match,within_family,udp_glucuronosyltransferase,0.718814578172867
27,dinuc_shuffle,within_family,adam_metallopeptidase,0.6847813326077731
27,dinuc_shuffle,within_family,adamts_metallopeptidase,0.7994099731351676
27,dinuc_shuffle,within_family,adrenoceptor,0.4664583029719478
27,dinuc_shuffle,within_family,alcohol_dehydrogenase,0.6775053823182164
27,dinuc_shuffle,within_family,aldehyde_dehydrogenase,0.7603542490093429
27,dinuc_shuffle,within_family,aldo_keto_reductase,0.7842262546252621
27,dinuc_shuffle,within_family,alkaline_phosphatase,0.9131451623711684
27,dinuc_shuffle,within_family,arachidonate_lipoxygenase,0.8452734721511089
27,dinuc_shuffle,within_family,arf_gtpase,0.5621858403758581
27,dinuc_shuffle,within_family,carbonic_anhydrase,0.5871048375315074
27,dinuc_shuffle,within_family,cxc_chemokine_receptor,0.4903685937717703
27,dinuc_shuffle,within_family,cytochrome_p450,0.7299399431431728
27,dinuc_shuffle,within_family,dopamine_receptor,0.4428596018559981
27,dinuc_shuffle,within_family,ectonucleotide_pyrophosphatase,0.757331364730387
27,dinuc_shuffle,within_family,ferritin,0.4594191826928399
27,dinuc_shuffle,within_family,flavin_monooxygenase,0.8048017652131098
27,dinuc_shuffle,within_family,globins,0.6754217092603066
27,dinuc_shuffle,within_family,glutamate_metabotropic,0.5853648048472244
27,dinuc_shuffle,within_family,glutaredoxin,0.620449824184574
27,dinuc_shuffle,within_family,glutathione_peroxidase,0.6900626584482106
27,dinuc_shuffle,within_family,glutathione_s_transferase,0.5040759726189494
27,dinuc_shuffle,within_family,guanylate_binding_protein,0.3932147562582345
27,dinuc_shuffle,within_family,heme_oxygenase,0.891944847605225
27,dinuc_shuffle,within_family,histamine_receptor,0.6752803890040987
27,dinuc_shuffle,within_family,histone_deacetylase_classI,0.8007375831843149
27,dinuc_shuffle,within_family,histone_h4,0.3838987099856665
27,dinuc_shuffle,within_family,hox,0.3704964348955933
27,dinuc_shuffle,within_family,m14_carboxypeptidase,0.7581186699844094
27,dinuc_shuffle,within_family,matrix_metalloproteinase,0.7685009796124029
27,dinuc_shuffle,within_family,metallothionein,0.3879850649428076
27,dinuc_shuffle,within_family,muscarinic_receptor,0.3596756840591145
27,dinuc_shuffle,within_family,nadph_oxidase,0.8145814227684115
27,dinuc_shuffle,within_family,nitric_oxide_synthase,0.4575938785769313
27,dinuc_shuffle,within_family,olfactory_receptors,0.1657235463630482
27,dinuc_shuffle,within_family,opsins,0.6280011098650609
27,dinuc_shuffle,within_family,p2y_receptor,0.3578059064945087
27,dinuc_shuffle,within_family,peroxidase,0.8928003012214762
27,dinuc_shuffle,within_family,peroxiredoxin,0.6776070397315296
27,dinuc_shuffle,within_family,phosphodiesterase,0.7821393961136317
27,dinuc_shuffle,within_family,rab_gtpase,0.6164149890107511
27,dinuc_shuffle,within_family,ras_gtpases,0.5557181510309446
27,dinuc_shuffle,within_family,rho_gtpase,0.5823407097624591
27,dinuc_shuffle,within_family,serine_protease,0.6481887741806177
27,dinuc_shuffle,within_family,serotonin_receptor,0.4070522924066707
27,dinuc_shuffle,within_family,steap_metalloreductase,0.6556640188438313
27,dinuc_shuffle,within_family,sulfotransferase,0.6902927021773521
27,dinuc_shuffle,within_family,taste2_receptor,0.1388944034454539
27,dinuc_shuffle,within_family,udp_glucuronosyltransferase,0.8949535461567548
27,kmer4_shuffle,within_family,adam_metallopeptidase,0.6749961056061865
27,kmer4_shuffle,within_family,adamts_metallopeptidase,0.7958643694789447
27,kmer4_shuffle,within_family,adrenoceptor,0.3598431822477637
27,kmer4_shuffle,within_family,alcohol_dehydrogenase,0.6947635252448086
27,kmer4_shuffle,within_family,aldehyde_dehydrogenase,0.7693182125064657
27,kmer4_shuffle,within_family,aldo_keto_reductase,0.7807046869532338
27,kmer4_shuffle,within_family,alkaline_phosphatase,0.9120629112889174
27,kmer4_shuffle,within_family,arachidonate_lipoxygenase,0.7787202947665759
27,kmer4_shuffle,within_family,arf_gtpase,0.5239956400443583
27,kmer4_shuffle,within_family,carbonic_anhydrase,0.586928148484218
27,kmer4_shuffle,within_family,cxc_chemokine_receptor,0.527771929929986
27,kmer4_shuffle,within_family,cytochrome_p450,0.7415032973430866
27,kmer4_shuffle,within_family,dopamine_receptor,0.4998574885150931
27,kmer4_shuffle,within_family,ectonucleotide_pyrophosphatase,0.7512711606295077
27,kmer4_shuffle,within_family,ferritin,0.5371660270288496
27,kmer4_shuffle,within_family,flavin_monooxygenase,0.7980790966165651
27,kmer4_shuffle,within_family,globins,0.7467899081617407
27,kmer4_shuffle,within_family,glutamate_metabotropic,0.6086609144365381
27,kmer4_shuffle,within_family,glutaredoxin,0.742770299539362
27,kmer4_shuffle,within_family,glutathione_peroxidase,0.6088097183760193
27,kmer4_shuffle,within_family,glutathione_s_transferase,0.5007530723642969
27,kmer4_shuffle,within_family,guanylate_binding_protein,0.3634387351778655
27,kmer4_shuffle,within_family,heme_oxygenase,0.8156748911465892
27,kmer4_shuffle,within_family,histamine_receptor,0.6876539010626899
27,kmer4_shuffle,within_family,histone_deacetylase_classI,0.7677434301264674
27,kmer4_shuffle,within_family,histone_h4,0.3362159579550884
27,kmer4_shuffle,within_family,hox,0.374262407456203
27,kmer4_shuffle,within_family,m14_carboxypeptidase,0.7534022462489811
27,kmer4_shuffle,within_family,matrix_metalloproteinase,0.7420020449150946
27,kmer4_shuffle,within_family,metallothionein,0.2728781576786786
27,kmer4_shuffle,within_family,muscarinic_receptor,0.4211402729151552
27,kmer4_shuffle,within_family,nadph_oxidase,0.8036013880769454
27,kmer4_shuffle,within_family,nitric_oxide_synthase,0.4992849929070561
27,kmer4_shuffle,within_family,olfactory_receptors,0.2213644121442426
27,kmer4_shuffle,within_family,opsins,0.6082610980013495
27,kmer4_shuffle,within_family,p2y_receptor,0.3889793870466406
27,kmer4_shuffle,within_family,peroxidase,0.8449772237332045
27,kmer4_shuffle,within_family,peroxiredoxin,0.640595711866187
27,kmer4_shuffle,within_family,phosphodiesterase,0.7699489637340755
27,kmer4_shuffle,within_family,rab_gtpase,0.6398067946915035
27,kmer4_shuffle,within_family,ras_gtpases,0.5577434592737137
27,kmer4_shuffle,within_family,rho_gtpase,0.5881212830165022
27,kmer4_shuffle,within_family,serine_protease,0.6602497166068433
27,kmer4_shuffle,within_family,serotonin_receptor,0.5004210243523828
27,kmer4_shuffle,within_family,steap_metalloreductase,0.6369948428372364
27,kmer4_shuffle,within_family,sulfotransferase,0.6902574156701418
27,kmer4_shuffle,within_family,taste2_receptor,0.1634633584075583
27,kmer4_shuffle,within_family,udp_glucuronosyltransferase,0.8685769073469609
27,kmer6_shuffle,within_family,adam_metallopeptidase,0.6755678099500636
27,kmer6_shuffle,within_family,adamts_metallopeptidase,0.7999718329467053
27,kmer6_shuffle,within_family,adrenoceptor,0.4078678063421518
27,kmer6_shuffle,within_family,alcohol_dehydrogenase,0.7082227932495311
27,kmer6_shuffle,within_family,aldehyde_dehydrogenase,0.7667441853375473
27,kmer6_shuffle,within_family,aldo_keto_reductase,0.7801703678281778
27,kmer6_shuffle,within_family,alkaline_phosphatase,0.90649082599547
27,kmer6_shuffle,within_family,arachidonate_lipoxygenase,0.8206273010424933
27,kmer6_shuffle,within_family,arf_gtpase,0.5332079290524099
27,kmer6_shuffle,within_family,carbonic_anhydrase,0.5501586646617768
27,kmer6_shuffle,within_family,cxc_chemokine_receptor,0.53177922057888
27,kmer6_shuffle,within_family,cytochrome_p450,0.7134335730517705
27,kmer6_shuffle,within_family,dopamine_receptor,0.5265070926826355
27,kmer6_shuffle,within_family,ectonucleotide_pyrophosphatase,0.7323615522583139
27,kmer6_shuffle,within_family,ferritin,0.6159136956974668
27,kmer6_shuffle,within_family,flavin_monooxygenase,0.7574824039313166
27,kmer6_shuffle,within_family,globins,0.7273792523233501
27,kmer6_shuffle,within_family,glutamate_metabotropic,0.6356561489394172
27,kmer6_shuffle,within_family,glutaredoxin,0.7039784365111179
27,kmer6_shuffle,within_family,glutathione_peroxidase,0.5395645486775119
27,kmer6_shuffle,within_family,glutathione_s_transferase,0.5683835361507736
27,kmer6_shuffle,within_family,guanylate_binding_protein,0.3455204216073781
27,kmer6_shuffle,within_family,heme_oxygenase,0.7847086875388761
27,kmer6_shuffle,within_family,histamine_receptor,0.6531882120818467
27,kmer6_shuffle,within_family,histone_deacetylase_classI,0.7895286056543129
27,kmer6_shuffle,within_family,histone_h4,0.6255295429208474
27,kmer6_shuffle,within_family,hox,0.4079469838292651
27,kmer6_shuffle,within_family,m14_carboxypeptidase,0.7627834870623054
27,kmer6_shuffle,within_family,matrix_metalloproteinase,0.7522111739095051
27,kmer6_shuffle,within_family,metallothionein,0.2945005522475242
27,kmer6_shuffle,within_family,muscarinic_receptor,0.2835438185895126
27,kmer6_shuffle,within_family,nadph_oxidase,0.7830848990004164
27,kmer6_shuffle,within_family,nitric_oxide_synthase,0.6617643824836114
27,kmer6_shuffle,within_family,olfactory_receptors,0.2257399176317757
27,kmer6_shuffle,within_family,opsins,0.6248378535408728
27,kmer6_shuffle,within_family,p2y_receptor,0.5131311104010426
27,kmer6_shuffle,within_family,peroxidase,0.8581262237642028
27,kmer6_shuffle,within_family,peroxiredoxin,0.6701946491041226
27,kmer6_shuffle,within_family,phosphodiesterase,0.7757700695336144
27,kmer6_shuffle,within_family,rab_gtpase,0.6231605477226163
27,kmer6_shuffle,within_family,ras_gtpases,0.5603502176937938
27,kmer6_shuffle,within_family,rho_gtpase,0.6647609374361494
27,kmer6_shuffle,within_family,serine_protease,0.6102154462447209
27,kmer6_shuffle,within_family,serotonin_receptor,0.4927585596106515
27,kmer6_shuffle,within_family,steap_metalloreductase,0.589936644042106
27,kmer6_shuffle,within_family,sulfotransferase,0.6174810384066264
27,kmer6_shuffle,within_family,taste2_receptor,0.206045210157326
27,kmer6_shuffle,within_family,udp_glucuronosyltransferase,0.8024073816854566
27,synonymous_recode,within_family,adam_metallopeptidase,0.763530937745491
27,synonymous_recode,within_family,adamts_metallopeptidase,0.8471686826759632
27,synonymous_recode,within_family,adrenoceptor,0.4707251138771035
27,synonymous_recode,within_family,alcohol_dehydrogenase,0.6286686575456628
27,synonymous_recode,within_family,aldehyde_dehydrogenase,0.8128006841354941
27,synonymous_recode,within_family,aldo_keto_reductase,0.8898059842401422
27,synonymous_recode,within_family,alkaline_phosphatase,0.8858208355112378
27,synonymous_recode,within_family,arachidonate_lipoxygenase,0.7897215577164832
27,synonymous_recode,within_family,arf_gtpase,0.6980751202221214
27,synonymous_recode,within_family,carbonic_anhydrase,0.6950715315800583
27,synonymous_recode,within_family,cxc_chemokine_receptor,0.4646601737664497
27,synonymous_recode,within_family,cytochrome_p450,0.805330279684006
27,synonymous_recode,within_family,dopamine_receptor,0.4558435757441325
27,synonymous_recode,within_family,ectonucleotide_pyrophosphatase,0.8430938218428603
27,synonymous_recode,within_family,ferritin,0.5691451499751894
27,synonymous_recode,within_family,flavin_monooxygenase,0.716752653047568
27,synonymous_recode,within_family,globins,0.7035374661686834
27,synonymous_recode,within_family,glutamate_metabotropic,0.7649321252337156
27,synonymous_recode,within_family,glutaredoxin,0.7659774734281126
27,synonymous_recode,within_family,glutathione_peroxidase,0.6389396251733391
27,synonymous_recode,within_family,glutathione_s_transferase,0.6698981281690385
27,synonymous_recode,within_family,guanylate_binding_protein,0.6628458498023715
27,synonymous_recode,within_family,heme_oxygenase,0.8422351233671989
27,synonymous_recode,within_family,histamine_receptor,0.7890249866528485
27,synonymous_recode,within_family,histone_deacetylase_classI,0.8571520592694044
27,synonymous_recode,within_family,histone_h4,0.1830546265328874
27,synonymous_recode,within_family,hox,0.5122124054932993
27,synonymous_recode,within_family,m14_carboxypeptidase,0.7980513021862394
27,synonymous_recode,within_family,matrix_metalloproteinase,0.7941990742781906
27,synonymous_recode,within_family,metallothionein,0.2909264620821588
27,synonymous_recode,within_family,muscarinic_receptor,0.2310353033465413
27,synonymous_recode,within_family,nadph_oxidase,0.8414044102407935
27,synonymous_recode,within_family,nitric_oxide_synthase,0.6658077137805557
27,synonymous_recode,within_family,olfactory_receptors,0.3544725732199955
27,synonymous_recode,within_family,opsins,0.666586909712812
27,synonymous_recode,within_family,p2y_receptor,0.5367496031435753
27,synonymous_recode,within_family,peroxidase,0.8762593869947117
27,synonymous_recode,within_family,peroxiredoxin,0.8132218350719154
27,synonymous_recode,within_family,phosphodiesterase,0.8336486780988537
27,synonymous_recode,within_family,rab_gtpase,0.808338065042413
27,synonymous_recode,within_family,ras_gtpases,0.6921558169145418
27,synonymous_recode,within_family,rho_gtpase,0.6794996091854636
27,synonymous_recode,within_family,serine_protease,0.7383479664442268
27,synonymous_recode,within_family,serotonin_receptor,0.5210480073877785
27,synonymous_recode,within_family,steap_metalloreductase,0.5394934473157004
27,synonymous_recode,within_family,sulfotransferase,0.8379228779141183
27,synonymous_recode,within_family,taste2_receptor,0.4230484224367625
27,synonymous_recode,within_family,udp_glucuronosyltransferase,0.8667679468481608
27,missense_subset,within_family,adam_metallopeptidase,0.7685401331600711
27,missense_subset,within_family,adamts_metallopeptidase,0.8463030617912491
27,missense_subset,within_family,adrenoceptor,0.7936773719440312
27,missense_subset,within_family,alcohol_dehydrogenase,0.748371414681575
27,missense_subset,within_family,aldehyde_dehydrogenase,0.8273494573702708
27,missense_subset,within_family,aldo_keto_reductase,0.7877443791504687
27,missense_subset,within_family,alkaline_phosphatase,0.8655261147521208
27,missense_subset,within_family,arachidonate_lipoxygenase,0.867516667752342
27,missense_subset,within_family,arf_gtpase,0.6695239873294245
27,missense_subset,within_family,carbonic_anhydrase,0.7175265868929248
27,missense_subset,within_family,cxc_chemokine_receptor,0.5965124199844649
27,missense_subset,within_family,cytochrome_p450,0.8120567638090993
27,missense_subset,within_family,dopamine_receptor,0.5612985593841515
27,missense_subset,within_family,ectonucleotide_pyrophosphatase,0.8520777074578151
27,missense_subset,within_family,ferritin,0.7278106571410453
27,missense_subset,within_family,flavin_monooxygenase,0.7374884641733465
27,missense_subset,within_family,globins,0.7853051063665779
27,missense_subset,within_family,glutamate_metabotropic,0.782700640823228
27,missense_subset,within_family,glutaredoxin,0.8068323316575432
27,missense_subset,within_family,glutathione_peroxidase,0.5630870567763788
27,missense_subset,within_family,glutathione_s_transferase,0.6302250577644737
27,missense_subset,within_family,guanylate_binding_protein,0.4399209486166007
27,missense_subset,within_family,heme_oxygenase,0.8635807588637777
27,missense_subset,within_family,histamine_receptor,0.7998195543039844
27,missense_subset,within_family,histone_deacetylase_classI,0.891242425533903
27,missense_subset,within_family,histone_h4,0.6647077560121039
27,missense_subset,within_family,hox,0.5798904556412355
27,missense_subset,within_family,m14_carboxypeptidase,0.8020781846740134
27,missense_subset,within_family,matrix_metalloproteinase,0.7812266329167941
27,missense_subset,within_family,metallothionein,0.220627445222346
27,missense_subset,within_family,muscarinic_receptor,0.6071476167742829
27,missense_subset,within_family,nadph_oxidase,0.8449142881893391
27,missense_subset,within_family,nitric_oxide_synthase,0.8050733465080263
27,missense_subset,within_family,olfactory_receptors,0.4433470962511544
27,missense_subset,within_family,opsins,0.7346159028252742
27,missense_subset,within_family,p2y_receptor,0.558001310876208
27,missense_subset,within_family,peroxidase,0.9177912420712748
27,missense_subset,within_family,peroxiredoxin,0.8309041014318688
27,missense_subset,within_family,phosphodiesterase,0.8424292433132389
27,missense_subset,within_family,rab_gtpase,0.7821615028023429
27,missense_subset,within_family,ras_gtpases,0.6308415452073185
27,missense_subset,within_family,rho_gtpase,0.6788682757566691
27,missense_subset,within_family,serine_protease,0.7433889916387276
27,missense_subset,within_family,serotonin_receptor,0.5534816400502172
27,missense_subset,within_family,steap_metalloreductase,0.7497203807222066
27,missense_subset,within_family,sulfotransferase,0.797489600768585
27,missense_subset,within_family,taste2_receptor,0.1708780504572453
27,missense_subset,within_family,udp_glucuronosyltransferase,0.8606826477147332
27,paired_p3_syn,within_family,adam_metallopeptidase,0.8503787211388888
27,paired_p3_syn,within_family,adamts_metallopeptidase,0.91074954094483
27,paired_p3_syn,within_family,adrenoceptor,0.5477351825673324
27,paired_p3_syn,within_family,alcohol_dehydrogenase,0.6309257587332453
27,paired_p3_syn,within_family,aldehyde_dehydrogenase,0.8546290243212331
27,paired_p3_syn,within_family,aldo_keto_reductase,0.8905672345074063
27,paired_p3_syn,within_family,alkaline_phosphatase,0.8518723278785197
27,paired_p3_syn,within_family,arachidonate_lipoxygenase,0.8235740061699907
27,paired_p3_syn,within_family,arf_gtpase,0.7743146752617426
27,paired_p3_syn,within_family,carbonic_anhydrase,0.7601608028306626
27,paired_p3_syn,within_family,cxc_chemokine_receptor,0.6487024884235757
27,paired_p3_syn,within_family,cytochrome_p450,0.8515921869855053
27,paired_p3_syn,within_family,dopamine_receptor,0.6625604830681537
27,paired_p3_syn,within_family,ectonucleotide_pyrophosphatase,0.8802777891377428
27,paired_p3_syn,within_family,ferritin,0.5665602784412364
27,paired_p3_syn,within_family,flavin_monooxygenase,0.8068637819731788
27,paired_p3_syn,within_family,globins,0.8177747282821589
27,paired_p3_syn,within_family,glutamate_metabotropic,0.7750084907413421
27,paired_p3_syn,within_family,glutaredoxin,0.9185338523078894
27,paired_p3_syn,within_family,glutathione_peroxidase,0.6656267015250598
27,paired_p3_syn,within_family,glutathione_s_transferase,0.7254885353144676
27,paired_p3_syn,within_family,guanylate_binding_protein,0.7117918313570487
27,paired_p3_syn,within_family,heme_oxygenase,0.8762077545096413
27,paired_p3_syn,within_family,histamine_receptor,0.9160420606545332
27,paired_p3_syn,within_family,histone_deacetylase_classI,0.9456584720052094
27,paired_p3_syn,within_family,histone_h4,0.7562350692785476
27,paired_p3_syn,within_family,hox,0.7239042638893276
27,paired_p3_syn,within_family,m14_carboxypeptidase,0.850096642826552
27,paired_p3_syn,within_family,matrix_metalloproteinase,0.8858329010600783
27,paired_p3_syn,within_family,metallothionein,0.7623284528783633
27,paired_p3_syn,within_family,muscarinic_receptor,0.6604374859981852
27,paired_p3_syn,within_family,nadph_oxidase,0.816173392602422
27,paired_p3_syn,within_family,nitric_oxide_synthase,0.8056906852645067
27,paired_p3_syn,within_family,olfactory_receptors,0.7145446699019888
27,paired_p3_syn,within_family,opsins,0.7076955865499591
27,paired_p3_syn,within_family,p2y_receptor,0.7179999514039385
27,paired_p3_syn,within_family,peroxidase,0.8641677104737102
27,paired_p3_syn,within_family,peroxiredoxin,0.90239230059136
27,paired_p3_syn,within_family,phosphodiesterase,0.8758771442006877
27,paired_p3_syn,within_family,rab_gtpase,0.8900967164632421
27,paired_p3_syn,within_family,ras_gtpases,0.8065040245490085
27,paired_p3_syn,within_family,rho_gtpase,0.7668243420048977
27,paired_p3_syn,within_family,serine_protease,0.7990156201698247
27,paired_p3_syn,within_family,serotonin_receptor,0.7483259376281548
27,paired_p3_syn,within_family,steap_metalloreductase,0.7525190802000447
27,paired_p3_syn,within_family,sulfotransferase,0.8375538377017284
27,paired_p3_syn,within_family,taste2_receptor,0.6027615833957937
27,paired_p3_syn,within_family,udp_glucuronosyltransferase,0.8643719471259579
27,paired_p3_missense,within_family,adam_metallopeptidase,0.8076244470014551
27,paired_p3_missense,within_family,adamts_metallopeptidase,0.8542116257969627
27,paired_p3_missense,within_family,adrenoceptor,0.6029468206280735
27,paired_p3_missense,within_family,alcohol_dehydrogenase,0.7473366205986526
27,paired_p3_missense,within_family,aldehyde_dehydrogenase,0.7886041668237928
27,paired_p3_missense,within_family,aldo_keto_reductase,0.8542671983673652
27,paired_p3_missense,within_family,alkaline_phosphatase,0.9200977041534316
27,paired_p3_missense,within_family,arachidonate_lipoxygenase,0.821931487405449
27,paired_p3_missense,within_family,arf_gtpase,0.7495559076969338
27,paired_p3_missense,within_family,carbonic_anhydrase,0.622796482412401
27,paired_p3_missense,within_family,cxc_chemokine_receptor,0.6392502404413416
27,paired_p3_missense,within_family,cytochrome_p450,0.8338408555730055
27,paired_p3_missense,within_family,dopamine_receptor,0.6499658439905168
27,paired_p3_missense,within_family,ectonucleotide_pyrophosphatase,0.8081312337755484
27,paired_p3_missense,within_family,ferritin,0.6651165388900798
27,paired_p3_missense,within_family,flavin_monooxygenase,0.8218840335104268
27,paired_p3_missense,within_family,globins,0.7761889753820831
27,paired_p3_missense,within_family,glutamate_metabotropic,0.7388632734063959
27,paired_p3_missense,within_family,glutaredoxin,0.8133357822144485
27,paired_p3_missense,within_family,glutathione_peroxidase,0.6286541537039267
27,paired_p3_missense,within_family,glutathione_s_transferase,0.6692388071907435
27,paired_p3_missense,within_family,guanylate_binding_protein,0.4189723320158102
27,paired_p3_missense,within_family,heme_oxygenase,0.8912813601492846
27,paired_p3_missense,within_family,histamine_receptor,0.8284203784882364
27,paired_p3_missense,within_family,histone_deacetylase_classI,0.8807124630615073
27,paired_p3_missense,within_family,histone_h4,0.4282688326166587
27,paired_p3_missense,within_family,hox,0.6105084116890117
27,paired_p3_missense,within_family,m14_carboxypeptidase,0.8119395988422464
27,paired_p3_missense,within_family,matrix_metalloproteinase,0.8450325045221453
27,paired_p3_missense,within_family,metallothionein,0.4370282538255611
27,paired_p3_missense,within_family,muscarinic_receptor,0.5839294229329348
27,paired_p3_missense,within_family,nadph_oxidase,0.8333812350368056
27,paired_p3_missense,within_family,nitric_oxide_synthase,0.727314020058606
27,paired_p3_missense,within_family,olfactory_receptors,0.5825894844076613
27,paired_p3_missense,within_family,opsins,0.7237414978034561
27,paired_p3_missense,within_family,p2y_receptor,0.5816745764674188
27,paired_p3_missense,within_family,peroxidase,0.8983004294456955
27,paired_p3_missense,within_family,peroxiredoxin,0.7836791514343429
27,paired_p3_missense,within_family,phosphodiesterase,0.8521530910719534
27,paired_p3_missense,within_family,rab_gtpase,0.7974241767405201
27,paired_p3_missense,within_family,ras_gtpases,0.7420031332673126
27,paired_p3_missense,within_family,rho_gtpase,0.7713000490585549
27,paired_p3_missense,within_family,serine_protease,0.7228713697877501
27,paired_p3_missense,within_family,serotonin_receptor,0.6281795984362644
27,paired_p3_missense,within_family,steap_metalloreductase,0.7930592434056288
27,paired_p3_missense,within_family,sulfotransferase,0.7681054475401992
27,paired_p3_missense,within_family,taste2_receptor,0.2559442114604244
27,paired_p3_missense,within_family,udp_glucuronosyltransferase,0.8841146375905735
28,natural,within_family,adam_metallopeptidase,1.0
28,natural,within_family,adamts_metallopeptidase,1.0
28,natural,within_family,adrenoceptor,1.0
28,natural,within_family,alcohol_dehydrogenase,1.0
28,natural,within_family,aldehyde_dehydrogenase,1.0
28,natural,within_family,aldo_keto_reductase,1.0
28,natural,within_family,alkaline_phosphatase,1.0
28,natural,within_family,arachidonate_lipoxygenase,1.0
28,natural,within_family,arf_gtpase,1.0
28,natural,within_family,carbonic_anhydrase,1.0
28,natural,within_family,cxc_chemokine_receptor,1.0
28,natural,within_family,cytochrome_p450,1.0
28,natural,within_family,dopamine_receptor,1.0
28,natural,within_family,ectonucleotide_pyrophosphatase,1.0
28,natural,within_family,ferritin,1.0
28,natural,within_family,flavin_monooxygenase,1.0
28,natural,within_family,globins,1.0
28,natural,within_family,glutamate_metabotropic,1.0
28,natural,within_family,glutaredoxin,1.0
28,natural,within_family,glutathione_peroxidase,1.0
28,natural,within_family,glutathione_s_transferase,1.0
28,natural,within_family,guanylate_binding_protein,1.0
28,natural,within_family,heme_oxygenase,1.0
28,natural,within_family,histamine_receptor,1.0
28,natural,within_family,histone_deacetylase_classI,1.0
28,natural,within_family,histone_h4,1.0
28,natural,within_family,hox,1.0
28,natural,within_family,m14_carboxypeptidase,1.0
28,natural,within_family,matrix_metalloproteinase,1.0
28,natural,within_family,metallothionein,1.0
28,natural,within_family,muscarinic_receptor,1.0
28,natural,within_family,nadph_oxidase,1.0
28,natural,within_family,nitric_oxide_synthase,1.0
28,natural,within_family,olfactory_receptors,1.0
28,natural,within_family,opsins,1.0
28,natural,within_family,p2y_receptor,1.0
28,natural,within_family,peroxidase,1.0
28,natural,within_family,peroxiredoxin,1.0
28,natural,within_family,phosphodiesterase,1.0
28,natural,within_family,rab_gtpase,1.0
28,natural,within_family,ras_gtpases,1.0
28,natural,within_family,rho_gtpase,1.0
28,natural,within_family,serine_protease,1.0
28,natural,within_family,serotonin_receptor,1.0
28,natural,within_family,steap_metalloreductase,1.0
28,natural,within_family,sulfotransferase,1.0
28,natural,within_family,taste2_receptor,1.0
28,natural,within_family,udp_glucuronosyltransferase,1.0
28,gc_match,within_family,adam_metallopeptidase,0.4405205388364249
28,gc_match,within_family,adamts_metallopeptidase,0.4528630582263073
28,gc_match,within_family,adrenoceptor,0.4310263294344701
28,gc_match,within_family,alcohol_dehydrogenase,0.1305576776165011
28,gc_match,within_family,aldehyde_dehydrogenase,0.350908396308937
28,gc_match,within_family,aldo_keto_reductase,0.431373538242209
28,gc_match,within_family,alkaline_phosphatase,0.3446617881602402
28,gc_match,within_family,arachidonate_lipoxygenase,0.510692583881499
28,gc_match,within_family,arf_gtpase,0.2524742991228494
28,gc_match,within_family,carbonic_anhydrase,0.1564025810427275
28,gc_match,within_family,cxc_chemokine_receptor,0.5348436696707481
28,gc_match,within_family,cytochrome_p450,0.3783616713155853
28,gc_match,within_family,dopamine_receptor,0.2999382908966386
28,gc_match,within_family,ectonucleotide_pyrophosphatase,0.2635949521081387
28,gc_match,within_family,ferritin,0.692283179890713
28,gc_match,within_family,flavin_monooxygenase,0.1899547770981007
28,gc_match,within_family,globins,0.4337934201125145
28,gc_match,within_family,glutamate_metabotropic,0.2552761674439205
28,gc_match,within_family,glutaredoxin,0.3844335659841225
28,gc_match,within_family,glutathione_peroxidase,0.3654971258893452
28,gc_match,within_family,glutathione_s_transferase,0.1981735554035411
28,gc_match,within_family,guanylate_binding_protein,0.253030303030303
28,gc_match,within_family,heme_oxygenase,0.1783018867924528
28,gc_match,within_family,histamine_receptor,0.3618994254416462
28,gc_match,within_family,histone_deacetylase_classI,0.3001197913078703
28,gc_match,within_family,histone_h4,0.7041089345437171
28,gc_match,within_family,hox,0.2755245198422873
28,gc_match,within_family,m14_carboxypeptidase,0.3190607151993144
28,gc_match,within_family,matrix_metalloproteinase,0.431304813038472
28,gc_match,within_family,metallothionein,0.1381442589566676
28,gc_match,within_family,muscarinic_receptor,0.4243079270655294
28,gc_match,within_family,nadph_oxidase,0.345821708113873
28,gc_match,within_family,nitric_oxide_synthase,0.4384245837273959
28,gc_match,within_family,olfactory_receptors,0.1953748945151443
28,gc_match,within_family,opsins,0.1965690310383766
28,gc_match,within_family,p2y_receptor,0.260992684260756
28,gc_match,within_family,peroxidase,0.4478131476244522
28,gc_match,within_family,peroxiredoxin,0.3358359311249532
28,gc_match,within_family,phosphodiesterase,0.3363748751345653
28,gc_match,within_family,rab_gtpase,0.2410180130844731
28,gc_match,within_family,ras_gtpases,0.2378951270444992
28,gc_match,within_family,rho_gtpase,0.3385080341543627
28,gc_match,within_family,serine_protease,0.2741671345908494
28,gc_match,within_family,serotonin_receptor,0.2602852529839942
28,gc_match,within_family,steap_metalloreductase,0.1903803686714368
28,gc_match,within_family,sulfotransferase,0.220611223105461
28,gc_match,within_family,taste2_receptor,0.1324177724510712
28,gc_match,within_family,udp_glucuronosyltransferase,0.0321389988502287
28,dinuc_shuffle,within_family,adam_metallopeptidase,0.4594718418842132
28,dinuc_shuffle,within_family,adamts_metallopeptidase,0.462023433330837
28,dinuc_shuffle,within_family,adrenoceptor,0.5159383749679312
28,dinuc_shuffle,within_family,alcohol_dehydrogenase,0.1466768525592054
28,dinuc_shuffle,within_family,aldehyde_dehydrogenase,0.3842732962221175
28,dinuc_shuffle,within_family,aldo_keto_reductase,0.476749631443668
28,dinuc_shuffle,within_family,alkaline_phosphatase,0.4480150912039456
28,dinuc_shuffle,within_family,arachidonate_lipoxygenase,0.5970865019200738
28,dinuc_shuffle,within_family,arf_gtpase,0.2884757302153195
28,dinuc_shuffle,within_family,carbonic_anhydrase,0.1515379803085783
28,dinuc_shuffle,within_family,cxc_chemokine_receptor,0.6335006190855877
28,dinuc_shuffle,within_family,cytochrome_p450,0.4357035440931769
28,dinuc_shuffle,within_family,dopamine_receptor,0.3734780630976383
28,dinuc_shuffle,within_family,ectonucleotide_pyrophosphatase,0.3083038130430346
28,dinuc_shuffle,within_family,ferritin,0.3024781813551866
28,dinuc_shuffle,within_family,flavin_monooxygenase,0.3038262973449967
28,dinuc_shuffle,within_family,globins,0.6084436098260502
28,dinuc_shuffle,within_family,glutamate_metabotropic,0.2552408281379771
28,dinuc_shuffle,within_family,glutaredoxin,0.3829048180108071
28,dinuc_shuffle,within_family,glutathione_peroxidase,0.4764776697035301
28,dinuc_shuffle,within_family,glutathione_s_transferase,0.2607759004388161
28,dinuc_shuffle,within_family,guanylate_binding_protein,0.4489459815546771
28,dinuc_shuffle,within_family,heme_oxygenase,0.4001658718639851
28,dinuc_shuffle,within_family,histamine_receptor,0.5199400353281816
28,dinuc_shuffle,within_family,histone_deacetylase_classI,0.3810680339062245
28,dinuc_shuffle,within_family,histone_h4,0.787529861442905
28,dinuc_shuffle,within_family,hox,0.3288017745263956
28,dinuc_shuffle,within_family,m14_carboxypeptidase,0.3760138500237394
28,dinuc_shuffle,within_family,matrix_metalloproteinase,0.4812510794232516
28,dinuc_shuffle,within_family,metallothionein,0.1632507132770327
28,dinuc_shuffle,within_family,muscarinic_receptor,0.5285807377544548
28,dinuc_shuffle,within_family,nadph_oxidase,0.4455009685446444
28,dinuc_shuffle,within_family,nitric_oxide_synthase,0.5154441162253892
28,dinuc_shuffle,within_family,olfactory_receptors,0.2407483176695438
28,dinuc_shuffle,within_family,opsins,0.2251573160268599
28,dinuc_shuffle,within_family,p2y_receptor,0.3176010338547907
28,dinuc_shuffle,within_family,peroxidase,0.6741179696721248
28,dinuc_shuffle,within_family,peroxiredoxin,0.3398568787742062
28,dinuc_shuffle,within_family,phosphodiesterase,0.3719324476734356
28,dinuc_shuffle,within_family,rab_gtpase,0.2586959965801641
28,dinuc_shuffle,within_family,ras_gtpases,0.3375251138157568
28,dinuc_shuffle,within_family,rho_gtpase,0.3672948865321397
28,dinuc_shuffle,within_family,serine_protease,0.3374289996750211
28,dinuc_shuffle,within_family,serotonin_receptor,0.3914785262794517
28,dinuc_shuffle,within_family,steap_metalloreductase,0.3280314798965354
28,dinuc_shuffle,within_family,sulfotransferase,0.2677886498275265
28,dinuc_shuffle,within_family,taste2_receptor,0.2677022953145127
28,dinuc_shuffle,within_family,udp_glucuronosyltransferase,0.300824710049309
28,kmer4_shuffle,within_family,adam_metallopeptidase,0.4392011285247119
28,kmer4_shuffle,within_family,adamts_metallopeptidase,0.4609764172295564
28,kmer4_shuffle,within_family,adrenoceptor,0.4093673749001993
28,kmer4_shuffle,within_family,alcohol_dehydrogenase,-0.0035558024862837
28,kmer4_shuffle,within_family,aldehyde_dehydrogenase,0.3231850517808158
28,kmer4_shuffle,within_family,aldo_keto_reductase,0.4935194820351811
28,kmer4_shuffle,within_family,alkaline_phosphatase,0.4760363475533754
28,kmer4_shuffle,within_family,arachidonate_lipoxygenase,0.5104423611535515
28,kmer4_shuffle,within_family,arf_gtpase,0.2632689918084851
28,kmer4_shuffle,within_family,carbonic_anhydrase,0.1319945787527928
28,kmer4_shuffle,within_family,cxc_chemokine_receptor,0.3893077196393266
28,kmer4_shuffle,within_family,cytochrome_p450,0.3905315007904982
28,kmer4_shuffle,within_family,dopamine_receptor,0.3589981035660589
28,kmer4_shuffle,within_family,ectonucleotide_pyrophosphatase,0.3197394045497705
28,kmer4_shuffle,within_family,ferritin,0.6350164212289299
28,kmer4_shuffle,within_family,flavin_monooxygenase,0.2165432174463401
28,kmer4_shuffle,within_family,globins,0.5948834565275681
28,kmer4_shuffle,within_family,glutamate_metabotropic,0.2274349909881097
28,kmer4_shuffle,within_family,glutaredoxin,0.3958955633582738
28,kmer4_shuffle,within_family,glutathione_peroxidase,0.5164975498582215
28,kmer4_shuffle,within_family,glutathione_s_transferase,0.2732798786248929
28,kmer4_shuffle,within_family,guanylate_binding_protein,0.4071146245059288
28,kmer4_shuffle,within_family,heme_oxygenase,0.3756894049346879
28,kmer4_shuffle,within_family,histamine_receptor,0.4519757191967499
28,kmer4_shuffle,within_family,histone_deacetylase_classI,0.3830292424489903
28,kmer4_shuffle,within_family,histone_h4,0.6681637203376334
28,kmer4_shuffle,within_family,hox,0.3190397681598484
28,kmer4_shuffle,within_family,m14_carboxypeptidase,0.3717982233476059
28,kmer4_shuffle,within_family,matrix_metalloproteinase,0.4399516040172842
28,kmer4_shuffle,within_family,metallothionein,0.0680378650807632
28,kmer4_shuffle,within_family,muscarinic_receptor,0.5439148088411797
28,kmer4_shuffle,within_family,nadph_oxidase,0.4701878485423124
28,kmer4_shuffle,within_family,nitric_oxide_synthase,0.5577785942689204
28,kmer4_shuffle,within_family,olfactory_receptors,0.2597640230853699
28,kmer4_shuffle,within_family,opsins,0.2209386042513077
28,kmer4_shuffle,within_family,p2y_receptor,0.3549468652595374
28,kmer4_shuffle,within_family,peroxidase,0.5986296295268505
28,kmer4_shuffle,within_family,peroxiredoxin,0.3038411146913855
28,kmer4_shuffle,within_family,phosphodiesterase,0.3107135371767625
28,kmer4_shuffle,within_family,rab_gtpase,0.2762694010166335
28,kmer4_shuffle,within_family,ras_gtpases,0.2909423356763223
28,kmer4_shuffle,within_family,rho_gtpase,0.357677824904584
28,kmer4_shuffle,within_family,serine_protease,0.3388991938684303
28,kmer4_shuffle,within_family,serotonin_receptor,0.3687929419248057
28,kmer4_shuffle,within_family,steap_metalloreductase,0.3484013263809647
28,kmer4_shuffle,within_family,sulfotransferase,0.2900160270561023
28,kmer4_shuffle,within_family,taste2_receptor,0.1608960862402094
28,kmer4_shuffle,within_family,udp_glucuronosyltransferase,0.1873775956663656
28,kmer6_shuffle,within_family,adam_metallopeptidase,0.4437045445475926
28,kmer6_shuffle,within_family,adamts_metallopeptidase,0.4489716195279398
28,kmer6_shuffle,within_family,adrenoceptor,0.4065170804484505
28,kmer6_shuffle,within_family,alcohol_dehydrogenase,0.1137926244878116
28,kmer6_shuffle,within_family,aldehyde_dehydrogenase,0.3591769675302258
28,kmer6_shuffle,within_family,aldo_keto_reductase,0.5056727694551694
28,kmer6_shuffle,within_family,alkaline_phosphatase,0.3243469636658491
28,kmer6_shuffle,within_family,arachidonate_lipoxygenase,0.4905660307399273
28,kmer6_shuffle,within_family,arf_gtpase,0.2702314513747683
28,kmer6_shuffle,within_family,carbonic_anhydrase,0.1625000025310205
28,kmer6_shuffle,within_family,cxc_chemokine_receptor,0.5257607188698307
28,kmer6_shuffle,within_family,cytochrome_p450,0.3732191309886881
28,kmer6_shuffle,within_family,dopamine_receptor,0.379640205288747
28,kmer6_shuffle,within_family,ectonucleotide_pyrophosphatase,0.2668691482754387
28,kmer6_shuffle,within_family,ferritin,0.5684259977796364
28,kmer6_shuffle,within_family,flavin_monooxygenase,0.2210914388519875
28,kmer6_shuffle,within_family,globins,0.551900184964437
28,kmer6_shuffle,within_family,glutamate_metabotropic,0.329851073055098
28,kmer6_shuffle,within_family,glutaredoxin,0.3621963258392658
28,kmer6_shuffle,within_family,glutathione_peroxidase,0.36741066654855
28,kmer6_shuffle,within_family,glutathione_s_transferase,0.33848739844905
28,kmer6_shuffle,within_family,guanylate_binding_protein,0.3419631093544136
28,kmer6_shuffle,within_family,heme_oxygenase,0.2357142857142856
28,kmer6_shuffle,within_family,histamine_receptor,0.4423937904323737
28,kmer6_shuffle,within_family,histone_deacetylase_classI,0.3843556702790005
28,kmer6_shuffle,within_family,histone_h4,0.7589743589743592
28,kmer6_shuffle,within_family,hox,0.3110884842656856
28,kmer6_shuffle,within_family,m14_carboxypeptidase,0.3517921225900504
28,kmer6_shuffle,within_family,matrix_metalloproteinase,0.4680854903933749
28,kmer6_shuffle,within_family,metallothionein,0.1109442973579152
28,kmer6_shuffle,within_family,muscarinic_receptor,0.4470967821963513
28,kmer6_shuffle,within_family,nadph_oxidase,0.4289620067013622
28,kmer6_shuffle,within_family,nitric_oxide_synthase,0.5637657560481624
28,kmer6_shuffle,within_family,olfactory_receptors,0.2159199013673453
28,kmer6_shuffle,within_family,opsins,0.2710337459118202
28,kmer6_shuffle,within_family,p2y_receptor,0.3598198384159511
28,kmer6_shuffle,within_family,peroxidase,0.5960705697464591
28,kmer6_shuffle,within_family,peroxiredoxin,0.3900130737567283
28,kmer6_shuffle,within_family,phosphodiesterase,0.3450035233220475
28,kmer6_shuffle,within_family,rab_gtpase,0.2636967387692658
28,kmer6_shuffle,within_family,ras_gtpases,0.2557628300673619
28,kmer6_shuffle,within_family,rho_gtpase,0.4267231635202096
28,kmer6_shuffle,within_family,serine_protease,0.2969289343048901
28,kmer6_shuffle,within_family,serotonin_receptor,0.3836160459296692
28,kmer6_shuffle,within_family,steap_metalloreductase,0.3567933052699487
28,kmer6_shuffle,within_family,sulfotransferase,0.1954312660740624
28,kmer6_shuffle,within_family,taste2_receptor,0.2367454470227074
28,kmer6_shuffle,within_family,udp_glucuronosyltransferase,0.2580100084110779
28,synonymous_recode,within_family,adam_metallopeptidase,0.4895564388520175
28,synonymous_recode,within_family,adamts_metallopeptidase,0.4898115055347044
28,synonymous_recode,within_family,adrenoceptor,0.5406528932311924
28,synonymous_recode,within_family,alcohol_dehydrogenase,0.2201333425932356
28,synonymous_recode,within_family,aldehyde_dehydrogenase,0.525859654274622
28,synonymous_recode,within_family,aldo_keto_reductase,0.6641099520740904
28,synonymous_recode,within_family,alkaline_phosphatase,0.5451630412930721
28,synonymous_recode,within_family,arachidonate_lipoxygenase,0.4106877316370803
28,synonymous_recode,within_family,arf_gtpase,0.5780907335033713
28,synonymous_recode,within_family,carbonic_anhydrase,0.4390718863804951
28,synonymous_recode,within_family,cxc_chemokine_receptor,0.535655782931071
28,synonymous_recode,within_family,cytochrome_p450,0.5868579868250224
28,synonymous_recode,within_family,dopamine_receptor,0.4662877084331963
28,synonymous_recode,within_family,ectonucleotide_pyrophosphatase,0.4985963564955965
28,synonymous_recode,within_family,ferritin,0.5914489331485379
28,synonymous_recode,within_family,flavin_monooxygenase,0.4486272234738853
28,synonymous_recode,within_family,globins,0.6139278649879503
28,synonymous_recode,within_family,glutamate_metabotropic,0.5285524729881527
28,synonymous_recode,within_family,glutaredoxin,0.6455822374260929
28,synonymous_recode,within_family,glutathione_peroxidase,0.5238574167185398
28,synonymous_recode,within_family,glutathione_s_transferase,0.4923214834368516
28,synonymous_recode,within_family,guanylate_binding_protein,0.5389986824769433
28,synonymous_recode,within_family,heme_oxygenase,0.6131453452208169
28,synonymous_recode,within_family,histamine_receptor,0.656031290319437
28,synonymous_recode,within_family,histone_deacetylase_classI,0.705493961133864
28,synonymous_recode,within_family,histone_h4,-0.0176939003025959
28,synonymous_recode,within_family,hox,0.4643156055980185
28,synonymous_recode,within_family,m14_carboxypeptidase,0.4882645902306401
28,synonymous_recode,within_family,matrix_metalloproteinase,0.542181730723925
28,synonymous_recode,within_family,metallothionein,0.1564783876271734
28,synonymous_recode,within_family,muscarinic_receptor,0.1519838401592731
28,synonymous_recode,within_family,nadph_oxidase,0.4131538082621953
28,synonymous_recode,within_family,nitric_oxide_synthase,0.4290736689620869
28,synonymous_recode,within_family,olfactory_receptors,0.4479435185795599
28,synonymous_recode,within_family,opsins,0.3680556854210071
28,synonymous_recode,within_family,p2y_receptor,0.598633508305592
28,synonymous_recode,within_family,peroxidase,0.5710899935162346
28,synonymous_recode,within_family,peroxiredoxin,0.6771478941851653
28,synonymous_recode,within_family,phosphodiesterase,0.4901933759880219
28,synonymous_recode,within_family,rab_gtpase,0.6472642211348334
28,synonymous_recode,within_family,ras_gtpases,0.5584181927126007
28,synonymous_recode,within_family,rho_gtpase,0.5454055121380202
28,synonymous_recode,within_family,serine_protease,0.5762867357203839
28,synonymous_recode,within_family,serotonin_receptor,0.4680298812861768
28,synonymous_recode,within_family,steap_metalloreductase,0.3196241514155815
28,synonymous_recode,within_family,sulfotransferase,0.6488954310388152
28,synonymous_recode,within_family,taste2_receptor,0.4931488200328712
28,synonymous_recode,within_family,udp_glucuronosyltransferase,0.6939561775123273
28,missense_subset,within_family,adam_metallopeptidase,0.4570444425319551
28,missense_subset,within_family,adamts_metallopeptidase,0.4387777834995805
28,missense_subset,within_family,adrenoceptor,0.7048781247696587
28,missense_subset,within_family,alcohol_dehydrogenase,0.3061393152302242
28,missense_subset,within_family,aldehyde_dehydrogenase,0.4783451300940123
28,missense_subset,within_family,aldo_keto_reductase,0.4352340762917491
28,missense_subset,within_family,alkaline_phosphatase,0.414425100183614
28,missense_subset,within_family,arachidonate_lipoxygenase,0.592957180515309
28,missense_subset,within_family,arf_gtpase,0.44003561387941
28,missense_subset,within_family,carbonic_anhydrase,0.4644776662034542
28,missense_subset,within_family,cxc_chemokine_receptor,0.641065498278
28,missense_subset,within_family,cytochrome_p450,0.4896175260272956
28,missense_subset,within_family,dopamine_receptor,0.3811400865686759
28,missense_subset,within_family,ectonucleotide_pyrophosphatase,0.5047181360390284
28,missense_subset,within_family,ferritin,0.7244904285825001
28,missense_subset,within_family,flavin_monooxygenase,0.3278447640352663
28,missense_subset,within_family,globins,0.6023727142784067
28,missense_subset,within_family,glutamate_metabotropic,0.4259344933522038
28,missense_subset,within_family,glutaredoxin,0.5035150146120266
28,missense_subset,within_family,glutathione_peroxidase,0.2698870155651143
28,missense_subset,within_family,glutathione_s_transferase,0.4260881177182126
28,missense_subset,within_family,guanylate_binding_protein,0.4401844532279314
28,missense_subset,within_family,heme_oxygenase,0.6934065934065935
28,missense_subset,within_family,histamine_receptor,0.6493530370745517
28,missense_subset,within_family,histone_deacetylase_classI,0.5280175836996683
28,missense_subset,within_family,histone_h4,0.4927217709826406
28,missense_subset,within_family,hox,0.4184911013875144
28,missense_subset,within_family,m14_carboxypeptidase,0.4421964486873455
28,missense_subset,within_family,matrix_metalloproteinase,0.3813969993532692
28,missense_subset,within_family,metallothionein,0.0248048653830118
28,missense_subset,within_family,muscarinic_receptor,0.4658521558433762
28,missense_subset,within_family,nadph_oxidase,0.4461827806296603
28,missense_subset,within_family,nitric_oxide_synthase,0.549037989831745
28,missense_subset,within_family,olfactory_receptors,0.3680940317419578
28,missense_subset,within_family,opsins,0.5556768315441948
28,missense_subset,within_family,p2y_receptor,0.426606542938274
28,missense_subset,within_family,peroxidase,0.6311026275942636
28,missense_subset,within_family,peroxiredoxin,0.6363480379406696
28,missense_subset,within_family,phosphodiesterase,0.4294479006802926
28,missense_subset,within_family,rab_gtpase,0.4916925089474305
28,missense_subset,within_family,ras_gtpases,0.3603689044294725
28,missense_subset,within_family,rho_gtpase,0.4054329359373416
28,missense_subset,within_family,serine_protease,0.4850794352108853
28,missense_subset,within_family,serotonin_receptor,0.4299919804801944
28,missense_subset,within_family,steap_metalloreductase,0.3924550432192409
28,missense_subset,within_family,sulfotransferase,0.5207984972608447
28,missense_subset,within_family,taste2_receptor,0.1336769666132227
28,missense_subset,within_family,udp_glucuronosyltransferase,0.4151476568588868
28,paired_p3_syn,within_family,adam_metallopeptidase,0.6263892842084479
28,paired_p3_syn,within_family,adamts_metallopeptidase,0.6586061212147306
28,paired_p3_syn,within_family,adrenoceptor,0.4764877702853826
28,paired_p3_syn,within_family,alcohol_dehydrogenase,0.7194041252864781
28,paired_p3_syn,within_family,aldehyde_dehydrogenase,0.6105733853436831
28,paired_p3_syn,within_family,aldo_keto_reductase,0.7230030577538457
28,paired_p3_syn,within_family,alkaline_phosphatase,0.0545447844209454
28,paired_p3_syn,within_family,arachidonate_lipoxygenase,0.5206908811888759
28,paired_p3_syn,within_family,arf_gtpase,0.7110488280030185
28,paired_p3_syn,within_family,carbonic_anhydrase,0.6351368359302486
28,paired_p3_syn,within_family,cxc_chemokine_receptor,0.5617161820508828
28,paired_p3_syn,within_family,cytochrome_p450,0.6260946370796743
28,paired_p3_syn,within_family,dopamine_receptor,0.5547046429768759
28,paired_p3_syn,within_family,ectonucleotide_pyrophosphatase,0.6247768296349884
28,paired_p3_syn,within_family,ferritin,0.6888760390969179
28,paired_p3_syn,within_family,flavin_monooxygenase,0.4741999839147239
28,paired_p3_syn,within_family,globins,0.6790581140514741
28,paired_p3_syn,within_family,glutamate_metabotropic,0.5703909536255849
28,paired_p3_syn,within_family,glutaredoxin,0.8760924436962744
28,paired_p3_syn,within_family,glutathione_peroxidase,0.4069786433900614
28,paired_p3_syn,within_family,glutathione_s_transferase,0.5071010765670513
28,paired_p3_syn,within_family,guanylate_binding_protein,0.5904479578392621
28,paired_p3_syn,within_family,heme_oxygenase,0.8493157785610616
28,paired_p3_syn,within_family,histamine_receptor,0.8090936870828652
28,paired_p3_syn,within_family,histone_deacetylase_classI,0.8430322560734265
28,paired_p3_syn,within_family,histone_h4,0.6678611243828636
28,paired_p3_syn,within_family,hox,0.6254936177967769
28,paired_p3_syn,within_family,m14_carboxypeptidase,0.6216890366820262
28,paired_p3_syn,within_family,matrix_metalloproteinase,0.6828380349273502
28,paired_p3_syn,within_family,metallothionein,0.658470139562175
28,paired_p3_syn,within_family,muscarinic_receptor,0.6100518659292304
28,paired_p3_syn,within_family,nadph_oxidase,0.4029587308506515
28,paired_p3_syn,within_family,nitric_oxide_synthase,0.4832576801547247
28,paired_p3_syn,within_family,olfactory_receptors,0.7547314099558452
28,paired_p3_syn,within_family,opsins,0.4839276768272449
28,paired_p3_syn,within_family,p2y_receptor,0.6834849037636087
28,paired_p3_syn,within_family,peroxidase,0.5802104251675343
28,paired_p3_syn,within_family,peroxiredoxin,0.8085060033244492
28,paired_p3_syn,within_family,phosphodiesterase,0.6276526741855182
28,paired_p3_syn,within_family,rab_gtpase,0.7844178323945494
28,paired_p3_syn,within_family,ras_gtpases,0.679547767565143
28,paired_p3_syn,within_family,rho_gtpase,0.613708187749889
28,paired_p3_syn,within_family,serine_protease,0.6454343312695905
28,paired_p3_syn,within_family,serotonin_receptor,0.6740032875758379
28,paired_p3_syn,within_family,steap_metalloreductase,0.3588522936635153
28,paired_p3_syn,within_family,sulfotransferase,0.6955173842242607
28,paired_p3_syn,within_family,taste2_receptor,0.7131566554922348
28,paired_p3_syn,within_family,udp_glucuronosyltransferase,0.7379285598536935
28,paired_p3_missense,within_family,adam_metallopeptidase,0.4981414290197417
28,paired_p3_missense,within_family,adamts_metallopeptidase,0.4806038157470605
28,paired_p3_missense,within_family,adrenoceptor,0.6578966541972865
28,paired_p3_missense,within_family,alcohol_dehydrogenase,0.5402875199666642
28,paired_p3_missense,within_family,aldehyde_dehydrogenase,0.4582025565224669
28,paired_p3_missense,within_family,aldo_keto_reductase,0.4164686360322835
28,paired_p3_missense,within_family,alkaline_phosphatase,0.2713434656159114
28,paired_p3_missense,within_family,arachidonate_lipoxygenase,0.493749824138693
28,paired_p3_missense,within_family,arf_gtpase,0.5853536951748084
28,paired_p3_missense,within_family,carbonic_anhydrase,0.3221455530590619
28,paired_p3_missense,within_family,cxc_chemokine_receptor,0.6506712355019083
28,paired_p3_missense,within_family,cytochrome_p450,0.5281515576554797
28,paired_p3_missense,within_family,dopamine_receptor,0.492826529243181
28,paired_p3_missense,within_family,ectonucleotide_pyrophosphatase,0.4447153850196247
28,paired_p3_missense,within_family,ferritin,0.6450193300460679
28,paired_p3_missense,within_family,flavin_monooxygenase,0.4320937873902783
28,paired_p3_missense,within_family,globins,0.6220119842302374
28,paired_p3_missense,within_family,glutamate_metabotropic,0.4359590890868048
28,paired_p3_missense,within_family,glutaredoxin,0.6599389961098839
28,paired_p3_missense,within_family,glutathione_peroxidase,0.2984179162706143
28,paired_p3_missense,within_family,glutathione_s_transferase,0.468635424997544
28,paired_p3_missense,within_family,guanylate_binding_protein,0.2105401844532279
28,paired_p3_missense,within_family,heme_oxygenase,0.8012751399543853
28,paired_p3_missense,within_family,histamine_receptor,0.6882377142154845
28,paired_p3_missense,within_family,histone_deacetylase_classI,0.621657839491823
28,paired_p3_missense,within_family,histone_h4,0.4069756330625896
28,paired_p3_missense,within_family,hox,0.4716376865494485
28,paired_p3_missense,within_family,m14_carboxypeptidase,0.46055436223217
28,paired_p3_missense,within_family,matrix_metalloproteinase,0.5525907430659516
28,paired_p3_missense,within_family,metallothionein,0.078297860623104
28,paired_p3_missense,within_family,muscarinic_receptor,0.5319110817305007
28,paired_p3_missense,within_family,nadph_oxidase,0.2929825236470472
28,paired_p3_missense,within_family,nitric_oxide_synthase,0.6225782744472225
28,paired_p3_missense,within_family,olfactory_receptors,0.5230483028829191
28,paired_p3_missense,within_family,opsins,0.417229100342331
28,paired_p3_missense,within_family,p2y_receptor,0.4792476232641833
28,paired_p3_missense,within_family,peroxidase,0.5917177000608026
28,paired_p3_missense,within_family,peroxiredoxin,0.3961841967699566
28,paired_p3_missense,within_family,phosphodiesterase,0.4608408518318647
28,paired_p3_missense,within_family,rab_gtpase,0.554159373178007
28,paired_p3_missense,within_family,ras_gtpases,0.52608034340386
28,paired_p3_missense,within_family,rho_gtpase,0.5691462526111404
28,paired_p3_missense,within_family,serine_protease,0.4418986114303707
28,paired_p3_missense,within_family,serotonin_receptor,0.4543821563822957
28,paired_p3_missense,within_family,steap_metalloreductase,0.6383299434714611
28,paired_p3_missense,within_family,sulfotransferase,0.5216940865030683
28,paired_p3_missense,within_family,taste2_receptor,0.1734580387024377
28,paired_p3_missense,within_family,udp_glucuronosyltransferase,0.5161070213209251
29,natural,within_family,adam_metallopeptidase,1.0
29,natural,within_family,adamts_metallopeptidase,1.0
29,natural,within_family,adrenoceptor,1.0
29,natural,within_family,alcohol_dehydrogenase,1.0
29,natural,within_family,aldehyde_dehydrogenase,1.0
29,natural,within_family,aldo_keto_reductase,1.0
29,natural,within_family,alkaline_phosphatase,1.0
29,natural,within_family,arachidonate_lipoxygenase,1.0
29,natural,within_family,arf_gtpase,1.0
29,natural,within_family,carbonic_anhydrase,1.0
29,natural,within_family,cxc_chemokine_receptor,1.0
29,natural,within_family,cytochrome_p450,1.0
29,natural,within_family,dopamine_receptor,1.0
29,natural,within_family,ectonucleotide_pyrophosphatase,1.0
29,natural,within_family,ferritin,1.0
29,natural,within_family,flavin_monooxygenase,1.0
29,natural,within_family,globins,1.0
29,natural,within_family,glutamate_metabotropic,1.0
29,natural,within_family,glutaredoxin,1.0
29,natural,within_family,glutathione_peroxidase,1.0
29,natural,within_family,glutathione_s_transferase,1.0
29,natural,within_family,guanylate_binding_protein,1.0
29,natural,within_family,heme_oxygenase,1.0
29,natural,within_family,histamine_receptor,1.0
29,natural,within_family,histone_deacetylase_classI,1.0
29,natural,within_family,histone_h4,1.0
29,natural,within_family,hox,1.0
29,natural,within_family,m14_carboxypeptidase,1.0
29,natural,within_family,matrix_metalloproteinase,1.0
29,natural,within_family,metallothionein,1.0
29,natural,within_family,muscarinic_receptor,1.0
29,natural,within_family,nadph_oxidase,1.0
29,natural,within_family,nitric_oxide_synthase,1.0
29,natural,within_family,olfactory_receptors,1.0
29,natural,within_family,opsins,1.0
29,natural,within_family,p2y_receptor,1.0
29,natural,within_family,peroxidase,1.0
29,natural,within_family,peroxiredoxin,1.0
29,natural,within_family,phosphodiesterase,1.0
29,natural,within_family,rab_gtpase,1.0
29,natural,within_family,ras_gtpases,1.0
29,natural,within_family,rho_gtpase,1.0
29,natural,within_family,serine_protease,1.0
29,natural,within_family,serotonin_receptor,1.0
29,natural,within_family,steap_metalloreductase,1.0
29,natural,within_family,sulfotransferase,1.0
29,natural,within_family,taste2_receptor,1.0
29,natural,within_family,udp_glucuronosyltransferase,1.0
29,gc_match,within_family,adam_metallopeptidase,0.5899079989180838
29,gc_match,within_family,adamts_metallopeptidase,0.584881747127524
29,gc_match,within_family,adrenoceptor,0.4552120740700412
29,gc_match,within_family,alcohol_dehydrogenase,0.2361691784151677
29,gc_match,within_family,aldehyde_dehydrogenase,0.4949297058464291
29,gc_match,within_family,aldo_keto_reductase,0.5095438689296933
29,gc_match,within_family,alkaline_phosphatase,0.4257937624810689
29,gc_match,within_family,arachidonate_lipoxygenase,0.6596317588385265
29,gc_match,within_family,arf_gtpase,0.3324447249732474
29,gc_match,within_family,carbonic_anhydrase,0.2389271263705979
29,gc_match,within_family,cxc_chemokine_receptor,0.495285333176955
29,gc_match,within_family,cytochrome_p450,0.5137828616089445
29,gc_match,within_family,dopamine_receptor,0.3821170566507745
29,gc_match,within_family,ectonucleotide_pyrophosphatase,0.4957894686055359
29,gc_match,within_family,ferritin,0.5616100554486976
29,gc_match,within_family,flavin_monooxygenase,0.3317041046435087
29,gc_match,within_family,globins,0.5697970005253583
29,gc_match,within_family,glutamate_metabotropic,0.4363370078027572
29,gc_match,within_family,glutaredoxin,0.586412767534422
29,gc_match,within_family,glutathione_peroxidase,0.4010543854536945
29,gc_match,within_family,glutathione_s_transferase,0.2978714083211958
29,gc_match,within_family,guanylate_binding_protein,0.392490118577075
29,gc_match,within_family,heme_oxygenase,0.4997408252125233
29,gc_match,within_family,histamine_receptor,0.5062188614707281
29,gc_match,within_family,histone_deacetylase_classI,0.4672944037346058
29,gc_match,within_family,histone_h4,0.8221532091097309
29,gc_match,within_family,hox,0.3319833207471409
29,gc_match,within_family,m14_carboxypeptidase,0.4227604681510153
29,gc_match,within_family,matrix_metalloproteinase,0.5318896329182127
29,gc_match,within_family,metallothionein,0.0347341239919524
29,gc_match,within_family,muscarinic_receptor,0.5176265305804775
29,gc_match,within_family,nadph_oxidase,0.437730579402821
29,gc_match,within_family,nitric_oxide_synthase,0.5109222364545092
29,gc_match,within_family,olfactory_receptors,0.2723686271443646
29,gc_match,within_family,opsins,0.3859282727291539
29,gc_match,within_family,p2y_receptor,0.2765182005533268
29,gc_match,within_family,peroxidase,0.5542315355850762
29,gc_match,within_family,peroxiredoxin,0.3936606883090742
29,gc_match,within_family,phosphodiesterase,0.5061024419805487
29,gc_match,within_family,rab_gtpase,0.3626664439789659
29,gc_match,within_family,ras_gtpases,0.3245396629685482
29,gc_match,within_family,rho_gtpase,0.4109433831828259
29,gc_match,within_family,serine_protease,0.4311575584211878
29,gc_match,within_family,serotonin_receptor,0.2672453083708285
29,gc_match,within_family,steap_metalloreductase,0.5590947533279444
29,gc_match,within_family,sulfotransferase,0.4324710045538951
29,gc_match,within_family,taste2_receptor,0.2394371629407262
29,gc_match,within_family,udp_glucuronosyltransferase,0.2537116775084689
29,dinuc_shuffle,within_family,adam_metallopeptidase,0.5787673196354193
29,dinuc_shuffle,within_family,adamts_metallopeptidase,0.6464016870948326
29,dinuc_shuffle,within_family,adrenoceptor,0.5881262694598028
29,dinuc_shuffle,within_family,alcohol_dehydrogenase,0.3731092436974789
29,dinuc_shuffle,within_family,aldehyde_dehydrogenase,0.5832049066964043
29,dinuc_shuffle,within_family,aldo_keto_reductase,0.5756474685931763
29,dinuc_shuffle,within_family,alkaline_phosphatase,0.480727219117312
29,dinuc_shuffle,within_family,arachidonate_lipoxygenase,0.6964966999890696
29,dinuc_shuffle,within_family,arf_gtpase,0.4249691845581793
29,dinuc_shuffle,within_family,carbonic_anhydrase,0.2876128900512796
29,dinuc_shuffle,within_family,cxc_chemokine_receptor,0.7170505609079431
29,dinuc_shuffle,within_family,cytochrome_p450,0.6159143779440265
29,dinuc_shuffle,within_family,dopamine_receptor,0.4985031118151718
29,dinuc_shuffle,within_family,ectonucleotide_pyrophosphatase,0.5826959302035994
29,dinuc_shuffle,within_family,ferritin,0.5785146110186798
29,dinuc_shuffle,within_family,flavin_monooxygenase,0.4899557674014606
29,dinuc_shuffle,within_family,globins,0.7067529679344412
29,dinuc_shuffle,within_family,glutamate_metabotropic,0.4754549761018394
29,dinuc_shuffle,within_family,glutaredoxin,0.589027625399475
29,dinuc_shuffle,within_family,glutathione_peroxidase,0.5804239766166501
29,dinuc_shuffle,within_family,glutathione_s_transferase,0.3316527686261447
29,dinuc_shuffle,within_family,guanylate_binding_protein,0.5752964426877469
29,dinuc_shuffle,within_family,heme_oxygenase,0.595365954799917
29,dinuc_shuffle,within_family,histamine_receptor,0.6326239579795125
29,dinuc_shuffle,within_family,histone_deacetylase_classI,0.4815070606501303
29,dinuc_shuffle,within_family,histone_h4,0.9087593565854436
29,dinuc_shuffle,within_family,hox,0.4431887781998372
29,dinuc_shuffle,within_family,m14_carboxypeptidase,0.5463670045606872
29,dinuc_shuffle,within_family,matrix_metalloproteinase,0.5987103272126308
29,dinuc_shuffle,within_family,metallothionein,0.3061145316929107
29,dinuc_shuffle,within_family,muscarinic_receptor,0.626733115923195
29,dinuc_shuffle,within_family,nadph_oxidase,0.5663143511379855
29,dinuc_shuffle,within_family,nitric_oxide_synthase,0.6679507694910178
29,dinuc_shuffle,within_family,olfactory_receptors,0.4444870244446313
29,dinuc_shuffle,within_family,opsins,0.4612761010683806
29,dinuc_shuffle,within_family,p2y_receptor,0.447607659509207
29,dinuc_shuffle,within_family,peroxidase,0.8012155270909048
29,dinuc_shuffle,within_family,peroxiredoxin,0.3968836304053574
29,dinuc_shuffle,within_family,phosphodiesterase,0.5486799434052293
29,dinuc_shuffle,within_family,rab_gtpase,0.4169917789171573
29,dinuc_shuffle,within_family,ras_gtpases,0.4761565243725104
29,dinuc_shuffle,within_family,rho_gtpase,0.5274887183106308
29,dinuc_shuffle,within_family,serine_protease,0.5176561856769858
29,dinuc_shuffle,within_family,serotonin_receptor,0.5162342050942059
29,dinuc_shuffle,within_family,steap_metalloreductase,0.6456867579614928
29,dinuc_shuffle,within_family,sulfotransferase,0.4626620123037531
29,dinuc_shuffle,within_family,taste2_receptor,0.3694987001071612
29,dinuc_shuffle,within_family,udp_glucuronosyltransferase,0.3610017285150975
29,kmer4_shuffle,within_family,adam_metallopeptidase,0.5861897996971152
29,kmer4_shuffle,within_family,adamts_metallopeptidase,0.6507611378192374
29,kmer4_shuffle,within_family,adrenoceptor,0.5921482849342148
29,kmer4_shuffle,within_family,alcohol_dehydrogenase,0.1664282241822348
29,kmer4_shuffle,within_family,aldehyde_dehydrogenase,0.5540152530200585
29,kmer4_shuffle,within_family,aldo_keto_reductase,0.632295938950689
29,kmer4_shuffle,within_family,alkaline_phosphatase,0.5921957299666277
29,kmer4_shuffle,within_family,arachidonate_lipoxygenase,0.6821726914423261
29,kmer4_shuffle,within_family,arf_gtpase,0.4125789446460259
29,kmer4_shuffle,within_family,carbonic_anhydrase,0.2966169349276986
29,kmer4_shuffle,within_family,cxc_chemokine_receptor,0.5726882055717898
29,kmer4_shuffle,within_family,cytochrome_p450,0.5981596694849296
29,kmer4_shuffle,within_family,dopamine_receptor,0.5628432566463902
29,kmer4_shuffle,within_family,ectonucleotide_pyrophosphatase,0.5522427822203971
29,kmer4_shuffle,within_family,ferritin,0.6396355020628445
29,kmer4_shuffle,within_family,flavin_monooxygenase,0.4552421682985857
29,kmer4_shuffle,within_family,globins,0.6817720030988225
29,kmer4_shuffle,within_family,glutamate_metabotropic,0.5052797568287133
29,kmer4_shuffle,within_family,glutaredoxin,0.6167670650771102
29,kmer4_shuffle,within_family,glutathione_peroxidase,0.5576781106396493
29,kmer4_shuffle,within_family,glutathione_s_transferase,0.384382504211693
29,kmer4_shuffle,within_family,guanylate_binding_protein,0.5140974967061923
29,kmer4_shuffle,within_family,heme_oxygenase,0.6059921210864607
29,kmer4_shuffle,within_family,histamine_receptor,0.6052053341394219
29,kmer4_shuffle,within_family,histone_deacetylase_classI,0.4965200955973592
29,kmer4_shuffle,within_family,histone_h4,0.9428412167542602
29,kmer4_shuffle,within_family,hox,0.4153652935979227
29,kmer4_shuffle,within_family,m14_carboxypeptidase,0.5242737707409041
29,kmer4_shuffle,within_family,matrix_metalloproteinase,0.6361887983899766
29,kmer4_shuffle,within_family,metallothionein,0.2392983831611006
29,kmer4_shuffle,within_family,muscarinic_receptor,0.6877862187563681
29,kmer4_shuffle,within_family,nadph_oxidase,0.557279127738089
29,kmer4_shuffle,within_family,nitric_oxide_synthase,0.6480107255695677
29,kmer4_shuffle,within_family,olfactory_receptors,0.4706654133961219
29,kmer4_shuffle,within_family,opsins,0.446123240234301
29,kmer4_shuffle,within_family,p2y_receptor,0.4466097702720504
29,kmer4_shuffle,within_family,peroxidase,0.8028404209584841
29,kmer4_shuffle,within_family,peroxiredoxin,0.4581007256147021
29,kmer4_shuffle,within_family,phosphodiesterase,0.5397700688301414
29,kmer4_shuffle,within_family,rab_gtpase,0.4294733039267898
29,kmer4_shuffle,within_family,ras_gtpases,0.4315447365979265
29,kmer4_shuffle,within_family,rho_gtpase,0.5035599858330692
29,kmer4_shuffle,within_family,serine_protease,0.5249762011091716
29,kmer4_shuffle,within_family,serotonin_receptor,0.4638574381279408
29,kmer4_shuffle,within_family,steap_metalloreductase,0.6687551554540199
29,kmer4_shuffle,within_family,sulfotransferase,0.4525907078228234
29,kmer4_shuffle,within_family,taste2_receptor,0.380997610433563
29,kmer4_shuffle,within_family,udp_glucuronosyltransferase,0.5227585248975624
29,kmer6_shuffle,within_family,adam_metallopeptidase,0.6025457587761968
29,kmer6_shuffle,within_family,adamts_metallopeptidase,0.6532565020742684
29,kmer6_shuffle,within_family,adrenoceptor,0.6154174053363448
29,kmer6_shuffle,within_family,alcohol_dehydrogenase,0.2791999444405861
29,kmer6_shuffle,within_family,aldehyde_dehydrogenase,0.5691622995140018
29,kmer6_shuffle,within_family,aldo_keto_reductase,0.5996009565487974
29,kmer6_shuffle,within_family,alkaline_phosphatase,0.367194724779864
29,kmer6_shuffle,within_family,arachidonate_lipoxygenase,0.6700684446774775
29,kmer6_shuffle,within_family,arf_gtpase,0.4324404238513702
29,kmer6_shuffle,within_family,carbonic_anhydrase,0.2553819901848087
29,kmer6_shuffle,within_family,cxc_chemokine_receptor,0.6306329744111072
29,kmer6_shuffle,within_family,cytochrome_p450,0.5959814664154548
29,kmer6_shuffle,within_family,dopamine_receptor,0.5187417795069569
29,kmer6_shuffle,within_family,ectonucleotide_pyrophosphatase,0.5797254093306556
29,kmer6_shuffle,within_family,ferritin,0.5655018816725396
29,kmer6_shuffle,within_family,flavin_monooxygenase,0.5045953468922796
29,kmer6_shuffle,within_family,globins,0.6685245810124513
29,kmer6_shuffle,within_family,glutamate_metabotropic,0.4323030496642631
29,kmer6_shuffle,within_family,glutaredoxin,0.4887267060212249
29,kmer6_shuffle,within_family,glutathione_peroxidase,0.5738713456056785
29,kmer6_shuffle,within_family,glutathione_s_transferase,0.4003981007201447
29,kmer6_shuffle,within_family,guanylate_binding_protein,0.5880105401844532
29,kmer6_shuffle,within_family,heme_oxygenase,0.5725171055359733
29,kmer6_shuffle,within_family,histamine_receptor,0.5821579872795165
29,kmer6_shuffle,within_family,histone_deacetylase_classI,0.5269320306514131
29,kmer6_shuffle,within_family,histone_h4,0.91468386685778
29,kmer6_shuffle,within_family,hox,0.4403091202355534
29,kmer6_shuffle,within_family,m14_carboxypeptidase,0.5486829043306146
29,kmer6_shuffle,within_family,matrix_metalloproteinase,0.6452606907484898
29,kmer6_shuffle,within_family,metallothionein,0.0756586175209424
29,kmer6_shuffle,within_family,muscarinic_receptor,0.6841132335884511
29,kmer6_shuffle,within_family,nadph_oxidase,0.5643209281477222
29,kmer6_shuffle,within_family,nitric_oxide_synthase,0.6752804677941469
29,kmer6_shuffle,within_family,olfactory_receptors,0.473540344243225
29,kmer6_shuffle,within_family,opsins,0.4629304037906259
29,kmer6_shuffle,within_family,p2y_receptor,0.4625320581996424
29,kmer6_shuffle,within_family,peroxidase,0.7533558632494008
29,kmer6_shuffle,within_family,peroxiredoxin,0.4388369450557171
29,kmer6_shuffle,within_family,phosphodiesterase,0.5356234991178117
29,kmer6_shuffle,within_family,rab_gtpase,0.4137314906450128
29,kmer6_shuffle,within_family,ras_gtpases,0.4307002267783387
29,kmer6_shuffle,within_family,rho_gtpase,0.5471930323035966
29,kmer6_shuffle,within_family,serine_protease,0.5145535652070655
29,kmer6_shuffle,within_family,serotonin_receptor,0.583990283337787
29,kmer6_shuffle,within_family,steap_metalloreductase,0.6896351233183896
29,kmer6_shuffle,within_family,sulfotransferase,0.4293880084562437
29,kmer6_shuffle,within_family,taste2_receptor,0.433789437185623
29,kmer6_shuffle,within_family,udp_glucuronosyltransferase,0.4121420469014052
29,synonymous_recode,within_family,adam_metallopeptidase,0.5657212587683204
29,synonymous_recode,within_family,adamts_metallopeptidase,0.6157201497611582
29,synonymous_recode,within_family,adrenoceptor,0.5501655394971703
29,synonymous_recode,within_family,alcohol_dehydrogenase,0.2074310716021945
29,synonymous_recode,within_family,aldehyde_dehydrogenase,0.5711431347928662
29,synonymous_recode,within_family,aldo_keto_reductase,0.7039579492290371
29,synonymous_recode,within_family,alkaline_phosphatase,0.4888156219425569
29,synonymous_recode,within_family,arachidonate_lipoxygenase,0.5894183884462089
29,synonymous_recode,within_family,arf_gtpase,0.5619800268378877
29,synonymous_recode,within_family,carbonic_anhydrase,0.4153342103503353
29,synonymous_recode,within_family,cxc_chemokine_receptor,0.5436848212875934
29,synonymous_recode,within_family,cytochrome_p450,0.6019298978173128
29,synonymous_recode,within_family,dopamine_receptor,0.4873929058090068
29,synonymous_recode,within_family,ectonucleotide_pyrophosphatase,0.6844224613739216
29,synonymous_recode,within_family,ferritin,0.6398346402880232
29,synonymous_recode,within_family,flavin_monooxygenase,0.4456327268792489
29,synonymous_recode,within_family,globins,0.6922959264203641
29,synonymous_recode,within_family,glutamate_metabotropic,0.4552085024210033
29,synonymous_recode,within_family,glutaredoxin,0.6227473126722348
29,synonymous_recode,within_family,glutathione_peroxidase,0.5640018512183569
29,synonymous_recode,within_family,glutathione_s_transferase,0.4079603484679554
29,synonymous_recode,within_family,guanylate_binding_protein,0.6946640316205533
29,synonymous_recode,within_family,heme_oxygenase,0.6922973253161933
29,synonymous_recode,within_family,histamine_receptor,0.663556768967855
29,synonymous_recode,within_family,histone_deacetylase_classI,0.6299525031798364
29,synonymous_recode,within_family,histone_h4,0.0094760312151616
29,synonymous_recode,within_family,hox,0.4728338077875874
29,synonymous_recode,within_family,m14_carboxypeptidase,0.5376612576944187
29,synonymous_recode,within_family,matrix_metalloproteinase,0.5518302830774466
29,synonymous_recode,within_family,metallothionein,0.1245534409346899
29,synonymous_recode,within_family,muscarinic_receptor,0.2440803138694032
29,synonymous_recode,within_family,nadph_oxidase,0.4858550999550032
29,synonymous_recode,within_family,nitric_oxide_synthase,0.4593121199602901
29,synonymous_recode,within_family,olfactory_receptors,0.3679420542870651
29,synonymous_recode,within_family,opsins,0.4160717598567159
29,synonymous_recode,within_family,p2y_receptor,0.5213910930365622
29,synonymous_recode,within_family,peroxidase,0.5447097005345393
29,synonymous_recode,within_family,peroxiredoxin,0.5471365675126773
29,synonymous_recode,within_family,phosphodiesterase,0.5665812298764443
29,synonymous_recode,within_family,rab_gtpase,0.642025362187964
29,synonymous_recode,within_family,ras_gtpases,0.4802282359573959
29,synonymous_recode,within_family,rho_gtpase,0.5588593921494335
29,synonymous_recode,within_family,serine_protease,0.6054184522513705
29,synonymous_recode,within_family,serotonin_receptor,0.4622254127822631
29,synonymous_recode,within_family,steap_metalloreductase,0.3268535309428188
29,synonymous_recode,within_family,sulfotransferase,0.6831635587778171
29,synonymous_recode,within_family,taste2_receptor,0.4117990992219069
29,synonymous_recode,within_family,udp_glucuronosyltransferase,0.5820514156075653
29,missense_subset,within_family,adam_metallopeptidase,0.5087315326301006
29,missense_subset,within_family,adamts_metallopeptidase,0.6210151544581234
29,missense_subset,within_family,adrenoceptor,0.7333825301341085
29,missense_subset,within_family,alcohol_dehydrogenase,0.2265157302590457
29,missense_subset,within_family,aldehyde_dehydrogenase,0.5417098616153901
29,missense_subset,within_family,aldo_keto_reductase,0.5031805353642747
29,missense_subset,within_family,alkaline_phosphatase,0.4796248642997868
29,missense_subset,within_family,arachidonate_lipoxygenase,0.6869279405686793
29,missense_subset,within_family,arf_gtpase,0.4561397100331078
29,missense_subset,within_family,carbonic_anhydrase,0.3785987125809572
29,missense_subset,within_family,cxc_chemokine_receptor,0.7372649054381673
29,missense_subset,within_family,cytochrome_p450,0.5737380651791979
29,missense_subset,within_family,dopamine_receptor,0.5827297748797229
29,missense_subset,within_family,ectonucleotide_pyrophosphatase,0.5520044739505255
29,missense_subset,within_family,ferritin,0.8229306886247132
29,missense_subset,within_family,flavin_monooxygenase,0.3959170488435801
29,missense_subset,within_family,globins,0.6537105225068692
29,missense_subset,within_family,glutamate_metabotropic,0.5596501440197668
29,missense_subset,within_family,glutaredoxin,0.5878357858316395
29,missense_subset,within_family,glutathione_peroxidase,0.4345880588493166
29,missense_subset,within_family,glutathione_s_transferase,0.2553035516260581
29,missense_subset,within_family,guanylate_binding_protein,0.3405797101449275
29,missense_subset,within_family,heme_oxygenase,0.7226207754509641
29,missense_subset,within_family,histamine_receptor,0.682110049482066
29,missense_subset,within_family,histone_deacetylase_classI,0.4477276253979467
29,missense_subset,within_family,histone_h4,0.6734352603917823
29,missense_subset,within_family,hox,0.4675532320446369
29,missense_subset,within_family,m14_carboxypeptidase,0.5041954097298886
29,missense_subset,within_family,matrix_metalloproteinase,0.4994572355512603
29,missense_subset,within_family,metallothionein,0.0621303109217423
29,missense_subset,within_family,muscarinic_receptor,0.6471770742183385
29,missense_subset,within_family,nadph_oxidase,0.468091063033654
29,missense_subset,within_family,nitric_oxide_synthase,0.6079576117105456
29,missense_subset,within_family,olfactory_receptors,0.4810814957196056
29,missense_subset,within_family,opsins,0.5602947261078607
29,missense_subset,within_family,p2y_receptor,0.4205756214597297
29,missense_subset,within_family,peroxidase,0.6963663880916906
29,missense_subset,within_family,peroxiredoxin,0.6057511710670467
29,missense_subset,within_family,phosphodiesterase,0.5249447586824583
29,missense_subset,within_family,rab_gtpase,0.4953851887081348
29,missense_subset,within_family,ras_gtpases,0.4010198950133211
29,missense_subset,within_family,rho_gtpase,0.4603382464544154
29,missense_subset,within_family,serine_protease,0.5546969321649847
29,missense_subset,within_family,serotonin_receptor,0.5346111168430677
29,missense_subset,within_family,steap_metalloreductase,0.5814477147452701
29,missense_subset,within_family,sulfotransferase,0.5151360864366333
29,missense_subset,within_family,taste2_receptor,0.1984756978275625
29,missense_subset,within_family,udp_glucuronosyltransferase,0.5149761557515569
29,paired_p3_syn,within_family,adam_metallopeptidase,0.6920026061277128
29,paired_p3_syn,within_family,adamts_metallopeptidase,0.7834518320596534
29,paired_p3_syn,within_family,adrenoceptor,0.5791759814138508
29,paired_p3_syn,within_family,alcohol_dehydrogenase,0.551684144732273
29,paired_p3_syn,within_family,aldehyde_dehydrogenase,0.696232209927022
29,paired_p3_syn,within_family,aldo_keto_reductase,0.7645431533159222
29,paired_p3_syn,within_family,alkaline_phosphatase,0.2016840228914532
29,paired_p3_syn,within_family,arachidonate_lipoxygenase,0.6588862020867096
29,paired_p3_syn,within_family,arf_gtpase,0.7053608256879527
29,paired_p3_syn,within_family,carbonic_anhydrase,0.5778980725797683
29,paired_p3_syn,within_family,cxc_chemokine_receptor,0.6783593200031467
29,paired_p3_syn,within_family,cytochrome_p450,0.6796078177895858
29,paired_p3_syn,within_family,dopamine_receptor,0.6478647143911964
29,paired_p3_syn,within_family,ectonucleotide_pyrophosphatase,0.7749986867426216
29,paired_p3_syn,within_family,ferritin,0.6636643446455117
29,paired_p3_syn,within_family,flavin_monooxygenase,0.4881073121901991
29,paired_p3_syn,within_family,globins,0.7889370113250208
29,paired_p3_syn,within_family,glutamate_metabotropic,0.5994064834184156
29,paired_p3_syn,within_family,glutaredoxin,0.8921814828656893
29,paired_p3_syn,within_family,glutathione_peroxidase,0.4936051884575844
29,paired_p3_syn,within_family,glutathione_s_transferase,0.4883701027278991
29,paired_p3_syn,within_family,guanylate_binding_protein,0.6951251646903821
29,paired_p3_syn,within_family,heme_oxygenase,0.8853514410118183
29,paired_p3_syn,within_family,histamine_receptor,0.8879836143617359
29,paired_p3_syn,within_family,histone_deacetylase_classI,0.7963790203480241
29,paired_p3_syn,within_family,histone_h4,0.7952699474438606
29,paired_p3_syn,within_family,hox,0.6548569357657444
29,paired_p3_syn,within_family,m14_carboxypeptidase,0.6641060608087469
29,paired_p3_syn,within_family,matrix_metalloproteinase,0.7342736808028906
29,paired_p3_syn,within_family,metallothionein,0.6821126545848772
29,paired_p3_syn,within_family,muscarinic_receptor,0.6654073449807347
29,paired_p3_syn,within_family,nadph_oxidase,0.5060164053631588
29,paired_p3_syn,within_family,nitric_oxide_synthase,0.6334015144108961
29,paired_p3_syn,within_family,olfactory_receptors,0.7112136188348828
29,paired_p3_syn,within_family,opsins,0.5226578015133696
29,paired_p3_syn,within_family,p2y_receptor,0.6611370357367603
29,paired_p3_syn,within_family,peroxidase,0.6924056111699132
29,paired_p3_syn,within_family,peroxiredoxin,0.7174894659159585
29,paired_p3_syn,within_family,phosphodiesterase,0.6708803644140123
29,paired_p3_syn,within_family,rab_gtpase,0.7888485381679372
29,paired_p3_syn,within_family,ras_gtpases,0.6629690864803148
29,paired_p3_syn,within_family,rho_gtpase,0.6290343218420972
29,paired_p3_syn,within_family,serine_protease,0.687922087235711
29,paired_p3_syn,within_family,serotonin_receptor,0.7391289369975922
29,paired_p3_syn,within_family,steap_metalloreductase,0.5368635345185077
29,paired_p3_syn,within_family,sulfotransferase,0.662457037740151
29,paired_p3_syn,within_family,taste2_receptor,0.6625747453998186
29,paired_p3_syn,within_family,udp_glucuronosyltransferase,0.6575311942959002
29,paired_p3_missense,within_family,adam_metallopeptidase,0.6384010826222355
29,paired_p3_missense,within_family,adamts_metallopeptidase,0.6931194805497264
29,paired_p3_missense,within_family,adrenoceptor,0.7558916590620746
29,paired_p3_missense,within_family,alcohol_dehydrogenase,0.5522605736509479
29,paired_p3_missense,within_family,aldehyde_dehydrogenase,0.5779268645350416
29,paired_p3_missense,within_family,aldo_keto_reductase,0.572266819904867
29,paired_p3_missense,within_family,alkaline_phosphatase,0.611850481819522
29,paired_p3_missense,within_family,arachidonate_lipoxygenase,0.7117787878458834
29,paired_p3_missense,within_family,arf_gtpase,0.5651469580941328
29,paired_p3_missense,within_family,carbonic_anhydrase,0.3602234216631705
29,paired_p3_missense,within_family,cxc_chemokine_receptor,0.6731101158237561
29,paired_p3_missense,within_family,cytochrome_p450,0.6383573748881655
29,paired_p3_missense,within_family,dopamine_receptor,0.5678637465357295
29,paired_p3_missense,within_family,ectonucleotide_pyrophosphatase,0.5678332150703572
29,paired_p3_missense,within_family,ferritin,0.6439836804286931
29,paired_p3_missense,within_family,flavin_monooxygenase,0.4574515439707872
29,paired_p3_missense,within_family,globins,0.7456923703651935
29,paired_p3_missense,within_family,glutamate_metabotropic,0.5854821282562472
29,paired_p3_missense,within_family,glutaredoxin,0.7661251894843465
29,paired_p3_missense,within_family,glutathione_peroxidase,0.522304029934668
29,paired_p3_missense,within_family,glutathione_s_transferase,0.3702261541292174
29,paired_p3_missense,within_family,guanylate_binding_protein,0.3706851119894597
29,paired_p3_missense,within_family,heme_oxygenase,0.8137155297532657
29,paired_p3_missense,within_family,histamine_receptor,0.7067867010102977
29,paired_p3_missense,within_family,histone_deacetylase_classI,0.6004273460697052
29,paired_p3_missense,within_family,histone_h4,0.6843127886606147
29,paired_p3_missense,within_family,hox,0.5497888310503901
29,paired_p3_missense,within_family,m14_carboxypeptidase,0.5777699512177485
29,paired_p3_missense,within_family,matrix_metalloproteinase,0.6390734873937114
29,paired_p3_missense,within_family,metallothionein,0.1650554632718789
29,paired_p3_missense,within_family,muscarinic_receptor,0.6943122775451773
29,paired_p3_missense,within_family,nadph_oxidase,0.5750185099999098
29,paired_p3_missense,within_family,nitric_oxide_synthase,0.6718826577426222
29,paired_p3_missense,within_family,olfactory_receptors,0.6172303703296703
29,paired_p3_missense,within_family,opsins,0.5737664261815508
29,paired_p3_missense,within_family,p2y_receptor,0.5036414629891922
29,paired_p3_missense,within_family,peroxidase,0.7288165421056181
29,paired_p3_missense,within_family,peroxiredoxin,0.4832843969699725
29,paired_p3_missense,within_family,phosphodiesterase,0.6443096188459384
29,paired_p3_missense,within_family,rab_gtpase,0.6130791563243564
29,paired_p3_missense,within_family,ras_gtpases,0.5736529041078692
29,paired_p3_missense,within_family,rho_gtpase,0.5906786709592515
29,paired_p3_missense,within_family,serine_protease,0.6053248003580366
29,paired_p3_missense,within_family,serotonin_receptor,0.5304207962458278
29,paired_p3_missense,within_family,steap_metalloreductase,0.8228307339548202
29,paired_p3_missense,within_family,sulfotransferase,0.5304907927334088
29,paired_p3_missense,within_family,taste2_receptor,0.3589697024331091
29,paired_p3_missense,within_family,udp_glucuronosyltransferase,0.612486785347748
30,natural,within_family,adam_metallopeptidase,1.0
30,natural,within_family,adamts_metallopeptidase,1.0
30,natural,within_family,adrenoceptor,1.0
30,natural,within_family,alcohol_dehydrogenase,1.0
30,natural,within_family,aldehyde_dehydrogenase,1.0
30,natural,within_family,aldo_keto_reductase,1.0
30,natural,within_family,alkaline_phosphatase,1.0
30,natural,within_family,arachidonate_lipoxygenase,1.0
30,natural,within_family,arf_gtpase,1.0
30,natural,within_family,carbonic_anhydrase,1.0
30,natural,within_family,cxc_chemokine_receptor,1.0
30,natural,within_family,cytochrome_p450,1.0
30,natural,within_family,dopamine_receptor,1.0
30,natural,within_family,ectonucleotide_pyrophosphatase,1.0
30,natural,within_family,ferritin,1.0
30,natural,within_family,flavin_monooxygenase,1.0
30,natural,within_family,globins,1.0
30,natural,within_family,glutamate_metabotropic,1.0
30,natural,within_family,glutaredoxin,1.0
30,natural,within_family,glutathione_peroxidase,1.0
30,natural,within_family,glutathione_s_transferase,1.0
30,natural,within_family,guanylate_binding_protein,1.0
30,natural,within_family,heme_oxygenase,1.0
30,natural,within_family,histamine_receptor,1.0
30,natural,within_family,histone_deacetylase_classI,1.0
30,natural,within_family,histone_h4,1.0
30,natural,within_family,hox,1.0
30,natural,within_family,m14_carboxypeptidase,1.0
30,natural,within_family,matrix_metalloproteinase,1.0
30,natural,within_family,metallothionein,1.0
30,natural,within_family,muscarinic_receptor,1.0
30,natural,within_family,nadph_oxidase,1.0
30,natural,within_family,nitric_oxide_synthase,1.0
30,natural,within_family,olfactory_receptors,1.0
30,natural,within_family,opsins,1.0
30,natural,within_family,p2y_receptor,1.0
30,natural,within_family,peroxidase,1.0
30,natural,within_family,peroxiredoxin,1.0
30,natural,within_family,phosphodiesterase,1.0
30,natural,within_family,rab_gtpase,1.0
30,natural,within_family,ras_gtpases,1.0
30,natural,within_family,rho_gtpase,1.0
30,natural,within_family,serine_protease,1.0
30,natural,within_family,serotonin_receptor,1.0
30,natural,within_family,steap_metalloreductase,1.0
30,natural,within_family,sulfotransferase,1.0
30,natural,within_family,taste2_receptor,1.0
30,natural,within_family,udp_glucuronosyltransferase,1.0
30,gc_match,within_family,adam_metallopeptidase,0.5912234174914188
30,gc_match,within_family,adamts_metallopeptidase,0.6432023367302576
30,gc_match,within_family,adrenoceptor,0.5228529654783072
30,gc_match,within_family,alcohol_dehydrogenase,0.2598722133481491
30,gc_match,within_family,aldehyde_dehydrogenase,0.5030091931639645
30,gc_match,within_family,aldo_keto_reductase,0.595074286923704
30,gc_match,within_family,alkaline_phosphatase,0.3767574015252033
30,gc_match,within_family,arachidonate_lipoxygenase,0.702181298898278
30,gc_match,within_family,arf_gtpase,0.3141472948195628
30,gc_match,within_family,carbonic_anhydrase,0.2666072136959861
30,gc_match,within_family,cxc_chemokine_receptor,0.4794103321001235
30,gc_match,within_family,cytochrome_p450,0.5215622009782692
30,gc_match,within_family,dopamine_receptor,0.3753336967793989
30,gc_match,within_family,ectonucleotide_pyrophosphatase,0.6467845098302607
30,gc_match,within_family,ferritin,0.4961459682687303
30,gc_match,within_family,flavin_monooxygenase,0.3280426125681635
30,gc_match,within_family,globins,0.57605222808852
30,gc_match,within_family,glutamate_metabotropic,0.4443820746185953
30,gc_match,within_family,glutaredoxin,0.5832656589246358
30,gc_match,within_family,glutathione_peroxidase,0.3935025069037358
30,gc_match,within_family,glutathione_s_transferase,0.3864512550888781
30,gc_match,within_family,guanylate_binding_protein,0.3303030303030302
30,gc_match,within_family,heme_oxygenase,0.6324486833920796
30,gc_match,within_family,histamine_receptor,0.457640948075825
30,gc_match,within_family,histone_deacetylase_classI,0.4320584856887459
30,gc_match,within_family,histone_h4,0.7245261984392419
30,gc_match,within_family,hox,0.3240505648596983
30,gc_match,within_family,m14_carboxypeptidase,0.4999847815575386
30,gc_match,within_family,matrix_metalloproteinase,0.5762691508163736
30,gc_match,within_family,metallothionein,0.2487033883789966
30,gc_match,within_family,muscarinic_receptor,0.5010709578242901
30,gc_match,within_family,nadph_oxidase,0.4750418425194986
30,gc_match,within_family,nitric_oxide_synthase,0.4741255562589068
30,gc_match,within_family,olfactory_receptors,0.3088075863986586
30,gc_match,within_family,opsins,0.4435040685004083
30,gc_match,within_family,p2y_receptor,0.41347747733461
30,gc_match,within_family,peroxidase,0.5580518838715831
30,gc_match,within_family,peroxiredoxin,0.3849061876981531
30,gc_match,within_family,phosphodiesterase,0.5518800765413302
30,gc_match,within_family,rab_gtpase,0.369773787579782
30,gc_match,within_family,ras_gtpases,0.3079545530909283
30,gc_match,within_family,rho_gtpase,0.4149287688643648
30,gc_match,within_family,serine_protease,0.4676181827141291
30,gc_match,within_family,serotonin_receptor,0.3316968404321249
30,gc_match,within_family,steap_metalloreductase,0.4978417988228487
30,gc_match,within_family,sulfotransferase,0.4897088887346473
30,gc_match,within_family,taste2_receptor,0.3519052584240507
30,gc_match,within_family,udp_glucuronosyltransferase,0.2825200052472779
30,dinuc_shuffle,within_family,adam_metallopeptidase,0.6361792327268245
30,dinuc_shuffle,within_family,adamts_metallopeptidase,0.6921965933340354
30,dinuc_shuffle,within_family,adrenoceptor,0.6309276400397321
30,dinuc_shuffle,within_family,alcohol_dehydrogenase,0.377074796860893
30,dinuc_shuffle,within_family,aldehyde_dehydrogenase,0.6077709471738084
30,dinuc_shuffle,within_family,aldo_keto_reductase,0.6601263200598442
30,dinuc_shuffle,within_family,alkaline_phosphatase,0.53824065511372
30,dinuc_shuffle,within_family,arachidonate_lipoxygenase,0.7794518409643456
30,dinuc_shuffle,within_family,arf_gtpase,0.4307289273521384
30,dinuc_shuffle,within_family,carbonic_anhydrase,0.3438937050314071
30,dinuc_shuffle,within_family,cxc_chemokine_receptor,0.7051257263868235
30,dinuc_shuffle,within_family,cytochrome_p450,0.6556770751684154
30,dinuc_shuffle,within_family,dopamine_receptor,0.5510941399589102
30,dinuc_shuffle,within_family,ectonucleotide_pyrophosphatase,0.7305620738182312
30,dinuc_shuffle,within_family,ferritin,0.7595082086014426
30,dinuc_shuffle,within_family,flavin_monooxygenase,0.5884525222644739
30,dinuc_shuffle,within_family,globins,0.7149042845412258
30,dinuc_shuffle,within_family,glutamate_metabotropic,0.4211158028313941
30,dinuc_shuffle,within_family,glutaredoxin,0.6178881444137373
30,dinuc_shuffle,within_family,glutathione_peroxidase,0.613857121706404
30,dinuc_shuffle,within_family,glutathione_s_transferase,0.393160387480738
30,dinuc_shuffle,within_family,guanylate_binding_protein,0.5637022397891963
30,dinuc_shuffle,within_family,heme_oxygenase,0.7493157785610615
30,dinuc_shuffle,within_family,histamine_receptor,0.6947540754313624
30,dinuc_shuffle,within_family,histone_deacetylase_classI,0.4364300008117241
30,dinuc_shuffle,within_family,histone_h4,0.9120242076763816
30,dinuc_shuffle,within_family,hox,0.4588998706774309
30,dinuc_shuffle,within_family,m14_carboxypeptidase,0.6430525555434868
30,dinuc_shuffle,within_family,matrix_metalloproteinase,0.6597225719928149
30,dinuc_shuffle,within_family,metallothionein,0.3323215208555747
30,dinuc_shuffle,within_family,muscarinic_receptor,0.7188128914433887
30,dinuc_shuffle,within_family,nadph_oxidase,0.6608248693516138
30,dinuc_shuffle,within_family,nitric_oxide_synthase,0.6124429793643217
30,dinuc_shuffle,within_family,olfactory_receptors,0.50497984857687
30,dinuc_shuffle,within_family,opsins,0.576432435615362
30,dinuc_shuffle,within_family,p2y_receptor,0.5566384399131926
30,dinuc_shuffle,within_family,peroxidase,0.822449161276117
30,dinuc_shuffle,within_family,peroxiredoxin,0.365021958868243
30,dinuc_shuffle,within_family,phosphodiesterase,0.6074017400292233
30,dinuc_shuffle,within_family,rab_gtpase,0.4411486948304594
30,dinuc_shuffle,within_family,ras_gtpases,0.4600823524674575
30,dinuc_shuffle,within_family,rho_gtpase,0.5330771083502854
30,dinuc_shuffle,within_family,serine_protease,0.5788536212993771
30,dinuc_shuffle,within_family,serotonin_receptor,0.5901618739639141
30,dinuc_shuffle,within_family,steap_metalloreductase,0.5771527841890628
30,dinuc_shuffle,within_family,sulfotransferase,0.5723960444380761
30,dinuc_shuffle,within_family,taste2_receptor,0.513055269880575
30,dinuc_shuffle,within_family,udp_glucuronosyltransferase,0.4744764296903334
30,kmer4_shuffle,within_family,adam_metallopeptidase,0.6435213467327677
30,kmer4_shuffle,within_family,adamts_metallopeptidase,0.6996978101328828
30,kmer4_shuffle,within_family,adrenoceptor,0.612484888477866
30,kmer4_shuffle,within_family,alcohol_dehydrogenase,0.0369817348426974
30,kmer4_shuffle,within_family,aldehyde_dehydrogenase,0.5909686021620858
30,kmer4_shuffle,within_family,aldo_keto_reductase,0.708447544036789
30,kmer4_shuffle,within_family,alkaline_phosphatase,0.6462881803439078
30,kmer4_shuffle,within_family,arachidonate_lipoxygenase,0.7561221125735592
30,kmer4_shuffle,within_family,arf_gtpase,0.3967998463837014
30,kmer4_shuffle,within_family,carbonic_anhydrase,0.3957822160558488
30,kmer4_shuffle,within_family,cxc_chemokine_receptor,0.6065624726225358
30,kmer4_shuffle,within_family,cytochrome_p450,0.640069106451354
30,kmer4_shuffle,within_family,dopamine_receptor,0.6003111235298535
30,kmer4_shuffle,within_family,ectonucleotide_pyrophosphatase,0.6681870213574087
30,kmer4_shuffle,within_family,ferritin,0.7103745630483598
30,kmer4_shuffle,within_family,flavin_monooxygenase,0.5168381431567994
30,kmer4_shuffle,within_family,globins,0.7048770822637055
30,kmer4_shuffle,within_family,glutamate_metabotropic,0.4880827290855957
30,kmer4_shuffle,within_family,glutaredoxin,0.6299490118298717
30,kmer4_shuffle,within_family,glutathione_peroxidase,0.5722293149547087
30,kmer4_shuffle,within_family,glutathione_s_transferase,0.4345804176323175
30,kmer4_shuffle,within_family,guanylate_binding_protein,0.4188405797101449
30,kmer4_shuffle,within_family,heme_oxygenase,0.7538668878291519
30,kmer4_shuffle,within_family,histamine_receptor,0.6566212056400459
30,kmer4_shuffle,within_family,histone_deacetylase_classI,0.459315722905298
30,kmer4_shuffle,within_family,histone_h4,0.8574773053033924
30,kmer4_shuffle,within_family,hox,0.4358854759967435
30,kmer4_shuffle,within_family,m14_carboxypeptidase,0.5983882770761262
30,kmer4_shuffle,within_family,matrix_metalloproteinase,0.6809884503034652
30,kmer4_shuffle,within_family,metallothionein,0.3067763429481643
30,kmer4_shuffle,within_family,muscarinic_receptor,0.7426358103058159
30,kmer4_shuffle,within_family,nadph_oxidase,0.632520699082444
30,kmer4_shuffle,within_family,nitric_oxide_synthase,0.5756433285241419
30,kmer4_shuffle,within_family,olfactory_receptors,0.535223313700562
30,kmer4_shuffle,within_family,opsins,0.6101608720847219
30,kmer4_shuffle,within_family,p2y_receptor,0.6006203641282737
30,kmer4_shuffle,within_family,peroxidase,0.8047403850651564
30,kmer4_shuffle,within_family,peroxiredoxin,0.4284818498392692
30,kmer4_shuffle,within_family,phosphodiesterase,0.6345446267511662
30,kmer4_shuffle,within_family,rab_gtpase,0.4442402407274105
30,kmer4_shuffle,within_family,ras_gtpases,0.4535869620291036
30,kmer4_shuffle,within_family,rho_gtpase,0.5002885470717203
30,kmer4_shuffle,within_family,serine_protease,0.568852958104198
30,kmer4_shuffle,within_family,serotonin_receptor,0.5036848381757519
30,kmer4_shuffle,within_family,steap_metalloreductase,0.5726478388795092
30,kmer4_shuffle,within_family,sulfotransferase,0.5498176117439104
30,kmer4_shuffle,within_family,taste2_receptor,0.5036477138466464
30,kmer4_shuffle,within_family,udp_glucuronosyltransferase,0.4257247802702347
30,kmer6_shuffle,within_family,adam_metallopeptidase,0.6540512263369492
30,kmer6_shuffle,within_family,adamts_metallopeptidase,0.696257843773459
30,kmer6_shuffle,within_family,adrenoceptor,0.705606521315405
30,kmer6_shuffle,within_family,alcohol_dehydrogenase,0.2250503507187999
30,kmer6_shuffle,within_family,aldehyde_dehydrogenase,0.5864116165310628
30,kmer6_shuffle,within_family,aldo_keto_reductase,0.6741176337469934
30,kmer6_shuffle,within_family,alkaline_phosphatase,0.498998163858845
30,kmer6_shuffle,within_family,arachidonate_lipoxygenase,0.7683545340313183
30,kmer6_shuffle,within_family,arf_gtpase,0.4385510712538574
30,kmer6_shuffle,within_family,carbonic_anhydrase,0.3585983029582045
30,kmer6_shuffle,within_family,cxc_chemokine_receptor,0.663977956287069
30,kmer6_shuffle,within_family,cytochrome_p450,0.6341262245670339
30,kmer6_shuffle,within_family,dopamine_receptor,0.566655217023459
30,kmer6_shuffle,within_family,ectonucleotide_pyrophosphatase,0.7096165314817743
30,kmer6_shuffle,within_family,ferritin,0.6696067359750223
30,kmer6_shuffle,within_family,flavin_monooxygenase,0.59122595082142
30,kmer6_shuffle,within_family,globins,0.7037954011089745
30,kmer6_shuffle,within_family,glutamate_metabotropic,0.4362484709217387
30,kmer6_shuffle,within_family,glutaredoxin,0.5597277540860637
30,kmer6_shuffle,within_family,glutathione_peroxidase,0.584766360682141
30,kmer6_shuffle,within_family,glutathione_s_transferase,0.4483722918969848
30,kmer6_shuffle,within_family,guanylate_binding_protein,0.5194334650856389
30,kmer6_shuffle,within_family,heme_oxygenase,0.7434687953555877
30,kmer6_shuffle,within_family,histamine_receptor,0.6731021492074204
30,kmer6_shuffle,within_family,histone_deacetylase_classI,0.4726699525491894
30,kmer6_shuffle,within_family,histone_h4,0.8021818760949196
30,kmer6_shuffle,within_family,hox,0.4445303004920415
30,kmer6_shuffle,within_family,m14_carboxypeptidase,0.6175267489418079
30,kmer6_shuffle,within_family,matrix_metalloproteinase,0.6940740233998264
30,kmer6_shuffle,within_family,metallothionein,0.1250786984155567
30,kmer6_shuffle,within_family,muscarinic_receptor,0.7262256754694301
30,kmer6_shuffle,within_family,nadph_oxidase,0.6274150119035468
30,kmer6_shuffle,within_family,nitric_oxide_synthase,0.6576608019001127
30,kmer6_shuffle,within_family,olfactory_receptors,0.5536350650268214
30,kmer6_shuffle,within_family,opsins,0.5813752894458376
30,kmer6_shuffle,within_family,p2y_receptor,0.6206191549186463
30,kmer6_shuffle,within_family,peroxidase,0.7610891774679878
30,kmer6_shuffle,within_family,peroxiredoxin,0.4437937870619572
30,kmer6_shuffle,within_family,phosphodiesterase,0.6255733056217475
30,kmer6_shuffle,within_family,rab_gtpase,0.4442536386191401
30,kmer6_shuffle,within_family,ras_gtpases,0.4543508394856407
30,kmer6_shuffle,within_family,rho_gtpase,0.5438028230321229
30,kmer6_shuffle,within_family,serine_protease,0.5847124950937117
30,kmer6_shuffle,within_family,serotonin_receptor,0.6519055563090987
30,kmer6_shuffle,within_family,steap_metalloreductase,0.6248216030064299
30,kmer6_shuffle,within_family,sulfotransferase,0.5576973887939228
30,kmer6_shuffle,within_family,taste2_receptor,0.5635536073061904
30,kmer6_shuffle,within_family,udp_glucuronosyltransferase,0.4980976688195939
30,synonymous_recode,within_family,adam_metallopeptidase,0.6748596751380708
30,synonymous_recode,within_family,adamts_metallopeptidase,0.6707801357138847
30,synonymous_recode,within_family,adrenoceptor,0.4559185705725839
30,synonymous_recode,within_family,alcohol_dehydrogenase,0.4335995555246891
30,synonymous_recode,within_family,aldehyde_dehydrogenase,0.6624751366847883
30,synonymous_recode,within_family,aldo_keto_reductase,0.8060512669259233
30,synonymous_recode,within_family,alkaline_phosphatase,0.5829413104954899
30,synonymous_recode,within_family,arachidonate_lipoxygenase,0.6776807220869329
30,synonymous_recode,within_family,arf_gtpase,0.5751762515362088
30,synonymous_recode,within_family,carbonic_anhydrase,0.450646382204327
30,synonymous_recode,within_family,cxc_chemokine_receptor,0.4132930977506748
30,synonymous_recode,within_family,cytochrome_p450,0.6912560995851451
30,synonymous_recode,within_family,dopamine_receptor,0.3409624940583721
30,synonymous_recode,within_family,ectonucleotide_pyrophosphatase,0.6767673066913008
30,synonymous_recode,within_family,ferritin,0.5492817536644552
30,synonymous_recode,within_family,flavin_monooxygenase,0.5464672256274895
30,synonymous_recode,within_family,globins,0.7609500575716073
30,synonymous_recode,within_family,glutamate_metabotropic,0.4482490188967888
30,synonymous_recode,within_family,glutaredoxin,0.7129318044091901
30,synonymous_recode,within_family,glutathione_peroxidase,0.5724760422181846
30,synonymous_recode,within_family,glutathione_s_transferase,0.6285280156757079
30,synonymous_recode,within_family,guanylate_binding_protein,0.6191040843214756
30,synonymous_recode,within_family,heme_oxygenase,0.4516276176653535
30,synonymous_recode,within_family,histamine_receptor,0.587934791464089
30,synonymous_recode,within_family,histone_deacetylase_classI,0.7090938632010972
30,synonymous_recode,within_family,histone_h4,-0.020703933747412
30,synonymous_recode,within_family,hox,0.4332833759990752
30,synonymous_recode,within_family,m14_carboxypeptidase,0.5622973640204467
30,synonymous_recode,within_family,matrix_metalloproteinase,0.6188860929795003
30,synonymous_recode,within_family,metallothionein,0.1798017697007526
30,synonymous_recode,within_family,muscarinic_receptor,0.2282712351323174
30,synonymous_recode,within_family,nadph_oxidase,0.510802706936115
30,synonymous_recode,within_family,nitric_oxide_synthase,0.4212714307185758
30,synonymous_recode,within_family,olfactory_receptors,0.2530423865901934
30,synonymous_recode,within_family,opsins,0.5196610603013337
30,synonymous_recode,within_family,p2y_receptor,0.3427542079334887
30,synonymous_recode,within_family,peroxidase,0.6482405489614339
30,synonymous_recode,within_family,peroxiredoxin,0.6904917573949318
30,synonymous_recode,within_family,phosphodiesterase,0.6651676190896563
30,synonymous_recode,within_family,rab_gtpase,0.6364932964464068
30,synonymous_recode,within_family,ras_gtpases,0.5152128753836059
30,synonymous_recode,within_family,rho_gtpase,0.5764469639007797
30,synonymous_recode,within_family,serine_protease,0.5731618478418914
30,synonymous_recode,within_family,serotonin_receptor,0.4317270480276164
30,synonymous_recode,within_family,steap_metalloreductase,0.5202286532995253
30,synonymous_recode,within_family,sulfotransferase,0.7641454413581034
30,synonymous_recode,within_family,taste2_receptor,0.3588219105231213
30,synonymous_recode,within_family,udp_glucuronosyltransferase,0.6913298377202121
30,missense_subset,within_family,adam_metallopeptidase,0.7080348474724829
30,missense_subset,within_family,adamts_metallopeptidase,0.7816791638650366
30,missense_subset,within_family,adrenoceptor,0.7726816106286385
30,missense_subset,within_family,alcohol_dehydrogenase,0.5740815334398222
30,missense_subset,within_family,aldehyde_dehydrogenase,0.6690957854465703
30,missense_subset,within_family,aldo_keto_reductase,0.6675397328030733
30,missense_subset,within_family,alkaline_phosphatase,0.6641972578505085
30,missense_subset,within_family,arachidonate_lipoxygenase,0.8040278967691772
30,missense_subset,within_family,arf_gtpase,0.5347970313174909
30,missense_subset,within_family,carbonic_anhydrase,0.5340907579273606
30,missense_subset,within_family,cxc_chemokine_receptor,0.7153097296379354
30,missense_subset,within_family,cytochrome_p450,0.7654102344479354
30,missense_subset,within_family,dopamine_receptor,0.7064540031339307
30,missense_subset,within_family,ectonucleotide_pyrophosphatase,0.7941734364466596
30,missense_subset,within_family,ferritin,0.7821705110358911
30,missense_subset,within_family,flavin_monooxygenase,0.633898397201985
30,missense_subset,within_family,globins,0.7862862582186612
30,missense_subset,within_family,glutamate_metabotropic,0.5710426856671346
30,missense_subset,within_family,glutaredoxin,0.7120235560163453
30,missense_subset,within_family,glutathione_peroxidase,0.6080862403540809
30,missense_subset,within_family,glutathione_s_transferase,0.5090145641151864
30,missense_subset,within_family,guanylate_binding_protein,0.5012516469038208
30,missense_subset,within_family,heme_oxygenase,0.8216670122330499
30,missense_subset,within_family,histamine_receptor,0.7232190832497262
30,missense_subset,within_family,histone_deacetylase_classI,0.6540393145830612
30,missense_subset,within_family,histone_h4,0.7708393056219144
30,missense_subset,within_family,hox,0.542248366210062
30,missense_subset,within_family,m14_carboxypeptidase,0.6945221667787052
30,missense_subset,within_family,matrix_metalloproteinase,0.7238404468534023
30,missense_subset,within_family,metallothionein,0.3033770769998933
30,missense_subset,within_family,muscarinic_receptor,0.7657711552864799
30,missense_subset,within_family,nadph_oxidase,0.6833035420279895
30,missense_subset,within_family,nitric_oxide_synthase,0.6328524581951099
30,missense_subset,within_family,olfactory_receptors,0.5901727135460397
30,missense_subset,within_family,opsins,0.6994126369166619
30,missense_subset,within_family,p2y_receptor,0.6156270401705217
30,missense_subset,within_family,peroxidase,0.8317198062770084
30,missense_subset,within_family,peroxiredoxin,0.6352775690609909
30,missense_subset,within_family,phosphodiesterase,0.751951894424922
30,missense_subset,within_family,rab_gtpase,0.5853141662783052
30,missense_subset,within_family,ras_gtpases,0.4664091378957889
30,missense_subset,within_family,rho_gtpase,0.5792078854625651
30,missense_subset,within_family,serine_protease,0.7210179727648476
30,missense_subset,within_family,serotonin_receptor,0.6215516307949747
30,missense_subset,within_family,steap_metalloreductase,0.6859631723502192
30,missense_subset,within_family,sulfotransferase,0.6442811380503866
30,missense_subset,within_family,taste2_receptor,0.4231573252358313
30,missense_subset,within_family,udp_glucuronosyltransferase,0.6171977606469585
30,paired_p3_syn,within_family,adam_metallopeptidase,0.7533053082443468
30,paired_p3_syn,within_family,adamts_metallopeptidase,0.8036780835375184
30,paired_p3_syn,within_family,adrenoceptor,0.6714538246894288
30,paired_p3_syn,within_family,alcohol_dehydrogenase,0.6780054170428501
30,paired_p3_syn,within_family,aldehyde_dehydrogenase,0.7462007727119732
30,paired_p3_syn,within_family,aldo_keto_reductase,0.8145464643098872
30,paired_p3_syn,within_family,alkaline_phosphatase,0.3132262474367737
30,paired_p3_syn,within_family,arachidonate_lipoxygenase,0.7410084030300345
30,paired_p3_syn,within_family,arf_gtpase,0.6940526772656506
30,paired_p3_syn,within_family,carbonic_anhydrase,0.6444667188995284
30,paired_p3_syn,within_family,cxc_chemokine_receptor,0.706707678571374
30,paired_p3_syn,within_family,cytochrome_p450,0.749624920890053
30,paired_p3_syn,within_family,dopamine_receptor,0.6624782995215514
30,paired_p3_syn,within_family,ectonucleotide_pyrophosphatase,0.7752483854904663
30,paired_p3_syn,within_family,ferritin,0.6065304957771825
30,paired_p3_syn,within_family,flavin_monooxygenase,0.6819086886989963
30,paired_p3_syn,within_family,globins,0.8145008712276861
30,paired_p3_syn,within_family,glutamate_metabotropic,0.7027742342214938
30,paired_p3_syn,within_family,glutaredoxin,0.8899469017161828
30,paired_p3_syn,within_family,glutathione_peroxidase,0.5284075525260723
30,paired_p3_syn,within_family,glutathione_s_transferase,0.6600506591187482
30,paired_p3_syn,within_family,guanylate_binding_protein,0.7253623188405797
30,paired_p3_syn,within_family,heme_oxygenase,0.8623678208583868
30,paired_p3_syn,within_family,histamine_receptor,0.86132322872223
30,paired_p3_syn,within_family,histone_deacetylase_classI,0.8338577863216836
30,paired_p3_syn,within_family,histone_h4,0.8038541168975951
30,paired_p3_syn,within_family,hox,0.657658324564909
30,paired_p3_syn,within_family,m14_carboxypeptidase,0.7156744643318048
30,paired_p3_syn,within_family,matrix_metalloproteinase,0.7818416736422199
30,paired_p3_syn,within_family,metallothionein,0.5059723180934096
30,paired_p3_syn,within_family,muscarinic_receptor,0.6302876111969017
30,paired_p3_syn,within_family,nadph_oxidase,0.5789961011332416
30,paired_p3_syn,within_family,nitric_oxide_synthase,0.6098685510569419
30,paired_p3_syn,within_family,olfactory_receptors,0.6789929920282853
30,paired_p3_syn,within_family,opsins,0.6745754235981584
30,paired_p3_syn,within_family,p2y_receptor,0.6809153143253456
30,paired_p3_syn,within_family,peroxidase,0.7493931669883407
30,paired_p3_syn,within_family,peroxiredoxin,0.8035991198519168
30,paired_p3_syn,within_family,phosphodiesterase,0.7372566872196878
30,paired_p3_syn,within_family,rab_gtpase,0.8029386789891321
30,paired_p3_syn,within_family,ras_gtpases,0.6669655665226248
30,paired_p3_syn,within_family,rho_gtpase,0.6772870445617626
30,paired_p3_syn,within_family,serine_protease,0.6846715350550173
30,paired_p3_syn,within_family,serotonin_receptor,0.7414447686995853
30,paired_p3_syn,within_family,steap_metalloreductase,0.7156626843880841
30,paired_p3_syn,within_family,sulfotransferase,0.7807872180519561
30,paired_p3_syn,within_family,taste2_receptor,0.6680870065654266
30,paired_p3_syn,within_family,udp_glucuronosyltransferase,0.6096221959858323
30,paired_p3_missense,within_family,adam_metallopeptidase,0.6864980077591031
30,paired_p3_missense,within_family,adamts_metallopeptidase,0.7754285884669742
30,paired_p3_missense,within_family,adrenoceptor,0.8075046377762306
30,paired_p3_missense,within_family,alcohol_dehydrogenase,0.645322591846656
30,paired_p3_missense,within_family,aldehyde_dehydrogenase,0.6554174040818974
30,paired_p3_missense,within_family,aldo_keto_reductase,0.6942606414984251
30,paired_p3_missense,within_family,alkaline_phosphatase,0.7248066690791148
30,paired_p3_missense,within_family,arachidonate_lipoxygenase,0.8134852286485369
30,paired_p3_missense,within_family,arf_gtpase,0.5624522077832927
30,paired_p3_missense,within_family,carbonic_anhydrase,0.4544578089147427
30,paired_p3_missense,within_family,cxc_chemokine_receptor,0.6757436290253417
30,paired_p3_missense,within_family,cytochrome_p450,0.7579318766038012
30,paired_p3_missense,within_family,dopamine_receptor,0.6432588019327725
30,paired_p3_missense,within_family,ectonucleotide_pyrophosphatase,0.7249752899187126
30,paired_p3_missense,within_family,ferritin,0.6078659850573359
30,paired_p3_missense,within_family,flavin_monooxygenase,0.6737161738630986
30,paired_p3_missense,within_family,globins,0.7334353387705219
30,paired_p3_missense,within_family,glutamate_metabotropic,0.6261793051219788
30,paired_p3_missense,within_family,glutaredoxin,0.7277874535940771
30,paired_p3_missense,within_family,glutathione_peroxidase,0.6537911522046976
30,paired_p3_missense,within_family,glutathione_s_transferase,0.5561111386745587
30,paired_p3_missense,within_family,guanylate_binding_protein,0.4939393939393939
30,paired_p3_missense,within_family,heme_oxygenase,0.8591955214596724
30,paired_p3_missense,within_family,histamine_receptor,0.7208525582146135
30,paired_p3_missense,within_family,histone_deacetylase_classI,0.6633272059028054
30,paired_p3_missense,within_family,histone_h4,0.7836916706481926
30,paired_p3_missense,within_family,hox,0.577644587144348
30,paired_p3_missense,within_family,m14_carboxypeptidase,0.7032926698462346
30,paired_p3_missense,within_family,matrix_metalloproteinase,0.7404585053003043
30,paired_p3_missense,within_family,metallothionein,0.1088281901238416
30,paired_p3_missense,within_family,muscarinic_receptor,0.7476695779632966
30,paired_p3_missense,within_family,nadph_oxidase,0.7008952452119114
30,paired_p3_missense,within_family,nitric_oxide_synthase,0.6090835471012601
30,paired_p3_missense,within_family,olfactory_receptors,0.645815463833622
30,paired_p3_missense,within_family,opsins,0.7021011442696236
30,paired_p3_missense,within_family,p2y_receptor,0.6246619711701548
30,paired_p3_missense,within_family,peroxidase,0.8227891855897582
30,paired_p3_missense,within_family,peroxiredoxin,0.5162806372832115
30,paired_p3_missense,within_family,phosphodiesterase,0.7522396267967261
30,paired_p3_missense,within_family,rab_gtpase,0.6050467626878921
30,paired_p3_missense,within_family,ras_gtpases,0.5324971614138525
30,paired_p3_missense,within_family,rho_gtpase,0.6138878496738368
30,paired_p3_missense,within_family,serine_protease,0.7119410298343475
30,paired_p3_missense,within_family,serotonin_receptor,0.5982981644252267
30,paired_p3_missense,within_family,steap_metalloreductase,0.7503453611582643
30,paired_p3_missense,within_family,sulfotransferase,0.6668115035231964
30,paired_p3_missense,within_family,taste2_receptor,0.4560687744198399
30,paired_p3_missense,within_family,udp_glucuronosyltransferase,0.6540799515398446
31,natural,within_family,adam_metallopeptidase,1.0
31,natural,within_family,adamts_metallopeptidase,1.0
31,natural,within_family,adrenoceptor,1.0
31,natural,within_family,alcohol_dehydrogenase,1.0
31,natural,within_family,aldehyde_dehydrogenase,1.0
31,natural,within_family,aldo_keto_reductase,1.0
31,natural,within_family,alkaline_phosphatase,1.0
31,natural,within_family,arachidonate_lipoxygenase,1.0
31,natural,within_family,arf_gtpase,1.0
31,natural,within_family,carbonic_anhydrase,1.0
31,natural,within_family,cxc_chemokine_receptor,1.0
31,natural,within_family,cytochrome_p450,1.0
31,natural,within_family,dopamine_receptor,1.0
31,natural,within_family,ectonucleotide_pyrophosphatase,1.0
31,natural,within_family,ferritin,1.0
31,natural,within_family,flavin_monooxygenase,1.0
31,natural,within_family,globins,1.0
31,natural,within_family,glutamate_metabotropic,1.0
31,natural,within_family,glutaredoxin,1.0
31,natural,within_family,glutathione_peroxidase,1.0
31,natural,within_family,glutathione_s_transferase,1.0
31,natural,within_family,guanylate_binding_protein,1.0
31,natural,within_family,heme_oxygenase,1.0
31,natural,within_family,histamine_receptor,1.0
31,natural,within_family,histone_deacetylase_classI,1.0
31,natural,within_family,histone_h4,1.0
31,natural,within_family,hox,1.0
31,natural,within_family,m14_carboxypeptidase,1.0
31,natural,within_family,matrix_metalloproteinase,1.0
31,natural,within_family,metallothionein,1.0
31,natural,within_family,muscarinic_receptor,1.0
31,natural,within_family,nadph_oxidase,1.0
31,natural,within_family,nitric_oxide_synthase,1.0
31,natural,within_family,olfactory_receptors,1.0
31,natural,within_family,opsins,1.0
31,natural,within_family,p2y_receptor,1.0
31,natural,within_family,peroxidase,1.0
31,natural,within_family,peroxiredoxin,1.0
31,natural,within_family,phosphodiesterase,1.0
31,natural,within_family,rab_gtpase,1.0
31,natural,within_family,ras_gtpases,1.0
31,natural,within_family,rho_gtpase,1.0
31,natural,within_family,serine_protease,1.0
31,natural,within_family,serotonin_receptor,1.0
31,natural,within_family,steap_metalloreductase,1.0
31,natural,within_family,sulfotransferase,1.0
31,natural,within_family,taste2_receptor,1.0
31,natural,within_family,udp_glucuronosyltransferase,1.0
31,gc_match,within_family,adam_metallopeptidase,0.5912234174914188
31,gc_match,within_family,adamts_metallopeptidase,0.6432023367302576
31,gc_match,within_family,adrenoceptor,0.5228529654783072
31,gc_match,within_family,alcohol_dehydrogenase,0.2598722133481491
31,gc_match,within_family,aldehyde_dehydrogenase,0.5030091931639645
31,gc_match,within_family,aldo_keto_reductase,0.595074286923704
31,gc_match,within_family,alkaline_phosphatase,0.3767574015252033
31,gc_match,within_family,arachidonate_lipoxygenase,0.702181298898278
31,gc_match,within_family,arf_gtpase,0.3141472948195628
31,gc_match,within_family,carbonic_anhydrase,0.2666072136959861
31,gc_match,within_family,cxc_chemokine_receptor,0.4794103321001235
31,gc_match,within_family,cytochrome_p450,0.5215622009782692
31,gc_match,within_family,dopamine_receptor,0.3753336967793989
31,gc_match,within_family,ectonucleotide_pyrophosphatase,0.6467845098302607
31,gc_match,within_family,ferritin,0.4961459682687303
31,gc_match,within_family,flavin_monooxygenase,0.3280426125681635
31,gc_match,within_family,globins,0.57605222808852
31,gc_match,within_family,glutamate_metabotropic,0.4443820746185953
31,gc_match,within_family,glutaredoxin,0.5832656589246358
31,gc_match,within_family,glutathione_peroxidase,0.3935025069037358
31,gc_match,within_family,glutathione_s_transferase,0.3864512550888781
31,gc_match,within_family,guanylate_binding_protein,0.3303030303030302
31,gc_match,within_family,heme_oxygenase,0.6324486833920796
31,gc_match,within_family,histamine_receptor,0.457640948075825
31,gc_match,within_family,histone_deacetylase_classI,0.4320584856887459
31,gc_match,within_family,histone_h4,0.7245261984392419
31,gc_match,within_family,hox,0.3240505648596983
31,gc_match,within_family,m14_carboxypeptidase,0.4999847815575386
31,gc_match,within_family,matrix_metalloproteinase,0.5762691508163736
31,gc_match,within_family,metallothionein,0.2487033883789966
31,gc_match,within_family,muscarinic_receptor,0.5010709578242901
31,gc_match,within_family,nadph_oxidase,0.4750418425194986
31,gc_match,within_family,nitric_oxide_synthase,0.4741255562589068
31,gc_match,within_family,olfactory_receptors,0.3088075863986586
31,gc_match,within_family,opsins,0.4435040685004083
31,gc_match,within_family,p2y_receptor,0.41347747733461
31,gc_match,within_family,peroxidase,0.5580518838715831
31,gc_match,within_family,peroxiredoxin,0.3849061876981531
31,gc_match,within_family,phosphodiesterase,0.5518800765413302
31,gc_match,within_family,rab_gtpase,0.369773787579782
31,gc_match,within_family,ras_gtpases,0.3079545530909283
31,gc_match,within_family,rho_gtpase,0.4149287688643648
31,gc_match,within_family,serine_protease,0.4676181827141291
31,gc_match,within_family,serotonin_receptor,0.3316968404321249
31,gc_match,within_family,steap_metalloreductase,0.4978417988228487
31,gc_match,within_family,sulfotransferase,0.4897088887346473
31,gc_match,within_family,taste2_receptor,0.3519052584240507
31,gc_match,within_family,udp_glucuronosyltransferase,0.2825200052472779
31,dinuc_shuffle,within_family,adam_metallopeptidase,0.6361792327268245
31,dinuc_shuffle,within_family,adamts_metallopeptidase,0.6921965933340354
31,dinuc_shuffle,within_family,adrenoceptor,0.6309276400397321
31,dinuc_shuffle,within_family,alcohol_dehydrogenase,0.377074796860893
31,dinuc_shuffle,within_family,aldehyde_dehydrogenase,0.6077709471738084
31,dinuc_shuffle,within_family,aldo_keto_reductase,0.6601263200598442
31,dinuc_shuffle,within_family,alkaline_phosphatase,0.53824065511372
31,dinuc_shuffle,within_family,arachidonate_lipoxygenase,0.7794518409643456
31,dinuc_shuffle,within_family,arf_gtpase,0.4307289273521384
31,dinuc_shuffle,within_family,carbonic_anhydrase,0.3438937050314071
31,dinuc_shuffle,within_family,cxc_chemokine_receptor,0.7051257263868235
31,dinuc_shuffle,within_family,cytochrome_p450,0.6556770751684154
31,dinuc_shuffle,within_family,dopamine_receptor,0.5510941399589102
31,dinuc_shuffle,within_family,ectonucleotide_pyrophosphatase,0.7305620738182312
31,dinuc_shuffle,within_family,ferritin,0.7595082086014426
31,dinuc_shuffle,within_family,flavin_monooxygenase,0.5884525222644739
31,dinuc_shuffle,within_family,globins,0.7149042845412258
31,dinuc_shuffle,within_family,glutamate_metabotropic,0.4211158028313941
31,dinuc_shuffle,within_family,glutaredoxin,0.6178881444137373
31,dinuc_shuffle,within_family,glutathione_peroxidase,0.613857121706404
31,dinuc_shuffle,within_family,glutathione_s_transferase,0.393160387480738
31,dinuc_shuffle,within_family,guanylate_binding_protein,0.5637022397891963
31,dinuc_shuffle,within_family,heme_oxygenase,0.7493157785610615
31,dinuc_shuffle,within_family,histamine_receptor,0.6947540754313624
31,dinuc_shuffle,within_family,histone_deacetylase_classI,0.4364300008117241
31,dinuc_shuffle,within_family,histone_h4,0.9120242076763816
31,dinuc_shuffle,within_family,hox,0.4588998706774309
31,dinuc_shuffle,within_family,m14_carboxypeptidase,0.6430525555434868
31,dinuc_shuffle,within_family,matrix_metalloproteinase,0.6597225719928149
31,dinuc_shuffle,within_family,metallothionein,0.3323215208555747
31,dinuc_shuffle,within_family,muscarinic_receptor,0.7188128914433887
31,dinuc_shuffle,within_family,nadph_oxidase,0.6608248693516138
31,dinuc_shuffle,within_family,nitric_oxide_synthase,0.6124429793643217
31,dinuc_shuffle,within_family,olfactory_receptors,0.50497984857687
31,dinuc_shuffle,within_family,opsins,0.576432435615362
31,dinuc_shuffle,within_family,p2y_receptor,0.5566384399131926
31,dinuc_shuffle,within_family,peroxidase,0.822449161276117
31,dinuc_shuffle,within_family,peroxiredoxin,0.365021958868243
31,dinuc_shuffle,within_family,phosphodiesterase,0.6074017400292233
31,dinuc_shuffle,within_family,rab_gtpase,0.4411486948304594
31,dinuc_shuffle,within_family,ras_gtpases,0.4600823524674575
31,dinuc_shuffle,within_family,rho_gtpase,0.5330771083502854
31,dinuc_shuffle,within_family,serine_protease,0.5788536212993771
31,dinuc_shuffle,within_family,serotonin_receptor,0.5901618739639141
31,dinuc_shuffle,within_family,steap_metalloreductase,0.5771527841890628
31,dinuc_shuffle,within_family,sulfotransferase,0.5723960444380761
31,dinuc_shuffle,within_family,taste2_receptor,0.513055269880575
31,dinuc_shuffle,within_family,udp_glucuronosyltransferase,0.4744764296903334
31,kmer4_shuffle,within_family,adam_metallopeptidase,0.6435213467327677
31,kmer4_shuffle,within_family,adamts_metallopeptidase,0.6996978101328828
31,kmer4_shuffle,within_family,adrenoceptor,0.612484888477866
31,kmer4_shuffle,within_family,alcohol_dehydrogenase,0.0369817348426974
31,kmer4_shuffle,within_family,aldehyde_dehydrogenase,0.5909686021620858
31,kmer4_shuffle,within_family,aldo_keto_reductase,0.708447544036789
31,kmer4_shuffle,within_family,alkaline_phosphatase,0.6462881803439078
31,kmer4_shuffle,within_family,arachidonate_lipoxygenase,0.7561221125735592
31,kmer4_shuffle,within_family,arf_gtpase,0.3967998463837014
31,kmer4_shuffle,within_family,carbonic_anhydrase,0.3957822160558488
31,kmer4_shuffle,within_family,cxc_chemokine_receptor,0.6065624726225358
31,kmer4_shuffle,within_family,cytochrome_p450,0.640069106451354
31,kmer4_shuffle,within_family,dopamine_receptor,0.6003111235298535
31,kmer4_shuffle,within_family,ectonucleotide_pyrophosphatase,0.6681870213574087
31,kmer4_shuffle,within_family,ferritin,0.7103745630483598
31,kmer4_shuffle,within_family,flavin_monooxygenase,0.5168381431567994
31,kmer4_shuffle,within_family,globins,0.7048770822637055
31,kmer4_shuffle,within_family,glutamate_metabotropic,0.4880827290855957
31,kmer4_shuffle,within_family,glutaredoxin,0.6299490118298717
31,kmer4_shuffle,within_family,glutathione_peroxidase,0.5722293149547087
31,kmer4_shuffle,within_family,glutathione_s_transferase,0.4345804176323175
31,kmer4_shuffle,within_family,guanylate_binding_protein,0.4188405797101449
31,kmer4_shuffle,within_family,heme_oxygenase,0.7538668878291519
31,kmer4_shuffle,within_family,histamine_receptor,0.6566212056400459
31,kmer4_shuffle,within_family,histone_deacetylase_classI,0.459315722905298
31,kmer4_shuffle,within_family,histone_h4,0.8574773053033924
31,kmer4_shuffle,within_family,hox,0.4358854759967435
31,kmer4_shuffle,within_family,m14_carboxypeptidase,0.5983882770761262
31,kmer4_shuffle,within_family,matrix_metalloproteinase,0.6809884503034652
31,kmer4_shuffle,within_family,metallothionein,0.3067763429481643
31,kmer4_shuffle,within_family,muscarinic_receptor,0.7426358103058159
31,kmer4_shuffle,within_family,nadph_oxidase,0.632520699082444
31,kmer4_shuffle,within_family,nitric_oxide_synthase,0.5756433285241419
31,kmer4_shuffle,within_family,olfactory_receptors,0.535223313700562
31,kmer4_shuffle,within_family,opsins,0.6101608720847219
31,kmer4_shuffle,within_family,p2y_receptor,0.6006203641282737
31,kmer4_shuffle,within_family,peroxidase,0.8047403850651564
31,kmer4_shuffle,within_family,peroxiredoxin,0.4284818498392692
31,kmer4_shuffle,within_family,phosphodiesterase,0.6345446267511662
31,kmer4_shuffle,within_family,rab_gtpase,0.4442402407274105
31,kmer4_shuffle,within_family,ras_gtpases,0.4535869620291036
31,kmer4_shuffle,within_family,rho_gtpase,0.5002885470717203
31,kmer4_shuffle,within_family,serine_protease,0.568852958104198
31,kmer4_shuffle,within_family,serotonin_receptor,0.5036848381757519
31,kmer4_shuffle,within_family,steap_metalloreductase,0.5726478388795092
31,kmer4_shuffle,within_family,sulfotransferase,0.5498176117439104
31,kmer4_shuffle,within_family,taste2_receptor,0.5036477138466464
31,kmer4_shuffle,within_family,udp_glucuronosyltransferase,0.4257247802702347
31,kmer6_shuffle,within_family,adam_metallopeptidase,0.6540512263369492
31,kmer6_shuffle,within_family,adamts_metallopeptidase,0.696257843773459
31,kmer6_shuffle,within_family,adrenoceptor,0.705606521315405
31,kmer6_shuffle,within_family,alcohol_dehydrogenase,0.2250503507187999
31,kmer6_shuffle,within_family,aldehyde_dehydrogenase,0.5864116165310628
31,kmer6_shuffle,within_family,aldo_keto_reductase,0.6741176337469934
31,kmer6_shuffle,within_family,alkaline_phosphatase,0.498998163858845
31,kmer6_shuffle,within_family,arachidonate_lipoxygenase,0.7683545340313183
31,kmer6_shuffle,within_family,arf_gtpase,0.4385510712538574
31,kmer6_shuffle,within_family,carbonic_anhydrase,0.3585983029582045
31,kmer6_shuffle,within_family,cxc_chemokine_receptor,0.663977956287069
31,kmer6_shuffle,within_family,cytochrome_p450,0.6341262245670339
31,kmer6_shuffle,within_family,dopamine_receptor,0.566655217023459
31,kmer6_shuffle,within_family,ectonucleotide_pyrophosphatase,0.7096165314817743
31,kmer6_shuffle,within_family,ferritin,0.6696067359750223
31,kmer6_shuffle,within_family,flavin_monooxygenase,0.59122595082142
31,kmer6_shuffle,within_family,globins,0.7037954011089745
31,kmer6_shuffle,within_family,glutamate_metabotropic,0.4362484709217387
31,kmer6_shuffle,within_family,glutaredoxin,0.5597277540860637
31,kmer6_shuffle,within_family,glutathione_peroxidase,0.584766360682141
31,kmer6_shuffle,within_family,glutathione_s_transferase,0.4483722918969848
31,kmer6_shuffle,within_family,guanylate_binding_protein,0.5194334650856389
31,kmer6_shuffle,within_family,heme_oxygenase,0.7434687953555877
31,kmer6_shuffle,within_family,histamine_receptor,0.6731021492074204
31,kmer6_shuffle,within_family,histone_deacetylase_classI,0.4726699525491894
31,kmer6_shuffle,within_family,histone_h4,0.8021818760949196
31,kmer6_shuffle,within_family,hox,0.4445303004920415
31,kmer6_shuffle,within_family,m14_carboxypeptidase,0.6175267489418079
31,kmer6_shuffle,within_family,matrix_metalloproteinase,0.6940740233998264
31,kmer6_shuffle,within_family,metallothionein,0.1250786984155567
31,kmer6_shuffle,within_family,muscarinic_receptor,0.7262256754694301
31,kmer6_shuffle,within_family,nadph_oxidase,0.6274150119035468
31,kmer6_shuffle,within_family,nitric_oxide_synthase,0.6576608019001127
31,kmer6_shuffle,within_family,olfactory_receptors,0.5536350650268214
31,kmer6_shuffle,within_family,opsins,0.5813752894458376
31,kmer6_shuffle,within_family,p2y_receptor,0.6206191549186463
31,kmer6_shuffle,within_family,peroxidase,0.7610891774679878
31,kmer6_shuffle,within_family,peroxiredoxin,0.4437937870619572
31,kmer6_shuffle,within_family,phosphodiesterase,0.6255733056217475
31,kmer6_shuffle,within_family,rab_gtpase,0.4442536386191401
31,kmer6_shuffle,within_family,ras_gtpases,0.4543508394856407
31,kmer6_shuffle,within_family,rho_gtpase,0.5438028230321229
31,kmer6_shuffle,within_family,serine_protease,0.5847124950937117
31,kmer6_shuffle,within_family,serotonin_receptor,0.6519055563090987
31,kmer6_shuffle,within_family,steap_metalloreductase,0.6248216030064299
31,kmer6_shuffle,within_family,sulfotransferase,0.5576973887939228
31,kmer6_shuffle,within_family,taste2_receptor,0.5635536073061904
31,kmer6_shuffle,within_family,udp_glucuronosyltransferase,0.4980976688195939
31,synonymous_recode,within_family,adam_metallopeptidase,0.6748596751380708
31,synonymous_recode,within_family,adamts_metallopeptidase,0.6707801357138847
31,synonymous_recode,within_family,adrenoceptor,0.4559185705725839
31,synonymous_recode,within_family,alcohol_dehydrogenase,0.4335995555246891
31,synonymous_recode,within_family,aldehyde_dehydrogenase,0.6624751366847883
31,synonymous_recode,within_family,aldo_keto_reductase,0.8060512669259233
31,synonymous_recode,within_family,alkaline_phosphatase,0.5829413104954899
31,synonymous_recode,within_family,arachidonate_lipoxygenase,0.6776807220869329
31,synonymous_recode,within_family,arf_gtpase,0.5751762515362088
31,synonymous_recode,within_family,carbonic_anhydrase,0.450646382204327
31,synonymous_recode,within_family,cxc_chemokine_receptor,0.4132930977506748
31,synonymous_recode,within_family,cytochrome_p450,0.6912560995851451
31,synonymous_recode,within_family,dopamine_receptor,0.3409624940583721
31,synonymous_recode,within_family,ectonucleotide_pyrophosphatase,0.6767673066913008
31,synonymous_recode,within_family,ferritin,0.5492817536644552
31,synonymous_recode,within_family,flavin_monooxygenase,0.5464672256274895
31,synonymous_recode,within_family,globins,0.7609500575716073
31,synonymous_recode,within_family,glutamate_metabotropic,0.4482490188967888
31,synonymous_recode,within_family,glutaredoxin,0.7129318044091901
31,synonymous_recode,within_family,glutathione_peroxidase,0.5724760422181846
31,synonymous_recode,within_family,glutathione_s_transferase,0.6285280156757079
31,synonymous_recode,within_family,guanylate_binding_protein,0.6191040843214756
31,synonymous_recode,within_family,heme_oxygenase,0.4516276176653535
31,synonymous_recode,within_family,histamine_receptor,0.587934791464089
31,synonymous_recode,within_family,histone_deacetylase_classI,0.7090938632010972
31,synonymous_recode,within_family,histone_h4,-0.020703933747412
31,synonymous_recode,within_family,hox,0.4332833759990752
31,synonymous_recode,within_family,m14_carboxypeptidase,0.5622973640204467
31,synonymous_recode,within_family,matrix_metalloproteinase,0.6188860929795003
31,synonymous_recode,within_family,metallothionein,0.1798017697007526
31,synonymous_recode,within_family,muscarinic_receptor,0.2282712351323174
31,synonymous_recode,within_family,nadph_oxidase,0.510802706936115
31,synonymous_recode,within_family,nitric_oxide_synthase,0.4212714307185758
31,synonymous_recode,within_family,olfactory_receptors,0.2530423865901934
31,synonymous_recode,within_family,opsins,0.5196610603013337
31,synonymous_recode,within_family,p2y_receptor,0.3427542079334887
31,synonymous_recode,within_family,peroxidase,0.6482405489614339
31,synonymous_recode,within_family,peroxiredoxin,0.6904917573949318
31,synonymous_recode,within_family,phosphodiesterase,0.6651676190896563
31,synonymous_recode,within_family,rab_gtpase,0.6364932964464068
31,synonymous_recode,within_family,ras_gtpases,0.5152128753836059
31,synonymous_recode,within_family,rho_gtpase,0.5764469639007797
31,synonymous_recode,within_family,serine_protease,0.5731618478418914
31,synonymous_recode,within_family,serotonin_receptor,0.4317270480276164
31,synonymous_recode,within_family,steap_metalloreductase,0.5202286532995253
31,synonymous_recode,within_family,sulfotransferase,0.7641454413581034
31,synonymous_recode,within_family,taste2_receptor,0.3588219105231213
31,synonymous_recode,within_family,udp_glucuronosyltransferase,0.6913298377202121
31,missense_subset,within_family,adam_metallopeptidase,0.7080348474724829
31,missense_subset,within_family,adamts_metallopeptidase,0.7816791638650366
31,missense_subset,within_family,adrenoceptor,0.7726816106286385
31,missense_subset,within_family,alcohol_dehydrogenase,0.5740815334398222
31,missense_subset,within_family,aldehyde_dehydrogenase,0.6690957854465703
31,missense_subset,within_family,aldo_keto_reductase,0.6675397328030733
31,missense_subset,within_family,alkaline_phosphatase,0.6641972578505085
31,missense_subset,within_family,arachidonate_lipoxygenase,0.8040278967691772
31,missense_subset,within_family,arf_gtpase,0.5347970313174909
31,missense_subset,within_family,carbonic_anhydrase,0.5340907579273606
31,missense_subset,within_family,cxc_chemokine_receptor,0.7153097296379354
31,missense_subset,within_family,cytochrome_p450,0.7654102344479354
31,missense_subset,within_family,dopamine_receptor,0.7064540031339307
31,missense_subset,within_family,ectonucleotide_pyrophosphatase,0.7941734364466596
31,missense_subset,within_family,ferritin,0.7821705110358911
31,missense_subset,within_family,flavin_monooxygenase,0.633898397201985
31,missense_subset,within_family,globins,0.7862862582186612
31,missense_subset,within_family,glutamate_metabotropic,0.5710426856671346
31,missense_subset,within_family,glutaredoxin,0.7120235560163453
31,missense_subset,within_family,glutathione_peroxidase,0.6080862403540809
31,missense_subset,within_family,glutathione_s_transferase,0.5090145641151864
31,missense_subset,within_family,guanylate_binding_protein,0.5012516469038208
31,missense_subset,within_family,heme_oxygenase,0.8216670122330499
31,missense_subset,within_family,histamine_receptor,0.7232190832497262
31,missense_subset,within_family,histone_deacetylase_classI,0.6540393145830612
31,missense_subset,within_family,histone_h4,0.7708393056219144
31,missense_subset,within_family,hox,0.542248366210062
31,missense_subset,within_family,m14_carboxypeptidase,0.6945221667787052
31,missense_subset,within_family,matrix_metalloproteinase,0.7238404468534023
31,missense_subset,within_family,metallothionein,0.3033770769998933
31,missense_subset,within_family,muscarinic_receptor,0.7657711552864799
31,missense_subset,within_family,nadph_oxidase,0.6833035420279895
31,missense_subset,within_family,nitric_oxide_synthase,0.6328524581951099
31,missense_subset,within_family,olfactory_receptors,0.5901727135460397
31,missense_subset,within_family,opsins,0.6994126369166619
31,missense_subset,within_family,p2y_receptor,0.6156270401705217
31,missense_subset,within_family,peroxidase,0.8317198062770084
31,missense_subset,within_family,peroxiredoxin,0.6352775690609909
31,missense_subset,within_family,phosphodiesterase,0.751951894424922
31,missense_subset,within_family,rab_gtpase,0.5853141662783052
31,missense_subset,within_family,ras_gtpases,0.4664091378957889
31,missense_subset,within_family,rho_gtpase,0.5792078854625651
31,missense_subset,within_family,serine_protease,0.7210179727648476
31,missense_subset,within_family,serotonin_receptor,0.6215516307949747
31,missense_subset,within_family,steap_metalloreductase,0.6859631723502192
31,missense_subset,within_family,sulfotransferase,0.6442811380503866
31,missense_subset,within_family,taste2_receptor,0.4231573252358313
31,missense_subset,within_family,udp_glucuronosyltransferase,0.6171977606469585
31,paired_p3_syn,within_family,adam_metallopeptidase,0.7533053082443468
31,paired_p3_syn,within_family,adamts_metallopeptidase,0.8036780835375184
31,paired_p3_syn,within_family,adrenoceptor,0.6714538246894288
31,paired_p3_syn,within_family,alcohol_dehydrogenase,0.6780054170428501
31,paired_p3_syn,within_family,aldehyde_dehydrogenase,0.7462007727119732
31,paired_p3_syn,within_family,aldo_keto_reductase,0.8145464643098872
31,paired_p3_syn,within_family,alkaline_phosphatase,0.3132262474367737
31,paired_p3_syn,within_family,arachidonate_lipoxygenase,0.7410084030300345
31,paired_p3_syn,within_family,arf_gtpase,0.6940526772656506
31,paired_p3_syn,within_family,carbonic_anhydrase,0.6444667188995284
31,paired_p3_syn,within_family,cxc_chemokine_receptor,0.706707678571374
31,paired_p3_syn,within_family,cytochrome_p450,0.749624920890053
31,paired_p3_syn,within_family,dopamine_receptor,0.6624782995215514
31,paired_p3_syn,within_family,ectonucleotide_pyrophosphatase,0.7752483854904663
31,paired_p3_syn,within_family,ferritin,0.6065304957771825
31,paired_p3_syn,within_family,flavin_monooxygenase,0.6819086886989963
31,paired_p3_syn,within_family,globins,0.8145008712276861
31,paired_p3_syn,within_family,glutamate_metabotropic,0.7027742342214938
31,paired_p3_syn,within_family,glutaredoxin,0.8899469017161828
31,paired_p3_syn,within_family,glutathione_peroxidase,0.5284075525260723
31,paired_p3_syn,within_family,glutathione_s_transferase,0.6600506591187482
31,paired_p3_syn,within_family,guanylate_binding_protein,0.7253623188405797
31,paired_p3_syn,within_family,heme_oxygenase,0.8623678208583868
31,paired_p3_syn,within_family,histamine_receptor,0.86132322872223
31,paired_p3_syn,within_family,histone_deacetylase_classI,0.8338577863216836
31,paired_p3_syn,within_family,histone_h4,0.8038541168975951
31,paired_p3_syn,within_family,hox,0.657658324564909
31,paired_p3_syn,within_family,m14_carboxypeptidase,0.7156744643318048
31,paired_p3_syn,within_family,matrix_metalloproteinase,0.7818416736422199
31,paired_p3_syn,within_family,metallothionein,0.5059723180934096
31,paired_p3_syn,within_family,muscarinic_receptor,0.6302876111969017
31,paired_p3_syn,within_family,nadph_oxidase,0.5789961011332416
31,paired_p3_syn,within_family,nitric_oxide_synthase,0.6098685510569419
31,paired_p3_syn,within_family,olfactory_receptors,0.6789929920282853
31,paired_p3_syn,within_family,opsins,0.6745754235981584
31,paired_p3_syn,within_family,p2y_receptor,0.6809153143253456
31,paired_p3_syn,within_family,peroxidase,0.7493931669883407
31,paired_p3_syn,within_family,peroxiredoxin,0.8035991198519168
31,paired_p3_syn,within_family,phosphodiesterase,0.7372566872196878
31,paired_p3_syn,within_family,rab_gtpase,0.8029386789891321
31,paired_p3_syn,within_family,ras_gtpases,0.6669655665226248
31,paired_p3_syn,within_family,rho_gtpase,0.6772870445617626
31,paired_p3_syn,within_family,serine_protease,0.6846715350550173
31,paired_p3_syn,within_family,serotonin_receptor,0.7414447686995853
31,paired_p3_syn,within_family,steap_metalloreductase,0.7156626843880841
31,paired_p3_syn,within_family,sulfotransferase,0.7807872180519561
31,paired_p3_syn,within_family,taste2_receptor,0.6680870065654266
31,paired_p3_syn,within_family,udp_glucuronosyltransferase,0.6096221959858323
31,paired_p3_missense,within_family,adam_metallopeptidase,0.6864980077591031
31,paired_p3_missense,within_family,adamts_metallopeptidase,0.7754285884669742
31,paired_p3_missense,within_family,adrenoceptor,0.8075046377762306
31,paired_p3_missense,within_family,alcohol_dehydrogenase,0.645322591846656
31,paired_p3_missense,within_family,aldehyde_dehydrogenase,0.6554174040818974
31,paired_p3_missense,within_family,aldo_keto_reductase,0.6942606414984251
31,paired_p3_missense,within_family,alkaline_phosphatase,0.7248066690791148
31,paired_p3_missense,within_family,arachidonate_lipoxygenase,0.8134852286485369
31,paired_p3_missense,within_family,arf_gtpase,0.5624522077832927
31,paired_p3_missense,within_family,carbonic_anhydrase,0.4544578089147427
31,paired_p3_missense,within_family,cxc_chemokine_receptor,0.6757436290253417
31,paired_p3_missense,within_family,cytochrome_p450,0.7579318766038012
31,paired_p3_missense,within_family,dopamine_receptor,0.6432588019327725
31,paired_p3_missense,within_family,ectonucleotide_pyrophosphatase,0.7249752899187126
31,paired_p3_missense,within_family,ferritin,0.6078659850573359
31,paired_p3_missense,within_family,flavin_monooxygenase,0.6737161738630986
31,paired_p3_missense,within_family,globins,0.7334353387705219
31,paired_p3_missense,within_family,glutamate_metabotropic,0.6261793051219788
31,paired_p3_missense,within_family,glutaredoxin,0.7277874535940771
31,paired_p3_missense,within_family,glutathione_peroxidase,0.6537911522046976
31,paired_p3_missense,within_family,glutathione_s_transferase,0.5561111386745587
31,paired_p3_missense,within_family,guanylate_binding_protein,0.4939393939393939
31,paired_p3_missense,within_family,heme_oxygenase,0.8591955214596724
31,paired_p3_missense,within_family,histamine_receptor,0.7208525582146135
31,paired_p3_missense,within_family,histone_deacetylase_classI,0.6633272059028054
31,paired_p3_missense,within_family,histone_h4,0.7836916706481926
31,paired_p3_missense,within_family,hox,0.577644587144348
31,paired_p3_missense,within_family,m14_carboxypeptidase,0.7032926698462346
31,paired_p3_missense,within_family,matrix_metalloproteinase,0.7404585053003043
31,paired_p3_missense,within_family,metallothionein,0.1088281901238416
31,paired_p3_missense,within_family,muscarinic_receptor,0.7476695779632966
31,paired_p3_missense,within_family,nadph_oxidase,0.7008952452119114
31,paired_p3_missense,within_family,nitric_oxide_synthase,0.6090835471012601
31,paired_p3_missense,within_family,olfactory_receptors,0.645815463833622
31,paired_p3_missense,within_family,opsins,0.7021011442696236
31,paired_p3_missense,within_family,p2y_receptor,0.6246619711701548
31,paired_p3_missense,within_family,peroxidase,0.8227891855897582
31,paired_p3_missense,within_family,peroxiredoxin,0.5162806372832115
31,paired_p3_missense,within_family,phosphodiesterase,0.7522396267967261
31,paired_p3_missense,within_family,rab_gtpase,0.6050467626878921
31,paired_p3_missense,within_family,ras_gtpases,0.5324971614138525
31,paired_p3_missense,within_family,rho_gtpase,0.6138878496738368
31,paired_p3_missense,within_family,serine_protease,0.7119410298343475
31,paired_p3_missense,within_family,serotonin_receptor,0.5982981644252267
31,paired_p3_missense,within_family,steap_metalloreductase,0.7503453611582643
31,paired_p3_missense,within_family,sulfotransferase,0.6668115035231964
31,paired_p3_missense,within_family,taste2_receptor,0.4560687744198399
31,paired_p3_missense,within_family,udp_glucuronosyltransferase,0.6540799515398446
