gene,status,fr_status,yn_status,n_taxa,n_codons,yn_n_pairs,dN_hp_yn,dS_hp_yn,omega_hp_yn,dN_background_yn,dS_background_yn,omega_background_yn,yn_n_background_pairs,lnL_m0,np_m0,omega_m0,kappa_m0,tree_len_m0,tree_dN_m0,tree_dS_m0,dN_human_m0,dS_human_m0,omega_human_m0,dN_platypus_m0,dS_platypus_m0,omega_platypus_m0,dN_background_m0,dS_background_m0,omega_background_m0,n_branches_m0,lnL_m2,np_m2,tree_dN_m2,tree_dS_m2,omega_bg_m2,omega_plat_m2,dN_human_m2,dS_human_m2,omega_human_m2,dN_platypus_m2,dS_platypus_m2,omega_platypus_m2,dN_background_m2,dS_background_m2,omega_background_m2,n_branches_m2,lrt_m2_vs_m0,lrt_p_m2_vs_m0,m2_converged,dS_saturated
ENSG00000003393,ok,not_requested,ok,24,1649,276.0,0.2763,1.6848,0.164,0.07986103896103897,0.367212987012987,0.206,231.0,-31543.484726,48,0.11885,2.93335,4.653728,0.5008,4.2143,0.0004,0.0034,0.1188,0.0136,0.1141,0.1188,0.4872,4.0968,0.11892208553016989,46,-31543.484729,49.0,0.5008,4.2143,0.11885,7.59619,0.0004,0.0034,0.1188,0.0,0.0,7.5962,0.5008,4.211,0.11892662075516504,46.0,-6.000002031214535e-06,1.0,True,False
ENSG00000004534,timeout(3600s),not_requested,ok,24,1108,276.0,0.1583,0.9506,0.1665,0.0621017316017316,0.3164753246753247,0.1865,231.0,-20068.434635,48,0.17576,2.72806,3.635702,0.538,3.0608,0.0003,0.0015,0.1758,0.0088,0.0502,0.1758,0.5285,3.0093,0.17562223772970456,46,,,,,,,,,,,,,,,,,,,,
ENSG00000005175,ok,not_requested,ok,23,660,253.0,0.2208,0.863,0.2559,0.09157333333333334,0.38169761904761906,0.24295,210.0,-13946.963529,46,0.18314,2.90242,5.241962,0.838,4.5759,0.0012,0.0067,0.1831,0.0036,0.0197,0.1831,0.833,4.5496,0.18309301916652013,44,-13941.833525,47.0,0.8333,4.7937,0.19211,0.04738,0.0013,0.0065,0.1921,0.0287,0.6051,0.0474,0.8032,4.1821,0.1920566222711078,44.0,10.260008000001108,0.001359450904750258,True,False
ENSG00000007908,ok,not_requested,ok,23,610,253.0,0.2953,1.773,0.1665,0.17428142857142856,0.6749114285714286,0.2803,210.0,-17911.867395,46,0.33239,2.73233,8.12623,1.7508,5.2671,0.0028,0.0085,0.3324,0.0754,0.2269,0.3324,1.6726,5.0317,0.3324125047200748,44,-17908.119415,47.0,1.7455,5.3841,0.34167,0.0001,0.0029,0.0084,0.3417,0.0,0.2752,0.0001,1.7424,5.1007,0.34160017252533964,44.0,7.495960000000196,0.006183755826087524,True,False
ENSG00000008952,ok,not_requested,ok,23,398,253.0,0.0536,0.808,0.0663,0.02030095238095238,0.2711928571428571,0.0713,210.0,-5820.672339,46,0.07452,1.68629,2.82588,0.2434,3.2662,0.0,0.0,0.0745,0.0215,0.2888,0.0745,0.2217,2.9776,0.07445593766792048,44,-5820.67234,47.0,0.2434,3.2662,0.07452,0.69574,0.0,0.0,0.0745,0.0,0.0,0.6957,0.2433,3.2664,0.07448567229977957,44.0,-2.0000006770715117e-06,1.0,True,False
ENSG00000010292,timeout(3600s),not_requested,ok,24,1390,276.0,0.2099,1.4975,0.1401,0.06969220779220779,0.43385367965367966,0.1659,231.0,-31198.427841,48,0.16319,3.30823,5.773054,0.7867,4.8206,0.0008,0.0049,0.1632,0.0408,0.2502,0.1632,0.7451,4.5653,0.16320942763892846,46,,,,,,,,,,,,,,,,,,,,
ENSG00000012171,ok,not_requested,ok,23,747,253.0,0.154,1.9078,0.0807,0.06419333333333334,0.8158780952380953,0.07680000000000001,210.0,-16686.86473,46,0.09036,3.60514,6.048661,0.5961,6.5966,0.0008,0.009,0.0904,0.0,0.0,0.0904,0.5952,6.5876,0.0903515696156415,44,-16685.735416,47.0,0.5958,6.6907,0.09188,0.0001,0.0008,0.009,0.0919,0.0,0.206,0.0001,0.595,6.4756,0.09188337760207547,44.0,2.2586280000032275,0.13287173273211675,True,False
ENSG00000012232,ok,not_requested,ok,24,916,276.0,0.1112,4.5811,0.0243,0.017971861471861472,0.6024194805194806,0.0275,231.0,-16195.685422,48,0.03628,3.32803,6.180213,0.2612,7.2002,0.0003,0.0093,0.0363,0.0073,0.202,0.0363,0.2538,6.989,0.036314208041207614,46,-16195.685423,49.0,0.2612,7.2002,0.03628,0.07808,0.0003,0.0093,0.0363,0.0,0.0,0.0781,0.2611,7.191,0.03630927548324294,46.0,-2.0000006770715117e-06,1.0,True,False
ENSG00000014138,ok,not_requested,ok,24,590,276.0,0.1898,1.2829,0.148,0.08405930735930736,0.5308398268398269,0.1612,231.0,-14962.789716,48,0.16668,2.93761,6.462104,0.919,5.5137,0.0007,0.0044,0.1667,0.0317,0.1904,0.1667,0.8865,5.3192,0.1666604000601594,46,-14960.613828,49.0,0.9183,5.6467,0.1706,0.0001,0.0007,0.0044,0.1706,0.0,0.2642,0.0001,0.9174,5.3783,0.1705743450532696,46.0,4.351775999999518,0.03697037342219138,True,False
ENSG00000020426,ok,not_requested,ok,24,308,276.0,0.0416,1.7605,0.0236,0.010396969696969696,0.2766034632034632,0.0345,231.0,-5834.31423,48,0.10092,1.61902,4.572399,0.4908,4.863,0.0004,0.0035,0.1009,0.0355,0.3519,0.1009,0.4549,4.508,0.10090949423247561,46,-5814.530945,49.0,0.4899,5.3673,0.11984,0.01364,0.0004,0.0033,0.1198,0.0197,1.444,0.0136,0.4701,3.92,0.11992346938775511,46.0,39.56656999999905,3.170646922840547e-10,True,False
ENSG00000020922,ok,not_requested,ok,24,706,276.0,0.0581,0.9582,0.0606,0.04485281385281385,0.43767099567099566,0.1048,231.0,-14120.463775,48,0.12583,2.66316,4.348979,0.5312,4.2215,0.0004,0.0029,0.1258,0.0264,0.2097,0.1258,0.5046,4.0092,0.12586052080215507,46,-14120.463777,49.0,0.5312,4.2215,0.12583,2.86428,0.0004,0.0029,0.1258,0.0,0.0,2.8643,0.531,4.2189,0.1258621915665221,46.0,-4.0000013541430235e-06,1.0,True,False
ENSG00000021776,ok,not_requested,ok,24,1474,276.0,0.1001,5.0948,0.0197,0.029873160173160173,0.40174112554112557,0.0643,231.0,-25407.36258,48,0.07271,2.83755,4.510269,0.3354,4.6132,0.0002,0.0029,0.0727,0.0579,0.7964,0.0727,0.2775,3.814,0.0727582590456214,46,-25362.832098,49.0,0.3304,5.5399,0.08509,0.02607,0.0002,0.0028,0.0851,0.0623,2.3891,0.0261,0.26789999999999997,3.1481,0.08509894857215462,46.0,89.06096400000388,3.828311228102781e-21,True,False
ENSG00000022567,ok,not_requested,ok,23,758,253.0,0.085,3.1353,0.0271,0.0733952380952381,1.5856061904761904,0.0455,210.0,-17456.91257,46,0.07262,3.38996,6.640415,0.703,9.6812,0.0024,0.0324,0.0726,0.0061,0.0838,0.0726,0.6946,9.565,0.07261892315734449,44,-17456.91257,47.0,0.703,9.6812,0.07262,27.10142,0.0024,0.0324,0.0726,0.0,0.0,27.1014,0.7007,9.6488,0.07262042948345908,44.0,0.0,1.0,True,False
ENSG00000023318,ok,not_requested,ok,24,391,276.0,0.0748,1.035,0.0723,0.03993939393939394,0.3469562770562771,0.0886,231.0,-7248.864404,48,0.1518,1.88013,3.711753,0.5318,3.503,0.0,0.0,0.1518,0.0196,0.1288,0.1518,0.512,3.3737,0.15176216023949968,46,-7236.073388,49.0,0.5306,3.5668,0.16853,0.0001,0.0,0.0,0.1685,0.0,0.4186,0.0001,0.5307,3.1481,0.16857787236745972,46.0,25.582032000000254,4.2396900447215146e-07,True,False
ENSG00000023516,ok,not_requested,ok,23,1892,253.0,0.3031,0.9606,0.3155,0.12145238095238095,0.4519361904761905,0.269,210.0,-47710.42432,46,0.28352,3.19887,5.900852,1.2014,4.2373,0.0023,0.008,0.2835,0.035,0.1234,0.2835,1.164,4.1057,0.28350829334827193,44,-47706.870208,47.0,1.1971,4.2904,0.28852,0.0001,0.0023,0.008,0.2885,0.0,0.1413,0.0001,1.1949,4.1415,0.288518652662079,44.0,7.108223999995971,0.0076731093527914,True,False
ENSG00000034677,ok,not_requested,ok,23,826,253.0,0.0567,1.1948,0.0474,0.017286190476190476,0.27131285714285713,0.058300000000000005,210.0,-11541.39965,46,0.07041,3.36999,2.899176,0.2221,3.1537,0.0002,0.0028,0.0704,0.0257,0.3656,0.0704,0.1965,2.7853,0.07054895343410046,44,-11534.458529,47.0,0.219,3.2356,0.07721,0.0001,0.0002,0.0027,0.0772,0.0,0.4001,0.0001,0.2186,2.8328,0.07716746681728325,44.0,13.882241999999678,0.000194628752452799,True,False
ENSG00000036257,ok,not_requested,ok,23,755,253.0,0.0026,0.4162,0.0063,0.0015480952380952382,0.23459095238095237,0.0052499999999999995,210.0,-7983.187461,46,0.01932,2.18545,1.605188,0.0402,2.0795,0.0001,0.0036,0.0193,0.0017,0.0864,0.0193,0.0384,1.9896,0.019300361881785282,44,-7979.679065,47.0,0.0402,2.0816,0.02096,0.0001,0.0001,0.0036,0.021,0.0,0.1644,0.0001,0.0398,1.9136,0.020798494983277592,44.0,7.0167920000003505,0.008074877484267273,True,False
ENSG00000040199,ok,not_requested,ok,23,1314,253.0,0.0752,0.6662,0.1129,0.03615904761904762,0.34898809523809526,0.10555,210.0,-23704.515863,46,0.09948,3.15077,3.943376,0.3684,3.7027,0.0006,0.0065,0.0995,0.024,0.2408,0.0995,0.3439,3.4552,0.09953114146793239,44,-23702.271291,47.0,0.3681,3.7221,0.1024,0.07656,0.0007,0.0064,0.1024,0.0385,0.5028,0.0766,0.3288,3.2125,0.10235019455252918,44.0,4.489143999999214,0.03411075353847192,True,False
ENSG00000042286,ok,not_requested,ok,23,372,253.0,0.1376,1.3885,0.0991,0.1027647619047619,0.7575828571428571,0.13174999999999998,210.0,-9205.647648,46,0.12522,3.19128,6.352591,0.8429,6.7314,0.0018,0.0148,0.1252,0.0093,0.0746,0.1252,0.8314,6.6422,0.12516937159374908,44,-9205.647648,47.0,0.8429,6.7314,0.12522,0.41965,0.0018,0.0148,0.1252,0.0,0.0,0.4197,0.8407,6.7167,0.12516563193234773,44.0,0.0,1.0,True,False
ENSG00000054148,ok,not_requested,ok,17,124,136.0,0.1239,1.9945,0.0621,0.07635904761904762,1.324822857142857,0.0447,105.0,-2139.952437,34,0.06336,3.17824,5.852183,0.5099,8.0476,0.0016,0.025,0.0634,0.0168,0.2649,0.0634,0.4915,7.7579,0.063354773843437,32,-2139.790221,35.0,0.5108,8.1726,0.06452,0.0001,0.0016,0.0249,0.0645,0.0,0.2557,0.0001,0.5092,7.8919,0.0645218515186457,32.0,0.3244319999994332,0.5689562699394646,True,False
ENSG00000056972,ok,not_requested,ok,23,551,253.0,0.2307,0.9211,0.2505,0.10128190476190477,0.32626190476190475,0.3103,210.0,-13215.266848,46,0.31635,3.19129,5.608464,1.1365,3.5925,0.0011,0.0033,0.3163,0.061,0.1929,0.3163,1.0745,3.3963,0.3163737007920384,44,-13211.377208,47.0,1.1331,3.6988,0.33013,0.16693,0.0011,0.0033,0.3301,0.09,0.5393,0.1669,1.0418,3.1563,0.3300700186927732,44.0,7.779279999998835,0.0052848856183813665,True,False
ENSG00000061938,ok,not_requested,ok,24,1086,276.0,0.0616,2.1108,0.0292,0.03787965367965368,0.7183909090909091,0.0347,231.0,-23141.110126,48,0.07964,3.53544,5.796344,0.535,6.7172,0.0008,0.0103,0.0796,0.0063,0.079,0.0796,0.5278,6.6279,0.07963306628042065,46,-23141.110126,49.0,0.535,6.7172,0.07964,0.50766,0.0008,0.0103,0.0796,0.0,0.0,0.5077,0.5341,6.707,0.07963321902489937,46.0,0.0,1.0,True,False
ENSG00000062598,ok,not_requested,ok,24,720,276.0,0.0551,4.4958,0.0123,0.014641558441558442,0.47454242424242427,0.0124,231.0,-11080.18624,48,0.02671,2.86613,4.905599,0.174,6.5141,0.0002,0.0074,0.0267,0.0102,0.3816,0.0267,0.1634,6.1254,0.026675808926763966,46,-11080.18624,49.0,0.174,6.514,0.02671,0.05489,0.0002,0.0074,0.0267,0.0,0.0,0.0549,0.1736,6.507,0.026678961118795145,46.0,0.0,1.0,True,False
ENSG00000064309,timeout(3600s),not_requested,ok,24,1245,276.0,0.1893,2.1675,0.0873,0.08814372294372294,0.46308354978354976,0.1936,231.0,-30879.928515,48,0.1949,3.72052,6.17455,0.932,4.7818,0.0033,0.0168,0.1949,0.0073,0.0377,0.1949,0.9216,4.7275,0.19494447382337388,46,,,,,,,,,,,,,,,,,,,,
ENSG00000066827,ok,not_requested,ok,24,1241,276.0,0.1274,4.7936,0.0266,0.04991038961038961,0.7269324675324675,0.0639,231.0,-29993.813076,48,0.11364,2.53523,6.659624,0.8062,7.0945,0.0008,0.007,0.1136,0.0054,0.0478,0.1136,0.8,7.0394,0.11364604937920847,46,-29958.070347,49.0,0.8014,10.3724,0.12197,0.02595,0.0008,0.0069,0.122,0.1253,4.8293,0.0259,0.6754,5.5361,0.12199924134318382,46.0,71.48545799999556,2.7930908272326814e-17,True,False
ENSG00000067842,ok,not_requested,ok,24,1213,276.0,0.0297,1.3789,0.0216,0.01987142857142857,0.8567623376623377,0.0163,231.0,-23402.758257,48,0.04307,3.28619,5.059841,0.3089,7.173,0.0004,0.0086,0.0431,0.0062,0.1438,0.0431,0.3023,7.0204,0.04306022448863313,46,-23377.030326,49.0,0.3075,7.2965,0.04676,0.00912,0.0004,0.0085,0.0468,0.0082,0.8945,0.0091,0.2988,6.3935,0.04673496519903026,46.0,51.455862000002526,7.322501014240313e-13,True,False
ENSG00000069849,ok,not_requested,ok,17,277,136.0,0.3151,1.0306,0.3058,0.1899295238095238,0.4806609523809524,0.411,105.0,-6284.629224,34,0.43571,2.02263,5.944617,1.4846,3.4074,0.0,0.0,0.4357,0.0271,0.0622,0.4357,1.4576,3.3454,0.435702756023196,32,-6282.728702,35.0,1.4839,3.4416,0.45656,0.25974,0.0,0.0,0.4566,0.1154,0.4443,0.2597,1.3684,2.9972,0.4565594554917924,32.0,3.80104399999982,0.05122063688725418,True,False
ENSG00000070061,timeout(3600s),not_requested,ok,23,1329,253.0,0.1497,0.8247,0.1815,0.08174095238095239,0.36664619047619046,0.22505,210.0,-28360.724163,46,0.21571,3.36128,4.565781,0.7457,3.4569,0.0015,0.0071,0.2157,0.0368,0.1708,0.2157,0.7073,3.2792,0.21569285191510126,44,,,,,,,,,,,,,,,,,,,,
ENSG00000071794,ok,not_requested,ok,24,1005,276.0,0.11,0.7985,0.1378,0.047985714285714284,0.32295627705627705,0.1428,231.0,-17425.600945,48,0.13894,2.82026,3.381618,0.4685,3.3716,0.0007,0.0049,0.1389,0.0332,0.2389,0.1389,0.4346,3.1276,0.1389563882849469,46,-17412.976358,49.0,0.4666,3.4368,0.14948,0.07036,0.0007,0.0047,0.1495,0.042,0.5963,0.0704,0.4239,2.8356,0.14949217096910708,46.0,25.249173999996856,5.038114163544895e-07,True,False
ENSG00000072201,ok,not_requested,ok,24,725,276.0,0.2613,2.8243,0.0925,0.0745025974025974,0.4849679653679654,0.1674,231.0,-16860.583454,48,0.15219,3.17497,6.580257,0.8779,5.7685,0.0019,0.0127,0.1522,0.0095,0.0626,0.1522,0.8668,5.6933,0.1522491349480969,46,-16849.914188,49.0,0.8715,6.7397,0.16198,0.07923,0.002,0.0125,0.162,0.2108,2.6611,0.0792,0.6587,4.0658,0.1620099365438536,46.0,21.338532000001578,3.8491642433474575e-06,True,False
ENSG00000074047,timeout(3600s),not_requested,ok,22,1562,231.0,0.1169,2.7837,0.042,0.06973473684210527,0.9197868421052632,0.06684999999999999,190.0,-37074.610733,44,0.1076,3.16027,7.199375,0.8851,8.2258,0.0014,0.0126,0.1076,0.0134,0.125,0.1076,0.87,8.088,0.10756676557863502,42,,,,,,,,,,,,,,,,,,,,
ENSG00000076053,ok,not_requested,ok,22,262,231.0,0.194,0.7168,0.2706,0.08747210526315789,0.42181894736842107,0.1585,190.0,-5812.054723,44,0.15557,2.2716,5.530011,0.7811,5.0212,0.0,0.0,0.1556,0.0403,0.259,0.1556,0.7409,4.7621,0.15558262111253437,42,-5811.229466,45.0,0.7802,5.0712,0.16035,0.11697,0.0,0.0,0.1604,0.089,0.761,0.117,0.691,4.31,0.1603248259860789,42.0,1.6505140000008396,0.19888898738585198,True,False
ENSG00000076242,ok,not_requested,ok,24,757,276.0,0.1362,1.7515,0.0778,0.04988831168831169,0.49903290043290044,0.1068,231.0,-17122.625651,48,0.15687,2.67098,5.618309,0.7623,4.8595,0.0007,0.0046,0.1569,0.0182,0.1157,0.1569,0.7433,4.739,0.15684743616796792,46,-17122.541838,49.0,0.7623,4.8776,0.15762,0.0001,0.0007,0.0046,0.1576,0.0,0.0416,0.0001,0.7618,4.8311,0.15768665521309846,46.0,0.16762599999492522,0.6822303325746604,True,False
ENSG00000076650,ok,not_requested,ok,24,931,276.0,0.1831,1.077,0.17,0.07187575757575758,0.4728995670995671,0.1681,231.0,-22031.116392,48,0.19392,2.47506,5.376995,0.8362,4.3122,0.0023,0.0117,0.1939,0.0231,0.119,0.1939,0.8113,4.1818,0.19400736524941414,46,-22031.110817,49.0,0.8362,4.3149,0.19412,0.13071,0.0023,0.0117,0.1941,0.003,0.0227,0.1307,0.8311999999999999,4.2804,0.19418745911597043,46.0,0.011149999998451676,0.915904834241075,True,False
ENSG00000077420,ok,not_requested,ok,21,659,210.0,0.1042,0.9534,0.1093,0.07104912280701754,0.4378543859649123,0.1626,171.0,-15186.587108,42,0.20628,2.32856,6.078346,0.967,4.6877,0.0015,0.0071,0.2063,0.0358,0.1733,0.2063,0.9299,4.5071,0.2063189190388498,40,-15186.587109,43.0,0.967,4.6877,0.20628,0.86224,0.0015,0.0071,0.2063,0.0,0.0,0.8622,0.9657,4.6804,0.206328518930006,40.0,-2.0000006770715117e-06,1.0,True,False
ENSG00000078403,ok,not_requested,ok,24,1069,276.0,0.0721,0.6717,0.1074,0.04295670995670996,0.33724242424242423,0.1,231.0,-17696.444566,48,0.11756,2.5576,3.267094,0.3632,3.09,0.0006,0.0055,0.1176,0.014,0.119,0.1176,0.3488,2.9657999999999998,0.11760739092319106,46,-17696.444567,49.0,0.3632,3.09,0.11755,0.68961,0.0006,0.0055,0.1176,0.0,0.0,0.6896,0.3628,3.0848,0.11760892116182572,46.0,-2.0000006770715117e-06,1.0,True,False
ENSG00000078808,ok,not_requested,ok,22,355,231.0,0.0956,1.5313,0.0624,0.08929157894736842,1.2056578947368422,0.0655,190.0,-7827.222737,44,0.06512,3.46823,7.156413,0.6328,9.7163,0.0016,0.0248,0.0651,0.0114,0.1756,0.0651,0.6198,9.516,0.06513240857503153,42,-7827.222739,45.0,0.6328,9.7163,0.06513,3.09583,0.0016,0.0248,0.0651,0.0,0.0,3.0958,0.6313,9.6915,0.06513955528040036,42.0,-3.99999953515362e-06,1.0,True,False
ENSG00000083307,ok,not_requested,ok,24,624,276.0,0.0463,0.8716,0.0532,0.024154112554112553,0.5100554112554112,0.0481,231.0,-10754.369829,48,0.05139,2.05671,3.847138,0.2453,4.7732,0.0003,0.0061,0.0514,0.0081,0.1576,0.0514,0.237,4.6092,0.051418901327779216,46,-10754.369831,49.0,0.2453,4.7731,0.05139,0.88706,0.0003,0.0061,0.0514,0.0,0.0,0.8871,0.2451,4.7667,0.05141922084460948,46.0,-4.0000013541430235e-06,1.0,True,False
ENSG00000083799,ok,not_requested,ok,23,952,253.0,0.0414,0.9256,0.0448,0.019942857142857144,0.3876661904761905,0.039650000000000005,210.0,-14632.292172,46,0.057,2.56983,3.303096,0.2043,3.5832,0.0005,0.0083,0.057,0.0156,0.2732,0.057,0.1886,3.3019,0.05711862866834247,44,-14632.292173,47.0,0.2043,3.5832,0.057,1.10555,0.0005,0.0083,0.057,0.0,0.0,1.1055,0.2042,3.5751,0.057117283432631255,44.0,-2.0000006770715117e-06,1.0,True,False
ENSG00000083937,ok,not_requested,ok,24,213,276.0,0.0088,0.6328,0.0139,0.029767965367965367,0.352361038961039,0.0812,231.0,-4221.97474,48,0.10921,1.4959,4.071389,0.4711,4.3137,0.0011,0.0104,0.1092,0.0129,0.1184,0.1092,0.457,4.1849,0.10920213147267557,46,-4212.504822,49.0,0.4728,4.3602,0.11945,0.0001,0.0012,0.0101,0.1194,0.0,0.4022,0.0001,0.4716,3.9478,0.11945893915598561,46.0,18.93983599999956,1.3490607038453448e-05,True,False
ENSG00000085382,ok,not_requested,ok,22,909,231.0,0.0266,0.8866,0.03,0.019022105263157896,0.3405,0.0359,190.0,-12928.706953,44,0.05611,2.46367,2.782479,0.1761,3.1383,0.0001,0.0026,0.0561,0.0157,0.2799,0.0561,0.1604,2.8555,0.05617229907196637,42,-12922.807329,45.0,0.176,3.1655,0.06073,0.03119,0.0002,0.0026,0.0607,0.0172,0.5503,0.0312,0.1584,2.6124,0.06063389986219569,42.0,11.79924800000299,0.000592546508226179,True,False
ENSG00000086475,ok,not_requested,ok,22,389,231.0,0.0019,1.519,0.0012,0.021283684210526316,0.6464794736842105,0.008199999999999999,190.0,-6551.327035,44,0.03129,3.11806,4.3559,0.151,4.8259,0.0001,0.0046,0.0313,0.0039,0.1242,0.0313,0.1472,4.6971,0.031338485448468206,42,-6539.293562,45.0,0.1514,4.8691,0.03542,0.0001,0.0002,0.0046,0.0354,0.0001,0.5966,0.0001,0.1511,4.2679,0.035403828580800864,42.0,24.066946000000826,9.30438045547756e-07,True,False
ENSG00000087303,ok,not_requested,ok,24,1404,276.0,0.1205,1.7769,0.0678,0.06582164502164502,0.43652857142857143,0.1389,231.0,-36099.870604,48,0.2296,2.963,7.049221,1.2406,5.4034,0.0019,0.0081,0.2296,0.0,0.0,0.2296,1.239,5.3947,0.22966986116002744,46,-36099.870604,49.0,1.2406,5.4034,0.2296,0.32712,0.0019,0.0081,0.2296,0.0,0.0,0.3271,1.239,5.3948,0.229665603914881,46.0,0.0,1.0,True,False
ENSG00000087502,ok,not_requested,ok,23,373,253.0,0.042,1.0163,0.0414,0.03425761904761905,0.2860985714285714,0.0798,210.0,-5744.448765,46,0.12428,2.45219,2.939434,0.3679,2.9604,0.0011,0.0087,0.1243,0.0235,0.1889,0.1243,0.3433,2.7627,0.12426249683280848,44,-5733.567157,47.0,0.3671,3.0,0.14,0.03904,0.0012,0.0083,0.14,0.0205,0.5243,0.039,0.3455,2.4676,0.14001458907440426,44.0,21.763215999999375,3.084576666494994e-06,True,False
ENSG00000090621,ok,not_requested,ok,19,644,171.0,0.0719,0.7323,0.0982,0.11111985294117648,0.4109919117647059,0.08335000000000001,136.0,-9760.569635,38,0.08026,2.41639,4.734413,0.381,4.7476,0.0001,0.0016,0.0803,0.0102,0.1266,0.0803,0.3708,4.6194999999999995,0.08026842731897393,36,-9745.537473,39.0,0.3825,4.6592,0.09108,0.0001,0.0001,0.0016,0.0911,0.0,0.4602,0.0001,0.3822,4.1976,0.091052029731275,36.0,30.064323999999033,4.179498894309646e-08,True,False
ENSG00000090686,ok,not_requested,ok,24,1031,276.0,0.0374,0.7486,0.05,0.0187021645021645,0.4161073593073593,0.0392,231.0,-17226.123441,48,0.05422,2.30716,3.716485,0.228,4.2057,0.0,0.0,0.0542,0.0096,0.1764,0.0542,0.2185,4.0292,0.054229127370197555,46,-17226.123441,49.0,0.228,4.2057,0.05422,2.03472,0.0,0.0,0.0542,0.0,0.0,2.0347,0.2281,4.2056000000000004,0.054237207532813386,46.0,0.0,1.0,True,False
ENSG00000092036,ok,not_requested,ok,21,363,210.0,0.1946,1.3315,0.1462,0.08571695906432748,0.44232748538011696,0.2063,171.0,-7762.805379,42,0.16644,3.09342,5.436573,0.7794,4.6825,0.0008,0.0047,0.1664,0.0514,0.3087,0.1664,0.7273000000000001,4.369,0.16646829938200963,40,-7762.80538,43.0,0.7793,4.6825,0.16644,1.71706,0.0008,0.0047,0.1664,0.0,0.0,1.7171,0.7787,4.6777999999999995,0.16646714267390655,40.0,-1.999998858082108e-06,1.0,True,False
ENSG00000099814,ok,not_requested,ok,22,1468,231.0,0.2043,4.2043,0.0486,0.12115684210526316,1.3022668421052632,0.08505,190.0,-39670.583945,44,0.12311,3.79671,8.85601,1.1386,9.2484,0.0022,0.0178,0.1231,0.0097,0.0786,0.1231,1.1269,9.1522,0.12312886519088306,42,-39670.583946,45.0,1.1386,9.2485,0.12311,26.55779,0.0022,0.0178,0.1231,0.0,0.0,26.5578,1.1366,9.2308,0.1231312562291459,42.0,-2.0000006770715117e-06,1.0,True,False
ENSG00000100060,ok,not_requested,ok,22,320,231.0,0.1047,0.6744,0.1553,0.09562526315789474,0.8093373684210526,0.08715,190.0,-7961.000403,44,0.14559,3.11371,7.014886,1.0302,7.0765,0.0019,0.0129,0.1456,0.0162,0.1116,0.1456,1.0124,6.9519,0.14562925243458621,42,-7961.000403,45.0,1.0302,7.0765,0.14558,0.48745,0.0019,0.0129,0.1456,0.0,0.0,0.4875,1.0286,7.0635,0.14562185885184398,42.0,0.0,1.0,True,False
ENSG00000100207,ok,not_requested,ok,23,1938,253.0,0.142,2.9751,0.0477,0.03714857142857143,0.43928904761904763,0.0875,210.0,-37045.748013,46,0.09518,3.1659,5.132346,0.4599,4.8322,0.0002,0.0026,0.0952,0.0126,0.1324,0.0952,0.44680000000000003,4.697,0.09512454758356398,44,-37045.748013,47.0,0.4599,4.8322,0.09518,0.27864,0.0002,0.0026,0.0952,0.0,0.0,0.2786,0.4595,4.8293,0.0951483651875013,44.0,0.0,1.0,True,False
ENSG00000100239,ok,not_requested,ok,24,839,276.0,0.0662,0.949,0.0698,0.07098181818181819,0.684517316017316,0.10255,231.0,-21704.302097,48,0.16118,3.5022,7.253606,1.0969,6.8055,0.0009,0.0058,0.1612,0.0,0.0,0.1612,1.0957000000000001,6.7999,0.16113472256944958,46,-21704.302097,49.0,1.0969,6.8055,0.16118,0.5221,0.0009,0.0058,0.1612,0.0,0.0,0.5221,1.0957000000000001,6.7999,0.16113472256944958,46.0,0.0,1.0,True,False
ENSG00000100350,ok,not_requested,ok,24,653,276.0,0.1273,1.8892,0.0674,0.07866883116883117,0.9447090909090909,0.0913,231.0,-15945.458178,48,0.10631,3.49728,6.456188,0.8204,7.7171,0.0017,0.016,0.1063,0.0152,0.1429,0.1063,0.8031,7.5583,0.1062540518370533,46,-15939.40984,49.0,0.8226,7.8833,0.1104,0.0001,0.0017,0.0158,0.1104,0.0,0.4332,0.0001,0.8207,7.4347,0.11038777623844942,46.0,12.096676000001025,0.0005051179084139069,True,False
ENSG00000100412,ok,not_requested,ok,23,780,253.0,0.032,1.7442,0.0184,0.028025238095238096,0.6309652380952381,0.0286,210.0,-14108.647432,46,0.05269,2.84375,4.108033,0.2867,5.442,0.0005,0.0099,0.0527,0.0092,0.1742,0.0527,0.2771,5.2581999999999995,0.052698642120877874,44,-14108.647436,47.0,0.2867,5.442,0.05269,0.91883,0.0005,0.0099,0.0527,0.0,0.0,0.9188,0.2863,5.4324,0.052702304690376255,44.0,-7.99999907030724e-06,1.0,True,False
ENSG00000100522,ok,not_requested,ok,23,183,253.0,0.0675,1.2075,0.0559,0.0449,0.3236009523809524,0.03215,210.0,-2962.425504,46,0.09587,2.38781,4.421443,0.4577,4.7739,0.0,0.0,0.0959,0.0257,0.2682,0.0959,0.4322,4.506,0.09591655570350642,44,-2958.74443,47.0,0.4535,4.829,0.10766,0.0001,0.0,0.0,0.1077,0.0001,0.6176,0.0001,0.4532,4.2114,0.10761267037089803,44.0,7.362147999999252,0.006661116898876957,True,False
ENSG00000100554,ok,not_requested,ok,21,225,210.0,0.0045,1.2526,0.0036,0.08623801169590643,0.34284619883040934,0.03195,171.0,-3530.519309,42,0.07131,2.39555,8.884727,0.664,9.3122,0.0,0.0,0.0713,0.0231,0.3244,0.0713,0.6411,8.9879,0.07132923152238009,40,-3520.048715,43.0,0.6579,7.945,0.09367,0.0199,0.0,0.0,0.0937,0.0233,1.1693,0.0199,0.6345,6.775399999999999,0.09364760752132716,40.0,20.941187999999784,4.736013351879985e-06,True,False
ENSG00000100629,timeout(3600s),not_requested,ok,24,1093,276.0,0.2508,0.7213,0.3477,0.10211428571428571,0.37603896103896106,0.2448,231.0,-26195.727162,48,0.26744,2.13619,5.628245,1.1096,4.149,0.002,0.0074,0.2674,0.0368,0.1377,0.2674,1.0708,4.0042,0.2674192098296788,46,,,,,,,,,,,,,,,,,,,,
ENSG00000101161,ok,not_requested,ok,23,940,253.0,0.0124,1.0492,0.0118,0.01273,0.5783095238095238,0.020749999999999998,210.0,-16427.760466,46,0.03218,2.7568,4.207154,0.1703,5.2923,0.0004,0.0122,0.0322,0.0025,0.0792,0.0322,0.1673,5.2006,0.03216936507326078,44,-16407.765125,47.0,0.1702,5.3226,0.03511,0.0001,0.0004,0.0121,0.0351,0.0,0.4783,0.0001,0.1698,4.8319,0.03514145574204764,44.0,39.99068199999601,2.551772275614354e-10,True,False
ENSG00000101189,ok,not_requested,ok,21,200,210.0,0.0826,1.2911,0.064,0.1569654970760234,0.7407713450292398,0.0696,171.0,-4980.239942,42,0.12691,1.69338,9.135149,1.2534,9.8761,0.0014,0.0113,0.1269,0.0275,0.2164,0.1269,1.2243,9.6483,0.1268928204968751,40,-4980.239942,43.0,1.2534,9.8761,0.12691,0.65859,0.0014,0.0113,0.1269,0.0,0.0,0.6586,1.2518,9.864700000000001,0.12689691526351535,40.0,0.0,1.0,True,False
ENSG00000101190,ok,not_requested,ok,24,479,276.0,0.1151,1.2974,0.0887,0.07367575757575758,0.6504632034632034,0.1408,231.0,-10043.126812,48,0.14747,2.21767,6.788416,0.8969,6.0818,0.0011,0.0078,0.1475,0.0006,0.004,0.1475,0.895,6.0704,0.1474367422245651,46,-10042.917543,49.0,0.8963,6.0868,0.14599,15.7198,0.0011,0.0078,0.146,0.0078,0.0005,15.7198,0.8872,6.0786,0.14595466061264106,46.0,0.4185380000017176,0.5176674567290496,True,False
ENSG00000101447,ok,not_requested,ok,21,580,210.0,0.2273,1.2171,0.1868,0.11140584795321637,0.6993695906432749,0.1664,171.0,-13820.331708,42,0.20809,2.93074,5.63194,0.9687,4.6551,0.0019,0.009,0.2081,0.0156,0.0752,0.2081,0.9512,4.571,0.20809450886020567,40,-13820.331708,43.0,0.9687,4.6551,0.20809,1.78856,0.0019,0.009,0.2081,0.0,0.0,1.7886,0.9669,4.6462,0.20810554862037792,40.0,0.0,1.0,True,False
ENSG00000101557,ok,not_requested,ok,23,493,253.0,0.0453,0.6561,0.069,0.02945047619047619,0.3565395238095238,0.03585,210.0,-7479.141436,46,0.08416,2.09663,2.975513,0.2775,3.2972,0.0006,0.0071,0.0842,0.0124,0.1478,0.0842,0.2647,3.1422,0.08424034116224302,44,-7476.438358,47.0,0.2774,3.306,0.08868,0.0001,0.0006,0.007,0.0887,0.0,0.1778,0.0001,0.2769,3.1212,0.08871587850826605,44.0,5.4061559999991005,0.020065855044643248,True,False
ENSG00000101986,ok,not_requested,ok,24,732,276.0,0.0786,4.1334,0.019,0.04241082251082251,0.8602363636363637,0.0481,231.0,-15190.688527,48,0.05347,4.44639,5.827652,0.414,7.7435,0.0004,0.0078,0.0535,0.0039,0.0723,0.0535,0.4099,7.6634,0.05348800793381527,46,-15189.69296,49.0,0.4143,7.8253,0.0544,0.0001,0.0004,0.0078,0.0544,0.0,0.2108,0.0001,0.4139,7.6067,0.05441255735075657,46.0,1.9911339999998745,0.15822236018282437,True,False
ENSG00000102098,ok,not_requested,ok,22,694,231.0,0.2672,0.9302,0.2873,0.17549894736842106,0.4120894736842105,0.41775,190.0,-17165.690812,44,0.37638,2.47263,6.72931,1.5742,4.1825,0.0007,0.0018,0.3764,0.0661,0.1756,0.3764,1.5075,4.0052,0.37638569859183063,42,-17124.268513,45.0,1.5766,4.2603,0.42254,0.1105,0.0007,0.0017,0.4225,0.0792,0.7164,0.1105,1.4967,3.5421,0.42254594731938677,42.0,82.84459800000332,8.876449997614201e-20,True,False
ENSG00000103194,ok,not_requested,ok,22,794,231.0,0.1194,0.7426,0.1608,0.10044947368421053,0.6258015789473684,0.17935,190.0,-18982.180198,44,0.18464,3.01306,5.820988,0.8585,4.6496,0.0025,0.0133,0.1846,0.0419,0.2268,0.1846,0.8144,4.4094999999999995,0.18469214196620934,42,-18980.028149,45.0,0.8575,4.6687,0.18909,0.0001,0.0025,0.0132,0.1891,0.0,0.1339,0.0001,0.855,4.5215,0.18909653875926133,42.0,4.304097999993246,0.03802065254899263,True,False
ENSG00000103266,ok,not_requested,ok,23,303,253.0,0.0475,2.4944,0.019,0.018155238095238096,1.0465047619047618,0.012799999999999999,210.0,-4691.04878,46,0.02118,4.56624,4.468376,0.1583,7.4745,0.0001,0.0063,0.0212,0.0043,0.2019,0.0212,0.1537,7.2661,0.021153025694664263,44,-4689.773419,47.0,0.1588,7.6408,0.0224,0.0001,0.0001,0.0063,0.0224,0.0001,0.5542,0.0001,0.1584,7.0805,0.022371301461761178,44.0,2.5507219999999506,0.11024386545033543,True,False
ENSG00000103460,ok,not_requested,ok,22,570,231.0,0.0689,0.7369,0.0936,0.0425721052631579,0.3868184210526316,0.0944,190.0,-10078.06222,44,0.10536,2.29618,4.140658,0.4058,3.8515,0.0002,0.0017,0.1054,0.0119,0.1126,0.1054,0.3935,3.7371,0.10529555002542079,42,-10078.062221,45.0,0.4058,3.8515,0.10536,5.36543,0.0002,0.0017,0.1054,0.0,0.0,5.3654,0.4054,3.8498,0.10530417164528026,42.0,-2.0000006770715117e-06,1.0,True,False
ENSG00000104142,ok,not_requested,ok,24,973,276.0,0.0713,1.5677,0.0455,0.02112034632034632,0.6490796536796537,0.0312,231.0,-17667.687345,48,0.03709,4.34699,5.242535,0.241,6.4967,0.0002,0.0052,0.0371,0.0025,0.0665,0.0371,0.2382,6.4252,0.037072775944717674,46,-17665.929736,49.0,0.2408,6.337,0.03571,0.04825,0.0002,0.0052,0.0357,0.0557,1.1548,0.0482,0.1849,5.1769,0.03571635534779501,46.0,3.515218000000459,0.06080765668969148,True,False
ENSG00000105058,ok,not_requested,ok,18,106,153.0,0.1331,1.5125,0.088,0.03298,0.550045,0.0,120.0,-1490.692371,36,0.02393,2.1644,7.025486,0.2691,11.243,0.0,0.0,0.0239,0.0021,0.0888,0.0239,0.2667,11.154200000000001,0.023910275949866416,34,-1490.681809,37.0,0.2694,11.6106,0.02295,272.06296,0.0,0.0,0.023,0.0029,0.0,272.063,0.2664,11.6105,0.02294474828818742,34.0,0.021124000000327214,0.8844416621197901,True,False
ENSG00000105135,ok,not_requested,ok,24,630,276.0,0.138,1.1908,0.1159,0.06676623376623377,0.5658121212121212,0.1127,231.0,-14685.461074,48,0.11764,4.25731,6.128452,0.6686,5.6833,0.0007,0.0061,0.1176,0.024,0.2038,0.1176,0.6442,5.4733,0.11769864615497048,46,-14681.13751,49.0,0.6682,5.7917,0.12196,0.0001,0.0007,0.0061,0.122,0.0,0.3131,0.0001,0.6676,5.4726,0.12198954792968607,46.0,8.64712800000052,0.0032757731056679558,True,False
ENSG00000105321,ok,not_requested,ok,22,570,231.0,0.1777,3.3511,0.053,0.055156315789473685,0.7020915789473684,0.0758,190.0,-14711.640762,44,0.16594,2.56993,8.142955,1.2186,7.3435,0.0027,0.0164,0.1659,0.0,0.0,0.1659,1.2158,7.3269,0.16593648063983404,42,-14693.060685,45.0,1.2069,36.1671,0.17568,0.00485,0.0028,0.0161,0.1757,0.146,30.1283,0.0048,1.058,6.0227,0.17566872000929815,42.0,37.16015400000106,1.088146580979549e-09,True,False
ENSG00000105538,ok,not_requested,ok,23,962,253.0,0.0548,2.1859,0.0251,0.04329,0.4201138095238095,0.033049999999999996,210.0,-18716.208774,46,0.06888,2.7277,10.40005,0.796,11.5552,0.0008,0.0118,0.0689,0.0251,0.3648,0.0689,0.7699,11.1785,0.06887328353535806,44,-18716.208775,47.0,0.796,11.5551,0.06889,0.47362,0.0008,0.0118,0.0689,0.0,0.0,0.4736,0.795,11.5433,0.0688711200436617,44.0,-2.0000006770715117e-06,1.0,True,False
ENSG00000105639,ok,not_requested,ok,21,1100,210.0,0.2005,2.1323,0.0941,0.12523333333333334,1.0915730994152046,0.0875,171.0,-25693.527402,42,0.09743,2.86468,9.496876,1.0217,10.4869,0.0006,0.0064,0.0974,0.0,0.0,0.0974,1.021,10.4806,0.09741808675075853,40,-25693.527402,43.0,1.0217,10.4869,0.09743,0.77022,0.0006,0.0064,0.0974,0.0,0.0,0.7702,1.021,10.4806,0.09741808675075853,40.0,0.0,1.0,True,False
ENSG00000105664,ok,not_requested,ok,22,751,231.0,0.0884,3.0675,0.0288,0.04114947368421053,1.2449631578947369,0.03135,190.0,-15201.561931,44,0.05661,2.78715,5.481401,0.4331,7.6506,0.0004,0.0078,0.0566,0.0153,0.2708,0.0566,0.4173,7.3716,0.05660914862445059,42,-15201.561932,45.0,0.4331,7.6506,0.05661,0.47242,0.0004,0.0078,0.0566,0.0,0.0,0.4724,0.4326,7.6424,0.05660525489375065,42.0,-2.0000006770715117e-06,1.0,True,False
ENSG00000105852,ok,not_requested,ok,24,354,276.0,0.2913,4.0457,0.072,0.12746320346320347,0.4406064935064935,0.3292,231.0,-10073.139319,48,0.32088,2.22674,7.152037,1.5025,4.6825,0.0006,0.0019,0.3209,0.0008,0.0024,0.3209,1.5011,4.6784,0.3208575581395349,46,-10058.142088,49.0,1.4808,36.4304,0.3439,0.00493,0.0006,0.0018,0.3439,0.1606,32.5915,0.0049,1.3195,3.8369,0.3438974171857489,46.0,29.994461999998748,4.3328198753745046e-08,True,False
ENSG00000105976,ok,not_requested,ok,24,1380,276.0,0.1465,1.3007,0.1126,0.060473593073593075,0.3578813852813853,0.1703,231.0,-28175.45016,48,0.15277,2.96881,4.628125,0.6093,3.9885,0.0012,0.0077,0.1528,0.0703,0.4603,0.1528,0.538,3.5208,0.15280618041354238,46,-28175.450162,49.0,0.6093,3.9885,0.15277,1.30627,0.0012,0.0077,0.1528,0.0,0.0,1.3063,0.6083,3.9811,0.15279696566275652,46.0,-4.0000013541430235e-06,1.0,True,False
ENSG00000105982,ok,not_requested,ok,24,347,276.0,0.2214,1.2909,0.1715,0.12773290043290042,0.582191341991342,0.2189,231.0,-10235.779825,48,0.23721,2.37164,7.662249,1.3596,5.7316,0.0018,0.0077,0.2372,0.0128,0.0538,0.2372,1.3453,5.6699,0.23727049859785884,46,-10235.779825,49.0,1.3596,5.7316,0.23721,0.0001,0.0018,0.0077,0.2372,0.0,0.0,0.0001,1.3579999999999999,5.7237,0.23725911560703739,46.0,0.0,1.0,True,False
ENSG00000106624,ok,not_requested,ok,22,1078,231.0,0.0589,3.5978,0.0164,0.03526421052631579,1.3574263157894737,0.0253,190.0,-24903.046667,44,0.08671,2.98845,6.761879,0.7499,8.6482,0.0007,0.0079,0.0867,0.0171,0.1973,0.0867,0.7322,8.4431,0.08672170174461986,42,-24895.792359,45.0,0.7512,8.8657,0.08922,0.0001,0.0007,0.0079,0.0892,0.0,0.4467,0.0001,0.7505000000000001,8.411,0.08922839139222448,42.0,14.508615999999165,0.00013951995924607673,True,False
ENSG00000107104,timeout(3600s),not_requested,ok,22,1347,231.0,0.1287,1.0164,0.1266,0.07857421052631579,0.6212015789473684,0.13385,190.0,-31289.571941,44,0.1512,2.85362,5.608863,0.7721,5.1063,0.0027,0.0178,0.1512,0.0229,0.1517,0.1512,0.7465,4.9367,0.1512143739745174,42,,,,,,,,,,,,,,,,,,,,
ENSG00000107186,ok,not_requested,ok,23,2067,253.0,0.1383,0.8867,0.156,0.0595547619047619,0.36452904761904764,0.15595,210.0,-40722.769249,46,0.17129,2.83697,4.115763,0.5869,3.4262,0.0008,0.0044,0.1713,0.0529,0.3088,0.1713,0.5333,3.113,0.17131384516543527,44,-40722.766618,47.0,0.5868,3.4271,0.17141,0.16593,0.0008,0.0044,0.1714,0.0187,0.1128,0.1659,0.5673,3.3101,0.17138455031570046,44.0,0.005261999991489574,0.9421724569838407,True,False
ENSG00000107719,ok,not_requested,ok,23,851,253.0,0.1693,1.8272,0.0926,0.17953142857142856,1.4746138095238095,0.1136,210.0,-20021.01209,46,0.14341,4.09478,6.251834,0.9642,6.7236,0.0034,0.0236,0.1434,0.0532,0.3713,0.1434,0.9074,6.3286,0.143380842524413,44,-20021.012091,47.0,0.9642,6.7236,0.14341,0.75146,0.0034,0.0236,0.1434,0.0,0.0,0.7515,0.9607,6.7,0.14338805970149254,44.0,-2.0000006770715117e-06,1.0,True,False
ENSG00000107736,ok,not_requested,ok,21,3352,210.0,0.0973,1.7125,0.0568,0.0405046783625731,0.7303309941520468,0.0321,171.0,-53741.670481,42,0.05311,4.37267,4.229021,0.3034,5.7127,0.0009,0.0162,0.0531,0.011,0.2065,0.0531,0.2916,5.4902,0.05311281920512915,40,-53741.670482,43.0,0.3034,5.7127,0.05311,1.18157,0.0009,0.0162,0.0531,0.0,0.0,1.1816,0.3026,5.6967,0.053118472097881224,40.0,-2.0000006770715117e-06,1.0,True,False
ENSG00000107745,ok,not_requested,ok,24,474,276.0,0.0579,0.7474,0.0775,0.037447186147186146,0.38318441558441557,0.0708,231.0,-8417.093863,48,0.11077,2.40343,3.858115,0.4097,3.6985,0.0005,0.0042,0.1108,0.0157,0.142,0.1108,0.3934,3.5524999999999998,0.11073891625615766,46,-8413.953548,49.0,0.4094,3.7212,0.11686,0.06144,0.0005,0.0042,0.1169,0.0282,0.459,0.0614,0.38079999999999997,3.2582999999999998,0.11687076082619771,46.0,6.280630000001111,0.01220646986391133,True,False
ENSG00000107771,ok,not_requested,ok,24,1046,276.0,0.2026,0.8081,0.2507,0.07755108225108225,0.3636376623376623,0.2146,231.0,-23827.498942,48,0.28243,2.7527,5.268483,1.0732,3.8001,0.001,0.0035,0.2824,0.0342,0.1213,0.2824,1.0378,3.6754,0.2823638243456495,46,-23826.113358,49.0,1.0749,3.7779,0.27753,999.0,0.001,0.0036,0.2775,0.0264,0.0,999.0,1.0473,3.7742999999999998,0.277481917176695,46.0,2.7711679999993066,0.09597610573017805,True,False
ENSG00000107833,ok,not_requested,ok,20,175,190.0,0.148,1.9625,0.0754,0.06339869281045751,0.6376209150326797,0.1016,153.0,-4078.008812,40,0.15296,2.64342,6.765863,0.9141,5.9762,0.0,0.0,0.153,0.0089,0.0583,0.153,0.9054,5.9178,0.15299604582784143,38,-4078.008812,41.0,0.9141,5.9761,0.15296,0.51855,0.0,0.0,0.153,0.0,0.0,0.5185,0.9143,5.9762,0.15299019443793713,38.0,0.0,1.0,True,False
ENSG00000107968,ok,not_requested,ok,24,467,276.0,0.0559,0.8723,0.0641,0.039333766233766235,0.6130406926406926,0.0512,231.0,-9914.763108,48,0.06522,2.14651,5.683456,0.3946,6.0496,0.0011,0.0163,0.0652,0.0061,0.0942,0.0652,0.3877,5.9392000000000005,0.06527815193965517,46,-9913.933072,49.0,0.3946,6.0713,0.06673,0.04868,0.0011,0.0163,0.0667,0.0285,0.5864,0.0487,0.3648,5.4685,0.0667093352838987,46.0,1.6600719999987632,0.19759360284495672,True,False
ENSG00000108010,ok,not_requested,ok,22,334,231.0,0.0767,1.5415,0.0498,0.025213684210526315,0.36530473684210524,0.0534,190.0,-6974.595103,44,0.14476,2.26634,5.482235,0.6933,4.7891,0.0008,0.0053,0.1448,0.0182,0.1254,0.1448,0.6746,4.6582,0.14481988751019706,42,-6974.595104,45.0,0.6933,4.7892,0.14476,1.1922,0.0008,0.0053,0.1448,0.0,0.0,1.1922,0.6927,4.7837000000000005,0.14480423103455484,42.0,-2.0000006770715117e-06,1.0,True,False
ENSG00000108375,ok,not_requested,ok,24,780,276.0,0.231,1.1959,0.1932,0.09212077922077921,0.3564588744588745,0.233,231.0,-18393.297804,48,0.24061,3.5635,6.106925,1.0591,4.4018,0.0018,0.0076,0.2406,0.0072,0.0298,0.2406,1.0503,4.3646,0.24064060853228245,46,-18389.648032,49.0,1.0555,4.5552,0.24953,0.17354,0.0019,0.0074,0.2495,0.1855,1.0687,0.1735,0.8684,3.4793,0.24959043485758628,46.0,7.299544000001333,0.006897211292763108,True,False
ENSG00000108423,ok,not_requested,ok,24,453,276.0,0.1305,0.7217,0.1809,0.062148051948051945,0.3893978354978355,0.1661,231.0,-9188.4904,48,0.17554,2.91244,4.276674,0.6308,3.5936,0.0007,0.0038,0.1755,0.0345,0.1963,0.1755,0.5958,3.3937,0.17556059757786488,46,-9188.490401,49.0,0.6308,3.5936,0.17554,3.24446,0.0007,0.0038,0.1755,0.0,0.0,3.2445,0.6303,3.59,0.17557103064066854,46.0,-1.9999970390927047e-06,1.0,True,False
ENSG00000108599,ok,not_requested,ok,24,660,276.0,0.0622,0.5305,0.1172,0.0473965367965368,0.28205670995670995,0.1377,231.0,-12162.058733,48,0.18275,2.72236,3.691243,0.5499,3.0091,0.0019,0.0103,0.1827,0.0079,0.0433,0.1827,0.5401,2.9556,0.1827378535661118,46,-12154.285725,49.0,0.55,3.0178,0.19258,0.07831,0.002,0.0102,0.1926,0.0213,0.2724,0.0783,0.5269,2.7351,0.19264377902087676,46.0,15.546016000000236,8.052115386246854e-05,True,False
ENSG00000109576,ok,not_requested,ok,21,423,210.0,0.3378,1.0986,0.3075,0.248006432748538,0.385053216374269,0.5904,171.0,-10421.203563,42,0.28206,2.20228,6.413889,1.2685,4.4972,0.002,0.0069,0.2821,0.0025,0.0088,0.2821,1.2642,4.4813,0.2821056389886863,40,-10392.995436,43.0,1.2636,4.6584,0.31803,0.03168,0.0021,0.0065,0.318,0.0241,0.7611,0.0317,1.2376,3.8908,0.31808368458928754,40.0,56.41625399999975,5.864359154803128e-14,True,False
ENSG00000109943,ok,not_requested,ok,23,389,253.0,0.426,0.8248,0.5165,0.20049666666666666,0.592372380952381,0.2854,210.0,-12000.370642,46,0.36904,2.42807,9.071011,2.0712,5.6123,0.0042,0.0113,0.369,0.0771,0.209,0.369,1.9899,5.3917,0.36906727006324536,44,-11997.675162,47.0,2.0689,5.6947,0.37989,0.0001,0.0042,0.0111,0.3799,0.0,0.2487,0.0001,2.0647,5.4349,0.3798965942335646,44.0,5.390960000000632,0.02024133197524327,True,False
ENSG00000110756,ok,not_requested,ok,23,1117,253.0,0.2464,1.3056,0.1887,0.08598714285714286,0.34436904761904763,0.25134999999999996,210.0,-24849.835842,46,0.24,3.34548,5.207761,0.9184,3.8265,0.0019,0.008,0.24,0.0367,0.1529,0.24,0.8796,3.666,0.23993453355155483,44,-24849.835842,47.0,0.9184,3.8265,0.24,0.90547,0.0019,0.008,0.24,0.0,0.0,0.9055,0.9163,3.8189,0.23993820210008115,44.0,0.0,1.0,True,False
ENSG00000110851,ok,not_requested,ok,23,797,253.0,0.0467,1.1035,0.0423,0.025532380952380952,0.4289538095238095,0.06205000000000001,210.0,-12300.644507,46,0.06866,3.01139,3.662367,0.2555,3.7217,0.0003,0.004,0.0687,0.0104,0.1519,0.0687,0.2453,3.5659,0.06879048767492077,44,-12300.644508,47.0,0.2555,3.7217,0.06866,0.93696,0.0003,0.004,0.0687,0.0,0.0,0.937,0.2557,3.7178,0.0687772338479746,44.0,-1.9999970390927047e-06,1.0,True,False
ENSG00000111481,ok,not_requested,ok,22,174,231.0,0.0386,0.9945,0.0388,0.05291947368421052,0.19866842105263158,0.2439,190.0,-3392.312585,44,0.18629,1.87604,4.178903,0.6638,3.5633,0.0009,0.0049,0.1863,0.0352,0.189,0.1863,0.6276,3.3695,0.18625908888559134,42,-3357.203475,45.0,0.6726,4.3231,0.24123,0.01106,0.0011,0.0045,0.2412,0.0178,1.6087,0.0111,0.654,2.7097,0.24135513156437982,42.0,70.21822000000066,5.309377682118234e-17,True,False
ENSG00000111669,ok,not_requested,ok,17,286,136.0,0.0594,3.7146,0.016,0.02505142857142857,0.43172666666666665,0.0456,105.0,-4711.374559,34,0.09428,2.29442,4.390504,0.4364,4.6282,0.0018,0.0188,0.0943,0.0196,0.2083,0.0943,0.4149,4.4013,0.09426760275373185,32,-4705.537005,35.0,0.438,6.184,0.10465,0.01682,0.0019,0.0183,0.1047,0.0401,2.3817,0.0168,0.3962,3.7837,0.10471231862991252,32.0,11.675107999999454,0.0006334186366047486,True,False
ENSG00000111832,ok,not_requested,ok,16,218,120.0,0.2311,1.1251,0.2054,0.021132967032967034,0.3510747252747253,0.0559,91.0,-2799.302518,32,0.04834,2.01846,4.969171,0.2901,6.0012,0.0,0.0,0.0483,0.0235,0.4852,0.0483,0.2667,5.5161,0.04834937727742427,30,-2799.302519,33.0,0.2901,6.0013,0.04834,3.44011,0.0,0.0,0.0483,0.0,0.0,3.4401,0.2902,6.001399999999999,0.04835538374379312,30.0,-1.99999976757681e-06,1.0,True,False
ENSG00000111906,ok,not_requested,ok,24,202,276.0,0.2218,1.2375,0.1793,0.07262510822510823,0.46631688311688313,0.1671,231.0,-5267.594993,48,0.16493,1.80532,6.706306,0.9572,5.8038,0.003,0.018,0.1649,0.0497,0.3016,0.1649,0.9047,5.484,0.16497082421590079,46,-5267.204094,49.0,0.9557,5.9286,0.16807,0.1316,0.003,0.0178,0.1681,0.147,1.117,0.1316,0.8056,4.7941,0.16803988235539516,46.0,0.7817979999999807,0.3765918109718963,True,False
ENSG00000112306,ok,not_requested,ok,15,137,105.0,0.0071,0.786,0.009,0.0053474358974358975,0.2884974358974359,0.0,78.0,-1340.132076,30,0.01333,2.40632,1.879307,0.0287,2.1511,0.0002,0.0182,0.0133,0.0021,0.1559,0.0133,0.0263,1.977,0.013302984319676277,28,-1338.515632,31.0,0.0288,2.163,0.01641,0.0001,0.0003,0.018,0.0164,0.0,0.4085,0.0001,0.0285,1.7362,0.016415159543831357,28.0,3.2328880000000026,0.07217330613972302,True,False
ENSG00000112320,ok,not_requested,ok,21,868,210.0,0.0694,0.5751,0.1208,0.014508771929824561,0.20810350877192982,0.052,171.0,-12272.947542,42,0.10284,1.92179,2.942904,0.3087,3.0018,0.0009,0.0085,0.1028,0.0232,0.2251,0.1028,0.2848,2.7683,0.10287902322725138,40,-12267.648923,43.0,0.3093,2.9424,0.09423,0.14774,0.0008,0.0086,0.0942,0.0885,0.5992,0.1477,0.22,2.3346,0.0942345583825923,40.0,10.59723799999847,0.0011325672293487996,True,False
ENSG00000112874,ok,not_requested,ok,24,461,276.0,0.1058,0.9725,0.1088,0.04835930735930736,0.37046753246753245,0.1266,231.0,-8133.41613,48,0.133,2.86243,3.858072,0.4835,3.6352,0.002,0.015,0.133,0.0288,0.2165,0.133,0.4527,3.4039,0.13299450630159523,46,-8133.274337,49.0,0.4832,3.6461,0.1347,0.12005,0.002,0.0149,0.1347,0.0646,0.5384,0.12,0.4167,3.0928,0.1347322814278324,46.0,0.28358599999955914,0.5943604003528575,True,False
ENSG00000113558,ok,not_requested,ok,17,147,136.0,-0.0,0.5994,0.0,0.027345714285714286,0.27021428571428574,0.0845,105.0,-1917.029326,34,0.0846,1.72654,2.425993,0.2266,2.6791,0.0,0.0,0.0846,0.0227,0.2683,0.0846,0.2038,2.4109,0.08453274710688956,32,-1903.254131,35.0,0.2273,2.8481,0.10409,0.0001,0.0,0.0,0.1041,0.0001,0.6654,0.0001,0.2273,2.1825,0.10414662084765178,32.0,27.550390000000334,1.530545049373784e-07,True,False
ENSG00000113569,ok,not_requested,ok,24,1390,276.0,0.0564,1.1731,0.0481,0.02515974025974026,0.3960917748917749,0.0591,231.0,-22974.376911,48,0.06467,2.97913,3.63212,0.2502,3.8688,0.0004,0.0063,0.0647,0.024,0.3708,0.0647,0.2258,3.4916,0.06466949249627678,46,-22971.086728,49.0,0.2493,3.8996,0.06733,0.0001,0.0004,0.0063,0.0673,0.0,0.1965,0.0001,0.2488,3.6967,0.06730327048448616,46.0,6.580366000001959,0.010310968924282161,True,False
ENSG00000113595,ok,not_requested,ok,23,571,253.0,0.0732,1.7201,0.0425,0.019211904761904763,0.3524147619047619,0.03795,210.0,-8481.284976,46,0.05297,2.41995,3.578934,0.214,4.039,0.0004,0.0083,0.053,0.0513,0.9688,0.053,0.1619,3.0618,0.052877392383565223,44,-8481.283495,47.0,0.2141,4.0361,0.05289,0.09908,0.0004,0.0083,0.0529,0.0014,0.0136,0.0991,0.2122,4.0139,0.052866289643488884,44.0,0.002962000002298737,0.9565971513537082,True,False
ENSG00000113621,ok,not_requested,ok,23,346,253.0,0.2173,1.1343,0.1916,0.1086252380952381,0.6483514285714286,0.16515000000000002,210.0,-9413.34699,46,0.21922,2.1511,6.967507,1.1636,5.3079,0.0015,0.0068,0.2192,0.0122,0.0556,0.2192,1.1498,5.2452,0.21920994433005414,44,-9413.007674,47.0,1.1626,5.3348,0.22184,0.0001,0.0015,0.0068,0.2218,0.0,0.0943,0.0001,1.1607,5.2342,0.22175308547629055,44.0,0.6786319999991974,0.4100581883360873,True,False
ENSG00000113734,ok,not_requested,ok,21,217,210.0,0.0919,0.9941,0.0924,0.048503508771929826,0.4752789473684211,0.0748,171.0,-4573.691512,42,0.14656,1.8276,5.110428,0.7007,4.781,0.0006,0.0043,0.1466,0.0417,0.2843,0.1466,0.6581,4.4925,0.14648859209794102,40,-4573.691513,43.0,0.7007,4.781,0.14656,0.28674,0.0006,0.0043,0.1466,0.0,0.0,0.2867,0.6997,4.7768,0.14647881426896667,40.0,-1.999998858082108e-06,1.0,True,False
ENSG00000114248,ok,not_requested,ok,21,552,210.0,0.2655,0.7703,0.3446,0.13427894736842105,0.4289637426900585,0.3236,171.0,-14336.681119,42,0.37249,3.12199,6.797393,1.5232,4.0891,0.0016,0.0043,0.3725,0.0543,0.1458,0.3725,1.4674,3.9389,0.37254055700830185,40,-14335.564218,43.0,1.5214,4.1324,0.38005,0.28278,0.0016,0.0042,0.3801,0.1427,0.5048,0.2828,1.3773,3.6237,0.38008113254408477,40.0,2.23380200000247,0.1350212388928549,True,False
ENSG00000114446,ok,not_requested,ok,24,409,276.0,0.1161,0.8011,0.145,0.04155930735930736,0.29624458874458875,0.1141,231.0,-7210.724253,48,0.11517,2.50612,3.842764,0.416,3.6123,0.0008,0.007,0.1152,0.0384,0.3335,0.1152,0.3769,3.2717,0.11520004890423939,46,-7208.933189,49.0,0.4149,3.7195,0.12155,0.08315,0.0008,0.0069,0.1215,0.0805,0.9679,0.0831,0.3336,2.7448,0.12153890993879335,46.0,3.5821280000000115,0.0584042899517827,True,False
ENSG00000114491,ok,not_requested,ok,23,480,253.0,0.2439,4.35,0.0561,0.08037571428571429,0.4116314285714286,0.17665,210.0,-12206.786572,46,0.19123,2.29754,6.962842,1.0507,5.4942,0.0025,0.0129,0.1912,0.0445,0.2325,0.1912,1.0033,5.2488,0.1911484529797287,44,-12206.786572,47.0,1.0506,5.4942,0.19123,0.67335,0.0025,0.0129,0.1912,0.0,0.0,0.6734,1.0478,5.4813,0.19115903161658732,44.0,0.0,1.0,True,False
ENSG00000114541,ok,not_requested,ok,24,1034,276.0,0.1034,1.042,0.0992,0.04861385281385281,0.535948051948052,0.0856,231.0,-20320.215473,48,0.10302,2.28675,4.613879,0.4733,4.5942,0.0005,0.0049,0.103,0.0251,0.2436,0.103,0.4479,4.3454,0.10307451557969348,46,-20317.766589,49.0,0.4737,4.5682,0.10003,0.31868,0.0005,0.0049,0.1,0.0244,0.0764,0.3187,0.4487,4.4871,0.09999777138909317,46.0,4.897768000002543,0.026891431248518213,True,False
ENSG00000114988,ok,not_requested,ok,23,342,253.0,0.0625,1.2601,0.0496,0.03536238095238095,0.6541271428571429,0.033699999999999994,210.0,-5959.236963,46,0.08286,3.45462,4.298263,0.3795,4.5803,0.0,0.0,0.0829,0.0108,0.1305,0.0829,0.3686,4.4498999999999995,0.08283332209712578,44,-5958.954999,47.0,0.38,4.6064,0.08459,0.0001,0.0,0.0,0.0846,0.0,0.114,0.0001,0.3798,4.4924,0.08454278336746505,44.0,0.5639280000013969,0.4526819069871745,True,False
ENSG00000115109,ok,not_requested,ok,23,731,253.0,0.2617,0.5049,0.5182,0.2509304761904762,0.3391057142857143,0.7805,210.0,-16689.664012,46,0.22531,3.05924,5.317486,0.9156,4.0639,0.0008,0.0035,0.2253,0.0061,0.0273,0.2253,0.9085,4.0332,0.22525538034315185,44,-16689.664012,47.0,0.9156,4.0639,0.22531,0.59246,0.0008,0.0035,0.2253,0.0,0.0,0.5925,0.9146,4.0605,0.22524319665065876,44.0,0.0,1.0,True,False
ENSG00000115137,ok,not_requested,ok,24,263,276.0,0.0906,3.9017,0.0232,0.04612077922077922,0.4214134199134199,0.0822,231.0,-5131.532667,48,0.09148,2.25248,5.138142,0.4752,5.1944,0.0007,0.0081,0.0915,0.0481,0.5262,0.0915,0.4261,4.6602,0.09143384404102828,46,-5124.551723,49.0,0.4727,5.8734,0.10226,0.03835,0.0008,0.0078,0.1023,0.0768,2.0022,0.0384,0.3952,3.8635,0.1022906690824382,46.0,13.961888000001636,0.00018655421846003944,True,False
ENSG00000115216,ok,not_requested,ok,24,535,276.0,0.0364,1.0946,0.0332,0.004266666666666667,0.22774632034632034,0.0142,231.0,-6560.252137,48,0.02389,3.50322,2.577118,0.0679,2.8431,0.0002,0.0104,0.0239,0.0089,0.3712,0.0239,0.0586,2.4616,0.023805654858628535,46,-6560.147719,49.0,0.0679,2.8318,0.02311,0.02631,0.0002,0.0104,0.0231,0.0204,0.7751,0.0263,0.047,2.0464,0.022967161845191552,46.0,0.20883600000161096,0.6476812688794371,True,False
ENSG00000115268,ok,not_requested,ok,20,144,190.0,-0.0,2.332,0.0,0.14357843137254903,1.7756888888888889,0.0782,153.0,-3920.291302,40,0.04442,3.56417,19.677306,1.5216,34.254,0.0033,0.0747,0.0444,0.0093,0.21,0.0444,1.5088,33.9693,0.044416576143753335,38,-3904.515117,41.0,1.5256,29.8442,0.05394,0.0001,0.0038,0.0707,0.0539,0.0002,1.5617,0.0001,1.5214,28.2119,0.05392759792853371,38.0,31.552370000000337,1.9413329495380627e-08,True,False
ENSG00000115286,ok,not_requested,ok,21,210,210.0,-0.0,3.0879,0.0,0.067146783625731,1.5435736842105263,0.0083,171.0,-5676.80768,42,0.10733,2.32605,8.714763,1.0609,9.8845,0.0,0.0,0.1073,0.0155,0.1441,0.1073,1.0451,9.7407,0.10729208373114868,40,-5675.168088,43.0,1.0584,9.9591,0.11172,0.06151,0.0,0.0,0.1117,0.0665,1.0818,0.0615,0.9919,8.8771,0.11173694111815795,40.0,3.279183999999077,0.07016380573454187,True,False
ENSG00000115474,ok,not_requested,ok,24,360,276.0,0.0664,0.8041,0.0826,0.03666623376623376,0.25974415584415583,0.1337,231.0,-5762.279879,48,0.11744,3.56836,3.460189,0.3582,3.0501,0.0003,0.0026,0.1174,0.031,0.2643,0.1174,0.32689999999999997,2.7831,0.1174589486543782,46,-5762.279879,49.0,0.3582,3.0501,0.11744,0.54793,0.0003,0.0026,0.1174,0.0,0.0,0.5479,0.3579,3.0474,0.1174443788147273,46.0,0.0,1.0,True,False
ENSG00000115486,ok,not_requested,ok,24,756,276.0,0.137,2.7252,0.0503,0.056916017316017316,0.37210952380952383,0.149,231.0,-15667.166281,48,0.15137,2.95923,4.588526,0.6102,4.0309,0.0015,0.0099,0.1514,0.0327,0.2161,0.1514,0.5761,3.805,0.15140604467805516,46,-15653.207845,49.0,0.6117,4.2521,0.16263,0.0001,0.0016,0.0097,0.1626,0.0,0.4913,0.0001,0.61,3.7513,0.16261029509769945,46.0,27.916871999997966,1.266406681999674e-07,True,False
ENSG00000115568,ok,not_requested,ok,8,1802,28.0,0.2914,2.873,0.1014,0.047946666666666665,0.2910933333333333,0.168,15.0,-17530.986401,16,0.15299,2.94506,3.140478,0.427,2.7911,0.0014,0.0094,0.153,0.101,0.6603,0.153,0.3246,2.1217,0.1529905264646274,14,-17522.246932,17.0,0.4238,3.9443,0.17465,0.09324,0.0016,0.009,0.1747,0.3035,3.2555,0.0932,0.1187,0.6798,0.1746101794645484,14.0,17.4789380000002,2.9050830113937426e-05,True,False
ENSG00000115760,ok,not_requested,ok,23,4855,253.0,0.0402,0.9123,0.0441,0.016954761904761903,0.3425595238095238,0.047799999999999995,210.0,-70334.889369,46,0.04954,3.10782,2.92469,0.1568,3.1652,0.0003,0.0067,0.0495,0.0182,0.3684,0.0495,0.1382,2.7899,0.04953582565683358,44,-70334.889377,47.0,0.1568,3.1652,0.04954,1.11771,0.0003,0.0067,0.0495,0.0,0.0,1.1177,0.1565,3.1583,0.04955197416331571,44.0,-1.6000005416572094e-05,1.0,True,False
ENSG00000115761,ok,not_requested,ok,23,687,253.0,0.0569,0.998,0.057,0.042242857142857144,0.5786757142857143,0.06340000000000001,210.0,-13784.602842,46,0.08128,1.99074,4.502923,0.3926,4.8307,0.0,0.0,0.0813,0.0083,0.1026,0.0813,0.3843,4.7283,0.08127656874563796,44,-13784.602843,47.0,0.3926,4.8307,0.08128,0.74651,0.0,0.0,0.0813,0.0,0.0,0.7465,0.3927,4.8309,0.08128920077004285,44.0,-2.0000006770715117e-06,1.0,True,False
ENSG00000115942,ok,not_requested,ok,24,576,276.0,0.1597,1.0993,0.1453,0.07594502164502165,0.34197229437229437,0.2162,231.0,-12083.468911,48,0.19797,2.6486,4.551928,0.7549,3.8131,0.0014,0.0072,0.198,0.031,0.1566,0.198,0.7222999999999999,3.6493,0.19792836982434986,46,-12062.438727,49.0,0.7474,4.0617,0.22073,0.07008,0.0015,0.0069,0.2207,0.0694,0.9898,0.0701,0.6763,3.0649,0.22065972788671734,46.0,42.06036799999856,8.84987245072451e-11,True,False
ENSG00000116096,ok,not_requested,ok,22,261,231.0,0.2991,2.6184,0.1142,0.2527,0.5724368421052631,0.23120000000000002,190.0,-6211.511939,44,0.20063,2.53925,6.209134,1.0859,5.4123,0.0029,0.0144,0.2006,0.0364,0.1815,0.2006,1.0462,5.2164,0.20055977302354114,42,-6205.137107,45.0,1.086,5.8439,0.21436,0.0001,0.003,0.014,0.2144,0.0001,0.778,0.0001,1.0829,5.052,0.21435075217735552,42.0,12.749664000000848,0.0003560731228937721,True,False
ENSG00000116885,ok,not_requested,ok,24,379,276.0,0.1007,0.6499,0.155,0.06514545454545455,0.3396017316017316,0.1848,231.0,-8280.728255,48,0.19037,2.7499,4.796378,0.7498,3.9388,0.0013,0.0066,0.1904,0.0341,0.1792,0.1904,0.7144,3.7532,0.19034423958222318,46,-8267.695882,49.0,0.75,4.0358,0.20813,0.06483,0.0013,0.0064,0.2081,0.0407,0.6279,0.0648,0.7079,3.4017,0.20810183143722255,46.0,26.064746000000014,3.3015760995042417e-07,True,False
ENSG00000116984,ok,not_requested,ok,24,1251,276.0,0.1342,3.6818,0.0365,0.050144155844155845,0.41996623376623377,0.1149,231.0,-25686.899729,48,0.09885,2.72167,5.418665,0.5095,5.1539,0.0005,0.0048,0.0988,0.0335,0.3392,0.0988,0.47559999999999997,4.8098,0.09888145037215684,46,-25686.899731,49.0,0.5095,5.1539,0.09885,1.34037,0.0005,0.0048,0.0988,0.0,0.0,1.3404,0.5091,5.149,0.09887356768304525,46.0,-4.0000013541430235e-06,1.0,True,False
ENSG00000117118,ok,not_requested,ok,19,280,171.0,0.1038,1.128,0.092,0.06972058823529412,0.7363507352941177,0.0953,136.0,-5866.299729,38,0.1153,1.86585,5.207128,0.6307,5.4697,0.0018,0.0154,0.1153,0.0262,0.227,0.1153,0.6025,5.2272,0.11526247321701868,36,-5866.299729,39.0,0.6307,5.4697,0.1153,0.51205,0.0018,0.0154,0.1153,0.0,0.0,0.5121,0.6287,5.4542,0.11526896703457885,36.0,0.0,1.0,True,False
ENSG00000117143,ok,not_requested,ok,23,521,253.0,0.1198,1.8982,0.0631,0.03775761904761905,0.38319380952380955,0.0844,210.0,-9383.947463,46,0.08521,2.78212,5.055625,0.4207,4.9379,0.0003,0.0039,0.0852,0.0537,0.6297,0.0852,0.3666,4.3046,0.08516470752218556,44,-9378.38771,47.0,0.4181,5.4074,0.09246,0.03221,0.0004,0.0038,0.0925,0.0438,1.3586,0.0322,0.3741,4.045,0.09248454882571075,44.0,11.119505999999092,0.0008542453599058699,True,False
ENSG00000117362,ok,not_requested,ok,24,262,276.0,0.2727,1.7249,0.1581,0.016404761904761905,0.1961861471861472,0.0264,231.0,-4355.231022,48,0.13317,1.93612,5.085539,0.5793,4.3502,0.0,0.0,0.1332,0.0697,0.5233,0.1332,0.5097,3.8268999999999997,0.13318874284669055,46,-4355.231022,49.0,0.5793,4.3503,0.13317,1.71538,0.0,0.0,0.1332,0.0,0.0,1.7154,0.5795,4.3502,0.13321226610270792,46.0,0.0,1.0,True,False
ENSG00000117758,ok,not_requested,ok,21,269,210.0,0.0753,1.3841,0.0544,0.029761988304093566,0.2786385964912281,0.09145,171.0,-4052.89095,42,0.11584,2.11296,2.995647,0.3431,2.9619,0.0,0.0,0.1158,0.0406,0.3506,0.1158,0.3025,2.6115,0.11583381198544898,40,-4042.14487,43.0,0.3434,3.3177,0.14213,0.0412,0.0,0.0,0.1421,0.0523,1.2699,0.0412,0.291,2.0475,0.14212454212454212,40.0,21.492159999999785,3.5527821018257943e-06,True,False
ENSG00000118257,ok,not_requested,ok,24,926,276.0,0.0827,1.2132,0.0681,0.025975757575757576,0.6135757575757576,0.04,231.0,-17079.018927,48,0.05951,2.79579,4.229553,0.3171,5.3289,0.001,0.0169,0.0595,0.0081,0.1353,0.0595,0.3078,5.1765,0.0594610257896262,46,-17067.330129,49.0,0.3182,5.259,0.055,0.12441,0.0009,0.0171,0.055,0.052,0.4176,0.1244,0.2656,4.8242,0.05505576054060777,46.0,23.377595999998448,1.3311995812913754e-06,True,False
ENSG00000118363,ok,not_requested,ok,23,226,253.0,0.1293,1.2246,0.1056,0.061,0.4291480952380952,0.07245,210.0,-5016.018871,46,0.1721,1.82594,5.780986,0.885,5.1426,0.0,0.0,0.1721,0.0335,0.1945,0.1721,0.8516,4.9478,0.17211690044059988,44,-5016.001354,47.0,0.8848,5.1509,0.17278,0.0001,0.0,0.0,0.1728,0.0,0.0296,0.0001,0.8848,5.1209999999999996,0.1727787541495802,44.0,0.03503400000045076,0.8515244321429326,True,False
ENSG00000118689,ok,not_requested,ok,24,672,276.0,0.0877,1.4164,0.0619,0.01833896103896104,0.5477186147186147,0.0343,231.0,-10698.395992,48,0.05832,3.37753,3.717507,0.2816,4.8283,0.0001,0.0022,0.0583,0.006,0.1027,0.0583,0.2756,4.7233,0.05834903563186755,46,-10689.774215,49.0,0.2811,4.6771,0.05309,21.67129,0.0001,0.0023,0.0531,0.0329,0.0015,21.6713,0.2481,4.6734,0.053087687764796505,46.0,17.243554000000586,3.288112203683399e-05,True,False
ENSG00000118939,ok,not_requested,ok,19,294,171.0,0.0262,0.6989,0.0374,0.02734264705882353,0.26392941176470586,0.0489,136.0,-3523.553117,38,0.11438,2.9532,2.320511,0.2512,2.196,0.0011,0.0094,0.1144,0.013,0.114,0.1144,0.2367,2.0726,0.11420438097076135,36,-3517.092503,39.0,0.254,2.198,0.13022,0.02981,0.0012,0.0091,0.1302,0.0096,0.3214,0.0298,0.2434,1.8675,0.13033467202141902,36.0,12.921228000000156,0.00032487665811588675,True,False
ENSG00000119431,ok,not_requested,ok,24,241,276.0,0.2592,0.9771,0.2653,0.12252380952380952,0.5182831168831169,0.2565,231.0,-6758.067429,48,0.24174,4.16469,7.102734,1.2574,5.2013,0.005,0.0207,0.2417,0.0193,0.0798,0.2417,1.233,5.1008,0.24172678795483066,46,-6757.620188,49.0,1.2555,5.2893,0.24565,0.18938,0.005,0.0205,0.2456,0.1474,0.7784,0.1894,1.103,4.4904,0.24563513272759663,46.0,0.894481999999698,0.34426561156569935,True,False
ENSG00000119471,ok,not_requested,ok,24,417,276.0,0.078,0.8045,0.0969,0.0744077922077922,0.41195714285714286,0.1597,231.0,-9195.422688,48,0.2092,2.38454,4.74641,0.8009,3.8282,0.0008,0.004,0.2092,0.02,0.0958,0.2092,0.7802,3.7283,0.20926427594345948,46,-9183.968776,49.0,0.799,3.8997,0.22757,0.06533,0.0009,0.0039,0.2276,0.0356,0.5454,0.0653,0.7625,3.3505000000000003,0.22757797343680045,46.0,22.90782400000171,1.6995864657658388e-06,True,False
ENSG00000119616,ok,not_requested,ok,17,197,136.0,0.0186,1.2102,0.0154,0.012355238095238096,0.4057447619047619,0.014,105.0,-2434.465544,34,0.03696,2.18693,2.63864,0.1153,3.1188,0.0002,0.0062,0.037,0.008,0.2164,0.037,0.1072,2.8964,0.037011462505178845,32,-2431.684073,35.0,0.1153,3.1912,0.04316,0.0001,0.0003,0.0061,0.0432,0.0001,0.522,0.0001,0.1151,2.6631,0.04322030716082761,32.0,5.562942000000476,0.01834456108351269,True,False
ENSG00000119630,ok,not_requested,ok,24,161,276.0,0.1361,1.7455,0.078,0.1318995670995671,0.6688367965367965,0.1999,231.0,-5105.248981,48,0.2428,2.62165,8.925451,1.8249,7.5162,0.0697,0.2871,0.2428,0.0146,0.0601,0.2428,1.7407000000000001,7.1686,0.24282286638953215,46,-5103.126404,49.0,1.8285,7.5887,0.25226,0.10575,0.0709,0.281,0.2523,0.0619,0.5858,0.1057,1.6957,6.7221,0.2522574790616028,46.0,4.245154000000184,0.0393624996084292,True,False
ENSG00000119698,ok,not_requested,ok,22,872,231.0,0.1928,1.1479,0.168,0.04099736842105263,0.3128352631578947,0.11095,190.0,-15705.844294,44,0.14931,3.28994,4.074075,0.5291,3.5438,0.0005,0.003,0.1493,0.0675,0.4518,0.1493,0.4614,3.089,0.14936872774360635,42,-15705.209289,45.0,0.5308,3.497,0.14609,0.16787,0.0004,0.003,0.1461,0.1536,0.9152,0.1679,0.37670000000000003,2.5785,0.14609268954818694,42.0,1.270010000000184,0.25976480391469875,True,False
ENSG00000119699,ok,not_requested,ok,24,453,276.0,0.0353,0.8552,0.0412,0.02635974025974026,0.4721549783549784,0.0366,231.0,-6792.131814,48,0.06084,3.14841,3.126285,0.2412,3.9648,0.0002,0.003,0.0608,0.0146,0.2392,0.0608,0.2266,3.7228,0.06086816374771677,46,-6792.131814,49.0,0.2412,3.9648,0.06084,0.94613,0.0002,0.003,0.0608,0.0,0.0,0.9461,0.2412,3.9619,0.060879880865241424,46.0,0.0,1.0,True,False
ENSG00000119725,ok,not_requested,ok,24,471,276.0,0.1887,1.9279,0.0979,0.03240995670995671,0.28148398268398267,0.1101,231.0,-8108.683555,48,0.12272,2.76043,4.14283,0.4584,3.7357,0.0042,0.0339,0.1227,0.0825,0.6726,0.1227,0.3718,3.0295,0.12272652252847005,46,-8106.687818,49.0,0.4541,3.9388,0.12852,0.0001,0.0043,0.0334,0.1285,0.0,0.4057,0.0001,0.45,3.4997,0.12858244992427922,46.0,3.9914739999985613,0.04573104180680015,True,False
ENSG00000119820,ok,not_requested,ok,23,230,253.0,0.0088,0.7356,0.012,0.0049642857142857145,0.19732904761904763,0.0249,210.0,-2776.515437,46,0.03848,2.43029,2.166113,0.0895,2.3252,0.0002,0.005,0.0385,0.0063,0.1642,0.0385,0.0832,2.1561,0.038588191642317145,44,-2776.515437,47.0,0.0895,2.3252,0.03848,0.0001,0.0002,0.005,0.0385,0.0,0.0,0.0001,0.0895,2.3203,0.03857259837090031,44.0,0.0,1.0,True,False
ENSG00000120451,ok,not_requested,ok,24,967,276.0,0.2021,1.3238,0.1526,0.09914458874458874,0.4345943722943723,0.2366,231.0,-24175.113169,48,0.23818,3.18729,6.812622,1.1719,4.92,0.0028,0.0116,0.2382,0.0419,0.1757,0.2382,1.1274,4.7328,0.238209939148073,46,-24165.990019,49.0,1.1679,5.3449,0.24688,0.0001,0.0028,0.0114,0.2469,0.0001,0.6145,0.0001,1.1652,4.7189,0.24692195214986545,46.0,18.246299999998882,1.9410262440728717e-05,True,False
ENSG00000120837,ok,not_requested,ok,22,205,231.0,0.0027,1.4471,0.0018,0.015693684210526315,0.58927,0.0136,190.0,-3077.619199,44,0.02084,2.92699,4.393377,0.1167,5.5987,0.0,0.0,0.0208,0.0023,0.1126,0.0208,0.1144,5.4864,0.020851560221638962,42,-3077.6192,45.0,0.1167,5.5987,0.02084,0.06204,0.0,0.0,0.0208,0.0,0.0,0.062,0.1167,5.5988999999999995,0.020843379949632965,42.0,-1.99999976757681e-06,1.0,True,False
ENSG00000120915,ok,not_requested,ok,23,555,253.0,0.3118,1.8357,0.1698,0.16793190476190475,0.5017961904761905,0.33545,210.0,-16452.151272,46,0.30595,2.46616,7.434042,1.5645,5.1137,0.0032,0.0104,0.3059,0.0759,0.2481,0.3059,1.4855,4.8555,0.3059417155802698,44,-16452.151272,47.0,1.5645,5.1137,0.30595,0.47704,0.0032,0.0104,0.3059,0.0,0.0,0.477,1.5614,5.1036,0.3059409044595971,44.0,0.0,1.0,True,False
ENSG00000121940,timeout(3600s),not_requested,ok,23,528,253.0,0.2273,1.0184,0.2232,0.11436142857142857,0.41089476190476193,0.2793,210.0,-14332.843432,46,0.32648,2.19302,6.524379,1.4219,4.3553,0.0021,0.0065,0.3265,0.0821,0.2515,0.3265,1.3376000000000001,4.0974,0.32645092009567045,44,,,,,,,,,,,,,,,,,,,,
ENSG00000122042,ok,not_requested,ok,23,117,253.0,0.0954,1.1316,0.0843,0.04210285714285714,0.4108509523809524,0.0,210.0,-2398.893925,46,0.13429,1.56299,6.007668,0.776,5.7783,0.0,0.0,0.1343,0.045,0.3351,0.1343,0.7312,5.4431,0.1343352133894288,44,-2397.498977,47.0,0.7749,5.7293,0.14623,0.08461,0.0,0.0,0.1462,0.0863,1.0204,0.0846,0.6886,4.7088,0.14623683316343866,44.0,2.7898959999993167,0.09486038369784083,True,False
ENSG00000122068,ok,not_requested,ok,22,314,231.0,0.2071,0.6076,0.3408,0.054634736842105264,0.2634463157894737,0.1658,190.0,-5719.755473,44,0.17813,2.80144,3.757855,0.5741,3.2231,0.0005,0.0027,0.1781,0.0281,0.158,0.1781,0.5458,3.0625,0.1782204081632653,42,-5719.707187,45.0,0.5744,3.2177,0.17662,0.18987,0.0005,0.0027,0.1766,0.0877,0.4621,0.1899,0.4864,2.7531,0.1766735679779158,42.0,0.09657200000037847,0.7559828083780938,True,False
ENSG00000122203,ok,not_requested,ok,21,304,210.0,0.1414,2.6803,0.0527,0.08392748538011696,0.3176269005847953,0.2658,171.0,-5937.408969,42,0.24515,2.86687,4.521434,0.7942,3.2395,0.0018,0.0073,0.2451,0.0621,0.2533,0.2451,0.7305,2.9786,0.24524944604847915,40,-5913.389778,43.0,0.7914,4.0597,0.29459,0.0001,0.002,0.0068,0.2946,0.0001,1.3737,0.0001,0.7894,2.6794,0.29461819810405315,40.0,48.03838200000064,4.179568331531394e-12,True,False
ENSG00000122367,ok,not_requested,ok,23,662,253.0,0.0854,1.3284,0.0643,0.04665142857142857,0.6683061904761904,0.0638,210.0,-14325.349274,46,0.11535,3.18842,5.702168,0.6808,5.9021,0.0004,0.0034,0.1153,0.0319,0.2767,0.1153,0.6484,5.6222,0.11532851908505566,44,-14325.349251,47.0,0.6808,5.902,0.11534,0.12218,0.0004,0.0034,0.1153,0.0014,0.0114,0.1222,0.6789000000000001,5.8873,0.11531601922782941,44.0,4.600000102072954e-05,0.9945885250481612,True,False
ENSG00000122512,ok,not_requested,ok,22,862,231.0,0.1639,1.0916,0.1502,0.11775684210526316,0.6841842105263158,0.18265,190.0,-25249.897314,44,0.24552,2.75856,7.395401,1.3399,5.4573,0.0073,0.0298,0.2455,0.0351,0.1429,0.2455,1.2976,5.2845,0.24554830163686253,42,-25249.74194,45.0,1.3396,5.4628,0.24659,0.0001,0.0073,0.0298,0.2466,0.0,0.0304,0.0001,1.3318,5.4027,0.24650637644140894,42.0,0.3107480000035139,0.5772215450132739,True,False
ENSG00000122694,ok,not_requested,ok,20,148,190.0,0.0527,2.1657,0.0244,0.09476339869281046,0.8749588235294118,0.0322,153.0,-2980.580822,40,0.06808,2.66512,8.167561,0.6665,9.79,0.0017,0.0256,0.0681,0.0111,0.1634,0.0681,0.6536,9.600999999999999,0.06807624205811895,38,-2980.580823,41.0,0.6665,9.7901,0.06808,0.48242,0.0017,0.0256,0.0681,0.0,0.0,0.4824,0.6647,9.7644,0.06807381917987791,38.0,-1.99999976757681e-06,1.0,True,False
ENSG00000122966,ok,not_requested,ok,24,2050,276.0,0.0616,1.0096,0.061,0.017837229437229436,0.39449047619047617,0.0432,231.0,-33471.712693,48,0.04767,2.57656,3.560466,0.1966,4.1252,0.0005,0.01,0.0477,0.0137,0.2883,0.0477,0.1824,3.8268,0.047663844465349645,46,-33469.514916,49.0,0.1969,4.0994,0.0462,6.81865,0.0005,0.0101,0.0462,0.0076,0.0011,6.8186,0.1888,4.0882,0.046181693654909255,46.0,4.3955540000024484,0.03603275111314775,True,False
ENSG00000123388,ok,not_requested,ok,23,298,253.0,0.1542,2.3994,0.0643,0.07007714285714285,0.38306904761904764,0.057999999999999996,210.0,-6335.828629,46,0.15311,1.67486,5.532447,0.9178,5.9941,0.0023,0.0151,0.1531,0.0454,0.2962,0.1531,0.8703000000000001,5.683,0.15314094668308995,44,-6329.386996,47.0,0.9149,6.2419,0.16636,0.0001,0.0024,0.0146,0.1664,0.0001,0.743,0.0001,0.9127,5.4845,0.16641444069650835,44.0,12.883265999998912,0.00033153317111096894,True,False
ENSG00000123395,ok,not_requested,ok,21,292,210.0,0.0423,1.4761,0.0287,0.00625906432748538,0.7937730994152047,0.0058,171.0,-4394.527197,42,0.05494,3.34308,4.525644,0.3876,7.0544,0.0004,0.007,0.0549,0.0095,0.1729,0.0549,0.3776,6.8743,0.054929229157877894,40,-4394.527198,43.0,0.3876,7.0543,0.05494,0.63649,0.0004,0.007,0.0549,0.0,0.0,0.6365,0.3871,7.0472,0.05492961743671245,40.0,-1.999998858082108e-06,1.0,True,False
ENSG00000123684,ok,not_requested,ok,23,368,253.0,0.1095,0.4355,0.2514,0.05494,0.25556285714285715,0.21910000000000002,210.0,-6570.64833,46,0.20943,2.72257,3.344057,0.5446,2.6005,0.0,0.0,0.2094,0.0186,0.0889,0.2094,0.526,2.5114,0.2094449311141196,44,-6569.985638,47.0,0.5447,2.5953,0.20486,20.25952,0.0,0.0,0.2049,0.0132,0.0007,20.2595,0.5315,2.5946,0.20484853156555924,44.0,1.325383999999758,0.24962807209311672,True,False
ENSG00000124145,ok,not_requested,ok,24,200,276.0,0.3655,2.1527,0.1698,0.12594285714285713,0.6493190476190476,0.1973,231.0,-6181.16305,48,0.23885,2.63258,8.571106,1.5972,6.687,0.0046,0.0194,0.2389,0.0422,0.1767,0.2389,1.5502,6.4911,0.2388193064349648,46,-6181.16305,49.0,1.5972,6.687,0.23885,12.55144,0.0046,0.0194,0.2389,0.0,0.0,12.5514,1.5924,6.6679,0.2388158190734714,46.0,0.0,1.0,True,False
ENSG00000124214,ok,not_requested,ok,24,488,276.0,0.0515,0.8602,0.0599,0.027144588744588746,0.35254329004329005,0.055,231.0,-8901.055489,48,0.10058,2.56555,4.03037,0.3901,3.8788,0.0006,0.0064,0.1006,0.0123,0.1227,0.1006,0.3768,3.7497,0.10048803904312346,46,-8900.81961,49.0,0.3903,3.883,0.1019,0.07631,0.0007,0.0064,0.1019,0.016,0.2094,0.0763,0.3738,3.6668,0.10194174757281554,46.0,0.4717579999996815,0.4921795161933795,True,False
ENSG00000124641,ok,not_requested,ok,21,212,210.0,0.0442,1.5783,0.028,0.018321052631578946,0.4762228070175439,0.0265,171.0,-3400.96321,42,0.06129,3.85869,3.810825,0.2632,4.2943,0.0003,0.0056,0.0613,0.0108,0.177,0.0613,0.252,4.1119,0.06128553709963763,40,-3399.72846,43.0,0.2639,4.3856,0.06533,0.03794,0.0004,0.0056,0.0653,0.0313,0.8238,0.0379,0.2323,3.556,0.06532620922384702,40.0,2.469500000000153,0.11607484393639916,True,False
ENSG00000124688,ok,not_requested,ok,23,274,253.0,0.2722,1.5114,0.1801,0.09745666666666666,0.4665714285714286,0.21405000000000002,210.0,-7079.499702,46,0.23924,3.17437,6.498195,1.1333,4.737,0.0221,0.0923,0.2392,0.055,0.2299,0.2392,1.0561,4.4149,0.23921266619855489,44,-7077.518677,47.0,1.1333,4.9121,0.24828,0.08009,0.0226,0.0909,0.2483,0.0411,0.5129,0.0801,1.0697,4.3083,0.24828818791634755,44.0,3.96205000000009,0.04653699665249799,True,False
ENSG00000124767,ok,not_requested,ok,20,184,190.0,0.1284,0.9207,0.1395,0.09078823529411764,0.5323490196078431,0.1998,153.0,-3751.149823,40,0.1698,2.04854,4.967433,0.7402,4.3592,0.0034,0.0201,0.1698,0.0287,0.1691,0.1698,0.7081,4.1699,0.16981222571284682,38,-3751.149823,41.0,0.7402,4.3592,0.1698,1.37244,0.0034,0.0201,0.1698,0.0,0.0,1.3724,0.7368,4.3389999999999995,0.16980871168472,38.0,0.0,1.0,True,False
ENSG00000125652,ok,not_requested,ok,22,220,231.0,0.1712,2.7904,0.0614,0.06835368421052632,0.5919547368421053,0.11315,190.0,-4657.913725,44,0.11948,3.48533,5.338789,0.6405,5.3605,0.0,0.0,0.1195,0.0511,0.428,0.1195,0.5892000000000001,4.9325,0.11945261023821592,42,-4657.41804,45.0,0.639,5.491,0.12268,0.0001,0.0,0.0,0.1227,0.0,0.2826,0.0001,0.6389,5.2082,0.1226719404016743,42.0,0.9913700000015524,0.3194077649075354,True,False
ENSG00000125703,ok,not_requested,ok,24,457,276.0,0.1136,1.2438,0.0913,0.051251948051948056,0.3907722943722944,0.1258,231.0,-9371.780601,48,0.15007,2.1965,4.715153,0.6741,4.4922,0.0,0.0,0.1501,0.0328,0.2183,0.1501,0.6415,4.2737,0.15010412523106442,46,-9366.400771,49.0,0.6707,4.5692,0.1596,0.08116,0.0,0.0,0.1596,0.0605,0.7457,0.0812,0.6103,3.8234,0.15962232567871526,46.0,10.759659999999712,0.0010373643855863812,True,False
ENSG00000125734,ok,not_requested,ok,21,536,210.0,0.0957,2.2632,0.0423,0.053253216374269004,0.9789801169590643,0.0456,171.0,-12732.376363,42,0.13719,2.69437,6.218368,0.9384,6.8399,0.0021,0.015,0.1372,0.0,0.0,0.1372,0.9365,6.825,0.1372161172161172,40,-12729.888504,43.0,0.9352,7.0005,0.14085,0.0001,0.0021,0.0149,0.1409,0.0,0.3616,0.0001,0.933,6.6238,0.14085570216492044,40.0,4.975717999997869,0.025705531951430303,True,False
ENSG00000127564,ok,not_requested,ok,24,488,276.0,0.1835,1.4618,0.1256,0.06746363636363636,0.6376458874458875,0.0978,231.0,-12529.680096,48,0.14003,4.54671,6.951461,0.9087,6.4894,0.0182,0.1299,0.14,0.0244,0.1741,0.14,0.8659,6.1856,0.1399864200724263,46,-12529.680096,49.0,0.9087,6.4894,0.14003,0.728,0.0182,0.1299,0.14,0.0,0.0,0.728,0.8903,6.3596,0.13999308132586955,46.0,0.0,1.0,True,False
ENSG00000127837,ok,not_requested,ok,24,434,276.0,0.0844,1.7234,0.049,0.012593939393939393,0.3955735930735931,0.0194,231.0,-6796.114415,48,0.03149,4.34105,4.858733,0.1747,5.5476,0.0001,0.0026,0.0315,0.012,0.3795,0.0315,0.1625,5.1655,0.03145871648436744,46,-6796.114415,49.0,0.1747,5.5476,0.03149,0.15545,0.0001,0.0026,0.0315,0.0,0.0,0.1555,0.1745,5.545,0.031469792605951306,46.0,0.0,1.0,True,False
ENSG00000128272,ok,not_requested,ok,21,345,210.0,0.1415,1.9577,0.0723,0.08523976608187135,0.7348426900584796,0.1489,171.0,-7287.168775,42,0.19048,2.72213,5.171969,0.8148,4.2775,0.0014,0.0073,0.1905,0.033,0.1731,0.1905,0.7804,4.0973,0.1904668928318649,40,-7284.692666,43.0,0.8149,4.3256,0.19939,0.11111,0.0014,0.0072,0.1994,0.0599,0.5388,0.1111,0.7537,3.7796,0.1994126362578051,40.0,4.952218000000357,0.026057218125531165,True,False
ENSG00000128408,ok,not_requested,ok,23,377,253.0,0.4021,1.0426,0.3856,0.15313619047619048,0.5066685714285715,0.34325,210.0,-10680.841264,46,0.27769,2.45728,7.63336,1.5691,5.6504,0.0011,0.004,0.2777,0.0606,0.2184,0.2777,1.5071,5.428,0.27765291083271926,44,-10680.841264,47.0,1.5691,5.6504,0.27769,12.69424,0.0011,0.004,0.2777,0.0,0.0,12.6942,1.5678,5.6464,0.2776636440918107,44.0,0.0,1.0,True,False
ENSG00000128590,ok,not_requested,ok,20,221,190.0,0.0851,0.598,0.1424,0.07876209150326798,0.31826666666666664,0.0819,153.0,-3506.579223,40,0.08331,2.4723,7.884554,0.7224,8.6713,0.0,0.0,0.0833,0.0239,0.2875,0.0833,0.6985,8.383700000000001,0.08331643546405525,38,-3506.5727,41.0,0.7225,8.7014,0.08282,54.06011,0.0,0.0,0.0828,0.0018,0.0,54.0601,0.7205,8.701600000000001,0.08280086420888112,38.0,0.0130460000000312,0.9090641211154683,True,False
ENSG00000128805,ok,not_requested,ok,23,690,253.0,0.1466,2.1903,0.0669,0.08985476190476191,1.045302857142857,0.08574999999999999,210.0,-19085.14076,46,0.15153,2.96154,8.097469,1.2351,8.1504,0.0014,0.009,0.1515,0.0228,0.1508,0.1515,1.2106999999999999,7.9905,0.15151742694449657,44,-19085.14076,47.0,1.2351,8.1504,0.15153,0.28446,0.0014,0.009,0.1515,0.0,0.0,0.2845,1.2336,8.1413,0.15152371242921894,44.0,0.0,1.0,True,False
ENSG00000128881,ok,not_requested,ok,24,1200,276.0,0.1925,1.4856,0.1296,0.05443376623376624,0.28425367965367965,0.1964,231.0,-23959.795457,48,0.19524,3.27151,4.365951,0.6664,3.4132,0.0004,0.0023,0.1952,0.061,0.3126,0.1952,0.6052,3.0982,0.1953392292298754,46,-23955.080517,49.0,0.6621,3.4898,0.20337,0.0001,0.0005,0.0023,0.2034,0.0,0.2343,0.0001,0.6616,3.2534,0.20335648859654515,46.0,9.429880000003322,0.0021347825775645704,True,False
ENSG00000130055,ok,not_requested,ok,23,537,253.0,0.2779,1.9454,0.1428,0.10504571428571428,0.35354714285714284,0.3064,210.0,-12881.836964,46,0.27203,2.45878,6.030765,1.1627,4.2742,0.0014,0.0052,0.272,0.082,0.3015,0.272,1.0796000000000001,3.9677,0.2720971847669935,44,-12846.92577,47.0,1.1558,22.8887,0.30085,0.01023,0.0015,0.0049,0.3009,0.2017,19.7173,0.0102,0.9526,3.1664,0.3008463870641738,44.0,69.8223880000005,6.489215737339617e-17,True,False
ENSG00000130517,ok,not_requested,ok,24,203,276.0,0.0244,1.3588,0.018,0.047387878787878784,1.4431320346320347,0.0245,231.0,-4926.912295,48,0.05839,2.99303,8.512182,0.6211,10.637,0.0004,0.0063,0.0584,0.0021,0.0354,0.0584,0.6187,10.5951,0.0583949184056781,46,-4924.882377,49.0,0.6212,10.5212,0.06066,0.0001,0.0004,0.0062,0.0607,0.0,0.2807,0.0001,0.6207,10.234399999999999,0.06064840146955367,46.0,4.0598360000003595,0.04391476418505022,True,False
ENSG00000130560,ok,not_requested,ok,21,404,210.0,0.0422,1.3758,0.0307,0.047856140350877194,1.2188175438596491,0.0323,171.0,-8882.469482,42,0.0908,2.32883,6.123234,0.6089,6.7063,0.0013,0.0141,0.0908,0.0088,0.0965,0.0908,0.5987,6.5959,0.09076850770933459,40,-8882.424442,43.0,0.6088,6.7052,0.09122,0.08412,0.0013,0.0141,0.0912,0.0343,0.4078,0.0841,0.5732,6.2837,0.09122014099972947,40.0,0.09008000000176253,0.7640754768265581,True,False
ENSG00000130731,ok,not_requested,ok,22,198,231.0,0.2076,2.7291,0.0761,0.1934457894736842,1.4343805263157894,0.0605,190.0,-5543.395581,44,0.12231,2.58719,9.601548,1.3349,10.9143,0.0447,0.3656,0.1223,0.0073,0.0599,0.1223,1.2827,10.4886,0.12229468184505081,42,-5543.395581,45.0,1.3349,10.9143,0.12231,0.37299,0.0447,0.3656,0.1223,0.0,0.0,0.373,1.29,10.5485,0.1222922690429919,42.0,0.0,1.0,True,False
ENSG00000130811,ok,not_requested,ok,22,314,231.0,0.0142,2.6785,0.0053,0.08396894736842105,1.47019,0.005,190.0,-5498.036517,44,0.01837,3.17726,19.016401,0.5559,30.2579,0.0004,0.0217,0.0184,0.0016,0.0854,0.0184,0.5539,30.1509,0.018370927567667963,42,-5497.46854,45.0,0.5553,28.9409,0.01942,0.01245,0.0004,0.0215,0.0194,0.0119,0.9546,0.0125,0.5431,27.9649,0.019420773898708738,42.0,1.1359539999994013,0.2865088938733231,True,False
ENSG00000131023,ok,not_requested,ok,24,1122,276.0,0.0625,1.2644,0.0494,0.0274,0.3542987012987013,0.0769,231.0,-17790.951279,48,0.07614,3.4622,3.41787,0.2776,3.6459,0.0007,0.0089,0.0761,0.0351,0.4616,0.0761,0.2416,3.1751,0.07609209158766653,46,-17782.965065,49.0,0.2759,3.7295,0.08217,0.047,0.0007,0.0088,0.0822,0.0408,0.8679,0.047,0.2343,2.8529,0.08212695853342214,46.0,15.972428000000946,6.427176490836105e-05,True,False
ENSG00000131149,ok,not_requested,ok,24,1177,276.0,0.114,0.9799,0.1164,0.08727835497835498,0.6896666666666667,0.0951,231.0,-25363.651843,48,0.07808,3.62024,8.541414,0.827,10.5919,0.0011,0.0147,0.0781,0.016,0.2053,0.0781,0.8097,10.372,0.07806594677979174,46,-25363.651843,49.0,0.827,10.5919,0.07808,0.91709,0.0011,0.0147,0.0781,0.0,0.0,0.9171,0.8257,10.577300000000001,0.07806339992247548,46.0,0.0,1.0,True,False
ENSG00000131263,ok,not_requested,ok,23,602,253.0,0.1514,1.8309,0.0827,0.03737952380952381,0.34609523809523807,0.0988,210.0,-9289.686161,46,0.09606,3.10051,4.052679,0.3987,4.1505,0.0003,0.0036,0.0961,0.0949,0.9876,0.0961,0.3034,3.1594,0.09603089194150788,44,-9278.531355,47.0,0.3894,4.6034,0.10991,0.04496,0.0004,0.0034,0.1099,0.0807,1.7942,0.045,0.3083,2.806,0.10987170349251604,44.0,22.309612000000925,2.320422192926704e-06,True,False
ENSG00000131503,ok,not_requested,ok,24,2521,276.0,0.0828,1.2614,0.0657,0.020628138528138527,0.25618008658008656,0.0807,231.0,-38636.164643,48,0.08698,3.42621,3.232312,0.2716,3.1225,0.0018,0.0204,0.087,0.0443,0.5096,0.087,0.22569999999999998,2.5923,0.08706554025382865,46,-38598.423741,49.0,0.2673,3.3058,0.09924,0.04639,0.002,0.0198,0.0992,0.0534,1.1504,0.0464,0.2118,2.1359,0.09916194578397865,46.0,75.48180399999546,3.687898646296708e-18,True,False
ENSG00000131944,ok,not_requested,ok,23,214,253.0,0.2404,1.0807,0.2224,0.12688619047619049,0.4963042857142857,0.2447,210.0,-5456.813016,46,0.27253,2.94875,6.237241,1.1597,4.2552,0.0012,0.0042,0.2725,0.0261,0.0958,0.2725,1.1323,4.155,0.2725150421179302,44,-5456.723763,47.0,1.1599,4.25,0.2704,999.0,0.0012,0.0043,0.2704,0.0107,0.0,999.0,1.1478,4.2457,0.2703441128671361,44.0,0.17850600000019767,0.6726603166175006,True,False
ENSG00000132196,ok,not_requested,ok,22,330,231.0,0.2271,3.4713,0.0654,0.1260963157894737,0.6246247368421053,0.24675,190.0,-8910.691409,44,0.21779,2.41612,7.140813,1.2116,5.5634,0.001,0.0047,0.2178,0.0394,0.181,0.2178,1.1714,5.3778,0.21782141396109936,42,-8889.837488,45.0,1.2019,7.2456,0.23859,0.0001,0.0011,0.0046,0.2386,0.0002,2.2091,0.0001,1.2005000000000001,5.0319,0.23857787316918064,42.0,41.7078419999998,1.0598303912628563e-10,True,False
ENSG00000132549,timeout(3600s),not_requested,ok,23,3988,253.0,0.0713,1.295,0.0551,0.05476238095238095,0.43190190476190476,0.09834999999999999,210.0,-77897.199986,46,0.16099,2.95838,4.29674,0.5863,3.6418,0.0021,0.0129,0.161,0.0352,0.2186,0.161,0.5491,3.4107,0.16099334447474128,44,,,,,,,,,,,,,,,,,,,,
ENSG00000132561,ok,not_requested,ok,24,956,276.0,0.1366,1.474,0.0927,0.06093030303030303,0.5079021645021645,0.1163,231.0,-21234.916544,48,0.1353,2.54253,5.318119,0.6983,5.1607,0.0015,0.0114,0.1353,0.0358,0.2646,0.1353,0.6606,4.8846,0.13524137083896326,46,-21234.916544,49.0,0.6983,5.1607,0.1353,0.40458,0.0015,0.0114,0.1353,0.0,0.0,0.4046,0.6964,5.1491999999999996,0.13524430979569643,46.0,0.0,1.0,True,False
ENSG00000132780,ok,not_requested,ok,21,736,210.0,0.1703,0.744,0.2289,0.04301052631578947,0.31637894736842104,0.1235,171.0,-13948.123546,42,0.28174,2.36293,4.72438,0.9262,3.2876,0.0003,0.0009,0.2817,0.0497,0.1764,0.2817,0.8761,3.11,0.2817041800643087,40,-13945.993399,43.0,0.9174,3.4308,0.29036,0.0001,0.0003,0.0009,0.2904,0.0,0.2713,0.0001,0.9173,3.1586,0.29041347432406767,40.0,4.260293999999703,0.039013168907375974,True,False
ENSG00000133048,ok,not_requested,ok,23,382,253.0,0.2386,2.0049,0.119,0.1111047619047619,0.720542380952381,0.1565,210.0,-10662.395261,46,0.20179,2.64009,7.144085,1.2603,6.2453,0.0014,0.007,0.2018,0.0499,0.2472,0.2018,1.2089,5.9913,0.2017759084005141,44,-10660.114946,47.0,1.2572,6.4148,0.20619,0.0001,0.0014,0.0069,0.2062,0.0,0.3176,0.0001,1.2556,6.0901000000000005,0.206170670432341,44.0,4.5606299999999464,0.03271503711270041,True,False
ENSG00000133131,ok,not_requested,ok,23,936,253.0,0.4784,1.4132,0.3386,0.13188952380952382,0.4390133333333333,0.2895,210.0,-18960.424963,46,0.27053,2.4844,5.580438,1.0811,3.9964,0.0004,0.0015,0.2705,0.0251,0.0928,0.2705,1.0553,3.9022,0.2704371892778432,44,-18960.39486,47.0,1.0813,3.9882,0.2696,15.47585,0.0004,0.0015,0.2696,0.0061,0.0004,15.4759,1.0746,3.9864,0.26956652618904275,44.0,0.06020600000192644,0.8061706449136133,True,False
ENSG00000133313,ok,not_requested,ok,24,474,276.0,0.1191,1.2305,0.0968,0.06342554112554112,1.5931264069264068,0.0408,231.0,-11015.871219,48,0.06459,2.7475,6.782902,0.5322,8.2401,0.0011,0.0167,0.0646,0.0003,0.0047,0.0646,0.5308,8.2186,0.0645852091597109,46,-11013.410564,49.0,0.533,8.1766,0.0624,0.10213,0.001,0.0168,0.0624,0.0584,0.5722,0.1021,0.4735,7.5875,0.062405271828665565,46.0,4.92131000000154,0.026527395480868087,True,False
ENSG00000133935,ok,not_requested,ok,22,133,231.0,0.1462,1.1806,0.1238,0.07544578947368422,0.4819136842105263,0.1018,190.0,-3268.535151,44,0.14565,3.18086,8.705465,1.1364,7.8018,0.001,0.0067,0.1457,0.028,0.1924,0.1457,1.1072,7.6024,0.14563821950962852,42,-3268.535151,45.0,1.1363,7.8019,0.14565,0.36662,0.001,0.0067,0.1456,0.0,0.0,0.3666,1.1351,7.7948,0.14562272284086827,42.0,0.0,1.0,True,False
ENSG00000134247,ok,not_requested,ok,24,874,276.0,0.3221,1.666,0.1933,0.07244155844155845,0.751348051948052,0.0961,231.0,-21723.672394,48,0.12119,3.03456,7.560876,0.9339,7.7065,0.0012,0.0101,0.1212,0.0338,0.2789,0.1212,0.899,7.4172,0.12120476729763253,46,-21723.40598,49.0,0.934,7.5981,0.12057,16.16125,0.0012,0.0101,0.1206,0.0181,0.0011,16.1613,0.9149,7.587000000000001,0.12058784763411097,46.0,0.5328280000030645,0.4654203302347125,True,False
ENSG00000134440,ok,not_requested,ok,23,558,253.0,0.0451,0.8056,0.0559,0.032055714285714285,0.4691147619047619,0.0657,210.0,-10236.535324,46,0.07096,2.52749,4.010045,0.2944,4.1492,0.001,0.0146,0.071,0.0084,0.1189,0.071,0.2848,4.0154,0.07092693131443942,44,-10236.535325,47.0,0.2944,4.1492,0.07096,1.35367,0.001,0.0146,0.071,0.0,0.0,1.3537,0.2932,4.1343,0.07091889799966138,44.0,-2.0000006770715117e-06,1.0,True,False
ENSG00000134748,ok,not_requested,ok,22,310,231.0,0.0104,2.0526,0.0051,0.05094789473684211,0.42485105263157896,0.00885,190.0,-5323.672064,44,0.05912,2.22007,4.93934,0.3278,5.5453,0.0004,0.0073,0.0591,0.032,0.5411,0.0591,0.2955,4.9971,0.05913429789277781,42,-5300.37986,45.0,0.3312,5.5681,0.0721,0.00395,0.0005,0.0071,0.0721,0.0041,1.0308,0.0039,0.327,4.5302999999999995,0.07218065028806041,42.0,46.58440800000062,8.775573721708082e-12,True,False
ENSG00000134917,ok,not_requested,ok,20,882,190.0,0.0959,2.4268,0.0395,0.05220653594771242,0.8610718954248366,0.0568,153.0,-18239.118226,40,0.11368,2.88459,5.95419,0.7575,6.6637,0.0022,0.0194,0.1137,0.024,0.2108,0.1137,0.7313000000000001,6.4339,0.11366356331307605,38,-18239.118226,41.0,0.7575,6.6637,0.11368,0.29224,0.0022,0.0194,0.1137,0.0,0.0,0.2922,0.7553,6.6449,0.11366611988141281,38.0,0.0,1.0,True,False
ENSG00000135272,ok,not_requested,ok,24,243,276.0,0.0946,3.4778,0.0272,0.08161731601731602,0.4753012987012987,0.1072,231.0,-5808.953891,48,0.20403,2.01817,6.535473,1.0869,5.3272,0.0035,0.0174,0.204,0.0566,0.2775,0.204,1.0265,5.0324,0.2039782211270964,46,-5799.650987,49.0,1.0824,5.6617,0.22671,0.083,0.0038,0.0167,0.2267,0.1162,1.3998,0.083,0.9624,4.2451,0.2267084403194271,46.0,18.605808000000252,1.6073011954670625e-05,True,False
ENSG00000135374,ok,not_requested,ok,24,254,276.0,0.0463,0.6701,0.0691,0.021637229437229438,0.4139064935064935,0.0388,231.0,-4318.678313,48,0.06511,2.3389,3.751451,0.2904,4.4607,0.0004,0.006,0.0651,0.0111,0.1701,0.0651,0.2788,4.2846,0.065070251598749,46,-4318.678313,49.0,0.2904,4.4607,0.06511,1.89035,0.0004,0.006,0.0651,0.0,0.0,1.8904,0.2899,4.4547,0.06507733405167576,46.0,0.0,1.0,True,False
ENSG00000135409,ok,not_requested,ok,22,570,231.0,0.2616,2.6382,0.0992,0.07582315789473684,0.31159631578947367,0.2377,190.0,-12442.030864,44,0.2784,3.40576,5.467562,1.0334,3.7117,0.0003,0.0012,0.2784,0.1206,0.4332,0.2784,0.9125,3.2775,0.2784134248665141,42,-12433.448399,45.0,1.0164,4.4908,0.29768,0.1444,0.0003,0.0012,0.2977,0.3019,2.0908,0.1444,0.7139,2.3987,0.29761954391962314,42.0,17.164929999999003,3.427051548253954e-05,True,False
ENSG00000135541,ok,not_requested,failed:RuntimeError:yn00 produced no parsable pairwise rows,24,1172,,,,,,,,,-26880.963569,48,0.28894,2.80153,5.854575,1.2088,4.1835,0.0028,0.0098,0.2889,0.0396,0.1372,0.2889,1.1662000000000001,4.0362,0.288935137010059,46,-26878.953667,49.0,1.2091,4.1992,0.29456,0.0001,0.0029,0.0097,0.2946,0.0,0.0947,0.0001,1.2062,4.0946,0.2945831094612416,46.0,4.019803999995929,0.04496893927861592,True,False
ENSG00000135587,ok,not_requested,ok,23,421,253.0,0.3324,2.4591,0.1352,0.09158666666666666,0.4172547619047619,0.2279,210.0,-9894.764614,46,0.22154,3.52647,6.154894,1.0802,4.8759,0.0025,0.0114,0.2215,0.1279,0.5773,0.2215,0.9498,4.2869,0.2215587020924211,44,-9890.979944,47.0,1.0738,5.3976,0.22938,0.0001,0.0026,0.0112,0.2294,0.0001,0.7166,0.0001,1.071,4.6695,0.2293607452618053,44.0,7.569339999998192,0.005936952033499688,True,False
ENSG00000135686,ok,not_requested,ok,22,615,231.0,0.0764,2.2799,0.0335,0.04134578947368421,1.203391052631579,0.03185,190.0,-11075.54071,44,0.04103,3.46904,4.700161,0.3662,8.9261,0.0003,0.0063,0.041,0.0067,0.1625,0.041,0.3589,8.7577,0.04098107950717654,42,-11075.540711,45.0,0.3662,8.9262,0.04103,36.73329,0.0003,0.0063,0.041,0.0,0.0,36.7333,0.3656,8.9202,0.04098562812492994,42.0,-2.0000006770715117e-06,1.0,True,False
ENSG00000136021,ok,not_requested,ok,23,927,253.0,0.0513,0.6594,0.0778,0.03349095238095238,0.3066895238095238,0.09405,210.0,-15102.484092,46,0.10812,2.65337,3.125142,0.3378,3.1244,0.001,0.0091,0.1081,0.0174,0.1611,0.1081,0.3192,2.9544,0.10804224207961007,44,-15091.814195,47.0,0.3377,3.1545,0.11612,0.0001,0.001,0.0089,0.1161,0.0,0.2463,0.0001,0.3365,2.8994999999999997,0.11605449215381965,44.0,21.33979399999953,3.846631213146329e-06,True,False
ENSG00000136068,ok,not_requested,ok,24,2602,276.0,0.0748,1.1491,0.0651,0.02142900432900433,0.5369056277056277,0.0365,231.0,-46530.49769,48,0.04166,3.62293,4.766316,0.2221,5.3298,0.0006,0.014,0.0417,0.0117,0.2812,0.0417,0.2094,5.0347,0.04159135598943333,46,-46513.277508,49.0,0.2248,5.2256,0.03883,5.49292,0.0005,0.0141,0.0388,0.0221,0.004,5.4929,0.2022,5.2074,0.038829358220993204,46.0,34.44036399999459,4.395133196397033e-09,True,False
ENSG00000136114,ok,not_requested,ok,20,853,190.0,0.2516,1.1661,0.2157,0.10921437908496733,0.6556450980392157,0.1719,153.0,-19297.592217,40,0.18262,2.89232,5.695927,0.8855,4.8489,0.0012,0.0068,0.1826,0.0648,0.3547,0.1826,0.819,4.4875,0.18250696378830084,38,-19297.591236,41.0,0.8855,4.8473,0.18252,0.18563,0.0012,0.0068,0.1825,0.0477,0.2568,0.1856,0.8361999999999999,4.5838,0.18242506217548757,38.0,0.00196200000209501,0.9646696802850406,True,False
ENSG00000136235,ok,not_requested,ok,24,538,276.0,0.2918,0.9696,0.3009,0.20537662337662338,0.6230233766233766,0.3267,231.0,-16344.734837,48,0.35545,2.82975,7.624051,1.7005,4.784,0.0175,0.0494,0.3555,0.0248,0.0697,0.3555,1.6582000000000001,4.665,0.3554555198285102,46,-16343.463393,49.0,1.6977,4.8167,0.36187,0.26572,0.0024,0.0066,0.3619,0.1251,0.4707,0.2657,1.5698,4.3393,0.36176341806282125,46.0,2.542887999999948,0.11079197167117777,True,False
ENSG00000136297,ok,not_requested,ok,21,241,210.0,0.0556,1.3851,0.0402,0.03612923976608187,1.2714637426900586,0.0239,171.0,-5125.302747,42,0.07385,2.60997,5.759074,0.587,7.9485,0.0005,0.0062,0.0738,0.0077,0.1044,0.0738,0.5789,7.8379,0.07385906939358756,40,-5125.129602,43.0,0.588,7.9497,0.07305,0.14865,0.0005,0.0063,0.0731,0.0143,0.0963,0.1487,0.5735,7.8471,0.07308432414522563,40.0,0.34628999999949883,0.5562208219832587,True,False
ENSG00000136709,ok,not_requested,ok,24,1328,276.0,0.0299,0.7868,0.038,0.04813852813852814,0.3326904761904762,0.0875,231.0,-23209.773672,48,0.10843,2.32955,4.087671,0.3959,3.6508,0.0002,0.0021,0.1084,0.0213,0.1961,0.1084,0.3748,3.4526,0.10855587093784395,46,-23164.879258,49.0,0.3973,3.676,0.12121,0.02484,0.0002,0.002,0.1212,0.0124,0.5005,0.0248,0.3846,3.1733,0.12119875208773202,46.0,89.78882799999701,2.649864135880752e-21,True,False
ENSG00000136933,ok,not_requested,ok,23,371,253.0,0.2829,1.0375,0.2727,0.10521666666666667,0.38321571428571427,0.26575000000000004,210.0,-8881.297593,46,0.2866,3.01416,5.777447,1.1133,3.8845,0.0032,0.0112,0.2866,0.0662,0.2311,0.2866,1.0441,3.6421,0.2866752697619505,44,-8880.789823,47.0,1.1158,3.838,0.28171,12.07476,0.0032,0.0113,0.2817,0.0354,0.0029,12.0748,1.0773,3.8236,0.28175018307354327,44.0,1.0155400000003283,0.31357927477348985,True,False
ENSG00000137478,ok,not_requested,ok,24,740,276.0,0.1002,2.4328,0.0412,0.027796103896103895,0.27195887445887446,0.0878,231.0,-11541.776733,48,0.0884,2.45418,3.47082,0.3059,3.4601,0.0001,0.0014,0.0884,0.0176,0.1991,0.0884,0.2884,3.2598,0.08847168537947113,46,-11540.919532,49.0,0.3052,3.5093,0.09122,0.0001,0.0001,0.0014,0.0912,0.0,0.164,0.0001,0.30510000000000004,3.3438,0.09124349542436751,46.0,1.714402000001428,0.19041522816782924,True,False
ENSG00000137868,ok,not_requested,ok,24,663,276.0,0.3343,1.1602,0.2882,0.13584372294372293,0.5415047619047619,0.2465,231.0,-19218.153431,48,0.2498,3.94867,7.575822,1.4523,5.8136,0.002,0.008,0.2498,0.0647,0.2589,0.2498,1.3854,5.5468,0.24976563063387897,46,-19216.80325,49.0,1.4477,5.8864,0.25313,0.0001,0.002,0.008,0.2531,0.0,0.1673,0.0001,1.4454,5.7112,0.25308166409861327,46.0,2.7003619999959483,0.10032546480365406,True,False
ENSG00000138075,ok,not_requested,ok,24,648,276.0,0.2611,1.6767,0.1557,0.10592813852813852,0.399987012987013,0.2871,231.0,-16636.59929,48,0.24561,2.94542,6.778542,1.224,4.9836,0.0011,0.0046,0.2456,0.0254,0.1036,0.2456,1.1973,4.8754,0.24557984985847317,46,-16603.931089,49.0,1.218,6.1931,0.27148,0.07306,0.0012,0.0044,0.2715,0.1706,2.3351,0.0731,1.046,3.8534,0.2714485908548295,46.0,65.33640199999354,6.314412614150574e-16,True,False
ENSG00000138083,ok,not_requested,ok,20,316,190.0,0.0123,1.6868,0.0073,0.01661437908496732,0.3406235294117647,0.06,153.0,-3577.602192,40,0.06714,2.25102,1.712608,0.1889,2.8135,0.0007,0.0106,0.0671,0.0125,0.1868,0.0671,0.1759,2.6162,0.06723492087760874,38,-3567.96467,41.0,0.1881,2.9313,0.08201,0.0009,0.0008,0.0099,0.082,0.0006,0.6443,0.0009,0.1865,2.2768,0.0819132115249473,38.0,19.27504399999998,1.1317601275205205e-05,True,False
ENSG00000138439,ok,not_requested,ok,20,579,190.0,0.0704,1.1214,0.0627,0.01952156862745098,0.39625490196078433,0.044,153.0,-9723.677846,40,0.12969,2.33491,4.230879,0.4739,3.6538,0.0002,0.0015,0.1297,0.0362,0.2795,0.1297,0.4375,3.3729,0.12971033828456224,38,-9718.290726,41.0,0.4769,3.5139,0.11959,0.20037,0.0002,0.0016,0.1196,0.1407,0.702,0.2004,0.3365,2.8103000000000002,0.11973810625200157,38.0,10.774240000002465,0.0010292246757967055,True,False
ENSG00000138495,ok,not_requested,ok,19,63,171.0,0.1435,2.7324,0.0525,0.041683823529411766,0.4580294117647059,0.09004999999999999,136.0,-928.612239,38,0.07084,2.2755,4.020661,0.3122,4.4072,0.0,0.0,0.0708,0.0278,0.392,0.0708,0.2844,4.0155,0.07082555098991407,36,-928.612239,39.0,0.3122,4.4072,0.07084,0.2889,0.0,0.0,0.0708,0.0,0.0,0.2889,0.3122,4.4073,0.07083702039797608,36.0,0.0,1.0,True,False
ENSG00000140368,ok,not_requested,ok,23,409,253.0,0.1649,2.7127,0.0608,0.08263809523809523,1.301432380952381,0.06355,210.0,-10922.802754,46,0.10613,2.73757,8.236014,1.0612,9.9994,0.0008,0.0076,0.1061,0.0017,0.016,0.1061,1.0586,9.9756,0.10611893018966277,44,-10922.802755,47.0,1.0612,9.9994,0.10613,0.39018,0.0008,0.0076,0.1061,0.0,0.0,0.3902,1.0603,9.9917,0.10611807800474395,44.0,-2.0000006770715117e-06,1.0,True,False
ENSG00000140563,ok,not_requested,ok,24,875,276.0,0.0621,0.7115,0.0873,0.05064545454545454,0.3592861471861472,0.1396,231.0,-18844.528869,48,0.13868,2.28499,4.639025,0.5892,4.2488,0.0009,0.0065,0.1387,0.0139,0.1002,0.1387,0.5744,4.1424,0.13866357667052917,46,-18844.528869,49.0,0.5892,4.2488,0.13868,0.0001,0.0009,0.0065,0.1387,0.0,0.0,0.0001,0.5883,4.2425,0.1386682380671774,46.0,0.0,1.0,True,False
ENSG00000140740,ok,not_requested,ok,17,442,136.0,0.0804,0.8799,0.0914,0.08706285714285714,0.3394714285714286,0.2063,105.0,-7559.844748,34,0.20921,2.70303,4.080148,0.6672,3.1892,0.0015,0.0072,0.2092,0.0459,0.2193,0.2092,0.6199,2.9626,0.209241882130561,32,-7549.892053,35.0,0.6682,3.2762,0.23581,0.11078,0.0016,0.0069,0.2358,0.0924,0.8345,0.1108,0.5741,2.4347,0.23579907175422027,32.0,19.905390000001717,8.137058974692646e-06,True,False
ENSG00000140931,ok,not_requested,ok,24,181,276.0,0.1542,0.7375,0.2091,0.04991255411255411,0.5538805194805195,0.0763,231.0,-5148.540204,48,0.18924,1.67988,9.351204,1.5496,8.1888,0.0019,0.0098,0.1892,0.0004,0.0021,0.1892,1.5472,8.1768,0.1892182760982291,46,-5148.540204,49.0,1.5496,8.1888,0.18924,0.33432,0.0019,0.0098,0.1892,0.0,0.0,0.3343,1.5476,8.1789,0.18921859907811564,46.0,0.0,1.0,True,False
ENSG00000140968,ok,not_requested,ok,23,412,253.0,0.0472,0.6878,0.0687,0.035603333333333334,0.7972352380952381,0.03475,210.0,-9548.42184,46,0.1032,2.63994,6.755624,0.8057,7.807,0.0009,0.0085,0.1032,0.0496,0.4803,0.1032,0.7555,7.3185,0.10323153651704584,44,-9547.360527,47.0,0.8044,7.8665,0.10585,0.08151,0.0009,0.0085,0.1059,0.0946,1.1608,0.0815,0.7088,6.6971,0.10583685475802959,44.0,2.1226260000003094,0.1451375063609734,True,False
ENSG00000141030,ok,not_requested,ok,22,412,231.0,0.0045,0.4464,0.01,0.04037578947368421,0.5428468421052631,0.0061,190.0,-5991.838135,44,0.02573,2.97379,4.999878,0.1441,5.5994,0.0002,0.0084,0.0257,0.0028,0.1105,0.0257,0.1412,5.4802,0.025765483011568918,42,-5991.838135,45.0,0.1441,5.5994,0.02573,1.25011,0.0002,0.0084,0.0257,0.0,0.0,1.2501,0.144,5.5907,0.02575706083316937,42.0,0.0,1.0,True,False
ENSG00000141873,ok,not_requested,ok,22,312,231.0,0.1315,2.1621,0.0608,0.10377526315789473,1.2889136842105262,0.05075,190.0,-7169.757654,44,0.04751,4.08425,12.450037,0.88,18.5227,0.001,0.0204,0.0475,0.0155,0.327,0.0475,0.8636,18.1754,0.04751477271476832,42,-7169.528678,45.0,0.8791,18.5926,0.04673,30.23245,0.001,0.0204,0.0467,0.0103,0.0003,30.2324,0.8682,18.5721,0.046747540665837466,42.0,0.4579520000006596,0.49858266721995104,True,False
ENSG00000142751,ok,not_requested,ok,23,303,253.0,0.0933,1.2884,0.0724,0.11870428571428572,0.9324133333333333,0.05475,210.0,-6541.816059,46,0.08829,2.53065,5.75335,0.6144,6.9588,0.0011,0.0124,0.0883,0.0083,0.0942,0.0883,0.6051,6.8523,0.08830611619456241,44,-6541.816059,47.0,0.6144,6.9588,0.08829,10.02901,0.0011,0.0124,0.0883,0.0,0.0,10.029,0.6134000000000001,6.9464999999999995,0.08830346217519616,44.0,0.0,1.0,True,False
ENSG00000143155,ok,not_requested,ok,20,260,190.0,0.0734,5.1026,0.0144,0.03164444444444445,0.3501444444444444,0.0857,153.0,-4154.02467,40,0.10049,2.34547,3.521656,0.3508,3.4911,0.0008,0.0081,0.1005,0.0483,0.4811,0.1005,0.3017,3.0022,0.10049297182066484,38,-4146.721479,41.0,0.3472,3.7095,0.11588,0.0001,0.0009,0.0077,0.1159,0.0001,0.714,0.0001,0.3466,2.9879000000000002,0.11600120485960039,38.0,14.60638199999994,0.0001324651775874029,True,False
ENSG00000143321,ok,not_requested,ok,23,237,253.0,0.3263,2.0155,0.1619,0.061764761904761906,0.5474585714285715,0.10339999999999999,210.0,-6267.254587,46,0.15244,1.60224,7.088058,1.0674,7.0021,0.0377,0.2471,0.1524,0.0427,0.2802,0.1524,0.9871,6.4746,0.15245729465912952,44,-6259.82846,47.0,1.0624,7.9789,0.1622,0.0001,0.039,0.2404,0.1622,0.0001,1.4301,0.0001,1.0234,6.3085,0.16222556867718158,44.0,14.852254000001267,0.00011626904166532867,True,False
ENSG00000143479,ok,not_requested,ok,24,586,276.0,0.101,2.002,0.0504,0.040968398268398265,0.5191251082251083,0.0832,231.0,-11911.171881,48,0.09043,3.13084,5.390812,0.4738,5.2392,0.0002,0.0017,0.0904,0.0174,0.1922,0.0904,0.4566,5.0454,0.09049827565703414,46,-11904.057956,49.0,0.4726,5.58,0.09734,0.05059,0.0002,0.0017,0.0973,0.0764,1.5093,0.0506,0.3961,4.0694,0.0973362166412739,46.0,14.227849999999307,0.00016195578778200212,True,False
ENSG00000143502,ok,not_requested,ok,21,485,210.0,0.1303,0.5684,0.2292,0.0765,0.5798543859649122,0.091,171.0,-9832.719266,42,0.15121,3.11613,5.051052,0.6954,4.5987,0.0014,0.0096,0.1512,0.0232,0.1532,0.1512,0.6705,4.4356,0.1511633149968437,40,-9827.838123,43.0,0.7034,4.5312,0.14431,30.43132,0.0014,0.0097,0.1443,0.0498,0.0016,30.4313,0.6522,4.5199,0.1442952277705259,40.0,9.76228600000104,0.0017812827939587376,True,False
ENSG00000143653,ok,not_requested,ok,22,429,231.0,0.1426,0.6353,0.2244,0.09421684210526315,0.36178315789473686,0.23585,190.0,-9405.054787,44,0.26602,2.2158,4.575219,0.8659,3.2549,0.0023,0.0085,0.266,0.0207,0.0777,0.266,0.8433,3.1685,0.2661511756351586,42,-9402.891623,45.0,0.8648,3.2727,0.27409,0.0001,0.0023,0.0084,0.2741,0.0,0.1177,0.0001,0.8625,3.1467,0.2740966727047383,42.0,4.326327999999194,0.03752712040386759,True,False
ENSG00000143819,ok,not_requested,ok,22,454,231.0,0.1937,1.4743,0.1314,0.10997578947368421,0.943708947368421,0.1186,190.0,-11992.053879,44,0.14815,2.40792,6.92516,1.0713,7.231,0.0003,0.0023,0.1482,0.0208,0.1406,0.1482,1.05,7.0883,0.1481314278458869,42,-11988.581702,45.0,1.0689,7.3605,0.15281,0.0001,0.0003,0.0023,0.1528,0.0,0.3658,0.0001,1.0685,6.9925,0.1528065784769396,42.0,6.944353999999294,0.00840841970308007,True,False
ENSG00000144115,ok,not_requested,ok,22,479,231.0,0.1799,1.247,0.1442,0.08181684210526316,0.5663547368421052,0.1523,190.0,-11213.546633,44,0.16365,3.28964,5.885985,0.8757,5.3509,0.0017,0.0106,0.1636,0.0417,0.2546,0.1636,0.8323,5.0854,0.16366460848704134,42,-11213.546633,45.0,0.8757,5.3509,0.16365,0.3948,0.0017,0.0106,0.1636,0.0,0.0,0.3948,0.8739,5.34,0.16365168539325844,42.0,0.0,1.0,True,False
ENSG00000144233,ok,not_requested,ok,24,310,276.0,0.0125,0.427,0.0293,0.006228138528138528,0.15352683982683982,0.03295,231.0,-3281.092868,48,0.04371,3.67667,1.515751,0.0695,1.5909,0.0,0.0,0.0437,0.0043,0.0989,0.0437,0.0653,1.492,0.04376675603217158,46,-3281.092868,49.0,0.0695,1.5909,0.04371,1.90945,0.0,0.0,0.0437,0.0,0.0,1.9094,0.0696,1.5909,0.04374882142183669,46.0,0.0,1.0,True,False
ENSG00000144426,ok,not_requested,ok,23,2690,253.0,0.0885,1.1905,0.0743,0.04841238095238095,0.33363952380952383,0.13724999999999998,210.0,-46850.70569,46,0.13868,3.06208,3.620132,0.4597,3.3151,0.0008,0.0057,0.1387,0.0561,0.4043,0.1387,0.4025,2.9057,0.1385208383522043,44,-46798.742877,47.0,0.4569,3.4148,0.15283,0.06251,0.0008,0.0055,0.1528,0.045,0.7196,0.0625,0.4111,2.6895,0.15285369027700318,44.0,103.9256260000111,2.100549625411591e-24,True,False
ENSG00000144488,ok,not_requested,ok,22,993,231.0,0.3043,4.5905,0.0663,0.08818,1.3197852631578948,0.0676,190.0,-26534.867208,44,0.13666,3.78223,8.253158,1.2195,8.9239,0.0036,0.0267,0.1367,0.0141,0.1034,0.1367,1.2018,8.7938,0.1366644681480134,42,-26533.438652,45.0,1.2168,9.057,0.13799,0.0001,0.0037,0.0266,0.138,0.0,0.2388,0.0001,1.2129,8.792,0.13795495905368518,42.0,2.857111999997869,0.09097069332991199,True,False
ENSG00000144644,ok,not_requested,ok,24,506,276.0,0.0656,0.7353,0.0892,0.03846147186147186,0.37432467532467534,0.1101,231.0,-9130.89462,48,0.0982,2.51284,3.88625,0.3685,3.7529,0.0004,0.004,0.0982,0.0183,0.1867,0.0982,0.3499,3.5621,0.09822857303276157,46,-9130.854132,49.0,0.3686,3.7492,0.09765,2.334,0.0004,0.004,0.0976,0.0026,0.0011,2.334,0.36569999999999997,3.7442,0.09767106457988355,46.0,0.08097599999746308,0.7759790973659682,True,False
ENSG00000145860,ok,not_requested,ok,24,659,276.0,0.0464,0.6266,0.074,0.023634199134199133,0.3340034632034632,0.0778,231.0,-10858.941507,48,0.08518,2.92023,3.325972,0.2671,3.1355,0.0,0.0,0.0852,0.0149,0.1754,0.0852,0.2522,2.9602,0.085196946152287,46,-10858.876753,49.0,0.267,3.1387,0.08586,0.07985,0.0,0.0,0.0859,0.0325,0.4069,0.0798,0.2344,2.7319999999999998,0.08579795021961933,46.0,0.1295079999981681,0.7189427076607957,True,False
ENSG00000146090,ok,not_requested,ok,23,466,253.0,0.0727,1.3204,0.055,0.029647619047619048,0.7076995238095238,0.038349999999999995,210.0,-8388.473908,46,0.06859,3.33199,4.36461,0.3744,5.4582,0.0013,0.0196,0.0686,0.0224,0.3261,0.0686,0.3506,5.1129,0.06857165209567956,44,-8388.030328,47.0,0.3736,5.4661,0.06978,0.0001,0.0014,0.0195,0.0698,0.0,0.1126,0.0001,0.3725,5.3337,0.06983894857228565,44.0,0.8871599999984028,0.3462480830484217,True,False
ENSG00000146215,ok,not_requested,ok,23,195,253.0,0.1517,1.6757,0.0905,0.09484142857142858,0.5435528571428572,0.1823,210.0,-4717.108194,46,0.18756,1.96608,5.600176,0.9443,5.0348,0.0,0.0,0.1876,0.0385,0.2054,0.1876,0.9058,4.8293,0.1875634149876794,44,-4717.108194,47.0,0.9443,5.0348,0.18756,0.76608,0.0,0.0,0.1876,0.0,0.0,0.7661,0.9443,5.0347,0.18755834508510935,44.0,0.0,1.0,True,False
ENSG00000146233,ok,not_requested,ok,24,467,276.0,0.1864,0.5328,0.3499,0.14752900432900432,0.3816337662337662,0.3638,231.0,-13210.284354,48,0.38004,2.51903,6.754418,1.5701,4.1314,0.001,0.0027,0.38,0.0503,0.1323,0.38,1.5189,3.9968,0.38002902321857485,46,-13198.947405,49.0,1.5666,4.2147,0.40438,0.0001,0.001,0.0026,0.4044,0.0,0.3408,0.0001,1.5657,3.8712,0.4044482331060137,46.0,22.67389799999728,1.9195781599032623e-06,True,False
ENSG00000146411,ok,not_requested,ok,24,610,276.0,0.1336,0.836,0.1598,0.08125497835497836,0.43655930735930737,0.1722,231.0,-15027.819218,48,0.19072,2.62458,5.82232,0.8701,4.5621,0.0016,0.0083,0.1907,0.0401,0.2101,0.1907,0.8281,4.3436,0.19064831015747305,46,-15027.819218,49.0,0.8701,4.5621,0.19072,0.5747,0.0016,0.0083,0.1907,0.0,0.0,0.5747,0.8682,4.5537,0.190658146122933,46.0,0.0,1.0,True,False
ENSG00000146425,ok,not_requested,ok,18,113,153.0,0.1141,0.8828,0.1292,0.04892916666666667,0.7892275,0.01485,120.0,-2317.17268,36,0.07738,1.59169,9.613901,0.8589,11.0997,0.0,0.0,0.0774,0.0189,0.2443,0.0774,0.8398,10.855599999999999,0.07736099340432588,34,-2316.828208,37.0,0.8608,11.0368,0.07435,0.10884,0.0,0.0,0.0744,0.1267,1.1645,0.1088,0.7341,9.872,0.07436183144246353,34.0,0.688944000000447,0.4065237978466061,True,False
ENSG00000146476,ok,not_requested,ok,23,441,253.0,0.1632,1.0504,0.1553,0.10866904761904762,0.4957095238095238,0.2073,210.0,-11181.304973,46,0.21611,2.61519,6.365539,1.1073,5.1237,0.0008,0.0037,0.2161,0.0091,0.0419,0.2161,1.0973,5.0781,0.21608475610956854,44,-11174.130065,47.0,1.1026,5.2804,0.22827,0.0001,0.0008,0.0037,0.2283,0.0,0.4502,0.0001,1.1019,4.8266,0.22829735217337258,44.0,14.349816000001738,0.00015179452913822834,True,False
ENSG00000146828,ok,not_requested,ok,24,913,276.0,0.0733,1.8919,0.0387,0.03414458874458874,0.6924380952380952,0.044,231.0,-19059.483243,48,0.06078,4.25468,6.432131,0.4341,7.1424,0.0008,0.0135,0.0608,0.0112,0.1847,0.0608,0.4217,6.9445,0.06072431420548636,46,-19054.315279,49.0,0.4352,7.4694,0.06323,0.0001,0.0009,0.0135,0.0632,0.0001,0.5878,0.0001,0.43420000000000003,6.8684,0.06321705200628967,46.0,10.335928000000422,0.0013046551347538043,True,False
ENSG00000147465,ok,not_requested,ok,22,284,231.0,0.1655,2.3186,0.0714,0.07718631578947369,0.6963142105263158,0.0999,190.0,-6560.795853,44,0.11503,3.42462,6.007965,0.7182,6.2436,0.0013,0.0116,0.115,0.0325,0.2824,0.115,0.6844,5.9497,0.11503100996688909,42,-6560.724001,45.0,0.7176,6.277,0.11577,0.0001,0.0013,0.0116,0.1158,0.0,0.0786,0.0001,0.7162,6.1871,0.1157569782288956,42.0,0.14370400000007066,0.7046261523991868,True,False
ENSG00000147642,ok,not_requested,ok,24,652,276.0,0.2458,2.0229,0.1215,0.09241774891774891,0.7592662337662338,0.1301,231.0,-15743.291755,48,0.15896,2.53124,6.172545,0.8737,5.4967,0.0009,0.0056,0.159,0.0119,0.0748,0.159,0.861,5.4166,0.15895580253295424,46,-15742.666873,49.0,0.875,5.4399,0.15654,0.18453,0.0009,0.0056,0.1565,0.1548,0.8389,0.1845,0.7196,4.5957,0.15658115194638467,46.0,1.249764000000141,0.2635975567875992,True,False
ENSG00000147677,ok,not_requested,ok,21,364,210.0,0.0429,1.3734,0.0312,0.027214619883040934,0.5025672514619883,0.0295,171.0,-6065.335936,42,0.08323,1.94145,3.713207,0.3246,3.9002,0.0,0.0,0.0832,0.0138,0.166,0.0832,0.3107,3.7338999999999998,0.08321058410776935,40,-6065.335936,43.0,0.3246,3.9002,0.08323,0.17465,0.0,0.0,0.0832,0.0,0.0,0.1746,0.3245,3.9,0.08320512820512821,40.0,0.0,1.0,True,False
ENSG00000147679,ok,not_requested,ok,24,246,276.0,0.1691,0.7503,0.2253,0.05248398268398268,0.4405255411255411,0.1267,231.0,-4831.330581,48,0.13435,2.273,4.40604,0.5524,4.1116,0.0015,0.0112,0.1343,0.0343,0.2556,0.1343,0.5166,3.8449,0.13435980129522224,46,-4830.537378,49.0,0.554,4.0609,0.12936,0.30128,0.0015,0.0113,0.1294,0.0503,0.1669,0.3013,0.5022,3.8827,0.1293429829757643,46.0,1.586406000000352,0.20784036858497726,True,False
ENSG00000147813,ok,not_requested,ok,20,533,190.0,0.3231,1.2689,0.2547,0.2540627450980392,0.7632836601307189,0.231,153.0,-12336.750186,40,0.14688,3.25393,6.372096,0.8494,5.7832,0.0019,0.0131,0.1469,0.0277,0.1885,0.1469,0.8196,5.5815,0.1468422467078742,38,-12334.670061,41.0,0.8502,5.9061,0.15058,0.0001,0.002,0.013,0.1506,0.0,0.2599,0.0001,0.8486,5.6333,0.1506399446150569,38.0,4.160249999997177,0.04138329547207299,True,False
ENSG00000147912,ok,not_requested,ok,24,950,276.0,0.1985,1.5504,0.1281,0.0481004329004329,0.5482220779220779,0.0596,231.0,-18299.070335,48,0.07465,3.65247,5.568318,0.4824,6.4629,0.0001,0.0017,0.0746,0.013,0.1742,0.0746,0.4689,6.287,0.07458247176713854,46,-18290.593906,49.0,0.4836,6.381,0.06942,0.16008,0.0001,0.0018,0.0694,0.0718,0.4487,0.1601,0.4116,5.9304,0.06940509915014165,46.0,16.9528580000042,3.831958828436338e-05,True,False
ENSG00000148225,ok,not_requested,ok,23,366,253.0,0.204,0.8988,0.227,0.10250380952380952,0.45361619047619045,0.20625,210.0,-8753.291137,46,0.28218,3.03997,5.542785,1.0799,3.8268,0.0,0.0,0.2822,0.0315,0.1117,0.2822,1.0482,3.7147,0.2821762188063639,44,-8753.291137,47.0,1.0799,3.8268,0.28218,0.68147,0.0,0.0,0.2822,0.0,0.0,0.6815,1.0797,3.8265,0.2821638573108585,44.0,0.0,1.0,True,False
ENSG00000148384,ok,not_requested,ok,21,642,210.0,0.2525,1.7623,0.1433,0.145512865497076,1.5709976608187135,0.0918,171.0,-17198.462507,42,0.1423,3.14475,7.624033,1.1493,8.0767,0.002,0.0138,0.1423,0.0005,0.0038,0.1423,1.1467,8.0593,0.14228282853349547,40,-17189.779431,43.0,1.1604,8.0078,0.13652,0.40498,0.0019,0.014,0.1365,0.1013,0.2502,0.405,1.0573,7.7437,0.13653679765486781,40.0,17.36615200000233,3.082672233872557e-05,True,False
ENSG00000148935,ok,not_requested,ok,23,313,253.0,0.0516,0.7374,0.07,0.1772838095238095,0.47277857142857144,0.032549999999999996,210.0,-4667.578644,46,0.08364,2.21969,3.110719,0.2644,3.1608,0.0,0.0,0.0836,0.0119,0.1424,0.0836,0.2525,3.0186,0.08364804876432783,44,-4667.578644,47.0,0.2644,3.1608,0.08364,4.04648,0.0,0.0,0.0836,0.0,0.0,4.0465,0.2644,3.161,0.08364441632394812,44.0,0.0,1.0,True,False
ENSG00000149573,ok,not_requested,ok,23,208,253.0,0.2126,1.328,0.1601,0.08757857142857142,0.5205842857142857,0.2074,210.0,-5003.332521,46,0.1942,3.1807,6.073426,0.9252,4.7641,0.0,0.0,0.1942,0.0242,0.1246,0.1942,0.9011,4.6395,0.19422351546502856,44,-5000.253638,47.0,0.9229,4.9387,0.20545,0.08866,0.0,0.0,0.2054,0.0696,0.7856,0.0887,0.8533000000000001,4.1534,0.20544614051138826,44.0,6.157766000000265,0.013083635044534872,True,False
ENSG00000149823,ok,not_requested,ok,24,779,276.0,0.0706,1.6683,0.0423,0.05609047619047619,0.7412064935064935,0.027,231.0,-14064.853975,48,0.03402,4.39276,9.877225,0.4823,14.1794,0.0004,0.0103,0.034,0.0062,0.1824,0.034,0.47559999999999997,13.9871,0.034002759685710406,46,-14061.284198,49.0,0.4816,14.3637,0.03229,0.05607,0.0003,0.0104,0.0323,0.0422,0.7522,0.0561,0.4391,13.6011,0.03228415348758556,46.0,7.139554000001226,0.007540190985712141,True,False
ENSG00000152382,ok,not_requested,ok,24,327,276.0,0.0474,2.728,0.0174,0.02444978354978355,0.4984848484848485,0.0282,231.0,-6787.832343,48,0.07794,2.17815,5.992167,0.4735,6.0761,0.0005,0.0063,0.0779,0.0372,0.4768,0.0779,0.4356,5.5928,0.07788585323987984,46,-6767.115165,49.0,0.4754,7.0078,0.0909,0.01683,0.0006,0.0061,0.0909,0.0367,2.1821,0.0168,0.4381,4.8196,0.09089965972279856,46.0,41.43435599999975,1.2189615161487793e-10,True,False
ENSG00000152642,ok,not_requested,ok,19,350,171.0,0.0473,1.3326,0.0355,0.0861514705882353,1.9489073529411765,0.032100000000000004,136.0,-6267.845319,38,0.0959,2.14229,5.24992,0.5246,5.4708,0.0006,0.0061,0.0959,0.0056,0.0587,0.0959,0.5186,5.406,0.09593044765075841,36,-6252.434405,39.0,0.5321,5.5453,0.10913,0.0001,0.0006,0.0059,0.1091,0.0001,0.6698,0.0001,0.5313,4.8696,0.10910547067520945,36.0,30.821828000000096,2.8283845826115426e-08,True,False
ENSG00000153391,ok,not_requested,ok,22,189,231.0,0.1258,1.2659,0.0994,0.0796657894736842,0.4618184210526316,0.0979,190.0,-4234.500337,44,0.17533,1.76169,5.729588,0.8636,4.9256,0.0,0.0,0.1753,0.0384,0.219,0.1753,0.8252,4.7063,0.17533943862482207,42,-4233.887208,45.0,0.8632,4.972,0.18036,0.12909,0.0,0.0,0.1804,0.0846,0.6556,0.1291,0.7784,4.3164,0.18033546473913448,42.0,1.2262580000005983,0.26813600415767963,True,False
ENSG00000153879,ok,not_requested,ok,23,146,253.0,0.053,0.8313,0.0637,0.03879333333333333,0.42255190476190474,0.0813,210.0,-2563.916373,46,0.09639,2.74645,3.668007,0.3494,3.6249,0.0018,0.0185,0.0964,0.033,0.3419,0.0964,0.3144,3.2643,0.09631467695983825,44,-2563.916374,47.0,0.3494,3.6249,0.09639,0.81768,0.0018,0.0185,0.0964,0.0,0.0,0.8177,0.3473,3.6062,0.09630636126670734,44.0,-1.99999976757681e-06,1.0,True,False
ENSG00000153975,ok,not_requested,ok,24,576,276.0,0.1975,0.8464,0.2333,0.07227705627705627,0.37837878787878787,0.1968,231.0,-12111.296543,48,0.19859,3.29533,4.52879,0.7824,3.9398,0.0018,0.0093,0.1986,0.0349,0.1759,0.1986,0.7453,3.7546,0.19850316944548022,46,-12111.254897,49.0,0.7818,3.9481,0.19945,0.1519,0.0019,0.0093,0.1995,0.0181,0.1192,0.1519,0.7617,3.8194,0.19942922972194588,46.0,0.08329199999934644,0.7728847905791085,True,False
ENSG00000155052,ok,not_requested,ok,22,1306,231.0,0.0955,1.7287,0.0552,0.04670736842105263,0.4582794736842105,0.0854,190.0,-24404.007524,44,0.12608,2.56689,4.682532,0.5575,4.422,0.0009,0.0074,0.1261,0.0204,0.162,0.1261,0.5361,4.2523,0.1260729487571432,42,-24404.007525,45.0,0.5575,4.422,0.12608,0.48832,0.0009,0.0074,0.1261,0.0,0.0,0.4883,0.5565,4.4143,0.12606755317943955,42.0,-2.0000006770715117e-06,1.0,True,False
ENSG00000155099,ok,not_requested,ok,23,256,253.0,0.0216,0.5202,0.0416,0.017695238095238094,0.2890519047619048,0.0536,210.0,-3692.200447,46,0.05884,3.24363,2.928821,0.1723,2.9277,0.0005,0.0082,0.0588,0.0083,0.1403,0.0588,0.1635,2.7792,0.05882987910189983,44,-3691.896985,47.0,0.1722,2.9326,0.06076,0.0451,0.0005,0.0082,0.0608,0.0171,0.38,0.0451,0.1548,2.5446,0.0608347087950955,44.0,0.6069240000006175,0.4359483347465365,True,False
ENSG00000155189,ok,not_requested,ok,24,364,276.0,0.1411,1.1557,0.1221,0.1121069264069264,0.8149251082251082,0.17270000000000002,231.0,-8034.549318,48,0.19422,2.11264,5.99605,0.9462,4.8717,0.0009,0.0046,0.1942,0.0252,0.1296,0.1942,0.9203,4.7374,0.194262675729303,46,-8034.53988,49.0,0.9463,4.8708,0.19465,0.16547,0.0009,0.0046,0.1947,0.0101,0.061,0.1655,0.935,4.8053,0.19457682142634175,46.0,0.018876000000091153,0.8907225697425154,True,False
ENSG00000155363,ok,not_requested,ok,24,1002,276.0,0.3321,1.1192,0.2967,0.05241341991341991,0.4988,0.0867,231.0,-21846.289112,48,0.12748,3.25063,6.686624,0.8379,6.5731,0.0034,0.0266,0.1275,0.0339,0.2661,0.1275,0.8006,6.2802,0.12748001655998217,46,-21840.543094,49.0,0.8471,5.9844,0.12343,0.22584,0.0033,0.0268,0.1234,0.2391,1.0588,0.2258,0.6047,4.8985,0.12344595284270694,46.0,11.492035999996006,0.0006989503035737774,True,False
ENSG00000155792,ok,not_requested,ok,24,405,276.0,0.0281,1.0469,0.0268,0.03766753246753247,0.9560467532467533,0.0234,231.0,-8767.041452,48,0.06861,2.24792,6.946803,0.5686,8.2873,0.0004,0.0061,0.0686,0.0069,0.1009,0.0686,0.5613,8.1806,0.0686135491284258,46,-8767.041452,49.0,0.5686,8.2873,0.06861,0.39186,0.0004,0.0061,0.0686,0.0,0.0,0.3919,0.5682,8.2815,0.06861075892048543,46.0,0.0,1.0,True,False
ENSG00000156467,ok,not_requested,ok,16,111,120.0,0.0545,0.7727,0.0706,0.12656483516483516,0.5250989010989011,0.2418,91.0,-2473.568591,32,0.20736,1.1618,5.547372,1.0258,4.947,0.0087,0.0418,0.2074,0.02,0.0965,0.2074,0.9971,4.8087,0.20735333874020007,30,-2469.796062,33.0,1.0335,4.9973,0.2241,0.05335,0.0095,0.0424,0.2241,0.027,0.5059,0.0533,0.9966,4.4489,0.22401042954438177,30.0,7.5450580000006084,0.006017488522499175,True,False
ENSG00000157064,ok,not_requested,ok,24,307,276.0,0.0163,0.9984,0.0163,0.05697142857142857,0.5940272727272727,0.0274,231.0,-6024.867174,48,0.06918,2.48059,7.746893,0.6733,9.732,0.0003,0.0041,0.0692,0.0112,0.1621,0.0692,0.6621,9.5658,0.06921532961174184,46,-6015.534175,49.0,0.6745,9.3039,0.07579,0.0001,0.0003,0.004,0.0758,0.0,0.4054,0.0001,0.6742,8.8943,0.07580135592458091,46.0,18.6659980000004,1.5573503827094843e-05,True,False
ENSG00000158715,ok,not_requested,ok,23,544,253.0,0.0798,1.8418,0.0433,0.08396619047619047,0.7768161904761904,0.09234999999999999,210.0,-11400.003751,46,0.08852,4.63667,5.938079,0.5674,6.4093,0.0005,0.0058,0.0885,0.0058,0.0657,0.0885,0.5611,6.3374,0.08853788619938777,44,-11400.003751,47.0,0.5674,6.4093,0.08852,0.27412,0.0005,0.0058,0.0885,0.0,0.0,0.2741,0.5669,6.4031,0.08853524074276521,44.0,0.0,1.0,True,False
ENSG00000158747,ok,not_requested,ok,23,173,253.0,0.0518,2.0096,0.0258,0.016514285714285714,0.9336419047619048,0.0169,210.0,-2687.15789,46,0.03115,5.6334,4.164812,0.2208,7.0858,0.0006,0.0192,0.0312,0.0176,0.5657,0.0312,0.2025,6.5006,0.03115097067962957,44,-2684.990672,47.0,0.2214,6.6739,0.0284,999.0,0.0006,0.0194,0.0284,0.0319,0.0,999.0,0.1889,6.6545,0.028386805920805475,44.0,4.334436000000096,0.03734878782899365,True,False
ENSG00000159079,ok,not_requested,ok,24,273,276.0,0.0796,0.887,0.0898,0.05603679653679654,0.5309640692640692,0.105,231.0,-6718.321258,48,0.08549,1.93599,7.346252,0.6699,7.8367,0.001,0.0119,0.0855,0.0212,0.2476,0.0855,0.648,7.5772,0.08551971704587447,46,-6702.723166,49.0,0.6709,8.6589,0.09504,0.0001,0.0011,0.0116,0.095,0.0002,1.6016,0.0001,0.6692,7.0458,0.09497856879275597,46.0,31.196184000000358,2.332240866740924e-08,True,False
ENSG00000159335,ok,not_requested,ok,13,272,78.0,0.0681,0.4223,0.1612,0.013792727272727272,0.13610727272727272,0.0798,55.0,-2450.119662,26,0.24955,2.13869,2.165096,0.4014,1.6085,0.0042,0.0167,0.2496,0.0338,0.1355,0.2496,0.3636,1.4564,0.24965668772315297,24,-2440.690317,27.0,0.3902,1.9363,0.30676,0.0001,0.0048,0.0155,0.3068,0.0001,0.6646,0.0001,0.3854,1.2562,0.30679828052857827,24.0,18.858690000000024,1.4076833100504124e-05,True,False
ENSG00000160049,ok,not_requested,ok,21,318,210.0,0.1018,0.8423,0.1209,0.12129122807017544,0.5526029239766082,0.1807,171.0,-9671.103755,42,0.25292,2.47063,9.55714,1.8449,7.2942,0.0014,0.0055,0.2529,0.028,0.1108,0.2529,1.8155,7.1778,0.2529326534592772,40,-9665.434099,43.0,1.8475,7.3922,0.26602,0.11836,0.0014,0.0054,0.266,0.0953,0.8054,0.1184,1.7505,6.5811,0.2659889684095364,40.0,11.339312000000064,0.0007588343159685265,True,False
ENSG00000160075,ok,not_requested,ok,23,191,253.0,0.0998,0.8281,0.1205,0.027331428571428572,0.77567,0.03515,210.0,-4489.539811,46,0.09058,2.14264,6.148855,0.6505,7.1816,0.0006,0.0062,0.0906,0.0094,0.1036,0.0906,0.6405,7.0715,0.09057484267835678,44,-4489.539811,47.0,0.6505,7.1816,0.09058,1.42717,0.0006,0.0062,0.0906,0.0,0.0,1.4272,0.6499,7.1752,0.09057587244954844,44.0,0.0,1.0,True,False
ENSG00000160111,timeout(3600s),not_requested,ok,17,1784,136.0,0.1601,1.4293,0.112,0.08230285714285714,0.7633371428571428,0.0896,105.0,-30843.224005,34,0.13943,3.40294,4.874488,0.6582,4.7209,0.0021,0.0149,0.1394,0.0365,0.2616,0.1394,0.6196,4.4447,0.13940198438589782,32,,,,,,,,,,,,,,,,,,,,
ENSG00000160888,ok,not_requested,ok,19,219,171.0,0.2296,1.9623,0.117,0.11150808823529412,0.8544117647058823,0.12725,136.0,-4291.778067,38,0.12652,3.27285,6.389954,0.8332,6.5851,0.0012,0.0098,0.1265,0.01,0.0794,0.1265,0.8219,6.4962,0.1265201194544503,36,-4291.778067,39.0,0.8332,6.5852,0.12652,2.94068,0.0012,0.0098,0.1265,0.0,0.0,2.9407,0.8319,6.5755,0.12651509390920843,36.0,0.0,1.0,True,False
ENSG00000161031,ok,not_requested,ok,23,605,253.0,0.3511,0.9493,0.3698,0.19597619047619047,0.6889042857142857,0.26739999999999997,210.0,-18558.623006,46,0.33658,2.9521,10.450853,2.2642,6.7272,0.0255,0.0757,0.3366,0.0,0.0,0.3366,2.2389,6.6512,0.3366159490016839,44,-18550.250207,47.0,2.2631,6.9641,0.35061,0.15655,0.026,0.0742,0.3506,0.144,0.92,0.1566,2.0932,5.9697000000000005,0.35063738546325607,44.0,16.745598000001337,4.2741312125046515e-05,True,False
ENSG00000161618,ok,not_requested,ok,23,802,253.0,0.2305,1.0869,0.2121,0.12074904761904762,0.5541471428571428,0.19795000000000001,210.0,-22060.417773,46,0.2188,3.0852,7.779115,1.3196,6.0313,0.005,0.0229,0.2188,0.0241,0.1101,0.2188,1.2905,5.8983,0.218791855280335,44,-22060.417773,47.0,1.3196,6.0313,0.21879,0.53024,0.005,0.0229,0.2188,0.0,0.0,0.5302,1.3146,6.0084,0.2187936888356301,44.0,0.0,1.0,True,False
ENSG00000161654,ok,not_requested,ok,22,189,231.0,0.0437,0.4347,0.1006,0.10800894736842105,0.24264210526315788,0.4454,190.0,-3626.097435,44,0.33146,1.40786,4.440935,0.9964,3.0062,0.0695,0.2097,0.3315,0.0167,0.0502,0.3315,0.9102,2.7463,0.33142773913993373,42,-3622.14946,45.0,1.0019,2.987,0.35593,0.13525,0.0717,0.2015,0.3559,0.0376,0.2777,0.1353,0.8928,2.5077,0.35602344778083506,42.0,7.895950000000084,0.004954560860563459,True,False
ENSG00000161980,ok,not_requested,ok,19,101,171.0,0.0221,1.2924,0.0171,0.024999264705882353,0.5061338235294117,0.0137,136.0,-1508.682485,38,0.04497,2.42452,3.846066,0.2133,4.7436,0.0006,0.0124,0.045,0.0121,0.2688,0.045,0.201,4.4623,0.045044035587029116,36,-1506.184021,39.0,0.2153,4.806,0.05166,0.01436,0.0006,0.0121,0.0517,0.0127,0.8846,0.0144,0.2023,3.9092,0.05174971861250384,36.0,4.996928000000025,0.025392349553020412,True,False
ENSG00000162191,ok,not_requested,ok,24,296,276.0,0.0526,1.7242,0.0305,0.04164199134199134,0.3976502164502164,0.0936,231.0,-6242.179531,48,0.11683,2.41608,4.913131,0.5349,4.5787,0.0009,0.0074,0.1168,0.0158,0.1352,0.1168,0.5183,4.4358,0.11684476306415978,46,-6235.690224,49.0,0.5347,4.83,0.12814,0.03953,0.0009,0.0072,0.1281,0.0376,0.9507,0.0395,0.4958,3.8723,0.12803760039253156,46.0,12.978613999999652,0.000315069113110432,True,False
ENSG00000162384,ok,not_requested,ok,24,159,276.0,0.1014,3.3139,0.0306,0.05941038961038961,0.5206160173160174,0.056,231.0,-3330.186783,48,0.10272,2.31957,6.313993,0.7047,6.8603,0.0,0.0,0.1027,0.0336,0.3273,0.1027,0.6707,6.5328,0.10266654420769042,46,-3330.186783,49.0,0.7047,6.8603,0.10272,0.25567,0.0,0.0,0.1027,0.0,0.0,0.2557,0.7043,6.8603000000000005,0.10266314884188737,46.0,0.0,1.0,True,False
ENSG00000162670,ok,not_requested,ok,23,741,253.0,0.0217,0.7916,0.0274,0.012473809523809524,0.5336457142857143,0.02425,210.0,-11438.683301,46,0.04276,1.82464,3.556054,0.185,4.3269,0.0004,0.0084,0.0428,0.0054,0.1273,0.0428,0.179,4.1911,0.04270955119181122,44,-11438.683302,47.0,0.185,4.3269,0.04276,0.14165,0.0004,0.0084,0.0428,0.0,0.0,0.1416,0.1844,4.3184000000000005,0.04270100037050759,44.0,-2.0000006770715117e-06,1.0,True,False
ENSG00000163235,ok,not_requested,ok,24,159,276.0,0.1663,1.6047,0.1036,0.07190735930735931,0.45987965367965367,0.1021,231.0,-4759.272716,48,0.1957,2.18252,8.830819,1.4722,7.5227,0.0306,0.1562,0.1957,0.0453,0.2312,0.1957,1.3959,7.1351,0.19563846337122112,46,-4759.272716,49.0,1.4722,7.5227,0.1957,0.56777,0.0306,0.1562,0.1957,0.0,0.0,0.5678,1.4412,7.3664000000000005,0.19564509122502172,46.0,0.0,1.0,True,False
ENSG00000163462,ok,not_requested,ok,24,748,276.0,0.1135,2.5415,0.0447,0.017574458874458875,0.48492121212121214,0.0256,231.0,-12159.380515,48,0.03673,4.67373,6.092019,0.2937,7.9958,0.0001,0.004,0.0367,0.0164,0.4457,0.0367,0.27699999999999997,7.5458,0.036709162713032414,46,-12159.380515,49.0,0.2937,7.9958,0.03673,0.15467,0.0001,0.004,0.0367,0.0,0.0,0.1547,0.2933,7.9916,0.03670103608789229,46.0,0.0,1.0,True,False
ENSG00000163719,ok,not_requested,ok,24,648,276.0,0.0828,0.8095,0.1023,0.03608701298701299,0.3139030303030303,0.1132,231.0,-10899.708851,48,0.11363,3.0315,3.240977,0.3639,3.2028,0.0007,0.0062,0.1136,0.0145,0.1276,0.1136,0.3488,3.0686,0.1136674705077234,46,-10899.647436,49.0,0.3641,3.1998,0.11285,0.13305,0.0007,0.0062,0.1128,0.0195,0.1469,0.1331,0.3438,3.0465,0.11285081240768094,46.0,0.12283000000024913,0.7259851667194326,True,False
ENSG00000163728,ok,not_requested,ok,24,762,276.0,0.1028,0.8,0.1285,0.04286926406926407,0.3120021645021645,0.1299,231.0,-14208.033209,48,0.15852,2.35057,3.66434,0.548,3.4572,0.0003,0.0019,0.1585,0.038,0.2399,0.1585,0.5095,3.2154,0.15845617963550412,46,-14206.926551,49.0,0.5464,3.4847,0.16205,0.0001,0.0003,0.0019,0.1621,0.0,0.1129,0.0001,0.5461,3.3699,0.1620522864179946,46.0,2.213315999997576,0.1368242896885472,True,False
ENSG00000163870,ok,not_requested,ok,24,363,276.0,0.0735,1.22,0.0602,0.1566948051948052,0.9944818181818181,0.1016,231.0,-10643.39983,48,0.11144,2.61853,13.040833,1.617,14.5104,0.0,0.0,0.1114,0.001,0.0088,0.1114,1.6157,14.501199999999999,0.11141836537665849,46,-10643.399831,49.0,1.617,14.5102,0.11144,0.53191,0.0,0.0,0.1114,0.0,0.0,0.5319,1.6167,14.5099,0.11142047843196715,46.0,-2.0000006770715117e-06,1.0,True,False
ENSG00000163930,ok,not_requested,ok,21,694,210.0,0.0821,1.3356,0.0615,0.03878538011695906,0.4717076023391813,0.0662,171.0,-12303.73028,42,0.08513,3.44221,4.079302,0.3667,4.3073,0.0007,0.0078,0.0851,0.0088,0.1033,0.0851,0.357,4.1961,0.0850790019303639,40,-12303.730281,43.0,0.3667,4.3073,0.08512,0.77526,0.0007,0.0078,0.0851,0.0,0.0,0.7753,0.3658,4.2994,0.08508163929850676,40.0,-2.0000006770715117e-06,1.0,True,False
ENSG00000163933,ok,not_requested,ok,24,539,276.0,0.1533,0.6766,0.2266,0.07904545454545454,0.32454415584415586,0.2345,231.0,-11715.598437,48,0.22618,3.60152,4.634936,0.7531,3.3298,0.0012,0.0053,0.2262,0.0278,0.1229,0.2262,0.7244,3.2015,0.22626893643604562,46,-11713.790439,49.0,0.7527,3.3525,0.23255,0.0001,0.0012,0.0053,0.2326,0.0,0.1159,0.0001,0.7517,3.231,0.23265242958836277,46.0,3.6159960000004503,0.05722644576178444,True,False
ENSG00000163946,timeout(3600s),not_requested,ok,23,1675,253.0,0.2137,0.7346,0.2909,0.050884761904761905,0.23917190476190475,0.20850000000000002,210.0,-27744.663633,46,0.25389,2.88304,3.323524,0.6497,2.559,0.0008,0.0033,0.2539,0.0691,0.2724,0.2539,0.5801999999999999,2.2831,0.2541281590819499,44,,,,,,,,,,,,,,,,,,,,
ENSG00000164080,ok,not_requested,ok,24,1465,276.0,0.1041,1.0252,0.1015,0.03743679653679654,0.34279177489177487,0.0618,231.0,-25882.385173,48,0.12515,2.86483,3.674451,0.4229,3.3788,0.0003,0.0025,0.1252,0.012,0.0961,0.1252,0.4107,3.2799,0.12521723223269002,46,-25882.385177,49.0,0.4229,3.3788,0.12515,1.93643,0.0003,0.0025,0.1252,0.0,0.0,1.9364,0.4227,3.376,0.125207345971564,46.0,-8.000002708286047e-06,1.0,True,False
ENSG00000164342,ok,not_requested,ok,23,903,253.0,0.3795,1.9071,0.199,0.11154238095238095,0.4956014285714286,0.2434,210.0,-23614.670808,46,0.22101,3.02716,7.466469,1.2395,5.6082,0.0012,0.0054,0.221,0.0512,0.2315,0.221,1.1871,5.3715,0.2209997207483943,44,-23614.670808,47.0,1.2395,5.6082,0.22101,11.81738,0.0012,0.0054,0.221,0.0,0.0,11.8174,1.2383,5.603,0.2210066036052115,44.0,0.0,1.0,True,False
ENSG00000164548,ok,not_requested,ok,22,279,231.0,0.008,0.5219,0.0153,0.044581052631578945,0.2869663157894737,0.0234,190.0,-4107.232002,44,0.04093,2.48533,6.347001,0.2962,7.2381,0.0003,0.008,0.0409,0.0025,0.0603,0.0409,0.2936,7.1699,0.040948967210142406,42,-4098.370966,45.0,0.2894,5.5693,0.05695,0.0001,0.0004,0.0077,0.057,0.0,0.4886,0.0001,0.2889,5.0733,0.05694518360830229,42.0,17.72207199999866,2.5564307700743186e-05,True,False
ENSG00000164761,ok,not_requested,ok,24,390,276.0,0.24,1.2068,0.1989,0.06518311688311688,0.6737835497835498,0.1002,231.0,-8669.505726,48,0.12394,2.41095,5.547115,0.6686,5.3946,0.0013,0.0106,0.1239,0.0468,0.378,0.1239,0.6202,5.006,0.12389133040351577,46,-8668.38482,49.0,0.6697,5.2947,0.12053,10.84021,0.0013,0.0107,0.1205,0.0319,0.0029,10.8402,0.6365000000000001,5.281,0.12052641545161903,46.0,2.241812000000209,0.13432349125406953,True,False
ENSG00000164880,ok,not_requested,ok,23,2184,253.0,0.0755,1.581,0.0478,0.05366380952380952,1.230904761904762,0.0429,210.0,-46730.535808,46,0.04608,4.46772,6.090617,0.4166,9.0403,0.0014,0.0305,0.0461,0.009,0.1961,0.0461,0.4058,8.8137,0.0460419574072183,44,-46730.535811,47.0,0.4166,9.0403,0.04608,0.28176,0.0014,0.0305,0.0461,0.0,0.0,0.2818,0.4149,9.0098,0.04604985682257098,44.0,-6.000002031214535e-06,1.0,True,False
ENSG00000164935,ok,not_requested,ok,24,455,276.0,0.3248,1.0138,0.3204,0.15446580086580086,0.5017558441558442,0.3154,231.0,-12916.93459,48,0.31642,3.65257,7.544704,1.5181,4.7978,0.0013,0.0042,0.3164,0.0866,0.2737,0.3164,1.4299,4.5199,0.3163565565609859,46,-12914.032986,49.0,1.5144,4.9229,0.3265,0.20899,0.0014,0.0042,0.3265,0.1652,0.7906,0.209,1.348,4.128,0.32655038759689925,46.0,5.803208000001177,0.015996962086707017,True,False
ENSG00000164961,timeout(3600s),not_requested,ok,24,1159,276.0,0.051,1.0188,0.05,0.017722943722943724,0.4057181818181818,0.0331,231.0,-20569.109914,48,0.05242,2.67344,5.004718,0.2771,5.286,0.0003,0.0063,0.0524,0.0194,0.3693,0.0524,0.2576,4.9101,0.05246328995336144,46,,,,,,,,,,,,,,,,,,,,
ENSG00000164975,ok,not_requested,ok,23,408,253.0,0.1623,0.7015,0.2313,0.06361333333333333,0.3838695238095238,0.16399999999999998,210.0,-8592.470565,46,0.17593,2.65278,4.714973,0.6895,3.9195,0.0007,0.0042,0.1759,0.0344,0.1957,0.1759,0.6544,3.7194000000000003,0.1759423562940259,44,-8591.828542,47.0,0.6906,3.8811,0.17242,13.99424,0.0007,0.0042,0.1724,0.0217,0.0015,13.9942,0.6679,3.8751,0.17235684240406698,44.0,1.2840460000006715,0.25714810330643234,True,False
ENSG00000165124,timeout(3600s),not_requested,ok,24,3569,276.0,0.1561,0.9142,0.1708,0.08271082251082251,0.4341168831168831,0.2015,231.0,-79275.661545,48,0.19334,3.00666,4.866632,0.7504,3.8811,0.0009,0.0046,0.1933,0.0435,0.2252,0.1933,0.7059,3.6511,0.1933389937279176,46,,,,,,,,,,,,,,,,,,,,
ENSG00000165282,ok,not_requested,ok,24,1087,276.0,0.3177,2.7568,0.1152,0.09288268398268398,0.33704545454545454,0.2802,231.0,-24538.688986,48,0.22753,3.8173,6.039473,0.9691,4.2593,0.001,0.0046,0.2275,0.0597,0.2623,0.2275,0.9089,3.9922,0.22766895446119936,46,-24532.456021,49.0,0.9665,4.5538,0.23582,0.06179,0.0011,0.0046,0.2358,0.0381,0.6172,0.0618,0.9276,3.932,0.23591047812817903,46.0,12.46592999999848,0.0004144421259297025,True,False
ENSG00000165724,ok,not_requested,ok,24,211,276.0,0.0173,1.8897,0.0091,0.03107878787878788,0.9812761904761905,0.01965,231.0,-4034.364665,48,0.02741,2.87764,8.695814,0.3253,11.8656,0.0006,0.0202,0.0274,0.0087,0.3156,0.0274,0.3163,11.5295,0.027433973719588882,46,-4034.364666,49.0,0.3253,11.8654,0.02741,0.48306,0.0006,0.0202,0.0274,0.0,0.0,0.4831,0.3249,11.8449,0.027429526631714916,46.0,-1.99999976757681e-06,1.0,True,False
ENSG00000165929,ok,not_requested,ok,24,488,276.0,0.1297,0.9199,0.141,0.058937229437229434,0.35706839826839826,0.1703,231.0,-9966.898651,48,0.17916,3.39608,4.207559,0.6498,3.6267,0.0016,0.0091,0.1792,0.0479,0.2672,0.1792,0.6001,3.3505,0.17910759588121175,46,-9966.007474,49.0,0.6488,3.6519,0.18323,0.0001,0.0017,0.009,0.1832,0.0,0.111,0.0001,0.647,3.5319,0.18318751946544354,46.0,1.7823539999990317,0.18186053428318283,True,False
ENSG00000166192,ok,not_requested,ok,21,212,210.0,0.1365,0.9558,0.1428,0.04533567251461988,0.32542748538011695,0.1454,171.0,-3511.937865,42,0.15308,3.41769,3.532603,0.4626,3.0219,0.0013,0.0083,0.1531,0.0429,0.28,0.1531,0.4184,2.7336,0.1530582382206614,40,-3511.354296,43.0,0.4617,3.068,0.15861,0.0001,0.0013,0.0082,0.1586,0.0,0.1568,0.0001,0.4602,2.9031000000000002,0.15852020254211013,40.0,1.1671379999997953,0.27999008574054846,True,False
ENSG00000166342,ok,not_requested,ok,24,532,276.0,0.1172,0.7055,0.1661,0.052298701298701296,0.28472597402597405,0.1462,231.0,-8371.423891,48,0.06103,2.26536,3.372337,0.2253,3.6913,0.0001,0.0021,0.061,0.0095,0.1558,0.061,0.2159,3.5335,0.061100891467383615,46,-8366.614439,49.0,0.2252,3.6638,0.056,0.10957,0.0001,0.0022,0.056,0.0409,0.3737,0.1096,0.1838,3.2879,0.0559019434897655,46.0,9.61890399999902,0.0019258463009929313,True,False
ENSG00000166780,ok,not_requested,ok,24,203,276.0,0.2455,1.4479,0.1695,0.03382034632034632,0.3723437229437229,0.06245,231.0,-4309.968486,48,0.10846,1.86101,6.439817,0.7681,7.082,0.0,0.0,0.1085,0.0871,0.8033,0.1085,0.6812,6.2787,0.10849379648653384,46,-4309.968486,49.0,0.7681,7.0819,0.10846,9.46891,0.0,0.0,0.1085,0.0,0.0,9.4689,0.7683,7.0819,0.10848783518547282,46.0,0.0,1.0,True,False
ENSG00000166889,ok,not_requested,ok,24,766,276.0,0.0809,1.0126,0.0799,0.03836709956709957,0.3334212121212121,0.0887,231.0,-13902.260755,48,0.11905,2.97164,3.839192,0.396,3.3264,0.0007,0.0059,0.119,0.0308,0.2584,0.119,0.3644,3.0622,0.11899941218731631,46,-13902.260756,49.0,0.396,3.3264,0.11905,0.95645,0.0007,0.0059,0.119,0.0,0.0,0.9565,0.3951,3.3205999999999998,0.11898452086972235,46.0,-2.0000006770715117e-06,1.0,True,False
ENSG00000167085,ok,not_requested,ok,24,267,276.0,0.0061,1.8221,0.0033,0.05501341991341991,0.47335844155844153,0.0173,231.0,-5960.482105,48,0.06961,2.58921,8.70296,0.6327,9.0896,0.0006,0.0079,0.0696,0.0139,0.2003,0.0696,0.6181,8.881,0.06959801824118905,46,-5929.636382,49.0,0.6352,8.7665,0.08716,0.0022,0.0007,0.0076,0.0872,0.0033,1.5167,0.0022,0.6311,7.2421999999999995,0.0871420286653227,46.0,61.691446000000724,4.017216990212655e-15,True,False
ENSG00000167693,ok,not_requested,ok,21,434,210.0,0.0235,1.3479,0.0174,0.008405263157894737,0.40139122807017547,0.0163,171.0,-7502.12049,42,0.0979,1.92283,4.17697,0.4779,4.8814,0.0008,0.0081,0.0979,0.0197,0.201,0.0979,0.4574,4.6725,0.09789192081326911,40,-7488.54385,43.0,0.4817,4.9336,0.10983,0.01839,0.0009,0.0078,0.1098,0.0121,0.6575,0.0184,0.4687,4.2681000000000004,0.10981467163374803,40.0,27.15328000000045,1.879460588535034e-07,True,False
ENSG00000167992,ok,not_requested,ok,21,947,210.0,0.2083,0.9169,0.2272,0.10805964912280702,0.49914912280701756,0.2112,171.0,-22529.21467,42,0.25097,3.39388,5.905084,1.0651,4.2441,0.0019,0.0074,0.251,0.0571,0.2276,0.251,1.0062,4.0091,0.25097902272330447,40,-22528.564755,43.0,1.0639,4.264,0.25393,0.0001,0.0019,0.0074,0.2539,0.0,0.0742,0.0001,1.0619,4.1827,0.2538790733258422,40.0,1.299830000003567,0.2542442783902815,True,False
ENSG00000168016,timeout(3600s),not_requested,ok,22,2971,231.0,0.2491,2.2195,0.1123,0.08152684210526316,0.47392526315789474,0.1659,190.0,-66023.253531,44,0.181,3.16942,5.762413,0.8923,4.93,0.0006,0.0031,0.181,0.0609,0.3366,0.181,0.8306,4.5903,0.1809467790776202,42,,,,,,,,,,,,,,,,,,,,
ENSG00000168038,ok,not_requested,ok,23,1252,253.0,0.0722,0.6237,0.1157,0.02263142857142857,0.5065742857142858,0.042300000000000004,210.0,-26867.894579,46,0.19061,2.84772,5.401658,0.8121,4.2605,0.0017,0.0088,0.1906,0.0429,0.2249,0.1906,0.7676,4.0268,0.19062282705870667,44,-26859.436029,47.0,0.8153,4.2087,0.1828,0.33928,0.0016,0.0089,0.1828,0.0997,0.2938,0.3393,0.7139,3.9059,0.18277477661998515,44.0,16.917099999998754,3.904822913731733e-05,True,False
ENSG00000168143,ok,not_requested,ok,24,1008,276.0,0.1751,1.3179,0.1328,0.10506839826839827,0.5866402597402597,0.2047,231.0,-23566.970333,48,0.16238,2.76516,5.747111,0.8188,5.0422,0.0014,0.0084,0.1624,0.0333,0.2048,0.1624,0.7841,4.8291,0.16236979975564805,46,-23566.970334,49.0,0.8188,5.0422,0.16238,1.72103,0.0014,0.0084,0.1624,0.0,0.0,1.721,0.8174,5.0338,0.1623822956811951,46.0,-2.0000006770715117e-06,1.0,True,False
ENSG00000168237,ok,not_requested,ok,23,522,253.0,0.1738,0.8942,0.1944,0.09202142857142857,0.49819619047619046,0.17795,210.0,-12895.388402,46,0.1723,4.69327,6.219344,0.8569,4.9737,0.0008,0.0046,0.1723,0.0321,0.1862,0.1723,0.8238,4.783,0.17223499895463096,44,-12892.48545,47.0,0.8557,5.0941,0.17817,0.10895,0.0008,0.0046,0.1782,0.0817,0.7496,0.109,0.7732,4.34,0.17815668202764978,44.0,5.805904000000737,0.015972454408026287,True,False
ENSG00000168280,ok,not_requested,ok,24,956,276.0,0.023,1.29,0.0178,0.01304155844155844,0.43292380952380954,0.0182,231.0,-15180.860105,48,0.02862,2.04086,3.815682,0.1439,5.0266,0.0001,0.0027,0.0286,0.0006,0.0208,0.0286,0.1431,5.0031,0.02860226659471128,46,-15166.316807,49.0,0.1445,5.2756,0.03276,0.0106,0.0001,0.0026,0.0328,0.0135,1.2768,0.0106,0.1308,3.9962,0.03273109453981282,46.0,29.08659600000101,6.921420539951422e-08,True,False
ENSG00000168874,ok,not_requested,ok,23,315,253.0,0.1102,1.5539,0.0709,0.026670952380952382,0.4362457142857143,0.04945,210.0,-6546.392457,46,0.15587,2.24968,5.362802,0.8096,5.1943,0.0019,0.0123,0.1559,0.0238,0.1529,0.1559,0.7837,5.029,0.15583615032809703,44,-6543.593747,47.0,0.8166,5.0953,0.14881,0.40314,0.0019,0.0125,0.1488,0.0926,0.2297,0.4031,0.7223,4.8528,0.1488419057039235,44.0,5.5974200000000565,0.0179869467616934,True,False
ENSG00000169679,ok,not_requested,ok,23,1084,253.0,0.2882,0.9302,0.3099,0.12645714285714285,0.49046666666666666,0.26539999999999997,210.0,-29405.032675,46,0.30336,3.31606,6.941389,1.4028,4.6244,0.0011,0.0036,0.3034,0.0524,0.1728,0.3034,1.3493,4.448,0.30334982014388484,44,-29404.153464,47.0,1.401,4.657,0.30679,0.0001,0.0011,0.0036,0.3068,0.0,0.0903,0.0001,1.3998,4.5629,0.30677858379539324,44.0,1.7584219999989728,0.18482146305389766,True,False
ENSG00000169744,ok,not_requested,ok,23,373,253.0,0.0136,0.529,0.0256,0.04343,0.4251128571428571,0.0461,210.0,-6710.097448,46,0.13103,1.64245,4.113491,0.5359,4.0901,0.0007,0.0055,0.131,0.0102,0.0777,0.131,0.5249,4.0068,0.13100229609663572,44,-6695.02982,47.0,0.539,4.0778,0.14129,0.0111,0.0008,0.0054,0.1413,0.0032,0.2852,0.0111,0.5351,3.7873,0.14128798880468935,44.0,30.13525600000139,4.0293892708662587e-08,True,False
ENSG00000170385,ok,not_requested,ok,24,498,276.0,0.1734,0.58,0.299,0.06426320346320347,0.3041064935064935,0.2308,231.0,-9892.448888,48,0.31078,2.14374,4.161356,0.8583,2.7617,0.0013,0.0041,0.3108,0.0315,0.1013,0.3108,0.8252,2.6561,0.31068107375475323,46,-9891.863629,49.0,0.8586,2.7551,0.30484,0.3716,0.0013,0.0041,0.3048,0.1043,0.2807,0.3716,0.753,2.4702,0.30483361671119746,46.0,1.1705180000026303,0.2792948310279367,True,False
ENSG00000170502,ok,not_requested,ok,23,349,253.0,0.1155,0.8498,0.1359,0.06231285714285714,0.4401390476190476,0.19865,210.0,-6694.180941,46,0.16349,2.30998,3.850884,0.5472,3.347,0.0021,0.0129,0.1635,0.0354,0.2167,0.1635,0.5094,3.1177,0.1633896782884819,44,-6691.504018,47.0,0.5455,3.4147,0.1728,0.03604,0.0022,0.0127,0.1728,0.0117,0.3255,0.036,0.5314,3.0765,0.17272875020315295,44.0,5.353845999999976,0.020676613513786513,True,False
ENSG00000170955,ok,not_requested,ok,24,258,276.0,0.2202,3.4767,0.0633,0.06129004329004329,0.6160506493506493,0.0936,231.0,-6107.796343,48,0.13277,2.78245,6.493278,0.8665,6.5266,0.001,0.0076,0.1328,0.0155,0.1166,0.1328,0.8499,6.4025,0.13274502147598594,46,-6107.796343,49.0,0.8665,6.5266,0.13277,7.25679,0.001,0.0076,0.1328,0.0,0.0,7.2568,0.8654000000000001,6.5191,0.13274838551333773,46.0,0.0,1.0,True,False
ENSG00000171357,ok,not_requested,ok,21,238,210.0,0.2465,2.0747,0.1188,0.06908771929824561,0.4588391812865497,0.14834999999999998,171.0,-4839.641071,42,0.16135,3.14124,5.467166,0.8214,5.0908,0.0006,0.0039,0.1614,0.0716,0.4439,0.1614,0.7491,4.6431,0.16133617626154942,40,-4839.641071,43.0,0.8214,5.0908,0.16135,4.11168,0.0006,0.0039,0.1614,0.0,0.0,4.1117,0.8208,5.087,0.161352467072931,40.0,0.0,1.0,True,False
ENSG00000171848,ok,not_requested,ok,19,388,171.0,0.0169,0.8489,0.0199,0.05735955882352941,0.7963639705882353,0.036,136.0,-6685.767386,38,0.07371,2.01966,5.586882,0.4479,6.0763,0.0007,0.0089,0.0737,0.004,0.0543,0.0737,0.4433,6.0133,0.07371992084213327,36,-6685.767387,39.0,0.4479,6.0764,0.07371,1.49599,0.0007,0.0089,0.0737,0.0,0.0,1.496,0.44730000000000003,6.0677,0.07371821283188029,36.0,-1.999998858082108e-06,1.0,True,False
ENSG00000172244,ok,not_requested,ok,22,633,231.0,0.3122,0.6944,0.4496,0.13613473684210525,0.3980363157894737,0.35065,190.0,-15229.832824,44,0.36159,3.51287,5.475388,1.2622,3.4908,0.003,0.0082,0.3616,0.0528,0.1461,0.3616,1.2068,3.3364,0.36170722934899896,42,-15229.774101,45.0,1.2614,3.4991,0.36323,0.32106,0.003,0.0081,0.3632,0.0725,0.2259,0.3211,1.1858,3.2652,0.36316305279921596,42.0,0.11744599999656202,0.7318211879110401,True,False
ENSG00000172500,ok,not_requested,ok,23,352,253.0,0.0363,1.5718,0.0231,0.01427952380952381,0.6113138095238095,0.01695,210.0,-5743.708324,46,0.04245,3.80096,3.957055,0.2228,5.2476,0.0002,0.004,0.0425,0.0094,0.2218,0.0425,0.21309999999999998,5.022,0.04243329350856232,44,-5743.302149,47.0,0.2228,5.3154,0.04361,0.03254,0.0002,0.0039,0.0436,0.0266,0.816,0.0325,0.196,4.4954,0.04360012457178449,44.0,0.8123500000001513,0.36742638336828726,True,False
ENSG00000172671,ok,not_requested,ok,22,706,231.0,0.3003,1.5526,0.1934,0.13153842105263158,0.5119436842105263,0.27059999999999995,190.0,-16835.318904,44,0.28281,2.81553,6.089581,1.2201,4.3143,0.0019,0.0067,0.2828,0.0491,0.1736,0.2828,1.1692,4.1341,0.28281850947001763,42,-16825.929413,45.0,1.2156,4.4458,0.30038,0.17004,0.0019,0.0065,0.3004,0.1563,0.9194,0.17,1.0574,3.5201,0.3003891934888213,42.0,18.778981999996176,1.4677576936673325e-05,True,False
ENSG00000173627,ok,not_requested,ok,20,365,190.0,0.2842,1.5825,0.1796,0.12617385620915034,0.36797450980392155,0.3196,153.0,-8009.254603,40,0.36503,3.49789,5.221397,1.166,3.1942,0.0025,0.0069,0.365,0.0945,0.259,0.365,1.069,2.9284,0.3650457587761235,38,-8007.508952,41.0,1.1588,3.3027,0.38116,0.22622,0.0026,0.0068,0.3812,0.1461,0.6457,0.2262,1.01,2.6502,0.38110331295751265,38.0,3.49130200000036,0.0616920468038926,True,False
ENSG00000173653,ok,not_requested,ok,23,310,253.0,0.0579,1.31,0.0442,0.051764285714285714,0.48401190476190475,0.03945,210.0,-5933.28443,46,0.0949,3.06664,5.349476,0.4947,5.2127,0.0009,0.0096,0.0949,0.0018,0.0195,0.0949,0.49219999999999997,5.1832,0.09496064207439418,44,-5933.284431,47.0,0.4947,5.2127,0.0949,0.34421,0.0009,0.0096,0.0949,0.0,0.0,0.3442,0.494,5.2027,0.09495069867568762,44.0,-2.0000006770715117e-06,1.0,True,False
ENSG00000173744,ok,not_requested,ok,24,586,276.0,0.0596,0.4784,0.1245,0.019496969696969697,0.23203203463203464,0.0779,231.0,-8128.131525,48,0.13011,3.04957,2.407052,0.2744,2.1091,0.0011,0.0082,0.1301,0.0097,0.0745,0.1301,0.2634,2.0264,0.12998420844848005,46,-8128.06622,49.0,0.2744,2.1082,0.1291,0.14151,0.0011,0.0082,0.1291,0.0259,0.1828,0.1415,0.2473,1.9171,0.12899692243492775,46.0,0.13061000000016065,0.7178004066339001,True,False
ENSG00000173818,ok,not_requested,ok,21,275,210.0,0.1312,0.7652,0.1715,0.17722397660818714,0.6922274853801169,0.2312,171.0,-7332.183273,42,0.21911,3.47884,7.573019,1.3479,6.1519,0.0,0.0,0.2191,0.0361,0.1646,0.2191,1.3117,5.9874,0.21907672779503626,40,-7332.183274,43.0,1.3479,6.1519,0.21911,0.91342,0.0,0.0,0.2191,0.0,0.0,0.9134,1.3478,6.152,0.21908322496749025,40.0,-2.0000006770715117e-06,1.0,True,False
ENSG00000174417,ok,not_requested,ok,23,396,253.0,0.0657,0.8284,0.0793,0.024855238095238097,0.28726142857142856,0.0859,210.0,-6117.041302,46,0.07894,2.6803,3.138911,0.255,3.2296,0.0008,0.0103,0.0789,0.0225,0.285,0.0789,0.2319,2.9342,0.07903346738463635,44,-6117.041302,47.0,0.255,3.2296,0.07894,1.13928,0.0008,0.0103,0.0789,0.0,0.0,1.1393,0.2544,3.2193,0.07902339017798901,44.0,0.0,1.0,True,False
ENSG00000174796,ok,not_requested,ok,21,222,210.0,0.2092,1.6111,0.1298,0.07905263157894737,0.2687637426900585,0.2325,171.0,-3973.151142,42,0.20021,2.33564,4.584427,0.7637,3.8147,0.0008,0.0038,0.2002,0.2055,1.0264,0.2002,0.5575,2.7845999999999997,0.20020828844358257,40,-3962.638103,43.0,0.7522,4.3663,0.24231,0.07645,0.0008,0.0035,0.2423,0.1409,1.8435,0.0765,0.6102,2.5191,0.24222936763129688,40.0,21.02607800000078,4.530743968939103e-06,True,False
ENSG00000175224,ok,not_requested,ok,24,517,276.0,0.0362,0.7138,0.0507,0.02056926406926407,0.3387969696969697,0.0603,231.0,-8164.087795,48,0.05692,3.33908,3.36463,0.1917,3.3681,0.0005,0.0081,0.0569,0.0091,0.1595,0.0569,0.1822,3.2004,0.05693038370203724,46,-8163.784734,49.0,0.1915,3.3755,0.05808,0.0422,0.0005,0.008,0.0581,0.012,0.2835,0.0422,0.1791,3.0842,0.05807016406199339,46.0,0.6061220000010508,0.43625169315477796,True,False
ENSG00000175595,ok,not_requested,ok,23,912,253.0,0.0977,0.8608,0.1135,0.054734285714285714,0.59574,0.095,210.0,-19744.077617,46,0.10354,2.62772,5.413696,0.5295,5.1138,0.0007,0.0069,0.1035,0.0186,0.1799,0.1035,0.5101,4.9267,0.10353786510240119,44,-19744.023539,47.0,0.5294,5.1174,0.10391,0.0001,0.0007,0.0069,0.1039,0.0,0.0228,0.0001,0.5287999999999999,5.0878,0.10393490310153701,44.0,0.10815599999477854,0.7422533495362185,True,False
ENSG00000175600,ok,not_requested,ok,23,435,253.0,0.082,0.8957,0.0916,0.04722333333333333,0.46018190476190474,0.1112,210.0,-9171.201559,46,0.19805,2.84701,5.412042,0.8433,4.2578,0.0015,0.0074,0.198,0.0307,0.1548,0.198,0.8112,4.0956,0.19806621740404337,44,-9168.853152,47.0,0.844,4.2849,0.20638,0.10653,0.0015,0.0073,0.2064,0.043,0.4039,0.1065,0.7996,3.8736,0.206422965716646,44.0,4.696813999998994,0.03021858471381807,True,False
ENSG00000177000,ok,not_requested,ok,24,696,276.0,0.0652,2.2329,0.0292,0.04302554112554113,0.787012987012987,0.0576,231.0,-14173.3521,48,0.08016,3.58485,5.024005,0.5096,6.3569,0.0008,0.0105,0.0802,0.0114,0.1426,0.0802,0.4971,6.2038,0.08012830845610754,46,-14173.352101,49.0,0.5096,6.3569,0.08016,0.35018,0.0008,0.0105,0.0802,0.0,0.0,0.3502,0.5085,6.3464,0.08012416488087734,46.0,-2.0000006770715117e-06,1.0,True,False
ENSG00000177548,ok,not_requested,ok,24,495,276.0,-0.0,0.4393,0.0,0.03366883116883117,0.4420727272727273,0.0771,231.0,-11108.533948,48,0.08594,3.41858,6.856178,0.7632,8.8799,0.0,0.0,0.0859,0.016,0.186,0.0859,0.7473,8.6939,0.0859568202992903,46,-11108.533948,49.0,0.7632,8.8799,0.08594,0.27046,0.0,0.0,0.0859,0.0,0.0,0.2705,0.7633,8.88,0.0859572072072072,46.0,0.0,1.0,True,False
ENSG00000177694,ok,not_requested,ok,22,775,231.0,0.1787,0.5066,0.3528,0.11004263157894736,0.3046573684210526,0.3204,190.0,-15579.805987,44,0.2538,2.6852,4.656948,0.8707,3.4307,0.003,0.0117,0.2538,0.0361,0.1423,0.2538,0.8317,3.2769,0.25380695169214806,42,-15579.346759,45.0,0.8709,3.4359,0.25715,0.0001,0.003,0.0117,0.2572,0.0,0.0492,0.0001,0.8676,3.3749000000000002,0.2570742836824795,42.0,0.9184559999994235,0.3378807030764489,True,False
ENSG00000177706,ok,not_requested,ok,23,574,253.0,0.0459,3.0621,0.015,0.04172142857142857,1.8841471428571428,0.01895,210.0,-14392.549107,46,0.0771,2.48004,8.066146,0.8494,11.0159,0.0016,0.0207,0.0771,0.0098,0.1274,0.0771,0.8375,10.8676,0.07706393315911518,44,-14391.992293,47.0,0.8505,11.0425,0.07615,0.13707,0.0016,0.0208,0.0761,0.0217,0.1587,0.1371,0.8271000000000001,10.8629,0.0761398889799225,44.0,1.113628000002791,0.2912946594251759,True,False
ENSG00000177731,ok,not_requested,ok,24,1265,276.0,0.0585,1.6866,0.0347,0.05957922077922078,1.0305636363636363,0.0322,231.0,-26313.448634,48,0.04801,3.38084,8.612288,0.6341,13.2064,0.0007,0.0147,0.048,0.0041,0.0848,0.048,0.6296,13.1068,0.04803613391521958,46,-26313.448634,49.0,0.6341,13.2064,0.04801,0.21533,0.0007,0.0147,0.048,0.0,0.0,0.2153,0.6336,13.191600000000001,0.04803056490493951,46.0,0.0,1.0,True,False
ENSG00000177791,ok,not_requested,ok,24,297,276.0,0.1718,0.9563,0.1796,0.04093376623376623,0.320047619047619,0.1163,231.0,-5492.153253,48,0.14813,3.04054,4.003752,0.5178,3.4959,0.0009,0.0059,0.1481,0.0389,0.2629,0.1481,0.478,3.227,0.148125193678339,46,-5492.145221,49.0,0.518,3.4864,0.14761,0.84768,0.0009,0.0059,0.1476,0.004,0.0048,0.8477,0.5131,3.4758999999999998,0.14761644466181423,46.0,0.016064000001279055,0.8991431493607283,True,False
ENSG00000177943,ok,not_requested,ok,14,1205,91.0,0.2634,1.9773,0.1332,0.15392424242424244,0.9671166666666666,0.15605,66.0,-25947.91635,28,0.18116,3.62925,7.369975,1.2007,6.6278,0.0023,0.0127,0.1812,0.0162,0.0892,0.1812,1.1824,6.5259,0.18118573683323372,26,-25947.916351,29.0,1.2007,6.6278,0.18116,0.28601,0.0023,0.0127,0.1812,0.0,0.0,0.286,1.1985,6.615,0.18117913832199545,26.0,-2.0000006770715117e-06,1.0,True,False
ENSG00000177954,ok,not_requested,ok,13,70,78.0,0.0065,1.6009,0.004,0.03859636363636364,0.4183363636363636,0.0281,55.0,-820.5273,26,0.05929,3.52599,2.952022,0.1785,3.0107,0.0,0.0,0.0593,0.0089,0.1495,0.0593,0.1696,2.8612,0.05927582832378023,24,-815.336611,27.0,0.1809,3.1033,0.07442,0.0001,0.0,0.0,0.0744,0.0001,0.6732,0.0001,0.1809,2.4302,0.07443831783392313,24.0,10.38137800000004,0.0012729265425819654,True,False
ENSG00000178031,timeout(3600s),not_requested,ok,22,1751,231.0,0.1058,0.8875,0.1192,0.04961421052631579,0.4513,0.1053,190.0,-31624.49198,44,0.10201,2.68801,3.892736,0.399,3.9116,0.0007,0.0071,0.102,0.0267,0.2622,0.102,0.3715,3.6423,0.10199599154380473,42,,,,,,,,,,,,,,,,,,,,
ENSG00000178057,ok,not_requested,ok,24,183,276.0,0.2646,1.7066,0.155,0.11781168831168831,0.6936056277056277,0.1799,231.0,-5152.885499,48,0.19991,2.86511,7.46398,1.1774,5.8895,0.0009,0.0044,0.1999,0.0284,0.1421,0.1999,1.1484,5.743,0.19996517499564687,46,-5152.885499,49.0,1.1774,5.8895,0.19991,17.74761,0.0009,0.0044,0.1999,0.0,0.0,17.7476,1.1768,5.8851,0.19996261745764726,46.0,0.0,1.0,True,False
ENSG00000178409,ok,not_requested,ok,24,816,276.0,0.1282,4.2482,0.0302,0.02590909090909091,1.8156155844155843,0.0137,231.0,-15056.360222,48,0.03522,2.96815,5.251955,0.3565,10.1235,0.0007,0.02,0.0352,0.0184,0.5221,0.0352,0.3373,9.5815,0.0352032562751135,46,-15055.467952,49.0,0.3566,9.6881,0.03499,29.1652,0.0007,0.02,0.035,0.0176,0.0006,29.1652,0.338,9.6675,0.03496250323247996,46.0,1.7845399999969231,0.1815928273677796,True,False
ENSG00000178460,ok,not_requested,ok,24,674,276.0,0.1499,0.7413,0.2022,0.06655541125541126,0.32951948051948055,0.1882,231.0,-12823.434405,48,0.20988,3.24253,3.881084,0.6838,3.2579,0.0011,0.005,0.2099,0.0208,0.0991,0.2099,0.662,3.1536,0.20991882293252156,46,-12823.382832,49.0,0.6836,3.2623,0.21081,0.0001,0.0011,0.005,0.2108,0.0,0.0196,0.0001,0.6826,3.2373,0.2108547246161925,46.0,0.10314600000128848,0.7480864834956115,True,False
ENSG00000178741,ok,not_requested,ok,17,150,136.0,0.0557,0.2956,0.1885,0.12900095238095238,0.2981847619047619,0.4003,105.0,-3444.626466,34,0.40453,2.04634,6.21353,1.4622,3.6145,0.0044,0.0109,0.4045,0.0,0.0,0.4045,1.4577,3.6037,0.40450092960013323,32,-3438.66699,35.0,1.4668,3.5818,0.43007,0.0001,0.0045,0.0106,0.4301,0.0,0.1712,0.0001,1.4624,3.4,0.4301176470588235,32.0,11.91895199999999,0.0005556573153015957,True,False
ENSG00000179241,ok,not_requested,ok,24,344,276.0,0.119,1.3661,0.0871,0.04159220779220779,1.0712653679653679,0.023,231.0,-7778.385055,48,0.07163,2.46884,6.349015,0.6368,8.8904,0.0012,0.0164,0.0716,0.0107,0.1499,0.0716,0.625,8.7241,0.07164062768652354,46,-7777.773049,49.0,0.6378,8.8837,0.0701,0.10083,0.0012,0.0165,0.0701,0.0494,0.4901,0.1008,0.5871,8.377,0.07008475587919302,46.0,1.2240119999987655,0.26857473004924126,True,False
ENSG00000179562,ok,not_requested,ok,24,713,276.0,0.0888,1.4058,0.0632,0.04383203463203463,0.6230432900432901,0.0693,231.0,-14551.470585,48,0.07106,2.92896,5.108386,0.4272,6.0128,0.0007,0.0097,0.0711,0.0091,0.1277,0.0711,0.4173,5.8755,0.07102374266019913,46,-14551.470586,49.0,0.4272,6.0128,0.07106,3.23323,0.0007,0.0097,0.0711,0.0,0.0,3.2332,0.4264,6.0032,0.07102878464818764,46.0,-2.0000006770715117e-06,1.0,True,False
ENSG00000179943,ok,not_requested,ok,19,469,171.0,0.1374,2.0566,0.0668,0.004727941176470588,1.2949316176470589,0.0042,136.0,-8373.196147,38,0.0617,2.97535,6.872839,0.6012,9.743,0.0006,0.0095,0.0617,0.0376,0.61,0.0617,0.5627,9.1235,0.06167589192744013,36,-8369.63025,39.0,0.5998,8.4769,0.05936,0.11968,0.0006,0.0096,0.0594,0.1916,1.6011,0.1197,0.4075,6.8662,0.059348693600535955,36.0,7.131794000000809,0.007572892113455474,True,False
ENSG00000179958,ok,not_requested,ok,20,169,190.0,0.2231,1.5089,0.1478,0.12078562091503268,0.4942287581699346,0.2557,153.0,-4038.622598,40,0.22861,2.64108,6.292975,1.0647,4.6573,0.001,0.0045,0.2286,0.0414,0.1811,0.2286,1.0224,4.4718,0.22863276532939755,38,-4038.622598,41.0,1.0647,4.6573,0.22862,0.53654,0.001,0.0045,0.2286,0.0,0.0,0.5365,1.0638,4.6528,0.22863651994497938,38.0,0.0,1.0,True,False
ENSG00000179988,ok,not_requested,ok,23,357,253.0,0.251,1.508,0.1664,0.13941857142857142,0.44379761904761905,0.32130000000000003,210.0,-10516.447606,46,0.37954,2.09464,8.260422,1.9158,5.0478,0.0034,0.0089,0.3795,0.0039,0.0102,0.3795,1.9086,5.0287,0.3795414321792909,44,-10515.823626,47.0,1.9139,5.0751,0.38559,0.0001,0.0034,0.0088,0.3856,0.0,0.1115,0.0001,1.9108,4.9549,0.3856384588992714,44.0,1.247960000000603,0.2639424641796757,True,False
ENSG00000180198,ok,not_requested,ok,23,421,253.0,0.1049,1.5024,0.0698,0.04865,0.40180190476190475,0.0801,210.0,-8075.363202,46,0.09737,3.65871,4.898295,0.4651,4.7767,0.0009,0.0094,0.0974,0.0258,0.2647,0.0974,0.4382,4.503,0.09731290250943815,44,-8075.363203,47.0,0.4651,4.7767,0.09737,2.4625,0.0009,0.0094,0.0974,0.0,0.0,2.4625,0.464,4.7677000000000005,0.09732155966189147,44.0,-2.0000006770715117e-06,1.0,True,False
ENSG00000180875,ok,not_requested,ok,21,168,210.0,0.0701,2.7084,0.0259,0.0762374269005848,1.3925836257309943,0.0287,171.0,-3009.971856,42,0.03877,2.57638,6.926196,0.581,14.9878,0.0,0.0,0.0388,0.0117,0.3031,0.0388,0.5694,14.684800000000001,0.03877478753541076,40,-3009.971856,43.0,0.581,14.988,0.03877,1.36305,0.0,0.0,0.0388,0.0,0.0,1.363,0.5811,14.9879,0.03877127549556642,40.0,0.0,1.0,True,False
ENSG00000181004,ok,not_requested,ok,22,701,231.0,0.4202,1.2764,0.3292,0.13416842105263158,0.32848421052631577,0.40595000000000003,190.0,-17152.992065,44,0.38297,3.48172,5.890414,1.3635,3.5603,0.0059,0.0154,0.383,0.0484,0.1264,0.383,1.3086,3.4181,0.3828442702085954,42,-17141.817216,45.0,1.3388,3.9639,0.40993,0.22475,0.0061,0.0149,0.4099,0.3472,1.545,0.2248,0.9856,2.4039,0.4100004159906818,42.0,22.34969799999817,2.27248785084136e-06,True,False
ENSG00000181544,ok,not_requested,ok,22,805,231.0,0.3092,0.8115,0.381,0.17870684210526316,0.3466221052631579,0.4813,190.0,-20771.451911,44,0.57307,3.18016,6.112285,1.7166,2.9954,0.0025,0.0043,0.5731,0.0458,0.0798,0.5731,1.6683000000000001,2.9112,0.5730626545754328,42,-20761.01149,45.0,1.7073,3.0829,0.60687,0.32715,0.0025,0.0041,0.6069,0.1913,0.5849,0.3271,1.5134,2.4939,0.6068406912867397,42.0,20.880841999998665,4.887585689199321e-06,True,False
ENSG00000181827,ok,not_requested,ok,23,1392,253.0,0.1742,1.2887,0.1351,0.03979809523809524,0.26515428571428573,0.14855000000000002,210.0,-22260.949535,46,0.14387,3.58793,3.505261,0.4314,2.9982,0.0006,0.0045,0.1439,0.0369,0.2567,0.1439,0.3937,2.7372,0.14383311413122898,44,-22254.061483,47.0,0.4256,3.1014,0.15337,0.0001,0.0007,0.0044,0.1534,0.0,0.3267,0.0001,0.425,2.7704,0.15340745018769852,44.0,13.776103999996849,0.0002059390812562806,True,False
ENSG00000182747,ok,not_requested,ok,24,415,276.0,0.1072,1.4307,0.075,0.04196190476190476,0.6267619047619047,0.062,231.0,-8455.637802,48,0.09979,3.31891,4.463303,0.5524,5.5359,0.0003,0.0031,0.0998,0.0225,0.2255,0.0998,0.5297,5.3071,0.09980968890731283,46,-8455.333664,49.0,0.553,5.4936,0.09834,0.11798,0.0003,0.0031,0.0983,0.0766,0.6493,0.118,0.4762,4.8413,0.09836201020387085,46.0,0.608275999999023,0.4354376659600062,True,False
ENSG00000183032,ok,not_requested,ok,24,298,276.0,0.0729,0.5168,0.1411,0.04326926406926407,0.2278095238095238,0.17070000000000002,231.0,-6909.932241,48,0.29,1.82036,4.762717,0.963,3.3208,0.0014,0.0048,0.29,0.0318,0.1096,0.29,0.93,3.2068,0.29000873144567796,46,-6898.539746,49.0,0.9618,3.3929,0.31703,0.00806,0.0015,0.0046,0.317,0.003,0.3685,0.0081,0.9575,3.02,0.3170529801324503,46.0,22.784990000000107,1.8117521687713572e-06,True,False
ENSG00000183208,ok,not_requested,ok,24,384,276.0,0.2763,1.9842,0.1392,0.11032294372294373,0.5239982683982684,0.2131,231.0,-10702.817212,48,0.20093,3.57867,7.966814,1.2288,6.1155,0.0015,0.0075,0.2009,0.0019,0.0096,0.2009,1.2255,6.0985,0.2009510535377552,46,-10702.817213,49.0,1.2288,6.1155,0.20093,5.81218,0.0015,0.0075,0.2009,0.0,0.0,5.8122,1.2274,6.1082,0.20094299466291216,46.0,-2.0000006770715117e-06,1.0,True,False
ENSG00000183479,ok,not_requested,ok,14,236,91.0,0.2608,1.8283,0.1427,0.08283939393939393,1.274771212121212,0.06895,66.0,-4564.334464,28,0.08891,3.83071,6.900685,0.6978,7.848,0.0,0.0,0.0889,0.0395,0.4437,0.0889,0.6583,7.4043,0.08890779682076631,26,-4564.334464,29.0,0.6978,7.848,0.08891,5.97913,0.0,0.0,0.0889,0.0,0.0,5.9791,0.6977,7.848,0.08890163098878695,26.0,0.0,1.0,True,False
ENSG00000183495,ok,not_requested,ok,21,3057,210.0,0.1332,1.1859,0.1123,0.06414970760233918,0.7180923976608187,0.0911,171.0,-64370.56036,42,0.1024,3.51178,5.747988,0.5553,5.4229,0.0008,0.0074,0.1024,0.0204,0.1994,0.1024,0.534,5.2163,0.10237141268715373,40,-64370.011917,43.0,0.5544,5.4431,0.10308,0.0001,0.0008,0.0074,0.1031,0.0,0.0649,0.0001,0.5539,5.3705,0.10313751047388511,40.0,1.0968859999993583,0.29495051419609974,True,False
ENSG00000183751,ok,not_requested,ok,23,800,253.0,0.1772,1.7994,0.0985,0.07271809523809523,0.7387619047619047,0.08904999999999999,210.0,-18719.513735,46,0.09675,4.70367,7.056184,0.7462,7.7126,0.0015,0.016,0.0968,0.0171,0.1766,0.0968,0.7277,7.5199,0.09676990385510446,44,-18719.513736,47.0,0.7462,7.7127,0.09675,31.37789,0.0015,0.016,0.0968,0.0,0.0,31.3779,0.7448,7.6965,0.0967712596634834,44.0,-2.0000006770715117e-06,1.0,True,False
ENSG00000185015,ok,not_requested,ok,21,257,210.0,0.0982,0.9863,0.0996,0.06966959064327485,0.5198152046783626,0.134,171.0,-5953.649692,42,0.14324,1.96016,5.698559,0.7417,5.1785,0.0016,0.0109,0.1432,0.0285,0.1987,0.1432,0.7115,4.969,0.14318776413765344,40,-5953.649693,43.0,0.7417,5.1785,0.14324,1.24825,0.0016,0.0109,0.1432,0.0,0.0,1.2482,0.74,5.1676,0.14319993807570244,40.0,-2.0000006770715117e-06,1.0,True,False
ENSG00000185187,ok,not_requested,ok,18,405,153.0,0.1726,3.2749,0.0527,0.20557583333333332,0.7355858333333334,0.07289999999999999,120.0,-8879.759612,36,0.16273,3.14558,12.27016,1.89,11.6142,0.0037,0.0225,0.1627,0.0,0.0,0.1627,1.8865,11.5917,0.16274575774045225,34,-8910.945614,37.0,1.8875,11.5943,0.16279,4.79952,0.036,0.2209,0.1628,0.0,0.0,4.7995,1.8513,11.3734,0.16277454411169923,34.0,-62.37200400000074,1.0,False,False
ENSG00000185633,ok,not_requested,ok,22,87,231.0,0.0954,3.2217,0.0296,0.08512578947368421,0.8276405263157894,0.0794,190.0,-1981.376873,44,0.12375,1.55551,5.290012,0.7796,6.2994,0.0017,0.0141,0.1238,0.041,0.3316,0.1238,0.7368,5.9539,0.12375081879104453,42,-1981.376873,45.0,0.7796,6.2994,0.12375,0.42616,0.0017,0.0141,0.1238,0.0,0.0,0.4262,0.7778,6.2856,0.12374315896652668,42.0,0.0,1.0,True,False
ENSG00000186132,ok,not_requested,ok,24,126,276.0,0.1755,1.5212,0.1154,0.15275627705627706,0.4536887445887446,0.32275,231.0,-3885.07584,48,0.28953,2.11816,8.359055,1.7159,5.9264,0.005,0.0172,0.2895,0.0618,0.2134,0.2895,1.649,5.6959,0.2895064871223161,46,-3862.306441,49.0,1.7136,6.8111,0.34466,0.04286,0.0054,0.0158,0.3447,0.09,2.1004,0.0429,1.6182,4.695,0.34466453674121406,46.0,45.53879799999959,1.4964507338520512e-11,True,False
ENSG00000186532,ok,not_requested,ok,24,797,276.0,0.2958,2.1192,0.1396,0.16246623376623376,0.45301082251082253,0.367,231.0,-23847.111873,48,0.36979,3.16469,7.486595,1.6841,4.5542,0.0034,0.0093,0.3698,0.0563,0.1522,0.3698,1.6246,4.393,0.3698156157523333,46,-23847.111874,49.0,1.6841,4.5543,0.36979,1.62538,0.0034,0.0093,0.3698,0.0,0.0,1.6254,1.6809,4.5451,0.3698268464940266,46.0,-1.9999934011138976e-06,1.0,True,False
ENSG00000186871,ok,not_requested,ok,24,1216,276.0,0.2912,1.2353,0.2357,0.1137969696969697,0.36592857142857144,0.3143,231.0,-30411.764618,48,0.31485,2.86135,6.158506,1.3131,4.1707,0.0006,0.002,0.3149,0.0921,0.2924,0.3149,1.2206000000000001,3.8763,0.3148879085726079,46,-30383.261287,49.0,1.2912,4.5898,0.34024,0.11796,0.0007,0.0019,0.3402,0.1435,1.2166,0.118,1.1471,3.3710999999999998,0.34027468778736913,46.0,57.00666199999978,4.3433806815294284e-14,True,False
ENSG00000187231,ok,not_requested,ok,23,689,253.0,0.0138,0.6515,0.0212,0.006663809523809524,0.30582190476190474,0.0157,210.0,-8867.161434,46,0.02255,2.74256,2.576634,0.0676,2.9966,0.0001,0.0038,0.0226,0.0044,0.1938,0.0226,0.0635,2.7991,0.022685863313207814,44,-8867.161434,47.0,0.0676,2.9967,0.02255,0.68678,0.0001,0.0038,0.0226,0.0,0.0,0.6868,0.0678,2.9929,0.022653613552073237,44.0,0.0,1.0,True,False
ENSG00000187535,ok,not_requested,ok,24,1440,276.0,0.1446,3.4224,0.0422,0.10423852813852814,1.1775402597402598,0.0961,231.0,-36318.558022,48,0.11381,3.4869,7.42754,0.9435,8.2896,0.0015,0.0128,0.1138,0.0133,0.1165,0.1138,0.9287,8.1602,0.11380848508614985,46,-36318.558023,49.0,0.9435,8.2896,0.11381,0.32624,0.0015,0.0128,0.1138,0.0,0.0,0.3262,0.942,8.2767,0.11381347638551596,46.0,-2.0000006770715117e-06,1.0,True,False
ENSG00000187550,ok,not_requested,ok,21,341,210.0,0.1633,2.4898,0.0656,0.15853859649122806,1.198866081871345,0.1019,171.0,-10188.147586,42,0.14393,2.75259,10.141826,1.5126,10.5092,0.0036,0.0252,0.1439,0.0085,0.0594,0.1439,1.5004,10.4248,0.14392602256158393,40,-10186.294998,43.0,1.5147,10.6566,0.14701,0.0001,0.0037,0.0251,0.147,0.0,0.3534,0.0001,1.5109,10.2781,0.14700187777896692,40.0,3.705175999999483,0.05424395046219584,True,False
ENSG00000187796,ok,not_requested,ok,22,531,231.0,0.164,1.8898,0.0868,0.10249263157894736,1.6601963157894737,0.06055,190.0,-13330.072069,44,0.06512,3.48371,8.355584,0.9395,14.4265,0.0023,0.0354,0.0651,0.0,0.0,0.0651,0.937,14.391,0.06511013828086999,42,-13327.937651,45.0,0.9376,14.7443,0.06593,0.0001,0.0023,0.0353,0.0659,0.0001,0.5241,0.0001,0.9354,14.1848,0.06594382719530766,42.0,4.268835999999283,0.03881751240777615,True,False
ENSG00000187837,ok,not_requested,ok,19,212,171.0,0.0821,1.9177,0.0428,0.03499191176470588,1.3931132352941176,0.0225,136.0,-4073.608856,38,0.04775,3.72068,7.672675,0.4315,9.0368,0.0012,0.0247,0.0478,0.0164,0.3438,0.0478,0.4138,8.6687,0.04773495449144624,36,-4073.274486,39.0,0.4318,8.8805,0.04679,13.20191,0.0012,0.0248,0.0468,0.0163,0.0012,13.2019,0.4141,8.8544,0.046767708709794006,36.0,0.6687400000000707,0.4134912455335197,True,False
ENSG00000188026,ok,not_requested,ok,23,403,253.0,0.107,1.4681,0.0729,0.07523523809523809,0.7755919047619048,0.0933,210.0,-7973.439826,46,0.06503,2.39643,5.19286,0.4995,7.6809,0.0013,0.0198,0.065,0.0237,0.3646,0.065,0.4745,7.2964,0.06503207061016392,44,-7973.439827,47.0,0.4995,7.6809,0.06503,1.17336,0.0013,0.0198,0.065,0.0,0.0,1.1734,0.4982,7.6609,0.0650315237113133,44.0,-2.0000006770715117e-06,1.0,True,False
ENSG00000188647,ok,not_requested,ok,23,429,253.0,0.1062,0.5666,0.1875,0.04130952380952381,0.21086142857142856,0.19390000000000002,210.0,-7639.085329,46,0.22578,3.00905,3.498253,0.5888,2.6077,0.0,0.0,0.2258,0.0462,0.2046,0.2258,0.5427,2.4029,0.22585209538474343,44,-7638.016928,47.0,0.5883,2.6299,0.23445,0.17948,0.0,0.0,0.2345,0.0922,0.5137,0.1795,0.4961,2.1163,0.23441856069555356,44.0,2.1368019999990793,0.1438013909523344,True,False
ENSG00000188716,ok,not_requested,ok,24,214,276.0,0.1637,3.6517,0.0448,0.06855627705627705,0.9444242424242424,0.0814,231.0,-4953.100549,48,0.09234,3.17416,5.718796,0.674,7.2998,0.0018,0.0197,0.0923,0.0,0.0,0.0923,0.6727,7.2803,0.09240003845995357,46,-4952.240653,49.0,0.6766,7.2634,0.09002,68.59679,0.0018,0.0199,0.09,0.0228,0.0003,68.5968,0.6522,7.2431,0.09004431804061797,46.0,1.7197919999998703,0.1897198213273091,True,False
ENSG00000188811,ok,not_requested,ok,22,335,231.0,0.1868,0.6037,0.3095,0.0861421052631579,0.4965305263157895,0.1789,190.0,-8213.689808,44,0.24572,2.23958,5.624385,1.015,4.1305,0.0005,0.0022,0.2457,0.0561,0.2283,0.2457,0.9584,3.9,0.24574358974358976,42,-8209.920124,45.0,1.0097,4.2865,0.25716,0.0001,0.0006,0.0022,0.2572,0.0,0.3603,0.0001,1.0091999999999999,3.924,0.2571865443425076,42.0,7.539367999997921,0.006036521309407041,True,False
ENSG00000189306,ok,not_requested,ok,23,280,253.0,0.295,2.9322,0.1006,0.13008380952380952,0.7554519047619047,0.17880000000000001,210.0,-7734.60045,46,0.12701,2.46517,7.96586,1.1171,8.7953,0.0026,0.0208,0.127,0.017,0.1337,0.127,1.0974,8.6407,0.12700359924543148,44,-7734.60045,47.0,1.1171,8.7953,0.12701,11.94971,0.0026,0.0208,0.127,0.0,0.0,11.9497,1.1144,8.7743,0.12700728263223277,44.0,0.0,1.0,True,False
ENSG00000196639,ok,not_requested,ok,23,485,253.0,0.2438,1.8803,0.1297,0.10778428571428572,0.6952519047619048,0.1562,210.0,-12236.187922,46,0.18967,3.46925,6.973181,1.1696,6.1665,0.003,0.0157,0.1897,0.0302,0.1595,0.1897,1.1366,5.9916,0.18969891180986714,44,-12228.803208,47.0,1.1665,6.9212,0.19994,0.08422,0.0031,0.0153,0.1999,0.1582,1.878,0.0842,1.0054,5.028,0.19996022275258554,44.0,14.769427999999607,0.00012148926740861267,True,False
ENSG00000197217,ok,not_requested,ok,21,614,210.0,0.0695,0.7736,0.0899,0.044047953216374267,0.4764830409356725,0.0769,171.0,-11314.939817,42,0.08569,2.59544,4.212583,0.3593,4.1927,0.0008,0.0098,0.0857,0.0158,0.1844,0.0857,0.3426,3.9987,0.08567784529972242,40,-11314.064456,43.0,0.3593,4.2045,0.0876,0.0001,0.0009,0.0098,0.0876,0.0,0.1031,0.0001,0.3585,4.0915,0.0876206770133203,40.0,1.7507220000006782,0.1857859926541386,True,False
ENSG00000197448,ok,not_requested,ok,21,224,210.0,0.134,1.9232,0.0697,0.17766608187134503,0.7211690058479532,0.2692,171.0,-6754.732684,42,0.27848,1.93954,8.073302,1.6445,5.9053,0.0019,0.007,0.2785,0.0181,0.0648,0.2785,1.6245,5.8336,0.2784729840921558,40,-6748.598982,43.0,1.6434,6.1587,0.29378,0.0001,0.002,0.0068,0.2938,0.0001,0.5648,0.0001,1.6412,5.5874,0.29373232630561624,40.0,12.26740399999835,0.0004609390387637447,True,False
ENSG00000198363,timeout(3600s),not_requested,ok,24,751,276.0,0.3061,0.5727,0.5345,0.18087186147186146,0.47507445887445887,0.3685,231.0,-18174.42647,48,0.19702,2.10039,6.504437,1.0423,5.2905,0.0009,0.0044,0.197,0.0536,0.272,0.197,0.9878,5.014,0.1970083765456721,46,,,,,,,,,,,,,,,,,,,,
ENSG00000198570,ok,not_requested,ok,23,194,253.0,0.246,1.8048,0.1363,0.08336380952380952,1.4820514285714286,0.0572,210.0,-4510.645887,46,0.07062,4.03613,7.352581,0.786,11.1304,0.0029,0.0411,0.0706,0.0343,0.4856,0.0706,0.749,10.6036,0.07063638764193293,44,-4510.645887,47.0,0.786,11.1305,0.07062,22.06176,0.0029,0.0411,0.0706,0.0,0.0,22.0618,0.7833,11.0892,0.07063629477329293,44.0,0.0,1.0,True,False
ENSG00000198746,ok,not_requested,ok,24,512,276.0,0.1423,2.1519,0.0661,0.05782943722943723,0.4955229437229437,0.1225,231.0,-11498.234276,48,0.15885,3.38189,5.623326,0.7671,4.8291,0.0007,0.0044,0.1588,0.0357,0.2247,0.1588,0.7304,4.5999,0.15878606056653408,46,-11498.234277,49.0,0.7671,4.8291,0.15885,1.56931,0.0007,0.0044,0.1588,0.0,0.0,1.5693,0.7661,4.8246,0.15879036604070804,46.0,-2.0000006770715117e-06,1.0,True,False
ENSG00000198774,ok,not_requested,ok,24,432,276.0,0.1444,0.9799,0.1474,0.0734034632034632,0.44724891774891773,0.1803,231.0,-9474.321341,48,0.15597,2.47762,5.116126,0.7118,4.564,0.0,0.0,0.156,0.0262,0.1678,0.156,0.6856,4.3961,0.1559564159141057,46,-9473.683244,49.0,0.7115,4.6101,0.15913,0.1261,0.0,0.0,0.1591,0.0846,0.6705,0.1261,0.6272,3.9395,0.15920802132250286,46.0,1.2761940000018512,0.25860789777761156,True,False
ENSG00000198894,ok,not_requested,ok,24,373,276.0,0.277,0.9345,0.2965,0.07475194805194806,0.5383463203463204,0.1373,231.0,-9264.203473,48,0.16984,3.52592,6.581522,0.9137,5.3797,0.0004,0.0022,0.1698,0.0266,0.1567,0.1698,0.8867,5.2209,0.16983661820758872,46,-9262.909651,49.0,0.9157,5.3096,0.16548,21.90797,0.0004,0.0022,0.1655,0.0373,0.0017,21.908,0.8783,5.3057,0.16553894867783706,46.0,2.5876439999992726,0.10770043108449348,True,False
ENSG00000198948,ok,not_requested,ok,23,406,253.0,0.1341,2.4262,0.0553,0.07265857142857143,0.8295714285714285,0.1106,210.0,-9141.166757,46,0.12706,2.63066,5.646963,0.6833,5.3781,0.0007,0.0052,0.1271,0.0127,0.0999,0.1271,0.6702,5.2729,0.12710273284151036,44,-9141.166757,47.0,0.6833,5.3781,0.12706,1.35849,0.0007,0.0052,0.1271,0.0,0.0,1.3585,0.6829,5.3728,0.12710318642048837,44.0,0.0,1.0,True,False
ENSG00000204311,ok,not_requested,ok,24,344,276.0,0.0813,0.8332,0.0976,0.034435930735930737,0.3723125541125541,0.06,231.0,-6083.891918,48,0.10163,2.19194,3.675764,0.3806,3.7445,0.0,0.0,0.1016,0.0262,0.2582,0.1016,0.354,3.4864,0.101537402478201,46,-6083.621479,49.0,0.3809,3.7363,0.09973,8.68749,0.0,0.0,0.0997,0.0084,0.001,8.6875,0.3725,3.735,0.0997322623828648,46.0,0.5408779999997932,0.4620690824262188,True,False
ENSG00000204767,ok,not_requested,ok,24,533,276.0,0.2924,0.8983,0.3255,0.1167926406926407,0.4029155844155844,0.2957,231.0,-13290.594226,48,0.29775,3.15134,5.714816,1.1348,3.8114,0.0021,0.0069,0.2977,0.0531,0.1783,0.2977,1.0798,3.6262,0.29777728751861454,46,-13289.773048,49.0,1.1367,3.7777,0.2928,16.19437,0.002,0.007,0.2928,0.0312,0.0019,16.1944,1.1033,3.7686,0.2927612375948628,46.0,1.6423560000002908,0.20000252182748177,True,False
ENSG00000204859,ok,not_requested,ok,23,686,253.0,0.1042,1.4786,0.0705,0.050833809523809524,0.6346185714285715,0.0668,210.0,-13810.59265,46,0.09689,3.24554,4.797652,0.5399,5.5726,0.0008,0.0087,0.0969,0.0261,0.2697,0.0969,0.513,5.2942,0.0968984926901137,44,-13810.304975,47.0,0.5398,5.6028,0.09773,0.0001,0.0008,0.0087,0.0977,0.0,0.0798,0.0001,0.5391,5.5143,0.09776399543006364,44.0,0.5753500000027998,0.44814076641265244,True,False
ENSG00000204923,ok,not_requested,ok,22,155,231.0,0.2536,0.8767,0.2893,0.09327105263157895,0.4196957894736842,0.21475,190.0,-3462.101968,44,0.26087,2.43681,4.968688,0.9714,3.7238,0.0013,0.0049,0.2609,0.0576,0.2206,0.2609,0.9129,3.4982,0.2609627808587273,42,-3458.843185,45.0,0.9658,3.9801,0.28064,0.05441,0.0013,0.0047,0.2806,0.0364,0.6685,0.0544,0.928,3.3069,0.2806253590976443,42.0,6.517565999999533,0.010681409014859485,True,False
ENSG00000205177,ok,not_requested,ok,21,186,210.0,0.2068,1.7317,0.1194,0.08290409356725147,0.49094619883040935,0.1434,171.0,-3914.749887,42,0.1223,3.25355,6.174284,0.802,6.5579,0.0017,0.0139,0.1223,0.0311,0.2539,0.1223,0.7694,6.2899,0.12232308939728771,40,-3911.568698,43.0,0.795,7.0993,0.12774,0.0001,0.0017,0.0137,0.1277,0.0001,0.8763,0.0001,0.7932,6.2093,0.12774386806886445,40.0,6.362377999999808,0.01165652150908851,True,False
ENSG00000205730,ok,not_requested,ok,22,532,231.0,0.1913,1.3675,0.1399,0.06687473684210526,0.5741515789473685,0.1073,190.0,-11584.218455,44,0.11463,3.83622,5.942486,0.6689,5.8357,0.0002,0.0019,0.1146,0.0259,0.2261,0.1146,0.6428,5.6077,0.11462810064732422,42,-11584.218455,45.0,0.6689,5.8357,0.11463,7.14041,0.0002,0.0019,0.1146,0.0,0.0,7.1404,0.6687,5.8338,0.1146251157050293,42.0,0.0,1.0,True,False
ENSG00000213024,ok,not_requested,ok,20,509,190.0,0.1813,1.1039,0.1642,0.08373921568627452,0.638078431372549,0.1291,153.0,-11976.171797,40,0.14417,3.62131,6.498479,0.8515,5.906,0.0046,0.0321,0.1442,0.0505,0.3503,0.1442,0.7965,5.5235,0.14420204580429075,38,-11968.410242,41.0,0.8438,6.4,0.1509,0.0001,0.0048,0.0317,0.1509,0.0001,0.809,0.0001,0.8389,5.5597,0.1508894364803856,38.0,15.523110000001907,8.150273231374901e-05,True,False
ENSG00000213563,ok,not_requested,ok,21,216,210.0,0.1188,1.7283,0.0687,0.13054269005847954,0.8163163742690058,0.12535000000000002,171.0,-4912.041252,42,0.11483,3.78165,7.378085,0.995,8.6656,0.001,0.0085,0.1148,0.0128,0.1111,0.1148,0.9811,8.5458,0.11480493341758524,40,-4909.134665,43.0,0.9998,9.3551,0.1195,0.0001,0.001,0.0084,0.1195,0.0001,0.9892,0.0001,0.9987,8.3577,0.11949459779604438,40.0,5.813174000000799,0.015906559991235553,True,False
ENSG00000215906,ok,not_requested,ok,23,579,253.0,0.1569,1.8948,0.0828,0.05844714285714286,0.9131861904761904,0.06205,210.0,-12821.035688,46,0.09837,3.30846,6.712506,0.7817,7.9464,0.0018,0.0188,0.0984,0.0215,0.2185,0.0984,0.7582,7.709,0.09835257491244001,44,-12821.035689,47.0,0.7817,7.9464,0.09837,19.22039,0.0018,0.0188,0.0984,0.0,0.0,19.2204,0.7797000000000001,7.9276,0.09835259094808013,44.0,-2.0000006770715117e-06,1.0,True,False
ENSG00000217930,ok,not_requested,ok,14,125,91.0,0.0427,1.3487,0.0316,0.07828787878787878,0.543390909090909,0.0802,66.0,-2135.060351,28,0.12839,2.85093,4.078336,0.5221,4.0661,0.0,0.0,0.1284,0.0481,0.3747,0.1284,0.4739,3.6914,0.12837947662133609,26,-2124.63073,29.0,0.5224,4.3328,0.15437,0.02319,0.0,0.0,0.1544,0.0259,1.1161,0.0232,0.4965,3.2168,0.15434593384730166,26.0,20.85924200000045,4.9430141021708445e-06,True,False
ENSG00000223802,ok,not_requested,ok,20,341,190.0,0.0558,1.2007,0.0465,0.04611568627450981,1.2614816993464053,0.033,153.0,-6066.402883,40,0.07112,3.65032,5.715378,0.565,7.9448,0.0,0.0,0.0711,0.0,0.0,0.0711,0.5648,7.944599999999999,0.07109231427636382,38,-6066.06018,41.0,0.5643,7.925,0.0697,25.37253,0.0,0.0,0.0697,0.012,0.0005,25.3725,0.5524,7.9247000000000005,0.06970610874859616,38.0,0.685405999998693,0.4077313798857335,True,False
ENSG00000235118,ok,not_requested,ok,18,181,153.0,0.1663,0.9401,0.177,0.09500666666666667,0.27848083333333334,0.3261,120.0,-3031.06704,36,0.306,3.28869,3.352865,0.682,2.2286,0.0045,0.0147,0.306,0.0649,0.212,0.306,0.6128,2.0018,0.3061244879608353,34,-3021.235758,37.0,0.6754,2.4507,0.36437,0.0001,0.0049,0.0135,0.3644,0.0001,0.5973,0.0001,0.6705,1.8399,0.36442197945540517,34.0,19.662564000000202,9.239380157477605e-06,True,False
ENSG00000248098,ok,not_requested,ok,23,442,253.0,0.051,3.7765,0.0135,0.031368571428571426,1.0643819047619048,0.0272,210.0,-10037.235562,46,0.06853,2.94864,6.112593,0.6014,8.776,0.0015,0.0224,0.0685,0.0141,0.2061,0.0685,0.5859,8.5474,0.06854716054004727,44,-10037.235563,47.0,0.6014,8.776,0.06853,1.28787,0.0015,0.0224,0.0685,0.0,0.0,1.2879,0.6,8.7537,0.0685424449090099,44.0,-2.0000006770715117e-06,1.0,True,False
ENSG00000248487,ok,not_requested,ok,18,246,153.0,0.2929,0.9179,0.3191,0.12570083333333334,0.5309375,0.1953,120.0,-5591.370809,36,0.21887,3.4034,7.655402,1.2698,5.8016,0.0019,0.0085,0.2189,0.0484,0.2211,0.2189,1.2196,5.5719,0.2188840431450672,34,-5591.370809,37.0,1.2698,5.8016,0.21887,0.61634,0.0019,0.0085,0.2189,0.0,0.0,0.6163,1.268,5.7931,0.21888108266731113,34.0,0.0,1.0,True,False
ENSG00000255072,ok,not_requested,ok,10,69,45.0,0.2767,1.8706,0.1479,0.10512142857142857,0.8351857142857143,0.18135,28.0,-1007.18187,20,0.16171,2.94186,5.059192,0.6752,4.1751,0.0,0.0,0.1617,0.0593,0.3665,0.1617,0.6157,3.8084,0.16166894233798973,18,-1001.295371,21.0,0.6718,40.9057,0.21354,0.0001,0.0,0.0,0.2135,0.0038,37.7773,0.0001,0.6681,3.1285,0.2135528208406585,18.0,11.772997999999916,0.0006009611089168395,True,False
ENSG00000256061,ok,not_requested,ok,24,419,276.0,0.1752,0.9835,0.1782,0.09834718614718614,0.48553722943722943,0.1919,231.0,-10195.114038,48,0.20356,2.10872,5.74518,0.9873,4.85,0.0017,0.0081,0.2036,0.0635,0.3122,0.2036,0.9221,4.5297,0.20356756518091706,46,-10195.114039,49.0,0.9873,4.85,0.20356,1.28817,0.0017,0.0081,0.2036,0.0,0.0,1.2882,0.9857,4.8418,0.2035813127349333,46.0,-2.0000006770715117e-06,1.0,True,False
ENSG00000262919,ok,not_requested,ok,22,248,231.0,0.0685,1.3346,0.0513,0.06583684210526315,0.8691015789473684,0.0489,190.0,-5950.144983,44,0.13606,2.57922,6.950012,0.9584,7.0439,0.0011,0.0084,0.1361,0.0489,0.3595,0.1361,0.9084,6.6762,0.13606542644019054,42,-5938.599451,45.0,0.9508,7.3294,0.1511,0.04564,0.0012,0.0081,0.1511,0.0678,1.486,0.0456,0.8815000000000001,5.8352,0.15106594461200987,42.0,23.091064000000188,1.5450710450269004e-06,True,False
ENSG00000293543,ok,not_requested,ok,6,185,15.0,0.2037,1.4272,0.1427,0.15646666666666667,1.6242166666666666,0.10880000000000001,6.0,-2226.714387,12,0.13355,3.10392,3.679604,0.487,3.6463,0.0213,0.1596,0.1336,0.0448,0.3353,0.1336,0.4208,3.1513,0.1335321930631803,10,-2226.714388,13.0,0.487,3.6463,0.13355,7.20886,0.0213,0.1596,0.1336,0.0,0.0,7.2089,0.4656,3.4867,0.1335360082599593,10.0,-1.99999976757681e-06,1.0,True,False
