layer,gene,family,loo_cos,delta_norm,influence
0,HOXA1,hox,-0.3968542156446944,0.00407798431405262,3.979544796139933e-05
0,HOXA10,hox,-0.5275883392063683,0.00933417708085279,0.00017859860966984442
0,HOXA13,hox,0.6428217859366346,0.009029596200421321,0.00013589449322914948
0,HOXA3,hox,-0.6638308482599445,0.007732733791575805,9.499791047273831e-05
0,HOXA4,hox,-0.31812921943679134,0.013279189192719181,0.0004502577977089084
0,HOXA5,hox,-0.8799944860190798,0.014977761638778992,0.00014376166692608994
0,HOXA6,hox,-0.8564865495073845,0.018152483437040158,0.00024938535326868294
0,HOXA7,hox,-0.686717731172679,0.01240721811112804,0.00023106678022677407
0,HOXB2,hox,0.7247792579206033,0.007032632258031149,6.668455455205446e-05
0,HOXB4,hox,-0.7864526668206381,0.0120500211493883,0.0001573460075524613
0,HOXB5,hox,-0.7142773431047676,0.00924633510020049,0.0001189463520628875
0,HOXB7,hox,0.5201411459525835,0.005768976624896651,6.895570991005684e-05
0,HOXB8,hox,-0.5055362631335567,0.0071415348132373695,0.00010784312791856099
0,HOXB9,hox,-0.5106577779900159,0.007016704331923127,0.00010337793620929236
0,HOXC11,hox,0.434279712884176,0.00657361023447009,9.959221935240681e-05
0,HOXC12,hox,-0.00787212831397469,0.004976824803404471,7.034825712848303e-05
0,HOXC4,hox,0.4238988205987076,0.006026629899324094,8.462634612693698e-05
0,HOXC5,hox,-0.11692692309117121,0.005822002667240856,9.496139805131865e-05
0,HOXC6,hox,0.49183313403600837,0.004990649930318224,5.363060896657057e-05
0,HOXC8,hox,0.40901234324435737,0.00454885010809005,4.894038291103353e-05
0,HOXC9,hox,0.2642531792178399,0.0052678363913752765,7.331674920996178e-05
0,HOXD10,hox,-0.8212749333480731,0.007476434600878698,5.1679886666766706e-05
0,HOXD11,hox,0.0782129758502903,0.009020769452219966,0.0002297378095955649
0,HOXD12,hox,0.7952635917485722,0.010238420203378546,0.00010943928398920999
0,HOXD13,hox,0.2197764820249454,0.006887697354983326,0.0001282435489633471
0,HOXD4,hox,-0.7566257550622228,0.009591356907884652,0.00011171165874135358
0,RAB10,rab_gtpase,0.06396847082820499,0.005451688147665214,8.40736258456154e-05
0,RAB11A,rab_gtpase,0.943546335278574,0.022622898213935427,0.0001595065178595645
0,RAB14,rab_gtpase,0.4226703756896481,0.004197931610795439,4.1111947649996594e-05
0,RAB15,rab_gtpase,0.3608287078510668,0.006171335608029408,9.409352966316398e-05
0,RAB18,rab_gtpase,0.5368355976652678,0.005160646874511925,5.384468461366865e-05
0,RAB1A,rab_gtpase,0.4146227546767409,0.003904388584612612,3.585507254733056e-05
0,RAB1B,rab_gtpase,0.8478217053367364,0.0073394007028326665,4.3023287513044295e-05
0,RAB20,rab_gtpase,0.8603716257482507,0.01274734309093166,0.0001198944413766112
0,RAB22A,rab_gtpase,-0.6850183005268545,0.00782245121895368,9.224779151417728e-05
0,RAB23,rab_gtpase,0.5569539127371048,0.005977746485004181,7.001242594195656e-05
0,RAB24,rab_gtpase,0.8947224176915699,0.010265419209395337,5.970464423732391e-05
0,RAB25,rab_gtpase,0.8326744625435751,0.016001293792292044,0.00022303163256898184
0,RAB27A,rab_gtpase,0.8957743701716887,0.01577663091591556,0.0001396948247562868
0,RAB27B,rab_gtpase,0.6306973772295088,0.006100154720414227,6.365192790314111e-05
0,RAB29,rab_gtpase,0.19527962441279614,0.015144345301615875,0.0006267753662829723
0,RAB2B,rab_gtpase,0.9347558471933737,0.0169436308685212,0.00010293506764891269
0,RAB30,rab_gtpase,0.8211201081868426,0.022055414058370613,0.000450182476396388
0,RAB34,rab_gtpase,0.7558499035628887,0.007372105146095366,6.61762227938123e-05
0,RAB35,rab_gtpase,0.510844416757669,0.004871069039625984,4.9806545328823226e-05
0,RAB36,rab_gtpase,-0.8111162075508516,0.01779623146519726,0.000307768532375019
0,RAB38,rab_gtpase,0.7547328934613479,0.007459841053324783,6.802750142331782e-05
0,RAB39B,rab_gtpase,0.7560454923256248,0.015741726388928755,0.0003015609423366872
0,RAB3A,rab_gtpase,-0.3978526144137623,0.00453742235614334,4.9221354916251236e-05
0,RAB3C,rab_gtpase,0.8865130372943053,0.017882743732588052,0.0001944807396689896
0,RAB3D,rab_gtpase,-0.7784225730974241,0.009484064745929568,0.00010067731724672235
0,RAB4A,rab_gtpase,0.8144941832982829,0.008267204727921976,6.534388648282707e-05
0,RAB5A,rab_gtpase,0.15158969961621485,0.004260762262701983,5.037899783366662e-05
0,RAB5B,rab_gtpase,0.9095497256949819,0.020254814475632918,0.0002012803523768758
0,RAB6A,rab_gtpase,0.8112506074708989,0.02615849559300248,0.0006646519143465035
0,RAB6B,rab_gtpase,-0.5588273100483031,0.00699194551400862,9.549567630351419e-05
0,RAB7B,rab_gtpase,0.6860308124954818,0.008305769771631527,0.00010372778719036635
0,RAB8A,rab_gtpase,-0.7836256603867815,0.00990953705457137,0.00010764648409233857
0,RAB9A,rab_gtpase,0.5995539939162616,0.006524933477964368,7.745904584355312e-05
0,RAB9B,rab_gtpase,0.8628803354770405,0.01088301511340671,8.593342079910027e-05
0,RASEF,rab_gtpase,0.5729684421121918,0.0036789339882610703,2.5821998587471917e-05
0,DIRAS1,ras_gtpases,0.07585997361304675,0.0036079704103504622,3.676103436422995e-05
0,NRAS,ras_gtpases,0.6897912005660125,0.010425728978846235,0.0001618435661704387
0,RALA,ras_gtpases,0.840434176889567,0.007960979128302013,5.286459280207101e-05
0,RALB,ras_gtpases,-0.14529491685840448,0.004172655601635739,4.8409376445901486e-05
0,RAP1A,ras_gtpases,-0.17672017032978748,0.0036265451363099556,3.618886650891273e-05
0,RAP1B,ras_gtpases,0.778882286009446,0.006940073446852725,5.381097230783283e-05
0,RAP2A,ras_gtpases,0.4450257413257758,0.0038713425160594086,3.4138096790758965e-05
0,RAP2B,ras_gtpases,0.27930270525377254,0.007429105441046136,0.0001445409541825926
0,RAP2C,ras_gtpases,0.7039004067106197,0.005963151406616081,5.095713828440207e-05
0,RASD2,ras_gtpases,0.5215945188965324,0.00586894077629788,7.121808241783434e-05
0,RASL10A,ras_gtpases,-0.5523625879867989,0.011813220537643774,0.0002754712401390469
0,RASL10B,ras_gtpases,0.7212632294654155,0.0056734893452789975,4.386436455794396e-05
0,RERGL,ras_gtpases,0.9197509840624372,0.02818580195276811,0.00034768118233607925
0,RHEB,ras_gtpases,0.5649794683818967,0.007617024965523742,0.00011219507557092001
0,CYP20A1,cytochrome_p450,0.7781856041102034,0.007677787718623115,6.604099909024441e-05
0,CYP26B1,cytochrome_p450,0.6318069754254195,0.0046870845512135655,3.749024973354054e-05
0,CYP8B1,cytochrome_p450,0.9095254102368359,0.01814035158363754,0.00016148746134647674
0,PTGIS,cytochrome_p450,0.34780513243881744,0.005446515162999803,7.406589497849225e-05
0,ARF1,arf_gtpase,0.7262692966267456,0.007287346413389628,7.127654529914818e-05
0,ARF3,arf_gtpase,0.8719101088800384,0.009174147749863536,5.731971577682682e-05
0,ARF5,arf_gtpase,0.88146773168754,0.01345288921739277,0.00011464356207258053
0,ARF6,arf_gtpase,0.8855976711415384,0.01002426825431898,6.1569113889548e-05
0,ARL1,arf_gtpase,0.4956798213395491,0.005501662783555523,6.484959551378289e-05
0,ARL13B,arf_gtpase,0.24695609283822756,0.003852805525860624,3.9590821084622974e-05
0,ARL3,arf_gtpase,0.7630048692990129,0.006207673784494177,4.573207567093451e-05
0,ARL4A,arf_gtpase,0.9319659342224081,0.030480747294929653,0.0003469067272876547
0,ARL5A,arf_gtpase,0.8425907450473292,0.010656728196990786,9.355941948607782e-05
0,ARL5B,arf_gtpase,0.8351244288378661,0.01249226460474199,0.00013412001039903032
0,ARL5C,arf_gtpase,0.8288409063704584,0.009097083156652096,7.357944151697993e-05
0,ARL6,arf_gtpase,0.2884467332356497,0.005259135961839054,7.202422562790911e-05
0,ARL8A,arf_gtpase,-0.12958339045553466,0.003822706807541143,4.080905931014289e-05
0,ARL8B,arf_gtpase,0.4292178217469634,0.004495525227964401,4.68274112322975e-05
0,SAR1A,arf_gtpase,0.6647038194755198,0.006528574425955222,6.757363001719252e-05
0,TRIM23,arf_gtpase,0.912933158264401,0.027031551905956686,0.000345724295238492
0,CDC42,rho_gtpase,0.8403290478833357,0.008462217616346768,5.976721626721471e-05
0,RHOA,rho_gtpase,-0.498809803269126,0.007103944354356987,0.00010767920789800378
0,RHOB,rho_gtpase,0.849170961902313,0.008796900953396932,6.13048759321444e-05
0,RHOBTB1,rho_gtpase,-0.4957506943586154,0.004279240135407713,3.922894527863541e-05
0,RHOG,rho_gtpase,0.7562764395902559,0.009066390324347752,9.994042474492648e-05
0,RHOQ,rho_gtpase,0.8619258252031385,0.015705094219226123,0.00018011725222033537
0,RND1,rho_gtpase,0.8656746930352337,0.015203743325000539,0.00016454732546655748
0,RND3,rho_gtpase,0.8891088407720665,0.01184144815403479,8.343378236519428e-05
1,HOXA1,hox,0.08347559372070101,0.018200607047593315,0.00012401447889598405
1,HOXA10,hox,-0.031610181450623415,0.02853461812915864,0.00030668117104304393
1,HOXA13,hox,0.39071896943177536,0.033421621047505075,0.000356861834576061
1,HOXA3,hox,-0.24936604393664152,0.024578077866102322,0.0002135849595245043
1,HOXA4,hox,0.022807839736751812,0.04675875385373361,0.0008241180375052615
1,HOXA5,hox,-0.7118356142576678,0.03696047236975261,0.000254063987685349
1,HOXA6,hox,-0.7117284364705642,0.04665980167574461,0.00040506149543773073
1,HOXA7,hox,-0.5489685391373231,0.03478258633285608,0.0003186786224099736
1,HOXB2,hox,0.6103808460388315,0.025258972555410587,0.0001509188818553664
1,HOXB4,hox,-0.5171906030218715,0.030134678196511607,0.00025079217702095313
1,HOXB5,hox,-0.5222131750749746,0.029714810044124455,0.00024211332332735314
1,HOXB7,hox,0.39910479509377045,0.021521527016805327,0.00014680389432586427
1,HOXB8,hox,-0.21692142401795647,0.02144198165095417,0.00016517493204060152
1,HOXB9,hox,-0.21178034053675973,0.023040294020131566,0.00019116098492488742
1,HOXC11,hox,0.10139174139447683,0.02261895556320222,0.00019090149100375875
1,HOXC12,hox,-0.09034224444018794,0.021594793846382226,0.0001743762789139236
1,HOXC4,hox,0.3651497878691578,0.021392186911974972,0.0001495219534004555
1,HOXC5,hox,0.1307757909406572,0.02094819021112498,0.00016260997880479522
1,HOXC6,hox,0.42043131661802313,0.021011721316161816,0.0001370214997904462
1,HOXC8,hox,0.142205273556712,0.01971482327520507,0.00014356713528806964
1,HOXC9,hox,0.09801931860380673,0.021149059776079948,0.00016700757188603532
1,HOXD10,hox,-0.5971707274130451,0.02392058924611794,0.00013878955992729924
1,HOXD11,hox,0.4704300422982104,0.039146566580088776,0.00044994903707940015
1,HOXD12,hox,0.5032297574902664,0.030463953639197492,0.00026128877889119995
1,HOXD13,hox,0.06966068201562162,0.024500163966318402,0.0002252085345274546
1,HOXD4,hox,-0.5980966893234941,0.03142225594394472,0.00023909022930423962
1,RAB10,rab_gtpase,0.06446900570884813,0.022924562683660023,0.00019730891847058452
1,RAB11A,rab_gtpase,0.8358542373602815,0.05991374632593301,0.0004078682974206771
1,RAB14,rab_gtpase,0.2592511696751717,0.01845473652542822,0.00011976656454393275
1,RAB15,rab_gtpase,0.28691925814404395,0.020841880688014413,0.00015028201223965532
1,RAB18,rab_gtpase,0.051279673780520604,0.021367190575840102,0.00017167187410993545
1,RAB1A,rab_gtpase,0.2515799678367415,0.015120585991687262,8.073639100714125e-05
1,RAB1B,rab_gtpase,0.686617436458823,0.027327603979482185,0.00014881180670500704
1,RAB20,rab_gtpase,0.7126579469055995,0.03760787556193223,0.00026241881064648087
1,RAB22A,rab_gtpase,-0.15457269299569792,0.022628218636029294,0.00018842987200728967
1,RAB23,rab_gtpase,-0.0467653889211635,0.02519313234849509,0.0002387678742942212
1,RAB24,rab_gtpase,0.7848392904541651,0.03369437154256421,0.00016437018691706218
1,RAB25,rab_gtpase,0.744058093751272,0.05206346671655111,0.00045622401328582196
1,RAB27A,rab_gtpase,0.7945951455090373,0.045632333517606295,0.0002893982784282212
1,RAB27B,rab_gtpase,0.298952885101352,0.020445732327739937,0.00014351181589000728
1,RAB29,rab_gtpase,0.38823312931332565,0.0468106639064089,0.0007017799002323466
1,RAB2B,rab_gtpase,0.8662411590679423,0.048882648541358084,0.00022488428188871534
1,RAB30,rab_gtpase,0.7472794312485114,0.05216006123492622,0.0004529894265868917
1,RAB34,rab_gtpase,0.6470755380142418,0.026854911414028126,0.00015804748753578401
1,RAB35,rab_gtpase,0.31750153339194886,0.01607835837185133,8.763262004518602e-05
1,RAB36,rab_gtpase,-0.6521124920044649,0.04702121167965337,0.00047916014874527235
1,RAB38,rab_gtpase,0.6297620071021308,0.02613348272204586,0.00015536172681240856
1,RAB39B,rab_gtpase,0.6596420626252212,0.04042069610971594,0.000347971767891031
1,RAB3A,rab_gtpase,-0.2206953150408601,0.019400688222928494,0.00013498599097760966
1,RAB3C,rab_gtpase,0.8110024604001664,0.05439212965442232,0.0003818042706836833
1,RAB3D,rab_gtpase,-0.5386235130998691,0.028816331226544808,0.0002222409106976686
1,RAB4A,rab_gtpase,0.5709050213907713,0.027398630391046366,0.00019077130202838077
1,RAB5A,rab_gtpase,0.1280131543062196,0.016681342894374257,0.00010318559494426616
1,RAB5B,rab_gtpase,0.8531602707862675,0.06471295664595388,0.0004296777874780444
1,RAB6A,rab_gtpase,0.39838723056212677,0.060059847468207604,0.001144648443588081
1,RAB6B,rab_gtpase,-0.4057499123226902,0.0255637130617055,0.00020581661507701465
1,RAB7B,rab_gtpase,0.3871842524247263,0.02538599810170027,0.0002065417984193907
1,RAB8A,rab_gtpase,-0.6040314684334215,0.03337779161044724,0.00026678243888800246
1,RAB9A,rab_gtpase,0.20779485232436262,0.024498319663369832,0.00021650154136099165
1,RAB9B,rab_gtpase,0.7184630729312451,0.03808248236407638,0.0002645416551716462
1,RASEF,rab_gtpase,0.5217437078705012,0.0179300003091874,8.820485772276232e-05
1,DIRAS1,ras_gtpases,0.12628987066197003,0.01433794136600565,7.626376793357093e-05
1,NRAS,ras_gtpases,0.4272842000871693,0.027835858614136375,0.00023879282391936485
1,RALA,ras_gtpases,0.34335101695105463,0.030681822582468224,0.0003130859889406423
1,RALB,ras_gtpases,-0.09601437584683603,0.021514539338518456,0.00017289800109554498
1,RAP1A,ras_gtpases,-0.1424068185496906,0.015890204378684488,9.325924006520214e-05
1,RAP1B,ras_gtpases,0.2097477534154497,0.024129446700020495,0.00020985117724858782
1,RAP2A,ras_gtpases,0.3446053430096024,0.01476285259831878,7.240433473520991e-05
1,RAP2B,ras_gtpases,0.23895278585601007,0.021665338873404327,0.000166856877621524
1,RAP2C,ras_gtpases,0.5901820099001718,0.020845820824706637,0.0001067602514485122
1,RASD2,ras_gtpases,0.4803784518761382,0.021673323328441484,0.00013622319355588441
1,RASL10A,ras_gtpases,-0.10069319947739763,0.03029462165361149,0.0003425233317467802
1,RASL10B,ras_gtpases,0.5658177565722653,0.024159051762531275,0.00014959465433062036
1,RERGL,ras_gtpases,0.8030450495515046,0.06639591712473,0.0005903301757761437
1,RHEB,ras_gtpases,0.2314579474860777,0.024747303973838924,0.00021852494055629723
1,CYP20A1,cytochrome_p450,0.40323175024133434,0.022758113925619747,0.00016351353309718153
1,CYP26B1,cytochrome_p450,0.36825089894204427,0.016770478315823328,9.164984275999988e-05
1,CYP8B1,cytochrome_p450,0.818494096012409,0.05145375519733959,0.0003294722957142282
1,PTGIS,cytochrome_p450,0.5448235140508106,0.02278238358357048,0.0001375933476236435
1,ARF1,arf_gtpase,0.641211051831792,0.03134073940243093,0.000218061938793368
1,ARF3,arf_gtpase,0.7597797131960881,0.03453546216978598,0.0001900860997849918
1,ARF5,arf_gtpase,0.7279231168358032,0.03651924772354693,0.00023638590990582298
1,ARF6,arf_gtpase,0.7029575172398835,0.04347918231927819,0.00036055702850545934
1,ARL1,arf_gtpase,0.11064281138593142,0.020740503488973192,0.00016018968760744823
1,ARL13B,arf_gtpase,0.14739814005901086,0.01735668103913559,0.0001111036834804402
1,ARL3,arf_gtpase,0.42440547531877687,0.021441747461469214,0.00014210588032692595
1,ARL4A,arf_gtpase,0.8651934821297529,0.09072732452615845,0.0007805326244627597
1,ARL5A,arf_gtpase,0.5805419528279022,0.03278069148395168,0.00026859607181972667
1,ARL5B,arf_gtpase,0.6845168591331688,0.04015471304858386,0.00032307643401008335
1,ARL5C,arf_gtpase,0.6248891425604617,0.02973521065110497,0.00020317959078386405
1,ARL6,arf_gtpase,0.19860960500469554,0.02140638030370361,0.00016594147418003136
1,ARL8A,arf_gtpase,-0.20803061786368313,0.018553401762317435,0.00012415692319434068
1,ARL8B,arf_gtpase,0.1186017204103076,0.016907109686538854,0.0001062478235523967
1,SAR1A,arf_gtpase,0.1256326547922033,0.023088685584808775,0.0001978074009901798
1,TRIM23,arf_gtpase,0.7406763557799035,0.06597043649406649,0.0007408500480378111
1,CDC42,rho_gtpase,0.5322099822607463,0.027247381150871827,0.00020061938100668364
1,RHOA,rho_gtpase,-0.011117083213738966,0.030597771821839603,0.0003529499487412435
1,RHOB,rho_gtpase,0.4789575199383536,0.022930729868224295,0.00015275952874038712
1,RHOBTB1,rho_gtpase,-0.3237173690780378,0.015744812635225147,8.366180122187927e-05
1,RHOG,rho_gtpase,0.6907712704005967,0.04655271467658649,0.00042722636743919296
1,RHOQ,rho_gtpase,0.7160780991836989,0.035693058568817035,0.0002340263944764498
1,RND1,rho_gtpase,0.7634209791420935,0.05475823188478289,0.00047167629471911443
1,RND3,rho_gtpase,0.765613121672047,0.035703033271344616,0.00019888077749974364
2,HOXA1,hox,-0.42744941755861654,0.028303648823581985,2.0109899804943154e-05
2,HOXA10,hox,-0.26338733145559884,0.03484461343738175,3.470568628161086e-05
2,HOXA13,hox,0.8753986051401037,0.08263326422807085,4.900981353039846e-05
2,HOXA3,hox,-0.7772224312319067,0.06731092430420244,5.5098835035738425e-05
2,HOXA4,hox,0.9369240123724448,0.26582415892342265,0.0002651973788488915
2,HOXA5,hox,-0.3417114034853386,0.04202420776381284,4.7910534244688385e-05
2,HOXA6,hox,-0.25961905247027445,0.057052170844226084,9.324061900684022e-05
2,HOXA7,hox,-0.8636949039731773,0.0703737423959519,3.864227554328803e-05
2,HOXB2,hox,-0.5256500547674069,0.04029908234806886,3.60992379156988e-05
2,HOXB4,hox,-0.860431048354928,0.08415410847168028,5.648217399290001e-05
2,HOXB5,hox,-0.7089199982791435,0.04202353759042921,2.6981822141891598e-05
2,HOXB7,hox,0.8137310407064852,0.04118725298744822,1.7603091572504503e-05
2,HOXB8,hox,0.47276535020794624,0.03310360474079761,2.6136043877467152e-05
2,HOXB9,hox,-0.044527680752379395,0.03468412941779713,3.687684555364612e-05
2,HOXC11,hox,-0.23247467629365515,0.030974981126677188,2.787693160544169e-05
2,HOXC12,hox,0.665059357890311,0.03583151165942389,2.19927077382831e-05
2,HOXC4,hox,0.6151216439971959,0.03673078277018757,2.5759699010308168e-05
2,HOXC5,hox,-0.8779376423168107,0.08145892622088745,4.6719321375787715e-05
2,HOXC6,hox,0.10262951381970842,0.02861745978140774,2.4889436198272108e-05
2,HOXC8,hox,-0.4424661218646657,0.03168200943448749,2.4794411420558937e-05
2,HOXC9,hox,0.03530312639047495,0.028626471766928136,2.5138861256102096e-05
2,HOXD10,hox,0.11133420005132719,0.02702906641142223,2.2161346619808953e-05
2,HOXD11,hox,-0.4990386226909306,0.052887167999871455,6.45175397737674e-05
2,HOXD12,hox,0.14324888444826964,0.03749138611960638,4.228766832048425e-05
2,HOXD13,hox,-0.891257157467427,0.08731911726980095,4.816443779742663e-05
2,HOXD4,hox,-0.9586001456738588,0.1394694199406911,4.844614247245804e-05
2,RAB10,rab_gtpase,0.9431096793264355,0.19035918270746088,0.00012304279174968347
2,RAB11A,rab_gtpase,0.19098808934632905,0.06039949215968362,0.00010796884386576888
2,RAB14,rab_gtpase,0.1286110309267438,0.02219533939922099,1.4880902047487155e-05
2,RAB15,rab_gtpase,0.0646659346829346,0.02730517097317637,2.2804521289554458e-05
2,RAB18,rab_gtpase,0.033953269628190605,0.023611980106455786,1.7104629624009604e-05
2,RAB1A,rab_gtpase,0.05300104678170547,0.017493806032969583,9.373354626585062e-06
2,RAB1B,rab_gtpase,0.1626635053471717,0.026022548320605205,2.024902899322445e-05
2,RAB20,rab_gtpase,-0.9199379275036337,0.21416127396938026,0.00021656537696790323
2,RAB22A,rab_gtpase,0.9430611442427947,0.5102049865942485,0.0008849585029906404
2,RAB23,rab_gtpase,-0.09034704764357067,0.03285090858974481,3.287672078167159e-05
2,RAB24,rab_gtpase,0.2006340943809805,0.03650820718936114,3.929089621146353e-05
2,RAB25,rab_gtpase,-0.4484837987998147,0.060764094585924966,9.060074111721939e-05
2,RAB27A,rab_gtpase,0.10444998632358016,0.05430171177379592,8.958359566213492e-05
2,RAB27B,rab_gtpase,0.1949408417095299,0.026395655054823563,2.0586838428093834e-05
2,RAB29,rab_gtpase,0.9152862895200992,1.3672462649734891,0.009359749099027037
2,RAB2B,rab_gtpase,-0.0922947496317566,0.05090788502849375,7.892562667266567e-05
2,RAB30,rab_gtpase,-0.9629338996179237,0.9045895761984886,0.0018303302657379783
2,RAB34,rab_gtpase,0.16245008113007714,0.026295182067190715,2.0677020799997337e-05
2,RAB35,rab_gtpase,0.19494852365676674,0.02004132868553679,1.1867918178420922e-05
2,RAB36,rab_gtpase,-0.2899790524104649,0.052374419779424176,7.717117704164611e-05
2,RAB38,rab_gtpase,-0.09583475643943962,0.029090089172938212,2.5753405966999487e-05
2,RAB39B,rab_gtpase,0.960024492269765,0.1488796280478404,5.3343771490910186e-05
2,RAB3A,rab_gtpase,0.18078779223953215,0.024498088152481855,1.7831284335856346e-05
2,RAB3C,rab_gtpase,0.9000732180995292,0.09572270117837936,5.3436724528288515e-05
2,RAB3D,rab_gtpase,-0.437821731901732,0.03327508534829645,2.7489669559233043e-05
2,RAB4A,rab_gtpase,0.13357956092548934,0.03013045034407655,2.7386969972398312e-05
2,RAB5A,rab_gtpase,0.873538272262749,0.04432688669989084,1.429898931670781e-05
2,RAB5B,rab_gtpase,0.12766015586188495,0.061186023638695936,0.00011311991413665012
2,RAB6A,rab_gtpase,0.9493931998326551,0.2541002771284818,0.0001956623156311732
2,RAB6B,rab_gtpase,-0.09960188789437457,0.03069662421009826,2.8655210778771867e-05
2,RAB7B,rab_gtpase,0.9499891669551607,0.11072826900578271,3.672547156963191e-05
2,RAB8A,rab_gtpase,-0.1178126174004006,0.03506047345989769,3.723227594842893e-05
2,RAB9A,rab_gtpase,0.13654504907466947,0.028873316817075636,2.5128770784199617e-05
2,RAB9B,rab_gtpase,0.2973545359399036,0.04997797780195231,6.993805746235982e-05
2,RASEF,rab_gtpase,0.725741718416384,0.02494121206164128,9.043128858521321e-06
2,DIRAS1,ras_gtpases,0.032855055302806815,0.018960627075146858,1.1030236667375348e-05
2,NRAS,ras_gtpases,0.962467255551279,0.1714185356857814,6.64796671028256e-05
2,RALA,ras_gtpases,0.20248116392020812,0.032432322899551204,3.098333530582309e-05
2,RALB,ras_gtpases,0.5267002335512302,0.03264200819742224,2.3648033588230533e-05
2,RAP1A,ras_gtpases,-0.04586533804023407,0.01819353556969695,1.0145371435954509e-05
2,RAP1B,ras_gtpases,0.06368468958815711,0.029269308489549745,2.620666427011198e-05
2,RAP2A,ras_gtpases,-0.05035015770449503,0.017347925234005402,9.220209482463382e-06
2,RAP2B,ras_gtpases,0.6087372624091711,0.028929850963642718,1.6180636965401618e-05
2,RAP2C,ras_gtpases,0.15246211070529603,0.023511257657414106,1.6583920178225853e-05
2,RASD2,ras_gtpases,0.0924158221799911,0.023174956614658754,1.6355446550764263e-05
2,RASL10A,ras_gtpases,-0.2753720377504114,0.03861164696577861,4.2319830542925096e-05
2,RASL10B,ras_gtpases,0.5820948672231648,0.02995474250709748,1.8221807834173376e-05
2,RERGL,ras_gtpases,0.026276422323547537,0.0797305323079663,0.00019513619727640208
2,RHEB,ras_gtpases,0.047326735825651715,0.029225121534446195,2.6175235662173613e-05
2,CYP20A1,cytochrome_p450,0.20771824560356653,0.026896224917478114,2.126075347419487e-05
2,CYP26B1,cytochrome_p450,-0.13520092739810705,0.026251603093032462,2.0780223814131915e-05
2,CYP8B1,cytochrome_p450,0.17442274649199885,0.05179885253589894,7.990719769990218e-05
2,PTGIS,cytochrome_p450,0.15726435604724076,0.026124262953595188,2.0443844527817667e-05
2,ARF1,arf_gtpase,0.11362076993318432,0.031754061675128176,3.057089805669211e-05
2,ARF3,arf_gtpase,0.37794768240217796,0.034372164256128185,3.1104716671226385e-05
2,ARF5,arf_gtpase,0.9615015992680276,0.5152885833370517,0.0006160447862605389
2,ARF6,arf_gtpase,0.18146226968477136,0.04132443047873856,5.072586085363984e-05
2,ARL1,arf_gtpase,0.052535153101897464,0.023800839567145977,1.735138451408602e-05
2,ARL13B,arf_gtpase,0.5168278829889541,0.023495536243173333,1.242675356760703e-05
2,ARL3,arf_gtpase,0.059347783612273504,0.02477961331155184,1.8793465600186465e-05
2,ARL4A,arf_gtpase,0.12809724827926025,0.090455497053247,0.00024722039771662985
2,ARL5A,arf_gtpase,0.29789332870259605,0.0380544984894283,4.0533023865862994e-05
2,ARL5B,arf_gtpase,0.9550129432055923,0.7248195063527773,0.0014202067221614767
2,ARL5C,arf_gtpase,0.4325349504523685,0.032600222912985886,2.653611518543819e-05
2,ARL6,arf_gtpase,0.9027712838952711,0.06663468652767857,2.5230940159270965e-05
2,ARL8A,arf_gtpase,0.0023725301564353598,0.021775410510890467,1.4563961336366837e-05
2,ARL8B,arf_gtpase,0.04785524265753151,0.019497035524053873,1.164903804939943e-05
2,SAR1A,arf_gtpase,0.9549073099348913,0.30182034783769096,0.00024667720070525867
2,TRIM23,arf_gtpase,0.9489259779815779,0.21789984485347647,0.00014517333984698233
2,CDC42,rho_gtpase,0.14311840546068608,0.03294984597370597,3.266419801550846e-05
2,RHOA,rho_gtpase,-0.010587999369575529,0.04575899446981471,6.430789841804785e-05
2,RHOB,rho_gtpase,-0.396282622053244,0.033933416156192886,2.98136224783363e-05
2,RHOBTB1,rho_gtpase,-0.670534443403373,0.02284133035639357,8.819749608646177e-06
2,RHOG,rho_gtpase,0.19241047611946827,0.04403828500096623,5.7363522065201344e-05
2,RHOQ,rho_gtpase,0.9612347683414643,0.5489796105348794,0.0007040174055843451
2,RND1,rho_gtpase,0.3058548063426546,0.05707669398768074,9.070445669701055e-05
2,RND3,rho_gtpase,0.14278469035929928,0.042698147025064456,5.4856790959956214e-05
3,HOXA1,hox,-0.18164838817028964,0.05722396170586116,9.286223861970644e-05
3,HOXA10,hox,-0.03593027613466471,0.06269505286244657,0.000115123887765467
3,HOXA13,hox,0.7252216560043888,0.10950311587877654,0.00016670609946256576
3,HOXA3,hox,-0.5298652116211708,0.08290745291644086,0.00014498701885001797
3,HOXA4,hox,0.9084292977360939,0.27125545159575704,0.00037714330765092896
3,HOXA5,hox,-0.19434220359605375,0.05945096734712104,9.973643349003858e-05
3,HOXA6,hox,-0.10444823911396438,0.07344099380935801,0.00015645233740546605
3,HOXA7,hox,-0.7186408103511394,0.08157800962498261,9.43730214973959e-05
3,HOXB2,hox,-0.27732427962891837,0.05890616601387889,9.393370993682204e-05
3,HOXB4,hox,-0.6664484164862596,0.09898589542557841,0.0001597243505013779
3,HOXB5,hox,-0.4368844843337797,0.055666009161391215,7.352760514967027e-05
3,HOXB7,hox,0.5835048505510712,0.052156092892211,5.261212010032601e-05
3,HOXB8,hox,0.2798591877063599,0.05830879218786728,9.18972664651907e-05
3,HOXB9,hox,0.06702562084923008,0.07439773744119535,0.0001615972794754006
3,HOXC11,hox,-0.055264175584198307,0.06869982030482612,0.0001379900201866624
3,HOXC12,hox,0.4934831070317704,0.05882600315508672,7.676876161366586e-05
3,HOXC4,hox,0.3388053002799151,0.05764490999964992,8.626256772947816e-05
3,HOXC5,hox,-0.6206093852285495,0.10252906909653142,0.0001895549179421474
3,HOXC6,hox,0.016075842436939016,0.06594981218808514,0.00012751976363956086
3,HOXC8,hox,-0.1910635589444178,0.0577197208671351,9.413543966863003e-05
3,HOXC9,hox,0.08919719931783257,0.07654777728867576,0.000170477863838836
3,HOXD10,hox,0.14205272252216292,0.04693339534579078,6.329353874490184e-05
3,HOXD11,hox,-0.22493256073669965,0.08125441367335652,0.00018383171777480722
3,HOXD12,hox,0.13056264342530569,0.07368498310343903,0.00015651639066427414
3,HOXD13,hox,-0.6227616640545413,0.10814377597310226,0.0002099685006642371
3,HOXD4,hox,-0.7947852308757312,0.1606681405604688,0.0002788535154268912
3,RAB10,rab_gtpase,0.8616029706108275,0.19385863098729114,0.0002839753969282599
3,RAB11A,rab_gtpase,0.12249677702651612,0.07800218518570916,0.0001757601688164856
3,RAB14,rab_gtpase,0.008173055645916322,0.04009995059487524,4.715240347807903e-05
3,RAB15,rab_gtpase,0.10411854218391478,0.04497579499235286,5.867750274057837e-05
3,RAB18,rab_gtpase,0.11468289762625859,0.05013408542565972,7.273896419401904e-05
3,RAB1A,rab_gtpase,0.030965791112069246,0.03365663691996474,3.31869191703138e-05
3,RAB1B,rab_gtpase,0.12681804663373802,0.0457302289412435,6.034111505004436e-05
3,RAB20,rab_gtpase,-0.8673709977767005,0.21856104913487556,0.00034699637112023396
3,RAB22A,rab_gtpase,0.9033692915809182,0.5091005370496218,0.0013988918361709235
3,RAB23,rab_gtpase,-0.13005008806512733,0.062002095121257345,0.00011083161746827663
3,RAB24,rab_gtpase,0.14367381561526582,0.05898697063307548,9.993329802238105e-05
3,RAB25,rab_gtpase,-0.31031611933681136,0.07834717042225836,0.00016268332916402617
3,RAB27A,rab_gtpase,0.01567959863552857,0.061556288489097756,0.00011109566808265026
3,RAB27B,rab_gtpase,0.04216688904741502,0.04796194256544017,6.733954861293245e-05
3,RAB29,rab_gtpase,0.8552375462920749,1.361885339695871,0.014715626408756788
3,RAB2B,rab_gtpase,-0.04859760954763033,0.058619026657599486,0.00010053263602838314
3,RAB30,rab_gtpase,-0.9378665152802291,0.8982055014750558,0.0028526981541083796
3,RAB34,rab_gtpase,0.04233275126047592,0.03767104601213776,4.15413236565243e-05
3,RAB35,rab_gtpase,0.1817603998717492,0.03107506457319175,2.7382612744708545e-05
3,RAB36,rab_gtpase,-0.09852540804356522,0.07295363742542825,0.0001545702806392546
3,RAB38,rab_gtpase,0.011514208949874904,0.05647207363267791,9.351152231218407e-05
3,RAB39B,rab_gtpase,0.889572069327357,0.15685354489919598,0.00015055621815629472
3,RAB3A,rab_gtpase,0.11562092263701121,0.0515937784819782,7.701963145789748e-05
3,RAB3C,rab_gtpase,0.7606086664682882,0.10938706448990679,0.00014790070497383567
3,RAB3D,rab_gtpase,-0.2457292044105091,0.062395589526089916,0.00010727955203637674
3,RAB4A,rab_gtpase,0.08719036137958308,0.049224422582408806,7.051756644016471e-05
3,RAB5A,rab_gtpase,0.6561416193586433,0.053098920319214725,4.7086197773937855e-05
3,RAB5B,rab_gtpase,0.1260263805491619,0.08053470327471546,0.0001871925657510598
3,RAB6A,rab_gtpase,0.9079739466904978,0.2568980155803992,0.00033987050457640056
3,RAB6B,rab_gtpase,-0.10434692179245497,0.045656624268414416,6.046457506236891e-05
3,RAB7B,rab_gtpase,0.8555426468024261,0.11826230262056962,0.00010994160201494019
3,RAB8A,rab_gtpase,-0.040807307384267466,0.04925001671091474,7.101323724290065e-05
3,RAB9A,rab_gtpase,0.07602216287311223,0.049305163446065704,7.087905191349719e-05
3,RAB9B,rab_gtpase,0.2119789167443588,0.06356883312198712,0.00011318291920869861
3,RASEF,rab_gtpase,0.42197118008815465,0.05909281490473989,8.417107095970433e-05
3,DIRAS1,ras_gtpases,0.07136491374376326,0.044108366506597566,5.676383319730416e-05
3,NRAS,ras_gtpases,0.9047530763087647,0.18147560207865399,0.00017522622973586977
3,RALA,ras_gtpases,0.18065638614489174,0.049420923612363686,6.928852026866217e-05
3,RALB,ras_gtpases,0.3770693165698249,0.059350855479333844,8.861427036110925e-05
3,RAP1A,ras_gtpases,0.059882252585196076,0.035654127593460073,3.714518262909472e-05
3,RAP1B,ras_gtpases,-0.06771454380442742,0.05309969469904783,8.230778622986268e-05
3,RAP2A,ras_gtpases,0.0079895755361308,0.03532245278789768,3.65861625674091e-05
3,RAP2B,ras_gtpases,0.3544463895998667,0.055205175799127815,7.814579792242426e-05
3,RAP2C,ras_gtpases,0.1410563592570399,0.0472565255230484,6.418657604934097e-05
3,RASD2,ras_gtpases,0.13168668976234105,0.05490740011431673,8.687968239839972e-05
3,RASL10A,ras_gtpases,-0.11336104066878915,0.06278380396500842,0.00011411370164615686
3,RASL10B,ras_gtpases,0.4081851422550074,0.04390227051011301,4.710475456437546e-05
3,RERGL,ras_gtpases,0.017058139980256057,0.08869133080640136,0.00023063274580348292
3,RHEB,ras_gtpases,-0.05147641346625351,0.0458976893045896,6.161374753455018e-05
3,CYP20A1,cytochrome_p450,0.1762551942233555,0.047471312822989165,6.40332529158183e-05
3,CYP26B1,cytochrome_p450,0.030025739687864154,0.05152378391810534,7.77813738753741e-05
3,CYP8B1,cytochrome_p450,0.19764549262545747,0.09328102444424113,0.0002452276185593849
3,PTGIS,cytochrome_p450,0.10712804984736536,0.06713954900148332,0.00013067941523448035
3,ARF1,arf_gtpase,0.1677233500879711,0.055494077943140534,8.777178815089215e-05
3,ARF3,arf_gtpase,0.22261509817281602,0.046645447058192735,6.064464758859245e-05
3,ARF5,arf_gtpase,0.9223530602371363,0.5125458658246509,0.001150556130544711
3,ARF6,arf_gtpase,0.13133009147269628,0.06119974516299177,0.00010794479753295505
3,ARL1,arf_gtpase,0.012502807987018283,0.04776632535317607,6.689986321173347e-05
3,ARL13B,arf_gtpase,0.12877082431258088,0.05431395319069013,8.507744130459294e-05
3,ARL3,arf_gtpase,-0.021517646125426698,0.04267526296959458,5.3382364564535933e-05
3,ARL4A,arf_gtpase,0.09977525595983759,0.1035398621980671,0.0003112953185135936
3,ARL5A,arf_gtpase,0.25391702344765915,0.05943571395103768,9.69185426236141e-05
3,ARL5B,arf_gtpase,0.9132364570862513,0.7231788734273139,0.0025490960525818007
3,ARL5C,arf_gtpase,0.12380159958510202,0.0613506678120338,0.00010868990896883979
3,ARL6,arf_gtpase,0.7423697519124107,0.08040844047313468,8.511260186627734e-05
3,ARL8A,arf_gtpase,0.04156276581101635,0.035104853818176567,3.607665199090171e-05
3,ARL8B,arf_gtpase,0.03368153963652621,0.029224834242069942,2.5017938137250617e-05
3,SAR1A,arf_gtpase,0.9178475516061384,0.3002240758863107,0.00041653453785528427
3,TRIM23,arf_gtpase,0.8946608377776331,0.22433160215691508,0.0002945785757209052
3,CDC42,rho_gtpase,0.09062841041590931,0.05094969268876614,7.55009912091209e-05
3,RHOA,rho_gtpase,0.0952918254367947,0.07428031486967453,0.00016034506003481663
3,RHOB,rho_gtpase,-0.20298256500720235,0.05233648615361666,7.701723679831574e-05
3,RHOBTB1,rho_gtpase,-0.23640171772363697,0.049981113819572126,6.916499561582246e-05
3,RHOG,rho_gtpase,0.15692442079756863,0.0602152020409141,0.0001037149226035261
3,RHOQ,rho_gtpase,0.9266528301866067,0.5476975736656904,0.0012438659441040834
3,RND1,rho_gtpase,0.22523935880472457,0.0689265984494557,0.00013225918270620696
3,RND3,rho_gtpase,0.07495801323363038,0.05736356037173033,9.595793948247167e-05
4,HOXA1,hox,-0.10650602695016968,0.06013890591539007,0.0004557696695828284
4,HOXA10,hox,0.17823759982072043,0.06321282316400202,0.0004931585899747848
4,HOXA13,hox,0.483279601462525,0.0853638871658992,0.0007119862612816608
4,HOXA3,hox,0.14426921272984572,0.06507822571601629,0.0005286175338929944
4,HOXA4,hox,0.5302128215824592,0.11623641254460519,0.0012385010958806397
4,HOXA5,hox,-0.22962207612342792,0.056794090590568044,0.0003894541542438512
4,HOXA6,hox,0.08725155196062967,0.0737212802702529,0.0006875530073015002
4,HOXA7,hox,-0.28390030006611877,0.05821035281514145,0.0003970831628726801
4,HOXB2,hox,0.21677803607178622,0.053409054402611414,0.00034649041614864817
4,HOXB4,hox,-0.04990527451714346,0.06589053902796996,0.0005520431429003603
4,HOXB5,hox,0.12405287596118858,0.0604668006334581,0.00045886850378495936
4,HOXB7,hox,0.15999362735107572,0.04994430138571582,0.0003097899523842873
4,HOXB8,hox,0.12744779788308622,0.05488589417278002,0.0003777298997029721
4,HOXB9,hox,0.11469056170694895,0.0653552348030069,0.0005373000101913661
4,HOXC11,hox,0.19964362191984408,0.0858014527297152,0.0009011781585024359
4,HOXC12,hox,0.3295794266020484,0.055745296432911796,0.00035305692412279654
4,HOXC4,hox,0.035051441668019476,0.05459970081391347,0.00037950632799010897
4,HOXC5,hox,0.052188026405415075,0.1041083071096082,0.0013784014384012888
4,HOXC6,hox,-0.11757083874775284,0.07603337110287901,0.0007267938410089325
4,HOXC8,hox,0.1143214301261531,0.07659876670690967,0.0007382109570014395
4,HOXC9,hox,0.25303295315433366,0.09547697860494822,0.001087896428480728
4,HOXD10,hox,0.09514641949710202,0.045677964394070486,0.00026351854833550625
4,HOXD11,hox,0.3939287946696548,0.08670952399899487,0.00080977376734781
4,HOXD12,hox,0.30587420738830073,0.0795431944673129,0.0007311295854474098
4,HOXD13,hox,0.15390144859175817,0.07186468695525812,0.0006427621961400121
4,HOXD4,hox,-0.17813692321111887,0.09011880558849142,0.0010026141824178714
4,RAB10,rab_gtpase,0.08622227411889125,0.08460419367341221,0.0009057946928997529
4,RAB11A,rab_gtpase,0.240185195601146,0.07754851369104349,0.0007224172927972061
4,RAB14,rab_gtpase,-0.2074297918463905,0.04902306846526782,0.0002931259400296149
4,RAB15,rab_gtpase,0.27800014999525485,0.0427512333907582,0.0002149324392323182
4,RAB18,rab_gtpase,0.3348186904103677,0.053378010291306864,0.00032243864286851665
4,RAB1A,rab_gtpase,0.139185189400305,0.03272891703152846,0.00013387096216599392
4,RAB1B,rab_gtpase,0.3141520401839795,0.045502041933296135,0.00023783560395740366
4,RAB20,rab_gtpase,-0.043993021424861285,0.07697561751802982,0.0007539086818749707
4,RAB22A,rab_gtpase,0.4368926054326985,0.14481924329916984,0.002164853029274494
4,RAB23,rab_gtpase,-0.1815283269471508,0.06076948204128106,0.00045520571097035223
4,RAB24,rab_gtpase,0.5112745260402877,0.06140741930739432,0.0003549908067002061
4,RAB25,rab_gtpase,0.2563418556833227,0.08254012308607404,0.0008114796274895086
4,RAB27A,rab_gtpase,0.08032020762680496,0.0635666617294007,0.0005117396564701115
4,RAB27B,rab_gtpase,-0.0003028215043003808,0.045095100657522875,0.0002591820669453071
4,RAB29,rab_gtpase,0.3766810519607038,0.3510835352973035,0.013570989659489108
4,RAB2B,rab_gtpase,0.40064294374853454,0.05763673224545613,0.000355450341552932
4,RAB30,rab_gtpase,-0.3816082352030854,0.24574292792197275,0.006596833188580509
4,RAB34,rab_gtpase,0.05026691519555566,0.0380208102857221,0.00018376968823552442
4,RAB35,rab_gtpase,0.3085926372967902,0.031752448302879946,0.00011625406184234688
4,RAB36,rab_gtpase,-0.12244862337388561,0.071023175794062,0.0006333834941966154
4,RAB38,rab_gtpase,0.4531630895354234,0.07136715343800469,0.0005159064457266327
4,RAB39B,rab_gtpase,0.49829086004409084,0.09078359908736466,0.000789813328514577
4,RAB3A,rab_gtpase,0.19163080990686976,0.051764570727513795,0.0003289865457338781
4,RAB3C,rab_gtpase,0.541632745685778,0.09135785259954117,0.0007518644579556089
4,RAB3D,rab_gtpase,-0.3111623082127792,0.06585449958104596,0.0004992782880872682
4,RAB4A,rab_gtpase,0.3003354591320873,0.04597149581054728,0.0002450562252723776
4,RAB5A,rab_gtpase,-0.23493101955488982,0.04521710384547437,0.0002462023686461423
4,RAB5B,rab_gtpase,0.33965727214225105,0.07828676719417955,0.0006911621031018278
4,RAB6A,rab_gtpase,0.5231375150914445,0.15439201206105385,0.0022087766604765857
4,RAB6B,rab_gtpase,-0.24354039534231758,0.044214632319607136,0.00023437892368161073
4,RAB7B,rab_gtpase,0.4430390769365247,0.06098011873439067,0.0003809360367056369
4,RAB8A,rab_gtpase,-0.0451154036049954,0.048821784765703945,0.00030317840399007867
4,RAB9A,rab_gtpase,0.20287895882015836,0.050822283401948394,0.0003156552963969883
4,RAB9B,rab_gtpase,0.25920834352522537,0.06276001923599803,0.0004683294867632304
4,RASEF,rab_gtpase,0.5030587785534081,0.06391316718886492,0.00038889835474009704
4,DIRAS1,ras_gtpases,0.13924755059805388,0.0440372631555767,0.00024237042704855494
4,NRAS,ras_gtpases,0.49767846761685025,0.07553019726528183,0.0005470794667985501
4,RALA,ras_gtpases,0.4305279756997116,0.050609015908478217,0.00026593302151645126
4,RALB,ras_gtpases,0.4227978437803941,0.0586222605244319,0.0003597198203897367
4,RAP1A,ras_gtpases,0.3166384061273079,0.05221656727996831,0.00031267388282107955
4,RAP1B,ras_gtpases,-0.3251864762696719,0.08030422886870953,0.0007351691212257316
4,RAP2A,ras_gtpases,0.006873883600919511,0.04032725215262504,0.00020725820451639176
4,RAP2B,ras_gtpases,0.3759027923521214,0.0609235061594288,0.0004062449513961841
4,RAP2C,ras_gtpases,0.321728965116835,0.045032616313461005,0.00023170763170099473
4,RASD2,ras_gtpases,0.4061418614102592,0.060546351818097414,0.0003901777751301738
4,RASL10A,ras_gtpases,-0.013519286208247307,0.06645129473574499,0.0005627813764764733
4,RASL10B,ras_gtpases,0.38963617119140237,0.04708701097093118,0.00023968131384899394
4,RERGL,ras_gtpases,0.2658559826207503,0.08412698893591895,0.0008385102078657392
4,RHEB,ras_gtpases,-0.28118631573236047,0.0632197200466838,0.00046916503385563413
4,CYP20A1,cytochrome_p450,0.2628841483618298,0.04687717116492351,0.0002607165830224023
4,CYP26B1,cytochrome_p450,0.29696751359337686,0.04906915200381881,0.0002798158723678057
4,CYP8B1,cytochrome_p450,0.546586128223347,0.11762485494126015,0.0012371598784600701
4,PTGIS,cytochrome_p450,0.33164492761533315,0.06423528144305864,0.0004680956345328724
4,ARF1,arf_gtpase,0.511433682973161,0.06553686725990149,0.0004042609111096773
4,ARF3,arf_gtpase,0.2090087698006731,0.04935650394639336,0.0002969233579244168
4,ARF5,arf_gtpase,0.5958992855799349,0.14196587966032498,0.0016577275592348784
4,ARF6,arf_gtpase,0.32180963673890656,0.06269998754998374,0.00044920333795450684
4,ARL1,arf_gtpase,-0.005671796421957518,0.04493195969573487,0.00025730167253068537
4,ARL13B,arf_gtpase,-0.1404504850393582,0.055135246708902276,0.0003798205394497378
4,ARL3,arf_gtpase,-0.09460943329042103,0.04098372687274259,0.00021215540647900877
4,ARL4A,arf_gtpase,0.26280941152059456,0.10221729130253122,0.0012402970829471505
4,ARL5A,arf_gtpase,0.3741280638886292,0.05650814327369157,0.00035002636671832565
4,ARL5B,arf_gtpase,0.5575978012593741,0.19111313432537683,0.0032124901140635487
4,ARL5C,arf_gtpase,-0.0105513787092178,0.06031105223996565,0.00046359220019298597
4,ARL6,arf_gtpase,0.07749345240503734,0.053898006001750376,0.00036804371359488997
4,ARL8A,arf_gtpase,-0.044132054927658475,0.03559196013044267,0.0001611321170504887
4,ARL8B,arf_gtpase,0.15590127675455911,0.029428948596672607,0.00010769036479052474
4,SAR1A,arf_gtpase,0.4288872010904925,0.08260417068359388,0.0007098522168540455
4,TRIM23,arf_gtpase,0.5855331135850279,0.11827467313949287,0.0011721771767819744
4,CDC42,rho_gtpase,0.3079879603859399,0.05687948273086481,0.00037324991215725856
4,RHOA,rho_gtpase,0.2742073908951175,0.07791015630204988,0.0007156261792750085
4,RHOB,rho_gtpase,0.2765260914926174,0.05509465826141848,0.0003573050334965133
4,RHOBTB1,rho_gtpase,0.11086808167697063,0.04559535584820771,0.00026170783483614457
4,RHOG,rho_gtpase,0.2101481678634817,0.062102744878894243,0.0004698917286193316
4,RHOQ,rho_gtpase,0.6728183732940004,0.1524450306145815,0.0016222083222712236
4,RND1,rho_gtpase,0.28411224854819384,0.06896326084158809,0.0005573070216533527
4,RND3,rho_gtpase,0.10167505710218488,0.05688745836936292,0.0004082241313304591
5,HOXA1,hox,0.038597952335691375,0.06435140441134443,0.0002790163262844647
5,HOXA10,hox,0.24263920426086868,0.07978952391655274,0.0004043224778692567
5,HOXA13,hox,0.6155632888780329,0.11395107107354438,0.0005442573630949354
5,HOXA3,hox,0.33831229946469826,0.09645383980444878,0.0005559948700146755
5,HOXA4,hox,0.5234863475533363,0.14152640731574698,0.0009815276266224027
5,HOXA5,hox,-0.18148879085993117,0.06822153997778466,0.0003037132158554279
5,HOXA6,hox,0.12325347652008359,0.09078220222533334,0.0005477377433694697
5,HOXA7,hox,-0.22756037172722232,0.07673083376333432,0.00037672940091337814
5,HOXB2,hox,0.35301728140157745,0.06521955856965636,0.0002512503969755997
5,HOXB4,hox,0.10792713581696556,0.0875464100777983,0.0005112104175016841
5,HOXB5,hox,0.15453508644965916,0.07599898503432893,0.0003804533324938131
5,HOXB7,hox,0.2679899318811773,0.05898830589183203,0.00021792772872986088
5,HOXB8,hox,0.23749877523594026,0.06913243494813733,0.00030430954618998474
5,HOXB9,hox,0.1413847886473573,0.07265210030362525,0.0003490625617268428
5,HOXC11,hox,0.34912686263946596,0.10576960205931767,0.0006630027535127203
5,HOXC12,hox,0.4452415867077716,0.07477475187174026,0.00030249657398206953
5,HOXC4,hox,0.18715323336461584,0.07224661482286591,0.00033987931819090544
5,HOXC5,hox,0.2133184758569177,0.14101092942712148,0.0012813214511137039
5,HOXC6,hox,0.027206802558461758,0.08697202144342973,0.000510092314691013
5,HOXC8,hox,0.09276525270094375,0.07645224540602986,0.00039103211179791764
5,HOXC9,hox,0.23318105112335993,0.09816618798105575,0.0006150034610608035
5,HOXD10,hox,0.03689264253351948,0.05324694220691665,0.00019104680843884392
5,HOXD11,hox,0.5203673671467507,0.1241592703643021,0.0007587187418748309
5,HOXD12,hox,0.5235050444802876,0.12609383600720456,0.0007790396780558151
5,HOXD13,hox,0.3881793022165622,0.09669286524714485,0.0005358897277403241
5,HOXD4,hox,0.060893787219202765,0.10471190508685717,0.0007372916797210305
5,RAB10,rab_gtpase,0.11654356475680648,0.08614485627668332,0.0004940003511963997
5,RAB11A,rab_gtpase,0.3187022514970675,0.10177519164964928,0.0006280647562999508
5,RAB14,rab_gtpase,-0.2095451423623624,0.05754394270964992,0.00021362163498428455
5,RAB15,rab_gtpase,0.3428896353051908,0.05704273406904665,0.00019374113457526487
5,RAB18,rab_gtpase,0.4853897464932151,0.06519376619796044,0.0002192194401929859
5,RAB1A,rab_gtpase,-0.22121498883421878,0.04351080816858741,0.00012148729222427601
5,RAB1B,rab_gtpase,0.4128925440061114,0.058176722810710284,0.00018943788388703364
5,RAB20,rab_gtpase,0.26286287778380485,0.1042406792568469,0.0006826965011162978
5,RAB22A,rab_gtpase,0.26706187550071075,0.15024621700784863,0.0014154031191722094
5,RAB23,rab_gtpase,0.10528308078436514,0.06189403551081553,0.000255630544610419
5,RAB24,rab_gtpase,0.5564698712532716,0.08496193063600711,0.00033626841486167347
5,RAB25,rab_gtpase,0.25939511010810995,0.10354072509069663,0.0006748667210134673
5,RAB27A,rab_gtpase,-0.13959668325067193,0.0879938784653566,0.0005123537322994087
5,RAB27B,rab_gtpase,0.052930650578665916,0.050178265805268296,0.00016941431149752884
5,RAB29,rab_gtpase,0.19220022638668444,0.36666751183316826,0.008774204183406575
5,RAB2B,rab_gtpase,0.424033983919721,0.06983901851638817,0.0002699432982087302
5,RAB30,rab_gtpase,-0.13264422588549982,0.2623035148039611,0.004570809746750504
5,RAB34,rab_gtpase,0.1645152977143601,0.04976564920007276,0.0001625843784409664
5,RAB35,rab_gtpase,0.3724383665912525,0.03790595714661512,8.349928608131219e-05
5,RAB36,rab_gtpase,-0.06803311283107626,0.08975147810320018,0.0005411110420321386
5,RAB38,rab_gtpase,0.5699547862248087,0.0938039593067883,0.00040089544854460257
5,RAB39B,rab_gtpase,0.4440149329816487,0.11993935414064374,0.0007795213025506564
5,RAB3A,rab_gtpase,0.27772078534740685,0.06079799244546809,0.00023018128056451204
5,RAB3C,rab_gtpase,0.5181499872364431,0.1053314719213046,0.0005477246357716847
5,RAB3D,rab_gtpase,-0.10235631156818006,0.07119909464034953,0.00033849237235017426
5,RAB4A,rab_gtpase,0.24049447890882814,0.05616839624416241,0.00020056439296167738
5,RAB5A,rab_gtpase,-0.2009471000076404,0.060023077527541636,0.00023328512550890856
5,RAB5B,rab_gtpase,0.4479356953520302,0.09586530186662653,0.0004957582578991593
5,RAB6A,rab_gtpase,0.40350720845458393,0.21363542064914767,0.0025812359106858196
5,RAB6B,rab_gtpase,-0.37559037967496833,0.06150955651424107,0.00021927644701635884
5,RAB7B,rab_gtpase,0.4542644839578165,0.07820177998202024,0.00032751445925627287
5,RAB8A,rab_gtpase,-0.044245746946254064,0.05690746253268832,0.00021808973135151177
5,RAB9A,rab_gtpase,0.2840720863088349,0.06575287744768482,0.0002681926853166372
5,RAB9B,rab_gtpase,0.2969805050949036,0.07338222577703452,0.0003313255978432128
5,RASEF,rab_gtpase,0.5869849051347661,0.08168603261170651,0.00029512015971544514
5,DIRAS1,ras_gtpases,0.19090449309628205,0.06729983780150835,0.0002944890636684683
5,NRAS,ras_gtpases,0.4394914161330242,0.092771831021518,0.00046862541421965886
5,RALA,ras_gtpases,0.48463510366324974,0.05889585970975253,0.00017907849618681304
5,RALB,ras_gtpases,0.47574121871278746,0.07728175654631522,0.0003118014017829962
5,RAP1A,ras_gtpases,0.23706477853588231,0.05430174806523554,0.00018777984068607534
5,RAP1B,ras_gtpases,-0.3258659206853337,0.11655330887217999,0.0008195464331787194
5,RAP2A,ras_gtpases,-0.0941629215050982,0.07136400521400997,0.0003406159262435704
5,RAP2B,ras_gtpases,0.41502285827687607,0.0904064616643361,0.0004565632061669378
5,RAP2C,ras_gtpases,0.2507496478039668,0.051769350281586565,0.00016946500749326354
5,RASD2,ras_gtpases,0.38570982173562884,0.09257515373015861,0.0004923139353758543
5,RASL10A,ras_gtpases,0.22813804428599133,0.08428290168733768,0.0004544278379432498
5,RASL10B,ras_gtpases,0.41195684589160486,0.06114804852091223,0.00020947961923212244
5,RERGL,ras_gtpases,0.2593650159120466,0.10378197243438302,0.0006780276509601446
5,RHEB,ras_gtpases,-0.19152133881759703,0.06190102495681113,0.0002490695380489294
5,CYP20A1,cytochrome_p450,0.2838903804516094,0.05812769784046527,0.000209613707072287
5,CYP26B1,cytochrome_p450,0.3929406501717767,0.06780292297718306,0.0002623119180588107
5,CYP8B1,cytochrome_p450,0.6332226154181361,0.1341116463354295,0.0007271756297141385
5,PTGIS,cytochrome_p450,0.39587170710123304,0.07906060048347202,0.00035569077522268344
5,ARF1,arf_gtpase,0.5506105797932441,0.0870948964938904,0.00035668834835922425
5,ARF3,arf_gtpase,0.3288978377755501,0.06203099474835208,0.00023155196386714927
5,ARF5,arf_gtpase,0.549084968743532,0.15294551111155885,0.001103020203966465
5,ARF6,arf_gtpase,0.40921556764325995,0.07602063073547968,0.0003246686681483979
5,ARL1,arf_gtpase,0.1533737601744624,0.05301569246696018,0.0001851873612925825
5,ARL13B,arf_gtpase,0.1465594938682487,0.055596702045443064,0.00020408575226638082
5,ARL3,arf_gtpase,-0.2261689181506582,0.04932134998485032,0.00015574017697006504
5,ARL4A,arf_gtpase,0.29231382790719745,0.12027394817666406,0.0008929892903707382
5,ARL5A,arf_gtpase,0.3240253770878912,0.06621438074135054,0.00026478251692896304
5,ARL5B,arf_gtpase,0.43080205106010006,0.19728300414832484,0.0021408577759786107
5,ARL5C,arf_gtpase,-0.048250253304192914,0.07880745286697649,0.00041813218141950603
5,ARL6,arf_gtpase,-0.09131912083202055,0.06799414643195052,0.00030936690355376495
5,ARL8A,arf_gtpase,-0.1914929468037257,0.05232767371907038,0.00017798248080591605
5,ARL8B,arf_gtpase,0.044703822840204695,0.036872696338400394,9.155063447896516e-05
5,SAR1A,arf_gtpase,0.3239244182947421,0.09390550090477381,0.0005326680566473119
5,TRIM23,arf_gtpase,0.6343578560382387,0.15599800464110838,0.0009816465923258022
5,CDC42,rho_gtpase,0.3386181771861384,0.07605307185809453,0.00034555564900873303
5,RHOA,rho_gtpase,0.24195024163650614,0.07888720406764674,0.0003953678583256126
5,RHOB,rho_gtpase,0.32525870164717635,0.06971478960715782,0.000293259402164292
5,RHOBTB1,rho_gtpase,0.28130089143970355,0.05398655717699725,0.00018109617881345574
5,RHOG,rho_gtpase,0.3801671435413548,0.07241245706733951,0.0003026906739308499
5,RHOQ,rho_gtpase,0.6423568811215254,0.16229680093930807,0.0010443946398619453
5,RND1,rho_gtpase,0.38847911055596646,0.08538468258160564,0.00041773586563587095
5,RND3,rho_gtpase,0.20506834721125988,0.06817747221232551,0.0003004615957833412
6,HOXA1,hox,0.10898183560161462,0.07427771063406108,0.0002700755159127377
6,HOXA10,hox,0.3793710046127385,0.11516815234608115,0.0005625986578445819
6,HOXA13,hox,0.6223769278973466,0.1370584164503827,0.0005702221674649399
6,HOXA3,hox,0.4358480477793043,0.13973231280725867,0.0007837310359244398
6,HOXA4,hox,0.3732349116309891,0.18835808163990508,0.0015137199340888863
6,HOXA5,hox,-0.014042272641125267,0.08015269984933213,0.0003182132986656594
6,HOXA6,hox,0.2993229856428637,0.11572593912286618,0.0006041241235523742
6,HOXA7,hox,0.03183942559247999,0.09119518941161261,0.0004116151161637216
6,HOXB2,hox,0.2342145745618206,0.0832382757046001,0.00032442396332688084
6,HOXB4,hox,0.2474263595860495,0.12120951483314053,0.0006834147172590788
6,HOXB5,hox,0.27185814896857574,0.0996505345206243,0.0004556290857176126
6,HOXB7,hox,0.0894393011240214,0.06826916054615144,0.00022903895730774781
6,HOXB8,hox,0.30513118187087623,0.08335574835023754,0.00031217235902147866
6,HOXB9,hox,0.12262862671270303,0.08527637981312812,0.00035485644767696556
6,HOXC11,hox,0.38889707685446445,0.11724560642313152,0.0005780982900250864
6,HOXC12,hox,0.44738940965513646,0.09288323785443717,0.0003418629865060696
6,HOXC4,hox,0.33459312749956366,0.09189716656512768,0.00037155204168815015
6,HOXC5,hox,0.22498361832551717,0.14672173873331565,0.0010128581872919096
6,HOXC6,hox,0.0827803687947253,0.10053494717519385,0.0004973411417912299
6,HOXC8,hox,0.12783591061299657,0.08158132802490026,0.00032433562183309395
6,HOXC9,hox,0.14331929764903437,0.11092554247646548,0.0005971423629335115
6,HOXD10,hox,0.20559814002367324,0.06814762562999464,0.0002203386492355408
6,HOXD11,hox,0.5367084796055782,0.173652300206819,0.0010639876278939475
6,HOXD12,hox,0.5385819711629126,0.1457755915023562,0.00074755945508298
6,HOXD13,hox,0.463020357503655,0.12612939460540137,0.0006192611849240581
6,HOXD4,hox,0.26678662410202353,0.13435792411544917,0.0008308821604112726
6,RAB10,rab_gtpase,-0.006872556225051415,0.08980745578903233,0.0003995669894406584
6,RAB11A,rab_gtpase,0.0797231050099813,0.13225646582631767,0.0008612918982962015
6,RAB14,rab_gtpase,-0.14959978881806574,0.057279582911057364,0.00015889227660159655
6,RAB15,rab_gtpase,0.4923425882576654,0.07783239436969924,0.00022735681330032786
6,RAB18,rab_gtpase,0.3302875485541236,0.06783904157503498,0.00020311218072111004
6,RAB1A,rab_gtpase,-0.18629701569966037,0.05091166065878497,0.00012394224044809388
6,RAB1B,rab_gtpase,0.5665363332155543,0.07518783320664972,0.00019016393758053418
6,RAB20,rab_gtpase,0.37936086490404114,0.12661878634019538,0.00068007937976855
6,RAB22A,rab_gtpase,0.10389393377014781,0.1281625184539803,0.0008051601239962292
6,RAB23,rab_gtpase,-0.06168508682449655,0.06979057738119424,0.0002403746544452634
6,RAB24,rab_gtpase,0.6480955830764573,0.1430156586014245,0.0005877606379649514
6,RAB25,rab_gtpase,0.4124543470730961,0.1420756448371339,0.0008301071531181536
6,RAB27A,rab_gtpase,-0.30268960676508816,0.12179018408300575,0.0006676290307432442
6,RAB27B,rab_gtpase,-0.07583733902782817,0.0595068331653466,0.0001744074918473837
6,RAB29,rab_gtpase,0.09917767943159729,0.35203329376741177,0.006096758443913219
6,RAB2B,rab_gtpase,0.41252421264223815,0.07676397208927932,0.00024224337636047366
6,RAB30,rab_gtpase,0.05498285138454003,0.2354311211290231,0.002740987101841119
6,RAB34,rab_gtpase,0.16501073413092274,0.05868663137109724,0.00016596777743682622
6,RAB35,rab_gtpase,0.4313513291495435,0.04406098016102814,7.827338829191621e-05
6,RAB36,rab_gtpase,0.20961690604362876,0.13287172620820129,0.000836432436729484
6,RAB38,rab_gtpase,0.4982060928997036,0.09805281353837375,0.00035809098067984824
6,RAB39B,rab_gtpase,0.4032650137335029,0.15358153108304,0.0009788369218961535
6,RAB3A,rab_gtpase,0.2643973310643064,0.06872180493711103,0.00021760145273153064
6,RAB3C,rab_gtpase,0.3013643126942378,0.11150037657600838,0.0005600444674048743
6,RAB3D,rab_gtpase,0.023059345495062167,0.0819499612919218,0.00033253494066332046
6,RAB4A,rab_gtpase,0.07548631460581276,0.07986370344025204,0.000314183886582442
6,RAB5A,rab_gtpase,-0.18812326218204367,0.08755045824742638,0.00036630812256943646
6,RAB5B,rab_gtpase,0.49024741186208937,0.11223724528062017,0.00047412552383974127
6,RAB6A,rab_gtpase,0.20820361579406857,0.21495407745823072,0.0021918952740549447
6,RAB6B,rab_gtpase,-0.42125994280910545,0.0808146847027987,0.00026613008487674783
6,RAB7B,rab_gtpase,0.4587792521594667,0.09669332530351014,0.00036570843830008304
6,RAB8A,rab_gtpase,0.16879478638757062,0.0732488436354143,0.000258227625590024
6,RAB9A,rab_gtpase,0.16540275173118324,0.07774966422937707,0.00029128078883988717
6,RAB9B,rab_gtpase,0.303253439754492,0.087569935431933,0.0003449746983711366
6,RASEF,rab_gtpase,0.5862658007922379,0.10050800156888803,0.00032844945106125234
6,DIRAS1,ras_gtpases,0.4152678795954621,0.09654097480085584,0.0003821206428497037
6,NRAS,ras_gtpases,0.33711252269895925,0.10416353609489773,0.00047647622234558984
6,RALA,ras_gtpases,0.47828517106653506,0.0649634506922553,0.0001612364176794001
6,RALB,ras_gtpases,0.4935949464231175,0.09725971252475407,0.000354464186097303
6,RAP1A,ras_gtpases,0.29503753880334116,0.07192382578857479,0.00023396089362337502
6,RAP1B,ras_gtpases,-0.33259353746008974,0.17153421440282648,0.0012970894638333341
6,RAP2A,ras_gtpases,0.08153934327914689,0.06858000186488769,0.00023144440167599534
6,RAP2B,ras_gtpases,0.32244263950670404,0.10095093085669872,0.0004524185194851871
6,RAP2C,ras_gtpases,0.3103589708320382,0.05750737133731103,0.0001480441032466473
6,RASD2,ras_gtpases,0.5231930800575435,0.16018609641710496,0.0009235199570507557
6,RASL10A,ras_gtpases,0.11768623429211586,0.1257360338926526,0.0007725539486669319
6,RASL10B,ras_gtpases,0.28291927066201283,0.06637811587150019,0.00020079799943717447
6,RERGL,ras_gtpases,0.178356633536387,0.1336070844397198,0.000856453225316578
6,RHEB,ras_gtpases,-0.16281542164678606,0.07190201587317502,0.00024932557779933084
6,CYP20A1,cytochrome_p450,0.20203686447698027,0.06951497867743632,0.00022961794262010837
6,CYP26B1,cytochrome_p450,0.4961039721240694,0.08424450229494912,0.00026505863912784644
6,CYP8B1,cytochrome_p450,0.6253165294615425,0.18200693773020363,0.000999756128575835
6,PTGIS,cytochrome_p450,0.5398589876560559,0.12234472997595829,0.0005254786860281468
6,ARF1,arf_gtpase,0.6021711858791063,0.1285515350695537,0.0005218811139474644
6,ARF3,arf_gtpase,0.0702487283562579,0.07289325504723435,0.0002619278179430973
6,ARF5,arf_gtpase,0.4296900209114393,0.14231642287939217,0.0008183501919432068
6,ARF6,arf_gtpase,0.39199465265997363,0.08721412427620986,0.0003189234313214495
6,ARL1,arf_gtpase,0.06128107468604451,0.06360096324744613,0.00019963435759762227
6,ARL13B,arf_gtpase,0.1326241723607434,0.05983095397612458,0.00017421333003642125
6,ARL3,arf_gtpase,-0.3089632843685453,0.06283428647322528,0.00017691266939956485
6,ARL4A,arf_gtpase,0.1876399741274091,0.14273994572466453,0.0009741695501495062
6,ARL5A,arf_gtpase,0.2961896926535605,0.07937994634294336,0.00028477783645097787
6,ARL5B,arf_gtpase,0.3138393361392116,0.16766657336064317,0.001256123842875545
6,ARL5C,arf_gtpase,-0.24577285356267606,0.10153022687711312,0.00047988205301952025
6,ARL6,arf_gtpase,-0.12300847439316655,0.08750364200602198,0.00037360301978817123
6,ARL8A,arf_gtpase,-0.23903079116072792,0.0656143469115813,0.00020108933002738194
6,ARL8B,arf_gtpase,-0.04335003389719612,0.04425114253457044,9.68170064784557e-05
6,SAR1A,arf_gtpase,0.2907026246903972,0.10134411313440252,0.00046585560456546826
6,TRIM23,arf_gtpase,0.46372264803142305,0.17558346347774942,0.0011994290339147895
6,CDC42,rho_gtpase,0.27617743931100913,0.09255743184977601,0.0003920572300223357
6,RHOA,rho_gtpase,0.33295787517701575,0.10526422388592095,0.0004881303770946088
6,RHOB,rho_gtpase,0.5650077299764097,0.08903647988163359,0.00026735641170072544
6,RHOBTB1,rho_gtpase,0.30651031278301755,0.06084591948606753,0.00016616915271472354
6,RHOG,rho_gtpase,0.3962867019722894,0.08661802959917038,0.00031332030520203613
6,RHOQ,rho_gtpase,0.556601209772862,0.1523356099397983,0.0007936804328000369
6,RND1,rho_gtpase,0.2706548590319589,0.09974828380269396,0.0004568454761881835
6,RND3,rho_gtpase,0.016781345085256902,0.07372108853385789,0.0002691647383281648
7,HOXA1,hox,0.10555482472528245,0.08158865478327541,0.00021942343128100728
7,HOXA10,hox,0.36904784138585695,0.12606691178061316,0.0004576763543044926
7,HOXA13,hox,0.6823993567408706,0.16165985773073174,0.00046554080289951116
7,HOXA3,hox,0.4702037968040236,0.1516613289095352,0.0005973207734718544
7,HOXA4,hox,0.29522269915773885,0.22124707651504474,0.001490448592064486
7,HOXA5,hox,-0.060668291456140694,0.08809704901491083,0.00025776210155847856
7,HOXA6,hox,0.31241872332182397,0.12307973887054859,0.00045573287831468523
7,HOXA7,hox,0.0005894806119974712,0.09965292938218995,0.0003310500654545301
7,HOXB2,hox,0.06542731942789996,0.09754918808772642,0.00031585999124661424
7,HOXB4,hox,0.035286372436867955,0.13980097228708224,0.0006508223202738028
7,HOXB5,hox,0.36972311969729804,0.11159338049694777,0.000358393941151558
7,HOXB7,hox,-0.13161263801943346,0.08457254110921715,0.00023429483762793524
7,HOXB8,hox,0.4115838032996686,0.09158016944897306,0.00023221292826502982
7,HOXB9,hox,-0.010876291774940074,0.09540172046627626,0.0003033672632465345
7,HOXC11,hox,0.5540104990871612,0.15154514804250377,0.0005306640911642013
7,HOXC12,hox,0.44402409021431694,0.10210760438026684,0.00027902876594365633
7,HOXC4,hox,0.3395910393682128,0.10079307774914427,0.00029960804143858155
7,HOXC5,hox,0.36109787691098905,0.17264618738454465,0.0008643053299922654
7,HOXC6,hox,-0.1029338876038526,0.10982974407569729,0.00039787080912878636
7,HOXC8,hox,0.36347934037041774,0.10476305329412666,0.00031753245017707155
7,HOXC9,hox,0.14265791611064443,0.12048510379485353,0.00047411298374178124
7,HOXD10,hox,0.38501642392392665,0.07920048212231358,0.00017809616323782862
7,HOXD11,hox,0.615640759937205,0.20657005268595766,0.0008835895201847466
7,HOXD12,hox,0.5947756341336772,0.1706916951585878,0.0006277663925784438
7,HOXD13,hox,0.41700525591790744,0.13603237048013242,0.0005096512729465541
7,HOXD4,hox,0.19453944587233815,0.14745325008379256,0.0006975040852552628
7,RAB10,rab_gtpase,-0.12148165392020534,0.10343859511598061,0.0003514198986758199
7,RAB11A,rab_gtpase,-0.16265565691308384,0.1522606260607087,0.0007525505268866084
7,RAB14,rab_gtpase,-0.4055181273235488,0.0728928867286856,0.0001479855461996582
7,RAB15,rab_gtpase,0.46177527599629004,0.08341176665852326,0.00018246531273968802
7,RAB18,rab_gtpase,0.30586370857640893,0.0707543472030329,0.00015125979395147482
7,RAB1A,rab_gtpase,-0.33570814017373335,0.05763931244171999,9.825874680902125e-05
7,RAB1B,rab_gtpase,0.6505888453000149,0.08463630531645013,0.0001377085056311067
7,RAB20,rab_gtpase,0.40256788725356907,0.13927467022151507,0.0005418963376774277
7,RAB22A,rab_gtpase,0.1131586059880761,0.13597962722268447,0.0006085897975012244
7,RAB23,rab_gtpase,-0.27556412986981893,0.08360831550192308,0.00021532266557566793
7,RAB24,rab_gtpase,0.7487684553777425,0.19296679057083654,0.0005454210267546999
7,RAB25,rab_gtpase,0.5944564218010557,0.19783701046984137,0.0008438987629448835
7,RAB27A,rab_gtpase,-0.5035908720759885,0.1553482093658729,0.0006005569103035846
7,RAB27B,rab_gtpase,-0.02374973943221119,0.0650758927932095,0.00014108072101415292
7,RAB29,rab_gtpase,0.22055850395897023,0.3985262839803845,0.005048886390753071
7,RAB2B,rab_gtpase,0.39703376057653444,0.08620297498465676,0.00020865630608157826
7,RAB30,rab_gtpase,0.27122128795003064,0.2708214642025104,0.0022673440346095974
7,RAB34,rab_gtpase,0.21678869665983241,0.0670836778866613,0.00014295543906650554
7,RAB35,rab_gtpase,0.5572411298272865,0.053999201025986654,6.701224278049533e-05
7,RAB36,rab_gtpase,0.26230061081577555,0.1413105187025371,0.000619965666535327
7,RAB38,rab_gtpase,0.5193822446861546,0.10779048147274002,0.00028283353352365204
7,RAB39B,rab_gtpase,0.5964860314524718,0.25003284477127896,0.001343233130813526
7,RAB3A,rab_gtpase,0.259250270101933,0.07130512845950564,0.00015808884070733775
7,RAB3C,rab_gtpase,0.4964651145722381,0.1460403282141089,0.0005357965605911064
7,RAB3D,rab_gtpase,-0.18305116931320428,0.0964789819699222,0.00029989604103963785
7,RAB4A,rab_gtpase,-0.27478215109913556,0.1054978597879123,0.0003430109973731055
7,RAB5A,rab_gtpase,-0.4800648880202536,0.12974912877025457,0.0004318912393656005
7,RAB5B,rab_gtpase,0.5090865250671126,0.12084566884616346,0.00036066283726643444
7,RAB6A,rab_gtpase,0.4537087597863737,0.3002249718986257,0.002388669530772769
7,RAB6B,rab_gtpase,-0.5875269295443781,0.1051062822880206,0.0002411394208489126
7,RAB7B,rab_gtpase,0.5757659849749179,0.13357089681218656,0.00039760243586162147
7,RAB8A,rab_gtpase,0.3973987898887082,0.09003354424707323,0.00022753607630765504
7,RAB9A,rab_gtpase,0.23252162589656059,0.08626648618166698,0.00023465924444432407
7,RAB9B,rab_gtpase,0.3575756341488708,0.09530211305335834,0.0002640524723825921
7,RASEF,rab_gtpase,0.6756431417091584,0.12070635602116316,0.0002639757421859512
7,DIRAS1,ras_gtpases,0.5833540070300814,0.12670106647308924,0.0003530402657796472
7,NRAS,ras_gtpases,0.5371186165541346,0.14986231635978486,0.0005327451141657891
7,RALA,ras_gtpases,0.40345835774115607,0.06755444824781684,0.00012735548436504374
7,RALB,ras_gtpases,0.6257563191474738,0.11992214801351168,0.0002916848446961051
7,RAP1A,ras_gtpases,0.5348188009376147,0.10272695092929987,0.00025115648623308395
7,RAP1B,ras_gtpases,-0.6116388814747591,0.31815779180047166,0.0021139255116756628
7,RAP2A,ras_gtpases,-0.1876450347217741,0.0772403751825936,0.00019186895440426177
7,RAP2B,ras_gtpases,0.25011423611203865,0.10413024329111,0.0003388550486778108
7,RAP2C,ras_gtpases,0.3439451936730199,0.061229135748625235,0.00011018022676378969
7,RASD2,ras_gtpases,0.6759693954137147,0.22418037132717222,0.0009100950452151091
7,RASL10A,ras_gtpases,-0.21437065049534684,0.16130958418839714,0.00082777229746267
7,RASL10B,ras_gtpases,0.20515351884119645,0.06832274653803734,0.00014904946651916884
7,RERGL,ras_gtpases,0.36217930372497664,0.16526294410674364,0.0007912204396193223
7,RHEB,ras_gtpases,-0.3742141021199498,0.08507587569190705,0.0002074817405213203
7,CYP20A1,cytochrome_p450,-0.04828189082437588,0.08290312465829792,0.00022857022143718542
7,CYP26B1,cytochrome_p450,0.42122201557363975,0.09019274472170231,0.00022305264182753692
7,CYP8B1,cytochrome_p450,0.727355039823933,0.26742337261262145,0.0011232167671304527
7,PTGIS,cytochrome_p450,0.5998935916565066,0.1324778584653044,0.0003745211387335967
7,ARF1,arf_gtpase,0.6930379530884021,0.15665264257469258,0.00042516837956563247
7,ARF3,arf_gtpase,-0.11950413131811918,0.08116899529168828,0.0002164821896065705
7,ARF5,arf_gtpase,0.6024734550224868,0.18272225565178343,0.0007091460488165557
7,ARF6,arf_gtpase,0.2511999340646542,0.09161088571241265,0.00026211113337704095
7,ARL1,arf_gtpase,0.025663305797743903,0.06792434628437213,0.0001536880085653003
7,ARL13B,arf_gtpase,-0.02699584266980415,0.06909546078571772,0.0001590225619824137
7,ARL3,arf_gtpase,-0.5347015728357315,0.08737740235488096,0.00018173352201444892
7,ARL4A,arf_gtpase,0.061928126260532484,0.15298912881360247,0.0007774331029791748
7,ARL5A,arf_gtpase,0.2163186769248358,0.08571655630864311,0.00023345801929552934
7,ARL5B,arf_gtpase,0.40440636629123616,0.18302143363662016,0.0009343110168595903
7,ARL5C,arf_gtpase,-0.3728794181541076,0.12189043346856751,0.0004264391790995692
7,ARL6,arf_gtpase,-0.43343899522422275,0.12627421585559837,0.0004317087056892044
7,ARL8A,arf_gtpase,-0.4800894048515178,0.08554225147436381,0.0001876983817241662
7,ARL8B,arf_gtpase,-0.29018021434421254,0.054851529710818456,9.184123316008375e-05
7,SAR1A,arf_gtpase,0.414007507450438,0.11998985022271887,0.00039770491299151445
7,TRIM23,arf_gtpase,0.6374772275400391,0.25586809703150915,0.0012961826107303898
7,CDC42,rho_gtpase,0.4805057220157158,0.11599640782848801,0.0003449821738507053
7,RHOA,rho_gtpase,0.4764980893833126,0.11661839690020757,0.00035043154510239205
7,RHOB,rho_gtpase,0.6512149063949451,0.10643876596136366,0.00021749546505611672
7,RHOBTB1,rho_gtpase,0.26489900144768086,0.06709312211609768,0.00013951823073565794
7,RHOG,rho_gtpase,0.15137671377513223,0.09636999177850032,0.0003024987044986105
7,RHOQ,rho_gtpase,0.6682414028902471,0.18769014437965997,0.0006500503474700103
7,RND1,rho_gtpase,0.3638922494517386,0.1121814750401104,0.00036397695024825705
7,RND3,rho_gtpase,-0.06732710930472753,0.0808006905399472,0.00021664360901396673
8,HOXA1,hox,-0.060704078682766116,0.10007176595811111,0.00022336428955782583
8,HOXA10,hox,0.29278038689745267,0.14107002460816512,0.00040736380157535557
8,HOXA13,hox,0.7387263124369684,0.19971993860787843,0.0004056983926014057
8,HOXA3,hox,0.43090499227443885,0.17804556879028072,0.00057800138067432
8,HOXA4,hox,0.12558849091014185,0.26985239433774383,0.0016056182245834938
8,HOXA5,hox,-0.004741524823363662,0.10131056787635853,0.0002297709210856702
8,HOXA6,hox,0.2290978319313022,0.13779997006697214,0.00040282543070357946
8,HOXA7,hox,-0.06533950860053224,0.11502093307465744,0.00029492064153313624
8,HOXB2,hox,0.11252010241083922,0.11842592000729253,0.0003100078431540476
8,HOXB4,hox,-0.15138990148567727,0.17856409447444319,0.0006976150278409365
8,HOXB5,hox,0.4595200931037112,0.13406675232036877,0.00031742868964412807
8,HOXB7,hox,-0.14214111699512014,0.09649860515760784,0.00020425254598721576
8,HOXB8,hox,0.44322387718503065,0.10497626364917864,0.00019823713459499182
8,HOXB9,hox,-0.0794835493141733,0.1083967851448791,0.00026138615619586414
8,HOXC11,hox,0.6484491689374582,0.20721937918725625,0.0005571740275649439
8,HOXC12,hox,0.46891547475531814,0.11832029120603854,0.00024449919930502606
8,HOXC4,hox,0.3293517255301599,0.11545193925237314,0.00026603598512420223
8,HOXC5,hox,0.5186685006136184,0.2429767114371412,0.0009664778830028586
8,HOXC6,hox,-0.08941726477591148,0.11875205245674327,0.00031319106311000766
8,HOXC8,hox,0.5083344784600545,0.1532855878402445,0.0003901217959980663
8,HOXC9,hox,0.20702458598810763,0.14251087253371056,0.00043522294904074776
8,HOXD10,hox,0.4453605070562357,0.09283518572933844,0.00015466470385294695
8,HOXD11,hox,0.671348874773737,0.2649343389221427,0.0008633993137339147
8,HOXD12,hox,0.6775420516103776,0.2298092154228349,0.0006396843751954595
8,HOXD13,hox,0.4851444897742925,0.16813105285359206,0.0004839499756910115
8,HOXD4,hox,0.08889005123593458,0.17854254690802393,0.0007081699711731781
8,RAB10,rab_gtpase,-0.16232845363957135,0.123813533554647,0.00033416185321155645
8,RAB11A,rab_gtpase,-0.22307982565708184,0.1696392568022874,0.0006122972876928534
8,RAB14,rab_gtpase,-0.542219174238141,0.10177103473840954,0.00016369411141903267
8,RAB15,rab_gtpase,0.45767177358458555,0.09470399491894764,0.00015872248405779388
8,RAB18,rab_gtpase,0.3023509222688319,0.0785905168277357,0.00012562557101347682
8,RAB1A,rab_gtpase,-0.4823274101563079,0.0738018274089851,9.356195556808888e-05
8,RAB1B,rab_gtpase,0.669937101176076,0.09344124689974127,0.00010773154803056517
8,RAB20,rab_gtpase,0.5085211905696106,0.17323109424820343,0.0004981515989146423
8,RAB22A,rab_gtpase,-0.036073313498232625,0.1566665200723351,0.0005488472784035414
8,RAB23,rab_gtpase,-0.399024639080949,0.10138548971045531,0.00019347331970842596
8,RAB24,rab_gtpase,0.7830280173891756,0.24652411285497675,0.000526429713864851
8,RAB25,rab_gtpase,0.6682331555628442,0.24203205912501427,0.0007260033634747254
8,RAB27A,rab_gtpase,-0.5880672690103861,0.1960631107783447,0.0005630600190792423
8,RAB27B,rab_gtpase,-0.12132018000548746,0.07382078080753582,0.00012019574483013162
8,RAB29,rab_gtpase,0.11740751187664868,0.4416541719687937,0.004315389573968931
8,RAB2B,rab_gtpase,0.4435865090528371,0.10068917256425616,0.0001823018311525315
8,RAB30,rab_gtpase,0.4171381197141659,0.331453737250393,0.002033344035207496
8,RAB34,rab_gtpase,0.2120338710803298,0.07830548950005557,0.0001310933385948454
8,RAB35,rab_gtpase,0.5934457378152487,0.061985168673893774,5.571715129448762e-05
8,RAB36,rab_gtpase,0.21179966556474844,0.15757664675205063,0.0005310212611011611
8,RAB38,rab_gtpase,0.5705176918037241,0.12368285562344057,0.00023099507194712654
8,RAB39B,rab_gtpase,0.6818392645543587,0.3229079468813839,0.0012496989993914243
8,RAB3A,rab_gtpase,0.1693100726553127,0.07788285730151409,0.00013189443193617478
8,RAB3C,rab_gtpase,0.6081265531527627,0.19176813315979985,0.0005188921065085728
8,RAB3D,rab_gtpase,-0.300509798567219,0.11592049664682004,0.00027366584142352046
8,RAB4A,rab_gtpase,-0.3722783526360335,0.1228329746752499,0.0002909697746599216
8,RAB5A,rab_gtpase,-0.6054573630306976,0.17481232548225428,0.00043338749033117185
8,RAB5B,rab_gtpase,0.5630000557423281,0.14142134148778984,0.00030583143917606304
8,RAB6A,rab_gtpase,0.4935040628484985,0.38247396808813383,0.0024801071986934042
8,RAB6B,rab_gtpase,-0.6664674526969576,0.13681920553873725,0.00023292987879153237
8,RAB7B,rab_gtpase,0.6393582904710787,0.1706669077900192,0.0003855472727163356
8,RAB8A,rab_gtpase,0.5024577389401699,0.1142535066740648,0.0002184561067970492
8,RAB9A,rab_gtpase,0.47968053844845343,0.11604707400096441,0.00023211449392523953
8,RAB9B,rab_gtpase,0.3802750926495634,0.10549793069598688,0.00021312981131893505
8,RASEF,rab_gtpase,0.7212912373209089,0.1621059814998854,0.0002822342948989309
8,DIRAS1,ras_gtpases,0.6435795285876276,0.1735469226893094,0.0003950193923729639
8,NRAS,ras_gtpases,0.632219688934572,0.20709040474826407,0.0005764447206737522
8,RALA,ras_gtpases,0.32293017776523814,0.07344137601583217,0.00010814860174368501
8,RALB,ras_gtpases,0.6875788414589892,0.1457425014907072,0.0002507129844725453
8,RAP1A,ras_gtpases,0.6424675397415456,0.15035409440163328,0.00029720271012989574
8,RAP1B,ras_gtpases,-0.7158775384753286,0.4893020076901857,0.0026161325468938568
8,RAP2A,ras_gtpases,-0.32016642113330107,0.09501543693614947,0.0001813862890074347
8,RAP2B,ras_gtpases,0.175857757101803,0.11162608652058206,0.00027032891417422267
8,RAP2C,ras_gtpases,0.2991871996881573,0.06685004194658696,9.108405118096741e-05
8,RASD2,ras_gtpases,0.7233329002844273,0.2809939679491107,0.00084304202887453
8,RASL10A,ras_gtpases,-0.3472200537980136,0.2057006817684596,0.0008333035369763042
8,RASL10B,ras_gtpases,0.10425202276763637,0.07610213898210562,0.00012823927294236537
8,RERGL,ras_gtpases,0.45323289479560835,0.20690238212604226,0.0007616920865465282
8,RHEB,ras_gtpases,-0.49667570579334785,0.10433955220164437,0.0001835941509022998
8,CYP20A1,cytochrome_p450,-0.1829167301042647,0.10027275183861023,0.0002175599936972139
8,CYP26B1,cytochrome_p450,0.3585415050151231,0.1008528833914271,0.00019842968087868673
8,CYP8B1,cytochrome_p450,0.7665688631599298,0.39944127345139235,0.0014738756046838164
8,PTGIS,cytochrome_p450,0.5840872430585659,0.15110548554564582,0.0003367909177750539
8,ARF1,arf_gtpase,0.7269809340158625,0.20417252216571888,0.00044006427047305063
8,ARF3,arf_gtpase,-0.19895301387470032,0.08849246714561604,0.0001683661401177261
8,ARF5,arf_gtpase,0.6586169923298426,0.21488327695730047,0.0005854176614851214
8,ARF6,arf_gtpase,0.22887997308923838,0.0982684645925436,0.00020485648134982437
8,ARL1,arf_gtpase,0.13380886622444058,0.07874008011485485,0.00013630767812822242
8,ARL13B,arf_gtpase,-0.17108941023962804,0.07914107954517632,0.0001361058119559999
8,ARL3,arf_gtpase,-0.6307043278969923,0.12106272248875359,0.00019758713072492995
8,ARL4A,arf_gtpase,0.14232939404885775,0.17249384976416726,0.0006527491377530392
8,ARL5A,arf_gtpase,0.1709291724913425,0.09970363370485262,0.00021604120006757377
8,ARL5B,arf_gtpase,0.41883974297830284,0.19820989016879456,0.0007254088935021441
8,ARL5C,arf_gtpase,-0.33594802143935143,0.13663719357570586,0.0003708134379147854
8,ARL6,arf_gtpase,-0.573765067631532,0.1904657178425646,0.000544861774794958
8,ARL8A,arf_gtpase,-0.612737182984949,0.11880622059309098,0.00019734950851912902
8,ARL8B,arf_gtpase,-0.4639058706283282,0.07621132003101644,0.00010203772384953513
8,SAR1A,arf_gtpase,0.38185206535038807,0.13369935060594043,0.00034184736801723403
8,TRIM23,arf_gtpase,0.6901882068574372,0.3171560421968669,0.0011797247045771675
8,CDC42,rho_gtpase,0.5970451063606116,0.1498130151160801,0.00032336153780077037
8,RHOA,rho_gtpase,0.5305400404127406,0.13838102058069435,0.0003080410814289003
8,RHOB,rho_gtpase,0.6971060059612115,0.12468705409439508,0.0001789067162223379
8,RHOBTB1,rho_gtpase,0.4330499744050431,0.08351221677295873,0.00012684668348927897
8,RHOG,rho_gtpase,0.06580060839561051,0.10612024375018116,0.00025102210467009556
8,RHOQ,rho_gtpase,0.71540727244627,0.22899666480192768,0.0005732172910054567
8,RND1,rho_gtpase,0.4974206910620929,0.14569224198299388,0.00035763860116466706
8,RND3,rho_gtpase,-0.1306814827379081,0.09511331099794464,0.00019906296641969412
9,HOXA1,hox,-0.7608417326078788,0.19038502425834902,4.343113230609319e-06
9,HOXA10,hox,-0.6010046773562951,0.23397837911827668,9.950455063800767e-06
9,HOXA13,hox,0.9792248086271185,0.8222494236831188,7.910026761037692e-06
9,HOXA3,hox,-0.9337723955236839,0.7169223000495021,1.8729301003994614e-05
9,HOXA4,hox,0.989465299886112,3.3468404754543926,6.679931317621346e-05
9,HOXA5,hox,-0.6223793794608057,0.1600189406460146,4.463553978872881e-06
9,HOXA6,hox,-0.8729657177138551,0.35313246336291115,8.442222775850716e-06
9,HOXA7,hox,-0.9761702663867915,0.7303182178567609,7.146580485728471e-06
9,HOXB2,hox,-0.8619028110161765,0.35494188362930307,9.216950764501242e-06
9,HOXB4,hox,-0.971727866864312,1.0417331935590786,1.7212787824405495e-05
9,HOXB5,hox,-0.9154810781439829,0.42101895090398667,8.165180652164317e-06
9,HOXB7,hox,-0.9750693417668258,0.6365508224428466,5.6769152840807635e-06
9,HOXB8,hox,-0.20090992612925668,0.11270653470016104,3.4684388205974415e-06
9,HOXB9,hox,0.07468272520067602,0.13035400348365395,4.807836061160309e-06
9,HOXC11,hox,-0.038349193757739174,0.22097377883377903,1.38731233680911e-05
9,HOXC12,hox,0.9383431113044749,0.3558087835153583,4.305022703543493e-06
9,HOXC4,hox,0.8804111250468125,0.2971400225572635,5.649318281619742e-06
9,HOXC5,hox,0.041602998671814446,0.3067089372246021,2.671992610769891e-05
9,HOXC6,hox,0.24314016443667572,0.13726426030277689,5.0440632219928005e-06
9,HOXC8,hox,0.9597664672669085,0.5581458238711167,6.989052256822781e-06
9,HOXC9,hox,-0.29738949069984255,0.1987319116509527,1.0243571010981611e-05
9,HOXD10,hox,-0.8073441850716534,0.1699877863166736,2.862779949652783e-06
9,HOXD11,hox,-0.8790459609626825,0.7898522441026217,4.0344763371669146e-05
9,HOXD12,hox,-0.0719271601222786,0.2558186996484707,1.8524430084543297e-05
9,HOXD13,hox,-0.9566341154707046,1.0571948378508351,2.698377323129275e-05
9,HOXD4,hox,-0.9830620795152711,1.767808300825789,2.9867724977816756e-05
9,RAB10,rab_gtpase,0.9888140676542234,2.0193490947550408,2.581212177577008e-05
9,RAB11A,rab_gtpase,0.11715522502160058,0.171145788806756,8.219795492259152e-06
9,RAB14,rab_gtpase,-0.11867885164034396,0.10782776377911311,3.2615981007122485e-06
9,RAB15,rab_gtpase,-0.271012495110539,0.10873824826783074,3.1171964056664336e-06
9,RAB18,rab_gtpase,-0.15110925223679367,0.09482296745449866,2.4999129878411352e-06
9,RAB1A,rab_gtpase,-0.05144213097283424,0.0747897314762531,1.5873124384890858e-06
9,RAB1B,rab_gtpase,-0.5461300048512745,0.12175643246583315,2.9599942932279077e-06
9,RAB20,rab_gtpase,-0.9855797215960852,2.450466251081226,4.8921297729376256e-05
9,RAB22A,rab_gtpase,0.9883678258429967,5.573888899151879,0.00020447845905591233
9,RAB23,rab_gtpase,-0.7225110661828175,0.14025926274801595,2.6754712844079265e-06
9,RAB24,rab_gtpase,-0.07391508868325611,0.20418173361137995,1.1797391960888248e-05
9,RAB25,rab_gtpase,0.5024567624774291,0.22607968659423297,1.0871442591375846e-05
9,RAB27A,rab_gtpase,-0.9120019442602851,0.402396377198414,7.751756720186798e-06
9,RAB27B,rab_gtpase,-0.737595070592993,0.1260143481791089,2.060107711199244e-06
9,RAB29,rab_gtpase,0.9765360912714414,17.167863908551787,0.003896848927678609
9,RAB2B,rab_gtpase,0.0692193957960082,0.11352419133196218,3.649393549909341e-06
9,RAB30,rab_gtpase,-0.9928504599432019,11.241603050172348,0.0005124476646911624
9,RAB34,rab_gtpase,0.2899728657376393,0.09512109143452659,2.3579717807198364e-06
9,RAB35,rab_gtpase,-0.07627775333992422,0.07156827419381978,1.448892256505907e-06
9,RAB36,rab_gtpase,0.3596946650159276,0.1933918140684468,9.264790873153572e-06
9,RAB38,rab_gtpase,-0.9460983843104808,0.5574004212607392,9.273252704278256e-06
9,RAB39B,rab_gtpase,0.9770334000777905,1.3312365050143786,2.289575875358274e-05
9,RAB3A,rab_gtpase,-0.8633207532577717,0.19454331362564814,2.7425359657717863e-06
9,RAB3C,rab_gtpase,-0.8774807038371554,0.46141835357132627,1.3934829278916538e-05
9,RAB3D,rab_gtpase,0.8817531733932947,0.3080500104850436,6.007929565732262e-06
9,RAB4A,rab_gtpase,0.35007158604966465,0.13107515313712859,4.289364180953825e-06
9,RAB5A,rab_gtpase,0.9567350150499969,0.7558376469833474,1.376123849416988e-05
9,RAB5B,rab_gtpase,-0.09183389818851005,0.15561589795612493,6.832194030192973e-06
9,RAB6A,rab_gtpase,0.9704939006030416,2.1693588329086473,7.785661399495325e-05
9,RAB6B,rab_gtpase,-0.3249198275838901,0.13757551961427225,4.816784783256978e-06
9,RAB7B,rab_gtpase,0.989948858229807,1.0830723547655652,6.6757893675273294e-06
9,RAB8A,rab_gtpase,-0.25944407445112055,0.10805350705185277,3.0984470338335512e-06
9,RAB9A,rab_gtpase,-0.8438820606785868,0.2581918946620125,5.460108394639285e-06
9,RAB9B,rab_gtpase,-0.9661594880486645,0.572415644479916,6.20310203813812e-06
9,RASEF,rab_gtpase,0.7377772113819433,0.2272518501463729,6.695912338150478e-06
9,DIRAS1,ras_gtpases,-0.03373783778812262,0.14677829021533703,6.1229298725651304e-06
9,NRAS,ras_gtpases,0.9938636101435713,2.2996906304787874,1.8411117118199982e-05
9,RALA,ras_gtpases,-0.5509387082735233,0.10113915701912647,2.0270678066092174e-06
9,RALB,ras_gtpases,-0.8297289814611603,0.2854216818746193,7.221574760407634e-06
9,RAP1A,ras_gtpases,-0.49620224442307537,0.14822152830170798,4.71193236462053e-06
9,RAP1B,ras_gtpases,0.33606740208099894,0.42784953096812106,4.620334669713788e-05
9,RAP2A,ras_gtpases,0.86770576299435,0.26126439759268144,4.798879143064205e-06
9,RAP2B,ras_gtpases,-0.9613232220236518,0.5264751568407037,5.982537682580613e-06
9,RAP2C,ras_gtpases,0.22120444750723833,0.07713071489628327,1.6098885946558283e-06
9,RASD2,ras_gtpases,-0.1898189990580869,0.22976220793327765,1.4479454844673612e-05
9,RASL10A,ras_gtpases,0.22636750566302052,0.20725127312843902,1.1595278662013264e-05
9,RASL10B,ras_gtpases,-0.16619920204042768,0.08732305527973429,2.109707613162648e-06
9,RERGL,ras_gtpases,0.5287483854181966,0.2654635333631849,1.4445436223864405e-05
9,RHEB,ras_gtpases,0.4964884148129874,0.12463259476330857,3.3302416195812867e-06
9,CYP20A1,cytochrome_p450,0.6522419706636521,0.14448805407255833,3.413063451418452e-06
9,CYP26B1,cytochrome_p450,-0.46848767504899647,0.1354996725501532,4.0774621929973165e-06
9,CYP8B1,cytochrome_p450,-0.544531156947533,0.5128505049860913,5.264744206323613e-05
9,PTGIS,cytochrome_p450,0.2241418055133931,0.1665812371470815,7.498886777423941e-06
9,ARF1,arf_gtpase,-0.6199918883505066,0.24832192996148542,1.080107851425538e-05
9,ARF3,arf_gtpase,-0.923652678807526,0.2596090105457002,2.8163687786353364e-06
9,ARF5,arf_gtpase,0.9921533565652136,6.0813228557521875,0.0001645005860815285
9,ARF6,arf_gtpase,0.14583333719110783,0.11603715201460452,3.749625792637268e-06
9,ARL1,arf_gtpase,-0.2781042136103167,0.09999175705575201,2.6248147861895887e-06
9,ARL13B,arf_gtpase,0.8940503726535853,0.22291889335038118,2.8373587593888416e-06
9,ARL3,arf_gtpase,0.30582539488844995,0.12138713030356563,3.8003961275734355e-06
9,ARL4A,arf_gtpase,0.38200652035821264,0.22774999821089661,1.260498714883429e-05
9,ARL5A,arf_gtpase,0.6987941663171413,0.160760688772247,3.7626480221542025e-06
9,ARL5B,arf_gtpase,0.9882381256836823,8.832434191883205,0.0005192152428769026
9,ARL5C,arf_gtpase,-0.9366813093573253,0.4244528644558641,6.2860714064028045e-06
9,ARL6,arf_gtpase,0.9783229687600725,1.4649981018964942,2.6188204772958912e-05
9,ARL8A,arf_gtpase,0.21749658713299502,0.1151582180197405,3.5947903394006886e-06
9,ARL8B,arf_gtpase,0.16200414000825802,0.07911513254530314,1.7341951433769154e-06
9,SAR1A,arf_gtpase,0.990371723236665,3.7505841506380775,7.670543974092059e-05
9,TRIM23,arf_gtpase,0.9892373566004496,2.163962089878151,2.8525940282242424e-05
9,CDC42,rho_gtpase,-0.4440581888200102,0.1540219107357746,5.418875113294419e-06
9,RHOA,rho_gtpase,-0.4631927575708846,0.16441584112490967,6.041398161404921e-06
9,RHOB,rho_gtpase,0.9430929499071397,0.3158092543734724,3.1378989665542534e-06
9,RHOBTB1,rho_gtpase,-0.8010685710123729,0.18290235299518198,3.4103731190171516e-06
9,RHOG,rho_gtpase,0.22912823610018257,0.11910804050545751,3.82464600712229e-06
9,RHOQ,rho_gtpase,0.9915350379731865,6.930915107497601,0.00023044807750527418
9,RND1,rho_gtpase,-0.6881956641531617,0.22387705220045728,7.506796469547439e-06
9,RND3,rho_gtpase,0.12601995452586612,0.10505211001831587,3.090201188160613e-06
10,HOXA1,hox,-0.618305088544214,0.23478120579968828,9.8517698697842e-06
10,HOXA10,hox,-0.4705349274872042,0.2854877637524872,1.8361169362823837e-05
10,HOXA13,hox,0.9667367307442357,0.8100761177014795,1.242150465485814e-05
10,HOXA3,hox,-0.8889497299518888,0.7472240052040444,3.38889178502777e-05
10,HOXA4,hox,0.9795703209100376,3.3797158520823762,0.00013366896173805376
10,HOXA5,hox,-0.43345648360449707,0.18970672266410446,8.4565604522302e-06
10,HOXA6,hox,-0.8053098554637559,0.3581402876825152,1.3044084426594438e-05
10,HOXA7,hox,-0.9554470807544285,0.7248592340825541,1.3244670317047458e-05
10,HOXB2,hox,-0.7530868436012144,0.4326576260972178,2.344499641737663e-05
10,HOXB4,hox,-0.9505580227715432,1.0559156965500616,3.1112051093740156e-05
10,HOXB5,hox,-0.8481590090693918,0.4460011246737742,1.6151485421445066e-05
10,HOXB7,hox,-0.9542752685279452,0.6506863083028809,1.0946903896802418e-05
10,HOXB8,hox,-0.08314781866806457,0.15583487636858934,6.9779295516214646e-06
10,HOXB9,hox,0.020434331565941252,0.1714843953761356,8.505079333365195e-06
10,HOXC11,hox,-0.11853502468323845,0.3152444243527249,2.8350735115756365e-05
10,HOXC12,hox,0.8786879566972591,0.3736135718648589,9.204804047646675e-06
10,HOXC4,hox,0.8075870402651014,0.3229991065652948,1.0498981069639868e-05
10,HOXC5,hox,-0.037439941783335304,0.45648461672389445,6.020947779128427e-05
10,HOXC6,hox,0.27953967884265557,0.18526393329262011,9.154956087220611e-06
10,HOXC8,hox,0.9182626196636285,0.5655305758184983,1.4509511854998713e-05
10,HOXC9,hox,-0.2747200794093763,0.2995454911091596,2.4002692340263643e-05
10,HOXD10,hox,-0.6636894696528834,0.19390111311388994,6.086720387044053e-06
10,HOXD11,hox,-0.7910741008871369,0.9008688513656635,8.787326216819213e-05
10,HOXD12,hox,-0.09198592913934474,0.3373867363049929,3.2657385615419976e-05
10,HOXD13,hox,-0.9164579526863181,1.119053280675139,5.8013254287336835e-05
10,HOXD4,hox,-0.965431043348255,1.8041911778604358,6.399289840197664e-05
10,RAB10,rab_gtpase,0.9814349789197722,2.03163975201322,4.393260013113576e-05
10,RAB11A,rab_gtpase,0.07825128344996311,0.20709407297533033,1.233329826200169e-05
10,RAB14,rab_gtpase,-0.013213416561846722,0.1400692278491097,5.675701690965873e-06
10,RAB15,rab_gtpase,-0.2205322959082971,0.1439273102664882,5.702217121816844e-06
10,RAB18,rab_gtpase,-0.11127400628130424,0.11071307893915795,3.5026468181431625e-06
10,RAB1A,rab_gtpase,0.07726316312010484,0.10133800066954181,2.95361350122203e-06
10,RAB1B,rab_gtpase,-0.4625357991740465,0.1311254105191528,3.9105632102520715e-06
10,RAB20,rab_gtpase,-0.9741714757717329,2.485127350917557,9.11192721325671e-05
10,RAB22A,rab_gtpase,0.9787103200101391,5.6032732184844125,0.00038276019413729934
10,RAB23,rab_gtpase,-0.5469233564508466,0.16660623931820673,5.629021511577292e-06
10,RAB24,rab_gtpase,-0.047608436188594505,0.28988456531716755,2.425932267280384e-05
10,RAB25,rab_gtpase,0.31148498126923246,0.2806113140770385,2.05731244795615e-05
10,RAB27A,rab_gtpase,-0.8855755863753741,0.4200574467155691,1.1015167413308546e-05
10,RAB27B,rab_gtpase,-0.6656771507134374,0.1451383059049243,3.394145186685904e-06
10,RAB29,rab_gtpase,0.9553820551211439,17.264403819651346,0.007552594720238837
10,RAB2B,rab_gtpase,-0.0002188461975203208,0.13290509663237576,5.1108490226603465e-06
10,RAB30,rab_gtpase,-0.9871642801382091,11.361605484326171,0.0009531233762554159
10,RAB34,rab_gtpase,0.2879581386479464,0.137836712492674,5.04135027779018e-06
10,RAB35,rab_gtpase,-0.1259351535202699,0.07845387130501509,1.7526486489893855e-06
10,RAB36,rab_gtpase,0.23816365252964575,0.25810251553269214,1.818179908674722e-05
10,RAB38,rab_gtpase,-0.9301797283463419,0.5626920266933617,1.234616792267218e-05
10,RAB39B,rab_gtpase,0.959167544454062,1.3413856278901912,4.164876318679678e-05
10,RAB3A,rab_gtpase,-0.7892043114292469,0.20913926016738293,4.773121867418517e-06
10,RAB3C,rab_gtpase,-0.8288064019102122,0.507669819348794,2.3347033475840107e-05
10,RAB3D,rab_gtpase,0.8345081325399877,0.3138748210393758,8.654058471835313e-06
10,RAB4A,rab_gtpase,0.27370225048031943,0.17526311193681124,8.221936704577715e-06
10,RAB5A,rab_gtpase,0.9288310968369902,0.7682551869120111,2.3442787794980546e-05
10,RAB5B,rab_gtpase,-0.18298377500454266,0.19816213310124137,1.098150548439758e-05
10,RAB6A,rab_gtpase,0.952973749229384,2.2176988301787386,0.00013070101794498967
10,RAB6B,rab_gtpase,-0.17096085956117343,0.17260391686765886,8.368145369419544e-06
10,RAB7B,rab_gtpase,0.9799051829522751,1.0930848449978494,1.3754597107507038e-05
10,RAB8A,rab_gtpase,-0.19279256937575312,0.13676975116742995,5.2112272593829445e-06
10,RAB9A,rab_gtpase,-0.8010639650497703,0.2557462968748043,6.780652171967105e-06
10,RAB9B,rab_gtpase,-0.9459116743546871,0.5833586392456311,1.0363557737314011e-05
10,RASEF,rab_gtpase,0.6796273474731584,0.25527184787008195,1.0145772348368887e-05
10,DIRAS1,ras_gtpases,-0.00876031520883375,0.2082147654539694,1.25429916498776e-05
10,NRAS,ras_gtpases,0.9901107766859986,2.288723250768222,2.9829169898132335e-05
10,RALA,ras_gtpases,-0.5003954184438446,0.11205483057903395,2.7233445554220026e-06
10,RALB,ras_gtpases,-0.7490195847908326,0.30435879722560655,1.1765691882326124e-05
10,RAP1A,ras_gtpases,-0.4128015448281346,0.18708270139880315,8.401248795752991e-06
10,RAP1B,ras_gtpases,0.2803759724944659,0.6089420554568852,9.886106131895556e-05
10,RAP2A,ras_gtpases,0.7956641305539963,0.27309507312301395,7.917860737172155e-06
10,RAP2B,ras_gtpases,-0.947986804862391,0.5447058041513799,8.698294954090358e-06
10,RAP2C,ras_gtpases,0.020246275135723375,0.09063943959471438,2.3761046938908237e-06
10,RASD2,ras_gtpases,-0.1701658598860348,0.32728148063747287,3.009517068330858e-05
10,RASL10A,ras_gtpases,0.17060753035807066,0.25934663003310315,1.8894935530755497e-05
10,RASL10B,ras_gtpases,-0.20522536550649376,0.10698630235075299,3.1723273645756223e-06
10,RERGL,ras_gtpases,0.34779677619335025,0.3801507385790202,3.675663155733311e-05
10,RHEB,ras_gtpases,0.4619201257319519,0.13839893215996862,4.359588620883592e-06
10,CYP20A1,cytochrome_p450,0.5420754718160339,0.19634532174235372,7.876822409769169e-06
10,CYP26B1,cytochrome_p450,-0.27862526511340374,0.17077268728186876,7.783078598833093e-06
10,CYP8B1,cytochrome_p450,-0.4821926114013902,0.7413734583611383,0.0001220624697773065
10,PTGIS,cytochrome_p450,0.10780018376589043,0.2605828879053084,1.941906236679891e-05
10,ARF1,arf_gtpase,-0.5027759125515736,0.3018452663607082,1.9698270313339705e-05
10,ARF3,arf_gtpase,-0.8940817211467615,0.2641113429933352,4.049051550936156e-06
10,ARF5,arf_gtpase,0.985791050162084,6.051294468236038,0.0002989962401066526
10,ARF6,arf_gtpase,0.07897783875710132,0.13420377369194497,5.178713401776669e-06
10,ARL1,arf_gtpase,-0.280547494553551,0.12691090429546564,4.293439242353259e-06
10,ARL13B,arf_gtpase,0.8386287418466892,0.24895537365473303,5.3207528553089745e-06
10,ARL3,arf_gtpase,0.24149541094591723,0.14872949205511227,6.027087842697121e-06
10,ARL4A,arf_gtpase,0.32716697417173035,0.2592732402392294,1.7368436304954216e-05
10,ARL5A,arf_gtpase,0.6209894646841068,0.17515576177187667,5.453686967471505e-06
10,ARL5B,arf_gtpase,0.9786711424118252,8.844572247973359,0.0009556770264605996
10,ARL5C,arf_gtpase,-0.8677822232544059,0.4616929138725403,1.5231213472133298e-05
10,ARL6,arf_gtpase,0.9638428665628206,1.509716856566345,4.682853769377715e-05
10,ARL8A,arf_gtpase,0.1563134057355384,0.14354611165270473,5.816336571151659e-06
10,ARL8B,arf_gtpase,0.16961135754050238,0.11652915270161124,3.8159412092397815e-06
10,SAR1A,arf_gtpase,0.9843014538647733,3.761356357372416,0.0001275241480197531
10,TRIM23,arf_gtpase,0.9785846057657664,2.1838623207824988,5.847262609459669e-05
10,CDC42,rho_gtpase,-0.37767791295539344,0.21555654745365418,1.1526475813705694e-05
10,RHOA,rho_gtpase,-0.4104284040981444,0.18995865494865796,8.68193132452788e-06
10,RHOB,rho_gtpase,0.9225157711805777,0.32259917760961987,4.485588232738813e-06
10,RHOBTB1,rho_gtpase,-0.7517189850298077,0.19357194522094512,4.7152257834914835e-06
10,RHOG,rho_gtpase,0.23053804781809079,0.14274766660581475,5.582518053270924e-06
10,RHOQ,rho_gtpase,0.9835300837321245,6.944241657814934,0.00045591884004558825
10,RND1,rho_gtpase,-0.5855578291343572,0.2720504149708535,1.4072023741040773e-05
10,RND3,rho_gtpase,-0.03426224669600737,0.12608133411221914,4.594107593347552e-06
11,HOXA1,hox,-0.5511123134698594,0.24213201264697853,1.2069590456631474e-05
11,HOXA10,hox,-0.4453896764847413,0.299795623404819,2.1302601915462738e-05
11,HOXA13,hox,0.9548236803650179,0.7977555803269344,1.6617523440509707e-05
11,HOXA3,hox,-0.8773252705885767,0.7404756545844667,3.733609236455937e-05
11,HOXA4,hox,0.9752057050141696,3.369201476025227,0.00016438353207059997
11,HOXA5,hox,-0.4149737479312091,0.20289755248286656,1.0075905666262486e-05
11,HOXA6,hox,-0.7814862975424964,0.35455395483123525,1.4468833635761236e-05
11,HOXA7,hox,-0.9485838844921288,0.710494738702846,1.495367370396572e-05
11,HOXB2,hox,-0.731437542131912,0.45060572425892165,2.7916190605492552e-05
11,HOXB4,hox,-0.9429697823520965,1.0539827453601713,3.6395738179040293e-05
11,HOXB5,hox,-0.8247078796573811,0.456995332342115,1.9750955497221945e-05
11,HOXB7,hox,-0.944158147136698,0.6493536878649899,1.3535101678674444e-05
11,HOXB8,hox,-0.009465225076261685,0.1658153716178152,8.128623024683534e-06
11,HOXB9,hox,0.05043271307994186,0.1833613996841142,9.91554336216005e-06
11,HOXC11,hox,-0.13390746549418656,0.3407453268421514,3.371425744291834e-05
11,HOXC12,hox,0.8668178226873334,0.37839351110252123,1.05254881451744e-05
11,HOXC4,hox,0.778124087466889,0.33011496703555626,1.2711885245764165e-05
11,HOXC5,hox,-0.0229861212443307,0.470657966672018,6.546362794568328e-05
11,HOXC6,hox,0.25655735647809125,0.1924865375230605,1.02338083530773e-05
11,HOXC8,hox,0.8849444722233292,0.5591733371994909,2.0049699359203643e-05
11,HOXC9,hox,-0.3231092140863929,0.3420679143647437,3.098491115083313e-05
11,HOXD10,hox,-0.6414469232371968,0.2007343360194583,7.011802956369273e-06
11,HOXD11,hox,-0.766677212628194,0.960336115120235,0.00011240609149776315
11,HOXD12,hox,-0.07479347372921988,0.36392724137531796,3.894088759126557e-05
11,HOXD13,hox,-0.9028436516226996,1.1532054524718602,7.269557909173052e-05
11,HOXD4,hox,-0.9609547784598607,1.8002236872297037,7.336837441151989e-05
11,RAB10,rab_gtpase,0.9784702015402403,2.022606984845281,5.1523840007283717e-05
11,RAB11A,rab_gtpase,0.056777778844160715,0.2202568178725153,1.429763063376388e-05
11,RAB14,rab_gtpase,-0.01757417674993738,0.14763003219622403,6.4420074937787675e-06
11,RAB15,rab_gtpase,-0.19107385895764836,0.15276295046228044,6.647978917917463e-06
11,RAB18,rab_gtpase,-0.13635820086313635,0.11623969340805161,3.920696438064475e-06
11,RAB1A,rab_gtpase,0.04162884194296263,0.11234262326156351,3.725128112752607e-06
11,RAB1B,rab_gtpase,-0.451814942356039,0.13144467803384882,4.065649200080124e-06
11,RAB20,rab_gtpase,-0.9696370962421199,2.4935592707480567,0.00010995053243845199
11,RAB22A,rab_gtpase,0.9741054841703535,5.611210929306196,0.00047599157159339267
11,RAB23,rab_gtpase,-0.5075941636695748,0.17701692782763012,6.877700856500191e-06
11,RAB24,rab_gtpase,-0.06150224564763159,0.3180325065374073,2.9792585874210964e-05
11,RAB25,rab_gtpase,0.3043829195472925,0.2965803474705524,2.359770432769359e-05
11,RAB27A,rab_gtpase,-0.8727078952088789,0.42778628195800883,1.2898302810815387e-05
11,RAB27B,rab_gtpase,-0.6354576062228925,0.15119529000602594,4.029668152272237e-06
11,RAB29,rab_gtpase,0.9454589763441471,17.28202832666766,0.00941430916446595
11,RAB2B,rab_gtpase,-0.019253013235882053,0.14485451132776592,6.2016740273174165e-06
11,RAB30,rab_gtpase,-0.9847038677181618,11.404200867762025,0.001168060477715005
11,RAB34,rab_gtpase,0.31205756136794627,0.15243697755379387,6.2014257209419554e-06
11,RAB35,rab_gtpase,-0.11380465918743646,0.08143380630733371,1.935320662727058e-06
11,RAB36,rab_gtpase,0.23583640113309767,0.2710808498821717,2.051889707987975e-05
11,RAB38,rab_gtpase,-0.9231974577650099,0.5643067659577384,1.3907131398593897e-05
11,RAB39B,rab_gtpase,0.9472705711295909,1.32124783634947,5.299855221041483e-05
11,RAB3A,rab_gtpase,-0.7700913379123648,0.20622786270481477,5.117423453104841e-06
11,RAB3C,rab_gtpase,-0.8121102020987933,0.5263149095033334,2.788622693106202e-05
11,RAB3D,rab_gtpase,0.8126613095102325,0.3203866256392498,1.0306226700174115e-05
11,RAB4A,rab_gtpase,0.24008062731225216,0.18779391317590158,9.826235025101049e-06
11,RAB5A,rab_gtpase,0.921285260064878,0.7687442253625442,2.6425422408604682e-05
11,RAB5B,rab_gtpase,-0.17050954150879977,0.20500932573645234,1.2065373168557159e-05
11,RAB6A,rab_gtpase,0.935593489587078,2.167775758481555,0.00017322668778174677
11,RAB6B,rab_gtpase,-0.1446910965848274,0.181903872611759,9.578595176917837e-06
11,RAB7B,rab_gtpase,0.9752736761240665,1.0958886700808554,1.7343151615278884e-05
11,RAB8A,rab_gtpase,-0.17527724347315715,0.14781820759641928,6.261956983943939e-06
11,RAB9A,rab_gtpase,-0.7945087123115567,0.26244872174423856,7.509898900415202e-06
11,RAB9B,rab_gtpase,-0.9404513629660831,0.5852256447980296,1.1701145429476867e-05
11,RASEF,rab_gtpase,0.6555842284058954,0.25458227822329893,1.0926915190112574e-05
11,DIRAS1,ras_gtpases,-0.0358422404584716,0.22454348387030582,1.4888481830288569e-05
11,NRAS,ras_gtpases,0.9890411517751434,2.26301950241416,3.3006311378369624e-05
11,RALA,ras_gtpases,-0.46627385371726027,0.11217379012155072,2.9115318178618566e-06
11,RALB,ras_gtpases,-0.7392838498335054,0.30344516528719645,1.2345425857929193e-05
11,RAP1A,ras_gtpases,-0.39626154263438845,0.18829143299550394,8.836559548308642e-06
11,RAP1B,ras_gtpases,0.27345775214297835,0.6504943628476813,0.00011576097567989052
11,RAP2A,ras_gtpases,0.7586541545548388,0.30384777863439283,1.1586158568888116e-05
11,RAP2B,ras_gtpases,-0.9430192372564316,0.548617008462489,9.852593950698818e-06
11,RAP2C,ras_gtpases,0.048620268980540324,0.09267566906192774,2.533428804407656e-06
11,RASD2,ras_gtpases,-0.14145993911415036,0.3430075092187837,3.409105556950731e-05
11,RASL10A,ras_gtpases,0.14099394369307086,0.28189429794841164,2.3028290487947523e-05
11,RASL10B,ras_gtpases,-0.1369675916021033,0.11105366659721365,3.5780493173875882e-06
11,RERGL,ras_gtpases,0.2710832042717186,0.39665301228603367,4.3101001500733815e-05
11,RHEB,ras_gtpases,0.4148918320131611,0.14602791824685923,5.219595798910959e-06
11,CYP20A1,cytochrome_p450,0.5209922961058656,0.21776689380311792,1.0215508628119707e-05
11,CYP26B1,cytochrome_p450,-0.2564110754886088,0.18249375391124198,9.199563616224538e-06
11,CYP8B1,cytochrome_p450,-0.46907416894077664,0.8494364062102532,0.0001664102248569721
11,PTGIS,cytochrome_p450,0.07060954911422138,0.2917021295489478,2.5033323121093076e-05
11,ARF1,arf_gtpase,-0.492049433136617,0.3149415056393882,2.2226641145373094e-05
11,ARF3,arf_gtpase,-0.8893858258954352,0.2683614079727016,4.4501748506231564e-06
11,ARF5,arf_gtpase,0.9832412697066022,6.025675964117571,0.00035687018104102464
11,ARF6,arf_gtpase,0.09818846489084948,0.13859961246417107,5.6249992426149475e-06
11,ARL1,arf_gtpase,-0.3029457177144221,0.1382033964368077,5.1290392185654454e-06
11,ARL13B,arf_gtpase,0.8193903341201524,0.26216640384262774,6.677700662094388e-06
11,ARL3,arf_gtpase,0.2436909373374902,0.16176347713186165,7.27744367390315e-06
11,ARL4A,arf_gtpase,0.2861125495531851,0.26503654142478816,1.9069044257302714e-05
11,ARL5A,arf_gtpase,0.5932304406624493,0.1791946152013245,6.1529422336059625e-06
11,ARL5B,arf_gtpase,0.9746293943004287,8.829298005011236,0.0011553785352219625
11,ARL5C,arf_gtpase,-0.8476802813204483,0.4651931173390346,1.800768875248604e-05
11,ARL6,arf_gtpase,0.9567201600441223,1.518706247322584,5.7753594199017044e-05
11,ARL8A,arf_gtpase,0.11609529231914614,0.1449717741704414,6.1302687355269114e-06
11,ARL8B,arf_gtpase,0.1384134713910826,0.1206552038710625,4.221788862057707e-06
11,SAR1A,arf_gtpase,0.9810098436509184,3.761073603684255,0.00015735391785420827
11,TRIM23,arf_gtpase,0.9743253630636295,2.1529601639972364,6.947277736391033e-05
11,CDC42,rho_gtpase,-0.3714511019328293,0.22497769028054285,1.2900473686072722e-05
11,RHOA,rho_gtpase,-0.38066908927861604,0.18964964349115782,9.093329853548937e-06
11,RHOB,rho_gtpase,0.9108218754705931,0.32353335855822357,5.273784358106326e-06
11,RHOBTB1,rho_gtpase,-0.7315250344236057,0.19870826848465026,5.427129416646359e-06
11,RHOG,rho_gtpase,0.2162749680830992,0.15131357990682004,6.452934427136903e-06
11,RHOQ,rho_gtpase,0.9803463477204295,6.929887394328389,0.0005527915301206665
11,RND1,rho_gtpase,-0.576236339676159,0.29678779735119537,1.739584210069811e-05
11,RND3,rho_gtpase,-0.05646645038588873,0.1341587854399439,5.304653193816122e-06
12,HOXA1,hox,-0.4899021680188115,0.25259769764121065,1.4598070717797285e-05
12,HOXA10,hox,-0.43043333993233646,0.33217497804815077,2.7062890363138692e-05
12,HOXA13,hox,0.9397456479113844,0.7785614714768724,2.132779424568465e-05
12,HOXA3,hox,-0.8578974178380078,0.7683338963099213,4.691980124260642e-05
12,HOXA4,hox,0.9711893238510269,3.3719247633665996,0.00019440258905567553
12,HOXA5,hox,-0.3978680683903337,0.2165173918892098,1.1878682780519512e-05
12,HOXA6,hox,-0.7669948568883644,0.36109075104025706,1.616066839815744e-05
12,HOXA7,hox,-0.9397123266054191,0.7130944145633502,1.7901362803107723e-05
12,HOXB2,hox,-0.7090904195033585,0.4875193127554689,3.557432971446062e-05
12,HOXB4,hox,-0.9357458323049865,1.0597369198898061,4.2051082907668125e-05
12,HOXB5,hox,-0.8027751331468724,0.4797975247133923,2.4640350158811053e-05
12,HOXB7,hox,-0.9342055059343876,0.6625301766879583,1.6816260824836782e-05
12,HOXB8,hox,0.00048383317732194996,0.17322062351657433,9.032819724974495e-06
12,HOXB9,hox,0.030921500526570302,0.1915258445981207,1.1032247879683155e-05
12,HOXC11,hox,-0.16183832710679188,0.3681267979050838,3.972823562770067e-05
12,HOXC12,hox,0.836236338161278,0.3764627877458027,1.2829664514657502e-05
12,HOXC4,hox,0.7542712721435451,0.33918184129319084,1.4929435970145732e-05
12,HOXC5,hox,-0.08260350691738359,0.5341955696803886,8.532334734701053e-05
12,HOXC6,hox,0.2523580289204908,0.21323345479399936,1.2816160450013214e-05
12,HOXC8,hox,0.8471803402548441,0.5576020926805519,2.642197890445619e-05
12,HOXC9,hox,-0.3354311892969594,0.3989850472855921,4.2531062651174345e-05
12,HOXD10,hox,-0.6136346351905957,0.21368406957491393,8.569822679715955e-06
12,HOXD11,hox,-0.7409233307572941,1.0509209425847852,0.00014996948442136393
12,HOXD12,hox,-0.10341955884657288,0.4026571638347457,4.828737226236779e-05
12,HOXD13,hox,-0.8878026673415692,1.1874355288909193,8.99085549914691e-05
12,HOXD4,hox,-0.9535668861113363,1.8169703179954133,9.015579041526944e-05
12,RAB10,rab_gtpase,0.9754582910598476,2.02099709521438,5.961276653532188e-05
12,RAB11A,rab_gtpase,0.0640187341109108,0.24241375535383902,1.761801857136369e-05
12,RAB14,rab_gtpase,0.0021704974976751758,0.15460415323091337,7.195552021777019e-06
12,RAB15,rab_gtpase,-0.20133851197661634,0.16189393044693423,7.57030205844611e-06
12,RAB18,rab_gtpase,-0.11859009887201681,0.12053151063327289,4.31194605743368e-06
12,RAB1A,rab_gtpase,0.043578628614847854,0.13503485921896938,5.478853881801804e-06
12,RAB1B,rab_gtpase,-0.4533991621311929,0.13718009425310526,4.500498876014447e-06
12,RAB20,rab_gtpase,-0.965364092505379,2.510469442779933,0.000129160525403349
12,RAB22A,rab_gtpase,0.9702307422156022,5.6191542719321905,0.0005576611741022752
12,RAB23,rab_gtpase,-0.45150589969352634,0.17715534675816091,7.521824842982028e-06
12,RAB24,rab_gtpase,-0.08962200478375251,0.3409336358599573,3.471100134411209e-05
12,RAB25,rab_gtpase,0.26603492325562933,0.3111121185211588,2.7075912722662743e-05
12,RAB27A,rab_gtpase,-0.8624338262161934,0.42040969829930164,1.3632113999073603e-05
12,RAB27B,rab_gtpase,-0.60375220279608,0.1496435224620064,4.283938130233977e-06
12,RAB29,rab_gtpase,0.9362286516020398,17.30212556866376,0.011190260763851989
12,RAB2B,rab_gtpase,-0.05187474377575043,0.15464421857490485,7.179942509982773e-06
12,RAB30,rab_gtpase,-0.9828005172067386,11.425958945949759,0.001341199407349336
12,RAB34,rab_gtpase,0.33120628977357036,0.16647148087739977,7.42747378335018e-06
12,RAB35,rab_gtpase,-0.12065041311570765,0.08365432223726343,2.076018541630198e-06
12,RAB36,rab_gtpase,0.1728252790963127,0.285219576643039,2.3758372138305006e-05
12,RAB38,rab_gtpase,-0.9200022489672482,0.563153909166065,1.4664227640848182e-05
12,RAB39B,rab_gtpase,0.9454475778789277,1.3102597291379898,5.4850748181678455e-05
12,RAB3A,rab_gtpase,-0.7474333113478547,0.21023249338158184,5.872187659683448e-06
12,RAB3C,rab_gtpase,-0.8108561472056179,0.52138746580197,2.8030169923254356e-05
12,RAB3D,rab_gtpase,0.8030941750095394,0.31370525828009405,1.0518290055383517e-05
12,RAB4A,rab_gtpase,0.21118323525519328,0.20380973024090154,1.1947050335248122e-05
12,RAB5A,rab_gtpase,0.9115351926460595,0.7774503838151372,3.07699767690961e-05
12,RAB5B,rab_gtpase,-0.192228930680437,0.21631047609579254,1.356526526996582e-05
12,RAB6A,rab_gtpase,0.9340815008566868,2.171987625808867,0.00018107495443475674
12,RAB6B,rab_gtpase,-0.13950055717876605,0.19392852065903712,1.110128373860153e-05
12,RAB7B,rab_gtpase,0.9719830370278922,1.0938548238802823,1.990078524127803e-05
12,RAB8A,rab_gtpase,-0.18762924201474748,0.1529230409066564,6.792111054920724e-06
12,RAB9A,rab_gtpase,-0.7873389962350398,0.2623096188072168,7.873126338320269e-06
12,RAB9B,rab_gtpase,-0.9311861270274531,0.597617167054099,1.4288006983664836e-05
12,RASEF,rab_gtpase,0.5881482986570624,0.2592180745312122,1.32308467686304e-05
12,DIRAS1,ras_gtpases,-0.07609249590429468,0.2469346576254732,1.8250234300687396e-05
12,NRAS,ras_gtpases,0.987713363197655,2.243436537282552,3.700365971348596e-05
12,RALA,ras_gtpases,-0.45892731125234654,0.1143552848162579,3.1075971171912187e-06
12,RALB,ras_gtpases,-0.7229312591073667,0.31429089489862855,1.4195295942043273e-05
12,RAP1A,ras_gtpases,-0.40531797016439003,0.19824365733596785,9.887407927955394e-06
12,RAP1B,ras_gtpases,0.28257200974538177,0.7019029510841391,0.00013647909566028016
12,RAP2A,ras_gtpases,0.7471634951778545,0.31977338050212145,1.3598255035884854e-05
12,RAP2B,ras_gtpases,-0.9382463518194845,0.5490279600526882,1.086138391959146e-05
12,RAP2C,ras_gtpases,0.07629982497034633,0.09442703566859455,2.668577839926023e-06
12,RASD2,ras_gtpases,-0.15967945308187312,0.3712446890573703,4.0432864653050515e-05
12,RASL10A,ras_gtpases,0.10836822493998305,0.29195293113849863,2.5358471812175765e-05
12,RASL10B,ras_gtpases,-0.10731742421912971,0.11432018363424747,3.88900186032437e-06
12,RERGL,ras_gtpases,0.2261660997077651,0.4201782797514311,5.043098987467243e-05
12,RHEB,ras_gtpases,0.4375446885460349,0.14425723045699054,5.065332336018358e-06
12,CYP20A1,cytochrome_p450,0.5309487051335194,0.2537038624070995,1.3914270640236204e-05
12,CYP26B1,cytochrome_p450,-0.19369319139177302,0.20186913082902816,1.1807493684012904e-05
12,CYP8B1,cytochrome_p450,-0.47120204546064354,0.8169418728036304,0.0001563149919133755
12,PTGIS,cytochrome_p450,0.0811429417710226,0.3246913832217347,3.152838564168814e-05
12,ARF1,arf_gtpase,-0.4887567552154285,0.34142929692232404,2.6710436374144386e-05
12,ARF3,arf_gtpase,-0.8762949472801382,0.2667634817978482,4.972384108348216e-06
12,ARF5,arf_gtpase,0.9798334641555405,6.023069101348356,0.0004361266813529552
12,ARF6,arf_gtpase,0.0998346653075471,0.1452237762871003,6.285629700952811e-06
12,ARL1,arf_gtpase,-0.2927764166961672,0.14389488376791898,5.698943956966573e-06
12,ARL13B,arf_gtpase,0.8018018594379892,0.27971389548216585,8.411216352977036e-06
12,ARL3,arf_gtpase,0.2535053838350395,0.15824122009874173,7.053683172775216e-06
12,ARL4A,arf_gtpase,0.23623724939834426,0.27031555045648076,2.0769648997553958e-05
12,ARL5A,arf_gtpase,0.5543523150081873,0.1809052081046562,6.82444014432626e-06
12,ARL5B,arf_gtpase,0.9708838964988011,8.815085616771743,0.001343264190020732
12,ARL5C,arf_gtpase,-0.8150344531122867,0.4549620074333913,2.09195726150746e-05
12,ARL6,arf_gtpase,0.9511720978452505,1.533183341179694,6.742000094239753e-05
12,ARL8A,arf_gtpase,0.14825859687588192,0.15300974669537837,6.8930184587978616e-06
12,ARL8B,arf_gtpase,0.18488436107961853,0.1419533925852941,5.858822028859123e-06
12,SAR1A,arf_gtpase,0.9786385884306028,3.7535066782956976,0.00017928007612399988
12,TRIM23,arf_gtpase,0.9727996647571757,2.157340781984626,7.518537383222057e-05
12,CDC42,rho_gtpase,-0.36960976744907553,0.2490500646786991,1.6121499211374513e-05
12,RHOA,rho_gtpase,-0.3870490048185494,0.19672528859079502,9.905180192948393e-06
12,RHOB,rho_gtpase,0.8995089186246142,0.3235313238063748,6.0148544175353535e-06
12,RHOBTB1,rho_gtpase,-0.7172338193352331,0.20922139325003142,6.39871483443244e-06
12,RHOG,rho_gtpase,0.20280620203971958,0.15550641805390245,6.980395174216447e-06
12,RHOQ,rho_gtpase,0.976659512560383,6.934937439191797,0.000668181257419076
12,RND1,rho_gtpase,-0.5481211889680785,0.31981894050111076,2.1540821310006564e-05
12,RND3,rho_gtpase,-0.02284691446452875,0.14150355493964353,6.024646153290902e-06
13,HOXA1,hox,-0.30113065111945664,0.2965693317317835,2.4769796476808992e-05
13,HOXA10,hox,-0.4169756536560966,0.3894031051285519,3.879752355251398e-05
13,HOXA13,hox,0.9248499916498978,0.7603814030066786,2.59025309646832e-05
13,HOXA3,hox,-0.8238362858235002,0.7883571034677168,6.184568317424421e-05
13,HOXA4,hox,0.964348969774285,3.3715238421764693,0.0002465723787828944
13,HOXA5,hox,-0.3549772957892674,0.22891798718697626,1.4184617142309897e-05
13,HOXA6,hox,-0.708213130288027,0.34165274394345013,1.8018939229036413e-05
13,HOXA7,hox,-0.9108486303728721,0.7010810865236196,2.593248403948145e-05
13,HOXB2,hox,-0.6791630108874352,0.5448098675600149,4.95251336380953e-05
13,HOXB4,hox,-0.9121526413838253,1.0485091426707855,5.7194703080742926e-05
13,HOXB5,hox,-0.7708587676459521,0.47915610757568694,2.885327888213496e-05
13,HOXB7,hox,-0.9082019767674456,0.693807618113362,2.6114947120570164e-05
13,HOXB8,hox,0.1294765512325568,0.2072208970724729,1.3076012056578712e-05
13,HOXB9,hox,0.024828826464240828,0.21035243798744765,1.3695501578481206e-05
13,HOXC11,hox,-0.18541551211300833,0.41194554661213767,5.075105417540193e-05
13,HOXC12,hox,0.7921009153804339,0.38339514911039607,1.696131931461231e-05
13,HOXC4,hox,0.7024243054732355,0.39051081412423855,2.392678094564893e-05
13,HOXC5,hox,-0.16757722592185814,0.6906780075928465,0.000143601735512755
13,HOXC6,hox,0.3034428626445688,0.2661522679717982,1.99187047318361e-05
13,HOXC8,hox,0.7649336896356369,0.5671413378396417,4.132929965783294e-05
13,HOXC9,hox,-0.34202214934738123,0.5434105873036521,8.075926674189216e-05
13,HOXD10,hox,-0.5444685907105367,0.2325454338527841,1.1783200845494335e-05
13,HOXD11,hox,-0.6997659015700611,1.191107615760142,0.00022425777612378184
13,HOXD12,hox,-0.0818948762800954,0.45033940395478916,6.239051946588248e-05
13,HOXD13,hox,-0.8551144491609527,1.2792572049681787,0.00013623503031545692
13,HOXD4,hox,-0.942933904233531,1.7921017313987733,0.00011028923825429082
13,RAB10,rab_gtpase,0.9719623489882632,1.9944401723743084,6.81153108778032e-05
13,RAB11A,rab_gtpase,0.08582900313470732,0.2673865964403445,2.1979641094072022e-05
13,RAB14,rab_gtpase,-0.009428241668761963,0.15608036429262492,7.544096800593536e-06
13,RAB15,rab_gtpase,-0.14132001362014449,0.1667415425406753,8.43870717071038e-06
13,RAB18,rab_gtpase,-0.04069353708725159,0.12609884252756734,4.916444905855855e-06
13,RAB1A,rab_gtpase,-0.014346174335723764,0.1496765998490506,6.936934799584016e-06
13,RAB1B,rab_gtpase,-0.4004355856025611,0.1360140944941752,4.810780490971389e-06
13,RAB20,rab_gtpase,-0.9591354525716261,2.4975931979838686,0.00015468059495404862
13,RAB22A,rab_gtpase,0.963015089034904,5.606018201441851,0.0007069007331084176
13,RAB23,rab_gtpase,-0.43435961756607616,0.17933268344623013,8.081031263484917e-06
13,RAB24,rab_gtpase,0.017513552700904034,0.31716108706960755,3.1144474700095515e-05
13,RAB25,rab_gtpase,0.24765735437926858,0.3244122825504135,3.059566611940401e-05
13,RAB27A,rab_gtpase,-0.8760948512237413,0.43280031163341126,1.3485587896822082e-05
13,RAB27B,rab_gtpase,-0.5851154961911676,0.15719346643865334,5.032756074996314e-06
13,RAB29,rab_gtpase,0.9162104105301999,17.35347548174848,0.015088382807765477
13,RAB2B,rab_gtpase,-0.11460178630701082,0.1707402365653678,8.910041966680993e-06
13,RAB30,rab_gtpase,-0.9772553983022599,11.52965574780056,0.0018532076015540522
13,RAB34,rab_gtpase,0.3867585779015652,0.2091928470544729,1.1525935582179514e-05
13,RAB35,rab_gtpase,-0.05823838090968398,0.08570904456867016,2.2673886950208555e-06
13,RAB36,rab_gtpase,0.16866309294680518,0.30900699470557674,2.8731409419502363e-05
13,RAB38,rab_gtpase,-0.9112923424420455,0.542690367189353,1.5464771090933915e-05
13,RAB39B,rab_gtpase,0.9144900638687076,1.271596347969761,8.198487272625954e-05
13,RAB3A,rab_gtpase,-0.6691746731911563,0.204188414974206,7.130368283925215e-06
13,RAB3C,rab_gtpase,-0.7916502574662893,0.5508945868664489,3.5086376097615e-05
13,RAB3D,rab_gtpase,0.7819793075928335,0.31724957226704864,1.2110240623641744e-05
13,RAB4A,rab_gtpase,0.09918507289612256,0.20913208605879166,1.341214773309396e-05
13,RAB5A,rab_gtpase,0.9008541782759867,0.778344448673585,3.536081307198291e-05
13,RAB5B,rab_gtpase,-0.15431636865408227,0.22558022712226364,1.538458762495587e-05
13,RAB6A,rab_gtpase,0.8798887389767802,2.0925483376212104,0.0003062534987616772
13,RAB6B,rab_gtpase,-0.13900220791570853,0.20662226156947236,1.2966755501331306e-05
13,RAB7B,rab_gtpase,0.9654354371932371,1.0739166577272852,2.426520462928128e-05
13,RAB8A,rab_gtpase,-0.136782053863436,0.14822039633849163,6.676713498188214e-06
13,RAB9A,rab_gtpase,-0.7691276938422265,0.2589419805569424,8.481750161437596e-06
13,RAB9B,rab_gtpase,-0.9193599276758796,0.5993333992656944,1.7218515776074028e-05
13,RASEF,rab_gtpase,0.5491244949961821,0.26693044650146086,1.5413107825934524e-05
13,DIRAS1,ras_gtpases,-0.1020724318337332,0.26681690798371643,2.1818784714633388e-05
13,NRAS,ras_gtpases,0.9850954884814769,2.149114657528081,4.232287805550072e-05
13,RALA,ras_gtpases,-0.42090007228260945,0.1165712874458434,3.462969495382495e-06
13,RALB,ras_gtpases,-0.6967705908302443,0.29606489429142385,1.3967509982171222e-05
13,RAP1A,ras_gtpases,-0.393043891277281,0.18782453668112847,9.237967420916426e-06
13,RAP1B,ras_gtpases,0.2630781777358931,0.6719982547168095,0.00013018588234303685
13,RAP2A,ras_gtpases,0.7311705706229984,0.34217823205051356,1.687612651868342e-05
13,RAP2B,ras_gtpases,-0.9304154294273395,0.5337405970002425,1.1851531091844336e-05
13,RAP2C,ras_gtpases,0.14958904504864873,0.10381147109459779,3.2629509322257277e-06
13,RASD2,ras_gtpases,-0.11164889042294453,0.3622839880593205,4.014273566266269e-05
13,RASL10A,ras_gtpases,0.015600443562768913,0.3285127143605485,3.3415933170855006e-05
13,RASL10B,ras_gtpases,0.0033892267584869533,0.12679044209673956,4.978709719050123e-06
13,RERGL,ras_gtpases,0.21813240303237996,0.4377643364612857,5.6528625105634056e-05
13,RHEB,ras_gtpases,0.44876887428725876,0.1533738821040523,5.818145853875301e-06
13,CYP20A1,cytochrome_p450,0.5169526915980798,0.3268619715893402,2.4246186498433353e-05
13,CYP26B1,cytochrome_p450,-0.11292630189923145,0.22386568688819922,1.5323295656566316e-05
13,CYP8B1,cytochrome_p450,-0.45441093282326395,0.8516357269369981,0.00017825713608232707
13,PTGIS,cytochrome_p450,0.0967913356668891,0.36622193646274864,4.114882437467049e-05
13,ARF1,arf_gtpase,-0.48380149787931903,0.3676547726575801,3.206473131478482e-05
13,ARF3,arf_gtpase,-0.8402889293731272,0.25987001701800255,6.147271578549329e-06
13,ARF5,arf_gtpase,0.9743554262203777,5.980417083742279,0.0005609876298409144
13,ARF6,arf_gtpase,0.16755182356790943,0.15772417685350756,7.488230752694669e-06
13,ARL1,arf_gtpase,-0.3407713233575808,0.16821978156408268,7.746299709676663e-06
13,ARL13B,arf_gtpase,0.7691052627740619,0.3245822192653619,1.3328084405905827e-05
13,ARL3,arf_gtpase,0.20546562578275462,0.15350702900965266,6.989936870649416e-06
13,ARL4A,arf_gtpase,0.16531478942673383,0.29086090260444747,2.548530801560478e-05
13,ARL5A,arf_gtpase,0.5564060546242617,0.18954046040918843,7.681777661194822e-06
13,ARL5B,arf_gtpase,0.9628546494321975,8.785267061305053,0.0017443320549301866
13,ARL5C,arf_gtpase,-0.7946518506198628,0.45641623592189884,2.377639561945699e-05
13,ARL6,arf_gtpase,0.9389989186146905,1.5562505868820995,8.872399830184285e-05
13,ARL8A,arf_gtpase,0.12536839403300407,0.15976141464036767,7.780599238005337e-06
13,ARL8B,arf_gtpase,0.21886275485668572,0.15967335755203305,7.517897163467069e-06
13,SAR1A,arf_gtpase,0.9714934295295291,3.761434449434767,0.0002462909575215999
13,TRIM23,arf_gtpase,0.9628964824153533,2.1298221284014147,0.00010232200742021913
13,CDC42,rho_gtpase,-0.37577375467348134,0.26570275425639656,1.8777290089921905e-05
13,RHOA,rho_gtpase,-0.4091805904265821,0.22714169854834615,1.3303493905381103e-05
13,RHOB,rho_gtpase,0.8990328393976516,0.3325527653643449,6.567239462795804e-06
13,RHOBTB1,rho_gtpase,-0.6941880368150259,0.2118339885507202,7.200399829820903e-06
13,RHOG,rho_gtpase,0.20136442548082606,0.16904016238244987,8.490880845424265e-06
13,RHOQ,rho_gtpase,0.9683897435744891,6.939791099114349,0.00092849860627231
13,RND1,rho_gtpase,-0.5304042402751211,0.3395427046458747,2.5660929749649064e-05
13,RND3,rho_gtpase,-0.07454402792113198,0.14641937997928686,6.602770751928944e-06
14,HOXA1,hox,-0.2881151886842628,0.306849144460185,2.6604896256277044e-05
14,HOXA10,hox,-0.40498923181008956,0.40226721625731754,4.168479635080491e-05
14,HOXA13,hox,0.9208160607333019,0.7628910542550965,2.7276923170393985e-05
14,HOXA3,hox,-0.8195213390278518,0.7898449052055957,6.312798030028155e-05
14,HOXA4,hox,0.9630295698998909,3.3843265625692025,0.000256166910326705
14,HOXA5,hox,-0.34269952655541674,0.23580005305411594,1.512082169297102e-05
14,HOXA6,hox,-0.6947497844857232,0.3419488976615855,1.8639298397626902e-05
14,HOXA7,hox,-0.9064182580759415,0.7019861598220754,2.7090300755094887e-05
14,HOXB2,hox,-0.6695907296033758,0.5514105803401915,5.168508000608085e-05
14,HOXB4,hox,-0.9071535144279604,1.0517100880518395,6.035285759686815e-05
14,HOXB5,hox,-0.761956440132417,0.4846339839103268,3.0354805595211864e-05
14,HOXB7,hox,-0.9044324227339264,0.699246900920533,2.7421090925350278e-05
14,HOXB8,hox,0.14495780405425626,0.2127367218824287,1.365231971328651e-05
14,HOXB9,hox,0.0074744722270134005,0.21510550415265153,1.4256844397486645e-05
14,HOXC11,hox,-0.1736497451522183,0.40924896376516257,5.0053015933082534e-05
14,HOXC12,hox,0.784567413516256,0.38847497863908587,1.787787391394069e-05
14,HOXC4,hox,0.6935252206449939,0.3979046618282725,2.532162039714514e-05
14,HOXC5,hox,-0.16992880329114138,0.7035989769192106,0.0001481490525171436
14,HOXC6,hox,0.3027119969906712,0.27119103425305346,2.0585302889175594e-05
14,HOXC8,hox,0.759590107244933,0.5738228652591064,4.29210558396953e-05
14,HOXC9,hox,-0.33527337326116885,0.5517762844987166,8.327198911184386e-05
14,HOXD10,hox,-0.5313780217894466,0.23401867570512888,1.2110170514501029e-05
14,HOXD11,hox,-0.696532206033129,1.2039155484337292,0.0002299631412560066
14,HOXD12,hox,-0.092656481940727,0.46374877770779666,6.570172036202138e-05
14,HOXD13,hox,-0.8525711667452492,1.2824033484636108,0.00013841342130282985
14,HOXD4,hox,-0.9402392032648563,1.795082138067418,0.0001151348602416169
14,RAB10,rab_gtpase,0.9716944779523203,1.9957779147171129,6.850016535131509e-05
14,RAB11A,rab_gtpase,0.08648808808290065,0.272442266833695,2.2700457738666913e-05
14,RAB14,rab_gtpase,-0.006641559459214823,0.1590426834140187,7.793839451153417e-06
14,RAB15,rab_gtpase,-0.13739903808136147,0.17054426034415213,8.793068383750047e-06
14,RAB18,rab_gtpase,-0.031378844579915764,0.12905232720884116,5.126801403076975e-06
14,RAB1A,rab_gtpase,-0.01368289176010835,0.154215059256208,7.326817518360507e-06
14,RAB1B,rab_gtpase,-0.3926170725805214,0.1360194464462002,4.822129614168169e-06
14,RAB20,rab_gtpase,-0.958777452716403,2.4957978726231174,0.00015499365869131587
14,RAB22A,rab_gtpase,0.9629450404093207,5.603639161442944,0.0007040268830914576
14,RAB23,rab_gtpase,-0.4166730512975006,0.18367337744068585,8.59048123380557e-06
14,RAB24,rab_gtpase,0.02732933499248576,0.3176570341349925,3.106996318036348e-05
14,RAB25,rab_gtpase,0.2682840627038842,0.32672446845848707,3.0526044238032846e-05
14,RAB27A,rab_gtpase,-0.874187155351311,0.4359905432977616,1.381136516609427e-05
14,RAB27B,rab_gtpase,-0.5732412566437266,0.1602693197074419,5.313996037314972e-06
14,RAB29,rab_gtpase,0.9157732163995297,17.36700759596639,0.01511052311186356
14,RAB2B,rab_gtpase,-0.1219517326194043,0.1782634034974911,9.64629584887522e-06
14,RAB30,rab_gtpase,-0.9767545655394102,11.535386886624945,0.001885844928275704
14,RAB34,rab_gtpase,0.37941442541001913,0.21015829048866644,1.1650204653101959e-05
14,RAB35,rab_gtpase,-0.05245654195840395,0.088411927186009,2.4019672224540045e-06
14,RAB36,rab_gtpase,0.1515931459562948,0.3151151815176641,2.9894405154329284e-05
14,RAB38,rab_gtpase,-0.9085917501796033,0.5432365943867514,1.586431949085476e-05
14,RAB39B,rab_gtpase,0.9076170307168974,1.2800740645381434,8.898445785721076e-05
14,RAB3A,rab_gtpase,-0.6553302666397642,0.20721275136749104,7.548556825498487e-06
14,RAB3C,rab_gtpase,-0.7865969456760231,0.5546339167716127,3.614010787567068e-05
14,RAB3D,rab_gtpase,0.7724964049195561,0.3205083081478818,1.2764285598376723e-05
14,RAB4A,rab_gtpase,0.07350189223538245,0.21306954908763776,1.391344503587355e-05
14,RAB5A,rab_gtpase,0.8990751137396148,0.7762974894890985,3.5591478896201956e-05
14,RAB5B,rab_gtpase,-0.1482090525667451,0.228039748882766,1.5671841436359912e-05
14,RAB6A,rab_gtpase,0.873268951564385,2.1200659219265447,0.0003288477224105968
14,RAB6B,rab_gtpase,-0.15488605379757392,0.21018370958208807,1.3286081949281936e-05
14,RAB7B,rab_gtpase,0.9635678594047998,1.079884487453816,2.570587089589793e-05
14,RAB8A,rab_gtpase,-0.13422179231804052,0.1506525066686014,6.867527132525808e-06
14,RAB9A,rab_gtpase,-0.7633696636435888,0.25647565335367617,8.457644825266009e-06
14,RAB9B,rab_gtpase,-0.9177569511111617,0.5991626686310453,1.7447273937154506e-05
14,RASEF,rab_gtpase,0.5558947102017124,0.267235669380791,1.5205469475088051e-05
14,DIRAS1,ras_gtpases,-0.09493387101303527,0.2668960225184189,2.1751973246053602e-05
14,NRAS,ras_gtpases,0.9846012748146622,2.1528444991606306,4.364498676245887e-05
14,RALA,ras_gtpases,-0.4184003052555344,0.11813141573922332,3.5472851814821738e-06
14,RALB,ras_gtpases,-0.6910820850242525,0.29366037153662483,1.3881711578012101e-05
14,RAP1A,ras_gtpases,-0.39355467047832643,0.18469503978850038,8.883203084675273e-06
14,RAP1B,ras_gtpases,0.25599256247433355,0.6629667053844565,0.00012656592476611994
14,RAP2A,ras_gtpases,0.7305825174821657,0.34104471218197363,1.6710363064831313e-05
14,RAP2B,ras_gtpases,-0.9282962503010272,0.5332079957642931,1.211303834180999e-05
14,RAP2C,ras_gtpases,0.1659123233457728,0.1084137351436178,3.5219931553420736e-06
14,RASD2,ras_gtpases,-0.09951457495970091,0.3584439579941609,3.919857234235824e-05
14,RASL10A,ras_gtpases,0.011520108391896296,0.3384144627028989,3.528493995952342e-05
14,RASL10B,ras_gtpases,0.013636678536837732,0.13015801165627824,5.2191972050863455e-06
14,RERGL,ras_gtpases,0.2124562988547018,0.4488569126464249,5.9280382323723124e-05
14,RHEB,ras_gtpases,0.45323849989119225,0.1567384270457034,6.014902977358183e-06
14,CYP20A1,cytochrome_p450,0.5111901231767513,0.3394361310642843,2.6225419390679683e-05
14,CYP26B1,cytochrome_p450,-0.11410713257339547,0.22755745436820354,1.57483567304606e-05
14,CYP8B1,cytochrome_p450,-0.45049582067628613,0.8469673346635334,0.00017619784692080032
14,PTGIS,cytochrome_p450,0.11651306661287726,0.37030546468149633,4.1680677032363e-05
14,ARF1,arf_gtpase,-0.47864485612998603,0.36870601363205185,3.229286112726992e-05
14,ARF3,arf_gtpase,-0.8315516366883493,0.26040804575700927,6.4467034099902065e-06
14,ARF5,arf_gtpase,0.9741621479889404,5.980120550857809,0.0005622412973442792
14,ARF6,arf_gtpase,0.16386604245132375,0.16027380266649083,7.702773800910556e-06
14,ARL1,arf_gtpase,-0.33510434252970484,0.17330325255366721,8.215338207051559e-06
14,ARL13B,arf_gtpase,0.7627657822243676,0.33008174796854034,1.4039755425243605e-05
14,ARL3,arf_gtpase,0.20173900924111307,0.15506860665010058,7.107975287912183e-06
14,ARL4A,arf_gtpase,0.15651016412932017,0.2960800344836056,2.6350860744539517e-05
14,ARL5A,arf_gtpase,0.5511146649307709,0.1945779042813291,8.122872921290103e-06
14,ARL5B,arf_gtpase,0.9628105621978587,8.780462128792706,0.0017356067252594087
14,ARL5C,arf_gtpase,-0.7819467329329759,0.4635096769740695,2.5723025220414364e-05
14,ARL6,arf_gtpase,0.9380736397020217,1.55952876534687,8.99484476519774e-05
14,ARL8A,arf_gtpase,0.12335935422773349,0.1610588385950856,7.871412557092228e-06
14,ARL8B,arf_gtpase,0.21237177433428184,0.16277877867884252,7.796431783280156e-06
14,SAR1A,arf_gtpase,0.971144765542315,3.7627160845701093,0.00024816552588469154
14,TRIM23,arf_gtpase,0.9613460799496721,2.140680523669577,0.00010705729602555891
14,CDC42,rho_gtpase,-0.37045781986540155,0.26407966488754164,1.853984010091736e-05
14,RHOA,rho_gtpase,-0.4058736060404159,0.22928406683241637,1.3530609033418628e-05
14,RHOB,rho_gtpase,0.8944922562044768,0.33666185066217125,6.980845561610494e-06
14,RHOBTB1,rho_gtpase,-0.6890600740540086,0.21054418515562162,7.173831615303605e-06
14,RHOG,rho_gtpase,0.19893230842112097,0.17349316624931224,8.907833501825557e-06
14,RHOQ,rho_gtpase,0.9685028878398696,6.937494341113893,0.0009199271011662846
14,RND1,rho_gtpase,-0.5291824546008016,0.33612314025324586,2.5064309426392484e-05
14,RND3,rho_gtpase,-0.06167314377339299,0.1491505448530052,6.828694443683503e-06
15,HOXA1,hox,-0.28168579348386324,0.31695770465578055,2.819441480683693e-05
15,HOXA10,hox,-0.4057971334760487,0.4177710520528145,4.444286463900493e-05
15,HOXA13,hox,0.9159865258136156,0.7654635036961752,2.8751130508597456e-05
15,HOXA3,hox,-0.8157071671533735,0.7941152875763305,6.432705154746365e-05
15,HOXA4,hox,0.9617925824014447,3.395688014925588,0.00026349469007325155
15,HOXA5,hox,-0.3363653999923705,0.24352896542363633,1.603309192621527e-05
15,HOXA6,hox,-0.6879608858036326,0.34680453734565997,1.931094202933803e-05
15,HOXA7,hox,-0.900229811055921,0.7012823836255468,2.8422171947428687e-05
15,HOXB2,hox,-0.6593701416805936,0.5650184885772384,5.5007455757483115e-05
15,HOXB4,hox,-0.902634535752104,1.0579181690528223,6.320282650829068e-05
15,HOXB5,hox,-0.7582006609299324,0.4876270941157279,3.081514436387156e-05
15,HOXB7,hox,-0.8996858739471026,0.700907201230202,2.8538388006094095e-05
15,HOXB8,hox,0.14886384301290828,0.2175857313669369,1.411204005452582e-05
15,HOXB9,hox,-0.007041745601256018,0.2225702825822413,1.5099911702787239e-05
15,HOXC11,hox,-0.1732799366657835,0.4185617105066536,5.1802256115562884e-05
15,HOXC12,hox,0.7688648519407965,0.3931164469728567,1.9260411653676535e-05
15,HOXC4,hox,0.6847888949157067,0.40514397313382267,2.6572342801567395e-05
15,HOXC5,hox,-0.17039270085672484,0.726062345339268,0.00015604296473636925
15,HOXC6,hox,0.3085771449106832,0.281447635801002,2.1847478760439465e-05
15,HOXC8,hox,0.7295067007984155,0.5803634231286168,4.803386882823446e-05
15,HOXC9,hox,-0.33200227143956407,0.5750258319269489,8.968760914340734e-05
15,HOXD10,hox,-0.5238037528974457,0.24031405233057798,1.277422098400205e-05
15,HOXD11,hox,-0.69098038535683,1.2406890981070215,0.0002452235141163772
15,HOXD12,hox,-0.08642364256823698,0.47326551438134296,6.776833339994237e-05
15,HOXD13,hox,-0.8482280467090395,1.2896124103189661,0.00014221803730418703
15,HOXD4,hox,-0.9377893472883573,1.800735041659303,0.00011916676266954251
15,RAB10,rab_gtpase,0.9712035501723543,1.9987865618358978,6.913159636057209e-05
15,RAB11A,rab_gtpase,0.09571362697970938,0.28031136676282925,2.3732742690851794e-05
15,RAB14,rab_gtpase,-0.01629717984311079,0.16284064346041677,8.081097028433959e-06
15,RAB15,rab_gtpase,-0.130605046812388,0.1734056360100402,9.009791035574644e-06
15,RAB18,rab_gtpase,-0.022716344026095753,0.13352951521318476,5.4323765563690785e-06
15,RAB1A,rab_gtpase,-0.025428537637000866,0.15789064020030544,7.59437118813544e-06
15,RAB1B,rab_gtpase,-0.3892393148820576,0.13769972251200513,4.904261779126173e-06
15,RAB20,rab_gtpase,-0.9590848379257588,2.4919549147236912,0.00015174316650701236
15,RAB22A,rab_gtpase,0.9631338104126207,5.6033616287954295,0.0006929218571435358
15,RAB23,rab_gtpase,-0.385013812367564,0.1867529027044838,9.055542314229115e-06
15,RAB24,rab_gtpase,0.04210884269622747,0.32116096399061916,3.138628227572493e-05
15,RAB25,rab_gtpase,0.26106633032635196,0.33581764246312934,3.20343317791183e-05
15,RAB27A,rab_gtpase,-0.8697482115128907,0.4373285991464293,1.4198549274646588e-05
15,RAB27B,rab_gtpase,-0.5557565648213936,0.161937152903099,5.524782299204389e-06
15,RAB29,rab_gtpase,0.91633733722817,17.386444077801862,0.014884273996408015
15,RAB2B,rab_gtpase,-0.11933676488968233,0.18376318906937836,1.0147245937508487e-05
15,RAB30,rab_gtpase,-0.9767318222629309,11.525416236756051,0.0018641749294942
15,RAB34,rab_gtpase,0.37295726552440484,0.21520485224440375,1.2153999867647869e-05
15,RAB35,rab_gtpase,-0.046030770562118954,0.09205075920554916,2.577463038000438e-06
15,RAB36,rab_gtpase,0.12386426553585436,0.3246254534756692,3.1631193134096236e-05
15,RAB38,rab_gtpase,-0.9036158909567625,0.542873537076629,1.6483293515223707e-05
15,RAB39B,rab_gtpase,0.911054888900076,1.3052598406530644,8.828088444445825e-05
15,RAB3A,rab_gtpase,-0.6299066782686159,0.20928921411594498,8.054298871518206e-06
15,RAB3C,rab_gtpase,-0.7852478002953779,0.5495888391808478,3.5300260668780226e-05
15,RAB3D,rab_gtpase,0.763361864360582,0.32429558489847,1.337733078732306e-05
15,RAB4A,rab_gtpase,0.05721406622505612,0.21991866946460492,1.469473391890741e-05
15,RAB5A,rab_gtpase,0.8988058204963054,0.772469647668526,3.4951420826545565e-05
15,RAB5B,rab_gtpase,-0.16129385288174183,0.2369071002266068,1.6663646179360114e-05
15,RAB6A,rab_gtpase,0.8734815916735871,2.1967858078914957,0.0003487487218204466
15,RAB6B,rab_gtpase,-0.17249560423953098,0.21470840441585134,1.3634552621821783e-05
15,RAB7B,rab_gtpase,0.961259565037367,1.0882940226890496,2.743192733423161e-05
15,RAB8A,rab_gtpase,-0.12905245238798643,0.15124283948407335,6.856706542324176e-06
15,RAB9A,rab_gtpase,-0.7544259382308532,0.25806234013433255,8.746353065247625e-06
15,RAB9B,rab_gtpase,-0.914369474939981,0.6046826767719868,1.8271394690239084e-05
15,RASEF,rab_gtpase,0.5406875782564254,0.27017973486245306,1.5746717764164586e-05
15,DIRAS1,ras_gtpases,-0.12068662374198627,0.28078320159634124,2.36828281819923e-05
15,NRAS,ras_gtpases,0.9835170966698252,2.157652726436049,4.639820056429045e-05
15,RALA,ras_gtpases,-0.3895037465253918,0.11990507804688956,3.7177227126816703e-06
15,RALB,ras_gtpases,-0.6821123808743044,0.29356012032182227,1.4047016589691097e-05
15,RAP1A,ras_gtpases,-0.3922468588739545,0.18585084800816687,8.9090787445123e-06
15,RAP1B,ras_gtpases,0.2507495410554903,0.6636246130178612,0.00012581371056097357
15,RAP2A,ras_gtpases,0.7249510006982272,0.3513741884422737,1.785618721317217e-05
15,RAP2B,ras_gtpases,-0.9252873163946284,0.5326754532514898,1.2441600891421878e-05
15,RAP2C,ras_gtpases,0.18277794203176212,0.11373203433630227,3.8112553721880715e-06
15,RASD2,ras_gtpases,-0.08900262548580713,0.3588744499316891,3.8949142396216274e-05
15,RASL10A,ras_gtpases,-0.0020729713761678654,0.3501201142602997,3.736789906350069e-05
15,RASL10B,ras_gtpases,0.04601428328648859,0.1371821458953864,5.724456038080916e-06
15,RERGL,ras_gtpases,0.207255990432432,0.4638673674468466,6.277575182489503e-05
15,RHEB,ras_gtpases,0.4619987767534167,0.16314617425666156,6.381808328126404e-06
15,CYP20A1,cytochrome_p450,0.5094140408516156,0.3593647082392863,2.91513713035485e-05
15,CYP26B1,cytochrome_p450,-0.09318244394884359,0.23371678563928913,1.650647246553838e-05
15,CYP8B1,cytochrome_p450,-0.4450380452447124,0.8482180375892143,0.00017589520750505017
15,PTGIS,cytochrome_p450,0.1286955756137124,0.37576384892447695,4.232960687722276e-05
15,ARF1,arf_gtpase,-0.47169122946252096,0.372325963841214,3.2856145402049286e-05
15,ARF3,arf_gtpase,-0.8185210078266595,0.260178360254802,6.8099953368649935e-06
15,ARF5,arf_gtpase,0.9738074172191096,5.997659532519447,0.0005670589140044369
15,ARF6,arf_gtpase,0.18271427263923506,0.1669043966380413,8.208227768813359e-06
15,ARL1,arf_gtpase,-0.3422176421341705,0.18831646546461484,9.544257219551433e-06
15,ARL13B,arf_gtpase,0.750692212226343,0.34259339655811216,1.5615838946825278e-05
15,ARL3,arf_gtpase,0.20200826304240874,0.16155940086003792,7.631858024659266e-06
15,ARL4A,arf_gtpase,0.12130342555525184,0.3071096991175342,2.8327849642018066e-05
15,ARL5A,arf_gtpase,0.5494798201490715,0.19979188967307185,8.49407393477275e-06
15,ARL5B,arf_gtpase,0.9627784164344333,8.791279712788668,0.0017226730556343384
15,ARL5C,arf_gtpase,-0.7603928480627609,0.4689672671879231,2.82786638345911e-05
15,ARL6,arf_gtpase,0.9373241424365317,1.566593705761948,9.084339721887602e-05
15,ARL8A,arf_gtpase,0.11470007757129769,0.1639657872263264,8.087513165278004e-06
15,ARL8B,arf_gtpase,0.22092511636521034,0.16828840570628897,8.211768864230251e-06
15,SAR1A,arf_gtpase,0.97088826596429,3.769583601394396,0.0002485587893330532
15,TRIM23,arf_gtpase,0.9580889371236582,2.1658820612694942,0.00011735848431104756
15,CDC42,rho_gtpase,-0.36349307033800415,0.26762407171585745,1.894823854842187e-05
15,RHOA,rho_gtpase,-0.40792025149931904,0.23205649881014512,1.3683809355624632e-05
15,RHOB,rho_gtpase,0.8890992052844974,0.33972468138136763,7.370611732393506e-06
15,RHOBTB1,rho_gtpase,-0.6792307899116132,0.2118394427944156,7.368458201817418e-06
15,RHOG,rho_gtpase,0.18397783638420065,0.1771370221558136,9.241118150926653e-06
15,RHOQ,rho_gtpase,0.9682172651225089,6.958516342671907,0.0009237544688870392
15,RND1,rho_gtpase,-0.5257265332429731,0.3483676278650744,2.6769806577897626e-05
15,RND3,rho_gtpase,-0.05488235482324343,0.15139649218750637,6.965965954286446e-06
16,HOXA1,hox,-0.2793788154738419,0.3295062327320869,2.801345590697224e-05
16,HOXA10,hox,-0.42171343610712,0.44586355460250987,4.5740005065519895e-05
16,HOXA13,hox,0.9159332497140739,0.7879182350284328,2.798338011256174e-05
16,HOXA3,hox,-0.8205168107669728,0.805697848421736,5.936123498750945e-05
16,HOXA4,hox,0.9661450032345553,3.4635671306975215,0.0002234916135536169
16,HOXA5,hox,-0.33115319577636154,0.2543889161182419,1.6124331743028186e-05
16,HOXA6,hox,-0.6799093432171381,0.3634526001815319,1.9878603816025908e-05
16,HOXA7,hox,-0.8912060684239336,0.7054184396250955,2.8653027737024495e-05
16,HOXB2,hox,-0.6758595224423247,0.5615756167287658,4.7942969888525866e-05
16,HOXB4,hox,-0.897562874102581,1.0808218422799087,6.354812523789999e-05
16,HOXB5,hox,-0.7527358326052549,0.4889105000184772,2.8991443015602414e-05
16,HOXB7,hox,-0.8923077689825507,0.694209372927184,2.7484650515385844e-05
16,HOXB8,hox,0.23521952036739632,0.23066010379872523,1.4065530582807462e-05
16,HOXB9,hox,-0.11066024590130631,0.23401867805687068,1.513841554212636e-05
16,HOXC11,hox,-0.15472657958481084,0.39436040056324284,4.2481452401599284e-05
16,HOXC12,hox,0.7790089249397398,0.4105551514408083,1.854500941911308e-05
16,HOXC4,hox,0.6895165754303361,0.4263210370232622,2.6681322734978252e-05
16,HOXC5,hox,-0.18875713311846806,0.723962537184785,0.00014146014233806792
16,HOXC6,hox,0.34337244214461615,0.30135013643727204,2.2417663788298903e-05
16,HOXC8,hox,0.7232200713757564,0.5739420077535637,4.396914986859457e-05
16,HOXC9,hox,-0.33065177434691706,0.5593126892291729,7.797761891725763e-05
16,HOXD10,hox,-0.47470018292927046,0.22989335119159238,1.145759460796647e-05
16,HOXD11,hox,-0.712123473123577,1.2401111503782398,0.0002121464595659095
16,HOXD12,hox,-0.1091553065502881,0.5019514935112698,6.967230003418479e-05
16,HOXD13,hox,-0.8616310487557634,1.304806315571159,0.00012273775468629733
16,HOXD4,hox,-0.9395296876495915,1.8309661217434743,0.00011003993227043374
16,RAB10,rab_gtpase,0.9733504038654188,2.060559657513737,6.248934233676895e-05
16,RAB11A,rab_gtpase,0.05523149724978308,0.2966280277864251,2.454878539182026e-05
16,RAB14,rab_gtpase,-0.07942261736189203,0.1695247668912309,7.991844398924641e-06
16,RAB15,rab_gtpase,-0.11638831289580467,0.18136733146522327,9.080797455207623e-06
16,RAB18,rab_gtpase,0.06235628564992816,0.14431047572693,5.805400338454447e-06
16,RAB1A,rab_gtpase,-0.13068283190196142,0.18013681669084222,8.925922638569617e-06
16,RAB1B,rab_gtpase,-0.39769726184449816,0.14086680390862935,4.674912077784477e-06
16,RAB20,rab_gtpase,-0.9644819163991798,2.5201561094255136,0.00012402422970081428
16,RAB22A,rab_gtpase,0.9692173966664668,5.706944869403467,0.000552654290795318
16,RAB23,rab_gtpase,-0.35185984304730045,0.18830726904754555,8.694884426563299e-06
16,RAB24,rab_gtpase,0.1009425341704986,0.3187008661733105,2.81353199219625e-05
16,RAB25,rab_gtpase,0.2679329432179437,0.3399105824504628,3.0013054475253043e-05
16,RAB27A,rab_gtpase,-0.8621172157420371,0.44803400391056386,1.4423454959833215e-05
16,RAB27B,rab_gtpase,-0.5501777062726267,0.17149418953840634,5.7391779032522905e-06
16,RAB29,rab_gtpase,0.9314992589600837,17.72448837247614,0.0117007211685487
16,RAB2B,rab_gtpase,-0.10501866092722269,0.19120300758801123,1.0118179654128312e-05
16,RAB30,rab_gtpase,-0.9794836933439128,11.695940263290533,0.0015559174301370549
16,RAB34,rab_gtpase,0.3592405772106421,0.21158520167935393,1.0911675435876234e-05
16,RAB35,rab_gtpase,-0.07468172887318432,0.09811296944692116,2.678869656547178e-06
16,RAB36,rab_gtpase,0.10820236024503795,0.3412571750353061,3.2209436309327266e-05
16,RAB38,rab_gtpase,-0.89494245775123,0.5455931789263548,1.65840991913635e-05
16,RAB39B,rab_gtpase,0.9291303668552369,1.382232656663623,7.310163542884052e-05
16,RAB3A,rab_gtpase,-0.5251006633428168,0.20852560984845614,8.813490584125283e-06
16,RAB3C,rab_gtpase,-0.7966067785199606,0.5085635700397142,2.6449222173985376e-05
16,RAB3D,rab_gtpase,0.7546164105946565,0.33136886041712604,1.3230648188700123e-05
16,RAB4A,rab_gtpase,-0.020071185328762654,0.2418383841942997,1.6360862094888518e-05
16,RAB5A,rab_gtpase,0.9050730431609719,0.7687074779733385,2.9905912221739328e-05
16,RAB5B,rab_gtpase,-0.1382778450082908,0.243994236575827,1.634200670908026e-05
16,RAB6A,rab_gtpase,0.8841720344842493,2.383607943751767,0.00034706127506034523
16,RAB6B,rab_gtpase,-0.2601375010843064,0.22729539582859154,1.347970269305332e-05
16,RAB7B,rab_gtpase,0.9602263040346714,1.1418749511313793,2.8449365858995712e-05
16,RAB8A,rab_gtpase,-0.09596621711786421,0.14959930289772405,6.205395587155493e-06
16,RAB9A,rab_gtpase,-0.7380056029827314,0.25717902208588683,8.428363260870597e-06
16,RAB9B,rab_gtpase,-0.9157888160112581,0.5979881856748469,1.614482264844508e-05
16,RASEF,rab_gtpase,0.5597545750741547,0.2749015429397325,1.452231277121463e-05
16,DIRAS1,ras_gtpases,-0.12019254804416848,0.2802959232886272,2.1669342877062014e-05
16,NRAS,ras_gtpases,0.9833226428698674,2.2469075464514248,4.673350034734014e-05
16,RALA,ras_gtpases,-0.3783953812170834,0.12393425046417024,3.6829743055299957e-06
16,RALB,ras_gtpases,-0.6573407424662451,0.2884902013718937,1.3227154926021e-05
16,RAP1A,ras_gtpases,-0.39395982029295573,0.17992400466019665,7.653475773805596e-06
16,RAP1B,ras_gtpases,0.21694619057778056,0.6334292008814105,0.00010700634686988675
16,RAP2A,ras_gtpases,0.7365905123365502,0.3642160647154131,1.6981571515195526e-05
16,RAP2B,ras_gtpases,-0.9199001333053751,0.5299646904735068,1.2087433152840887e-05
16,RAP2C,ras_gtpases,0.24573934629481978,0.12252210042652892,3.947348920951832e-06
16,RASD2,ras_gtpases,-0.028631739734629954,0.3388321039690149,3.210310682411066e-05
16,RASL10A,ras_gtpases,-0.008868197570038823,0.3725900239234649,3.884757219430046e-05
16,RASL10B,ras_gtpases,0.00503224326987017,0.141211140247264,5.580271014160587e-06
16,RERGL,ras_gtpases,0.24268765149215846,0.4760921284787572,5.96979124667385e-05
16,RHEB,ras_gtpases,0.49171271942814193,0.16423046767740138,5.723086302311664e-06
16,CYP20A1,cytochrome_p450,0.535465808610243,0.3851143190932823,2.9605387875109024e-05
16,CYP26B1,cytochrome_p450,-0.09606351754700398,0.2459772122215491,1.6776222925729556e-05
16,CYP8B1,cytochrome_p450,-0.42741677145908613,0.793766266606969,0.00014412295236587713
16,PTGIS,cytochrome_p450,0.2153482503824755,0.38423096867867906,3.940017336845347e-05
16,ARF1,arf_gtpase,-0.4326713647019282,0.37274878292205826,3.160441634619815e-05
16,ARF3,arf_gtpase,-0.7892942477879558,0.2519583899406543,6.697988833459512e-06
16,ARF5,arf_gtpase,0.9775448227119233,6.151828083719317,0.000470414309677869
16,ARF6,arf_gtpase,0.18795818003699588,0.17198535091744754,7.985302156177099e-06
16,ARL1,arf_gtpase,-0.3712307809725715,0.19784742292138371,9.444779668577041e-06
16,ARL13B,arf_gtpase,0.7663648852732433,0.33074883569553615,1.2634122655952318e-05
16,ARL3,arf_gtpase,0.19699250776900212,0.16438558436667872,7.2688754205740835e-06
16,ARL4A,arf_gtpase,0.10525941922503612,0.32871221988933025,2.990382277179293e-05
16,ARL5A,arf_gtpase,0.5431897962105217,0.20937163800702527,8.648083550055752e-06
16,ARL5B,arf_gtpase,0.9682094099929369,8.9916559188848,0.0014167204245276732
16,ARL5C,arf_gtpase,-0.7241047369858932,0.4825216476073216,3.09938396307885e-05
16,ARL6,arf_gtpase,0.9483249940607441,1.5831876695324056,7.062349869113582e-05
16,ARL8A,arf_gtpase,0.03866313805285759,0.16174431812122259,7.310332431176292e-06
16,ARL8B,arf_gtpase,0.2396896880173689,0.16320697672816545,7.026029891332719e-06
16,SAR1A,arf_gtpase,0.9745523752401745,3.8576376710116382,0.00020928176231505002
16,TRIM23,arf_gtpase,0.9548179805668048,2.2909144358642735,0.0001297313778557685
16,CDC42,rho_gtpase,-0.3499325814523415,0.25562718301576287,1.6047788439443877e-05
16,RHOA,rho_gtpase,-0.40420378081014174,0.23279879527508507,1.268876199933544e-05
16,RHOB,rho_gtpase,0.8844433858685691,0.35283368915370517,7.586593237407513e-06
16,RHOBTB1,rho_gtpase,-0.6757417950370247,0.2220486660295148,7.497616090756942e-06
16,RHOG,rho_gtpase,0.13623089788863826,0.18400304021154384,9.299153888475686e-06
16,RHOQ,rho_gtpase,0.9736970605951608,7.119210181062892,0.0007366065021324752
16,RND1,rho_gtpase,-0.5232235023845968,0.34295865453169316,2.3905308547345072e-05
16,RND3,rho_gtpase,-0.013883594059007557,0.1585252197586189,7.031398186585491e-06
17,HOXA1,hox,-0.23775511838823532,0.36914370982911043,3.7953264660162134e-05
17,HOXA10,hox,-0.3546795515918735,0.47874957308381366,5.9151035395554885e-05
17,HOXA13,hox,0.9121594835738441,0.790700084099684,3.10005928003676e-05
17,HOXA3,hox,-0.7619470553594783,0.8213354345870247,8.353074894962287e-05
17,HOXA4,hox,0.9482797703470599,3.4524258574670332,0.00035461589852858744
17,HOXA5,hox,-0.24022593784527926,0.2819015345466016,2.2105770551394954e-05
17,HOXA6,hox,-0.5259747956922126,0.4031936918087356,3.471398686705207e-05
17,HOXA7,hox,-0.8334408987708241,0.7227544023612483,4.709206185127268e-05
17,HOXB2,hox,-0.6096643980511381,0.6133821909770185,6.978654325917599e-05
17,HOXB4,hox,-0.8523343641165723,1.0653660124712456,9.165097850083459e-05
17,HOXB5,hox,-0.6040319204934935,0.56198191225557,5.921768467920252e-05
17,HOXB7,hox,-0.858502933912359,0.7291762172199536,4.127673569431778e-05
17,HOXB8,hox,0.19062198058258698,0.2617149725860721,1.9485312535816313e-05
17,HOXB9,hox,-0.004609646019486816,0.264815888244361,2.07016064341925e-05
17,HOXC11,hox,-0.13797012040227086,0.44406415902587854,5.710547232717911e-05
17,HOXC12,hox,0.717240877909194,0.4199276822740462,2.5276855520672825e-05
17,HOXC4,hox,0.6320297861579363,0.5105273625559852,4.620718718750805e-05
17,HOXC5,hox,-0.20228029654807483,0.8750665105938846,0.00021682330777772485
17,HOXC6,hox,0.35236302446315193,0.3548449498771864,3.255591873407848e-05
17,HOXC8,hox,0.6567846740944072,0.5981757001987181,6.006535141311886e-05
17,HOXC9,hox,-0.33572032527274287,0.7142258458120662,0.0001336248851410149
17,HOXD10,hox,-0.39679317042633566,0.27947569839477576,1.942725212467078e-05
17,HOXD11,hox,-0.6453745012034072,1.2583866336557021,0.000272799055229922
17,HOXD12,hox,-0.071638536676884,0.5622891134325242,9.28593515743259e-05
17,HOXD13,hox,-0.8123462602377591,1.350369026797998,0.00018308965231184082
17,HOXD4,hox,-0.9141403304346303,1.7644503717206166,0.00015105509865565026
17,RAB10,rab_gtpase,0.9587804773069236,2.0163380134563837,9.690744634849313e-05
17,RAB11A,rab_gtpase,0.057073242032076456,0.35825525061080143,3.7765659530841766e-05
17,RAB14,rab_gtpase,-0.04913951136069538,0.18637414659500032,1.0229262094485492e-05
17,RAB15,rab_gtpase,-0.03299162312466771,0.21091775769166868,1.3118279520774045e-05
17,RAB18,rab_gtpase,0.024206914406972063,0.17182786129524188,8.710743092055218e-06
17,RAB1A,rab_gtpase,-0.10456144724573564,0.21822307264953633,1.390435113324262e-05
17,RAB1B,rab_gtpase,-0.25757356107616053,0.16835423439106398,7.811911541755201e-06
17,RAB20,rab_gtpase,-0.9432836296557046,2.5093473911797846,0.00020489501797260612
17,RAB22A,rab_gtpase,0.9488614368969479,5.649363200346414,0.0009394057592159166
17,RAB23,rab_gtpase,-0.32871183442566804,0.23147181667114378,1.4107816512010096e-05
17,RAB24,rab_gtpase,0.14317381756498324,0.38108853252410024,4.199393606352242e-05
17,RAB25,rab_gtpase,0.28251600527779486,0.4040133298884629,4.434010660392396e-05
17,RAB27A,rab_gtpase,-0.8317063600390143,0.4682359438660637,1.9951616677782447e-05
17,RAB27B,rab_gtpase,-0.4872284805027342,0.19457990395826646,8.523542168181741e-06
17,RAB29,rab_gtpase,0.8840678589429947,17.63468685300704,0.02025712525356982
17,RAB2B,rab_gtpase,-0.17571962261730562,0.2340311366321799,1.566931888352663e-05
17,RAB30,rab_gtpase,-0.9658462305787111,11.768824610940294,0.00274898529969414
17,RAB34,rab_gtpase,0.3254398958808646,0.24804831431055102,1.6239680541985102e-05
17,RAB35,rab_gtpase,0.016119954949649316,0.11184620177602114,3.6919101213950256e-06
17,RAB36,rab_gtpase,0.10077870973552809,0.38829050283509176,4.405654239747481e-05
17,RAB38,rab_gtpase,-0.8472480149050574,0.5465545772394166,2.488314388948698e-05
17,RAB39B,rab_gtpase,0.8578963951591668,1.3408016798796356,0.00014012215597936084
17,RAB3A,rab_gtpase,-0.4808834363748595,0.23974733514251095,1.304418279668429e-05
17,RAB3C,rab_gtpase,-0.7323876938042377,0.6181960230814433,5.230408957179744e-05
17,RAB3D,rab_gtpase,0.7123368419778352,0.3366022560058361,1.647524083847607e-05
17,RAB4A,rab_gtpase,-0.03383726837978335,0.26872380194897655,2.129315738741422e-05
17,RAB5A,rab_gtpase,0.8588010279582006,0.8101323312204711,5.085200902099629e-05
17,RAB5B,rab_gtpase,-0.04754111002047094,0.29266878502014787,2.522878337263279e-05
17,RAB6A,rab_gtpase,0.7791270089888275,2.3575820903545193,0.0006449766536550383
17,RAB6B,rab_gtpase,-0.13117363223742917,0.2682304223465834,2.087389863392186e-05
17,RAB7B,rab_gtpase,0.942151174338382,1.1036222268969287,4.039689010870706e-05
17,RAB8A,rab_gtpase,-0.012984029706358183,0.1907329786745381,1.0737455995779577e-05
17,RAB9A,rab_gtpase,-0.6770017435798447,0.25813624037564326,1.0655029869521826e-05
17,RAB9B,rab_gtpase,-0.876624725380672,0.608527993723435,2.5310043429982443e-05
17,RASEF,rab_gtpase,0.5100129126769661,0.29322466071137393,1.8779804370039344e-05
17,DIRAS1,ras_gtpases,-0.0036528845614936132,0.30904723168221276,2.8194912267798244e-05
17,NRAS,ras_gtpases,0.97209076011399,2.1430011899160064,7.462023970561393e-05
17,RALA,ras_gtpases,-0.3230747692536108,0.13977401493940533,5.165350497438048e-06
17,RALB,ras_gtpases,-0.5721143150198116,0.3153426114185799,1.974704845564279e-05
17,RAP1A,ras_gtpases,-0.3229095059006667,0.19572716853915426,1.0129825990023988e-05
17,RAP1B,ras_gtpases,0.20576341372873042,0.7448530525190379,0.00015685846549129412
17,RAP2A,ras_gtpases,0.6972296548047557,0.3704946720995109,2.0822990822844112e-05
17,RAP2B,ras_gtpases,-0.8551997077158208,0.5380292687577793,2.2956073104540842e-05
17,RAP2C,ras_gtpases,0.15221983650562776,0.1555790169070825,6.9797981684383e-06
17,RASD2,ras_gtpases,0.014204239720039107,0.3914396942623932,4.522437982656946e-05
17,RASL10A,ras_gtpases,-0.05161441539688651,0.46570020710017984,6.38541175849161e-05
17,RASL10B,ras_gtpases,-0.010581665618484502,0.16437708229072853,7.975470996179901e-06
17,RERGL,ras_gtpases,0.26250754929964065,0.5224458190722236,7.502587610019873e-05
17,RHEB,ras_gtpases,0.43961941250968245,0.16622827252868397,6.580557577628987e-06
17,CYP20A1,cytochrome_p450,0.5012850210604206,0.44324482422484673,4.3424321796714516e-05
17,CYP26B1,cytochrome_p450,-0.0028700992319408555,0.2853462066151892,2.4036241203173603e-05
17,CYP8B1,cytochrome_p450,-0.3785565424829861,0.8731661368693663,0.00019283353066679165
17,PTGIS,cytochrome_p450,0.15778347023562525,0.4232936746446615,5.1578245879202456e-05
17,ARF1,arf_gtpase,-0.36422667794972874,0.5053910452709021,6.540016290546014e-05
17,ARF3,arf_gtpase,-0.6744926925948257,0.2831006136693647,1.2895824846093085e-05
17,ARF5,arf_gtpase,0.9620006024972909,6.045529689473876,0.0008047111973918941
17,ARF6,arf_gtpase,0.18798489900839646,0.21133231663383792,1.2718336758976712e-05
17,ARL1,arf_gtpase,-0.3216636926711409,0.2347943703839797,1.459033471140625e-05
17,ARL13B,arf_gtpase,0.7093415768247345,0.39474757175721265,2.285474454222225e-05
17,ARL3,arf_gtpase,0.10680876160711336,0.17255645597771294,8.689645497383935e-06
17,ARL4A,arf_gtpase,0.050686101767829915,0.37232089697971965,4.0817576874019323e-05
17,ARL5A,arf_gtpase,0.45346135214027594,0.24157058088967345,1.3684726744345177e-05
17,ARL5B,arf_gtpase,0.9476177527827119,8.849892861725639,0.002361552957498292
17,ARL5C,arf_gtpase,-0.6952872444812997,0.48857609897617915,3.640214484823545e-05
17,ARL6,arf_gtpase,0.921591527232167,1.6041766664077381,0.00011446534490666682
17,ARL8A,arf_gtpase,0.08306188796031777,0.1892237276118461,1.0497054917846249e-05
17,ARL8B,arf_gtpase,0.21853387459418627,0.19368589459081015,1.0545489567581612e-05
17,SAR1A,arf_gtpase,0.9589714770186206,3.8026704427445264,0.0003431520510819297
17,TRIM23,arf_gtpase,0.9074219911250839,2.2461599336072906,0.00026303515686620926
17,CDC42,rho_gtpase,-0.29600134023526375,0.3236549394851035,2.821425539578648e-05
17,RHOA,rho_gtpase,-0.32991510497557225,0.30154133056976523,2.3920669996679855e-05
17,RHOB,rho_gtpase,0.8289434590970319,0.3800463973741667,1.3339415692703582e-05
17,RHOBTB1,rho_gtpase,-0.6071468889146361,0.2574180502494193,1.235057417670049e-05
17,RHOG,rho_gtpase,0.18069101001718108,0.218021195676771,1.3573913056674769e-05
17,RHOQ,rho_gtpase,0.9559251751443048,7.0435107947665045,0.001263328578190781
17,RND1,rho_gtpase,-0.41375872183157425,0.3948420894754376,3.814411670000073e-05
17,RND3,rho_gtpase,-0.15600206480604642,0.1866445138318784,1.0033520337349167e-05
18,HOXA1,hox,-0.23931542403020592,0.3741511610899378,3.921103800730297e-05
18,HOXA10,hox,-0.34450924765664304,0.48415421325204616,6.138048101633764e-05
18,HOXA13,hox,0.9073585308179959,0.7892464590080304,3.270312997372127e-05
18,HOXA3,hox,-0.7543290740823334,0.8205619137689198,8.622345532127706e-05
18,HOXA4,hox,0.9464801856211472,3.431844490905897,0.00036460123068349226
18,HOXA5,hox,-0.2311120084179388,0.2874746597907042,2.324256183205975e-05
18,HOXA6,hox,-0.5100676725269632,0.40776773937815974,3.654982783862781e-05
18,HOXA7,hox,-0.8236443448895598,0.7222169501625539,4.9841932956873336e-05
18,HOXB2,hox,-0.5941749770793056,0.6153359633497154,7.278374134744858e-05
18,HOXB4,hox,-0.8455304059552984,1.0629042850093877,9.569571048029246e-05
18,HOXB5,hox,-0.5923930987391397,0.5640212845011476,6.135010196528512e-05
18,HOXB7,hox,-0.8525997104775862,0.7363867826473993,4.3996752022490426e-05
18,HOXB8,hox,0.17814129432757542,0.26467986610871036,2.015393678911348e-05
18,HOXB9,hox,-0.048859718642117723,0.26973484845866974,2.1565520611166455e-05
18,HOXC11,hox,-0.11125104870042833,0.4417765542157695,5.72701358212413e-05
18,HOXC12,hox,0.7186927767873063,0.42703513956818523,2.619577283347052e-05
18,HOXC4,hox,0.6214219110704371,0.5141025021365059,4.820372271518991e-05
18,HOXC5,hox,-0.1848327936869915,0.877579417396239,0.00022102621486919105
18,HOXC6,hox,0.36222400340874394,0.3617980147152317,3.378901717965288e-05
18,HOXC8,hox,0.6878760717007584,0.6037820451750364,5.7063652346811544e-05
18,HOXC9,hox,-0.3101336702465262,0.6886638061904512,0.00012736259413936857
18,HOXD10,hox,-0.3809067870282412,0.2812635955610596,2.0094212188404015e-05
18,HOXD11,hox,-0.6374975481285783,1.259712623652639,0.00027990749006046034
18,HOXD12,hox,-0.07121012892426748,0.5702811018389969,9.614133388491375e-05
18,HOXD13,hox,-0.8083010479848499,1.3363340351938717,0.00018394146495259722
18,HOXD4,hox,-0.9093378985943402,1.7590111946824056,0.00015914738446520804
18,RAB10,rab_gtpase,0.9567095441852046,2.0079803012472404,0.00010147957023542986
18,RAB11A,rab_gtpase,0.046614824936469436,0.36669059222526024,3.986416150325578e-05
18,RAB14,rab_gtpase,-0.05933655241402002,0.18984642128574555,1.0670739997387102e-05
18,RAB15,rab_gtpase,-0.0265020310418169,0.21624527079243933,1.38838617096404e-05
18,RAB18,rab_gtpase,0.039095727397958774,0.1767536094343482,9.268158307040864e-06
18,RAB1A,rab_gtpase,-0.1109067646774245,0.22431554108073543,1.4766107150787633e-05
18,RAB1B,rab_gtpase,-0.2565540375238053,0.17072468875216695,8.089918715259437e-06
18,RAB20,rab_gtpase,-0.9409189335265483,2.4885936145540155,0.00021102245819837329
18,RAB22A,rab_gtpase,0.9467215521296787,5.613851002486349,0.0009716444423917281
18,RAB23,rab_gtpase,-0.33591665489302047,0.23779095261450758,1.4904417500738454e-05
18,RAB24,rab_gtpase,0.18010262387467174,0.3880957888696948,4.3299781081640454e-05
18,RAB25,rab_gtpase,0.30358299833900765,0.41528692837272774,4.651937187094557e-05
18,RAB27A,rab_gtpase,-0.8307072365011816,0.476561845071435,2.0913154011759083e-05
18,RAB27B,rab_gtpase,-0.4894227689494866,0.1997054613482426,9.011154530669252e-06
18,RAB29,rab_gtpase,0.8808514842451447,17.522291949750095,0.020656318264816287
18,RAB2B,rab_gtpase,-0.16878665711496807,0.24209354274964423,1.691753178989508e-05
18,RAB30,rab_gtpase,-0.9639657211005289,11.736687974464543,0.002900616676472345
18,RAB34,rab_gtpase,0.3114631765845331,0.24899171177332954,1.6633200821902783e-05
18,RAB35,rab_gtpase,0.007073358148829268,0.11678891429007732,4.052299702239637e-06
18,RAB36,rab_gtpase,0.10586320630821065,0.39329553298591646,4.5443569350545054e-05
18,RAB38,rab_gtpase,-0.84168254583362,0.5492805671664397,2.613706869181165e-05
18,RAB39B,rab_gtpase,0.8549909436316728,1.3509249148581484,0.0001458646932190888
18,RAB3A,rab_gtpase,-0.4703071977592755,0.24565205809643953,1.396352818350266e-05
18,RAB3C,rab_gtpase,-0.731410413200652,0.6024497320568999,5.014883887921595e-05
18,RAB3D,rab_gtpase,0.7072731165125944,0.3484955692221606,1.803363242625089e-05
18,RAB4A,rab_gtpase,-0.061830100073192264,0.27762514701726143,2.281278192706182e-05
18,RAB5A,rab_gtpase,0.8532880747251882,0.7937724753045741,5.0901506523759465e-05
18,RAB5B,rab_gtpase,-0.0332804873027275,0.2984856518127256,2.6441770920926366e-05
18,RAB6A,rab_gtpase,0.7651610136842152,2.3842977909018486,0.0007004010658852033
18,RAB6B,rab_gtpase,-0.16947959943906554,0.2718789028116709,2.1331321888085064e-05
18,RAB7B,rab_gtpase,0.9395202263689173,1.1112252726561993,4.303652534209945e-05
18,RAB8A,rab_gtpase,-0.0035433483573672517,0.19524496358028337,1.1325981588927725e-05
18,RAB9A,rab_gtpase,-0.661716706331279,0.258462771847477,1.1157197458921964e-05
18,RAB9B,rab_gtpase,-0.8733904668090016,0.6061501888334052,2.5892858051657086e-05
18,RASEF,rab_gtpase,0.5271708063632403,0.29549457927794803,1.873329473267571e-05
18,DIRAS1,ras_gtpases,0.019376741426212568,0.3122917899375266,2.8965664661817492e-05
18,NRAS,ras_gtpases,0.9713967139706696,2.1479008079210407,7.729552472146572e-05
18,RALA,ras_gtpases,-0.31917971989470173,0.14453555084430675,5.5745034595044984e-06
18,RALB,ras_gtpases,-0.5582680655589464,0.3185728870526916,2.075593310224555e-05
18,RAP1A,ras_gtpases,-0.30468990767036974,0.19630798762423096,1.0386834184084037e-05
18,RAP1B,ras_gtpases,0.17526463368632894,0.7422520662193596,0.00015867435375604977
18,RAP2A,ras_gtpases,0.696227800716585,0.3597990667670022,1.98187261123417e-05
18,RAP2B,ras_gtpases,-0.8495230305697781,0.5390476865337958,2.402749718277697e-05
18,RAP2C,ras_gtpases,0.12479799354416468,0.1562594652647893,7.14161149495407e-06
18,RASD2,ras_gtpases,0.046588015039728425,0.39117736249025437,4.5366242349298425e-05
18,RASL10A,ras_gtpases,-0.056665300851244146,0.4770156392393055,6.73910604480632e-05
18,RASL10B,ras_gtpases,0.001111728959234366,0.16691071247629174,8.277302887549354e-06
18,RERGL,ras_gtpases,0.27630111606264424,0.5317387408352111,7.759677512375607e-05
18,RHEB,ras_gtpases,0.43506166091430454,0.1678759539387488,6.788428322468398e-06
18,CYP20A1,cytochrome_p450,0.4921623361807789,0.43639881400164654,4.287820339510251e-05
18,CYP26B1,cytochrome_p450,-0.02257250180015606,0.28668371515935087,2.440670631553843e-05
18,CYP8B1,cytochrome_p450,-0.3662809675547362,0.8736465547370706,0.00019636772736408847
18,PTGIS,cytochrome_p450,0.18059331907578596,0.4275700632440455,5.254664316634017e-05
18,ARF1,arf_gtpase,-0.3414727874754054,0.5094577029065579,6.812489057983484e-05
18,ARF3,arf_gtpase,-0.6637444554416734,0.28697360342784456,1.368869713591625e-05
18,ARF5,arf_gtpase,0.96120130563336,6.001251750059089,0.0008145524510253521
18,ARF6,arf_gtpase,0.18058453416494952,0.21451914602113192,1.3226818742828605e-05
18,ARL1,arf_gtpase,-0.29554614493341475,0.23117521208287523,1.4491397773985781e-05
18,ARL13B,arf_gtpase,0.7079928133733195,0.3838752670985257,2.1836536149399954e-05
18,ARL3,arf_gtpase,0.07417537190602012,0.17363449919752888,8.908345598412915e-06
18,ARL4A,arf_gtpase,0.03952459569842926,0.38280562346982555,4.3471661574923104e-05
18,ARL5A,arf_gtpase,0.46951362060216534,0.24879302864254943,1.433661244421014e-05
18,ARL5B,arf_gtpase,0.9454629284960555,8.804202842042528,0.0024465021073423188
18,ARL5C,arf_gtpase,-0.6915021077369881,0.4982361956961776,3.848777602266651e-05
18,ARL6,arf_gtpase,0.9212221702549295,1.587332199068049,0.00011330811742604752
18,ARL8A,arf_gtpase,0.05813186898576899,0.19162890725031537,1.0873602915517644e-05
18,ARL8B,arf_gtpase,0.18171543132904153,0.19075801167477574,1.0454524315917091e-05
18,SAR1A,arf_gtpase,0.957436354121785,3.7811744785327313,0.00035397773332845883
18,TRIM23,arf_gtpase,0.8995900922326208,2.2444197882953842,0.00028551294892809054
18,CDC42,rho_gtpase,-0.2763500806422028,0.32171342013479093,2.840285626748429e-05
18,RHOA,rho_gtpase,-0.3191245424850792,0.302659660100695,2.444483069308223e-05
18,RHOB,rho_gtpase,0.8288518097371002,0.3907848221930218,1.4201965449545106e-05
18,RHOBTB1,rho_gtpase,-0.5951077475206952,0.2556298756463953,1.2539337635897319e-05
18,RHOG,rho_gtpase,0.16071078288222682,0.22222381634699734,1.4293518050823018e-05
18,RHOQ,rho_gtpase,0.9544220299537612,7.006743318522918,0.0013001915335767444
18,RND1,rho_gtpase,-0.409713936767719,0.3971868344738856,3.9004152563970607e-05
18,RND3,rho_gtpase,-0.1317731950696909,0.18752546649956645,1.0266785697710112e-05
19,HOXA1,hox,-0.21517514695776604,0.38290438614533767,4.161480424080821e-05
19,HOXA10,hox,-0.351222931399582,0.5040062655323504,6.627584470531023e-05
19,HOXA13,hox,0.8954969550736812,0.7833696000262957,3.617760650931334e-05
19,HOXA3,hox,-0.7395992144711665,0.8349514265162817,9.398982392727628e-05
19,HOXA4,hox,0.9423517932929216,3.452857282931507,0.00039737794358885026
19,HOXA5,hox,-0.21420233545667894,0.299430707935874,2.5459303083175122e-05
19,HOXA6,hox,-0.4764112542836091,0.4249256447790071,4.1541202678962996e-05
19,HOXA7,hox,-0.8139219161177171,0.7265375213222733,5.3025886116997434e-05
19,HOXB2,hox,-0.585632069141814,0.6383314592658921,7.967918220175285e-05
19,HOXB4,hox,-0.83630624200499,1.063925649594654,0.00010126708044566612
19,HOXB5,hox,-0.583010292476532,0.5781074832591021,6.565790555512763e-05
19,HOXB7,hox,-0.8421496800904017,0.7478086959770808,4.8395883620933056e-05
19,HOXB8,hox,0.17611102762794464,0.27072624683858515,2.1136293832380026e-05
19,HOXB9,hox,-0.06514999644554594,0.2789931829942932,2.3067015509914413e-05
19,HOXC11,hox,-0.12103252517261355,0.46374952398410413,6.306932430766299e-05
19,HOXC12,hox,0.68785535340876,0.43082623500104644,2.910370171049781e-05
19,HOXC4,hox,0.6149435808743602,0.5301220522264563,5.201052869474587e-05
19,HOXC5,hox,-0.20781954859044507,0.924112805657392,0.00024320666820365489
19,HOXC6,hox,0.38624984810583146,0.39249951552550294,3.900913821031082e-05
19,HOXC8,hox,0.6446858927724829,0.6176996372236538,6.636071122367859e-05
19,HOXC9,hox,-0.3170599079191909,0.7204831226232578,0.00013896724592366017
19,HOXD10,hox,-0.36685743815743793,0.2882924051977237,2.140633372516021e-05
19,HOXD11,hox,-0.6345071696224279,1.3265848149167663,0.00031293216453653905
19,HOXD12,hox,-0.06999025124251598,0.5826733526397273,0.00010055090451310811
19,HOXD13,hox,-0.8020459662839292,1.3594828556050684,0.00019623063745699554
19,HOXD4,hox,-0.9052394431304451,1.7554134407511595,0.00016558404030631024
19,RAB10,rab_gtpase,0.9535021024263189,2.0235569737989776,0.00011070025530601768
19,RAB11A,rab_gtpase,0.0537903049406634,0.39145240295942113,4.547324056070057e-05
19,RAB14,rab_gtpase,-0.025275640965681023,0.19916333298780203,1.179750860258455e-05
19,RAB15,rab_gtpase,-0.008987810258791156,0.22296106679376546,1.4793560311865406e-05
19,RAB18,rab_gtpase,0.0686975247274167,0.18165616153442013,9.774497964132323e-06
19,RAB1A,rab_gtpase,-0.1088529052578348,0.23195785129710658,1.5823094992484243e-05
19,RAB1B,rab_gtpase,-0.24642911057806619,0.17387127071000827,8.450758656075585e-06
19,RAB20,rab_gtpase,-0.9382323755379384,2.4851986944346707,0.0002200813694788195
19,RAB22A,rab_gtpase,0.9440569121854595,5.618738947213033,0.0010223549106944674
19,RAB23,rab_gtpase,-0.29883626069983815,0.24533024480673077,1.6312709068988518e-05
19,RAB24,rab_gtpase,0.17865352856549235,0.4045839792678106,4.716139813409903e-05
19,RAB25,rab_gtpase,0.2766797801867905,0.4309831417771239,5.104941240630101e-05
19,RAB27A,rab_gtpase,-0.8161658714734636,0.4827659045686179,2.315828378363083e-05
19,RAB27B,rab_gtpase,-0.47929009941510414,0.20861356867601186,9.976609375073053e-06
19,RAB29,rab_gtpase,0.8743299326778949,17.557923399104812,0.021849492973776585
19,RAB2B,rab_gtpase,-0.17586242104917946,0.2554354694465933,1.8817816587302083e-05
19,RAB30,rab_gtpase,-0.9621860923520238,11.76110815130628,0.0030591413420673064
19,RAB34,rab_gtpase,0.3175775793569741,0.2650097404931392,1.8793330376354334e-05
19,RAB35,rab_gtpase,0.012086630227384243,0.12030424667301455,4.306712817037095e-06
19,RAB36,rab_gtpase,0.07452412601230249,0.4238167612044281,5.316129898369493e-05
19,RAB38,rab_gtpase,-0.8331369794976137,0.5531449900422876,2.7853870049887597e-05
19,RAB39B,rab_gtpase,0.8437197806782534,1.3476307645891497,0.00015574750318014807
19,RAB3A,rab_gtpase,-0.43831312270912715,0.25043306337230115,1.5079288062769258e-05
19,RAB3C,rab_gtpase,-0.7198886023761872,0.6268914198820392,5.6347479901353026e-05
19,RAB3D,rab_gtpase,0.7010452942426814,0.3649727628000098,2.01601180435107e-05
19,RAB4A,rab_gtpase,-0.08429270482162964,0.29247309347535655,2.527708838795384e-05
19,RAB5A,rab_gtpase,0.8465396908208174,0.804402228142536,5.457071031156335e-05
19,RAB5B,rab_gtpase,-0.021729088668619553,0.3176981086316915,3.002459703826954e-05
19,RAB6A,rab_gtpase,0.7499979861284112,2.4168851622589336,0.0007608601667060677
19,RAB6B,rab_gtpase,-0.16796185302594882,0.27875938959003416,2.2474099405256354e-05
19,RAB7B,rab_gtpase,0.9346385454969064,1.1075832716100493,4.616691513437132e-05
19,RAB8A,rab_gtpase,0.008722336834409546,0.20207777643503855,1.2152152661037974e-05
19,RAB9A,rab_gtpase,-0.6448471623377485,0.2623135609251292,1.1962761207073846e-05
19,RAB9B,rab_gtpase,-0.8647395668823193,0.6061732610563726,2.7582587892038823e-05
19,RASEF,rab_gtpase,0.4955119589921998,0.29826178182619856,1.9975001952943217e-05
19,DIRAS1,ras_gtpases,0.0039947668204634605,0.32621931776083296,3.1671294015489515e-05
19,NRAS,ras_gtpases,0.9690176177998971,2.1398354372138835,8.313611468835358e-05
19,RALA,ras_gtpases,-0.30703356125496045,0.15058606308640776,6.112464330021439e-06
19,RALB,ras_gtpases,-0.5362235346062298,0.31856617412839583,2.151858072918511e-05
19,RAP1A,ras_gtpases,-0.31387031761822975,0.20505092559353855,1.1280572406513478e-05
19,RAP1B,ras_gtpases,0.1903188865676095,0.7863952692186865,0.00017739613430944878
19,RAP2A,ras_gtpases,0.6872134398648488,0.3757466466536397,2.2174797532414914e-05
19,RAP2B,ras_gtpases,-0.8413680116624589,0.5402618215896048,2.537417554859811e-05
19,RAP2C,ras_gtpases,0.13974717814890303,0.16398911405384217,7.847166828667262e-06
19,RASD2,ras_gtpases,0.04656937627503553,0.40560141106104985,4.885546533239804e-05
19,RASL10A,ras_gtpases,-0.06539032124381286,0.5004539182195619,7.42215188149764e-05
19,RASL10B,ras_gtpases,0.024227599069700703,0.1729203426155063,8.893764416151306e-06
19,RERGL,ras_gtpases,0.22979205263342908,0.5698219279802703,9.153440886866537e-05
19,RHEB,ras_gtpases,0.4425520233475665,0.17491770011512384,7.3223662154786595e-06
19,CYP20A1,cytochrome_p450,0.4957002095324875,0.45935816623465614,4.736886973644161e-05
19,CYP26B1,cytochrome_p450,0.0007391643978976485,0.2948152708419403,2.5867344167207484e-05
19,CYP8B1,cytochrome_p450,-0.3641822121661182,0.889408676401993,0.00020422017251342517
19,PTGIS,cytochrome_p450,0.1683647488767956,0.44260945999704265,5.6651515442984746e-05
19,ARF1,arf_gtpase,-0.34274216307246347,0.5354914106808438,7.531756726220085e-05
19,ARF3,arf_gtpase,-0.6318176702573863,0.2916662178971389,1.5210960803813123e-05
19,ARF5,arf_gtpase,0.9589165481295466,5.9939652206336245,0.0008608843016630896
19,ARF6,arf_gtpase,0.17583269396877482,0.22641290353503007,1.4784715905213908e-05
19,ARL1,arf_gtpase,-0.28781217304714,0.2383084548037152,1.5501575885701335e-05
19,ARL13B,arf_gtpase,0.6990962140715495,0.4007303478252473,2.4434412862262e-05
19,ARL3,arf_gtpase,0.07983985524959125,0.17960700698504314,9.539330706465066e-06
19,ARL4A,arf_gtpase,0.032139735741330784,0.4155616409193048,5.134282054752859e-05
19,ARL5A,arf_gtpase,0.46648484448947536,0.2621800027756857,1.6005655091855253e-05
19,ARL5B,arf_gtpase,0.9427246123241052,8.804630945757996,0.0025704350005900656
19,ARL5C,arf_gtpase,-0.6594423957664445,0.50145261690042,4.2292977600166815e-05
19,ARL6,arf_gtpase,0.9177695088192603,1.601231149962621,0.00012033999728700007
19,ARL8A,arf_gtpase,0.08199286360041329,0.20163213550033524,1.201819022922379e-05
19,ARL8B,arf_gtpase,0.1859868657259491,0.2003600413373957,1.1534068666940733e-05
19,SAR1A,arf_gtpase,0.9548002457124539,3.793231704400575,0.00037843029500839176
19,TRIM23,arf_gtpase,0.8970669807573084,2.2572498705446904,0.0002961470927598242
19,CDC42,rho_gtpase,-0.27753672410067715,0.33839059144471706,3.1454230819183415e-05
19,RHOA,rho_gtpase,-0.314192208429507,0.32013237500774266,2.7489888381304617e-05
19,RHOB,rho_gtpase,0.8227750929100882,0.3960269711443137,1.5078465847806477e-05
19,RHOBTB1,rho_gtpase,-0.5966655916661164,0.26698139766644907,1.3661258886243921e-05
19,RHOG,rho_gtpase,0.15771212483584535,0.23366907643033763,1.5845777980971754e-05
19,RHOQ,rho_gtpase,0.9513513959786206,7.0202156317394655,0.0013933362805995664
19,RND1,rho_gtpase,-0.3978239525645492,0.41547478511036157,4.324353610962728e-05
19,RND3,rho_gtpase,-0.11122403081816251,0.19540598521755814,1.1223249045788641e-05
20,HOXA1,hox,-0.2215807668889745,0.39671318002677497,4.66364644740036e-05
20,HOXA10,hox,-0.3084642984185282,0.5284553566581569,7.874748303682289e-05
20,HOXA13,hox,0.8897205133790813,0.7840283398344312,3.992004232800106e-05
20,HOXA3,hox,-0.6966227980394832,0.8792884785350251,0.0001240179148328524
20,HOXA4,hox,0.9175519620465289,3.4503305235001367,0.0005866820094655445
20,HOXA5,hox,-0.1985511351125887,0.3242642653895533,3.1474866134861834e-05
20,HOXA6,hox,-0.4326243317844517,0.4563868906840989,5.276030512424423e-05
20,HOXA7,hox,-0.7834895736109007,0.7388579860172372,6.569194002725709e-05
20,HOXB2,hox,-0.527449417023829,0.66621416061808,9.983688640136101e-05
20,HOXB4,hox,-0.8069975964647895,1.076007897230311,0.0001258360347795584
20,HOXB5,hox,-0.5386374467010386,0.6124746681405607,8.298496425296342e-05
20,HOXB7,hox,-0.7952797824843221,0.7823805192941193,7.010849497246507e-05
20,HOXB8,hox,0.14226161858957728,0.2882483080285116,2.5367984244129005e-05
20,HOXB9,hox,-0.05203327020074532,0.2944777520752566,2.695006950059753e-05
20,HOXC11,hox,-0.12461748074550784,0.5285716786466942,8.571475354890445e-05
20,HOXC12,hox,0.6479791355220249,0.44685913028890234,3.609904508361517e-05
20,HOXC4,hox,0.5800455682771343,0.5573286074203824,6.422955140683584e-05
20,HOXC5,hox,-0.20252449114960405,1.0477253241721813,0.00032809824506763174
20,HOXC6,hox,0.3430466418073719,0.39857291886536067,4.367945193761713e-05
20,HOXC8,hox,0.5752295237729221,0.6465815042524635,8.717463547824877e-05
20,HOXC9,hox,-0.2968699058640893,0.7801564607702544,0.0001729655320611423
20,HOXD10,hox,-0.3540946717322677,0.3092939815752642,2.607311893709774e-05
20,HOXD11,hox,-0.5815916521765897,1.3625630039657202,0.00038292836669528985
20,HOXD12,hox,-0.08076328084241585,0.6436024182544982,0.00012824711906511688
20,HOXD13,hox,-0.7554358112726196,1.4089146937771273,0.0002656020253445357
20,HOXD4,hox,-0.8831654736387954,1.7471243275675021,0.00020930482923664506
20,RAB10,rab_gtpase,0.9334236944026357,2.009140467272831,0.00016193062198699426
20,RAB11A,rab_gtpase,0.03852549815650195,0.4471087071881057,6.220441170545765e-05
20,RAB14,rab_gtpase,-0.013317834159620836,0.2187648453805583,1.4911033962339282e-05
20,RAB15,rab_gtpase,0.0162302640048001,0.25904554178334865,2.090589938619214e-05
20,RAB18,rab_gtpase,0.05573096674769823,0.1917422400789082,1.1421248232834635e-05
20,RAB1A,rab_gtpase,-0.0861685923827267,0.2534968842295292,1.9876475489621903e-05
20,RAB1B,rab_gtpase,-0.2136076790987311,0.19685040526661415,1.1524423190856226e-05
20,RAB20,rab_gtpase,-0.9129548916641403,2.4921850325299078,0.00032233402766013164
20,RAB22A,rab_gtpase,0.9151331188103904,5.617141138379107,0.0015993436950627604
20,RAB23,rab_gtpase,-0.2862494685688613,0.25568586031346785,1.8703187463553483e-05
20,RAB24,rab_gtpase,0.1663048710519735,0.453881691892285,6.242301310233067e-05
20,RAB25,rab_gtpase,0.23161793662488211,0.48724028270446756,7.001341944112838e-05
20,RAB27A,rab_gtpase,-0.7747246200665393,0.5016505917615194,3.135311244584216e-05
20,RAB27B,rab_gtpase,-0.4016948553166522,0.2150249555599042,1.2083230567450087e-05
20,RAB29,rab_gtpase,0.8083632290093724,17.58538831780419,0.033973123016083906
20,RAB2B,rab_gtpase,-0.13282478707241674,0.29096129264347037,2.5916249386082058e-05
20,RAB30,rab_gtpase,-0.9445174703052738,11.900939804096398,0.00477303699130216
20,RAB34,rab_gtpase,0.27000695119694124,0.27302581404353793,2.153591901887797e-05
20,RAB35,rab_gtpase,-0.0016816551047299751,0.1334812135443383,5.552221190030515e-06
20,RAB36,rab_gtpase,0.026540723733083273,0.4782571991496407,7.122934645531487e-05
20,RAB38,rab_gtpase,-0.8028476596922792,0.5664024050886624,3.5534102441836524e-05
20,RAB39B,rab_gtpase,0.7943531536672834,1.3676428994264536,0.0002151040597010434
20,RAB3A,rab_gtpase,-0.3765119554326755,0.27478265726721224,2.0193780443933385e-05
20,RAB3C,rab_gtpase,-0.6498147955148389,0.6921300562020278,8.624891163211412e-05
20,RAB3D,rab_gtpase,0.6595483683129442,0.3873737571618086,2.642031264254996e-05
20,RAB4A,rab_gtpase,-0.038590357659659784,0.33577563320056436,3.5082070772740614e-05
20,RAB5A,rab_gtpase,0.8012256659857685,0.8295919150432165,7.67892842233886e-05
20,RAB5B,rab_gtpase,-0.003307764740951669,0.3818564334969852,4.543932049938526e-05
20,RAB6A,rab_gtpase,0.6694879533363242,2.5448118601234837,0.0011141673772058214
20,RAB6B,rab_gtpase,-0.11587922196605123,0.32593375886725184,3.266036694105079e-05
20,RAB7B,rab_gtpase,0.920689237479378,1.0964287473091854,5.706751176326463e-05
20,RAB8A,rab_gtpase,-0.01677546605082814,0.22926785907674663,1.6375484609976176e-05
20,RAB9A,rab_gtpase,-0.6232495625804673,0.2847737667723771,1.545499483845969e-05
20,RAB9B,rab_gtpase,-0.8176186029393108,0.6232665453495959,4.012972028721862e-05
20,RASEF,rab_gtpase,0.4632343710709326,0.3129466469559187,2.3970157748021137e-05
20,DIRAS1,ras_gtpases,0.01131213863540502,0.3677709336455017,4.2143914023462514e-05
20,NRAS,ras_gtpases,0.9609341436032338,2.0972614453283525,0.00010500616447872702
20,RALA,ras_gtpases,-0.27511558316038165,0.16695470635735443,8.028675062776713e-06
20,RALB,ras_gtpases,-0.48583061950631906,0.3491990131696329,2.903048707603162e-05
20,RAP1A,ras_gtpases,-0.29169144688622173,0.23056532444668693,1.5156503902491458e-05
20,RAP1B,ras_gtpases,0.16112285423429498,0.9245644008448717,0.00025949781946355
20,RAP2A,ras_gtpases,0.6367462178321223,0.36983271603287915,2.5341606131323857e-05
20,RAP2B,ras_gtpases,-0.7991831943605566,0.555158610842395,3.470113065084934e-05
20,RAP2C,ras_gtpases,0.11708684160199657,0.1797447242919017,9.92992287118799e-06
20,RASD2,ras_gtpases,0.0690156190885067,0.44486776442967857,6.138017724477418e-05
20,RASL10A,ras_gtpases,-0.03339984179478756,0.5582014086745064,9.699395321183246e-05
20,RASL10B,ras_gtpases,0.012211623369519715,0.18828453375193063,1.1045704322310002e-05
20,RERGL,ras_gtpases,0.19119217091453355,0.6419825867055812,0.00012374482167676337
20,RHEB,ras_gtpases,0.4004057083550349,0.18091091852940439,8.563854260401627e-06
20,CYP20A1,cytochrome_p450,0.4468307866002184,0.4992831855529658,6.217411526443506e-05
20,CYP26B1,cytochrome_p450,-0.016859750378274335,0.30972123301187837,2.98848769014759e-05
20,CYP8B1,cytochrome_p450,-0.3227363379490067,0.9874546767853083,0.0002722394196715827
20,PTGIS,cytochrome_p450,0.18920390672378487,0.4800731234501895,6.925071910768299e-05
20,ARF1,arf_gtpase,-0.28374918280793493,0.6267634859185071,0.00011256506285350909
20,ARF3,arf_gtpase,-0.5929641222146809,0.30294480726035505,1.854369292542124e-05
20,ARF5,arf_gtpase,0.9381793133722388,5.926728762669838,0.001312409759648081
20,ARF6,arf_gtpase,0.1527151622011798,0.251381629129791,1.9233095088000418e-05
20,ARL1,arf_gtpase,-0.2598646010033267,0.26868437897995545,2.097736472961298e-05
20,ARL13B,arf_gtpase,0.6366783513192517,0.4365189260584668,3.530977310195471e-05
20,ARL3,arf_gtpase,0.08614298408131638,0.20059821661875094,1.2446538267818497e-05
20,ARL4A,arf_gtpase,0.04011548480840834,0.47750243409127696,7.094039805899399e-05
20,ARL5A,arf_gtpase,0.42995030145620083,0.2855679034928633,2.071492844746281e-05
20,ARL5B,arf_gtpase,0.914066153100961,8.771917540130653,0.0039518071277694355
20,ARL5C,arf_gtpase,-0.6330556517076129,0.5544215253810586,5.740111235152945e-05
20,ARL6,arf_gtpase,0.8842146902660815,1.6246554403875555,0.00017946172832217222
20,ARL8A,arf_gtpase,0.097011092027693,0.24317437123166935,1.8254060704991915e-05
20,ARL8B,arf_gtpase,0.1670058921857786,0.23029965287515494,1.6066878993914457e-05
20,SAR1A,arf_gtpase,0.9347002469667608,3.7749555476820262,0.000561173653411462
20,TRIM23,arf_gtpase,0.8758581671691535,2.280875291968888,0.0003775980335374296
20,CDC42,rho_gtpase,-0.23405447652894132,0.39264822894851376,4.541254593659616e-05
20,RHOA,rho_gtpase,-0.2913680941552143,0.369510412016093,3.8936692675739515e-05
20,RHOB,rho_gtpase,0.7931415302618908,0.4056716652036677,1.902251109298092e-05
20,RHOBTB1,rho_gtpase,-0.5635773332306693,0.28336298521490766,1.7074307540720923e-05
20,RHOG,rho_gtpase,0.15294324085326164,0.26954422145507767,2.2111172963024117e-05
20,RHOQ,rho_gtpase,0.9248366845932877,6.997918461916361,0.002210264653116689
20,RND1,rho_gtpase,-0.3324350880805388,0.4483958856953476,5.573158461258387e-05
20,RND3,rho_gtpase,-0.12581773637424626,0.21908170591638643,1.4720141696344946e-05
21,HOXA1,hox,-0.24164029964243505,0.414856581751804,4.742982360828041e-05
21,HOXA10,hox,-0.26539399184976065,0.5373080262185265,7.854492890968512e-05
21,HOXA13,hox,0.886459850431386,0.8155369155071179,4.1693420465671593e-05
21,HOXA3,hox,-0.6804087430487133,0.8853713937825598,0.00012321447906060712
21,HOXA4,hox,0.8979900352616594,3.459370716777528,0.0006783475425800045
21,HOXA5,hox,-0.1713729297904778,0.33838272093905475,3.252759207716949e-05
21,HOXA6,hox,-0.40880645292784534,0.47479275077552596,5.495096245711206e-05
21,HOXA7,hox,-0.7519222560071958,0.7477209581918557,7.111666446568687e-05
21,HOXB2,hox,-0.48702678632367524,0.6837515107367698,0.00010437751134828588
21,HOXB4,hox,-0.7869851460013148,1.085269192035033,0.00013122254937880662
21,HOXB5,hox,-0.5081770798345971,0.6225997014692113,8.415334539457753e-05
21,HOXB7,hox,-0.7707945542713895,0.7744693742009736,7.125105080907357e-05
21,HOXB8,hox,0.12854774559619325,0.29620886021147586,2.525453078372486e-05
21,HOXB9,hox,-0.029824330062227955,0.3146919328093115,2.895777768829877e-05
21,HOXC11,hox,-0.044854621314579686,0.5686146939112691,9.444004947622986e-05
21,HOXC12,hox,0.6682361281333759,0.4673292814741128,3.5376468495385005e-05
21,HOXC4,hox,0.5758139546486022,0.5784293049654669,6.545612670127987e-05
21,HOXC5,hox,-0.14730672101502024,1.0578144192660581,0.0003204314418160381
21,HOXC6,hox,0.3503154281308151,0.4147202994335504,4.416031415532817e-05
21,HOXC8,hox,0.5942242709225366,0.6721407370414039,8.553595096494337e-05
21,HOXC9,hox,-0.26120124159252983,0.7927443501204117,0.00017139110187869289
21,HOXD10,hox,-0.3158421732530313,0.31466202056802084,2.6087268907848404e-05
21,HOXD11,hox,-0.5386332543494492,1.3427716170194126,0.0003746633980645786
21,HOXD12,hox,-0.021155667737763867,0.663035947668513,0.00012861210788706057
21,HOXD13,hox,-0.7296278036256709,1.3979892832095457,0.0002675190175795983
21,HOXD4,hox,-0.86688538516654,1.7611934454944926,0.00022562161692096794
21,RAB10,rab_gtpase,0.9312256571063928,2.0239926481420936,0.00015925244572434494
21,RAB11A,rab_gtpase,0.051202523014463486,0.47733219344946265,6.6510468265224e-05
21,RAB14,rab_gtpase,-0.06697087168012048,0.22979803884129557,1.5385723988847744e-05
21,RAB15,rab_gtpase,0.017767996657968174,0.2711530280666594,2.1511497982906747e-05
21,RAB18,rab_gtpase,0.0684355359707139,0.20707462229631055,1.2490847331680932e-05
21,RAB1A,rab_gtpase,-0.10306764653395621,0.2656485443784104,2.043409224250503e-05
21,RAB1B,rab_gtpase,-0.15571830704929832,0.20235688920344103,1.1693703769410924e-05
21,RAB20,rab_gtpase,-0.9007618764390213,2.466586603249555,0.00033592795023817956
21,RAB22A,rab_gtpase,0.9047684427518327,5.636648016095359,0.0016881297645963134
21,RAB23,rab_gtpase,-0.28472492603877086,0.2674673348016705,1.923991345453846e-05
21,RAB24,rab_gtpase,0.24520664889139188,0.4816585887416497,6.381696806712078e-05
21,RAB25,rab_gtpase,0.2602164621432534,0.5213623253334602,7.416848393893005e-05
21,RAB27A,rab_gtpase,-0.7483033184848109,0.5249406765960115,3.548923403218218e-05
21,RAB27B,rab_gtpase,-0.4013706621938047,0.23000343415475855,1.2988430484806024e-05
21,RAB29,rab_gtpase,0.7843574841433278,17.604891788939423,0.0355338793709169
21,RAB2B,rab_gtpase,-0.08628287135417233,0.31122174349068277,2.8136810465650974e-05
21,RAB30,rab_gtpase,-0.9319154019234289,11.923824316978392,0.005488273129028665
21,RAB34,rab_gtpase,0.27471804804485067,0.3007559457991857,2.4475352681019302e-05
21,RAB35,rab_gtpase,0.03967509374543947,0.1437265039835283,6.036220027594297e-06
21,RAB36,rab_gtpase,0.04823309382545657,0.4989830200301467,7.270260681324636e-05
21,RAB38,rab_gtpase,-0.7627352103117582,0.5811655468229383,4.1343121661596705e-05
21,RAB39B,rab_gtpase,0.7817959803180763,1.5206980968363706,0.0002631710248494068
21,RAB3A,rab_gtpase,-0.34792215924940983,0.28851816691016324,2.1413587288132696e-05
21,RAB3C,rab_gtpase,-0.5997122478471322,0.6825925235993551,8.732334899230754e-05
21,RAB3D,rab_gtpase,0.6274730952342816,0.4002554414134675,2.8426691657701397e-05
21,RAB4A,rab_gtpase,-0.044303548351781866,0.35573199609083556,3.69636463997125e-05
21,RAB5A,rab_gtpase,0.7812607521668091,0.8240782185964648,7.744298699929875e-05
21,RAB5B,rab_gtpase,0.035023959708754486,0.40977531287592056,4.9084386599229646e-05
21,RAB6A,rab_gtpase,0.6574245122279914,2.8237909779931543,0.001325920071502118
21,RAB6B,rab_gtpase,-0.1606626018620471,0.34783240097008633,3.44956489763959e-05
21,RAB7B,rab_gtpase,0.9152237330475798,1.1312929727489047,6.081789490708367e-05
21,RAB8A,rab_gtpase,0.012603044532409709,0.24619370501207785,1.773629677137567e-05
21,RAB9A,rab_gtpase,-0.5679627960826463,0.28945983962783606,1.6611595090476605e-05
21,RAB9B,rab_gtpase,-0.7898909317360863,0.6188375046540583,4.215100800242233e-05
21,RASEF,rab_gtpase,0.5060436156623257,0.3245007666044075,2.2926448272508893e-05
21,DIRAS1,ras_gtpases,0.034851879257141075,0.37939054425650426,4.2075423742904405e-05
21,NRAS,ras_gtpases,0.9554005210418038,2.1466655087137227,0.0001176234748784255
21,RALA,ras_gtpases,-0.2088625709957871,0.17430913401455478,8.504429683253711e-06
21,RALB,ras_gtpases,-0.42762141445391516,0.35664566744695936,3.0419434497885867e-05
21,RAP1A,ras_gtpases,-0.24430831675762518,0.23415692854867504,1.5089128023726417e-05
21,RAP1B,ras_gtpases,0.09128024225220606,0.946898709941415,0.0002602579624875201
21,RAP2A,ras_gtpases,0.6109050876258117,0.3709000064865338,2.5235903717502062e-05
21,RAP2B,ras_gtpases,-0.769112125157666,0.5622697734830502,3.779447890184251e-05
21,RAP2C,ras_gtpases,0.11016608752877623,0.19165151200763073,1.0619349400053935e-05
21,RASD2,ras_gtpases,0.09874892911894997,0.4657463700937115,6.28682052978835e-05
21,RASL10A,ras_gtpases,0.023287627592171324,0.5854028415928502,0.00010024668687269589
21,RASL10B,ras_gtpases,0.011024692244861491,0.20193476988952994,1.1932905587319631e-05
21,RERGL,ras_gtpases,0.23351318610931296,0.691723913191865,0.00013240884936416286
21,RHEB,ras_gtpases,0.37112660480284637,0.19335244445858243,9.43444500434154e-06
21,CYP20A1,cytochrome_p450,0.4389534912982953,0.49147755435695184,5.7074167671533615e-05
21,CYP26B1,cytochrome_p450,-0.02701452865725153,0.3172837354731588,2.944144696581663e-05
21,CYP8B1,cytochrome_p450,-0.24443549058347483,0.9912323887600626,0.00027041316108744606
21,PTGIS,cytochrome_p450,0.25289838795725533,0.5018681556461241,6.900236598195164e-05
21,ARF1,arf_gtpase,-0.20664764142006087,0.6075015970252898,0.00010340417705756444
21,ARF3,arf_gtpase,-0.5651889076446157,0.31402352056521177,1.964129833897932e-05
21,ARF5,arf_gtpase,0.9287963869283123,5.946822348479436,0.0014224648186598188
21,ARF6,arf_gtpase,0.16251546467116704,0.26738959829500075,2.0372445809990758e-05
21,ARL1,arf_gtpase,-0.22896200090294175,0.2898858278428684,2.3304911582422427e-05
21,ARL13B,arf_gtpase,0.598774461770676,0.4350799917794025,3.553823916624399e-05
21,ARL3,arf_gtpase,0.05521502870307218,0.21532750220547298,1.3528513577942824e-05
21,ARL4A,arf_gtpase,0.06546347761207683,0.5158329294914721,7.754325106357207e-05
21,ARL5A,arf_gtpase,0.4464223688162422,0.31954267074291637,2.392824102004365e-05
21,ARL5B,arf_gtpase,0.9023538240967263,8.819411198471164,0.004237610884019971
21,ARL5C,arf_gtpase,-0.6269571393386787,0.6132255923284674,6.679809660248281e-05
21,ARL6,arf_gtpase,0.8751300959249964,1.612553673340226,0.00017820932870415973
21,ARL8A,arf_gtpase,0.04451450401660721,0.25228711652340535,1.8591179830163007e-05
21,ARL8B,arf_gtpase,0.10312911467704902,0.23640465724464804,1.6182515723217605e-05
21,SAR1A,arf_gtpase,0.9282975906908979,3.8046328667420326,0.0005859151952294361
21,TRIM23,arf_gtpase,0.8635793878051573,2.355058642773232,0.00041275769376813987
21,CDC42,rho_gtpase,-0.1791751413258795,0.3954388935141307,4.4296702069734906e-05
21,RHOA,rho_gtpase,-0.25107655195780026,0.3700129137202478,3.754373043041159e-05
21,RHOB,rho_gtpase,0.7921246228416031,0.4324240175173157,2.038775911017421e-05
21,RHOBTB1,rho_gtpase,-0.5297465424165657,0.28648999188938185,1.7280182901924235e-05
21,RHOG,rho_gtpase,0.17604463515694954,0.28598534763293887,2.3194995246500483e-05
21,RHOQ,rho_gtpase,0.9147353839632636,7.029266900525722,0.0023636623208258545
21,RND1,rho_gtpase,-0.27299857662130755,0.45669046168817945,5.6492855027068245e-05
21,RND3,rho_gtpase,-0.10303778931845144,0.22924656134350305,1.5217653705601464e-05
22,HOXA1,hox,-0.14058740288318886,0.43868338075133995,4.623302911788141e-05
22,HOXA10,hox,-0.2608726532348382,0.5990838695384655,8.19772244819994e-05
22,HOXA13,hox,0.865271046193822,0.8513773209316207,4.464433877549023e-05
22,HOXA3,hox,-0.5996356169891239,0.929329386496698,0.00013556729790187294
22,HOXA4,hox,0.8509739529399131,3.495129297216431,0.0008261864788047246
22,HOXA5,hox,-0.2245239698383299,0.4068419926654618,3.852168179119264e-05
22,HOXA6,hox,-0.34272344924384107,0.5574053668356558,6.720494919887354e-05
22,HOXA7,hox,-0.6952072300615775,0.7960669800027952,8.025161181213214e-05
22,HOXB2,hox,-0.3056248848554288,0.7236562275871417,0.00011636224814459695
22,HOXB4,hox,-0.6740006043247629,1.0974531520988677,0.0001610975846060292
22,HOXB5,hox,-0.446241445047976,0.6727802755455202,8.884575969680952e-05
22,HOXB7,hox,-0.6422230980946707,0.7727150515690823,8.59827894030829e-05
22,HOXB8,hox,0.15633225509242504,0.3292085329089184,2.591263269269284e-05
22,HOXB9,hox,0.07049906802231294,0.3571467954454046,3.110613503098936e-05
22,HOXC11,hox,0.17182489582831695,0.6520314670104258,0.00010112385590776984
22,HOXC12,hox,0.6540826441605863,0.5073866220110519,3.610148619570541e-05
22,HOXC4,hox,0.6322595692434476,0.7040012956219812,7.291267192144346e-05
22,HOXC5,hox,0.024623984258205448,1.191750860115484,0.000347930704434507
22,HOXC6,hox,0.4628176401635251,0.5358986906669149,5.530940592024525e-05
22,HOXC8,hox,0.6021690533535781,0.7457451789017302,8.687930471906746e-05
22,HOXC9,hox,-0.07021227564249517,0.8666278599102994,0.0001831759559717261
22,HOXD10,hox,-0.2378118849642218,0.34256538306599116,2.7134343696832985e-05
22,HOXD11,hox,-0.43612978883803405,1.4259827071079854,0.0004036441651121825
22,HOXD12,hox,0.20612228863123971,0.7331555804805049,0.00012614623537565706
22,HOXD13,hox,-0.6424221339828025,1.441812806654158,0.00029925941515496213
22,HOXD4,hox,-0.8007905013361257,1.7811714903504674,0.0002789683573739543
22,RAB10,rab_gtpase,0.8904180893602387,2.0599921877431537,0.0002154687688886714
22,RAB11A,rab_gtpase,0.25123527252547373,0.6481158105530198,9.645398903679325e-05
22,RAB14,rab_gtpase,0.021663290406608148,0.2567112945504507,1.614355796597522e-05
22,RAB15,rab_gtpase,0.19487025079307166,0.3292352844960822,2.5557276852827826e-05
22,RAB18,rab_gtpase,0.26292355354785435,0.2603761466519944,1.546696154408611e-05
22,RAB1A,rab_gtpase,-0.10890226774793235,0.2921158174208357,2.0665356638693844e-05
22,RAB1B,rab_gtpase,0.03771518916323658,0.24029824465844554,1.4131742959389015e-05
22,RAB20,rab_gtpase,-0.8196380644788893,2.472614232474444,0.0004918799419186826
22,RAB22A,rab_gtpase,0.8493502932602823,5.67649855405084,0.0022026056417800977
22,RAB23,rab_gtpase,-0.08153872461072312,0.29771979988794733,2.1579069141575147e-05
22,RAB24,rab_gtpase,0.3514328720836781,0.5796880148576474,7.21877307167107e-05
22,RAB25,rab_gtpase,0.3461854040942509,0.6322822862408027,8.624022998493519e-05
22,RAB27A,rab_gtpase,-0.48943727520528746,0.5595804356312926,5.8360459131878706e-05
22,RAB27B,rab_gtpase,-0.21830540410819219,0.25621911322071567,1.532248887536891e-05
22,RAB29,rab_gtpase,0.6952534171849856,17.598735541248903,0.04001504606610373
22,RAB2B,rab_gtpase,0.053836882407468936,0.4254805251989049,4.424029850613742e-05
22,RAB30,rab_gtpase,-0.8866838660413975,11.870877861983804,0.007411028631978289
22,RAB34,rab_gtpase,0.3673866954788617,0.338135995845895,2.423970921772156e-05
22,RAB35,rab_gtpase,0.17084059815011188,0.17588527056114608,7.36047772764703e-06
22,RAB36,rab_gtpase,0.020608582910996594,0.6030587969040532,8.909715391480777e-05
22,RAB38,rab_gtpase,-0.5547449211626156,0.5971246707185113,6.0495191340770305e-05
22,RAB39B,rab_gtpase,0.7709203306842171,1.641724665143459,0.0002680119009503823
22,RAB3A,rab_gtpase,-0.2658863013268419,0.3138171971568439,2.2429832847836728e-05
22,RAB3C,rab_gtpase,-0.3659437477438699,0.7530217384026201,0.00012036810671678388
22,RAB3D,rab_gtpase,0.526949360904397,0.4312088048906307,3.2917308383506594e-05
22,RAB4A,rab_gtpase,0.06720332687671696,0.41524671456893014,4.2069307579772897e-05
22,RAB5A,rab_gtpase,0.7080240123696903,0.830884802805451,8.438217645456714e-05
22,RAB5B,rab_gtpase,0.26250042036078647,0.5841330828551857,7.786521443153838e-05
22,RAB6A,rab_gtpase,0.6089004648798668,3.1064257784257916,0.001489263719589462
22,RAB6B,rab_gtpase,-0.1757463640293366,0.3992184952643682,3.7854167759809876e-05
22,RAB7B,rab_gtpase,0.8986271524961824,1.165100088989986,6.403410870048365e-05
22,RAB8A,rab_gtpase,-0.04916412552754983,0.3001431375509692,2.2025220755672592e-05
22,RAB9A,rab_gtpase,-0.25048084089749306,0.34183850121705045,2.6842145158911812e-05
22,RAB9B,rab_gtpase,-0.6060655954222979,0.646480597038406,6.48069992957856e-05
22,RASEF,rab_gtpase,0.5778177820514653,0.3997281781976927,2.6085648389906346e-05
22,DIRAS1,ras_gtpases,0.011087696687602818,0.42050735999000866,4.333241344778305e-05
22,NRAS,ras_gtpases,0.9151769089966667,2.166886601355066,0.00018695867385087883
22,RALA,ras_gtpases,0.04645903462744537,0.23653842273685338,1.3682882942567254e-05
22,RALB,ras_gtpases,-0.2687947737087067,0.4022332796332236,3.678784230898291e-05
22,RAP1A,ras_gtpases,-0.17289397123580583,0.2539533426195115,1.5333482322743563e-05
22,RAP1B,ras_gtpases,0.06809619141832142,1.0783093430785005,0.000283687013627687
22,RAP2A,ras_gtpases,0.6375603460455211,0.4222361996136245,2.5933386905596656e-05
22,RAP2B,ras_gtpases,-0.6286411411169714,0.5795730605586492,4.979159553220036e-05
22,RAP2C,ras_gtpases,0.2750930565884129,0.23600655544387464,1.261783002726169e-05
22,RASD2,ras_gtpases,0.12478935726335394,0.5195561609430743,6.512872694897087e-05
22,RASL10A,ras_gtpases,0.007618013487394797,0.6578975282491951,0.00010607767679426949
22,RASL10B,ras_gtpases,0.24433223995994396,0.2611507091195968,1.5716749776295558e-05
22,RERGL,ras_gtpases,0.396499162066831,0.9416171293196478,0.00018315411919311853
22,RHEB,ras_gtpases,0.4856480586076479,0.2582187007497727,1.2487171537234332e-05
22,CYP20A1,cytochrome_p450,0.5049911847564524,0.5709404190098322,5.951837319650988e-05
22,CYP26B1,cytochrome_p450,0.0923637858948534,0.3557524984470378,3.075327452117804e-05
22,CYP8B1,cytochrome_p450,-0.11384195000075356,1.0673711691857035,0.0002756355378101816
22,PTGIS,cytochrome_p450,0.3656719394048956,0.5749054598073913,7.017429754840876e-05
22,ARF1,arf_gtpase,-0.09754072771086289,0.7105019835272154,0.00012255050860865424
22,ARF3,arf_gtpase,-0.42488819769738684,0.3517039310518518,2.4842915880896044e-05
22,ARF5,arf_gtpase,0.8700034248863749,5.944804498778948,0.0021077400967910442
22,ARF6,arf_gtpase,0.271811028697904,0.3476365023385447,2.74304570225814e-05
22,ARL1,arf_gtpase,-0.11108229106324817,0.3326056123914878,2.6778263148119485e-05
22,ARL13B,arf_gtpase,0.5977466441965591,0.46880744147742026,3.4618939566466445e-05
22,ARL3,arf_gtpase,0.21049643258287845,0.2596772067296138,1.579422650466178e-05
22,ARL4A,arf_gtpase,0.2826087139591076,0.7866947944945571,0.0001395734472527943
22,ARL5A,arf_gtpase,0.5028255744093646,0.4108884253225082,3.091587521264483e-05
22,ARL5B,arf_gtpase,0.8478643070084714,8.794983886613162,0.005343709919815698
22,ARL5C,arf_gtpase,-0.4587015346994381,0.6846826605034522,9.07217157165574e-05
22,ARL6,arf_gtpase,0.8355251311928268,1.6288468525065398,0.00019632367843747112
22,ARL8A,arf_gtpase,-0.06541267358653814,0.2928132916681507,2.092346095083908e-05
22,ARL8B,arf_gtpase,0.09905863611392537,0.27228181239475147,1.7991535160799543e-05
22,SAR1A,arf_gtpase,0.8855778240459585,3.792605161410126,0.0007608601485116218
22,TRIM23,arf_gtpase,0.8528636782624588,2.49507564374858,0.0004160358988121171
22,CDC42,rho_gtpase,0.04425443654868298,0.4854508926609012,5.76449683657998e-05
22,RHOA,rho_gtpase,-0.11251986451447853,0.4463273474378112,4.820516107462147e-05
22,RHOB,rho_gtpase,0.7814371789529302,0.4667157374707978,2.078575785202652e-05
22,RHOBTB1,rho_gtpase,-0.3132608900778529,0.3220295890282588,2.2921814039622568e-05
22,RHOG,rho_gtpase,0.2906613795570781,0.36196552664187265,2.9397905225936327e-05
22,RHOQ,rho_gtpase,0.8629197150170183,7.03952728300388,0.003106281677446865
22,RND1,rho_gtpase,-0.019572898486404096,0.546987884254308,7.33017902670996e-05
22,RND3,rho_gtpase,0.1755708282663347,0.31617800705052884,2.3745443336387062e-05
23,HOXA1,hox,-0.09595060124505819,0.4865835082839803,4.17544476704057e-05
23,HOXA10,hox,-0.11880691333693143,0.6110379380853455,6.551980042601713e-05
23,HOXA13,hox,0.8471936305695654,1.0466289674423723,5.503602970347021e-05
23,HOXA3,hox,-0.4886815154104579,0.9505272389250637,0.00012241785645461523
23,HOXA4,hox,0.8051118269365806,3.7132107399209064,0.0008637183592723474
23,HOXA5,hox,-0.2233797890156061,0.5023226931761511,4.267176608996337e-05
23,HOXA6,hox,-0.2776645579605241,0.6719508745498751,7.417246126539823e-05
23,HOXA7,hox,-0.5983269459452066,0.8583268155000436,8.418946072552558e-05
23,HOXB2,hox,-0.10110391105647384,0.7719594939784137,0.00010498938335434804
23,HOXB4,hox,-0.5475517376691187,1.1505029550655366,0.00016497615175858904
23,HOXB5,hox,-0.2910690519791909,0.7233261310216645,8.523853765429745e-05
23,HOXB7,hox,-0.4984967633570012,0.772589784976728,7.98436855609097e-05
23,HOXB8,hox,0.2410530014757729,0.40440087690634713,2.7417488663195044e-05
23,HOXB9,hox,0.11676855710831657,0.44436851655250365,3.466790160377986e-05
23,HOXC11,hox,0.3276439162875646,0.7991613569713547,0.00010147701891483063
23,HOXC12,hox,0.6503288262222344,0.5839430595530122,3.5024721373733136e-05
23,HOXC4,hox,0.6928960755255414,0.8871290922667034,7.282841983335953e-05
23,HOXC5,hox,0.1890065903505273,1.345526124784632,0.00031077717171434927
23,HOXC6,hox,0.521923592158376,0.6669637392054464,5.7610664331519956e-05
23,HOXC8,hox,0.6114371357514063,0.8524220300124279,8.098364874309372e-05
23,HOXC9,hox,0.050719759063395334,0.9295880952963438,0.00015342337374346648
23,HOXD10,hox,-0.0850369919916371,0.3985760844652987,2.8071939153329062e-05
23,HOXD11,hox,-0.246077761705556,1.3275913912932464,0.00029475442168169774
23,HOXD12,hox,0.2832172930053528,0.8650284653702144,0.00012250981631645175
23,HOXD13,hox,-0.5333898004498661,1.3997267226332804,0.0002495417756478435
23,HOXD4,hox,-0.7214129931444829,1.820557365605103,0.000282951422197919
23,RAB10,rab_gtpase,0.8556720866297639,2.1076956790512296,0.00021179179701957818
23,RAB11A,rab_gtpase,0.338813673253217,0.8612093165623023,0.0001168644942306507
23,RAB14,rab_gtpase,0.01261127318776732,0.33009362947259646,1.9391222233489103e-05
23,RAB15,rab_gtpase,0.3488950829222084,0.4208029792706561,2.768143079467933e-05
23,RAB18,rab_gtpase,0.3849865306528493,0.3872478350926438,2.273572856825723e-05
23,RAB1A,rab_gtpase,-0.1841644250299383,0.3563044826243423,2.183020058310614e-05
23,RAB1B,rab_gtpase,0.2417469984335902,0.32906924183614356,1.8147698005011037e-05
23,RAB20,rab_gtpase,-0.7275503777489587,2.478051382830661,0.0005145707101624764
23,RAB22A,rab_gtpase,0.8062379437566451,5.812233888012145,0.0021066059660939107
23,RAB23,rab_gtpase,0.03941442259530637,0.3574697125703687,2.270931311942892e-05
23,RAB24,rab_gtpase,0.493891945150114,0.7462597285788487,7.4947040128448e-05
23,RAB25,rab_gtpase,0.4325509748407905,0.7965292158604406,9.180282767129455e-05
23,RAB27A,rab_gtpase,-0.25610187718753563,0.6363360220528926,6.734753955339734e-05
23,RAB27B,rab_gtpase,-0.047620800731127906,0.3319679696441882,1.957070151092921e-05
23,RAB29,rab_gtpase,0.6440860257588947,17.764713483128947,0.033427335080666976
23,RAB2B,rab_gtpase,0.24805533172394503,0.5591481556320609,5.222526146297923e-05
23,RAB30,rab_gtpase,-0.8293927659438015,12.039317065174945,0.008084682941550625
23,RAB34,rab_gtpase,0.3993327215813447,0.4202220752677632,2.6418867193234163e-05
23,RAB35,rab_gtpase,0.3030134950920464,0.2377817129694438,9.139615698927628e-06
23,RAB36,rab_gtpase,0.05954171916854982,0.7111228507902864,8.969373447864637e-05
23,RAB38,rab_gtpase,-0.27397274037389896,0.6721568306723634,7.43817191930507e-05
23,RAB39B,rab_gtpase,0.7830946739982456,2.006875384045792,0.0002772946007141286
23,RAB3A,rab_gtpase,-0.2089115680222834,0.3690535173566458,2.3184570986378716e-05
23,RAB3C,rab_gtpase,-0.06910419249392638,0.9130235637682593,0.0001476770175180553
23,RAB3D,rab_gtpase,0.4701614031112155,0.5341026075672508,3.955144531930799e-05
23,RAB4A,rab_gtpase,0.128949628502228,0.4949671032970795,4.28820543568742e-05
23,RAB5A,rab_gtpase,0.5792200537311407,0.866162813104092,8.873843944245952e-05
23,RAB5B,rab_gtpase,0.43056106914905057,0.8250118893065952,9.869409479401625e-05
23,RAB6A,rab_gtpase,0.5716577964082186,3.748107773527839,0.0016847472458846324
23,RAB6B,rab_gtpase,-0.22187624703689796,0.4967718944688026,4.1763295654639876e-05
23,RAB7B,rab_gtpase,0.8644544897141756,1.3074099929591094,7.68905531992603e-05
23,RAB8A,rab_gtpase,0.04933223089012519,0.37149810045322806,2.4505076551162297e-05
23,RAB9A,rab_gtpase,0.03843379403180641,0.4492953378796243,3.587776529800912e-05
23,RAB9B,rab_gtpase,-0.38790292648719943,0.6867631042492682,7.131888687605947e-05
23,RASEF,rab_gtpase,0.7106445262692684,0.5512632761001854,2.6773871603213983e-05
23,DIRAS1,ras_gtpases,0.10973568301174527,0.4809653650448993,4.0679042517366426e-05
23,NRAS,ras_gtpases,0.8673084911544878,2.397964955208005,0.00025362713203547216
23,RALA,ras_gtpases,0.2013930637171651,0.3372193576286414,1.941972936347902e-05
23,RALB,ras_gtpases,-0.067925185799978,0.4736631285168279,3.974981909304898e-05
23,RAP1A,ras_gtpases,0.036841152191354934,0.2966963146837111,1.5647091083703657e-05
23,RAP1B,ras_gtpases,-0.08747607738243399,1.3032981239494263,0.00030006299394769176
23,RAP2A,ras_gtpases,0.6506180525335935,0.501522372237532,2.5818383359244024e-05
23,RAP2B,ras_gtpases,-0.4658355063297794,0.6468255779142528,5.831000128897479e-05
23,RAP2C,ras_gtpases,0.33360597950694676,0.2978950888218742,1.4037317567772156e-05
23,RASD2,ras_gtpases,0.2500949368032549,0.6226001715648156,6.46811248874446e-05
23,RASL10A,ras_gtpases,0.05278888279225615,0.8078937098101231,0.00011585571277916706
23,RASL10B,ras_gtpases,0.30198595734804323,0.3425290010497572,1.8978637983280144e-05
23,RERGL,ras_gtpases,0.5082765131796324,1.1887956103930508,0.0001865746291546122
23,RHEB,ras_gtpases,0.4996934027281031,0.3010642977045737,1.2104744237961818e-05
23,CYP20A1,cytochrome_p450,0.5419565415856975,0.6374062518111985,5.1076168644303976e-05
23,CYP26B1,cytochrome_p450,0.22013367893106978,0.4326961751457475,3.171000739676799e-05
23,CYP8B1,cytochrome_p450,0.09101967796308873,1.2067934126818813,0.00025710144889679043
23,PTGIS,cytochrome_p450,0.5331553750144972,0.7360335249337798,6.901833481498532e-05
23,ARF1,arf_gtpase,0.06386414312238846,0.8543645646410482,0.00012940032619024322
23,ARF3,arf_gtpase,-0.2817229921234033,0.41410026405116274,2.8099527747071917e-05
23,ARF5,arf_gtpase,0.8179726092129866,5.9986956442413835,0.0021217512975376662
23,ARF6,arf_gtpase,0.32172059074319975,0.5161857028168237,4.2517256097940326e-05
23,ARL1,arf_gtpase,0.018950485684906895,0.42026121214647355,3.1425718361344224e-05
23,ARL13B,arf_gtpase,0.612342565534475,0.512617046417193,2.9234363148389342e-05
23,ARL3,arf_gtpase,0.2024999708883708,0.33829858196989915,1.9535122704916752e-05
23,ARL4A,arf_gtpase,0.41985884879492363,1.0322131024426018,0.0001562238258565607
23,ARL5A,arf_gtpase,0.5582423621203942,0.6124558710014322,4.5959407675488784e-05
23,ARL5B,arf_gtpase,0.8027487338758487,9.072430820200495,0.005223165336898261
23,ARL5C,arf_gtpase,-0.3634254434469848,0.8483704400336648,0.00011119151214089573
23,ARL6,arf_gtpase,0.8075885758130246,1.632426828604324,0.00016497930901104851
23,ARL8A,arf_gtpase,-0.21329747319387518,0.3651215063523256,2.2649225201898382e-05
23,ARL8B,arf_gtpase,0.027714102478024062,0.3398243275292301,2.0538818613746734e-05
23,SAR1A,arf_gtpase,0.8488442645747624,3.9472442458444714,0.0007753130890828519
23,TRIM23,arf_gtpase,0.8321463061966798,2.946036004020848,0.00047518871379803596
23,CDC42,rho_gtpase,0.2467217063513407,0.6493782748505661,7.049065658937259e-05
23,RHOA,rho_gtpase,0.07516969027098151,0.5799919169888524,5.953764371058323e-05
23,RHOB,rho_gtpase,0.7251784269195317,0.6069287795406987,3.108585506006456e-05
23,RHOBTB1,rho_gtpase,-0.05231429441244205,0.3828122971249403,2.6012552720611204e-05
23,RHOG,rho_gtpase,0.394265491861526,0.4966811317294985,3.708403103241942e-05
23,RHOQ,rho_gtpase,0.828837672610509,7.212989945498533,0.0029029568982276155
23,RND1,rho_gtpase,0.18161489741283635,0.6840881405773055,8.055102151094395e-05
23,RND3,rho_gtpase,0.35317830846194626,0.4128717709081224,2.6556541446121074e-05
24,HOXA1,hox,0.4590594591907122,1.082014744646042,7.474517481964593e-05
24,HOXA10,hox,0.3017548739402649,1.1120124593632674,9.091891131418617e-05
24,HOXA13,hox,0.6658909242989784,1.602324512143078,0.00011559497135171792
24,HOXA3,hox,0.3266091293659965,1.7047431624987057,0.00021001570800427416
24,HOXA4,hox,0.4098588323818241,2.823473868459204,0.0005366531543348207
24,HOXA5,hox,-0.06366893855767176,0.9792432660354445,7.725238965838876e-05
24,HOXA6,hox,0.3010058503148076,1.533858240540127,0.00017307680703060324
24,HOXA7,hox,0.1507928487787389,1.3599257273760446,0.000146201213403363
24,HOXB2,hox,0.6119696159179902,1.5862502666715603,0.00012731269148524849
24,HOXB4,hox,0.3818297522695156,1.768686600125852,0.0002161670040216057
24,HOXB5,hox,0.3216612940514722,1.4682634661992469,0.00015634599421721074
24,HOXB7,hox,0.3070306099766223,1.324422373099472,0.00012851646955469587
24,HOXB8,hox,0.49320983262970514,1.069459340564422,7.001173364873381e-05
24,HOXB9,hox,0.41889213042747353,0.980135792428737,6.407234215310975e-05
24,HOXC11,hox,0.6986925952659133,1.94235479477187,0.0001562045553025193
24,HOXC12,hox,0.5636584180972156,1.0936414110844943,6.601015735496762e-05
24,HOXC4,hox,0.6634309248199551,1.6464573301414662,0.00012276785040976623
24,HOXC5,hox,0.5644817012673048,2.7273688286316444,0.00041004520820231427
24,HOXC6,hox,0.781885557672292,1.7676650052421723,9.823438778899796e-05
24,HOXC8,hox,0.48519504643494027,1.5805089638755658,0.00015450115778503637
24,HOXC9,hox,0.5982901560524468,1.7990014690904903,0.00016809147523466628
24,HOXD10,hox,0.36417727338791583,0.8346918764921504,4.888187962670543e-05
24,HOXD11,hox,0.483803603835166,1.9339962850008978,0.00023175602882119506
24,HOXD12,hox,0.5302899451332078,1.7542650773876454,0.00017894143981789234
24,HOXD13,hox,0.4941688992863217,1.747683720751447,0.00018674522556516582
24,HOXD4,hox,0.17587800058473357,1.8315011875753646,0.00026296826454130784
24,RAB10,rab_gtpase,0.3124924561072432,1.4050396825478773,0.0001440989471640508
24,RAB11A,rab_gtpase,0.5976952243629426,2.2380264311626714,0.00026044388053603207
24,RAB14,rab_gtpase,0.2597894567521812,0.857890036358931,5.551452019270098e-05
24,RAB15,rab_gtpase,0.6278970474720743,1.2098013519579964,7.171529797911358e-05
24,RAB18,rab_gtpase,0.6809978332158737,1.0821752951721124,5.079782289141299e-05
24,RAB1A,rab_gtpase,-0.1353766114016389,0.7755047067342989,4.7755590628639766e-05
24,RAB1B,rab_gtpase,0.6149445727343862,0.9144960109198061,4.206604552081661e-05
24,RAB20,rab_gtpase,0.410425075246557,1.8839130013611838,0.0002387484768994197
24,RAB22A,rab_gtpase,0.30348273716110225,2.7529244051122572,0.0005567044536916033
24,RAB23,rab_gtpase,0.5358105533781519,0.8352314618690302,4.022845816065157e-05
24,RAB24,rab_gtpase,0.7171055591007214,1.5682956391709826,9.664431573375154e-05
24,RAB25,rab_gtpase,0.43577598752947255,1.7193818421609228,0.0001937327508126918
24,RAB27A,rab_gtpase,0.39568056151901837,1.1874260724203651,9.619770167546005e-05
24,RAB27B,rab_gtpase,0.33947643526145416,0.8306925938246295,4.9384748482039775e-05
24,RAB29,rab_gtpase,0.07997750650072691,8.970973668439477,0.00648905930707222
24,RAB2B,rab_gtpase,0.4791596220908148,1.6642283333948933,0.0001726080499683258
24,RAB30,rab_gtpase,0.08352373777872678,6.570201564130025,0.003473361417364207
24,RAB34,rab_gtpase,0.6657104277886997,1.138036260352069,5.833446951153398e-05
24,RAB35,rab_gtpase,0.64314873502175,0.8029889372273505,3.058214436335582e-05
24,RAB36,rab_gtpase,0.16221369536883062,1.8024340603718974,0.0002559007979049399
24,RAB38,rab_gtpase,0.6170812757142055,1.2507857447274973,7.83608910037703e-05
24,RAB39B,rab_gtpase,0.6205646346461752,2.744541723001202,0.0003747168882428653
24,RAB3A,rab_gtpase,0.23931247737390524,1.203330851351725,0.0001104229252726352
24,RAB3C,rab_gtpase,0.4606959656222413,2.1941591287095,0.00030681346931205056
24,RAB3D,rab_gtpase,0.12329731631011,1.1619498856943455,0.00010755318099009425
24,RAB4A,rab_gtpase,0.5857210613037188,1.359084499623761,9.815488859377108e-05
24,RAB5A,rab_gtpase,0.09399331971704473,1.080373054969234,9.358191572383934e-05
24,RAB5B,rab_gtpase,0.6986073553927852,1.992119263541629,0.0001643501334674946
24,RAB6A,rab_gtpase,0.38126152738018726,5.311826793801196,0.0019524191922626333
24,RAB6B,rab_gtpase,-0.1765482857754031,1.2849462338313462,0.0001293969249832605
24,RAB7B,rab_gtpase,0.5140258351702498,1.3385863975732766,0.00010664499863111132
24,RAB8A,rab_gtpase,0.06080870804816638,0.9699679661487274,7.582290741514619e-05
24,RAB9A,rab_gtpase,0.6082765853932026,0.987843212750151,4.972847732720442e-05
24,RAB9B,rab_gtpase,0.4353860827444382,1.198014561549337,9.408989571368931e-05
24,RASEF,rab_gtpase,0.7855648542848779,1.4026917902284786,6.093788697503211e-05
24,DIRAS1,ras_gtpases,0.4916848039645257,1.259777271948228,9.734124259619392e-05
24,NRAS,ras_gtpases,0.45598724176470556,2.1953804059675477,0.00030883843436935177
24,RALA,ras_gtpases,0.6954741514134949,0.9764339472980311,3.9818763837629056e-05
24,RALB,ras_gtpases,0.5869538052435825,1.1238291043590374,6.696626145152873e-05
24,RAP1A,ras_gtpases,0.18272384753279514,0.6261687693410624,3.0656297017372935e-05
24,RAP1B,ras_gtpases,-0.1040744748541914,2.7113652497478347,0.0005883722270931813
24,RAP2A,ras_gtpases,0.5290068586223153,0.8685070658405738,4.393982488537507e-05
24,RAP2B,ras_gtpases,0.5948472585717888,1.4841378153014684,0.00011513023535847378
24,RAP2C,ras_gtpases,0.3669021715429382,0.6473201764081432,2.933127663296009e-05
24,RASD2,ras_gtpases,0.591831716113914,1.4145294081881583,0.0001051625864173511
24,RASL10A,ras_gtpases,0.6090846783434105,1.5485706471428187,0.0001220192038152712
24,RASL10B,ras_gtpases,0.5051151414266148,0.8947525785265966,4.8235672128527085e-05
24,RERGL,ras_gtpases,0.5810803716103915,2.520709459986728,0.00034047264917513864
24,RHEB,ras_gtpases,0.6184317810530526,0.6816954693874946,2.3212958799812e-05
24,CYP20A1,cytochrome_p450,0.6120052855396397,1.3054213502026584,8.621651563278654e-05
24,CYP26B1,cytochrome_p450,0.5627271558496838,1.4230485789463956,0.00011193798313091641
24,CYP8B1,cytochrome_p450,0.5636599593536881,2.3803830612380086,0.00031275701301014536
24,PTGIS,cytochrome_p450,0.748277979211543,1.799639444915403,0.00011529375718233315
24,ARF1,arf_gtpase,0.5621203205870411,2.1925781417529846,0.0002660205916013014
24,ARF3,arf_gtpase,0.268308136283519,1.1487855130316802,9.906733244924304e-05
24,ARF5,arf_gtpase,0.30238428780528387,3.2780288790183723,0.0007900063563798243
24,ARF6,arf_gtpase,0.485183142235667,1.3938200379877974,0.00012015734468484585
24,ARL1,arf_gtpase,0.49066603184460966,0.7998124266392639,3.9286729236365225e-05
24,ARL13B,arf_gtpase,0.5447790065981848,0.9924582298815252,5.6027769590127896e-05
24,ARL3,arf_gtpase,0.4773975645101482,0.8607535525297573,4.62716040796618e-05
24,ARL4A,arf_gtpase,0.6160070872550658,2.2515597402971115,0.0002544876641070726
24,ARL5A,arf_gtpase,0.5965934279199151,1.8106373725434697,0.00017081083324110846
24,ARL5B,arf_gtpase,0.3859859817278902,4.379404227904798,0.0013210894006534524
24,ARL5C,arf_gtpase,0.045235566561091387,1.7322323704845135,0.0002422441897701466
24,ARL6,arf_gtpase,0.4411976580897956,1.4844567482335376,0.00014355756651407425
24,ARL8A,arf_gtpase,-0.1800792749549085,0.93398782171548,6.82744722610984e-05
24,ARL8B,arf_gtpase,0.0740033704819781,0.7549019000377017,4.5844167841480044e-05
24,SAR1A,arf_gtpase,0.37272622571487585,2.2183804552041035,0.0003428195830137426
24,TRIM23,arf_gtpase,0.5675375852752587,3.46862205976129,0.0006599357778851456
24,CDC42,rho_gtpase,0.5077056131985366,1.823557635182696,0.00019966495033052478
24,RHOA,rho_gtpase,0.5355310354228535,1.6089705702801242,0.00014935576298347186
24,RHOB,rho_gtpase,0.5279532547121557,1.1554915025367198,7.789750625764036e-05
24,RHOBTB1,rho_gtpase,0.6616737150478056,1.1271235109439146,5.777169432863438e-05
24,RHOG,rho_gtpase,0.5209163114811778,1.3746294931562721,0.00011137565078656042
24,RHOQ,rho_gtpase,0.4128088363370972,3.986867735767828,0.001067176906038081
24,RND1,rho_gtpase,0.6716677436175442,1.4629611686131492,9.502279429862703e-05
24,RND3,rho_gtpase,0.5365336315267533,0.9429788607536911,5.122162874082736e-05
25,HOXA1,hox,0.5664074904199737,1.532608303471561,6.417902864019887e-05
25,HOXA10,hox,0.3507174959517847,1.4286633841490657,7.201185924199383e-05
25,HOXA13,hox,0.6801700692108671,2.048361152948771,9.070587961168552e-05
25,HOXA3,hox,0.3927517586521361,2.1571957529861403,0.00015833750996396834
25,HOXA4,hox,0.46265932133962023,3.2585806856763884,0.00033577867639633663
25,HOXA5,hox,0.04595170141027958,1.2123902913571092,5.9007883567496755e-05
25,HOXA6,hox,0.4227473913054815,2.1746776952020195,0.000156259981202167
25,HOXA7,hox,0.3206239397662429,1.8283735802371424,0.00012066347107486664
25,HOXB2,hox,0.6414617639216329,2.1490696340139714,0.00010935063317252247
25,HOXB4,hox,0.5329331475893511,2.3078905988947556,0.0001534250762508238
25,HOXB5,hox,0.380210131044689,1.903438679855414,0.0001246880616802004
25,HOXB7,hox,0.4172400523399863,1.5219151965676598,7.695929213602515e-05
25,HOXB8,hox,0.6009021150705126,1.48620722639615,5.677349139410204e-05
25,HOXB9,hox,0.4287766860625929,1.324429918788282,5.7593183376281054e-05
25,HOXC11,hox,0.7245827576592805,2.659769913338582,0.00013518328371875388
25,HOXC12,hox,0.6352289511521363,1.5685098882682462,5.903595643641513e-05
25,HOXC4,hox,0.6946051012635545,2.2061138567873124,0.00010133009957635775
25,HOXC5,hox,0.5500971299834317,3.524816499807224,0.00034862356777809467
25,HOXC6,hox,0.8095370504007814,2.3619567922397344,7.735154853405479e-05
25,HOXC8,hox,0.4439721811673749,2.01621170309158,0.0001313065696890714
25,HOXC9,hox,0.6408720112589259,2.1903579059206866,0.00011373893598243257
25,HOXD10,hox,0.44652935481523975,1.091038741262315,3.8339005664633774e-05
25,HOXD11,hox,0.5096930706517656,2.3417542979296084,0.00016330712770284972
25,HOXD12,hox,0.5903568884573315,2.3648321663369187,0.00014657606584866922
25,HOXD13,hox,0.5510415799089363,2.1175810305605727,0.00012562244711633586
25,HOXD4,hox,0.3243270820267081,2.294335088631849,0.00018950337594769717
25,RAB10,rab_gtpase,0.3594078665112938,1.8575476570639737,0.00012088374120511336
25,RAB11A,rab_gtpase,0.652155624712889,2.9531210441411173,0.00020163808079631806
25,RAB14,rab_gtpase,0.40109421072600454,1.1509078706808804,4.471435929087608e-05
25,RAB15,rab_gtpase,0.6612991610730347,1.6832723953859705,6.413826105533538e-05
25,RAB18,rab_gtpase,0.7283065286928846,1.6889248980160143,5.3884354272115687e-05
25,RAB1A,rab_gtpase,-0.19557573303268325,0.9931040267582978,3.815841783016971e-05
25,RAB1B,rab_gtpase,0.6810884199748567,1.259744128463598,3.422656350449138e-05
25,RAB20,rab_gtpase,0.504925158903628,2.3680529067739258,0.0001680874913226882
25,RAB22A,rab_gtpase,0.3771600470914163,3.1046808408223416,0.0003326575430001588
25,RAB23,rab_gtpase,0.6467735492271564,1.2733548735529585,3.794238107535097e-05
25,RAB24,rab_gtpase,0.7549349740571056,2.252052699972237,8.77503487509701e-05
25,RAB25,rab_gtpase,0.38081236536642443,2.1181264368119126,0.00015432082915167733
25,RAB27A,rab_gtpase,0.4790976802971562,1.5619233520389249,7.561698136593353e-05
25,RAB27B,rab_gtpase,0.4865023410773015,1.100002522702395,3.7156074819688634e-05
25,RAB29,rab_gtpase,0.0648378866227669,9.168635254717948,0.0033732087994045035
25,RAB2B,rab_gtpase,0.42293106543248266,2.057524865343683,0.00013984999105753904
25,RAB30,rab_gtpase,0.2441655584377352,6.8904856281909925,0.0017977338507281226
25,RAB34,rab_gtpase,0.698536795541856,1.525281163121045,4.7923642921055e-05
25,RAB35,rab_gtpase,0.7169880872836203,1.2086316521336413,2.85559398828239e-05
25,RAB36,rab_gtpase,0.15980336461732067,2.401083483598799,0.00022602643720870397
25,RAB38,rab_gtpase,0.7389793811950808,1.7930775249728115,5.870978135402716e-05
25,RAB39B,rab_gtpase,0.593290879839485,3.5025771734911433,0.00031985577874549254
25,RAB3A,rab_gtpase,0.4139015650355612,1.515412238892698,7.65593566420808e-05
25,RAB3C,rab_gtpase,0.5228561813877626,2.7635829988327965,0.00022327085470685848
25,RAB3D,rab_gtpase,0.2079254011740052,1.463143869871781,8.24002425664494e-05
25,RAB4A,rab_gtpase,0.6072146572651423,1.7321908591510442,7.620220221782326e-05
25,RAB5A,rab_gtpase,0.15708239195289364,1.2827120491638022,6.455830373852667e-05
25,RAB5B,rab_gtpase,0.7069569348568444,2.6125236227674757,0.00013735188498154027
25,RAB6A,rab_gtpase,0.37430309410515644,6.957935118683156,0.0016761069551598506
25,RAB6B,rab_gtpase,-0.13424134345572417,1.7252333581044423,0.00011758552874252537
25,RAB7B,rab_gtpase,0.5195850898512715,1.7626447142190445,9.124755040756938e-05
25,RAB8A,rab_gtpase,0.11209355321922487,1.2082287926521058,5.7989560776516846e-05
25,RAB9A,rab_gtpase,0.6969719104129246,1.372674863093917,3.8979090356439094e-05
25,RAB9B,rab_gtpase,0.5375473723310367,1.4874738535486842,6.329049816833354e-05
25,RASEF,rab_gtpase,0.7957024759340003,2.2408662429561272,7.410982351330198e-05
25,DIRAS1,ras_gtpases,0.5187512213817991,1.5941725433008935,7.472630184279794e-05
25,NRAS,ras_gtpases,0.4023959187805004,2.7374675139997593,0.0002526779509246513
25,RALA,ras_gtpases,0.7350186363178385,1.4897662005043266,4.1048279114441755e-05
25,RALB,ras_gtpases,0.668145226482236,1.680066697624765,6.286066274119317e-05
25,RAP1A,ras_gtpases,0.22593038135312776,0.7560536030541137,2.1821574143876532e-05
25,RAP1B,ras_gtpases,-0.11148880616735606,3.266721763478532,0.00042404769975790124
25,RAP2A,ras_gtpases,0.6245324860275446,1.1376000727203124,3.175537297817055e-05
25,RAP2B,ras_gtpases,0.6870870784534913,2.0311003046391147,8.761391705369714e-05
25,RAP2C,ras_gtpases,0.37868870431083196,0.8477842602330726,2.4767483143839364e-05
25,RASD2,ras_gtpases,0.6059032903407521,1.7707153571802547,7.983022851154598e-05
25,RASL10A,ras_gtpases,0.6563998024453458,2.2460127739140754,0.00011550437473606401
25,RASL10B,ras_gtpases,0.5620302434257873,1.2340777177073712,4.191389450614036e-05
25,RERGL,ras_gtpases,0.5910368569682201,3.370409806875276,0.00029738889302710625
25,RHEB,ras_gtpases,0.6538386815414807,1.1071876861187882,2.8232584651677328e-05
25,CYP20A1,cytochrome_p450,0.6703286047137789,1.8975780162087132,7.97682601757499e-05
25,CYP26B1,cytochrome_p450,0.6353499154296524,2.0023312349887505,9.61856037020592e-05
25,CYP8B1,cytochrome_p450,0.5917064855141878,2.984665726203551,0.00023292053436974047
25,PTGIS,cytochrome_p450,0.7527221371079491,2.4828536401538686,0.00010748657460879496
25,ARF1,arf_gtpase,0.5649995904371206,2.9687072216830375,0.00024139117298915824
25,ARF3,arf_gtpase,0.3925054964280422,1.512712456802367,7.787521894730975e-05
25,ARF5,arf_gtpase,0.24413596439546922,3.4314310158522128,0.00044554252611184175
25,ARF6,arf_gtpase,0.5648160367876223,1.7955675378247253,8.83261243111999e-05
25,ARL1,arf_gtpase,0.5682970066219952,1.051420020118838,3.010944349735034e-05
25,ARL13B,arf_gtpase,0.6329412673646096,1.4536015226405234,5.094930450766366e-05
25,ARL3,arf_gtpase,0.49286542451952403,1.1057966489669318,3.724198657861777e-05
25,ARL4A,arf_gtpase,0.62684325261607,2.7817219003791465,0.0001889886843035038
25,ARL5A,arf_gtpase,0.6613247293751605,2.442790574825643,0.0001350734995557712
25,ARL5B,arf_gtpase,0.40376211292171477,4.755957517022916,0.0007618769292240257
25,ARL5C,arf_gtpase,0.14800876759126005,2.3365071861312616,0.00021482833229424791
25,ARL6,arf_gtpase,0.5678470216819008,1.9236816720136718,0.0001008694950748179
25,ARL8A,arf_gtpase,-0.14739455035365434,1.2535580733939915,6.184342953763355e-05
25,ARL8B,arf_gtpase,0.20679563096872325,0.9240231595835284,3.287925829864591e-05
25,SAR1A,arf_gtpase,0.3796915493667251,2.6215700143099867,0.00023664337240525413
25,TRIM23,arf_gtpase,0.6112858562674501,4.144864576203553,0.00043296021242733573
25,CDC42,rho_gtpase,0.5839566303597727,2.410158069279255,0.00015400567344481253
25,RHOA,rho_gtpase,0.6247494734577047,2.2981965758096843,0.00012955092754829423
25,RHOB,rho_gtpase,0.5526628943455284,1.4339606329381918,5.745520308109153e-05
25,RHOBTB1,rho_gtpase,0.73396642278961,1.6672188376865074,5.158267837712671e-05
25,RHOG,rho_gtpase,0.587128180220423,1.7245869656103647,7.840518816615294e-05
25,RHOQ,rho_gtpase,0.47776316693770954,4.301325061516043,0.0005745554906740891
25,RND1,rho_gtpase,0.7255697063755396,2.0226945286638576,7.794215607792587e-05
25,RND3,rho_gtpase,0.5606183212829915,1.2148236130887171,4.071029669505677e-05
26,HOXA1,hox,0.7307664913439685,2.847802279078987,4.120245431471492e-05
26,HOXA10,hox,0.5447716565476817,2.160065191059517,3.5773543050177103e-05
26,HOXA13,hox,0.7331189511857668,3.243310060382079,5.304707572817424e-05
26,HOXA3,hox,0.5850393086648454,3.108558235446622,6.929580470982355e-05
26,HOXA4,hox,0.5922529583198194,4.290737693089539,0.00013032327885786898
26,HOXA5,hox,0.2937827552066366,1.9763144803344412,3.890873527123695e-05
26,HOXA6,hox,0.6181974594492167,4.083316635357101,0.00011231757509999607
26,HOXA7,hox,0.5038488525755068,2.728104060273201,6.05452509636617e-05
26,HOXB2,hox,0.6846035795781878,3.334287274917845,6.4402300011146e-05
26,HOXB4,hox,0.6697343316317764,3.3085451763511005,6.581518718207224e-05
26,HOXB5,hox,0.5638935840469009,2.927875714814946,6.374493382810265e-05
26,HOXB7,hox,0.6687877290355786,2.2361066834308154,3.01318628511682e-05
26,HOXB8,hox,0.793890976353665,3.08225020373685,3.8296936166415385e-05
26,HOXB9,hox,0.7308563948382617,2.616772373649114,3.4778546719294035e-05
26,HOXC11,hox,0.7673503314592808,4.223255634270119,7.995839550123396e-05
26,HOXC12,hox,0.7650114190547013,2.9340361885659005,3.892786156212136e-05
26,HOXC4,hox,0.7236398128703949,3.7517781399206465,7.310364812918024e-05
26,HOXC5,hox,0.5396802443027303,5.3110727339804855,0.0002179861347371137
26,HOXC6,hox,0.8440786358736755,3.7322582655383774,4.3668151184506065e-05
26,HOXC8,hox,0.5062852952806944,3.213126786971984,8.371129990203396e-05
26,HOXC9,hox,0.7714078290026296,3.5123042434752008,5.4463165415241654e-05
26,HOXD10,hox,0.6540215305533231,1.8498762908826543,2.1350454465829394e-05
26,HOXD11,hox,0.605017191457386,3.5564132440367606,8.742349961554652e-05
26,HOXD12,hox,0.7236966547877309,4.137492765239526,8.889302049797099e-05
26,HOXD13,hox,0.6670007625144968,3.342204554521639,6.760622013690654e-05
26,HOXD4,hox,0.4903248110431094,3.2629533613618604,8.817433392138696e-05
26,RAB10,rab_gtpase,0.5268444021828331,2.5087910323841554,4.9575304428839395e-05
26,RAB11A,rab_gtpase,0.7282405168339638,4.409365686597065,9.956108714026524e-05
26,RAB14,rab_gtpase,0.6820803941409549,2.3099100085326265,3.110912673831567e-05
26,RAB15,rab_gtpase,0.7522432679126034,2.988396302806073,4.227000580447893e-05
26,RAB18,rab_gtpase,0.8139476636652976,3.5595035786239606,4.662037424618681e-05
26,RAB1A,rab_gtpase,-0.062208612859668944,1.4586778732940089,2.310823365303527e-05
26,RAB1B,rab_gtpase,0.7487932298218619,1.9297130164636753,1.7835529703025266e-05
26,RAB20,rab_gtpase,0.6125807421122673,3.4788020602386633,8.243409897690235e-05
26,RAB22A,rab_gtpase,0.595595774462288,4.390428147001132,0.00013561528570815717
26,RAB23,rab_gtpase,0.8101618336445019,2.7651627108990167,2.864675419567142e-05
26,RAB24,rab_gtpase,0.7652488383497194,3.389685763968913,5.1912353621008656e-05
26,RAB25,rab_gtpase,0.45607175012577084,3.0416171499992664,7.988729553332075e-05
26,RAB27A,rab_gtpase,0.7053910108967014,2.6725073752963033,3.912399254435428e-05
26,RAB27B,rab_gtpase,0.7313078617726642,2.015946012830541,2.0611918421509223e-05
26,RAB29,rab_gtpase,0.12149763182754438,9.555390175157347,0.00098124658617893
26,RAB2B,rab_gtpase,0.5602489745628101,2.977572429082051,6.632339076118043e-05
26,RAB30,rab_gtpase,0.5032340030861687,8.229012641247973,0.0005514683101277562
26,RAB34,rab_gtpase,0.8104381592257489,2.7880274289622613,2.9084519650890428e-05
26,RAB35,rab_gtpase,0.8012108922166591,2.314355495551082,2.0909743810082482e-05
26,RAB36,rab_gtpase,0.3033096079096997,3.2360633003384587,0.00010367423305701617
26,RAB38,rab_gtpase,0.8621395073861883,3.318162128995937,3.081632318713279e-05
26,RAB39B,rab_gtpase,0.6537117656951487,4.882319774183599,0.00014883641402485548
26,RAB3A,rab_gtpase,0.5499427252791065,2.113968926203567,3.398716174474181e-05
26,RAB3C,rab_gtpase,0.6501479257180253,4.042044790643877,0.00010283922373555132
26,RAB3D,rab_gtpase,0.535638007431632,2.3857230584309326,4.425089585591291e-05
26,RAB4A,rab_gtpase,0.7493785412980538,3.0545881702667415,4.4600933433724954e-05
26,RAB5A,rab_gtpase,0.32305935512642747,1.5969648752178864,2.4903072794568715e-05
26,RAB5B,rab_gtpase,0.7723439919292705,3.9883122799679853,6.997574386891081e-05
26,RAB6A,rab_gtpase,0.27883880425864155,8.373806713627474,0.0007053003263801649
26,RAB6B,rab_gtpase,0.1530588547202405,2.263483472876411,5.455041913615677e-05
26,RAB7B,rab_gtpase,0.4860081133429478,2.572267881278474,5.509963001204543e-05
26,RAB8A,rab_gtpase,0.3885426951673667,2.034000698851232,3.829682506861776e-05
26,RAB9A,rab_gtpase,0.8373844883087452,2.7796751547878498,2.5169955945925082e-05
26,RAB9B,rab_gtpase,0.6810701359483586,2.371067806578318,3.286268077762333e-05
26,RASEF,rab_gtpase,0.8356968865917797,4.283763570163428,6.034450624914367e-05
26,DIRAS1,ras_gtpases,0.631991880752118,2.622471191347199,4.503327262395107e-05
26,NRAS,ras_gtpases,0.4428544657527584,3.4672629586977908,0.00010536939987682015
26,RALA,ras_gtpases,0.8511858868805833,2.7491921149536687,2.2700537645414798e-05
26,RALB,ras_gtpases,0.7346827408575503,2.6687453582088407,3.573834835668421e-05
26,RAP1A,ras_gtpases,0.4775619814459666,1.018533134372607,8.730911470578029e-06
26,RAP1B,ras_gtpases,-0.038195801700216775,3.9791457433857578,0.00017238915792994192
26,RAP2A,ras_gtpases,0.7766063185270742,2.025825412170943,1.775811469328925e-05
26,RAP2B,ras_gtpases,0.7342671984756645,3.2182066270956726,5.203879236759246e-05
26,RAP2C,ras_gtpases,0.5622748408635363,1.5208374642168212,1.7244681638772796e-05
26,RASD2,ras_gtpases,0.6279643885549491,2.8779721686921653,5.469420993708951e-05
26,RASL10A,ras_gtpases,0.7485724460643248,4.1161509875928255,8.12126372808919e-05
26,RASL10B,ras_gtpases,0.7557296233785988,2.4728229633070296,2.8592200538302137e-05
26,RERGL,ras_gtpases,0.6535667525916978,5.287370444221399,0.00017461661990758603
26,RHEB,ras_gtpases,0.7899922635264403,2.3365853457203314,2.237595024168204e-05
26,CYP20A1,cytochrome_p450,0.7435837275004638,3.1178208976747235,4.738358216149763e-05
26,CYP26B1,cytochrome_p450,0.7641656671061818,3.7278509753051545,6.303823628517335e-05
26,CYP8B1,cytochrome_p450,0.6024906627257839,4.660785239522487,0.0001508761776773948
26,PTGIS,cytochrome_p450,0.7755773005682337,3.890187010809932,6.57488991883115e-05
26,ARF1,arf_gtpase,0.5624138969025223,4.053564624710898,0.00012248623873090114
26,ARF3,arf_gtpase,0.565571628888204,2.2041522440476755,3.602541612035548e-05
26,ARF5,arf_gtpase,0.2339642377118217,3.757967847219524,0.00014555134707328055
26,ARF6,arf_gtpase,0.7244970041120817,3.0590280637853784,4.847224134441053e-05
26,ARL1,arf_gtpase,0.7916110010702179,2.3170046054846423,2.1852641031161468e-05
26,ARL13B,arf_gtpase,0.7368618301590363,2.534018355907951,3.1996499310738e-05
26,ARL3,arf_gtpase,0.7060250855541108,2.2273298570897304,2.712673576465985e-05
26,ARL4A,arf_gtpase,0.754104698084394,4.757377398916337,0.00010643658933273681
26,ARL5A,arf_gtpase,0.7612953809602562,3.6556095951076775,6.125659064282196e-05
26,ARL5B,arf_gtpase,0.5027695689844521,5.6123442539698365,0.00025663820672516824
26,ARL5C,arf_gtpase,0.4767939235879788,3.518277356565507,0.00010428031891318579
26,ARL6,arf_gtpase,0.7213888140175967,3.177776678277298,5.280348931080425e-05
26,ARL8A,arf_gtpase,0.021846258745409845,1.5389816710835758,2.5810241181423166e-05
26,ARL8B,arf_gtpase,0.4751336688472317,1.3031439733866037,1.4334907222468551e-05
26,SAR1A,arf_gtpase,0.42055488838144056,3.022477558802537,8.198627960631644e-05
26,TRIM23,arf_gtpase,0.6738973410876385,5.677219534597189,0.00019183289363899902
26,CDC42,rho_gtpase,0.713387824888227,3.67071033353335,7.214281589718041e-05
26,RHOA,rho_gtpase,0.7568747118033893,3.8395221712531664,6.865419457935396e-05
26,RHOB,rho_gtpase,0.6863119937703648,2.352244555468025,3.1910572780291524e-05
26,RHOBTB1,rho_gtpase,0.8181180747246733,3.317350153618393,3.967617120481659e-05
26,RHOG,rho_gtpase,0.7659515249984269,3.1933755521777343,4.5953801973475095e-05
26,RHOQ,rho_gtpase,0.6461155145435887,5.358280365623674,0.00018236403136773216
26,RND1,rho_gtpase,0.8314001167638473,3.5139343193194525,4.156843712854741e-05
26,RND3,rho_gtpase,0.7738444830088691,2.3166826443352426,2.3474037789128488e-05
27,HOXA1,hox,0.7447384327293656,5.775298100098264,3.4721424233774556e-05
27,HOXA10,hox,0.671788132754192,4.6297990373583096,2.7491041203142608e-05
27,HOXA13,hox,0.7299255858159941,6.475642452096082,4.579435563356604e-05
27,HOXA3,hox,0.6848140249612299,5.5994647826943975,3.8917574000874033e-05
27,HOXA4,hox,0.6135056112212387,7.6286604138247025,8.483090119970615e-05
27,HOXA5,hox,0.398143982209602,3.88558970413015,2.9695473414581564e-05
27,HOXA6,hox,0.6590489275102571,7.500687621543626,7.438664758097069e-05
27,HOXA7,hox,0.4832687494170722,4.222572030895253,3.194265894412851e-05
27,HOXB2,hox,0.6737114686499854,7.505504598328985,7.190899640163728e-05
27,HOXB4,hox,0.727805202387009,6.122104265199981,4.120125155504528e-05
27,HOXB5,hox,0.6998428362435306,6.043781585444925,4.356220802259614e-05
27,HOXB7,hox,0.8008088769570344,4.679830195631563,1.8362305197583417e-05
27,HOXB8,hox,0.8226229664306489,6.53434247395018,3.226490852892283e-05
27,HOXB9,hox,0.7875099200074593,5.8699531107337855,3.059063190102851e-05
27,HOXC11,hox,0.82725358310689,8.374079278021831,5.173907523370325e-05
27,HOXC12,hox,0.7660241849553011,5.858421915473368,3.314832023459946e-05
27,HOXC4,hox,0.8027357797122842,7.433715626644188,4.5933303451484164e-05
27,HOXC5,hox,0.623275642540592,8.65177071899924,0.00010699774665179351
27,HOXC6,hox,0.8715111033455233,7.098153902587409,2.83191621972545e-05
27,HOXC8,hox,0.6307061562860998,5.439506526459076,4.1648680567329954e-05
27,HOXC9,hox,0.8281059654168171,6.886658606053212,3.483471519694081e-05
27,HOXD10,hox,0.7451106070307096,4.213614558682728,1.845923768839519e-05
27,HOXD11,hox,0.5972924537946407,7.272584038678942,7.952329999316721e-05
27,HOXD12,hox,0.7013146116011706,8.744383183232381,9.082431131446356e-05
27,HOXD13,hox,0.6788446080449209,6.5769459151566085,5.451443526749422e-05
27,HOXD4,hox,0.5945786894814786,5.49229065187278,4.558215689565159e-05
27,RAB10,rab_gtpase,0.6698676366725093,5.185690093853159,3.4651035041632916e-05
27,RAB11A,rab_gtpase,0.8049614093245363,8.349510648230872,5.7365184451763085e-05
27,RAB14,rab_gtpase,0.7676197773797698,6.098681981758642,3.571027260484971e-05
27,RAB15,rab_gtpase,0.8556372493109717,6.237872105050592,2.4364184180059034e-05
27,RAB18,rab_gtpase,0.780196307710676,7.9806211848188875,5.825246973456544e-05
27,RAB1A,rab_gtpase,0.12770464761485223,2.28678840653291,1.2023721930654041e-05
27,RAB1B,rab_gtpase,0.7679558515515366,3.203023074802024,9.837612875984725e-06
27,RAB20,rab_gtpase,0.6714333485606383,6.668308829777816,5.7079711633045704e-05
27,RAB22A,rab_gtpase,0.6618692687008293,7.31996458072778,7.037852543634315e-05
27,RAB23,rab_gtpase,0.8282136017977179,6.65910227419662,3.2552141837283166e-05
27,RAB24,rab_gtpase,0.8067215776466616,6.012404292509673,2.9505486737746445e-05
27,RAB25,rab_gtpase,0.5641806896572216,5.404851518331421,4.654750986232692e-05
27,RAB27A,rab_gtpase,0.8366048230446577,6.411500660956874,2.8834074622952066e-05
27,RAB27B,rab_gtpase,0.8145087559225451,4.008011173098533,1.2637713166840925e-05
27,RAB29,rab_gtpase,0.2819845318780788,10.719990932127114,0.00024727746559971564
27,RAB2B,rab_gtpase,0.712164003531122,5.707227708031805,3.752100278131554e-05
27,RAB30,rab_gtpase,0.7073981958439989,11.48059004290277,0.00015392142716286195
27,RAB34,rab_gtpase,0.8468305471783215,6.272855402878614,2.6017216661955445e-05
27,RAB35,rab_gtpase,0.8145744475704974,5.302011114451276,2.2108326079628426e-05
27,RAB36,rab_gtpase,0.5076970859672135,6.248984008122007,6.774940115905626e-05
27,RAB38,rab_gtpase,0.8976941024036394,6.510504534561191,1.9234715487370657e-05
27,RAB39B,rab_gtpase,0.7790412866398297,9.436134478661693,8.181418135788654e-05
27,RAB3A,rab_gtpase,0.6062880228010292,3.0137453991152525,1.3425902981478721e-05
27,RAB3C,rab_gtpase,0.7891997962997179,7.680578343587293,5.200611677047551e-05
27,RAB3D,rab_gtpase,0.6377502871004997,4.916390230135189,3.351823388919595e-05
27,RAB4A,rab_gtpase,0.8223580500167414,6.014979807889424,2.7376564932457548e-05
27,RAB5A,rab_gtpase,0.5037439669951969,3.1242021094529773,1.7024997530867836e-05
27,RAB5B,rab_gtpase,0.8449017312543066,7.469708854466002,3.7318232159466724e-05
27,RAB6A,rab_gtpase,0.3030731681032956,13.964521239401474,0.000414022003801251
27,RAB6B,rab_gtpase,0.4078095503519551,3.209808570194334,2.0076747221264846e-05
27,RAB7B,rab_gtpase,0.5299728354922081,5.177318485265944,4.5055897569090675e-05
27,RAB8A,rab_gtpase,0.6206333400142117,4.185580366239821,2.517596857187776e-05
27,RAB9A,rab_gtpase,0.841271291361761,5.643577254645697,2.175766866807649e-05
27,RAB9B,rab_gtpase,0.8360276953601846,5.635285151628691,2.234661749345168e-05
27,RASEF,rab_gtpase,0.8498195399544111,8.310620766571306,4.484818605232643e-05
27,DIRAS1,ras_gtpases,0.6668090171747588,4.847895961443438,3.0508278924590293e-05
27,NRAS,ras_gtpases,0.638845875884473,6.243211379204187,5.3924223480716904e-05
27,RALA,ras_gtpases,0.8528437683682879,5.826605654851381,2.1636092519927708e-05
27,RALB,ras_gtpases,0.7070500616635669,4.701957368353525,2.5842116199936704e-05
27,RAP1A,ras_gtpases,0.636208283376369,2.106889730519315,6.175921501760939e-06
27,RAP1B,ras_gtpases,0.04785444564421184,5.615243726395744,7.353310676450064e-05
27,RAP2A,ras_gtpases,0.8033240692015767,3.952382955139088,1.2950044523507565e-05
27,RAP2B,ras_gtpases,0.7158406738140013,5.473435048767484,3.4142211236209974e-05
27,RAP2C,ras_gtpases,0.6976638387901347,4.114398674486683,2.0308804825952542e-05
27,RASD2,ras_gtpases,0.7196986601843844,5.079622309928799,2.907181216449395e-05
27,RASL10A,ras_gtpases,0.7249122481491488,8.490003918862522,7.994601531913226e-05
27,RASL10B,ras_gtpases,0.7933151887939588,5.396798379725796,2.5232976085809433e-05
27,RERGL,ras_gtpases,0.7428884369335286,9.895077669181756,0.00010255983272000613
27,RHEB,ras_gtpases,0.5891533170696395,3.8749755414084985,2.2914686046315857e-05
27,CYP20A1,cytochrome_p450,0.8196250489862492,6.812683588415838,3.5606371844854046e-05
27,CYP26B1,cytochrome_p450,0.805607597029889,7.251642943470079,4.314299344276851e-05
27,CYP8B1,cytochrome_p450,0.6284220583484055,9.153252122870358,0.00011850015122449875
27,PTGIS,cytochrome_p450,0.8115183241961416,8.34550066942357,5.558455706888843e-05
27,ARF1,arf_gtpase,0.5965341566840486,6.134929331398005,5.666851647856408e-05
27,ARF3,arf_gtpase,0.6626008566827012,3.6781399664596415,1.7738535085132234e-05
27,ARF5,arf_gtpase,0.3681308118424171,4.937264057307977,4.925650903742085e-05
27,ARF6,arf_gtpase,0.7991994086194072,6.221445803818972,3.2685824909561845e-05
27,ARL1,arf_gtpase,0.7835837537658354,5.247197875251311,2.4840999523711993e-05
27,ARL13B,arf_gtpase,0.7675266121038277,6.287046693993115,3.796349975881963e-05
27,ARL3,arf_gtpase,0.7704779649388079,5.98792008417798,3.405647691157032e-05
27,ARL4A,arf_gtpase,0.8466219635517758,10.076623144672737,6.722196781483447e-05
27,ARL5A,arf_gtpase,0.7950731818580686,7.534326407815708,4.880966617204496e-05
27,ARL5B,arf_gtpase,0.7094227565696478,9.589708671127063,0.00010677522995083955
27,ARL5C,arf_gtpase,0.43898770375824353,6.771826852882759,8.653371821099043e-05
27,ARL6,arf_gtpase,0.7628250415422361,7.327843453669751,5.2476785709854035e-05
27,ARL8A,arf_gtpase,0.057002532031219216,2.2516141108271994,1.1811429527219808e-05
27,ARL8B,arf_gtpase,0.6480772852267506,2.4174153675342898,7.92235995750179e-06
27,SAR1A,arf_gtpase,0.6082922595644272,5.1453692511637215,3.898469179242081e-05
27,TRIM23,arf_gtpase,0.7574629446557565,10.378869948350342,0.00010732802671697961
27,CDC42,rho_gtpase,0.7696152957703165,7.062976111663773,4.7538308388106465e-05
27,RHOA,rho_gtpase,0.7904382023468426,7.2905363251089845,4.661502810021645e-05
27,RHOB,rho_gtpase,0.6764237065661375,4.855126936340712,2.9887774510628518e-05
27,RHOBTB1,rho_gtpase,0.853128053539795,7.564946921125092,3.640737590748788e-05
27,RHOG,rho_gtpase,0.8207441797228735,6.803141644812962,3.530809694152204e-05
27,RHOQ,rho_gtpase,0.7944169400134757,9.215184173490679,7.322511236318441e-05
27,RND1,rho_gtpase,0.8701162605731643,6.89270863463466,2.6973326482937487e-05
27,RND3,rho_gtpase,0.8762251797505517,5.82267354019312,1.840312447287662e-05
28,HOXA1,hox,0.5361242013081774,348.72213517896427,7.137867348849802e-06
28,HOXA10,hox,0.8109389778486952,785.9965803790033,1.742331387788454e-05
28,HOXA13,hox,0.840843345132487,1062.453451831949,2.7242516319359034e-05
28,HOXA3,hox,0.776582546119013,615.016006464906,1.2366814839959162e-05
28,HOXA4,hox,0.7516305486440901,1315.9552364180108,6.206063918234861e-05
28,HOXA5,hox,-0.14953386171024008,355.498311320271,1.0177378714115726e-05
28,HOXA6,hox,0.13018184136275746,487.5166370932124,1.9245965478642546e-05
28,HOXA7,hox,0.006238943432481083,417.0339917829099,1.4325472714848964e-05
28,HOXB2,hox,0.8802935530413889,1656.9357511187802,5.090324097167809e-05
28,HOXB4,hox,0.8679303425151649,1094.6831265079993,2.4351499548491695e-05
28,HOXB5,hox,0.8368796442515233,1046.6951165987314,2.7040516014986693e-05
28,HOXB7,hox,0.889015770430017,794.0663861233709,1.088911764723921e-05
28,HOXB8,hox,0.7987762723334882,574.004121098153,9.823547290066514e-06
28,HOXB9,hox,0.8097672262164157,880.7339402739702,2.1997946821894487e-05
28,HOXC11,hox,0.9537245557852029,1948.67778848993,2.8280037974948158e-05
28,HOXC12,hox,0.8913787343654843,1195.1017835328885,2.4170645239851574e-05
28,HOXC4,hox,0.9155559093976726,1491.8580049060408,2.9655507374437562e-05
28,HOXC5,hox,0.8239888988957758,2647.9244654988893,0.00018543578617669088
28,HOXC6,hox,0.9242018654629333,1286.13470824662,1.9873127871550267e-05
28,HOXC8,hox,0.8832577182261903,1663.3625875888245,5.010747499523127e-05
28,HOXC9,hox,0.9237530388350514,1462.7861742915186,2.5853480157822517e-05
28,HOXD10,hox,0.7712646248341362,658.2516984138445,1.4460514576430938e-05
28,HOXD11,hox,0.9001585622351971,1234.2448808919821,2.3806105507118147e-05
28,HOXD12,hox,0.8624494637747285,1759.904622697835,6.536106022292376e-05
28,HOXD13,hox,0.8248581411248692,1116.8048031741096,3.2836781775458235e-05
28,HOXD4,hox,0.3868801357801042,390.60483268511234,1.0686652943681096e-05
28,RAB10,rab_gtpase,0.6703078983898932,1528.3783097907158,0.00010596676251295456
28,RAB11A,rab_gtpase,0.789258452193916,838.1237592312966,2.1818461877209927e-05
28,RAB14,rab_gtpase,0.5599443281544824,446.8385536386479,1.1290165147559428e-05
28,RAB15,rab_gtpase,0.9046033793345855,596.9400569012869,5.333103231919267e-06
28,RAB18,rab_gtpase,0.7772402052050399,576.4082624746221,1.0834915591062533e-05
28,RAB1A,rab_gtpase,0.3580237882030085,134.3416633662799,1.2960682836959947e-06
28,RAB1B,rab_gtpase,0.7928622638225435,390.5841539658814,4.666768426586643e-06
28,RAB20,rab_gtpase,0.7146919604528975,731.365548310257,2.1555278827745106e-05
28,RAB22A,rab_gtpase,0.7378989886778923,1658.52044990018,0.0001032136527002736
28,RAB23,rab_gtpase,0.8346396094191307,484.12547858144103,5.857054314106769e-06
28,RAB24,rab_gtpase,0.9098566362664354,891.1705542178606,1.1262595226435579e-05
28,RAB25,rab_gtpase,0.7967733344477383,1153.5667282179722,4.0026532211134835e-05
28,RAB27A,rab_gtpase,0.888419447980432,884.391516944404,1.357559584425072e-05
28,RAB27B,rab_gtpase,0.7753094858706211,335.76408904509555,3.704315358787902e-06
28,RAB29,rab_gtpase,0.7991304850153786,1149.2920835010334,3.9321122603297454e-05
28,RAB2B,rab_gtpase,0.8714360053885191,1016.0709450251181,2.046099235586407e-05
28,RAB30,rab_gtpase,0.925179900320583,1813.3423682172954,3.901553234830768e-05
28,RAB34,rab_gtpase,0.6993967203721888,731.4669582574329,2.2514517861615957e-05
28,RAB35,rab_gtpase,0.7965424064745293,415.7383838081254,5.203943815867973e-06
28,RAB36,rab_gtpase,0.7310475337859701,1132.4898139792856,4.918624404226524e-05
28,RAB38,rab_gtpase,0.8542379496186744,760.4808279726916,1.2875648597976408e-05
28,RAB39B,rab_gtpase,0.8388875213027704,3045.2589256247365,0.00022634025058498874
28,RAB3A,rab_gtpase,0.7210423623217918,408.09043835747326,6.586033441280392e-06
28,RAB3C,rab_gtpase,0.8808846803803395,1301.855233632095,3.12782044593618e-05
28,RAB3D,rab_gtpase,0.3187312450415157,476.6111938735035,1.6810736470640464e-05
28,RAB4A,rab_gtpase,0.6640970925089783,404.17945305346655,7.5218101519558545e-06
28,RAB5A,rab_gtpase,0.4846972216137234,278.9777405650934,4.90478975612163e-06
28,RAB5B,rab_gtpase,0.5463452312739407,1186.0962645446398,8.129602583928364e-05
28,RAB6A,rab_gtpase,0.7389251843177856,5793.408381953879,0.0012559340017377352
28,RAB6B,rab_gtpase,-0.31226337476252736,571.6631534190716,2.4294540186708957e-05
28,RAB7B,rab_gtpase,0.7850295543501453,1624.56311421767,8.342482536849438e-05
28,RAB8A,rab_gtpase,0.5404414734709927,533.0902432750216,1.6571848087898466e-05
28,RAB9A,rab_gtpase,0.8792334622465673,728.3670195828602,9.917675577231222e-06
28,RAB9B,rab_gtpase,0.8119479654840055,881.5893348952962,2.1814285669385924e-05
28,RASEF,rab_gtpase,0.9251337656998619,1045.9115773860806,1.298731897392269e-05
28,DIRAS1,ras_gtpases,0.7687533110454342,624.8236637524244,1.3153472746330053e-05
28,NRAS,ras_gtpases,0.8616003879556172,2209.544261510117,0.00010361654130675024
28,RALA,ras_gtpases,0.8378303366976526,545.9703671470569,7.3180371459313776e-06
28,RALB,ras_gtpases,0.5947460455944935,471.92038201234135,1.1856013498512397e-05
28,RAP1A,ras_gtpases,0.5638581526186053,175.3718687640619,1.7279262332081657e-06
28,RAP1B,ras_gtpases,-0.409472121106133,658.8901760969036,2.976523184927693e-05
28,RAP2A,ras_gtpases,0.721401530692454,308.2113333681893,3.752656215993966e-06
28,RAP2B,ras_gtpases,0.7557023623457014,458.36370628479375,7.422873570139821e-06
28,RAP2C,ras_gtpases,0.7447283525501521,451.63583040649814,7.4832223412313326e-06
28,RASD2,ras_gtpases,0.830982577233453,739.3440781322523,1.3934511748359135e-05
28,RASL10A,ras_gtpases,0.9157434867361075,1145.0236675163253,1.7432248136217687e-05
28,RASL10B,ras_gtpases,0.6460812311672437,357.10792488847886,6.119768707346651e-06
28,RERGL,ras_gtpases,0.9262395878141302,2186.6216336993643,5.5959383047254896e-05
28,RHEB,ras_gtpases,0.8919101590624436,469.6065950056138,3.714791253384142e-06
28,CYP20A1,cytochrome_p450,0.8424417772260904,805.1149560322316,1.5500076669283658e-05
28,CYP26B1,cytochrome_p450,0.9043931173375563,634.2083317588621,6.032409334388866e-06
28,CYP8B1,cytochrome_p450,0.8524610783602115,1842.6412756267569,7.644229771963662e-05
28,PTGIS,cytochrome_p450,0.9433757590550271,1528.15641201621,2.1167971057889368e-05
28,ARF1,arf_gtpase,0.7893965452078275,734.37640938135,1.674144736740768e-05
28,ARF3,arf_gtpase,0.4982069431197526,415.0154660608275,1.0666137508441587e-05
28,ARF5,arf_gtpase,0.8508071536560501,987.3636747086192,2.2174208197278666e-05
28,ARF6,arf_gtpase,0.2939557219881997,558.5477291588297,2.3477771860846985e-05
28,ARL1,arf_gtpase,0.8420770616080835,477.74122972418655,5.469145663572483e-06
28,ARL13B,arf_gtpase,0.4699780191577626,502.4763688005754,1.6203893121180535e-05
28,ARL3,arf_gtpase,0.6213968674338501,470.64534480333964,1.1200653068699218e-05
28,ARL4A,arf_gtpase,0.48044317651666363,1394.1640357764643,0.00012315700989318223
28,ARL5A,arf_gtpase,0.6762288657306689,892.2464067465319,3.559005273212623e-05
28,ARL5B,arf_gtpase,0.8384243390759798,2437.8992001039337,0.00014543355472917963
28,ARL5C,arf_gtpase,-0.39475514975076387,1575.5279624138345,0.00017262299188269825
28,ARL6,arf_gtpase,0.4275006004293193,506.10030736781255,1.724281336290545e-05
28,ARL8A,arf_gtpase,-0.3542149893846822,169.78106620372935,2.0765117210164163e-06
28,ARL8B,arf_gtpase,0.5505283761644242,179.42530066800018,1.8481176305984448e-06
28,SAR1A,arf_gtpase,0.8907117691581533,1457.824058721101,3.617400969690987e-05
28,TRIM23,arf_gtpase,0.8080926456593833,1563.238046891865,6.984857408964817e-05
28,CDC42,rho_gtpase,0.7361203049729748,623.5558217251994,1.4673019633315576e-05
28,RHOA,rho_gtpase,0.8039706750311088,930.964962767715,2.5246577890380983e-05
28,RHOB,rho_gtpase,0.7871842742953664,810.4625359329999,2.0578951972938242e-05
28,RHOBTB1,rho_gtpase,0.8243857066701212,827.9334147686616,1.809052277712553e-05
28,RHOG,rho_gtpase,0.8190838142028248,749.431595149024,1.5225700469412295e-05
28,RHOQ,rho_gtpase,0.9346125834714393,1900.256999013314,3.762711191079848e-05
28,RND1,rho_gtpase,0.8644025046915406,936.5405901275612,1.826536548432678e-05
28,RND3,rho_gtpase,0.898823995505536,622.4209057651842,6.130723869568477e-06
29,HOXA1,hox,0.550575583279169,177172.96673128306,3.0471605072524e-06
29,HOXA10,hox,0.8923169806117627,668527.7254837569,1.2686238224146607e-05
29,HOXA13,hox,0.8854161734957238,979675.51756767,2.8883610628915868e-05
29,HOXA3,hox,0.6945742602611551,634987.9549535128,2.9070578692502735e-05
29,HOXA4,hox,0.564987329317558,1045654.9541270304,0.00010369604664062226
29,HOXA5,hox,-0.44351189063991187,615527.2473711038,4.2396516681586505e-05
29,HOXA6,hox,-0.3588217357010926,499879.1146423819,3.0326898394661406e-05
29,HOXA7,hox,-0.6337070722943691,337820.08751686424,9.513183604203945e-06
29,HOXB2,hox,0.9544217266157997,1188527.4038940365,1.752865150850269e-05
29,HOXB4,hox,0.8072337070052295,1238830.9161778297,7.447933791238093e-05
29,HOXB5,hox,0.6399340332511038,1369405.9768644483,0.000154261141140144
29,HOXB7,hox,0.8822165091392071,857558.2131064007,2.2711002403141833e-05
29,HOXB8,hox,0.7443040380081013,486681.560383956,1.4715979869461826e-05
29,HOXB9,hox,0.7281517000325077,1083673.4820481,7.685501575238618e-05
29,HOXC11,hox,0.9632139775138037,1742000.1234753039,3.0528369650451026e-05
29,HOXC12,hox,0.9806921780170621,1099753.9873081557,6.443070927231176e-06
29,HOXC4,hox,0.8647591143591489,1728636.1061659257,0.00010498103534162251
29,HOXC5,hox,0.7522199166996273,1951610.7726367575,0.00023037831606065318
29,HOXC6,hox,0.9182496665791495,1099242.4256849296,2.6395962918868143e-05
29,HOXC8,hox,0.8413070175158985,1364638.515339376,7.580289474384827e-05
29,HOXC9,hox,0.9701760236259058,1182420.911875668,1.1443725058235543e-05
29,HOXD10,hox,0.5404850143420062,756136.5843799998,5.6379348407853414e-05
29,HOXD11,hox,0.8312386149939698,1026583.1661275735,4.5369740747758236e-05
29,HOXD12,hox,0.9601532859069699,1726115.104462533,3.2417479431501306e-05
29,HOXD13,hox,0.9359485325273663,761615.6732135133,1.0019521072268667e-05
29,HOXD4,hox,-0.22059525175033748,406100.234068004,2.1855266119197303e-05
29,RAB10,rab_gtpase,0.5083613441395807,868171.7481192789,7.786275616594729e-05
29,RAB11A,rab_gtpase,0.7217294370075019,830626.039765142,4.604721882173202e-05
29,RAB14,rab_gtpase,0.3035291029657402,293890.76588938356,1.0923155312037025e-05
29,RAB15,rab_gtpase,0.9054148656432014,555703.6221511122,7.752659732851441e-06
29,RAB18,rab_gtpase,0.9243829853404465,442508.4732087289,3.969220539468132e-06
29,RAB1A,rab_gtpase,0.49018459870802394,141012.80255368224,2.1043632895123565e-06
29,RAB1B,rab_gtpase,0.49865917646787483,386952.5435735008,1.567129594159944e-05
29,RAB20,rab_gtpase,0.4699684014604156,823364.3138104505,7.358003136137548e-05
29,RAB22A,rab_gtpase,0.4685622853376432,1068919.9080730523,0.0001242259138309887
29,RAB23,rab_gtpase,0.9266504717943633,337662.88227645156,2.2444893132966826e-06
29,RAB24,rab_gtpase,0.8949497493152265,834552.3478505717,1.9313291764633256e-05
29,RAB25,rab_gtpase,0.8493068865348127,1307190.9641147817,6.633534956523857e-05
29,RAB27A,rab_gtpase,0.9102190618817226,909241.1778148381,1.9750584115851844e-05
29,RAB27B,rab_gtpase,0.8706975634439426,206930.6056494592,1.4428135439725764e-06
29,RAB29,rab_gtpase,0.725265326602218,1058963.3637753539,7.40452950405146e-05
29,RAB2B,rab_gtpase,0.8313335134239433,1184538.1271917596,6.0375062074347063e-05
29,RAB30,rab_gtpase,0.9044503476278642,1334584.9585100068,4.5149315618941976e-05
29,RAB34,rab_gtpase,0.8696985432063759,585662.8060696562,1.1640424723458054e-05
29,RAB35,rab_gtpase,0.8518017537598788,213854.34201572943,1.7483333019097103e-06
29,RAB36,rab_gtpase,0.3060212847802293,1050074.6677618143,0.00013922497613805263
29,RAB38,rab_gtpase,0.9346928720954224,628476.8516106053,6.951889306106018e-06
29,RAB39B,rab_gtpase,0.7857603687196619,1573236.3353520047,0.00013191364628173385
29,RAB3A,rab_gtpase,0.5674039965622458,137562.58504367934,1.7873707548465845e-06
29,RAB3C,rab_gtpase,0.9430148701529457,1132771.9859999064,1.979142726749039e-05
29,RAB3D,rab_gtpase,0.11254899073708718,330091.41651670187,1.4985988631033287e-05
29,RAB4A,rab_gtpase,0.8907825611268149,367961.26474140736,3.89483243523614e-06
29,RAB5A,rab_gtpase,0.7235284803531249,199391.54695082697,2.6389616117894477e-06
29,RAB5B,rab_gtpase,0.7380181109922702,1196541.4600194562,9.0813610087781e-05
29,RAB6A,rab_gtpase,0.8168452562806238,2953183.3444501963,0.0004043476221370357
29,RAB6B,rab_gtpase,-0.6696550389446757,163015.48244295327,2.041750825410027e-06
29,RAB7B,rab_gtpase,0.7558082259283919,875271.6976879399,4.5756623237691585e-05
29,RAB8A,rab_gtpase,0.1096755667372052,535225.4772401142,3.942544310731044e-05
29,RAB9A,rab_gtpase,0.8616953630916991,383050.44321220636,5.262699701913398e-06
29,RAB9B,rab_gtpase,0.9216245873505543,761041.1809138372,1.2151153058415076e-05
29,RASEF,rab_gtpase,0.8304493043305559,944176.3130870548,3.854091334842824e-05
29,DIRAS1,ras_gtpases,0.7484161581222366,272299.6403125024,4.543314787275321e-06
29,NRAS,ras_gtpases,0.7219807912070176,1189568.6003205546,9.437408055057439e-05
29,RALA,ras_gtpases,0.876649452063043,329237.00722418254,3.4953642421564624e-06
29,RALB,ras_gtpases,0.2654294644982177,241001.97852020865,7.52080703481095e-06
29,RAP1A,ras_gtpases,-0.03731269868612449,75177.90386797038,7.861866833103193e-07
29,RAP1B,ras_gtpases,0.05982899807075821,326669.9839044056,1.4812026448041138e-05
29,RAP2A,ras_gtpases,0.4366611363655995,125157.2863605218,1.7659844175899053e-06
29,RAP2B,ras_gtpases,0.6692144208030594,286147.5613343003,6.297820985823321e-06
29,RAP2C,ras_gtpases,0.8935313842923277,318532.89959462057,2.8494003547763214e-06
29,RASD2,ras_gtpases,0.7723261605488974,676532.8608900427,2.5727068840630807e-05
29,RASL10A,ras_gtpases,0.8771945559036743,796750.9356743463,2.038574780571789e-05
29,RASL10B,ras_gtpases,0.469054260016638,328892.0577024289,1.1752965241362823e-05
29,RERGL,ras_gtpases,0.9719917845767974,2278849.554823068,3.995587774985321e-05
29,RHEB,ras_gtpases,0.9135218388509265,347374.7996370048,2.781552377095764e-06
29,CYP20A1,cytochrome_p450,0.7895357629689702,796745.3907848051,3.3305441349718024e-05
29,CYP26B1,cytochrome_p450,0.9539060063694043,615224.4048808962,4.748607743354505e-06
29,CYP8B1,cytochrome_p450,0.8330480501814798,1756611.2657081473,0.00013155137427611763
29,PTGIS,cytochrome_p450,0.9233370259911344,1380988.2198869665,3.917235300576749e-05
29,ARF1,arf_gtpase,0.719550699821225,475126.4021357631,1.516495470677004e-05
29,ARF3,arf_gtpase,0.3437979069797364,371770.57747143164,1.6977566507314634e-05
29,ARF5,arf_gtpase,0.8352939597586383,868969.3091897095,3.179662993479937e-05
29,ARF6,arf_gtpase,0.10318408193497998,701711.3247107507,6.786301533423522e-05
29,ARL1,arf_gtpase,0.7951527027562826,264470.4719008554,3.5829186197933183e-06
29,ARL13B,arf_gtpase,0.6328474681539559,234808.94110813583,4.604394798768396e-06
29,ARL3,arf_gtpase,0.7298680765013277,283922.59442956495,5.247350745807289e-06
29,ARL4A,arf_gtpase,0.7382468928304579,1417925.0195101933,0.00012743468862452811
29,ARL5A,arf_gtpase,0.9730711166681594,639195.8147183446,3.023985720052025e-06
29,ARL5B,arf_gtpase,0.7324345289836821,1444289.984503536,0.00013470232728329812
29,ARL5C,arf_gtpase,-0.5325347326800699,1100473.890162133,0.00012086360847318733
29,ARL6,arf_gtpase,0.35196506877798106,384061.1585495662,1.8001915618737208e-05
29,ARL8A,arf_gtpase,-0.5119986024693073,87486.36536468501,7.866898097397268e-07
29,ARL8B,arf_gtpase,0.10138346537836157,108229.39299058632,1.614930749460619e-06
29,SAR1A,arf_gtpase,0.829512100667452,811731.5648462331,2.8629257272649866e-05
29,TRIM23,arf_gtpase,0.8581693155949266,1568653.2317199043,9.033980473560632e-05
29,CDC42,rho_gtpase,0.9534484069158453,384183.87086911005,1.8696714892962873e-06
29,RHOA,rho_gtpase,0.37392835648405315,436104.29674764985,2.2788930861827872e-05
29,RHOB,rho_gtpase,0.6366170386427177,728901.1104391324,4.4015795972351945e-05
29,RHOBTB1,rho_gtpase,0.5822760260089411,756336.7523635051,5.267003962861061e-05
29,RHOG,rho_gtpase,0.6060126634117963,706751.6348198156,4.402755645926959e-05
29,RHOQ,rho_gtpase,0.9611324889332189,1415103.9818512227,2.126302935223645e-05
29,RND1,rho_gtpase,0.8300010362161163,947545.60978815,3.890957227059566e-05
29,RND3,rho_gtpase,0.8440961927073624,617069.1642130174,1.5249705026643134e-05
30,HOXA1,hox,0.995287837954342,153685975838.3232,4.390266516995922e-08
30,HOXA10,hox,0.9964815600456165,445704504147.82574,2.7587108208937394e-07
30,HOXA13,hox,0.9106149864243299,377529821767.214,4.8121381508448025e-06
30,HOXA3,hox,0.9926531560011747,322032795309.553,3.001438327876471e-07
30,HOXA4,hox,0.9943208696422065,926759902731.6199,1.9231288599375063e-06
30,HOXA5,hox,0.04665361088969782,104697458536.90152,2.1623354896638247e-06
30,HOXA6,hox,0.6707585882241974,120979918306.41006,1.5916651320280195e-06
30,HOXA7,hox,0.05335926994947031,70921891014.38042,9.915603739196754e-07
30,HOXB2,hox,0.9977631214920901,1057528103665.4589,9.88023021064599e-07
30,HOXB4,hox,0.9977554930490565,859128356623.3157,6.542988593150056e-07
30,HOXB5,hox,0.9909594271328436,667790930501.6799,1.5868517817541061e-06
30,HOXB7,hox,0.9938166296983072,568720167429.3674,7.883235935146615e-07
30,HOXB8,hox,0.987872895109779,250091150936.67328,2.9808428902988737e-07
30,HOXB9,hox,0.9968208658576472,537150906519.0481,3.6210730780528166e-07
30,HOXC11,hox,0.999658316739712,1479229093283.0962,2.9556095793026316e-07
30,HOXC12,hox,0.999861887879484,963390118644.9744,5.067955677340308e-08
30,HOXC4,hox,0.9969029829318211,1280405850027.349,2.0044393723717135e-06
30,HOXC5,hox,0.9870562352827965,2774778743292.8853,3.9150076306948556e-05
30,HOXC6,hox,0.9988826982843462,781100923502.5957,2.693821167243371e-07
30,HOXC8,hox,0.9903065053825445,1477001944599.938,8.320719899312934e-06
30,HOXC9,hox,0.9980554358562362,934648773064.5415,6.710014499589079e-07
30,HOXD10,hox,0.9751237313907202,445017239548.7148,1.9236686128465408e-06
30,HOXD11,hox,0.9811487879577806,584869315927.1221,2.525638682859821e-06
30,HOXD12,hox,0.9949949600657912,1230284679347.3877,2.9878435685581906e-06
30,HOXD13,hox,0.9931863552129253,608143668652.3822,9.929711141110076e-07
30,HOXD4,hox,0.7607646606319564,128400219494.52356,1.3729512040594472e-06
30,RAB10,rab_gtpase,0.9746625578003548,1013650343938.5957,1.0163208588043204e-05
30,RAB11A,rab_gtpase,0.7896019609680085,184268451814.16977,2.5275356106968516e-06
30,RAB14,rab_gtpase,0.9203584064243165,37341614139.17452,4.216043081317622e-08
30,RAB15,rab_gtpase,0.9981742600138579,304980547264.4456,6.708311284242541e-08
30,RAB18,rab_gtpase,0.996992286310475,248483300042.3684,7.331687312817081e-08
30,RAB1A,rab_gtpase,0.7986843035508312,26172040949.864155,4.9034799110003746e-08
30,RAB1B,rab_gtpase,0.6276713997891534,86487468527.77202,8.961822158815025e-07
30,RAB20,rab_gtpase,0.332756868769517,172300009864.9624,5.2191935752121665e-06
30,RAB22A,rab_gtpase,0.973396010231116,1542923155989.8137,2.470879708471596e-05
30,RAB23,rab_gtpase,0.9895350375842074,267014286755.07156,2.9346408070285435e-07
30,RAB24,rab_gtpase,0.9820538283995374,349436638081.4062,8.586594416604143e-07
30,RAB25,rab_gtpase,0.9168589708777368,502974136840.335,7.970677214030886e-06
30,RAB27A,rab_gtpase,0.9716769951903719,364456640182.7955,1.4664382288476219e-06
30,RAB27B,rab_gtpase,0.9821115326624864,95084642152.96051,6.337509339537917e-08
30,RAB29,rab_gtpase,0.9811948813561975,726354370976.452,3.885955769611371e-06
30,RAB2B,rab_gtpase,0.958793356039911,416942327272.34796,2.7739911283575225e-06
30,RAB30,rab_gtpase,0.9958487915687168,947045261736.042,1.4690635756764436e-06
30,RAB34,rab_gtpase,0.9215617247866704,204804912085.64215,1.249856085516754e-06
30,RAB35,rab_gtpase,0.9934138102823972,123971922422.34819,3.989100738621687e-08
30,RAB36,rab_gtpase,0.9519868278040204,703782118705.3617,9.177245680169754e-06
30,RAB38,rab_gtpase,0.9957733211361224,309246287332.2397,1.594836308571601e-07
30,RAB39B,rab_gtpase,0.9947195871909504,1848912660464.4604,7.118372195469291e-06
30,RAB3A,rab_gtpase,0.9764308587425284,235520895793.48062,5.10835429734513e-07
30,RAB3C,rab_gtpase,0.9855825468456124,503815298169.1393,1.4365347440481457e-06
30,RAB3D,rab_gtpase,0.9495243475544366,192398594256.2941,7.201304511594842e-07
30,RAB4A,rab_gtpase,-0.09581290418359195,52996704589.96898,5.501602274859962e-07
30,RAB5A,rab_gtpase,0.9612348619996196,118954685857.77974,2.126819919068268e-07
30,RAB5B,rab_gtpase,0.033435211709358315,247165339508.95285,1.2063924412553106e-05
30,RAB6A,rab_gtpase,0.9960188500827032,3630746843586.2046,2.0709338647395548e-05
30,RAB6B,rab_gtpase,-0.9911425766027548,186221620015.2812,1.2091122369994878e-07
30,RAB7B,rab_gtpase,0.9923827730943904,1133260017900.7222,3.853241834606003e-06
30,RAB8A,rab_gtpase,0.8844055971801321,189842819118.87625,1.5520171026128793e-06
30,RAB9A,rab_gtpase,0.9838032802542008,261288448430.04025,4.336734263921116e-07
30,RAB9B,rab_gtpase,0.9861281348242462,325251913321.9375,5.762070840464872e-07
30,RASEF,rab_gtpase,0.9889072783328557,875016474526.8744,3.339507810284914e-06
30,DIRAS1,ras_gtpases,0.2292997993532166,43515274057.681755,3.546691642597466e-07
30,NRAS,ras_gtpases,0.9877557224003114,1388929763041.466,9.282295493129311e-06
30,RALA,ras_gtpases,0.9982927584213384,195677723533.5237,2.582459368571932e-08
30,RALB,ras_gtpases,0.9395061366002573,130947290296.72084,3.977335466531784e-07
30,RAP1A,ras_gtpases,0.6468039200002332,18208695634.21685,3.81251950010153e-08
30,RAP1B,ras_gtpases,-0.7033221131478826,73670141446.69342,5.422027453683143e-07
30,RAP2A,ras_gtpases,0.9066755541187079,27006379229.897713,2.5656745950008997e-08
30,RAP2B,ras_gtpases,0.8790224605180978,83681012857.34799,3.146931351061255e-07
30,RAP2C,ras_gtpases,0.9700053790741179,104372993202.17957,1.272575973487733e-07
30,RASD2,ras_gtpases,0.9349280541449466,194971072023.74173,9.46228022269402e-07
30,RASL10A,ras_gtpases,0.9977341187088457,780077809863.8947,5.445621249489108e-07
30,RASL10B,ras_gtpases,0.3928181908844502,80765083476.89651,1.090579518026047e-06
30,RERGL,ras_gtpases,0.9980131795178693,1433030608747.4055,1.6116283048095426e-06
30,RHEB,ras_gtpases,0.9982311462415984,181657338805.30417,2.305898449961319e-08
30,CYP20A1,cytochrome_p450,0.9919420110849899,285107723904.6781,2.579395897983616e-07
30,CYP26B1,cytochrome_p450,0.9930187628358726,382030351318.8527,4.014544050523483e-07
30,CYP8B1,cytochrome_p450,0.9576172789121099,910946642341.311,1.361137771849208e-05
30,PTGIS,cytochrome_p450,0.9974266554811133,1018376091671.9839,1.0538578107954777e-06
30,ARF1,arf_gtpase,0.9229447350590559,126394591434.36581,4.6797518948871186e-07
30,ARF3,arf_gtpase,-0.3492458407655586,72002712681.07426,8.999172544932321e-07
30,ARF5,arf_gtpase,0.9579611059540228,465529943565.42035,3.5265331878031603e-06
30,ARF6,arf_gtpase,-0.7536582245870319,239809570182.68597,4.9114953473150536e-06
30,ARL1,arf_gtpase,0.9871514885306847,222524843366.25565,2.4994098724029357e-07
30,ARL13B,arf_gtpase,0.9598815585157238,153485846723.75613,3.6619065191256794e-07
30,ARL3,arf_gtpase,0.5875091708896953,31788297788.307636,1.308162631552534e-07
30,ARL4A,arf_gtpase,0.18124902043372956,269395017548.32196,1.3876247938360287e-05
30,ARL5A,arf_gtpase,0.9973418510694158,417037327737.7525,1.8254848621612751e-07
30,ARL5B,arf_gtpase,0.9937004227080015,1701279612138.7236,7.186557271610106e-06
30,ARL5C,arf_gtpase,-0.9705804875184878,694200562822.9194,5.523284291819586e-06
30,ARL6,arf_gtpase,0.9893108158124739,224236611287.72495,2.1137660544123804e-07
30,ARL8A,arf_gtpase,0.8975530377835819,16625440474.398321,1.0622725477027473e-08
30,ARL8B,arf_gtpase,0.9388694132610679,60795304859.24715,8.660517603065188e-08
30,SAR1A,arf_gtpase,0.9920060389691022,1129710223830.203,4.017762803787406e-06
30,TRIM23,arf_gtpase,0.9516043422482816,631049151676.7706,7.4357158849069904e-06
30,CDC42,rho_gtpase,0.9954065349844473,135695579315.97754,3.336566867240265e-08
30,RHOA,rho_gtpase,0.940337026661252,235525505892.0518,1.2695647514382458e-06
30,RHOB,rho_gtpase,0.5707070306751122,179422585132.73196,4.291417229906891e-06
30,RHOBTB1,rho_gtpase,0.974659604086816,516233568862.1186,2.6363029728138088e-06
30,RHOG,rho_gtpase,0.7553714325070392,200738087648.509,3.420842913937072e-06
30,RHOQ,rho_gtpase,0.9984282800668302,1355065314640.1665,1.1402000581473004e-06
30,RND1,rho_gtpase,0.9321124311594493,317775472057.353,2.618548307076196e-06
30,RND3,rho_gtpase,0.9632861060882116,244917670110.9926,8.547735826924807e-07
31,HOXA1,hox,0.995287837954342,153685975838.3232,4.390266516995922e-08
31,HOXA10,hox,0.9964815600456165,445704504147.82574,2.7587108208937394e-07
31,HOXA13,hox,0.9106149864243299,377529821767.214,4.8121381508448025e-06
31,HOXA3,hox,0.9926531560011747,322032795309.553,3.001438327876471e-07
31,HOXA4,hox,0.9943208696422065,926759902731.6199,1.9231288599375063e-06
31,HOXA5,hox,0.04665361088969782,104697458536.90152,2.1623354896638247e-06
31,HOXA6,hox,0.6707585882241974,120979918306.41006,1.5916651320280195e-06
31,HOXA7,hox,0.05335926994947031,70921891014.38042,9.915603739196754e-07
31,HOXB2,hox,0.9977631214920901,1057528103665.4589,9.88023021064599e-07
31,HOXB4,hox,0.9977554930490565,859128356623.3157,6.542988593150056e-07
31,HOXB5,hox,0.9909594271328436,667790930501.6799,1.5868517817541061e-06
31,HOXB7,hox,0.9938166296983072,568720167429.3674,7.883235935146615e-07
31,HOXB8,hox,0.987872895109779,250091150936.67328,2.9808428902988737e-07
31,HOXB9,hox,0.9968208658576472,537150906519.0481,3.6210730780528166e-07
31,HOXC11,hox,0.999658316739712,1479229093283.0962,2.9556095793026316e-07
31,HOXC12,hox,0.999861887879484,963390118644.9744,5.067955677340308e-08
31,HOXC4,hox,0.9969029829318211,1280405850027.349,2.0044393723717135e-06
31,HOXC5,hox,0.9870562352827965,2774778743292.8853,3.9150076306948556e-05
31,HOXC6,hox,0.9988826982843462,781100923502.5957,2.693821167243371e-07
31,HOXC8,hox,0.9903065053825445,1477001944599.938,8.320719899312934e-06
31,HOXC9,hox,0.9980554358562362,934648773064.5415,6.710014499589079e-07
31,HOXD10,hox,0.9751237313907202,445017239548.7148,1.9236686128465408e-06
31,HOXD11,hox,0.9811487879577806,584869315927.1221,2.525638682859821e-06
31,HOXD12,hox,0.9949949600657912,1230284679347.3877,2.9878435685581906e-06
31,HOXD13,hox,0.9931863552129253,608143668652.3822,9.929711141110076e-07
31,HOXD4,hox,0.7607646606319564,128400219494.52356,1.3729512040594472e-06
31,RAB10,rab_gtpase,0.9746625578003548,1013650343938.5957,1.0163208588043204e-05
31,RAB11A,rab_gtpase,0.7896019609680085,184268451814.16977,2.5275356106968516e-06
31,RAB14,rab_gtpase,0.9203584064243165,37341614139.17452,4.216043081317622e-08
31,RAB15,rab_gtpase,0.9981742600138579,304980547264.4456,6.708311284242541e-08
31,RAB18,rab_gtpase,0.996992286310475,248483300042.3684,7.331687312817081e-08
31,RAB1A,rab_gtpase,0.7986843035508312,26172040949.864155,4.9034799110003746e-08
31,RAB1B,rab_gtpase,0.6276713997891534,86487468527.77202,8.961822158815025e-07
31,RAB20,rab_gtpase,0.332756868769517,172300009864.9624,5.2191935752121665e-06
31,RAB22A,rab_gtpase,0.973396010231116,1542923155989.8137,2.470879708471596e-05
31,RAB23,rab_gtpase,0.9895350375842074,267014286755.07156,2.9346408070285435e-07
31,RAB24,rab_gtpase,0.9820538283995374,349436638081.4062,8.586594416604143e-07
31,RAB25,rab_gtpase,0.9168589708777368,502974136840.335,7.970677214030886e-06
31,RAB27A,rab_gtpase,0.9716769951903719,364456640182.7955,1.4664382288476219e-06
31,RAB27B,rab_gtpase,0.9821115326624864,95084642152.96051,6.337509339537917e-08
31,RAB29,rab_gtpase,0.9811948813561975,726354370976.452,3.885955769611371e-06
31,RAB2B,rab_gtpase,0.958793356039911,416942327272.34796,2.7739911283575225e-06
31,RAB30,rab_gtpase,0.9958487915687168,947045261736.042,1.4690635756764436e-06
31,RAB34,rab_gtpase,0.9215617247866704,204804912085.64215,1.249856085516754e-06
31,RAB35,rab_gtpase,0.9934138102823972,123971922422.34819,3.989100738621687e-08
31,RAB36,rab_gtpase,0.9519868278040204,703782118705.3617,9.177245680169754e-06
31,RAB38,rab_gtpase,0.9957733211361224,309246287332.2397,1.594836308571601e-07
31,RAB39B,rab_gtpase,0.9947195871909504,1848912660464.4604,7.118372195469291e-06
31,RAB3A,rab_gtpase,0.9764308587425284,235520895793.48062,5.10835429734513e-07
31,RAB3C,rab_gtpase,0.9855825468456124,503815298169.1393,1.4365347440481457e-06
31,RAB3D,rab_gtpase,0.9495243475544366,192398594256.2941,7.201304511594842e-07
31,RAB4A,rab_gtpase,-0.09581290418359195,52996704589.96898,5.501602274859962e-07
31,RAB5A,rab_gtpase,0.9612348619996196,118954685857.77974,2.126819919068268e-07
31,RAB5B,rab_gtpase,0.033435211709358315,247165339508.95285,1.2063924412553106e-05
31,RAB6A,rab_gtpase,0.9960188500827032,3630746843586.2046,2.0709338647395548e-05
31,RAB6B,rab_gtpase,-0.9911425766027548,186221620015.2812,1.2091122369994878e-07
31,RAB7B,rab_gtpase,0.9923827730943904,1133260017900.7222,3.853241834606003e-06
31,RAB8A,rab_gtpase,0.8844055971801321,189842819118.87625,1.5520171026128793e-06
31,RAB9A,rab_gtpase,0.9838032802542008,261288448430.04025,4.336734263921116e-07
31,RAB9B,rab_gtpase,0.9861281348242462,325251913321.9375,5.762070840464872e-07
31,RASEF,rab_gtpase,0.9889072783328557,875016474526.8744,3.339507810284914e-06
31,DIRAS1,ras_gtpases,0.2292997993532166,43515274057.681755,3.546691642597466e-07
31,NRAS,ras_gtpases,0.9877557224003114,1388929763041.466,9.282295493129311e-06
31,RALA,ras_gtpases,0.9982927584213384,195677723533.5237,2.582459368571932e-08
31,RALB,ras_gtpases,0.9395061366002573,130947290296.72084,3.977335466531784e-07
31,RAP1A,ras_gtpases,0.6468039200002332,18208695634.21685,3.81251950010153e-08
31,RAP1B,ras_gtpases,-0.7033221131478826,73670141446.69342,5.422027453683143e-07
31,RAP2A,ras_gtpases,0.9066755541187079,27006379229.897713,2.5656745950008997e-08
31,RAP2B,ras_gtpases,0.8790224605180978,83681012857.34799,3.146931351061255e-07
31,RAP2C,ras_gtpases,0.9700053790741179,104372993202.17957,1.272575973487733e-07
31,RASD2,ras_gtpases,0.9349280541449466,194971072023.74173,9.46228022269402e-07
31,RASL10A,ras_gtpases,0.9977341187088457,780077809863.8947,5.445621249489108e-07
31,RASL10B,ras_gtpases,0.3928181908844502,80765083476.89651,1.090579518026047e-06
31,RERGL,ras_gtpases,0.9980131795178693,1433030608747.4055,1.6116283048095426e-06
31,RHEB,ras_gtpases,0.9982311462415984,181657338805.30417,2.305898449961319e-08
31,CYP20A1,cytochrome_p450,0.9919420110849899,285107723904.6781,2.579395897983616e-07
31,CYP26B1,cytochrome_p450,0.9930187628358726,382030351318.8527,4.014544050523483e-07
31,CYP8B1,cytochrome_p450,0.9576172789121099,910946642341.311,1.361137771849208e-05
31,PTGIS,cytochrome_p450,0.9974266554811133,1018376091671.9839,1.0538578107954777e-06
31,ARF1,arf_gtpase,0.9229447350590559,126394591434.36581,4.6797518948871186e-07
31,ARF3,arf_gtpase,-0.3492458407655586,72002712681.07426,8.999172544932321e-07
31,ARF5,arf_gtpase,0.9579611059540228,465529943565.42035,3.5265331878031603e-06
31,ARF6,arf_gtpase,-0.7536582245870319,239809570182.68597,4.9114953473150536e-06
31,ARL1,arf_gtpase,0.9871514885306847,222524843366.25565,2.4994098724029357e-07
31,ARL13B,arf_gtpase,0.9598815585157238,153485846723.75613,3.6619065191256794e-07
31,ARL3,arf_gtpase,0.5875091708896953,31788297788.307636,1.308162631552534e-07
31,ARL4A,arf_gtpase,0.18124902043372956,269395017548.32196,1.3876247938360287e-05
31,ARL5A,arf_gtpase,0.9973418510694158,417037327737.7525,1.8254848621612751e-07
31,ARL5B,arf_gtpase,0.9937004227080015,1701279612138.7236,7.186557271610106e-06
31,ARL5C,arf_gtpase,-0.9705804875184878,694200562822.9194,5.523284291819586e-06
31,ARL6,arf_gtpase,0.9893108158124739,224236611287.72495,2.1137660544123804e-07
31,ARL8A,arf_gtpase,0.8975530377835819,16625440474.398321,1.0622725477027473e-08
31,ARL8B,arf_gtpase,0.9388694132610679,60795304859.24715,8.660517603065188e-08
31,SAR1A,arf_gtpase,0.9920060389691022,1129710223830.203,4.017762803787406e-06
31,TRIM23,arf_gtpase,0.9516043422482816,631049151676.7706,7.4357158849069904e-06
31,CDC42,rho_gtpase,0.9954065349844473,135695579315.97754,3.336566867240265e-08
31,RHOA,rho_gtpase,0.940337026661252,235525505892.0518,1.2695647514382458e-06
31,RHOB,rho_gtpase,0.5707070306751122,179422585132.73196,4.291417229906891e-06
31,RHOBTB1,rho_gtpase,0.974659604086816,516233568862.1186,2.6363029728138088e-06
31,RHOG,rho_gtpase,0.7553714325070392,200738087648.509,3.420842913937072e-06
31,RHOQ,rho_gtpase,0.9984282800668302,1355065314640.1665,1.1402000581473004e-06
31,RND1,rho_gtpase,0.9321124311594493,317775472057.353,2.618548307076196e-06
31,RND3,rho_gtpase,0.9632861060882116,244917670110.9926,8.547735826924807e-07
