panel,layer,gene,family,loo_cos,delta_norm,influence
paired103,0,HOXA1,hox,-0.3968542156446944,0.0040779843140526,3.979544796139933e-05
paired103,0,HOXA10,hox,-0.5275883392063683,0.0093341770808527,0.0001785986096698
paired103,0,HOXA13,hox,0.6428217859366346,0.0090295962004213,0.0001358944932291
paired103,0,HOXA3,hox,-0.6638308482599445,0.0077327337915758,9.499791047273833e-05
paired103,0,HOXA4,hox,-0.3181292194367913,0.0132791891927191,0.0004502577977089
paired103,0,HOXA5,hox,-0.8799944860190798,0.0149777616387789,0.000143761666926
paired103,0,HOXA6,hox,-0.8564865495073845,0.0181524834370401,0.0002493853532686
paired103,0,HOXA7,hox,-0.686717731172679,0.012407218111128,0.0002310667802267
paired103,0,HOXB2,hox,0.7247792579206033,0.0070326322580311,6.668455455205446e-05
paired103,0,HOXB4,hox,-0.7864526668206381,0.0120500211493883,0.0001573460075524
paired103,0,HOXB5,hox,-0.7142773431047676,0.0092463351002004,0.0001189463520628
paired103,0,HOXB7,hox,0.5201411459525835,0.0057689766248966,6.895570991005684e-05
paired103,0,HOXB8,hox,-0.5055362631335567,0.0071415348132373,0.0001078431279185
paired103,0,HOXB9,hox,-0.5106577779900159,0.0070167043319231,0.0001033779362092
paired103,0,HOXC11,hox,0.434279712884176,0.00657361023447,9.95922193524068e-05
paired103,0,HOXC12,hox,-0.0078721283139746,0.0049768248034044,7.034825712848303e-05
paired103,0,HOXC4,hox,0.4238988205987076,0.006026629899324,8.462634612693698e-05
paired103,0,HOXC5,hox,-0.1169269230911712,0.0058220026672408,9.496139805131865e-05
paired103,0,HOXC6,hox,0.4918331340360083,0.0049906499303182,5.363060896657057e-05
paired103,0,HOXC8,hox,0.4090123432443573,0.00454885010809,4.894038291103353e-05
paired103,0,HOXC9,hox,0.2642531792178399,0.0052678363913752,7.331674920996178e-05
paired103,0,HOXD10,hox,-0.8212749333480731,0.0074764346008786,5.167988666676671e-05
paired103,0,HOXD11,hox,0.0782129758502903,0.0090207694522199,0.0002297378095955
paired103,0,HOXD12,hox,0.7952635917485722,0.0102384202033785,0.0001094392839892
paired103,0,HOXD13,hox,0.2197764820249454,0.0068876973549833,0.0001282435489633
paired103,0,HOXD4,hox,-0.7566257550622228,0.0095913569078846,0.0001117116587413
paired103,0,RAB10,rab_gtpase,0.0639684708282049,0.0054516881476652,8.40736258456154e-05
paired103,0,RAB11A,rab_gtpase,0.943546335278574,0.0226228982139354,0.0001595065178595
paired103,0,RAB14,rab_gtpase,0.4226703756896481,0.0041979316107954,4.1111947649996594e-05
paired103,0,RAB15,rab_gtpase,0.3608287078510668,0.0061713356080294,9.409352966316398e-05
paired103,0,RAB18,rab_gtpase,0.5368355976652678,0.0051606468745119,5.384468461366865e-05
paired103,0,RAB1A,rab_gtpase,0.4146227546767409,0.0039043885846126,3.585507254733056e-05
paired103,0,RAB1B,rab_gtpase,0.8478217053367364,0.0073394007028326,4.3023287513044295e-05
paired103,0,RAB20,rab_gtpase,0.8603716257482507,0.0127473430909316,0.0001198944413766
paired103,0,RAB22A,rab_gtpase,-0.6850183005268545,0.0078224512189536,9.224779151417728e-05
paired103,0,RAB23,rab_gtpase,0.5569539127371048,0.0059777464850041,7.001242594195656e-05
paired103,0,RAB24,rab_gtpase,0.8947224176915699,0.0102654192093953,5.970464423732391e-05
paired103,0,RAB25,rab_gtpase,0.8326744625435751,0.016001293792292,0.0002230316325689
paired103,0,RAB27A,rab_gtpase,0.8957743701716887,0.0157766309159155,0.0001396948247562
paired103,0,RAB27B,rab_gtpase,0.6306973772295088,0.0061001547204142,6.365192790314111e-05
paired103,0,RAB29,rab_gtpase,0.1952796244127961,0.0151443453016158,0.0006267753662829
paired103,0,RAB2B,rab_gtpase,0.9347558471933736,0.0169436308685212,0.0001029350676489
paired103,0,RAB30,rab_gtpase,0.8211201081868426,0.0220554140583706,0.0004501824763963
paired103,0,RAB34,rab_gtpase,0.7558499035628887,0.0073721051460953,6.61762227938123e-05
paired103,0,RAB35,rab_gtpase,0.510844416757669,0.0048710690396259,4.9806545328823226e-05
paired103,0,RAB36,rab_gtpase,-0.8111162075508516,0.0177962314651972,0.000307768532375
paired103,0,RAB38,rab_gtpase,0.7547328934613479,0.0074598410533247,6.802750142331782e-05
paired103,0,RAB39B,rab_gtpase,0.7560454923256248,0.0157417263889287,0.0003015609423366
paired103,0,RAB3A,rab_gtpase,-0.3978526144137623,0.0045374223561433,4.922135491625124e-05
paired103,0,RAB3C,rab_gtpase,0.8865130372943053,0.017882743732588,0.0001944807396689
paired103,0,RAB3D,rab_gtpase,-0.7784225730974241,0.0094840647459295,0.0001006773172467
paired103,0,RAB4A,rab_gtpase,0.8144941832982829,0.0082672047279219,6.534388648282707e-05
paired103,0,RAB5A,rab_gtpase,0.1515896996162148,0.0042607622627019,5.037899783366662e-05
paired103,0,RAB5B,rab_gtpase,0.909549725694982,0.0202548144756329,0.0002012803523768
paired103,0,RAB6A,rab_gtpase,0.8112506074708989,0.0261584955930024,0.0006646519143465
paired103,0,RAB6B,rab_gtpase,-0.5588273100483031,0.0069919455140086,9.54956763035142e-05
paired103,0,RAB7B,rab_gtpase,0.6860308124954818,0.0083057697716315,0.0001037277871903
paired103,0,RAB8A,rab_gtpase,-0.7836256603867815,0.0099095370545713,0.0001076464840923
paired103,0,RAB9A,rab_gtpase,0.5995539939162616,0.0065249334779643,7.745904584355312e-05
paired103,0,RAB9B,rab_gtpase,0.8628803354770405,0.0108830151134067,8.593342079910027e-05
paired103,0,RASEF,rab_gtpase,0.5729684421121918,0.003678933988261,2.582199858747192e-05
paired103,0,DIRAS1,ras_gtpases,0.0758599736130467,0.0036079704103504,3.676103436422995e-05
paired103,0,NRAS,ras_gtpases,0.6897912005660125,0.0104257289788462,0.0001618435661704
paired103,0,RALA,ras_gtpases,0.840434176889567,0.007960979128302,5.286459280207101e-05
paired103,0,RALB,ras_gtpases,-0.1452949168584044,0.0041726556016357,4.8409376445901486e-05
paired103,0,RAP1A,ras_gtpases,-0.1767201703297874,0.0036265451363099,3.618886650891273e-05
paired103,0,RAP1B,ras_gtpases,0.778882286009446,0.0069400734468527,5.381097230783283e-05
paired103,0,RAP2A,ras_gtpases,0.4450257413257758,0.0038713425160594,3.4138096790758965e-05
paired103,0,RAP2B,ras_gtpases,0.2793027052537725,0.0074291054410461,0.0001445409541825
paired103,0,RAP2C,ras_gtpases,0.7039004067106197,0.005963151406616,5.095713828440207e-05
paired103,0,RASD2,ras_gtpases,0.5215945188965324,0.0058689407762978,7.121808241783434e-05
paired103,0,RASL10A,ras_gtpases,-0.5523625879867989,0.0118132205376437,0.000275471240139
paired103,0,RASL10B,ras_gtpases,0.7212632294654155,0.0056734893452789,4.386436455794396e-05
paired103,0,RERGL,ras_gtpases,0.9197509840624372,0.0281858019527681,0.000347681182336
paired103,0,RHEB,ras_gtpases,0.5649794683818967,0.0076170249655237,0.0001121950755709
paired103,0,CYP20A1,cytochrome_p450,0.7781856041102034,0.0076777877186231,6.604099909024441e-05
paired103,0,CYP26B1,cytochrome_p450,0.6318069754254195,0.0046870845512135,3.749024973354054e-05
paired103,0,CYP8B1,cytochrome_p450,0.909525410236836,0.0181403515836375,0.0001614874613464
paired103,0,PTGIS,cytochrome_p450,0.3478051324388174,0.0054465151629998,7.406589497849225e-05
paired103,0,ARF1,arf_gtpase,0.7262692966267456,0.0072873464133896,7.127654529914818e-05
paired103,0,ARF3,arf_gtpase,0.8719101088800384,0.0091741477498635,5.731971577682682e-05
paired103,0,ARF5,arf_gtpase,0.88146773168754,0.0134528892173927,0.0001146435620725
paired103,0,ARF6,arf_gtpase,0.8855976711415384,0.0100242682543189,6.1569113889548e-05
paired103,0,ARL1,arf_gtpase,0.4956798213395491,0.0055016627835555,6.484959551378289e-05
paired103,0,ARL13B,arf_gtpase,0.2469560928382275,0.0038528055258606,3.9590821084622974e-05
paired103,0,ARL3,arf_gtpase,0.7630048692990129,0.0062076737844941,4.573207567093451e-05
paired103,0,ARL4A,arf_gtpase,0.931965934222408,0.0304807472949296,0.0003469067272876
paired103,0,ARL5A,arf_gtpase,0.8425907450473292,0.0106567281969907,9.355941948607782e-05
paired103,0,ARL5B,arf_gtpase,0.8351244288378661,0.0124922646047419,0.000134120010399
paired103,0,ARL5C,arf_gtpase,0.8288409063704584,0.009097083156652,7.357944151697993e-05
paired103,0,ARL6,arf_gtpase,0.2884467332356497,0.005259135961839,7.202422562790911e-05
paired103,0,ARL8A,arf_gtpase,-0.1295833904555346,0.0038227068075411,4.080905931014289e-05
paired103,0,ARL8B,arf_gtpase,0.4292178217469634,0.0044955252279644,4.68274112322975e-05
paired103,0,SAR1A,arf_gtpase,0.6647038194755198,0.0065285744259552,6.757363001719252e-05
paired103,0,TRIM23,arf_gtpase,0.912933158264401,0.0270315519059566,0.0003457242952384
paired103,0,CDC42,rho_gtpase,0.8403290478833357,0.0084622176163467,5.976721626721471e-05
paired103,0,RHOA,rho_gtpase,-0.498809803269126,0.0071039443543569,0.000107679207898
paired103,0,RHOB,rho_gtpase,0.849170961902313,0.0087969009533969,6.13048759321444e-05
paired103,0,RHOBTB1,rho_gtpase,-0.4957506943586154,0.0042792401354077,3.922894527863541e-05
paired103,0,RHOG,rho_gtpase,0.7562764395902559,0.0090663903243477,9.994042474492648e-05
paired103,0,RHOQ,rho_gtpase,0.8619258252031385,0.0157050942192261,0.0001801172522203
paired103,0,RND1,rho_gtpase,0.8656746930352337,0.0152037433250005,0.0001645473254665
paired103,0,RND3,rho_gtpase,0.8891088407720665,0.0118414481540347,8.343378236519428e-05
paired103,1,HOXA1,hox,0.083475593720701,0.0182006070475933,0.0001240144788959
paired103,1,HOXA10,hox,-0.0316101814506234,0.0285346181291586,0.000306681171043
paired103,1,HOXA13,hox,0.3907189694317753,0.033421621047505,0.000356861834576
paired103,1,HOXA3,hox,-0.2493660439366415,0.0245780778661023,0.0002135849595245
paired103,1,HOXA4,hox,0.0228078397367518,0.0467587538537336,0.0008241180375052
paired103,1,HOXA5,hox,-0.7118356142576678,0.0369604723697526,0.0002540639876853
paired103,1,HOXA6,hox,-0.7117284364705642,0.0466598016757446,0.0004050614954377
paired103,1,HOXA7,hox,-0.5489685391373231,0.034782586332856,0.0003186786224099
paired103,1,HOXB2,hox,0.6103808460388315,0.0252589725554105,0.0001509188818553
paired103,1,HOXB4,hox,-0.5171906030218715,0.0301346781965116,0.0002507921770209
paired103,1,HOXB5,hox,-0.5222131750749746,0.0297148100441244,0.0002421133233273
paired103,1,HOXB7,hox,0.3991047950937704,0.0215215270168053,0.0001468038943258
paired103,1,HOXB8,hox,-0.2169214240179564,0.0214419816509541,0.0001651749320406
paired103,1,HOXB9,hox,-0.2117803405367597,0.0230402940201315,0.0001911609849248
paired103,1,HOXC11,hox,0.1013917413944768,0.0226189555632022,0.0001909014910037
paired103,1,HOXC12,hox,-0.0903422444401879,0.0215947938463822,0.0001743762789139
paired103,1,HOXC4,hox,0.3651497878691578,0.0213921869119749,0.0001495219534004
paired103,1,HOXC5,hox,0.1307757909406572,0.0209481902111249,0.0001626099788047
paired103,1,HOXC6,hox,0.4204313166180231,0.0210117213161618,0.0001370214997904
paired103,1,HOXC8,hox,0.142205273556712,0.019714823275205,0.000143567135288
paired103,1,HOXC9,hox,0.0980193186038067,0.0211490597760799,0.000167007571886
paired103,1,HOXD10,hox,-0.5971707274130451,0.0239205892461179,0.0001387895599272
paired103,1,HOXD11,hox,0.4704300422982104,0.0391465665800887,0.0004499490370794
paired103,1,HOXD12,hox,0.5032297574902664,0.0304639536391974,0.0002612887788911
paired103,1,HOXD13,hox,0.0696606820156216,0.0245001639663184,0.0002252085345274
paired103,1,HOXD4,hox,-0.5980966893234941,0.0314222559439447,0.0002390902293042
paired103,1,RAB10,rab_gtpase,0.0644690057088481,0.02292456268366,0.0001973089184705
paired103,1,RAB11A,rab_gtpase,0.8358542373602815,0.059913746325933,0.0004078682974206
paired103,1,RAB14,rab_gtpase,0.2592511696751717,0.0184547365254282,0.0001197665645439
paired103,1,RAB15,rab_gtpase,0.2869192581440439,0.0208418806880144,0.0001502820122396
paired103,1,RAB18,rab_gtpase,0.0512796737805206,0.0213671905758401,0.0001716718741099
paired103,1,RAB1A,rab_gtpase,0.2515799678367415,0.0151205859916872,8.073639100714125e-05
paired103,1,RAB1B,rab_gtpase,0.686617436458823,0.0273276039794821,0.000148811806705
paired103,1,RAB20,rab_gtpase,0.7126579469055995,0.0376078755619322,0.0002624188106464
paired103,1,RAB22A,rab_gtpase,-0.1545726929956979,0.0226282186360292,0.0001884298720072
paired103,1,RAB23,rab_gtpase,-0.0467653889211635,0.025193132348495,0.0002387678742942
paired103,1,RAB24,rab_gtpase,0.7848392904541651,0.0336943715425642,0.000164370186917
paired103,1,RAB25,rab_gtpase,0.744058093751272,0.0520634667165511,0.0004562240132858
paired103,1,RAB27A,rab_gtpase,0.7945951455090373,0.0456323335176062,0.0002893982784282
paired103,1,RAB27B,rab_gtpase,0.298952885101352,0.0204457323277399,0.00014351181589
paired103,1,RAB29,rab_gtpase,0.3882331293133256,0.0468106639064089,0.0007017799002323
paired103,1,RAB2B,rab_gtpase,0.8662411590679423,0.048882648541358,0.0002248842818887
paired103,1,RAB30,rab_gtpase,0.7472794312485114,0.0521600612349262,0.0004529894265868
paired103,1,RAB34,rab_gtpase,0.6470755380142418,0.0268549114140281,0.0001580474875357
paired103,1,RAB35,rab_gtpase,0.3175015333919488,0.0160783583718513,8.763262004518602e-05
paired103,1,RAB36,rab_gtpase,-0.6521124920044649,0.0470212116796533,0.0004791601487452
paired103,1,RAB38,rab_gtpase,0.6297620071021308,0.0261334827220458,0.0001553617268124
paired103,1,RAB39B,rab_gtpase,0.6596420626252212,0.0404206961097159,0.000347971767891
paired103,1,RAB3A,rab_gtpase,-0.2206953150408601,0.0194006882229284,0.0001349859909776
paired103,1,RAB3C,rab_gtpase,0.8110024604001664,0.0543921296544223,0.0003818042706836
paired103,1,RAB3D,rab_gtpase,-0.5386235130998691,0.0288163312265448,0.0002222409106976
paired103,1,RAB4A,rab_gtpase,0.5709050213907713,0.0273986303910463,0.0001907713020283
paired103,1,RAB5A,rab_gtpase,0.1280131543062196,0.0166813428943742,0.0001031855949442
paired103,1,RAB5B,rab_gtpase,0.8531602707862675,0.0647129566459538,0.000429677787478
paired103,1,RAB6A,rab_gtpase,0.3983872305621267,0.0600598474682076,0.001144648443588
paired103,1,RAB6B,rab_gtpase,-0.4057499123226902,0.0255637130617055,0.000205816615077
paired103,1,RAB7B,rab_gtpase,0.3871842524247263,0.0253859981017002,0.0002065417984193
paired103,1,RAB8A,rab_gtpase,-0.6040314684334215,0.0333777916104472,0.000266782438888
paired103,1,RAB9A,rab_gtpase,0.2077948523243626,0.0244983196633698,0.0002165015413609
paired103,1,RAB9B,rab_gtpase,0.7184630729312451,0.0380824823640763,0.0002645416551716
paired103,1,RASEF,rab_gtpase,0.5217437078705012,0.0179300003091874,8.820485772276232e-05
paired103,1,DIRAS1,ras_gtpases,0.12628987066197,0.0143379413660056,7.626376793357093e-05
paired103,1,NRAS,ras_gtpases,0.4272842000871693,0.0278358586141363,0.0002387928239193
paired103,1,RALA,ras_gtpases,0.3433510169510546,0.0306818225824682,0.0003130859889406
paired103,1,RALB,ras_gtpases,-0.096014375846836,0.0215145393385184,0.0001728980010955
paired103,1,RAP1A,ras_gtpases,-0.1424068185496906,0.0158902043786844,9.325924006520214e-05
paired103,1,RAP1B,ras_gtpases,0.2097477534154497,0.0241294467000204,0.0002098511772485
paired103,1,RAP2A,ras_gtpases,0.3446053430096024,0.0147628525983187,7.240433473520991e-05
paired103,1,RAP2B,ras_gtpases,0.23895278585601,0.0216653388734043,0.0001668568776215
paired103,1,RAP2C,ras_gtpases,0.5901820099001718,0.0208458208247066,0.0001067602514485
paired103,1,RASD2,ras_gtpases,0.4803784518761382,0.0216733233284414,0.0001362231935558
paired103,1,RASL10A,ras_gtpases,-0.1006931994773976,0.0302946216536114,0.0003425233317467
paired103,1,RASL10B,ras_gtpases,0.5658177565722653,0.0241590517625312,0.0001495946543306
paired103,1,RERGL,ras_gtpases,0.8030450495515046,0.06639591712473,0.0005903301757761
paired103,1,RHEB,ras_gtpases,0.2314579474860777,0.0247473039738389,0.0002185249405562
paired103,1,CYP20A1,cytochrome_p450,0.4032317502413343,0.0227581139256197,0.0001635135330971
paired103,1,CYP26B1,cytochrome_p450,0.3682508989420442,0.0167704783158233,9.164984275999988e-05
paired103,1,CYP8B1,cytochrome_p450,0.818494096012409,0.0514537551973395,0.0003294722957142
paired103,1,PTGIS,cytochrome_p450,0.5448235140508106,0.0227823835835704,0.0001375933476236
paired103,1,ARF1,arf_gtpase,0.641211051831792,0.0313407394024309,0.0002180619387933
paired103,1,ARF3,arf_gtpase,0.7597797131960881,0.0345354621697859,0.0001900860997849
paired103,1,ARF5,arf_gtpase,0.7279231168358032,0.0365192477235469,0.0002363859099058
paired103,1,ARF6,arf_gtpase,0.7029575172398835,0.0434791823192781,0.0003605570285054
paired103,1,ARL1,arf_gtpase,0.1106428113859314,0.0207405034889731,0.0001601896876074
paired103,1,ARL13B,arf_gtpase,0.1473981400590108,0.0173566810391355,0.0001111036834804
paired103,1,ARL3,arf_gtpase,0.4244054753187768,0.0214417474614692,0.0001421058803269
paired103,1,ARL4A,arf_gtpase,0.8651934821297529,0.0907273245261584,0.0007805326244627
paired103,1,ARL5A,arf_gtpase,0.5805419528279022,0.0327806914839516,0.0002685960718197
paired103,1,ARL5B,arf_gtpase,0.6845168591331688,0.0401547130485838,0.00032307643401
paired103,1,ARL5C,arf_gtpase,0.6248891425604617,0.0297352106511049,0.0002031795907838
paired103,1,ARL6,arf_gtpase,0.1986096050046955,0.0214063803037036,0.00016594147418
paired103,1,ARL8A,arf_gtpase,-0.2080306178636831,0.0185534017623174,0.0001241569231943
paired103,1,ARL8B,arf_gtpase,0.1186017204103076,0.0169071096865388,0.0001062478235523
paired103,1,SAR1A,arf_gtpase,0.1256326547922033,0.0230886855848087,0.0001978074009901
paired103,1,TRIM23,arf_gtpase,0.7406763557799035,0.0659704364940664,0.0007408500480378
paired103,1,CDC42,rho_gtpase,0.5322099822607463,0.0272473811508718,0.0002006193810066
paired103,1,RHOA,rho_gtpase,-0.0111170832137389,0.0305977718218396,0.0003529499487412
paired103,1,RHOB,rho_gtpase,0.4789575199383536,0.0229307298682242,0.0001527595287403
paired103,1,RHOBTB1,rho_gtpase,-0.3237173690780378,0.0157448126352251,8.366180122187927e-05
paired103,1,RHOG,rho_gtpase,0.6907712704005967,0.0465527146765864,0.0004272263674391
paired103,1,RHOQ,rho_gtpase,0.7160780991836989,0.035693058568817,0.0002340263944764
paired103,1,RND1,rho_gtpase,0.7634209791420935,0.0547582318847828,0.0004716762947191
paired103,1,RND3,rho_gtpase,0.765613121672047,0.0357030332713446,0.0001988807774997
paired103,2,HOXA1,hox,-0.4274494175586165,0.0283036488235819,2.0109899804943154e-05
paired103,2,HOXA10,hox,-0.2633873314555988,0.0348446134373817,3.470568628161086e-05
paired103,2,HOXA13,hox,0.8753986051401037,0.0826332642280708,4.900981353039846e-05
paired103,2,HOXA3,hox,-0.7772224312319067,0.0673109243042024,5.5098835035738425e-05
paired103,2,HOXA4,hox,0.9369240123724448,0.2658241589234226,0.0002651973788488
paired103,2,HOXA5,hox,-0.3417114034853386,0.0420242077638128,4.791053424468839e-05
paired103,2,HOXA6,hox,-0.2596190524702744,0.057052170844226,9.324061900684022e-05
paired103,2,HOXA7,hox,-0.8636949039731773,0.0703737423959519,3.864227554328803e-05
paired103,2,HOXB2,hox,-0.5256500547674069,0.0402990823480688,3.60992379156988e-05
paired103,2,HOXB4,hox,-0.860431048354928,0.0841541084716802,5.648217399290001e-05
paired103,2,HOXB5,hox,-0.7089199982791435,0.0420235375904292,2.69818221418916e-05
paired103,2,HOXB7,hox,0.8137310407064852,0.0411872529874482,1.7603091572504503e-05
paired103,2,HOXB8,hox,0.4727653502079462,0.0331036047407976,2.6136043877467152e-05
paired103,2,HOXB9,hox,-0.0445276807523793,0.0346841294177971,3.687684555364612e-05
paired103,2,HOXC11,hox,-0.2324746762936551,0.0309749811266771,2.787693160544169e-05
paired103,2,HOXC12,hox,0.665059357890311,0.0358315116594238,2.19927077382831e-05
paired103,2,HOXC4,hox,0.6151216439971959,0.0367307827701875,2.5759699010308168e-05
paired103,2,HOXC5,hox,-0.8779376423168107,0.0814589262208874,4.671932137578772e-05
paired103,2,HOXC6,hox,0.1026295138197084,0.0286174597814077,2.4889436198272108e-05
paired103,2,HOXC8,hox,-0.4424661218646657,0.0316820094344874,2.4794411420558937e-05
paired103,2,HOXC9,hox,0.0353031263904749,0.0286264717669281,2.5138861256102096e-05
paired103,2,HOXD10,hox,0.1113342000513271,0.0270290664114222,2.216134661980896e-05
paired103,2,HOXD11,hox,-0.4990386226909306,0.0528871679998714,6.45175397737674e-05
paired103,2,HOXD12,hox,0.1432488844482696,0.0374913861196063,4.228766832048425e-05
paired103,2,HOXD13,hox,-0.891257157467427,0.0873191172698009,4.816443779742663e-05
paired103,2,HOXD4,hox,-0.9586001456738588,0.1394694199406911,4.844614247245804e-05
paired103,2,RAB10,rab_gtpase,0.9431096793264356,0.1903591827074608,0.0001230427917496
paired103,2,RAB11A,rab_gtpase,0.190988089346329,0.0603994921596836,0.0001079688438657
paired103,2,RAB14,rab_gtpase,0.1286110309267438,0.0221953393992209,1.4880902047487156e-05
paired103,2,RAB15,rab_gtpase,0.0646659346829346,0.0273051709731763,2.280452128955445e-05
paired103,2,RAB18,rab_gtpase,0.0339532696281906,0.0236119801064557,1.7104629624009604e-05
paired103,2,RAB1A,rab_gtpase,0.0530010467817054,0.0174938060329695,9.373354626585062e-06
paired103,2,RAB1B,rab_gtpase,0.1626635053471717,0.0260225483206052,2.024902899322445e-05
paired103,2,RAB20,rab_gtpase,-0.9199379275036336,0.2141612739693802,0.0002165653769679
paired103,2,RAB22A,rab_gtpase,0.9430611442427947,0.5102049865942485,0.0008849585029906
paired103,2,RAB23,rab_gtpase,-0.0903470476435706,0.0328509085897448,3.287672078167159e-05
paired103,2,RAB24,rab_gtpase,0.2006340943809805,0.0365082071893611,3.929089621146353e-05
paired103,2,RAB25,rab_gtpase,-0.4484837987998147,0.0607640945859249,9.06007411172194e-05
paired103,2,RAB27A,rab_gtpase,0.1044499863235801,0.0543017117737959,8.958359566213492e-05
paired103,2,RAB27B,rab_gtpase,0.1949408417095299,0.0263956550548235,2.0586838428093834e-05
paired103,2,RAB29,rab_gtpase,0.9152862895200992,1.3672462649734891,0.009359749099027
paired103,2,RAB2B,rab_gtpase,-0.0922947496317566,0.0509078850284937,7.892562667266567e-05
paired103,2,RAB30,rab_gtpase,-0.9629338996179236,0.9045895761984886,0.0018303302657379
paired103,2,RAB34,rab_gtpase,0.1624500811300771,0.0262951820671907,2.0677020799997337e-05
paired103,2,RAB35,rab_gtpase,0.1949485236567667,0.0200413286855367,1.1867918178420922e-05
paired103,2,RAB36,rab_gtpase,-0.2899790524104649,0.0523744197794241,7.717117704164611e-05
paired103,2,RAB38,rab_gtpase,-0.0958347564394396,0.0290900891729382,2.5753405966999487e-05
paired103,2,RAB39B,rab_gtpase,0.960024492269765,0.1488796280478404,5.3343771490910186e-05
paired103,2,RAB3A,rab_gtpase,0.1807877922395321,0.0244980881524818,1.7831284335856346e-05
paired103,2,RAB3C,rab_gtpase,0.9000732180995292,0.0957227011783793,5.343672452828852e-05
paired103,2,RAB3D,rab_gtpase,-0.437821731901732,0.0332750853482964,2.7489669559233043e-05
paired103,2,RAB4A,rab_gtpase,0.1335795609254893,0.0301304503440765,2.7386969972398312e-05
paired103,2,RAB5A,rab_gtpase,0.873538272262749,0.0443268866998908,1.429898931670781e-05
paired103,2,RAB5B,rab_gtpase,0.1276601558618849,0.0611860236386959,0.0001131199141366
paired103,2,RAB6A,rab_gtpase,0.9493931998326552,0.2541002771284818,0.0001956623156311
paired103,2,RAB6B,rab_gtpase,-0.0996018878943745,0.0306966242100982,2.8655210778771867e-05
paired103,2,RAB7B,rab_gtpase,0.9499891669551608,0.1107282690057827,3.672547156963191e-05
paired103,2,RAB8A,rab_gtpase,-0.1178126174004006,0.0350604734598976,3.723227594842893e-05
paired103,2,RAB9A,rab_gtpase,0.1365450490746694,0.0288733168170756,2.5128770784199617e-05
paired103,2,RAB9B,rab_gtpase,0.2973545359399036,0.0499779778019523,6.993805746235982e-05
paired103,2,RASEF,rab_gtpase,0.725741718416384,0.0249412120616412,9.04312885852132e-06
paired103,2,DIRAS1,ras_gtpases,0.0328550553028068,0.0189606270751468,1.1030236667375348e-05
paired103,2,NRAS,ras_gtpases,0.962467255551279,0.1714185356857814,6.64796671028256e-05
paired103,2,RALA,ras_gtpases,0.2024811639202081,0.0324323228995512,3.098333530582309e-05
paired103,2,RALB,ras_gtpases,0.5267002335512302,0.0326420081974222,2.3648033588230533e-05
paired103,2,RAP1A,ras_gtpases,-0.045865338040234,0.0181935355696969,1.0145371435954507e-05
paired103,2,RAP1B,ras_gtpases,0.0636846895881571,0.0292693084895497,2.620666427011198e-05
paired103,2,RAP2A,ras_gtpases,-0.050350157704495,0.0173479252340054,9.220209482463382e-06
paired103,2,RAP2B,ras_gtpases,0.6087372624091711,0.0289298509636427,1.6180636965401618e-05
paired103,2,RAP2C,ras_gtpases,0.152462110705296,0.0235112576574141,1.6583920178225853e-05
paired103,2,RASD2,ras_gtpases,0.0924158221799911,0.0231749566146587,1.6355446550764263e-05
paired103,2,RASL10A,ras_gtpases,-0.2753720377504114,0.0386116469657786,4.2319830542925096e-05
paired103,2,RASL10B,ras_gtpases,0.5820948672231648,0.0299547425070974,1.8221807834173376e-05
paired103,2,RERGL,ras_gtpases,0.0262764223235475,0.0797305323079663,0.0001951361972764
paired103,2,RHEB,ras_gtpases,0.0473267358256517,0.0292251215344461,2.6175235662173613e-05
paired103,2,CYP20A1,cytochrome_p450,0.2077182456035665,0.0268962249174781,2.126075347419487e-05
paired103,2,CYP26B1,cytochrome_p450,-0.135200927398107,0.0262516030930324,2.0780223814131915e-05
paired103,2,CYP8B1,cytochrome_p450,0.1744227464919988,0.0517988525358989,7.990719769990218e-05
paired103,2,PTGIS,cytochrome_p450,0.1572643560472407,0.0261242629535951,2.0443844527817667e-05
paired103,2,ARF1,arf_gtpase,0.1136207699331843,0.0317540616751281,3.057089805669211e-05
paired103,2,ARF3,arf_gtpase,0.3779476824021779,0.0343721642561281,3.1104716671226385e-05
paired103,2,ARF5,arf_gtpase,0.9615015992680276,0.5152885833370517,0.0006160447862605
paired103,2,ARF6,arf_gtpase,0.1814622696847713,0.0413244304787385,5.072586085363984e-05
paired103,2,ARL1,arf_gtpase,0.0525351531018974,0.0238008395671459,1.735138451408602e-05
paired103,2,ARL13B,arf_gtpase,0.5168278829889541,0.0234955362431733,1.242675356760703e-05
paired103,2,ARL3,arf_gtpase,0.0593477836122735,0.0247796133115518,1.8793465600186465e-05
paired103,2,ARL4A,arf_gtpase,0.1280972482792602,0.090455497053247,0.0002472203977166
paired103,2,ARL5A,arf_gtpase,0.297893328702596,0.0380544984894283,4.0533023865862994e-05
paired103,2,ARL5B,arf_gtpase,0.9550129432055924,0.7248195063527773,0.0014202067221614
paired103,2,ARL5C,arf_gtpase,0.4325349504523685,0.0326002229129858,2.653611518543819e-05
paired103,2,ARL6,arf_gtpase,0.9027712838952712,0.0666346865276785,2.5230940159270965e-05
paired103,2,ARL8A,arf_gtpase,0.0023725301564353,0.0217754105108904,1.4563961336366836e-05
paired103,2,ARL8B,arf_gtpase,0.0478552426575315,0.0194970355240538,1.164903804939943e-05
paired103,2,SAR1A,arf_gtpase,0.9549073099348911,0.3018203478376909,0.0002466772007052
paired103,2,TRIM23,arf_gtpase,0.948925977981578,0.2178998448534764,0.0001451733398469
paired103,2,CDC42,rho_gtpase,0.143118405460686,0.0329498459737059,3.266419801550846e-05
paired103,2,RHOA,rho_gtpase,-0.0105879993695755,0.0457589944698147,6.430789841804785e-05
paired103,2,RHOB,rho_gtpase,-0.396282622053244,0.0339334161561928,2.98136224783363e-05
paired103,2,RHOBTB1,rho_gtpase,-0.670534443403373,0.0228413303563935,8.819749608646177e-06
paired103,2,RHOG,rho_gtpase,0.1924104761194682,0.0440382850009662,5.7363522065201344e-05
paired103,2,RHOQ,rho_gtpase,0.9612347683414644,0.5489796105348794,0.0007040174055843
paired103,2,RND1,rho_gtpase,0.3058548063426546,0.0570766939876807,9.070445669701056e-05
paired103,2,RND3,rho_gtpase,0.1427846903592992,0.0426981470250644,5.485679095995621e-05
paired103,3,HOXA1,hox,-0.1816483881702896,0.0572239617058611,9.286223861970644e-05
paired103,3,HOXA10,hox,-0.0359302761346647,0.0626950528624465,0.0001151238877654
paired103,3,HOXA13,hox,0.7252216560043888,0.1095031158787765,0.0001667060994625
paired103,3,HOXA3,hox,-0.5298652116211708,0.0829074529164408,0.00014498701885
paired103,3,HOXA4,hox,0.908429297736094,0.271255451595757,0.0003771433076509
paired103,3,HOXA5,hox,-0.1943422035960537,0.059450967347121,9.973643349003858e-05
paired103,3,HOXA6,hox,-0.1044482391139643,0.073440993809358,0.0001564523374054
paired103,3,HOXA7,hox,-0.7186408103511394,0.0815780096249826,9.43730214973959e-05
paired103,3,HOXB2,hox,-0.2773242796289183,0.0589061660138788,9.393370993682204e-05
paired103,3,HOXB4,hox,-0.6664484164862596,0.0989858954255784,0.0001597243505013
paired103,3,HOXB5,hox,-0.4368844843337797,0.0556660091613912,7.352760514967027e-05
paired103,3,HOXB7,hox,0.5835048505510712,0.052156092892211,5.261212010032601e-05
paired103,3,HOXB8,hox,0.2798591877063599,0.0583087921878672,9.18972664651907e-05
paired103,3,HOXB9,hox,0.06702562084923,0.0743977374411953,0.0001615972794754
paired103,3,HOXC11,hox,-0.0552641755841983,0.0686998203048261,0.0001379900201866
paired103,3,HOXC12,hox,0.4934831070317704,0.0588260031550867,7.676876161366586e-05
paired103,3,HOXC4,hox,0.3388053002799151,0.0576449099996499,8.626256772947816e-05
paired103,3,HOXC5,hox,-0.6206093852285495,0.1025290690965314,0.0001895549179421
paired103,3,HOXC6,hox,0.016075842436939,0.0659498121880851,0.0001275197636395
paired103,3,HOXC8,hox,-0.1910635589444178,0.0577197208671351,9.413543966863004e-05
paired103,3,HOXC9,hox,0.0891971993178325,0.0765477772886757,0.0001704778638388
paired103,3,HOXD10,hox,0.1420527225221629,0.0469333953457907,6.329353874490184e-05
paired103,3,HOXD11,hox,-0.2249325607366996,0.0812544136733565,0.0001838317177748
paired103,3,HOXD12,hox,0.1305626434253056,0.073684983103439,0.0001565163906642
paired103,3,HOXD13,hox,-0.6227616640545413,0.1081437759731022,0.0002099685006642
paired103,3,HOXD4,hox,-0.7947852308757312,0.1606681405604688,0.0002788535154268
paired103,3,RAB10,rab_gtpase,0.8616029706108275,0.1938586309872911,0.0002839753969282
paired103,3,RAB11A,rab_gtpase,0.1224967770265161,0.0780021851857091,0.0001757601688164
paired103,3,RAB14,rab_gtpase,0.0081730556459163,0.0400999505948752,4.715240347807903e-05
paired103,3,RAB15,rab_gtpase,0.1041185421839147,0.0449757949923528,5.867750274057837e-05
paired103,3,RAB18,rab_gtpase,0.1146828976262585,0.0501340854256597,7.273896419401904e-05
paired103,3,RAB1A,rab_gtpase,0.0309657911120692,0.0336566369199647,3.31869191703138e-05
paired103,3,RAB1B,rab_gtpase,0.126818046633738,0.0457302289412435,6.034111505004436e-05
paired103,3,RAB20,rab_gtpase,-0.8673709977767005,0.2185610491348755,0.0003469963711202
paired103,3,RAB22A,rab_gtpase,0.9033692915809182,0.5091005370496218,0.0013988918361709
paired103,3,RAB23,rab_gtpase,-0.1300500880651273,0.0620020951212573,0.0001108316174682
paired103,3,RAB24,rab_gtpase,0.1436738156152658,0.0589869706330754,9.993329802238105e-05
paired103,3,RAB25,rab_gtpase,-0.3103161193368113,0.0783471704222583,0.000162683329164
paired103,3,RAB27A,rab_gtpase,0.0156795986355285,0.0615562884890977,0.0001110956680826
paired103,3,RAB27B,rab_gtpase,0.042166889047415,0.0479619425654401,6.733954861293245e-05
paired103,3,RAB29,rab_gtpase,0.8552375462920749,1.361885339695871,0.0147156264087567
paired103,3,RAB2B,rab_gtpase,-0.0485976095476303,0.0586190266575994,0.0001005326360283
paired103,3,RAB30,rab_gtpase,-0.9378665152802292,0.8982055014750558,0.0028526981541083
paired103,3,RAB34,rab_gtpase,0.0423327512604759,0.0376710460121377,4.15413236565243e-05
paired103,3,RAB35,rab_gtpase,0.1817603998717492,0.0310750645731917,2.7382612744708545e-05
paired103,3,RAB36,rab_gtpase,-0.0985254080435652,0.0729536374254282,0.0001545702806392
paired103,3,RAB38,rab_gtpase,0.0115142089498749,0.0564720736326779,9.351152231218408e-05
paired103,3,RAB39B,rab_gtpase,0.889572069327357,0.1568535448991959,0.0001505562181562
paired103,3,RAB3A,rab_gtpase,0.1156209226370112,0.0515937784819782,7.701963145789748e-05
paired103,3,RAB3C,rab_gtpase,0.7606086664682882,0.1093870644899067,0.0001479007049738
paired103,3,RAB3D,rab_gtpase,-0.2457292044105091,0.0623955895260899,0.0001072795520363
paired103,3,RAB4A,rab_gtpase,0.087190361379583,0.0492244225824088,7.051756644016471e-05
paired103,3,RAB5A,rab_gtpase,0.6561416193586433,0.0530989203192147,4.7086197773937855e-05
paired103,3,RAB5B,rab_gtpase,0.1260263805491619,0.0805347032747154,0.000187192565751
paired103,3,RAB6A,rab_gtpase,0.9079739466904978,0.2568980155803992,0.0003398705045764
paired103,3,RAB6B,rab_gtpase,-0.1043469217924549,0.0456566242684144,6.046457506236891e-05
paired103,3,RAB7B,rab_gtpase,0.8555426468024261,0.1182623026205696,0.0001099416020149
paired103,3,RAB8A,rab_gtpase,-0.0408073073842674,0.0492500167109147,7.101323724290065e-05
paired103,3,RAB9A,rab_gtpase,0.0760221628731122,0.0493051634460657,7.087905191349719e-05
paired103,3,RAB9B,rab_gtpase,0.2119789167443588,0.0635688331219871,0.0001131829192086
paired103,3,RASEF,rab_gtpase,0.4219711800881546,0.0590928149047398,8.417107095970433e-05
paired103,3,DIRAS1,ras_gtpases,0.0713649137437632,0.0441083665065975,5.676383319730416e-05
paired103,3,NRAS,ras_gtpases,0.9047530763087648,0.1814756020786539,0.0001752262297358
paired103,3,RALA,ras_gtpases,0.1806563861448917,0.0494209236123636,6.928852026866217e-05
paired103,3,RALB,ras_gtpases,0.3770693165698249,0.0593508554793338,8.861427036110925e-05
paired103,3,RAP1A,ras_gtpases,0.059882252585196,0.03565412759346,3.714518262909472e-05
paired103,3,RAP1B,ras_gtpases,-0.0677145438044274,0.0530996946990478,8.230778622986268e-05
paired103,3,RAP2A,ras_gtpases,0.0079895755361308,0.0353224527878976,3.65861625674091e-05
paired103,3,RAP2B,ras_gtpases,0.3544463895998667,0.0552051757991278,7.814579792242426e-05
paired103,3,RAP2C,ras_gtpases,0.1410563592570399,0.0472565255230484,6.418657604934097e-05
paired103,3,RASD2,ras_gtpases,0.131686689762341,0.0549074001143167,8.687968239839972e-05
paired103,3,RASL10A,ras_gtpases,-0.1133610406687891,0.0627838039650084,0.0001141137016461
paired103,3,RASL10B,ras_gtpases,0.4081851422550074,0.043902270510113,4.710475456437546e-05
paired103,3,RERGL,ras_gtpases,0.017058139980256,0.0886913308064013,0.0002306327458034
paired103,3,RHEB,ras_gtpases,-0.0514764134662535,0.0458976893045896,6.161374753455018e-05
paired103,3,CYP20A1,cytochrome_p450,0.1762551942233555,0.0474713128229891,6.40332529158183e-05
paired103,3,CYP26B1,cytochrome_p450,0.0300257396878641,0.0515237839181053,7.77813738753741e-05
paired103,3,CYP8B1,cytochrome_p450,0.1976454926254574,0.0932810244442411,0.0002452276185593
paired103,3,PTGIS,cytochrome_p450,0.1071280498473653,0.0671395490014833,0.0001306794152344
paired103,3,ARF1,arf_gtpase,0.1677233500879711,0.0554940779431405,8.777178815089215e-05
paired103,3,ARF3,arf_gtpase,0.222615098172816,0.0466454470581927,6.064464758859245e-05
paired103,3,ARF5,arf_gtpase,0.9223530602371364,0.5125458658246509,0.0011505561305447
paired103,3,ARF6,arf_gtpase,0.1313300914726962,0.0611997451629917,0.0001079447975329
paired103,3,ARL1,arf_gtpase,0.0125028079870182,0.047766325353176,6.689986321173347e-05
paired103,3,ARL13B,arf_gtpase,0.1287708243125808,0.0543139531906901,8.507744130459294e-05
paired103,3,ARL3,arf_gtpase,-0.0215176461254266,0.0426752629695945,5.338236456453593e-05
paired103,3,ARL4A,arf_gtpase,0.0997752559598375,0.1035398621980671,0.0003112953185135
paired103,3,ARL5A,arf_gtpase,0.2539170234476591,0.0594357139510376,9.69185426236141e-05
paired103,3,ARL5B,arf_gtpase,0.9132364570862512,0.7231788734273139,0.0025490960525818
paired103,3,ARL5C,arf_gtpase,0.123801599585102,0.0613506678120338,0.0001086899089688
paired103,3,ARL6,arf_gtpase,0.7423697519124107,0.0804084404731346,8.511260186627734e-05
paired103,3,ARL8A,arf_gtpase,0.0415627658110163,0.0351048538181765,3.607665199090171e-05
paired103,3,ARL8B,arf_gtpase,0.0336815396365262,0.0292248342420699,2.5017938137250617e-05
paired103,3,SAR1A,arf_gtpase,0.9178475516061384,0.3002240758863107,0.0004165345378552
paired103,3,TRIM23,arf_gtpase,0.8946608377776331,0.224331602156915,0.0002945785757209
paired103,3,CDC42,rho_gtpase,0.0906284104159093,0.0509496926887661,7.55009912091209e-05
paired103,3,RHOA,rho_gtpase,0.0952918254367947,0.0742803148696745,0.0001603450600348
paired103,3,RHOB,rho_gtpase,-0.2029825650072023,0.0523364861536166,7.701723679831574e-05
paired103,3,RHOBTB1,rho_gtpase,-0.2364017177236369,0.0499811138195721,6.916499561582246e-05
paired103,3,RHOG,rho_gtpase,0.1569244207975686,0.0602152020409141,0.0001037149226035
paired103,3,RHOQ,rho_gtpase,0.9266528301866068,0.5476975736656904,0.001243865944104
paired103,3,RND1,rho_gtpase,0.2252393588047245,0.0689265984494557,0.0001322591827062
paired103,3,RND3,rho_gtpase,0.0749580132336303,0.0573635603717303,9.595793948247168e-05
paired103,4,HOXA1,hox,-0.1065060269501696,0.06013890591539,0.0004557696695828
paired103,4,HOXA10,hox,0.1782375998207204,0.063212823164002,0.0004931585899747
paired103,4,HOXA13,hox,0.483279601462525,0.0853638871658992,0.0007119862612816
paired103,4,HOXA3,hox,0.1442692127298457,0.0650782257160162,0.0005286175338929
paired103,4,HOXA4,hox,0.5302128215824592,0.1162364125446051,0.0012385010958806
paired103,4,HOXA5,hox,-0.2296220761234279,0.056794090590568,0.0003894541542438
paired103,4,HOXA6,hox,0.0872515519606296,0.0737212802702529,0.0006875530073015
paired103,4,HOXA7,hox,-0.2839003000661187,0.0582103528151414,0.0003970831628726
paired103,4,HOXB2,hox,0.2167780360717862,0.0534090544026114,0.0003464904161486
paired103,4,HOXB4,hox,-0.0499052745171434,0.0658905390279699,0.0005520431429003
paired103,4,HOXB5,hox,0.1240528759611885,0.0604668006334581,0.0004588685037849
paired103,4,HOXB7,hox,0.1599936273510757,0.0499443013857158,0.0003097899523842
paired103,4,HOXB8,hox,0.1274477978830862,0.05488589417278,0.0003777298997029
paired103,4,HOXB9,hox,0.1146905617069489,0.0653552348030069,0.0005373000101913
paired103,4,HOXC11,hox,0.199643621919844,0.0858014527297152,0.0009011781585024
paired103,4,HOXC12,hox,0.3295794266020484,0.0557452964329117,0.0003530569241227
paired103,4,HOXC4,hox,0.0350514416680194,0.0545997008139134,0.0003795063279901
paired103,4,HOXC5,hox,0.052188026405415,0.1041083071096082,0.0013784014384012
paired103,4,HOXC6,hox,-0.1175708387477528,0.076033371102879,0.0007267938410089
paired103,4,HOXC8,hox,0.1143214301261531,0.0765987667069096,0.0007382109570014
paired103,4,HOXC9,hox,0.2530329531543336,0.0954769786049482,0.0010878964284807
paired103,4,HOXD10,hox,0.095146419497102,0.0456779643940704,0.0002635185483355
paired103,4,HOXD11,hox,0.3939287946696548,0.0867095239989948,0.0008097737673478
paired103,4,HOXD12,hox,0.3058742073883007,0.0795431944673129,0.0007311295854474
paired103,4,HOXD13,hox,0.1539014485917581,0.0718646869552581,0.00064276219614
paired103,4,HOXD4,hox,-0.1781369232111188,0.0901188055884914,0.0010026141824178
paired103,4,RAB10,rab_gtpase,0.0862222741188912,0.0846041936734122,0.0009057946928997
paired103,4,RAB11A,rab_gtpase,0.240185195601146,0.0775485136910434,0.0007224172927972
paired103,4,RAB14,rab_gtpase,-0.2074297918463905,0.0490230684652678,0.0002931259400296
paired103,4,RAB15,rab_gtpase,0.2780001499952548,0.0427512333907582,0.0002149324392323
paired103,4,RAB18,rab_gtpase,0.3348186904103677,0.0533780102913068,0.0003224386428685
paired103,4,RAB1A,rab_gtpase,0.139185189400305,0.0327289170315284,0.0001338709621659
paired103,4,RAB1B,rab_gtpase,0.3141520401839795,0.0455020419332961,0.0002378356039574
paired103,4,RAB20,rab_gtpase,-0.0439930214248612,0.0769756175180298,0.0007539086818749
paired103,4,RAB22A,rab_gtpase,0.4368926054326985,0.1448192432991698,0.0021648530292744
paired103,4,RAB23,rab_gtpase,-0.1815283269471508,0.060769482041281,0.0004552057109703
paired103,4,RAB24,rab_gtpase,0.5112745260402877,0.0614074193073943,0.0003549908067002
paired103,4,RAB25,rab_gtpase,0.2563418556833227,0.082540123086074,0.0008114796274895
paired103,4,RAB27A,rab_gtpase,0.0803202076268049,0.0635666617294007,0.0005117396564701
paired103,4,RAB27B,rab_gtpase,-0.0003028215043003,0.0450951006575228,0.0002591820669453
paired103,4,RAB29,rab_gtpase,0.3766810519607038,0.3510835352973035,0.0135709896594891
paired103,4,RAB2B,rab_gtpase,0.4006429437485345,0.0576367322454561,0.0003554503415529
paired103,4,RAB30,rab_gtpase,-0.3816082352030854,0.2457429279219727,0.0065968331885805
paired103,4,RAB34,rab_gtpase,0.0502669151955556,0.0380208102857221,0.0001837696882355
paired103,4,RAB35,rab_gtpase,0.3085926372967902,0.0317524483028799,0.0001162540618423
paired103,4,RAB36,rab_gtpase,-0.1224486233738856,0.071023175794062,0.0006333834941966
paired103,4,RAB38,rab_gtpase,0.4531630895354234,0.0713671534380046,0.0005159064457266
paired103,4,RAB39B,rab_gtpase,0.4982908600440908,0.0907835990873646,0.0007898133285145
paired103,4,RAB3A,rab_gtpase,0.1916308099068697,0.0517645707275137,0.0003289865457338
paired103,4,RAB3C,rab_gtpase,0.541632745685778,0.0913578525995411,0.0007518644579556
paired103,4,RAB3D,rab_gtpase,-0.3111623082127792,0.0658544995810459,0.0004992782880872
paired103,4,RAB4A,rab_gtpase,0.3003354591320873,0.0459714958105472,0.0002450562252723
paired103,4,RAB5A,rab_gtpase,-0.2349310195548898,0.0452171038454743,0.0002462023686461
paired103,4,RAB5B,rab_gtpase,0.339657272142251,0.0782867671941795,0.0006911621031018
paired103,4,RAB6A,rab_gtpase,0.5231375150914445,0.1543920120610538,0.0022087766604765
paired103,4,RAB6B,rab_gtpase,-0.2435403953423175,0.0442146323196071,0.0002343789236816
paired103,4,RAB7B,rab_gtpase,0.4430390769365247,0.0609801187343906,0.0003809360367056
paired103,4,RAB8A,rab_gtpase,-0.0451154036049954,0.0488217847657039,0.00030317840399
paired103,4,RAB9A,rab_gtpase,0.2028789588201583,0.0508222834019483,0.0003156552963969
paired103,4,RAB9B,rab_gtpase,0.2592083435252253,0.062760019235998,0.0004683294867632
paired103,4,RASEF,rab_gtpase,0.5030587785534081,0.0639131671888649,0.00038889835474
paired103,4,DIRAS1,ras_gtpases,0.1392475505980538,0.0440372631555767,0.0002423704270485
paired103,4,NRAS,ras_gtpases,0.4976784676168502,0.0755301972652818,0.0005470794667985
paired103,4,RALA,ras_gtpases,0.4305279756997116,0.0506090159084782,0.0002659330215164
paired103,4,RALB,ras_gtpases,0.4227978437803941,0.0586222605244319,0.0003597198203897
paired103,4,RAP1A,ras_gtpases,0.3166384061273079,0.0522165672799683,0.000312673882821
paired103,4,RAP1B,ras_gtpases,-0.3251864762696719,0.0803042288687095,0.0007351691212257
paired103,4,RAP2A,ras_gtpases,0.0068738836009195,0.040327252152625,0.0002072582045163
paired103,4,RAP2B,ras_gtpases,0.3759027923521214,0.0609235061594288,0.0004062449513961
paired103,4,RAP2C,ras_gtpases,0.321728965116835,0.045032616313461,0.0002317076317009
paired103,4,RASD2,ras_gtpases,0.4061418614102592,0.0605463518180974,0.0003901777751301
paired103,4,RASL10A,ras_gtpases,-0.0135192862082473,0.0664512947357449,0.0005627813764764
paired103,4,RASL10B,ras_gtpases,0.3896361711914023,0.0470870109709311,0.0002396813138489
paired103,4,RERGL,ras_gtpases,0.2658559826207503,0.0841269889359189,0.0008385102078657
paired103,4,RHEB,ras_gtpases,-0.2811863157323604,0.0632197200466838,0.0004691650338556
paired103,4,CYP20A1,cytochrome_p450,0.2628841483618298,0.0468771711649235,0.0002607165830224
paired103,4,CYP26B1,cytochrome_p450,0.2969675135933768,0.0490691520038188,0.0002798158723678
paired103,4,CYP8B1,cytochrome_p450,0.546586128223347,0.1176248549412601,0.00123715987846
paired103,4,PTGIS,cytochrome_p450,0.3316449276153331,0.0642352814430586,0.0004680956345328
paired103,4,ARF1,arf_gtpase,0.511433682973161,0.0655368672599014,0.0004042609111096
paired103,4,ARF3,arf_gtpase,0.2090087698006731,0.0493565039463933,0.0002969233579244
paired103,4,ARF5,arf_gtpase,0.5958992855799349,0.1419658796603249,0.0016577275592348
paired103,4,ARF6,arf_gtpase,0.3218096367389065,0.0626999875499837,0.0004492033379545
paired103,4,ARL1,arf_gtpase,-0.0056717964219575,0.0449319596957348,0.0002573016725306
paired103,4,ARL13B,arf_gtpase,-0.1404504850393582,0.0551352467089022,0.0003798205394497
paired103,4,ARL3,arf_gtpase,-0.094609433290421,0.0409837268727425,0.000212155406479
paired103,4,ARL4A,arf_gtpase,0.2628094115205945,0.1022172913025312,0.0012402970829471
paired103,4,ARL5A,arf_gtpase,0.3741280638886292,0.0565081432736915,0.0003500263667183
paired103,4,ARL5B,arf_gtpase,0.5575978012593741,0.1911131343253768,0.0032124901140635
paired103,4,ARL5C,arf_gtpase,-0.0105513787092178,0.0603110522399656,0.0004635922001929
paired103,4,ARL6,arf_gtpase,0.0774934524050373,0.0538980060017503,0.0003680437135948
paired103,4,ARL8A,arf_gtpase,-0.0441320549276584,0.0355919601304426,0.0001611321170504
paired103,4,ARL8B,arf_gtpase,0.1559012767545591,0.0294289485966726,0.0001076903647905
paired103,4,SAR1A,arf_gtpase,0.4288872010904925,0.0826041706835938,0.000709852216854
paired103,4,TRIM23,arf_gtpase,0.5855331135850279,0.1182746731394928,0.0011721771767819
paired103,4,CDC42,rho_gtpase,0.3079879603859399,0.0568794827308648,0.0003732499121572
paired103,4,RHOA,rho_gtpase,0.2742073908951175,0.0779101563020498,0.000715626179275
paired103,4,RHOB,rho_gtpase,0.2765260914926174,0.0550946582614184,0.0003573050334965
paired103,4,RHOBTB1,rho_gtpase,0.1108680816769706,0.0455953558482077,0.0002617078348361
paired103,4,RHOG,rho_gtpase,0.2101481678634817,0.0621027448788942,0.0004698917286193
paired103,4,RHOQ,rho_gtpase,0.6728183732940004,0.1524450306145815,0.0016222083222712
paired103,4,RND1,rho_gtpase,0.2841122485481938,0.068963260841588,0.0005573070216533
paired103,4,RND3,rho_gtpase,0.1016750571021848,0.0568874583693629,0.0004082241313304
paired103,5,HOXA1,hox,0.0385979523356913,0.0643514044113444,0.0002790163262844
paired103,5,HOXA10,hox,0.2426392042608686,0.0797895239165527,0.0004043224778692
paired103,5,HOXA13,hox,0.6155632888780329,0.1139510710735443,0.0005442573630949
paired103,5,HOXA3,hox,0.3383122994646982,0.0964538398044487,0.0005559948700146
paired103,5,HOXA4,hox,0.5234863475533363,0.1415264073157469,0.0009815276266224
paired103,5,HOXA5,hox,-0.1814887908599311,0.0682215399777846,0.0003037132158554
paired103,5,HOXA6,hox,0.1232534765200835,0.0907822022253333,0.0005477377433694
paired103,5,HOXA7,hox,-0.2275603717272223,0.0767308337633343,0.0003767294009133
paired103,5,HOXB2,hox,0.3530172814015774,0.0652195585696563,0.0002512503969755
paired103,5,HOXB4,hox,0.1079271358169655,0.0875464100777983,0.0005112104175016
paired103,5,HOXB5,hox,0.1545350864496591,0.0759989850343289,0.0003804533324938
paired103,5,HOXB7,hox,0.2679899318811773,0.058988305891832,0.0002179277287298
paired103,5,HOXB8,hox,0.2374987752359402,0.0691324349481373,0.0003043095461899
paired103,5,HOXB9,hox,0.1413847886473573,0.0726521003036252,0.0003490625617268
paired103,5,HOXC11,hox,0.3491268626394659,0.1057696020593176,0.0006630027535127
paired103,5,HOXC12,hox,0.4452415867077716,0.0747747518717402,0.000302496573982
paired103,5,HOXC4,hox,0.1871532333646158,0.0722466148228659,0.0003398793181909
paired103,5,HOXC5,hox,0.2133184758569177,0.1410109294271214,0.0012813214511137
paired103,5,HOXC6,hox,0.0272068025584617,0.0869720214434297,0.000510092314691
paired103,5,HOXC8,hox,0.0927652527009437,0.0764522454060298,0.0003910321117979
paired103,5,HOXC9,hox,0.2331810511233599,0.0981661879810557,0.0006150034610608
paired103,5,HOXD10,hox,0.0368926425335194,0.0532469422069166,0.0001910468084388
paired103,5,HOXD11,hox,0.5203673671467507,0.1241592703643021,0.0007587187418748
paired103,5,HOXD12,hox,0.5235050444802876,0.1260938360072045,0.0007790396780558
paired103,5,HOXD13,hox,0.3881793022165622,0.0966928652471448,0.0005358897277403
paired103,5,HOXD4,hox,0.0608937872192027,0.1047119050868571,0.000737291679721
paired103,5,RAB10,rab_gtpase,0.1165435647568064,0.0861448562766833,0.0004940003511963
paired103,5,RAB11A,rab_gtpase,0.3187022514970675,0.1017751916496492,0.0006280647562999
paired103,5,RAB14,rab_gtpase,-0.2095451423623624,0.0575439427096499,0.0002136216349842
paired103,5,RAB15,rab_gtpase,0.3428896353051908,0.0570427340690466,0.0001937411345752
paired103,5,RAB18,rab_gtpase,0.4853897464932151,0.0651937661979604,0.0002192194401929
paired103,5,RAB1A,rab_gtpase,-0.2212149888342187,0.0435108081685874,0.0001214872922242
paired103,5,RAB1B,rab_gtpase,0.4128925440061114,0.0581767228107102,0.000189437883887
paired103,5,RAB20,rab_gtpase,0.2628628777838048,0.1042406792568469,0.0006826965011162
paired103,5,RAB22A,rab_gtpase,0.2670618755007107,0.1502462170078486,0.0014154031191722
paired103,5,RAB23,rab_gtpase,0.1052830807843651,0.0618940355108155,0.0002556305446104
paired103,5,RAB24,rab_gtpase,0.5564698712532716,0.0849619306360071,0.0003362684148616
paired103,5,RAB25,rab_gtpase,0.2593951101081099,0.1035407250906966,0.0006748667210134
paired103,5,RAB27A,rab_gtpase,-0.1395966832506719,0.0879938784653566,0.0005123537322994
paired103,5,RAB27B,rab_gtpase,0.0529306505786659,0.0501782658052682,0.0001694143114975
paired103,5,RAB29,rab_gtpase,0.1922002263866844,0.3666675118331682,0.0087742041834065
paired103,5,RAB2B,rab_gtpase,0.424033983919721,0.0698390185163881,0.0002699432982087
paired103,5,RAB30,rab_gtpase,-0.1326442258854998,0.2623035148039611,0.0045708097467505
paired103,5,RAB34,rab_gtpase,0.1645152977143601,0.0497656492000727,0.0001625843784409
paired103,5,RAB35,rab_gtpase,0.3724383665912525,0.0379059571466151,8.349928608131219e-05
paired103,5,RAB36,rab_gtpase,-0.0680331128310762,0.0897514781032001,0.0005411110420321
paired103,5,RAB38,rab_gtpase,0.5699547862248087,0.0938039593067883,0.0004008954485446
paired103,5,RAB39B,rab_gtpase,0.4440149329816487,0.1199393541406437,0.0007795213025506
paired103,5,RAB3A,rab_gtpase,0.2777207853474068,0.060797992445468,0.0002301812805645
paired103,5,RAB3C,rab_gtpase,0.5181499872364431,0.1053314719213046,0.0005477246357716
paired103,5,RAB3D,rab_gtpase,-0.10235631156818,0.0711990946403495,0.0003384923723501
paired103,5,RAB4A,rab_gtpase,0.2404944789088281,0.0561683962441624,0.0002005643929616
paired103,5,RAB5A,rab_gtpase,-0.2009471000076404,0.0600230775275416,0.0002332851255089
paired103,5,RAB5B,rab_gtpase,0.4479356953520302,0.0958653018666265,0.0004957582578991
paired103,5,RAB6A,rab_gtpase,0.4035072084545839,0.2136354206491476,0.0025812359106858
paired103,5,RAB6B,rab_gtpase,-0.3755903796749683,0.061509556514241,0.0002192764470163
paired103,5,RAB7B,rab_gtpase,0.4542644839578165,0.0782017799820202,0.0003275144592562
paired103,5,RAB8A,rab_gtpase,-0.044245746946254,0.0569074625326883,0.0002180897313515
paired103,5,RAB9A,rab_gtpase,0.2840720863088349,0.0657528774476848,0.0002681926853166
paired103,5,RAB9B,rab_gtpase,0.2969805050949036,0.0733822257770345,0.0003313255978432
paired103,5,RASEF,rab_gtpase,0.5869849051347661,0.0816860326117065,0.0002951201597154
paired103,5,DIRAS1,ras_gtpases,0.190904493096282,0.0672998378015083,0.0002944890636684
paired103,5,NRAS,ras_gtpases,0.4394914161330242,0.092771831021518,0.0004686254142196
paired103,5,RALA,ras_gtpases,0.4846351036632497,0.0588958597097525,0.0001790784961868
paired103,5,RALB,ras_gtpases,0.4757412187127874,0.0772817565463152,0.0003118014017829
paired103,5,RAP1A,ras_gtpases,0.2370647785358823,0.0543017480652355,0.000187779840686
paired103,5,RAP1B,ras_gtpases,-0.3258659206853337,0.1165533088721799,0.0008195464331787
paired103,5,RAP2A,ras_gtpases,-0.0941629215050982,0.0713640052140099,0.0003406159262435
paired103,5,RAP2B,ras_gtpases,0.415022858276876,0.0904064616643361,0.0004565632061669
paired103,5,RAP2C,ras_gtpases,0.2507496478039668,0.0517693502815865,0.0001694650074932
paired103,5,RASD2,ras_gtpases,0.3857098217356288,0.0925751537301586,0.0004923139353758
paired103,5,RASL10A,ras_gtpases,0.2281380442859913,0.0842829016873376,0.0004544278379432
paired103,5,RASL10B,ras_gtpases,0.4119568458916048,0.0611480485209122,0.0002094796192321
paired103,5,RERGL,ras_gtpases,0.2593650159120466,0.103781972434383,0.0006780276509601
paired103,5,RHEB,ras_gtpases,-0.191521338817597,0.0619010249568111,0.0002490695380489
paired103,5,CYP20A1,cytochrome_p450,0.2838903804516094,0.0581276978404652,0.0002096137070722
paired103,5,CYP26B1,cytochrome_p450,0.3929406501717767,0.067802922977183,0.0002623119180588
paired103,5,CYP8B1,cytochrome_p450,0.6332226154181361,0.1341116463354295,0.0007271756297141
paired103,5,PTGIS,cytochrome_p450,0.395871707101233,0.079060600483472,0.0003556907752226
paired103,5,ARF1,arf_gtpase,0.5506105797932441,0.0870948964938904,0.0003566883483592
paired103,5,ARF3,arf_gtpase,0.3288978377755501,0.062030994748352,0.0002315519638671
paired103,5,ARF5,arf_gtpase,0.549084968743532,0.1529455111115588,0.0011030202039664
paired103,5,ARF6,arf_gtpase,0.4092155676432599,0.0760206307354796,0.0003246686681483
paired103,5,ARL1,arf_gtpase,0.1533737601744624,0.0530156924669601,0.0001851873612925
paired103,5,ARL13B,arf_gtpase,0.1465594938682487,0.055596702045443,0.0002040857522663
paired103,5,ARL3,arf_gtpase,-0.2261689181506582,0.0493213499848503,0.00015574017697
paired103,5,ARL4A,arf_gtpase,0.2923138279071974,0.120273948176664,0.0008929892903707
paired103,5,ARL5A,arf_gtpase,0.3240253770878912,0.0662143807413505,0.0002647825169289
paired103,5,ARL5B,arf_gtpase,0.4308020510601,0.1972830041483248,0.0021408577759786
paired103,5,ARL5C,arf_gtpase,-0.0482502533041929,0.0788074528669764,0.0004181321814195
paired103,5,ARL6,arf_gtpase,-0.0913191208320205,0.0679941464319505,0.0003093669035537
paired103,5,ARL8A,arf_gtpase,-0.1914929468037257,0.0523276737190703,0.0001779824808059
paired103,5,ARL8B,arf_gtpase,0.0447038228402046,0.0368726963384003,9.155063447896516e-05
paired103,5,SAR1A,arf_gtpase,0.3239244182947421,0.0939055009047738,0.0005326680566473
paired103,5,TRIM23,arf_gtpase,0.6343578560382387,0.1559980046411083,0.0009816465923258
paired103,5,CDC42,rho_gtpase,0.3386181771861384,0.0760530718580945,0.0003455556490087
paired103,5,RHOA,rho_gtpase,0.2419502416365061,0.0788872040676467,0.0003953678583256
paired103,5,RHOB,rho_gtpase,0.3252587016471763,0.0697147896071578,0.0002932594021642
paired103,5,RHOBTB1,rho_gtpase,0.2813008914397035,0.0539865571769972,0.0001810961788134
paired103,5,RHOG,rho_gtpase,0.3801671435413548,0.0724124570673395,0.0003026906739308
paired103,5,RHOQ,rho_gtpase,0.6423568811215254,0.162296800939308,0.0010443946398619
paired103,5,RND1,rho_gtpase,0.3884791105559664,0.0853846825816056,0.0004177358656358
paired103,5,RND3,rho_gtpase,0.2050683472112598,0.0681774722123255,0.0003004615957833
paired103,6,HOXA1,hox,0.1089818356016146,0.074277710634061,0.0002700755159127
paired103,6,HOXA10,hox,0.3793710046127385,0.1151681523460811,0.0005625986578445
paired103,6,HOXA13,hox,0.6223769278973466,0.1370584164503827,0.0005702221674649
paired103,6,HOXA3,hox,0.4358480477793043,0.1397323128072586,0.0007837310359244
paired103,6,HOXA4,hox,0.3732349116309891,0.188358081639905,0.0015137199340888
paired103,6,HOXA5,hox,-0.0140422726411252,0.0801526998493321,0.0003182132986656
paired103,6,HOXA6,hox,0.2993229856428637,0.1157259391228661,0.0006041241235523
paired103,6,HOXA7,hox,0.0318394255924799,0.0911951894116126,0.0004116151161637
paired103,6,HOXB2,hox,0.2342145745618206,0.0832382757046001,0.0003244239633268
paired103,6,HOXB4,hox,0.2474263595860495,0.1212095148331405,0.000683414717259
paired103,6,HOXB5,hox,0.2718581489685757,0.0996505345206243,0.0004556290857176
paired103,6,HOXB7,hox,0.0894393011240214,0.0682691605461514,0.0002290389573077
paired103,6,HOXB8,hox,0.3051311818708762,0.0833557483502375,0.0003121723590214
paired103,6,HOXB9,hox,0.122628626712703,0.0852763798131281,0.0003548564476769
paired103,6,HOXC11,hox,0.3888970768544644,0.1172456064231315,0.000578098290025
paired103,6,HOXC12,hox,0.4473894096551364,0.0928832378544371,0.000341862986506
paired103,6,HOXC4,hox,0.3345931274995636,0.0918971665651276,0.0003715520416881
paired103,6,HOXC5,hox,0.2249836183255171,0.1467217387333156,0.0010128581872919
paired103,6,HOXC6,hox,0.0827803687947253,0.1005349471751938,0.0004973411417912
paired103,6,HOXC8,hox,0.1278359106129965,0.0815813280249002,0.000324335621833
paired103,6,HOXC9,hox,0.1433192976490343,0.1109255424764654,0.0005971423629335
paired103,6,HOXD10,hox,0.2055981400236732,0.0681476256299946,0.0002203386492355
paired103,6,HOXD11,hox,0.5367084796055782,0.173652300206819,0.0010639876278939
paired103,6,HOXD12,hox,0.5385819711629126,0.1457755915023562,0.0007475594550829
paired103,6,HOXD13,hox,0.463020357503655,0.1261293946054013,0.000619261184924
paired103,6,HOXD4,hox,0.2667866241020235,0.1343579241154491,0.0008308821604112
paired103,6,RAB10,rab_gtpase,-0.0068725562250514,0.0898074557890323,0.0003995669894406
paired103,6,RAB11A,rab_gtpase,0.0797231050099813,0.1322564658263176,0.0008612918982962
paired103,6,RAB14,rab_gtpase,-0.1495997888180657,0.0572795829110573,0.0001588922766015
paired103,6,RAB15,rab_gtpase,0.4923425882576654,0.0778323943696992,0.0002273568133003
paired103,6,RAB18,rab_gtpase,0.3302875485541236,0.0678390415750349,0.0002031121807211
paired103,6,RAB1A,rab_gtpase,-0.1862970156996603,0.0509116606587849,0.000123942240448
paired103,6,RAB1B,rab_gtpase,0.5665363332155543,0.0751878332066497,0.0001901639375805
paired103,6,RAB20,rab_gtpase,0.3793608649040411,0.1266187863401953,0.0006800793797685
paired103,6,RAB22A,rab_gtpase,0.1038939337701478,0.1281625184539803,0.0008051601239962
paired103,6,RAB23,rab_gtpase,-0.0616850868244965,0.0697905773811942,0.0002403746544452
paired103,6,RAB24,rab_gtpase,0.6480955830764573,0.1430156586014245,0.0005877606379649
paired103,6,RAB25,rab_gtpase,0.4124543470730961,0.1420756448371339,0.0008301071531181
paired103,6,RAB27A,rab_gtpase,-0.3026896067650881,0.1217901840830057,0.0006676290307432
paired103,6,RAB27B,rab_gtpase,-0.0758373390278281,0.0595068331653466,0.0001744074918473
paired103,6,RAB29,rab_gtpase,0.0991776794315972,0.3520332937674117,0.0060967584439132
paired103,6,RAB2B,rab_gtpase,0.4125242126422381,0.0767639720892793,0.0002422433763604
paired103,6,RAB30,rab_gtpase,0.05498285138454,0.2354311211290231,0.0027409871018411
paired103,6,RAB34,rab_gtpase,0.1650107341309227,0.0586866313710972,0.0001659677774368
paired103,6,RAB35,rab_gtpase,0.4313513291495435,0.0440609801610281,7.827338829191621e-05
paired103,6,RAB36,rab_gtpase,0.2096169060436287,0.1328717262082012,0.0008364324367294
paired103,6,RAB38,rab_gtpase,0.4982060928997036,0.0980528135383737,0.0003580909806798
paired103,6,RAB39B,rab_gtpase,0.4032650137335029,0.15358153108304,0.0009788369218961
paired103,6,RAB3A,rab_gtpase,0.2643973310643064,0.068721804937111,0.0002176014527315
paired103,6,RAB3C,rab_gtpase,0.3013643126942378,0.1115003765760083,0.0005600444674048
paired103,6,RAB3D,rab_gtpase,0.0230593454950621,0.0819499612919218,0.0003325349406633
paired103,6,RAB4A,rab_gtpase,0.0754863146058127,0.079863703440252,0.0003141838865824
paired103,6,RAB5A,rab_gtpase,-0.1881232621820436,0.0875504582474263,0.0003663081225694
paired103,6,RAB5B,rab_gtpase,0.4902474118620893,0.1122372452806201,0.0004741255238397
paired103,6,RAB6A,rab_gtpase,0.2082036157940685,0.2149540774582307,0.0021918952740549
paired103,6,RAB6B,rab_gtpase,-0.4212599428091054,0.0808146847027987,0.0002661300848767
paired103,6,RAB7B,rab_gtpase,0.4587792521594667,0.0966933253035101,0.0003657084383
paired103,6,RAB8A,rab_gtpase,0.1687947863875706,0.0732488436354143,0.00025822762559
paired103,6,RAB9A,rab_gtpase,0.1654027517311832,0.077749664229377,0.0002912807888398
paired103,6,RAB9B,rab_gtpase,0.303253439754492,0.087569935431933,0.0003449746983711
paired103,6,RASEF,rab_gtpase,0.5862658007922379,0.100508001568888,0.0003284494510612
paired103,6,DIRAS1,ras_gtpases,0.4152678795954621,0.0965409748008558,0.0003821206428497
paired103,6,NRAS,ras_gtpases,0.3371125226989592,0.1041635360948977,0.0004764762223455
paired103,6,RALA,ras_gtpases,0.478285171066535,0.0649634506922553,0.0001612364176794
paired103,6,RALB,ras_gtpases,0.4935949464231175,0.097259712524754,0.0003544641860973
paired103,6,RAP1A,ras_gtpases,0.2950375388033411,0.0719238257885747,0.0002339608936233
paired103,6,RAP1B,ras_gtpases,-0.3325935374600897,0.1715342144028264,0.0012970894638333
paired103,6,RAP2A,ras_gtpases,0.0815393432791468,0.0685800018648876,0.0002314444016759
paired103,6,RAP2B,ras_gtpases,0.322442639506704,0.1009509308566987,0.0004524185194851
paired103,6,RAP2C,ras_gtpases,0.3103589708320382,0.057507371337311,0.0001480441032466
paired103,6,RASD2,ras_gtpases,0.5231930800575435,0.1601860964171049,0.0009235199570507
paired103,6,RASL10A,ras_gtpases,0.1176862342921158,0.1257360338926526,0.0007725539486669
paired103,6,RASL10B,ras_gtpases,0.2829192706620128,0.0663781158715001,0.0002007979994371
paired103,6,RERGL,ras_gtpases,0.178356633536387,0.1336070844397198,0.0008564532253165
paired103,6,RHEB,ras_gtpases,-0.162815421646786,0.071902015873175,0.0002493255777993
paired103,6,CYP20A1,cytochrome_p450,0.2020368644769802,0.0695149786774363,0.0002296179426201
paired103,6,CYP26B1,cytochrome_p450,0.4961039721240694,0.0842445022949491,0.0002650586391278
paired103,6,CYP8B1,cytochrome_p450,0.6253165294615425,0.1820069377302036,0.0009997561285758
paired103,6,PTGIS,cytochrome_p450,0.5398589876560559,0.1223447299759582,0.0005254786860281
paired103,6,ARF1,arf_gtpase,0.6021711858791063,0.1285515350695537,0.0005218811139474
paired103,6,ARF3,arf_gtpase,0.0702487283562579,0.0728932550472343,0.000261927817943
paired103,6,ARF5,arf_gtpase,0.4296900209114393,0.1423164228793921,0.0008183501919432
paired103,6,ARF6,arf_gtpase,0.3919946526599736,0.0872141242762098,0.0003189234313214
paired103,6,ARL1,arf_gtpase,0.0612810746860445,0.0636009632474461,0.0001996343575976
paired103,6,ARL13B,arf_gtpase,0.1326241723607434,0.0598309539761245,0.0001742133300364
paired103,6,ARL3,arf_gtpase,-0.3089632843685453,0.0628342864732252,0.0001769126693995
paired103,6,ARL4A,arf_gtpase,0.1876399741274091,0.1427399457246645,0.0009741695501495
paired103,6,ARL5A,arf_gtpase,0.2961896926535605,0.0793799463429433,0.0002847778364509
paired103,6,ARL5B,arf_gtpase,0.3138393361392116,0.1676665733606431,0.0012561238428755
paired103,6,ARL5C,arf_gtpase,-0.245772853562676,0.1015302268771131,0.0004798820530195
paired103,6,ARL6,arf_gtpase,-0.1230084743931665,0.0875036420060219,0.0003736030197881
paired103,6,ARL8A,arf_gtpase,-0.2390307911607279,0.0656143469115813,0.0002010893300273
paired103,6,ARL8B,arf_gtpase,-0.0433500338971961,0.0442511425345704,9.68170064784557e-05
paired103,6,SAR1A,arf_gtpase,0.2907026246903972,0.1013441131344025,0.0004658556045654
paired103,6,TRIM23,arf_gtpase,0.463722648031423,0.1755834634777494,0.0011994290339147
paired103,6,CDC42,rho_gtpase,0.2761774393110091,0.092557431849776,0.0003920572300223
paired103,6,RHOA,rho_gtpase,0.3329578751770157,0.1052642238859209,0.0004881303770946
paired103,6,RHOB,rho_gtpase,0.5650077299764097,0.0890364798816335,0.0002673564117007
paired103,6,RHOBTB1,rho_gtpase,0.3065103127830175,0.0608459194860675,0.0001661691527147
paired103,6,RHOG,rho_gtpase,0.3962867019722894,0.0866180295991703,0.000313320305202
paired103,6,RHOQ,rho_gtpase,0.556601209772862,0.1523356099397983,0.0007936804328
paired103,6,RND1,rho_gtpase,0.2706548590319589,0.0997482838026939,0.0004568454761881
paired103,6,RND3,rho_gtpase,0.0167813450852569,0.0737210885338578,0.0002691647383281
paired103,7,HOXA1,hox,0.1055548247252824,0.0815886547832754,0.000219423431281
paired103,7,HOXA10,hox,0.3690478413858569,0.1260669117806131,0.0004576763543044
paired103,7,HOXA13,hox,0.6823993567408706,0.1616598577307317,0.0004655408028995
paired103,7,HOXA3,hox,0.4702037968040236,0.1516613289095352,0.0005973207734718
paired103,7,HOXA4,hox,0.2952226991577388,0.2212470765150447,0.0014904485920644
paired103,7,HOXA5,hox,-0.0606682914561406,0.0880970490149108,0.0002577621015584
paired103,7,HOXA6,hox,0.3124187233218239,0.1230797388705485,0.0004557328783146
paired103,7,HOXA7,hox,0.0005894806119974,0.0996529293821899,0.0003310500654545
paired103,7,HOXB2,hox,0.0654273194278999,0.0975491880877264,0.0003158599912466
paired103,7,HOXB4,hox,0.0352863724368679,0.1398009722870822,0.0006508223202738
paired103,7,HOXB5,hox,0.369723119697298,0.1115933804969477,0.0003583939411515
paired103,7,HOXB7,hox,-0.1316126380194334,0.0845725411092171,0.0002342948376279
paired103,7,HOXB8,hox,0.4115838032996686,0.091580169448973,0.000232212928265
paired103,7,HOXB9,hox,-0.01087629177494,0.0954017204662762,0.0003033672632465
paired103,7,HOXC11,hox,0.5540104990871612,0.1515451480425037,0.0005306640911642
paired103,7,HOXC12,hox,0.4440240902143169,0.1021076043802668,0.0002790287659436
paired103,7,HOXC4,hox,0.3395910393682128,0.1007930777491442,0.0002996080414385
paired103,7,HOXC5,hox,0.361097876910989,0.1726461873845446,0.0008643053299922
paired103,7,HOXC6,hox,-0.1029338876038526,0.1098297440756972,0.0003978708091287
paired103,7,HOXC8,hox,0.3634793403704177,0.1047630532941266,0.000317532450177
paired103,7,HOXC9,hox,0.1426579161106444,0.1204851037948535,0.0004741129837417
paired103,7,HOXD10,hox,0.3850164239239266,0.0792004821223135,0.0001780961632378
paired103,7,HOXD11,hox,0.615640759937205,0.2065700526859576,0.0008835895201847
paired103,7,HOXD12,hox,0.5947756341336772,0.1706916951585878,0.0006277663925784
paired103,7,HOXD13,hox,0.4170052559179074,0.1360323704801324,0.0005096512729465
paired103,7,HOXD4,hox,0.1945394458723381,0.1474532500837925,0.0006975040852552
paired103,7,RAB10,rab_gtpase,-0.1214816539202053,0.1034385951159806,0.0003514198986758
paired103,7,RAB11A,rab_gtpase,-0.1626556569130838,0.1522606260607087,0.0007525505268866
paired103,7,RAB14,rab_gtpase,-0.4055181273235488,0.0728928867286856,0.0001479855461996
paired103,7,RAB15,rab_gtpase,0.46177527599629,0.0834117666585232,0.0001824653127396
paired103,7,RAB18,rab_gtpase,0.3058637085764089,0.0707543472030329,0.0001512597939514
paired103,7,RAB1A,rab_gtpase,-0.3357081401737333,0.0576393124417199,9.825874680902123e-05
paired103,7,RAB1B,rab_gtpase,0.6505888453000149,0.0846363053164501,0.0001377085056311
paired103,7,RAB20,rab_gtpase,0.402567887253569,0.139274670221515,0.0005418963376774
paired103,7,RAB22A,rab_gtpase,0.1131586059880761,0.1359796272226844,0.0006085897975012
paired103,7,RAB23,rab_gtpase,-0.2755641298698189,0.083608315501923,0.0002153226655756
paired103,7,RAB24,rab_gtpase,0.7487684553777425,0.1929667905708365,0.0005454210267546
paired103,7,RAB25,rab_gtpase,0.5944564218010557,0.1978370104698413,0.0008438987629448
paired103,7,RAB27A,rab_gtpase,-0.5035908720759885,0.1553482093658729,0.0006005569103035
paired103,7,RAB27B,rab_gtpase,-0.0237497394322111,0.0650758927932095,0.0001410807210141
paired103,7,RAB29,rab_gtpase,0.2205585039589702,0.3985262839803845,0.005048886390753
paired103,7,RAB2B,rab_gtpase,0.3970337605765344,0.0862029749846567,0.0002086563060815
paired103,7,RAB30,rab_gtpase,0.2712212879500306,0.2708214642025104,0.0022673440346095
paired103,7,RAB34,rab_gtpase,0.2167886966598324,0.0670836778866613,0.0001429554390665
paired103,7,RAB35,rab_gtpase,0.5572411298272865,0.0539992010259866,6.701224278049533e-05
paired103,7,RAB36,rab_gtpase,0.2623006108157755,0.1413105187025371,0.0006199656665353
paired103,7,RAB38,rab_gtpase,0.5193822446861546,0.10779048147274,0.0002828335335236
paired103,7,RAB39B,rab_gtpase,0.5964860314524718,0.2500328447712789,0.0013432331308135
paired103,7,RAB3A,rab_gtpase,0.259250270101933,0.0713051284595056,0.0001580888407073
paired103,7,RAB3C,rab_gtpase,0.4964651145722381,0.1460403282141089,0.0005357965605911
paired103,7,RAB3D,rab_gtpase,-0.1830511693132042,0.0964789819699222,0.0002998960410396
paired103,7,RAB4A,rab_gtpase,-0.2747821510991355,0.1054978597879123,0.0003430109973731
paired103,7,RAB5A,rab_gtpase,-0.4800648880202536,0.1297491287702545,0.0004318912393656
paired103,7,RAB5B,rab_gtpase,0.5090865250671126,0.1208456688461634,0.0003606628372664
paired103,7,RAB6A,rab_gtpase,0.4537087597863737,0.3002249718986257,0.0023886695307727
paired103,7,RAB6B,rab_gtpase,-0.5875269295443781,0.1051062822880206,0.0002411394208489
paired103,7,RAB7B,rab_gtpase,0.5757659849749179,0.1335708968121865,0.0003976024358616
paired103,7,RAB8A,rab_gtpase,0.3973987898887082,0.0900335442470732,0.0002275360763076
paired103,7,RAB9A,rab_gtpase,0.2325216258965605,0.0862664861816669,0.0002346592444443
paired103,7,RAB9B,rab_gtpase,0.3575756341488708,0.0953021130533583,0.0002640524723825
paired103,7,RASEF,rab_gtpase,0.6756431417091584,0.1207063560211631,0.0002639757421859
paired103,7,DIRAS1,ras_gtpases,0.5833540070300814,0.1267010664730892,0.0003530402657796
paired103,7,NRAS,ras_gtpases,0.5371186165541346,0.1498623163597848,0.0005327451141657
paired103,7,RALA,ras_gtpases,0.403458357741156,0.0675544482478168,0.000127355484365
paired103,7,RALB,ras_gtpases,0.6257563191474738,0.1199221480135116,0.0002916848446961
paired103,7,RAP1A,ras_gtpases,0.5348188009376147,0.1027269509292998,0.000251156486233
paired103,7,RAP1B,ras_gtpases,-0.6116388814747591,0.3181577918004716,0.0021139255116756
paired103,7,RAP2A,ras_gtpases,-0.1876450347217741,0.0772403751825936,0.0001918689544042
paired103,7,RAP2B,ras_gtpases,0.2501142361120386,0.10413024329111,0.0003388550486778
paired103,7,RAP2C,ras_gtpases,0.3439451936730199,0.0612291357486252,0.0001101802267637
paired103,7,RASD2,ras_gtpases,0.6759693954137147,0.2241803713271722,0.0009100950452151
paired103,7,RASL10A,ras_gtpases,-0.2143706504953468,0.1613095841883971,0.0008277722974626
paired103,7,RASL10B,ras_gtpases,0.2051535188411964,0.0683227465380373,0.0001490494665191
paired103,7,RERGL,ras_gtpases,0.3621793037249766,0.1652629441067436,0.0007912204396193
paired103,7,RHEB,ras_gtpases,-0.3742141021199498,0.085075875691907,0.0002074817405213
paired103,7,CYP20A1,cytochrome_p450,-0.0482818908243758,0.0829031246582979,0.0002285702214371
paired103,7,CYP26B1,cytochrome_p450,0.4212220155736397,0.0901927447217023,0.0002230526418275
paired103,7,CYP8B1,cytochrome_p450,0.727355039823933,0.2674233726126214,0.0011232167671304
paired103,7,PTGIS,cytochrome_p450,0.5998935916565066,0.1324778584653044,0.0003745211387335
paired103,7,ARF1,arf_gtpase,0.6930379530884021,0.1566526425746925,0.0004251683795656
paired103,7,ARF3,arf_gtpase,-0.1195041313181191,0.0811689952916882,0.0002164821896065
paired103,7,ARF5,arf_gtpase,0.6024734550224868,0.1827222556517834,0.0007091460488165
paired103,7,ARF6,arf_gtpase,0.2511999340646542,0.0916108857124126,0.000262111133377
paired103,7,ARL1,arf_gtpase,0.0256633057977439,0.0679243462843721,0.0001536880085653
paired103,7,ARL13B,arf_gtpase,-0.0269958426698041,0.0690954607857177,0.0001590225619824
paired103,7,ARL3,arf_gtpase,-0.5347015728357315,0.0873774023548809,0.0001817335220144
paired103,7,ARL4A,arf_gtpase,0.0619281262605324,0.1529891288136024,0.0007774331029791
paired103,7,ARL5A,arf_gtpase,0.2163186769248358,0.0857165563086431,0.0002334580192955
paired103,7,ARL5B,arf_gtpase,0.4044063662912361,0.1830214336366201,0.0009343110168595
paired103,7,ARL5C,arf_gtpase,-0.3728794181541076,0.1218904334685675,0.0004264391790995
paired103,7,ARL6,arf_gtpase,-0.4334389952242227,0.1262742158555983,0.0004317087056892
paired103,7,ARL8A,arf_gtpase,-0.4800894048515178,0.0855422514743638,0.0001876983817241
paired103,7,ARL8B,arf_gtpase,-0.2901802143442125,0.0548515297108184,9.184123316008376e-05
paired103,7,SAR1A,arf_gtpase,0.414007507450438,0.1199898502227188,0.0003977049129915
paired103,7,TRIM23,arf_gtpase,0.6374772275400391,0.2558680970315091,0.0012961826107303
paired103,7,CDC42,rho_gtpase,0.4805057220157158,0.115996407828488,0.0003449821738507
paired103,7,RHOA,rho_gtpase,0.4764980893833126,0.1166183969002075,0.0003504315451023
paired103,7,RHOB,rho_gtpase,0.6512149063949451,0.1064387659613636,0.0002174954650561
paired103,7,RHOBTB1,rho_gtpase,0.2648990014476808,0.0670931221160976,0.0001395182307356
paired103,7,RHOG,rho_gtpase,0.1513767137751322,0.0963699917785003,0.0003024987044986
paired103,7,RHOQ,rho_gtpase,0.6682414028902471,0.1876901443796599,0.00065005034747
paired103,7,RND1,rho_gtpase,0.3638922494517386,0.1121814750401104,0.0003639769502482
paired103,7,RND3,rho_gtpase,-0.0673271093047275,0.0808006905399472,0.0002166436090139
paired103,8,HOXA1,hox,-0.0607040786827661,0.1000717659581111,0.0002233642895578
paired103,8,HOXA10,hox,0.2927803868974526,0.1410700246081651,0.0004073638015753
paired103,8,HOXA13,hox,0.7387263124369684,0.1997199386078784,0.0004056983926014
paired103,8,HOXA3,hox,0.4309049922744388,0.1780455687902807,0.0005780013806743
paired103,8,HOXA4,hox,0.1255884909101418,0.2698523943377438,0.0016056182245834
paired103,8,HOXA5,hox,-0.0047415248233636,0.1013105678763585,0.0002297709210856
paired103,8,HOXA6,hox,0.2290978319313022,0.1377999700669721,0.0004028254307035
paired103,8,HOXA7,hox,-0.0653395086005322,0.1150209330746574,0.0002949206415331
paired103,8,HOXB2,hox,0.1125201024108392,0.1184259200072925,0.000310007843154
paired103,8,HOXB4,hox,-0.1513899014856772,0.1785640944744431,0.0006976150278409
paired103,8,HOXB5,hox,0.4595200931037112,0.1340667523203687,0.0003174286896441
paired103,8,HOXB7,hox,-0.1421411169951201,0.0964986051576078,0.0002042525459872
paired103,8,HOXB8,hox,0.4432238771850306,0.1049762636491786,0.0001982371345949
paired103,8,HOXB9,hox,-0.0794835493141733,0.1083967851448791,0.0002613861561958
paired103,8,HOXC11,hox,0.6484491689374582,0.2072193791872562,0.0005571740275649
paired103,8,HOXC12,hox,0.4689154747553181,0.1183202912060385,0.000244499199305
paired103,8,HOXC4,hox,0.3293517255301599,0.1154519392523731,0.0002660359851242
paired103,8,HOXC5,hox,0.5186685006136184,0.2429767114371412,0.0009664778830028
paired103,8,HOXC6,hox,-0.0894172647759114,0.1187520524567432,0.00031319106311
paired103,8,HOXC8,hox,0.5083344784600545,0.1532855878402445,0.000390121795998
paired103,8,HOXC9,hox,0.2070245859881076,0.1425108725337105,0.0004352229490407
paired103,8,HOXD10,hox,0.4453605070562357,0.0928351857293384,0.0001546647038529
paired103,8,HOXD11,hox,0.671348874773737,0.2649343389221427,0.0008633993137339
paired103,8,HOXD12,hox,0.6775420516103776,0.2298092154228349,0.0006396843751954
paired103,8,HOXD13,hox,0.4851444897742925,0.168131052853592,0.000483949975691
paired103,8,HOXD4,hox,0.0888900512359345,0.1785425469080239,0.0007081699711731
paired103,8,RAB10,rab_gtpase,-0.1623284536395713,0.123813533554647,0.0003341618532115
paired103,8,RAB11A,rab_gtpase,-0.2230798256570818,0.1696392568022874,0.0006122972876928
paired103,8,RAB14,rab_gtpase,-0.542219174238141,0.1017710347384095,0.000163694111419
paired103,8,RAB15,rab_gtpase,0.4576717735845855,0.0947039949189476,0.0001587224840577
paired103,8,RAB18,rab_gtpase,0.3023509222688319,0.0785905168277357,0.0001256255710134
paired103,8,RAB1A,rab_gtpase,-0.4823274101563079,0.0738018274089851,9.356195556808888e-05
paired103,8,RAB1B,rab_gtpase,0.669937101176076,0.0934412468997412,0.0001077315480305
paired103,8,RAB20,rab_gtpase,0.5085211905696106,0.1732310942482034,0.0004981515989146
paired103,8,RAB22A,rab_gtpase,-0.0360733134982326,0.1566665200723351,0.0005488472784035
paired103,8,RAB23,rab_gtpase,-0.399024639080949,0.1013854897104553,0.0001934733197084
paired103,8,RAB24,rab_gtpase,0.7830280173891756,0.2465241128549767,0.0005264297138648
paired103,8,RAB25,rab_gtpase,0.6682331555628442,0.2420320591250142,0.0007260033634747
paired103,8,RAB27A,rab_gtpase,-0.5880672690103861,0.1960631107783447,0.0005630600190792
paired103,8,RAB27B,rab_gtpase,-0.1213201800054874,0.0738207808075358,0.0001201957448301
paired103,8,RAB29,rab_gtpase,0.1174075118766486,0.4416541719687937,0.0043153895739689
paired103,8,RAB2B,rab_gtpase,0.4435865090528371,0.1006891725642561,0.0001823018311525
paired103,8,RAB30,rab_gtpase,0.4171381197141659,0.331453737250393,0.0020333440352074
paired103,8,RAB34,rab_gtpase,0.2120338710803298,0.0783054895000555,0.0001310933385948
paired103,8,RAB35,rab_gtpase,0.5934457378152487,0.0619851686738937,5.571715129448762e-05
paired103,8,RAB36,rab_gtpase,0.2117996655647484,0.1575766467520506,0.0005310212611011
paired103,8,RAB38,rab_gtpase,0.5705176918037241,0.1236828556234405,0.0002309950719471
paired103,8,RAB39B,rab_gtpase,0.6818392645543587,0.3229079468813839,0.0012496989993914
paired103,8,RAB3A,rab_gtpase,0.1693100726553127,0.077882857301514,0.0001318944319361
paired103,8,RAB3C,rab_gtpase,0.6081265531527627,0.1917681331597998,0.0005188921065085
paired103,8,RAB3D,rab_gtpase,-0.300509798567219,0.11592049664682,0.0002736658414235
paired103,8,RAB4A,rab_gtpase,-0.3722783526360335,0.1228329746752499,0.0002909697746599
paired103,8,RAB5A,rab_gtpase,-0.6054573630306976,0.1748123254822542,0.0004333874903311
paired103,8,RAB5B,rab_gtpase,0.5630000557423281,0.1414213414877898,0.000305831439176
paired103,8,RAB6A,rab_gtpase,0.4935040628484985,0.3824739680881338,0.0024801071986934
paired103,8,RAB6B,rab_gtpase,-0.6664674526969576,0.1368192055387372,0.0002329298787915
paired103,8,RAB7B,rab_gtpase,0.6393582904710787,0.1706669077900192,0.0003855472727163
paired103,8,RAB8A,rab_gtpase,0.5024577389401699,0.1142535066740648,0.000218456106797
paired103,8,RAB9A,rab_gtpase,0.4796805384484534,0.1160470740009644,0.0002321144939252
paired103,8,RAB9B,rab_gtpase,0.3802750926495634,0.1054979306959868,0.0002131298113189
paired103,8,RASEF,rab_gtpase,0.7212912373209089,0.1621059814998854,0.0002822342948989
paired103,8,DIRAS1,ras_gtpases,0.6435795285876276,0.1735469226893094,0.0003950193923729
paired103,8,NRAS,ras_gtpases,0.632219688934572,0.207090404748264,0.0005764447206737
paired103,8,RALA,ras_gtpases,0.3229301777652381,0.0734413760158321,0.0001081486017436
paired103,8,RALB,ras_gtpases,0.6875788414589892,0.1457425014907072,0.0002507129844725
paired103,8,RAP1A,ras_gtpases,0.6424675397415456,0.1503540944016332,0.0002972027101298
paired103,8,RAP1B,ras_gtpases,-0.7158775384753286,0.4893020076901857,0.0026161325468938
paired103,8,RAP2A,ras_gtpases,-0.320166421133301,0.0950154369361494,0.0001813862890074
paired103,8,RAP2B,ras_gtpases,0.175857757101803,0.111626086520582,0.0002703289141742
paired103,8,RAP2C,ras_gtpases,0.2991871996881573,0.0668500419465869,9.10840511809674e-05
paired103,8,RASD2,ras_gtpases,0.7233329002844273,0.2809939679491107,0.0008430420288745
paired103,8,RASL10A,ras_gtpases,-0.3472200537980136,0.2057006817684596,0.0008333035369763
paired103,8,RASL10B,ras_gtpases,0.1042520227676363,0.0761021389821056,0.0001282392729423
paired103,8,RERGL,ras_gtpases,0.4532328947956083,0.2069023821260422,0.0007616920865465
paired103,8,RHEB,ras_gtpases,-0.4966757057933478,0.1043395522016443,0.0001835941509022
paired103,8,CYP20A1,cytochrome_p450,-0.1829167301042647,0.1002727518386102,0.0002175599936972
paired103,8,CYP26B1,cytochrome_p450,0.3585415050151231,0.1008528833914271,0.0001984296808786
paired103,8,CYP8B1,cytochrome_p450,0.7665688631599298,0.3994412734513923,0.0014738756046838
paired103,8,PTGIS,cytochrome_p450,0.5840872430585659,0.1511054855456458,0.000336790917775
paired103,8,ARF1,arf_gtpase,0.7269809340158625,0.2041725221657188,0.000440064270473
paired103,8,ARF3,arf_gtpase,-0.1989530138747003,0.088492467145616,0.0001683661401177
paired103,8,ARF5,arf_gtpase,0.6586169923298426,0.2148832769573004,0.0005854176614851
paired103,8,ARF6,arf_gtpase,0.2288799730892383,0.0982684645925436,0.0002048564813498
paired103,8,ARL1,arf_gtpase,0.1338088662244405,0.0787400801148548,0.0001363076781282
paired103,8,ARL13B,arf_gtpase,-0.171089410239628,0.0791410795451763,0.0001361058119559
paired103,8,ARL3,arf_gtpase,-0.6307043278969923,0.1210627224887535,0.0001975871307249
paired103,8,ARL4A,arf_gtpase,0.1423293940488577,0.1724938497641672,0.000652749137753
paired103,8,ARL5A,arf_gtpase,0.1709291724913425,0.0997036337048526,0.0002160412000675
paired103,8,ARL5B,arf_gtpase,0.4188397429783028,0.1982098901687945,0.0007254088935021
paired103,8,ARL5C,arf_gtpase,-0.3359480214393514,0.1366371935757058,0.0003708134379147
paired103,8,ARL6,arf_gtpase,-0.573765067631532,0.1904657178425646,0.0005448617747949
paired103,8,ARL8A,arf_gtpase,-0.612737182984949,0.1188062205930909,0.0001973495085191
paired103,8,ARL8B,arf_gtpase,-0.4639058706283282,0.0762113200310164,0.0001020377238495
paired103,8,SAR1A,arf_gtpase,0.381852065350388,0.1336993506059404,0.0003418473680172
paired103,8,TRIM23,arf_gtpase,0.6901882068574372,0.3171560421968669,0.0011797247045771
paired103,8,CDC42,rho_gtpase,0.5970451063606116,0.1498130151160801,0.0003233615378007
paired103,8,RHOA,rho_gtpase,0.5305400404127406,0.1383810205806943,0.0003080410814289
paired103,8,RHOB,rho_gtpase,0.6971060059612115,0.124687054094395,0.0001789067162223
paired103,8,RHOBTB1,rho_gtpase,0.4330499744050431,0.0835122167729587,0.0001268466834892
paired103,8,RHOG,rho_gtpase,0.0658006083956105,0.1061202437501811,0.00025102210467
paired103,8,RHOQ,rho_gtpase,0.71540727244627,0.2289966648019276,0.0005732172910054
paired103,8,RND1,rho_gtpase,0.4974206910620929,0.1456922419829938,0.0003576386011646
paired103,8,RND3,rho_gtpase,-0.1306814827379081,0.0951133109979446,0.0001990629664196
paired103,9,HOXA1,hox,-0.7608417326078788,0.190385024258349,4.343113230609319e-06
paired103,9,HOXA10,hox,-0.6010046773562951,0.2339783791182766,9.950455063800767e-06
paired103,9,HOXA13,hox,0.9792248086271184,0.8222494236831188,7.910026761037692e-06
paired103,9,HOXA3,hox,-0.933772395523684,0.7169223000495021,1.872930100399461e-05
paired103,9,HOXA4,hox,0.989465299886112,3.346840475454393,6.679931317621346e-05
paired103,9,HOXA5,hox,-0.6223793794608057,0.1600189406460146,4.463553978872881e-06
paired103,9,HOXA6,hox,-0.8729657177138551,0.3531324633629111,8.442222775850716e-06
paired103,9,HOXA7,hox,-0.9761702663867916,0.7303182178567609,7.146580485728471e-06
paired103,9,HOXB2,hox,-0.8619028110161765,0.354941883629303,9.216950764501242e-06
paired103,9,HOXB4,hox,-0.971727866864312,1.0417331935590786,1.7212787824405495e-05
paired103,9,HOXB5,hox,-0.9154810781439828,0.4210189509039866,8.165180652164317e-06
paired103,9,HOXB7,hox,-0.9750693417668258,0.6365508224428466,5.676915284080764e-06
paired103,9,HOXB8,hox,-0.2009099261292566,0.112706534700161,3.468438820597441e-06
paired103,9,HOXB9,hox,0.074682725200676,0.1303540034836539,4.807836061160309e-06
paired103,9,HOXC11,hox,-0.0383491937577391,0.220973778833779,1.38731233680911e-05
paired103,9,HOXC12,hox,0.9383431113044748,0.3558087835153583,4.305022703543493e-06
paired103,9,HOXC4,hox,0.8804111250468125,0.2971400225572635,5.649318281619742e-06
paired103,9,HOXC5,hox,0.0416029986718144,0.3067089372246021,2.671992610769891e-05
paired103,9,HOXC6,hox,0.2431401644366757,0.1372642603027768,5.0440632219928005e-06
paired103,9,HOXC8,hox,0.9597664672669084,0.5581458238711167,6.989052256822781e-06
paired103,9,HOXC9,hox,-0.2973894906998425,0.1987319116509527,1.0243571010981611e-05
paired103,9,HOXD10,hox,-0.8073441850716534,0.1699877863166736,2.862779949652783e-06
paired103,9,HOXD11,hox,-0.8790459609626825,0.7898522441026217,4.0344763371669146e-05
paired103,9,HOXD12,hox,-0.0719271601222786,0.2558186996484707,1.8524430084543297e-05
paired103,9,HOXD13,hox,-0.9566341154707046,1.0571948378508351,2.698377323129275e-05
paired103,9,HOXD4,hox,-0.9830620795152712,1.767808300825789,2.986772497781676e-05
paired103,9,RAB10,rab_gtpase,0.9888140676542234,2.0193490947550408,2.581212177577008e-05
paired103,9,RAB11A,rab_gtpase,0.1171552250216005,0.171145788806756,8.219795492259152e-06
paired103,9,RAB14,rab_gtpase,-0.1186788516403439,0.1078277637791131,3.2615981007122485e-06
paired103,9,RAB15,rab_gtpase,-0.271012495110539,0.1087382482678307,3.1171964056664336e-06
paired103,9,RAB18,rab_gtpase,-0.1511092522367936,0.0948229674544986,2.4999129878411352e-06
paired103,9,RAB1A,rab_gtpase,-0.0514421309728342,0.0747897314762531,1.5873124384890858e-06
paired103,9,RAB1B,rab_gtpase,-0.5461300048512745,0.1217564324658331,2.959994293227908e-06
paired103,9,RAB20,rab_gtpase,-0.9855797215960852,2.450466251081226,4.8921297729376256e-05
paired103,9,RAB22A,rab_gtpase,0.9883678258429968,5.573888899151879,0.0002044784590559
paired103,9,RAB23,rab_gtpase,-0.7225110661828175,0.1402592627480159,2.6754712844079265e-06
paired103,9,RAB24,rab_gtpase,-0.0739150886832561,0.2041817336113799,1.1797391960888248e-05
paired103,9,RAB25,rab_gtpase,0.5024567624774291,0.2260796865942329,1.0871442591375846e-05
paired103,9,RAB27A,rab_gtpase,-0.9120019442602852,0.402396377198414,7.751756720186798e-06
paired103,9,RAB27B,rab_gtpase,-0.737595070592993,0.1260143481791089,2.060107711199244e-06
paired103,9,RAB29,rab_gtpase,0.9765360912714414,17.167863908551787,0.0038968489276786
paired103,9,RAB2B,rab_gtpase,0.0692193957960082,0.1135241913319621,3.649393549909341e-06
paired103,9,RAB30,rab_gtpase,-0.992850459943202,11.241603050172348,0.0005124476646911
paired103,9,RAB34,rab_gtpase,0.2899728657376393,0.0951210914345265,2.3579717807198364e-06
paired103,9,RAB35,rab_gtpase,-0.0762777533399242,0.0715682741938197,1.448892256505907e-06
paired103,9,RAB36,rab_gtpase,0.3596946650159276,0.1933918140684468,9.264790873153572e-06
paired103,9,RAB38,rab_gtpase,-0.9460983843104808,0.5574004212607392,9.273252704278256e-06
paired103,9,RAB39B,rab_gtpase,0.9770334000777904,1.3312365050143786,2.289575875358274e-05
paired103,9,RAB3A,rab_gtpase,-0.8633207532577717,0.1945433136256481,2.7425359657717863e-06
paired103,9,RAB3C,rab_gtpase,-0.8774807038371554,0.4614183535713262,1.3934829278916538e-05
paired103,9,RAB3D,rab_gtpase,0.8817531733932947,0.3080500104850436,6.007929565732262e-06
paired103,9,RAB4A,rab_gtpase,0.3500715860496646,0.1310751531371285,4.289364180953825e-06
paired103,9,RAB5A,rab_gtpase,0.9567350150499968,0.7558376469833474,1.376123849416988e-05
paired103,9,RAB5B,rab_gtpase,-0.09183389818851,0.1556158979561249,6.832194030192973e-06
paired103,9,RAB6A,rab_gtpase,0.9704939006030416,2.169358832908648,7.785661399495325e-05
paired103,9,RAB6B,rab_gtpase,-0.3249198275838901,0.1375755196142722,4.816784783256978e-06
paired103,9,RAB7B,rab_gtpase,0.989948858229807,1.0830723547655652,6.6757893675273294e-06
paired103,9,RAB8A,rab_gtpase,-0.2594440744511205,0.1080535070518527,3.0984470338335512e-06
paired103,9,RAB9A,rab_gtpase,-0.8438820606785868,0.2581918946620125,5.460108394639285e-06
paired103,9,RAB9B,rab_gtpase,-0.9661594880486644,0.572415644479916,6.20310203813812e-06
paired103,9,RASEF,rab_gtpase,0.7377772113819433,0.2272518501463729,6.695912338150478e-06
paired103,9,DIRAS1,ras_gtpases,-0.0337378377881226,0.146778290215337,6.12292987256513e-06
paired103,9,NRAS,ras_gtpases,0.9938636101435712,2.2996906304787874,1.8411117118199986e-05
paired103,9,RALA,ras_gtpases,-0.5509387082735233,0.1011391570191264,2.0270678066092174e-06
paired103,9,RALB,ras_gtpases,-0.8297289814611603,0.2854216818746193,7.221574760407634e-06
paired103,9,RAP1A,ras_gtpases,-0.4962022444230753,0.1482215283017079,4.71193236462053e-06
paired103,9,RAP1B,ras_gtpases,0.3360674020809989,0.427849530968121,4.620334669713788e-05
paired103,9,RAP2A,ras_gtpases,0.86770576299435,0.2612643975926814,4.798879143064205e-06
paired103,9,RAP2B,ras_gtpases,-0.9613232220236518,0.5264751568407037,5.982537682580613e-06
paired103,9,RAP2C,ras_gtpases,0.2212044475072383,0.0771307148962832,1.6098885946558283e-06
paired103,9,RASD2,ras_gtpases,-0.1898189990580869,0.2297622079332776,1.4479454844673612e-05
paired103,9,RASL10A,ras_gtpases,0.2263675056630205,0.207251273128439,1.1595278662013264e-05
paired103,9,RASL10B,ras_gtpases,-0.1661992020404276,0.0873230552797342,2.109707613162648e-06
paired103,9,RERGL,ras_gtpases,0.5287483854181966,0.2654635333631849,1.4445436223864403e-05
paired103,9,RHEB,ras_gtpases,0.4964884148129874,0.1246325947633085,3.3302416195812867e-06
paired103,9,CYP20A1,cytochrome_p450,0.6522419706636521,0.1444880540725583,3.413063451418452e-06
paired103,9,CYP26B1,cytochrome_p450,-0.4684876750489964,0.1354996725501532,4.0774621929973165e-06
paired103,9,CYP8B1,cytochrome_p450,-0.544531156947533,0.5128505049860913,5.264744206323613e-05
paired103,9,PTGIS,cytochrome_p450,0.2241418055133931,0.1665812371470815,7.498886777423941e-06
paired103,9,ARF1,arf_gtpase,-0.6199918883505066,0.2483219299614854,1.080107851425538e-05
paired103,9,ARF3,arf_gtpase,-0.923652678807526,0.2596090105457002,2.8163687786353364e-06
paired103,9,ARF5,arf_gtpase,0.9921533565652136,6.081322855752188,0.0001645005860815
paired103,9,ARF6,arf_gtpase,0.1458333371911078,0.1160371520146045,3.749625792637268e-06
paired103,9,ARL1,arf_gtpase,-0.2781042136103167,0.099991757055752,2.6248147861895887e-06
paired103,9,ARL13B,arf_gtpase,0.8940503726535853,0.2229188933503811,2.8373587593888416e-06
paired103,9,ARL3,arf_gtpase,0.3058253948884499,0.1213871303035656,3.800396127573436e-06
paired103,9,ARL4A,arf_gtpase,0.3820065203582126,0.2277499982108966,1.260498714883429e-05
paired103,9,ARL5A,arf_gtpase,0.6987941663171413,0.160760688772247,3.7626480221542025e-06
paired103,9,ARL5B,arf_gtpase,0.9882381256836824,8.832434191883205,0.0005192152428769
paired103,9,ARL5C,arf_gtpase,-0.9366813093573252,0.4244528644558641,6.2860714064028045e-06
paired103,9,ARL6,arf_gtpase,0.9783229687600724,1.4649981018964942,2.6188204772958912e-05
paired103,9,ARL8A,arf_gtpase,0.217496587132995,0.1151582180197405,3.5947903394006886e-06
paired103,9,ARL8B,arf_gtpase,0.162004140008258,0.0791151325453031,1.7341951433769154e-06
paired103,9,SAR1A,arf_gtpase,0.990371723236665,3.7505841506380775,7.670543974092059e-05
paired103,9,TRIM23,arf_gtpase,0.9892373566004496,2.163962089878151,2.8525940282242424e-05
paired103,9,CDC42,rho_gtpase,-0.4440581888200102,0.1540219107357746,5.418875113294419e-06
paired103,9,RHOA,rho_gtpase,-0.4631927575708846,0.1644158411249096,6.041398161404921e-06
paired103,9,RHOB,rho_gtpase,0.9430929499071397,0.3158092543734724,3.1378989665542534e-06
paired103,9,RHOBTB1,rho_gtpase,-0.8010685710123729,0.1829023529951819,3.410373119017152e-06
paired103,9,RHOG,rho_gtpase,0.2291282361001825,0.1191080405054575,3.82464600712229e-06
paired103,9,RHOQ,rho_gtpase,0.9915350379731864,6.930915107497601,0.0002304480775052
paired103,9,RND1,rho_gtpase,-0.6881956641531617,0.2238770522004572,7.506796469547439e-06
paired103,9,RND3,rho_gtpase,0.1260199545258661,0.1050521100183158,3.090201188160613e-06
paired103,10,HOXA1,hox,-0.618305088544214,0.2347812057996882,9.8517698697842e-06
paired103,10,HOXA10,hox,-0.4705349274872042,0.2854877637524872,1.836116936282384e-05
paired103,10,HOXA13,hox,0.9667367307442356,0.8100761177014795,1.242150465485814e-05
paired103,10,HOXA3,hox,-0.8889497299518888,0.7472240052040444,3.38889178502777e-05
paired103,10,HOXA4,hox,0.9795703209100376,3.379715852082376,0.000133668961738
paired103,10,HOXA5,hox,-0.433456483604497,0.1897067226641044,8.4565604522302e-06
paired103,10,HOXA6,hox,-0.8053098554637559,0.3581402876825152,1.3044084426594438e-05
paired103,10,HOXA7,hox,-0.9554470807544284,0.7248592340825541,1.3244670317047458e-05
paired103,10,HOXB2,hox,-0.7530868436012144,0.4326576260972178,2.344499641737663e-05
paired103,10,HOXB4,hox,-0.9505580227715432,1.0559156965500616,3.111205109374016e-05
paired103,10,HOXB5,hox,-0.8481590090693918,0.4460011246737742,1.6151485421445066e-05
paired103,10,HOXB7,hox,-0.9542752685279452,0.6506863083028809,1.0946903896802418e-05
paired103,10,HOXB8,hox,-0.0831478186680645,0.1558348763685893,6.9779295516214646e-06
paired103,10,HOXB9,hox,0.0204343315659412,0.1714843953761356,8.505079333365195e-06
paired103,10,HOXC11,hox,-0.1185350246832384,0.3152444243527249,2.8350735115756365e-05
paired103,10,HOXC12,hox,0.8786879566972591,0.3736135718648589,9.204804047646675e-06
paired103,10,HOXC4,hox,0.8075870402651014,0.3229991065652948,1.0498981069639868e-05
paired103,10,HOXC5,hox,-0.0374399417833353,0.4564846167238944,6.020947779128427e-05
paired103,10,HOXC6,hox,0.2795396788426555,0.1852639332926201,9.154956087220611e-06
paired103,10,HOXC8,hox,0.9182626196636284,0.5655305758184983,1.4509511854998712e-05
paired103,10,HOXC9,hox,-0.2747200794093763,0.2995454911091596,2.4002692340263643e-05
paired103,10,HOXD10,hox,-0.6636894696528834,0.1939011131138899,6.086720387044053e-06
paired103,10,HOXD11,hox,-0.7910741008871369,0.9008688513656636,8.787326216819213e-05
paired103,10,HOXD12,hox,-0.0919859291393447,0.3373867363049929,3.2657385615419976e-05
paired103,10,HOXD13,hox,-0.916457952686318,1.119053280675139,5.801325428733684e-05
paired103,10,HOXD4,hox,-0.965431043348255,1.804191177860436,6.399289840197664e-05
paired103,10,RAB10,rab_gtpase,0.9814349789197722,2.03163975201322,4.393260013113576e-05
paired103,10,RAB11A,rab_gtpase,0.0782512834499631,0.2070940729753303,1.233329826200169e-05
paired103,10,RAB14,rab_gtpase,-0.0132134165618467,0.1400692278491097,5.675701690965873e-06
paired103,10,RAB15,rab_gtpase,-0.2205322959082971,0.1439273102664882,5.702217121816844e-06
paired103,10,RAB18,rab_gtpase,-0.1112740062813042,0.1107130789391579,3.5026468181431625e-06
paired103,10,RAB1A,rab_gtpase,0.0772631631201048,0.1013380006695418,2.95361350122203e-06
paired103,10,RAB1B,rab_gtpase,-0.4625357991740465,0.1311254105191528,3.910563210252072e-06
paired103,10,RAB20,rab_gtpase,-0.9741714757717328,2.485127350917557,9.11192721325671e-05
paired103,10,RAB22A,rab_gtpase,0.9787103200101392,5.6032732184844125,0.0003827601941372
paired103,10,RAB23,rab_gtpase,-0.5469233564508466,0.1666062393182067,5.629021511577292e-06
paired103,10,RAB24,rab_gtpase,-0.0476084361885945,0.2898845653171675,2.425932267280384e-05
paired103,10,RAB25,rab_gtpase,0.3114849812692324,0.2806113140770385,2.05731244795615e-05
paired103,10,RAB27A,rab_gtpase,-0.8855755863753741,0.4200574467155691,1.1015167413308546e-05
paired103,10,RAB27B,rab_gtpase,-0.6656771507134374,0.1451383059049243,3.394145186685904e-06
paired103,10,RAB29,rab_gtpase,0.955382055121144,17.264403819651346,0.0075525947202388
paired103,10,RAB2B,rab_gtpase,-0.0002188461975203,0.1329050966323757,5.1108490226603465e-06
paired103,10,RAB30,rab_gtpase,-0.9871642801382092,11.361605484326171,0.0009531233762554
paired103,10,RAB34,rab_gtpase,0.2879581386479464,0.137836712492674,5.04135027779018e-06
paired103,10,RAB35,rab_gtpase,-0.1259351535202699,0.078453871305015,1.7526486489893855e-06
paired103,10,RAB36,rab_gtpase,0.2381636525296457,0.2581025155326921,1.818179908674722e-05
paired103,10,RAB38,rab_gtpase,-0.930179728346342,0.5626920266933617,1.234616792267218e-05
paired103,10,RAB39B,rab_gtpase,0.959167544454062,1.3413856278901912,4.164876318679678e-05
paired103,10,RAB3A,rab_gtpase,-0.7892043114292469,0.2091392601673829,4.773121867418517e-06
paired103,10,RAB3C,rab_gtpase,-0.8288064019102122,0.507669819348794,2.3347033475840107e-05
paired103,10,RAB3D,rab_gtpase,0.8345081325399877,0.3138748210393758,8.654058471835313e-06
paired103,10,RAB4A,rab_gtpase,0.2737022504803194,0.1752631119368112,8.221936704577715e-06
paired103,10,RAB5A,rab_gtpase,0.9288310968369902,0.7682551869120111,2.3442787794980543e-05
paired103,10,RAB5B,rab_gtpase,-0.1829837750045426,0.1981621331012413,1.098150548439758e-05
paired103,10,RAB6A,rab_gtpase,0.952973749229384,2.2176988301787386,0.0001307010179449
paired103,10,RAB6B,rab_gtpase,-0.1709608595611734,0.1726039168676588,8.368145369419544e-06
paired103,10,RAB7B,rab_gtpase,0.9799051829522752,1.0930848449978494,1.3754597107507038e-05
paired103,10,RAB8A,rab_gtpase,-0.1927925693757531,0.1367697511674299,5.2112272593829445e-06
paired103,10,RAB9A,rab_gtpase,-0.8010639650497703,0.2557462968748043,6.780652171967105e-06
paired103,10,RAB9B,rab_gtpase,-0.9459116743546871,0.5833586392456311,1.0363557737314013e-05
paired103,10,RASEF,rab_gtpase,0.6796273474731584,0.2552718478700819,1.0145772348368888e-05
paired103,10,DIRAS1,ras_gtpases,-0.0087603152088337,0.2082147654539694,1.25429916498776e-05
paired103,10,NRAS,ras_gtpases,0.9901107766859986,2.288723250768222,2.982916989813233e-05
paired103,10,RALA,ras_gtpases,-0.5003954184438446,0.1120548305790339,2.7233445554220026e-06
paired103,10,RALB,ras_gtpases,-0.7490195847908326,0.3043587972256065,1.1765691882326124e-05
paired103,10,RAP1A,ras_gtpases,-0.4128015448281346,0.1870827013988031,8.401248795752991e-06
paired103,10,RAP1B,ras_gtpases,0.2803759724944659,0.6089420554568852,9.886106131895556e-05
paired103,10,RAP2A,ras_gtpases,0.7956641305539963,0.2730950731230139,7.917860737172155e-06
paired103,10,RAP2B,ras_gtpases,-0.947986804862391,0.5447058041513799,8.698294954090358e-06
paired103,10,RAP2C,ras_gtpases,0.0202462751357233,0.0906394395947143,2.376104693890824e-06
paired103,10,RASD2,ras_gtpases,-0.1701658598860348,0.3272814806374728,3.009517068330858e-05
paired103,10,RASL10A,ras_gtpases,0.1706075303580706,0.2593466300331031,1.8894935530755497e-05
paired103,10,RASL10B,ras_gtpases,-0.2052253655064937,0.1069863023507529,3.1723273645756223e-06
paired103,10,RERGL,ras_gtpases,0.3477967761933502,0.3801507385790202,3.675663155733311e-05
paired103,10,RHEB,ras_gtpases,0.4619201257319519,0.1383989321599686,4.359588620883592e-06
paired103,10,CYP20A1,cytochrome_p450,0.5420754718160339,0.1963453217423537,7.876822409769169e-06
paired103,10,CYP26B1,cytochrome_p450,-0.2786252651134037,0.1707726872818687,7.783078598833093e-06
paired103,10,CYP8B1,cytochrome_p450,-0.4821926114013902,0.7413734583611383,0.0001220624697773
paired103,10,PTGIS,cytochrome_p450,0.1078001837658904,0.2605828879053084,1.941906236679891e-05
paired103,10,ARF1,arf_gtpase,-0.5027759125515736,0.3018452663607082,1.9698270313339705e-05
paired103,10,ARF3,arf_gtpase,-0.8940817211467615,0.2641113429933352,4.049051550936156e-06
paired103,10,ARF5,arf_gtpase,0.985791050162084,6.051294468236038,0.0002989962401066
paired103,10,ARF6,arf_gtpase,0.0789778387571013,0.1342037736919449,5.178713401776669e-06
paired103,10,ARL1,arf_gtpase,-0.280547494553551,0.1269109042954656,4.293439242353259e-06
paired103,10,ARL13B,arf_gtpase,0.8386287418466892,0.248955373654733,5.320752855308975e-06
paired103,10,ARL3,arf_gtpase,0.2414954109459172,0.1487294920551122,6.027087842697121e-06
paired103,10,ARL4A,arf_gtpase,0.3271669741717303,0.2592732402392294,1.7368436304954216e-05
paired103,10,ARL5A,arf_gtpase,0.6209894646841068,0.1751557617718766,5.453686967471505e-06
paired103,10,ARL5B,arf_gtpase,0.9786711424118252,8.844572247973359,0.0009556770264605
paired103,10,ARL5C,arf_gtpase,-0.8677822232544059,0.4616929138725403,1.5231213472133298e-05
paired103,10,ARL6,arf_gtpase,0.9638428665628206,1.509716856566345,4.682853769377715e-05
paired103,10,ARL8A,arf_gtpase,0.1563134057355384,0.1435461116527047,5.816336571151659e-06
paired103,10,ARL8B,arf_gtpase,0.1696113575405023,0.1165291527016112,3.8159412092397815e-06
paired103,10,SAR1A,arf_gtpase,0.9843014538647732,3.761356357372416,0.0001275241480197
paired103,10,TRIM23,arf_gtpase,0.9785846057657664,2.1838623207824988,5.847262609459669e-05
paired103,10,CDC42,rho_gtpase,-0.3776779129553934,0.2155565474536541,1.1526475813705694e-05
paired103,10,RHOA,rho_gtpase,-0.4104284040981444,0.1899586549486579,8.68193132452788e-06
paired103,10,RHOB,rho_gtpase,0.9225157711805776,0.3225991776096198,4.485588232738813e-06
paired103,10,RHOBTB1,rho_gtpase,-0.7517189850298077,0.1935719452209451,4.715225783491484e-06
paired103,10,RHOG,rho_gtpase,0.2305380478180907,0.1427476666058147,5.582518053270924e-06
paired103,10,RHOQ,rho_gtpase,0.9835300837321244,6.944241657814934,0.0004559188400455
paired103,10,RND1,rho_gtpase,-0.5855578291343572,0.2720504149708535,1.4072023741040772e-05
paired103,10,RND3,rho_gtpase,-0.0342622466960073,0.1260813341122191,4.594107593347552e-06
paired103,11,HOXA1,hox,-0.5511123134698594,0.2421320126469785,1.2069590456631474e-05
paired103,11,HOXA10,hox,-0.4453896764847413,0.299795623404819,2.130260191546273e-05
paired103,11,HOXA13,hox,0.954823680365018,0.7977555803269344,1.6617523440509707e-05
paired103,11,HOXA3,hox,-0.8773252705885767,0.7404756545844667,3.733609236455937e-05
paired103,11,HOXA4,hox,0.9752057050141696,3.369201476025227,0.0001643835320705
paired103,11,HOXA5,hox,-0.4149737479312091,0.2028975524828665,1.0075905666262486e-05
paired103,11,HOXA6,hox,-0.7814862975424964,0.3545539548312352,1.4468833635761236e-05
paired103,11,HOXA7,hox,-0.9485838844921288,0.710494738702846,1.495367370396572e-05
paired103,11,HOXB2,hox,-0.731437542131912,0.4506057242589216,2.7916190605492552e-05
paired103,11,HOXB4,hox,-0.9429697823520964,1.0539827453601711,3.639573817904029e-05
paired103,11,HOXB5,hox,-0.8247078796573811,0.456995332342115,1.9750955497221945e-05
paired103,11,HOXB7,hox,-0.944158147136698,0.6493536878649899,1.3535101678674444e-05
paired103,11,HOXB8,hox,-0.0094652250762616,0.1658153716178152,8.128623024683534e-06
paired103,11,HOXB9,hox,0.0504327130799418,0.1833613996841142,9.91554336216005e-06
paired103,11,HOXC11,hox,-0.1339074654941865,0.3407453268421514,3.371425744291834e-05
paired103,11,HOXC12,hox,0.8668178226873334,0.3783935111025212,1.05254881451744e-05
paired103,11,HOXC4,hox,0.778124087466889,0.3301149670355562,1.2711885245764163e-05
paired103,11,HOXC5,hox,-0.0229861212443307,0.470657966672018,6.546362794568328e-05
paired103,11,HOXC6,hox,0.2565573564780912,0.1924865375230605,1.02338083530773e-05
paired103,11,HOXC8,hox,0.8849444722233292,0.5591733371994909,2.0049699359203643e-05
paired103,11,HOXC9,hox,-0.3231092140863929,0.3420679143647437,3.098491115083313e-05
paired103,11,HOXD10,hox,-0.6414469232371968,0.2007343360194583,7.011802956369273e-06
paired103,11,HOXD11,hox,-0.766677212628194,0.960336115120235,0.0001124060914977
paired103,11,HOXD12,hox,-0.0747934737292198,0.3639272413753179,3.894088759126557e-05
paired103,11,HOXD13,hox,-0.9028436516226996,1.1532054524718602,7.269557909173052e-05
paired103,11,HOXD4,hox,-0.9609547784598608,1.8002236872297035,7.336837441151989e-05
paired103,11,RAB10,rab_gtpase,0.9784702015402404,2.022606984845281,5.152384000728372e-05
paired103,11,RAB11A,rab_gtpase,0.0567777788441607,0.2202568178725153,1.429763063376388e-05
paired103,11,RAB14,rab_gtpase,-0.0175741767499373,0.147630032196224,6.442007493778768e-06
paired103,11,RAB15,rab_gtpase,-0.1910738589576483,0.1527629504622804,6.647978917917463e-06
paired103,11,RAB18,rab_gtpase,-0.1363582008631363,0.1162396934080516,3.920696438064475e-06
paired103,11,RAB1A,rab_gtpase,0.0416288419429626,0.1123426232615635,3.725128112752607e-06
paired103,11,RAB1B,rab_gtpase,-0.451814942356039,0.1314446780338488,4.065649200080124e-06
paired103,11,RAB20,rab_gtpase,-0.96963709624212,2.4935592707480567,0.0001099505324384
paired103,11,RAB22A,rab_gtpase,0.9741054841703536,5.611210929306196,0.0004759915715933
paired103,11,RAB23,rab_gtpase,-0.5075941636695748,0.1770169278276301,6.877700856500191e-06
paired103,11,RAB24,rab_gtpase,-0.0615022456476315,0.3180325065374073,2.9792585874210964e-05
paired103,11,RAB25,rab_gtpase,0.3043829195472925,0.2965803474705524,2.359770432769359e-05
paired103,11,RAB27A,rab_gtpase,-0.8727078952088789,0.4277862819580088,1.2898302810815387e-05
paired103,11,RAB27B,rab_gtpase,-0.6354576062228925,0.1511952900060259,4.029668152272237e-06
paired103,11,RAB29,rab_gtpase,0.9454589763441472,17.28202832666766,0.0094143091644659
paired103,11,RAB2B,rab_gtpase,-0.019253013235882,0.1448545113277659,6.2016740273174165e-06
paired103,11,RAB30,rab_gtpase,-0.9847038677181618,11.404200867762023,0.001168060477715
paired103,11,RAB34,rab_gtpase,0.3120575613679462,0.1524369775537938,6.2014257209419554e-06
paired103,11,RAB35,rab_gtpase,-0.1138046591874364,0.0814338063073337,1.935320662727058e-06
paired103,11,RAB36,rab_gtpase,0.2358364011330976,0.2710808498821717,2.051889707987975e-05
paired103,11,RAB38,rab_gtpase,-0.92319745776501,0.5643067659577384,1.3907131398593895e-05
paired103,11,RAB39B,rab_gtpase,0.9472705711295908,1.32124783634947,5.299855221041483e-05
paired103,11,RAB3A,rab_gtpase,-0.7700913379123648,0.2062278627048147,5.117423453104841e-06
paired103,11,RAB3C,rab_gtpase,-0.8121102020987933,0.5263149095033334,2.788622693106202e-05
paired103,11,RAB3D,rab_gtpase,0.8126613095102325,0.3203866256392498,1.0306226700174116e-05
paired103,11,RAB4A,rab_gtpase,0.2400806273122521,0.1877939131759015,9.826235025101047e-06
paired103,11,RAB5A,rab_gtpase,0.921285260064878,0.7687442253625442,2.642542240860468e-05
paired103,11,RAB5B,rab_gtpase,-0.1705095415087997,0.2050093257364523,1.206537316855716e-05
paired103,11,RAB6A,rab_gtpase,0.935593489587078,2.167775758481555,0.0001732266877817
paired103,11,RAB6B,rab_gtpase,-0.1446910965848274,0.181903872611759,9.578595176917837e-06
paired103,11,RAB7B,rab_gtpase,0.9752736761240663,1.0958886700808554,1.7343151615278884e-05
paired103,11,RAB8A,rab_gtpase,-0.1752772434731571,0.1478182075964192,6.261956983943939e-06
paired103,11,RAB9A,rab_gtpase,-0.7945087123115567,0.2624487217442385,7.509898900415202e-06
paired103,11,RAB9B,rab_gtpase,-0.9404513629660832,0.5852256447980296,1.1701145429476869e-05
paired103,11,RASEF,rab_gtpase,0.6555842284058954,0.2545822782232989,1.0926915190112574e-05
paired103,11,DIRAS1,ras_gtpases,-0.0358422404584716,0.2245434838703058,1.4888481830288567e-05
paired103,11,NRAS,ras_gtpases,0.9890411517751434,2.26301950241416,3.3006311378369624e-05
paired103,11,RALA,ras_gtpases,-0.4662738537172602,0.1121737901215507,2.911531817861857e-06
paired103,11,RALB,ras_gtpases,-0.7392838498335054,0.3034451652871964,1.2345425857929191e-05
paired103,11,RAP1A,ras_gtpases,-0.3962615426343884,0.1882914329955039,8.836559548308642e-06
paired103,11,RAP1B,ras_gtpases,0.2734577521429783,0.6504943628476813,0.0001157609756798
paired103,11,RAP2A,ras_gtpases,0.7586541545548388,0.3038477786343928,1.1586158568888116e-05
paired103,11,RAP2B,ras_gtpases,-0.9430192372564316,0.548617008462489,9.852593950698818e-06
paired103,11,RAP2C,ras_gtpases,0.0486202689805403,0.0926756690619277,2.533428804407656e-06
paired103,11,RASD2,ras_gtpases,-0.1414599391141503,0.3430075092187837,3.409105556950731e-05
paired103,11,RASL10A,ras_gtpases,0.1409939436930708,0.2818942979484116,2.3028290487947523e-05
paired103,11,RASL10B,ras_gtpases,-0.1369675916021033,0.1110536665972136,3.578049317387588e-06
paired103,11,RERGL,ras_gtpases,0.2710832042717186,0.3966530122860336,4.3101001500733815e-05
paired103,11,RHEB,ras_gtpases,0.4148918320131611,0.1460279182468592,5.219595798910959e-06
paired103,11,CYP20A1,cytochrome_p450,0.5209922961058656,0.2177668938031179,1.0215508628119707e-05
paired103,11,CYP26B1,cytochrome_p450,-0.2564110754886088,0.1824937539112419,9.199563616224538e-06
paired103,11,CYP8B1,cytochrome_p450,-0.4690741689407766,0.8494364062102532,0.0001664102248569
paired103,11,PTGIS,cytochrome_p450,0.0706095491142213,0.2917021295489478,2.503332312109308e-05
paired103,11,ARF1,arf_gtpase,-0.492049433136617,0.3149415056393882,2.222664114537309e-05
paired103,11,ARF3,arf_gtpase,-0.8893858258954352,0.2683614079727016,4.4501748506231564e-06
paired103,11,ARF5,arf_gtpase,0.9832412697066022,6.025675964117571,0.000356870181041
paired103,11,ARF6,arf_gtpase,0.0981884648908494,0.138599612464171,5.624999242614948e-06
paired103,11,ARL1,arf_gtpase,-0.3029457177144221,0.1382033964368077,5.129039218565445e-06
paired103,11,ARL13B,arf_gtpase,0.8193903341201524,0.2621664038426277,6.677700662094388e-06
paired103,11,ARL3,arf_gtpase,0.2436909373374902,0.1617634771318616,7.27744367390315e-06
paired103,11,ARL4A,arf_gtpase,0.2861125495531851,0.2650365414247881,1.906904425730272e-05
paired103,11,ARL5A,arf_gtpase,0.5932304406624493,0.1791946152013245,6.1529422336059625e-06
paired103,11,ARL5B,arf_gtpase,0.9746293943004288,8.829298005011236,0.0011553785352219
paired103,11,ARL5C,arf_gtpase,-0.8476802813204483,0.4651931173390346,1.800768875248604e-05
paired103,11,ARL6,arf_gtpase,0.9567201600441224,1.518706247322584,5.775359419901704e-05
paired103,11,ARL8A,arf_gtpase,0.1160952923191461,0.1449717741704414,6.130268735526912e-06
paired103,11,ARL8B,arf_gtpase,0.1384134713910826,0.1206552038710625,4.221788862057707e-06
paired103,11,SAR1A,arf_gtpase,0.9810098436509184,3.761073603684255,0.0001573539178542
paired103,11,TRIM23,arf_gtpase,0.9743253630636296,2.1529601639972364,6.947277736391033e-05
paired103,11,CDC42,rho_gtpase,-0.3714511019328293,0.2249776902805428,1.2900473686072722e-05
paired103,11,RHOA,rho_gtpase,-0.380669089278616,0.1896496434911578,9.093329853548935e-06
paired103,11,RHOB,rho_gtpase,0.9108218754705932,0.3235333585582235,5.273784358106326e-06
paired103,11,RHOBTB1,rho_gtpase,-0.7315250344236057,0.1987082684846502,5.427129416646359e-06
paired103,11,RHOG,rho_gtpase,0.2162749680830992,0.15131357990682,6.452934427136903e-06
paired103,11,RHOQ,rho_gtpase,0.9803463477204296,6.929887394328389,0.0005527915301206
paired103,11,RND1,rho_gtpase,-0.576236339676159,0.2967877973511953,1.739584210069811e-05
paired103,11,RND3,rho_gtpase,-0.0564664503858887,0.1341587854399439,5.304653193816122e-06
paired103,12,HOXA1,hox,-0.4899021680188115,0.2525976976412106,1.4598070717797285e-05
paired103,12,HOXA10,hox,-0.4304333399323364,0.3321749780481507,2.706289036313869e-05
paired103,12,HOXA13,hox,0.9397456479113844,0.7785614714768724,2.132779424568465e-05
paired103,12,HOXA3,hox,-0.8578974178380078,0.7683338963099213,4.691980124260642e-05
paired103,12,HOXA4,hox,0.9711893238510269,3.3719247633666,0.0001944025890556
paired103,12,HOXA5,hox,-0.3978680683903337,0.2165173918892098,1.1878682780519512e-05
paired103,12,HOXA6,hox,-0.7669948568883644,0.361090751040257,1.616066839815744e-05
paired103,12,HOXA7,hox,-0.9397123266054191,0.7130944145633502,1.7901362803107723e-05
paired103,12,HOXB2,hox,-0.7090904195033585,0.4875193127554689,3.557432971446062e-05
paired103,12,HOXB4,hox,-0.9357458323049864,1.059736919889806,4.2051082907668125e-05
paired103,12,HOXB5,hox,-0.8027751331468724,0.4797975247133923,2.4640350158811053e-05
paired103,12,HOXB7,hox,-0.9342055059343876,0.6625301766879583,1.6816260824836782e-05
paired103,12,HOXB8,hox,0.0004838331773219,0.1732206235165743,9.032819724974496e-06
paired103,12,HOXB9,hox,0.0309215005265703,0.1915258445981207,1.1032247879683156e-05
paired103,12,HOXC11,hox,-0.1618383271067918,0.3681267979050838,3.972823562770067e-05
paired103,12,HOXC12,hox,0.836236338161278,0.3764627877458027,1.2829664514657502e-05
paired103,12,HOXC4,hox,0.7542712721435451,0.3391818412931908,1.4929435970145732e-05
paired103,12,HOXC5,hox,-0.0826035069173835,0.5341955696803886,8.532334734701053e-05
paired103,12,HOXC6,hox,0.2523580289204908,0.2132334547939993,1.2816160450013214e-05
paired103,12,HOXC8,hox,0.8471803402548441,0.5576020926805519,2.642197890445619e-05
paired103,12,HOXC9,hox,-0.3354311892969594,0.3989850472855921,4.2531062651174345e-05
paired103,12,HOXD10,hox,-0.6136346351905957,0.2136840695749139,8.569822679715955e-06
paired103,12,HOXD11,hox,-0.7409233307572941,1.0509209425847852,0.0001499694844213
paired103,12,HOXD12,hox,-0.1034195588465728,0.4026571638347457,4.828737226236779e-05
paired103,12,HOXD13,hox,-0.8878026673415692,1.1874355288909193,8.99085549914691e-05
paired103,12,HOXD4,hox,-0.9535668861113364,1.8169703179954133,9.015579041526944e-05
paired103,12,RAB10,rab_gtpase,0.9754582910598476,2.02099709521438,5.961276653532188e-05
paired103,12,RAB11A,rab_gtpase,0.0640187341109108,0.242413755353839,1.761801857136369e-05
paired103,12,RAB14,rab_gtpase,0.0021704974976751,0.1546041532309133,7.195552021777019e-06
paired103,12,RAB15,rab_gtpase,-0.2013385119766163,0.1618939304469342,7.57030205844611e-06
paired103,12,RAB18,rab_gtpase,-0.1185900988720168,0.1205315106332728,4.31194605743368e-06
paired103,12,RAB1A,rab_gtpase,0.0435786286148478,0.1350348592189693,5.478853881801804e-06
paired103,12,RAB1B,rab_gtpase,-0.4533991621311929,0.1371800942531052,4.500498876014447e-06
paired103,12,RAB20,rab_gtpase,-0.965364092505379,2.510469442779933,0.0001291605254033
paired103,12,RAB22A,rab_gtpase,0.9702307422156022,5.619154271932191,0.0005576611741022
paired103,12,RAB23,rab_gtpase,-0.4515058996935263,0.1771553467581609,7.521824842982028e-06
paired103,12,RAB24,rab_gtpase,-0.0896220047837525,0.3409336358599573,3.471100134411209e-05
paired103,12,RAB25,rab_gtpase,0.2660349232556293,0.3111121185211588,2.7075912722662743e-05
paired103,12,RAB27A,rab_gtpase,-0.8624338262161934,0.4204096982993016,1.3632113999073605e-05
paired103,12,RAB27B,rab_gtpase,-0.60375220279608,0.1496435224620064,4.283938130233977e-06
paired103,12,RAB29,rab_gtpase,0.9362286516020398,17.30212556866376,0.0111902607638519
paired103,12,RAB2B,rab_gtpase,-0.0518747437757504,0.1546442185749048,7.179942509982773e-06
paired103,12,RAB30,rab_gtpase,-0.9828005172067386,11.42595894594976,0.0013411994073493
paired103,12,RAB34,rab_gtpase,0.3312062897735703,0.1664714808773997,7.42747378335018e-06
paired103,12,RAB35,rab_gtpase,-0.1206504131157076,0.0836543222372634,2.076018541630198e-06
paired103,12,RAB36,rab_gtpase,0.1728252790963127,0.285219576643039,2.375837213830501e-05
paired103,12,RAB38,rab_gtpase,-0.9200022489672482,0.563153909166065,1.4664227640848182e-05
paired103,12,RAB39B,rab_gtpase,0.9454475778789276,1.3102597291379898,5.4850748181678455e-05
paired103,12,RAB3A,rab_gtpase,-0.7474333113478547,0.2102324933815818,5.872187659683448e-06
paired103,12,RAB3C,rab_gtpase,-0.8108561472056179,0.52138746580197,2.803016992325436e-05
paired103,12,RAB3D,rab_gtpase,0.8030941750095394,0.313705258280094,1.0518290055383517e-05
paired103,12,RAB4A,rab_gtpase,0.2111832352551932,0.2038097302409015,1.1947050335248122e-05
paired103,12,RAB5A,rab_gtpase,0.9115351926460596,0.7774503838151372,3.07699767690961e-05
paired103,12,RAB5B,rab_gtpase,-0.192228930680437,0.2163104760957925,1.356526526996582e-05
paired103,12,RAB6A,rab_gtpase,0.9340815008566868,2.171987625808867,0.0001810749544347
paired103,12,RAB6B,rab_gtpase,-0.139500557178766,0.1939285206590371,1.110128373860153e-05
paired103,12,RAB7B,rab_gtpase,0.9719830370278922,1.0938548238802823,1.990078524127803e-05
paired103,12,RAB8A,rab_gtpase,-0.1876292420147474,0.1529230409066564,6.792111054920724e-06
paired103,12,RAB9A,rab_gtpase,-0.7873389962350398,0.2623096188072168,7.873126338320269e-06
paired103,12,RAB9B,rab_gtpase,-0.9311861270274532,0.597617167054099,1.4288006983664836e-05
paired103,12,RASEF,rab_gtpase,0.5881482986570624,0.2592180745312122,1.32308467686304e-05
paired103,12,DIRAS1,ras_gtpases,-0.0760924959042946,0.2469346576254732,1.82502343006874e-05
paired103,12,NRAS,ras_gtpases,0.987713363197655,2.243436537282552,3.700365971348596e-05
paired103,12,RALA,ras_gtpases,-0.4589273112523465,0.1143552848162579,3.1075971171912187e-06
paired103,12,RALB,ras_gtpases,-0.7229312591073667,0.3142908948986285,1.4195295942043272e-05
paired103,12,RAP1A,ras_gtpases,-0.40531797016439,0.1982436573359678,9.887407927955394e-06
paired103,12,RAP1B,ras_gtpases,0.2825720097453817,0.7019029510841391,0.0001364790956602
paired103,12,RAP2A,ras_gtpases,0.7471634951778545,0.3197733805021214,1.3598255035884854e-05
paired103,12,RAP2B,ras_gtpases,-0.9382463518194843,0.5490279600526882,1.086138391959146e-05
paired103,12,RAP2C,ras_gtpases,0.0762998249703463,0.0944270356685945,2.668577839926023e-06
paired103,12,RASD2,ras_gtpases,-0.1596794530818731,0.3712446890573703,4.043286465305052e-05
paired103,12,RASL10A,ras_gtpases,0.108368224939983,0.2919529311384986,2.5358471812175765e-05
paired103,12,RASL10B,ras_gtpases,-0.1073174242191297,0.1143201836342474,3.88900186032437e-06
paired103,12,RERGL,ras_gtpases,0.2261660997077651,0.4201782797514311,5.043098987467243e-05
paired103,12,RHEB,ras_gtpases,0.4375446885460349,0.1442572304569905,5.065332336018358e-06
paired103,12,CYP20A1,cytochrome_p450,0.5309487051335194,0.2537038624070995,1.3914270640236204e-05
paired103,12,CYP26B1,cytochrome_p450,-0.193693191391773,0.2018691308290281,1.1807493684012904e-05
paired103,12,CYP8B1,cytochrome_p450,-0.4712020454606435,0.8169418728036304,0.0001563149919133
paired103,12,PTGIS,cytochrome_p450,0.0811429417710226,0.3246913832217347,3.152838564168814e-05
paired103,12,ARF1,arf_gtpase,-0.4887567552154285,0.341429296922324,2.6710436374144383e-05
paired103,12,ARF3,arf_gtpase,-0.8762949472801382,0.2667634817978482,4.972384108348216e-06
paired103,12,ARF5,arf_gtpase,0.9798334641555404,6.023069101348356,0.0004361266813529
paired103,12,ARF6,arf_gtpase,0.0998346653075471,0.1452237762871003,6.285629700952811e-06
paired103,12,ARL1,arf_gtpase,-0.2927764166961672,0.1438948837679189,5.698943956966573e-06
paired103,12,ARL13B,arf_gtpase,0.8018018594379892,0.2797138954821658,8.411216352977036e-06
paired103,12,ARL3,arf_gtpase,0.2535053838350395,0.1582412200987417,7.053683172775216e-06
paired103,12,ARL4A,arf_gtpase,0.2362372493983442,0.2703155504564807,2.076964899755396e-05
paired103,12,ARL5A,arf_gtpase,0.5543523150081873,0.1809052081046562,6.82444014432626e-06
paired103,12,ARL5B,arf_gtpase,0.9708838964988012,8.815085616771743,0.0013432641900207
paired103,12,ARL5C,arf_gtpase,-0.8150344531122867,0.4549620074333913,2.09195726150746e-05
paired103,12,ARL6,arf_gtpase,0.9511720978452504,1.533183341179694,6.742000094239753e-05
paired103,12,ARL8A,arf_gtpase,0.1482585968758819,0.1530097466953783,6.8930184587978616e-06
paired103,12,ARL8B,arf_gtpase,0.1848843610796185,0.1419533925852941,5.858822028859123e-06
paired103,12,SAR1A,arf_gtpase,0.9786385884306028,3.7535066782956976,0.0001792800761239
paired103,12,TRIM23,arf_gtpase,0.9727996647571756,2.157340781984626,7.518537383222057e-05
paired103,12,CDC42,rho_gtpase,-0.3696097674490755,0.2490500646786991,1.6121499211374513e-05
paired103,12,RHOA,rho_gtpase,-0.3870490048185494,0.196725288590795,9.905180192948391e-06
paired103,12,RHOB,rho_gtpase,0.8995089186246142,0.3235313238063748,6.0148544175353535e-06
paired103,12,RHOBTB1,rho_gtpase,-0.7172338193352331,0.2092213932500314,6.39871483443244e-06
paired103,12,RHOG,rho_gtpase,0.2028062020397195,0.1555064180539024,6.980395174216447e-06
paired103,12,RHOQ,rho_gtpase,0.976659512560383,6.934937439191797,0.000668181257419
paired103,12,RND1,rho_gtpase,-0.5481211889680785,0.3198189405011107,2.1540821310006564e-05
paired103,12,RND3,rho_gtpase,-0.0228469144645287,0.1415035549396435,6.024646153290902e-06
paired103,13,HOXA1,hox,-0.3011306511194566,0.2965693317317835,2.4769796476808992e-05
paired103,13,HOXA10,hox,-0.4169756536560966,0.3894031051285519,3.879752355251398e-05
paired103,13,HOXA13,hox,0.9248499916498978,0.7603814030066786,2.59025309646832e-05
paired103,13,HOXA3,hox,-0.8238362858235002,0.7883571034677168,6.184568317424421e-05
paired103,13,HOXA4,hox,0.964348969774285,3.3715238421764693,0.0002465723787828
paired103,13,HOXA5,hox,-0.3549772957892674,0.2289179871869762,1.4184617142309897e-05
paired103,13,HOXA6,hox,-0.708213130288027,0.3416527439434501,1.8018939229036413e-05
paired103,13,HOXA7,hox,-0.910848630372872,0.7010810865236196,2.593248403948145e-05
paired103,13,HOXB2,hox,-0.6791630108874352,0.5448098675600149,4.95251336380953e-05
paired103,13,HOXB4,hox,-0.9121526413838252,1.0485091426707855,5.7194703080742926e-05
paired103,13,HOXB5,hox,-0.7708587676459521,0.4791561075756869,2.885327888213496e-05
paired103,13,HOXB7,hox,-0.9082019767674456,0.693807618113362,2.6114947120570164e-05
paired103,13,HOXB8,hox,0.1294765512325568,0.2072208970724729,1.3076012056578712e-05
paired103,13,HOXB9,hox,0.0248288264642408,0.2103524379874476,1.3695501578481206e-05
paired103,13,HOXC11,hox,-0.1854155121130083,0.4119455466121376,5.075105417540193e-05
paired103,13,HOXC12,hox,0.7921009153804339,0.383395149110396,1.696131931461231e-05
paired103,13,HOXC4,hox,0.7024243054732355,0.3905108141242385,2.392678094564893e-05
paired103,13,HOXC5,hox,-0.1675772259218581,0.6906780075928465,0.0001436017355127
paired103,13,HOXC6,hox,0.3034428626445688,0.2661522679717982,1.99187047318361e-05
paired103,13,HOXC8,hox,0.7649336896356369,0.5671413378396417,4.132929965783294e-05
paired103,13,HOXC9,hox,-0.3420221493473812,0.5434105873036521,8.075926674189216e-05
paired103,13,HOXD10,hox,-0.5444685907105367,0.2325454338527841,1.1783200845494337e-05
paired103,13,HOXD11,hox,-0.6997659015700611,1.191107615760142,0.0002242577761237
paired103,13,HOXD12,hox,-0.0818948762800954,0.4503394039547891,6.239051946588248e-05
paired103,13,HOXD13,hox,-0.8551144491609527,1.2792572049681787,0.0001362350303154
paired103,13,HOXD4,hox,-0.942933904233531,1.7921017313987733,0.0001102892382542
paired103,13,RAB10,rab_gtpase,0.9719623489882632,1.9944401723743084,6.81153108778032e-05
paired103,13,RAB11A,rab_gtpase,0.0858290031347073,0.2673865964403445,2.1979641094072026e-05
paired103,13,RAB14,rab_gtpase,-0.0094282416687619,0.1560803642926249,7.544096800593536e-06
paired103,13,RAB15,rab_gtpase,-0.1413200136201444,0.1667415425406753,8.43870717071038e-06
paired103,13,RAB18,rab_gtpase,-0.0406935370872515,0.1260988425275673,4.916444905855855e-06
paired103,13,RAB1A,rab_gtpase,-0.0143461743357237,0.1496765998490506,6.936934799584016e-06
paired103,13,RAB1B,rab_gtpase,-0.4004355856025611,0.1360140944941752,4.810780490971389e-06
paired103,13,RAB20,rab_gtpase,-0.959135452571626,2.4975931979838686,0.000154680594954
paired103,13,RAB22A,rab_gtpase,0.963015089034904,5.606018201441851,0.0007069007331084
paired103,13,RAB23,rab_gtpase,-0.4343596175660761,0.1793326834462301,8.081031263484917e-06
paired103,13,RAB24,rab_gtpase,0.017513552700904,0.3171610870696075,3.1144474700095515e-05
paired103,13,RAB25,rab_gtpase,0.2476573543792685,0.3244122825504135,3.059566611940401e-05
paired103,13,RAB27A,rab_gtpase,-0.8760948512237413,0.4328003116334112,1.3485587896822082e-05
paired103,13,RAB27B,rab_gtpase,-0.5851154961911676,0.1571934664386533,5.032756074996314e-06
paired103,13,RAB29,rab_gtpase,0.9162104105302,17.35347548174848,0.0150883828077654
paired103,13,RAB2B,rab_gtpase,-0.1146017863070108,0.1707402365653678,8.910041966680993e-06
paired103,13,RAB30,rab_gtpase,-0.97725539830226,11.52965574780056,0.001853207601554
paired103,13,RAB34,rab_gtpase,0.3867585779015652,0.2091928470544729,1.1525935582179514e-05
paired103,13,RAB35,rab_gtpase,-0.0582383809096839,0.0857090445686701,2.2673886950208555e-06
paired103,13,RAB36,rab_gtpase,0.1686630929468051,0.3090069947055767,2.8731409419502363e-05
paired103,13,RAB38,rab_gtpase,-0.9112923424420456,0.542690367189353,1.5464771090933915e-05
paired103,13,RAB39B,rab_gtpase,0.9144900638687076,1.271596347969761,8.198487272625954e-05
paired103,13,RAB3A,rab_gtpase,-0.6691746731911563,0.204188414974206,7.130368283925215e-06
paired103,13,RAB3C,rab_gtpase,-0.7916502574662893,0.5508945868664489,3.5086376097615e-05
paired103,13,RAB3D,rab_gtpase,0.7819793075928335,0.3172495722670486,1.2110240623641744e-05
paired103,13,RAB4A,rab_gtpase,0.0991850728961225,0.2091320860587916,1.341214773309396e-05
paired103,13,RAB5A,rab_gtpase,0.9008541782759868,0.778344448673585,3.536081307198291e-05
paired103,13,RAB5B,rab_gtpase,-0.1543163686540822,0.2255802271222636,1.538458762495587e-05
paired103,13,RAB6A,rab_gtpase,0.8798887389767802,2.0925483376212104,0.0003062534987616
paired103,13,RAB6B,rab_gtpase,-0.1390022079157085,0.2066222615694723,1.2966755501331306e-05
paired103,13,RAB7B,rab_gtpase,0.9654354371932372,1.0739166577272852,2.426520462928128e-05
paired103,13,RAB8A,rab_gtpase,-0.136782053863436,0.1482203963384916,6.676713498188214e-06
paired103,13,RAB9A,rab_gtpase,-0.7691276938422265,0.2589419805569424,8.481750161437596e-06
paired103,13,RAB9B,rab_gtpase,-0.9193599276758796,0.5993333992656944,1.7218515776074028e-05
paired103,13,RASEF,rab_gtpase,0.5491244949961821,0.2669304465014608,1.5413107825934524e-05
paired103,13,DIRAS1,ras_gtpases,-0.1020724318337332,0.2668169079837164,2.1818784714633388e-05
paired103,13,NRAS,ras_gtpases,0.9850954884814768,2.149114657528081,4.232287805550072e-05
paired103,13,RALA,ras_gtpases,-0.4209000722826094,0.1165712874458434,3.462969495382495e-06
paired103,13,RALB,ras_gtpases,-0.6967705908302443,0.2960648942914238,1.3967509982171222e-05
paired103,13,RAP1A,ras_gtpases,-0.393043891277281,0.1878245366811284,9.237967420916426e-06
paired103,13,RAP1B,ras_gtpases,0.2630781777358931,0.6719982547168095,0.000130185882343
paired103,13,RAP2A,ras_gtpases,0.7311705706229984,0.3421782320505135,1.687612651868342e-05
paired103,13,RAP2B,ras_gtpases,-0.9304154294273396,0.5337405970002425,1.1851531091844336e-05
paired103,13,RAP2C,ras_gtpases,0.1495890450486487,0.1038114710945977,3.262950932225728e-06
paired103,13,RASD2,ras_gtpases,-0.1116488904229445,0.3622839880593205,4.014273566266269e-05
paired103,13,RASL10A,ras_gtpases,0.0156004435627689,0.3285127143605485,3.3415933170855006e-05
paired103,13,RASL10B,ras_gtpases,0.0033892267584869,0.1267904420967395,4.978709719050123e-06
paired103,13,RERGL,ras_gtpases,0.2181324030323799,0.4377643364612857,5.6528625105634056e-05
paired103,13,RHEB,ras_gtpases,0.4487688742872587,0.1533738821040523,5.818145853875301e-06
paired103,13,CYP20A1,cytochrome_p450,0.5169526915980798,0.3268619715893402,2.424618649843336e-05
paired103,13,CYP26B1,cytochrome_p450,-0.1129263018992314,0.2238656868881992,1.5323295656566316e-05
paired103,13,CYP8B1,cytochrome_p450,-0.4544109328232639,0.8516357269369981,0.0001782571360823
paired103,13,PTGIS,cytochrome_p450,0.0967913356668891,0.3662219364627486,4.114882437467049e-05
paired103,13,ARF1,arf_gtpase,-0.483801497879319,0.3676547726575801,3.206473131478482e-05
paired103,13,ARF3,arf_gtpase,-0.8402889293731272,0.2598700170180025,6.147271578549329e-06
paired103,13,ARF5,arf_gtpase,0.9743554262203776,5.980417083742279,0.0005609876298409
paired103,13,ARF6,arf_gtpase,0.1675518235679094,0.1577241768535075,7.488230752694669e-06
paired103,13,ARL1,arf_gtpase,-0.3407713233575808,0.1682197815640826,7.746299709676663e-06
paired103,13,ARL13B,arf_gtpase,0.7691052627740619,0.3245822192653619,1.3328084405905828e-05
paired103,13,ARL3,arf_gtpase,0.2054656257827546,0.1535070290096526,6.989936870649416e-06
paired103,13,ARL4A,arf_gtpase,0.1653147894267338,0.2908609026044474,2.548530801560478e-05
paired103,13,ARL5A,arf_gtpase,0.5564060546242617,0.1895404604091884,7.681777661194822e-06
paired103,13,ARL5B,arf_gtpase,0.9628546494321976,8.785267061305053,0.0017443320549301
paired103,13,ARL5C,arf_gtpase,-0.7946518506198628,0.4564162359218988,2.377639561945699e-05
paired103,13,ARL6,arf_gtpase,0.9389989186146904,1.5562505868820995,8.872399830184285e-05
paired103,13,ARL8A,arf_gtpase,0.125368394033004,0.1597614146403676,7.780599238005337e-06
paired103,13,ARL8B,arf_gtpase,0.2188627548566857,0.159673357552033,7.517897163467069e-06
paired103,13,SAR1A,arf_gtpase,0.9714934295295292,3.761434449434767,0.0002462909575215
paired103,13,TRIM23,arf_gtpase,0.9628964824153532,2.1298221284014147,0.0001023220074202
paired103,13,CDC42,rho_gtpase,-0.3757737546734813,0.2657027542563965,1.8777290089921905e-05
paired103,13,RHOA,rho_gtpase,-0.4091805904265821,0.2271416985483461,1.3303493905381105e-05
paired103,13,RHOB,rho_gtpase,0.8990328393976516,0.3325527653643449,6.567239462795804e-06
paired103,13,RHOBTB1,rho_gtpase,-0.6941880368150259,0.2118339885507202,7.200399829820903e-06
paired103,13,RHOG,rho_gtpase,0.201364425480826,0.1690401623824498,8.490880845424265e-06
paired103,13,RHOQ,rho_gtpase,0.9683897435744891,6.939791099114349,0.0009284986062723
paired103,13,RND1,rho_gtpase,-0.5304042402751211,0.3395427046458747,2.5660929749649064e-05
paired103,13,RND3,rho_gtpase,-0.0745440279211319,0.1464193799792868,6.602770751928944e-06
paired103,14,HOXA1,hox,-0.2881151886842628,0.306849144460185,2.6604896256277044e-05
paired103,14,HOXA10,hox,-0.4049892318100895,0.4022672162573175,4.168479635080491e-05
paired103,14,HOXA13,hox,0.920816060733302,0.7628910542550965,2.7276923170393985e-05
paired103,14,HOXA3,hox,-0.8195213390278518,0.7898449052055957,6.312798030028155e-05
paired103,14,HOXA4,hox,0.9630295698998907,3.3843265625692025,0.0002561669103267
paired103,14,HOXA5,hox,-0.3426995265554167,0.2358000530541159,1.512082169297102e-05
paired103,14,HOXA6,hox,-0.6947497844857232,0.3419488976615855,1.8639298397626906e-05
paired103,14,HOXA7,hox,-0.9064182580759416,0.7019861598220754,2.7090300755094887e-05
paired103,14,HOXB2,hox,-0.6695907296033758,0.5514105803401915,5.168508000608085e-05
paired103,14,HOXB4,hox,-0.9071535144279604,1.0517100880518395,6.035285759686815e-05
paired103,14,HOXB5,hox,-0.761956440132417,0.4846339839103268,3.0354805595211864e-05
paired103,14,HOXB7,hox,-0.9044324227339264,0.699246900920533,2.742109092535028e-05
paired103,14,HOXB8,hox,0.1449578040542562,0.2127367218824287,1.365231971328651e-05
paired103,14,HOXB9,hox,0.0074744722270134,0.2151055041526515,1.4256844397486644e-05
paired103,14,HOXC11,hox,-0.1736497451522183,0.4092489637651625,5.005301593308253e-05
paired103,14,HOXC12,hox,0.784567413516256,0.3884749786390858,1.787787391394069e-05
paired103,14,HOXC4,hox,0.6935252206449939,0.3979046618282725,2.532162039714514e-05
paired103,14,HOXC5,hox,-0.1699288032911413,0.7035989769192106,0.0001481490525171
paired103,14,HOXC6,hox,0.3027119969906712,0.2711910342530534,2.05853028891756e-05
paired103,14,HOXC8,hox,0.759590107244933,0.5738228652591064,4.29210558396953e-05
paired103,14,HOXC9,hox,-0.3352733732611688,0.5517762844987166,8.327198911184386e-05
paired103,14,HOXD10,hox,-0.5313780217894466,0.2340186757051288,1.2110170514501029e-05
paired103,14,HOXD11,hox,-0.696532206033129,1.2039155484337292,0.000229963141256
paired103,14,HOXD12,hox,-0.092656481940727,0.4637487777077966,6.570172036202138e-05
paired103,14,HOXD13,hox,-0.8525711667452492,1.2824033484636108,0.0001384134213028
paired103,14,HOXD4,hox,-0.9402392032648564,1.795082138067418,0.0001151348602416
paired103,14,RAB10,rab_gtpase,0.9716944779523204,1.9957779147171129,6.850016535131509e-05
paired103,14,RAB11A,rab_gtpase,0.0864880880829006,0.272442266833695,2.270045773866692e-05
paired103,14,RAB14,rab_gtpase,-0.0066415594592148,0.1590426834140187,7.793839451153417e-06
paired103,14,RAB15,rab_gtpase,-0.1373990380813614,0.1705442603441521,8.793068383750047e-06
paired103,14,RAB18,rab_gtpase,-0.0313788445799157,0.1290523272088411,5.126801403076975e-06
paired103,14,RAB1A,rab_gtpase,-0.0136828917601083,0.154215059256208,7.326817518360507e-06
paired103,14,RAB1B,rab_gtpase,-0.3926170725805214,0.1360194464462002,4.822129614168169e-06
paired103,14,RAB20,rab_gtpase,-0.958777452716403,2.4957978726231174,0.0001549936586913
paired103,14,RAB22A,rab_gtpase,0.9629450404093208,5.603639161442944,0.0007040268830914
paired103,14,RAB23,rab_gtpase,-0.4166730512975006,0.1836733774406858,8.59048123380557e-06
paired103,14,RAB24,rab_gtpase,0.0273293349924857,0.3176570341349925,3.106996318036348e-05
paired103,14,RAB25,rab_gtpase,0.2682840627038842,0.326724468458487,3.0526044238032846e-05
paired103,14,RAB27A,rab_gtpase,-0.874187155351311,0.4359905432977616,1.381136516609427e-05
paired103,14,RAB27B,rab_gtpase,-0.5732412566437266,0.1602693197074419,5.313996037314972e-06
paired103,14,RAB29,rab_gtpase,0.9157732163995296,17.36700759596639,0.0151105231118635
paired103,14,RAB2B,rab_gtpase,-0.1219517326194043,0.1782634034974911,9.64629584887522e-06
paired103,14,RAB30,rab_gtpase,-0.9767545655394102,11.535386886624943,0.0018858449282757
paired103,14,RAB34,rab_gtpase,0.3794144254100191,0.2101582904886664,1.165020465310196e-05
paired103,14,RAB35,rab_gtpase,-0.0524565419584039,0.088411927186009,2.4019672224540045e-06
paired103,14,RAB36,rab_gtpase,0.1515931459562948,0.3151151815176641,2.9894405154329284e-05
paired103,14,RAB38,rab_gtpase,-0.9085917501796033,0.5432365943867514,1.586431949085476e-05
paired103,14,RAB39B,rab_gtpase,0.9076170307168974,1.2800740645381434,8.898445785721076e-05
paired103,14,RAB3A,rab_gtpase,-0.6553302666397642,0.207212751367491,7.548556825498487e-06
paired103,14,RAB3C,rab_gtpase,-0.7865969456760231,0.5546339167716127,3.614010787567068e-05
paired103,14,RAB3D,rab_gtpase,0.7724964049195561,0.3205083081478818,1.2764285598376723e-05
paired103,14,RAB4A,rab_gtpase,0.0735018922353824,0.2130695490876377,1.391344503587355e-05
paired103,14,RAB5A,rab_gtpase,0.8990751137396148,0.7762974894890985,3.559147889620196e-05
paired103,14,RAB5B,rab_gtpase,-0.1482090525667451,0.228039748882766,1.5671841436359912e-05
paired103,14,RAB6A,rab_gtpase,0.873268951564385,2.1200659219265447,0.0003288477224105
paired103,14,RAB6B,rab_gtpase,-0.1548860537975739,0.210183709582088,1.3286081949281936e-05
paired103,14,RAB7B,rab_gtpase,0.9635678594047998,1.079884487453816,2.570587089589793e-05
paired103,14,RAB8A,rab_gtpase,-0.1342217923180405,0.1506525066686014,6.867527132525808e-06
paired103,14,RAB9A,rab_gtpase,-0.7633696636435888,0.2564756533536761,8.457644825266009e-06
paired103,14,RAB9B,rab_gtpase,-0.9177569511111616,0.5991626686310453,1.7447273937154506e-05
paired103,14,RASEF,rab_gtpase,0.5558947102017124,0.267235669380791,1.5205469475088051e-05
paired103,14,DIRAS1,ras_gtpases,-0.0949338710130352,0.2668960225184189,2.17519732460536e-05
paired103,14,NRAS,ras_gtpases,0.9846012748146622,2.1528444991606306,4.364498676245887e-05
paired103,14,RALA,ras_gtpases,-0.4184003052555344,0.1181314157392233,3.5472851814821738e-06
paired103,14,RALB,ras_gtpases,-0.6910820850242525,0.2936603715366248,1.38817115780121e-05
paired103,14,RAP1A,ras_gtpases,-0.3935546704783264,0.1846950397885003,8.883203084675273e-06
paired103,14,RAP1B,ras_gtpases,0.2559925624743335,0.6629667053844565,0.0001265659247661
paired103,14,RAP2A,ras_gtpases,0.7305825174821657,0.3410447121819736,1.6710363064831313e-05
paired103,14,RAP2B,ras_gtpases,-0.9282962503010272,0.5332079957642931,1.211303834180999e-05
paired103,14,RAP2C,ras_gtpases,0.1659123233457728,0.1084137351436178,3.5219931553420736e-06
paired103,14,RASD2,ras_gtpases,-0.0995145749597009,0.3584439579941609,3.919857234235824e-05
paired103,14,RASL10A,ras_gtpases,0.0115201083918962,0.3384144627028989,3.528493995952342e-05
paired103,14,RASL10B,ras_gtpases,0.0136366785368377,0.1301580116562782,5.2191972050863455e-06
paired103,14,RERGL,ras_gtpases,0.2124562988547018,0.4488569126464249,5.928038232372312e-05
paired103,14,RHEB,ras_gtpases,0.4532384998911922,0.1567384270457034,6.014902977358183e-06
paired103,14,CYP20A1,cytochrome_p450,0.5111901231767513,0.3394361310642843,2.6225419390679683e-05
paired103,14,CYP26B1,cytochrome_p450,-0.1141071325733954,0.2275574543682035,1.57483567304606e-05
paired103,14,CYP8B1,cytochrome_p450,-0.4504958206762861,0.8469673346635334,0.0001761978469208
paired103,14,PTGIS,cytochrome_p450,0.1165130666128772,0.3703054646814963,4.1680677032363e-05
paired103,14,ARF1,arf_gtpase,-0.478644856129986,0.3687060136320518,3.229286112726992e-05
paired103,14,ARF3,arf_gtpase,-0.8315516366883493,0.2604080457570092,6.446703409990207e-06
paired103,14,ARF5,arf_gtpase,0.9741621479889404,5.980120550857809,0.0005622412973442
paired103,14,ARF6,arf_gtpase,0.1638660424513237,0.1602738026664908,7.702773800910556e-06
paired103,14,ARL1,arf_gtpase,-0.3351043425297048,0.1733032525536672,8.215338207051559e-06
paired103,14,ARL13B,arf_gtpase,0.7627657822243676,0.3300817479685403,1.4039755425243604e-05
paired103,14,ARL3,arf_gtpase,0.201739009241113,0.1550686066501005,7.107975287912183e-06
paired103,14,ARL4A,arf_gtpase,0.1565101641293201,0.2960800344836056,2.635086074453952e-05
paired103,14,ARL5A,arf_gtpase,0.5511146649307709,0.1945779042813291,8.122872921290103e-06
paired103,14,ARL5B,arf_gtpase,0.9628105621978588,8.780462128792706,0.0017356067252594
paired103,14,ARL5C,arf_gtpase,-0.7819467329329759,0.4635096769740695,2.5723025220414364e-05
paired103,14,ARL6,arf_gtpase,0.9380736397020216,1.55952876534687,8.99484476519774e-05
paired103,14,ARL8A,arf_gtpase,0.1233593542277334,0.1610588385950856,7.871412557092228e-06
paired103,14,ARL8B,arf_gtpase,0.2123717743342818,0.1627787786788425,7.796431783280156e-06
paired103,14,SAR1A,arf_gtpase,0.971144765542315,3.762716084570109,0.0002481655258846
paired103,14,TRIM23,arf_gtpase,0.961346079949672,2.140680523669577,0.0001070572960255
paired103,14,CDC42,rho_gtpase,-0.3704578198654015,0.2640796648875416,1.853984010091736e-05
paired103,14,RHOA,rho_gtpase,-0.4058736060404159,0.2292840668324163,1.3530609033418628e-05
paired103,14,RHOB,rho_gtpase,0.8944922562044768,0.3366618506621712,6.980845561610494e-06
paired103,14,RHOBTB1,rho_gtpase,-0.6890600740540086,0.2105441851556216,7.173831615303605e-06
paired103,14,RHOG,rho_gtpase,0.1989323084211209,0.1734931662493122,8.907833501825557e-06
paired103,14,RHOQ,rho_gtpase,0.9685028878398696,6.937494341113893,0.0009199271011662
paired103,14,RND1,rho_gtpase,-0.5291824546008016,0.3361231402532458,2.5064309426392484e-05
paired103,14,RND3,rho_gtpase,-0.0616731437733929,0.1491505448530052,6.828694443683503e-06
paired103,15,HOXA1,hox,-0.2816857934838632,0.3169577046557805,2.819441480683693e-05
paired103,15,HOXA10,hox,-0.4057971334760487,0.4177710520528145,4.444286463900493e-05
paired103,15,HOXA13,hox,0.9159865258136156,0.7654635036961752,2.8751130508597456e-05
paired103,15,HOXA3,hox,-0.8157071671533735,0.7941152875763305,6.432705154746365e-05
paired103,15,HOXA4,hox,0.9617925824014448,3.395688014925588,0.0002634946900732
paired103,15,HOXA5,hox,-0.3363653999923705,0.2435289654236363,1.603309192621527e-05
paired103,15,HOXA6,hox,-0.6879608858036326,0.3468045373456599,1.931094202933803e-05
paired103,15,HOXA7,hox,-0.900229811055921,0.7012823836255468,2.8422171947428687e-05
paired103,15,HOXB2,hox,-0.6593701416805936,0.5650184885772384,5.500745575748312e-05
paired103,15,HOXB4,hox,-0.902634535752104,1.0579181690528223,6.320282650829068e-05
paired103,15,HOXB5,hox,-0.7582006609299324,0.4876270941157279,3.081514436387156e-05
paired103,15,HOXB7,hox,-0.8996858739471026,0.700907201230202,2.853838800609409e-05
paired103,15,HOXB8,hox,0.1488638430129082,0.2175857313669369,1.411204005452582e-05
paired103,15,HOXB9,hox,-0.007041745601256,0.2225702825822413,1.509991170278724e-05
paired103,15,HOXC11,hox,-0.1732799366657835,0.4185617105066536,5.180225611556288e-05
paired103,15,HOXC12,hox,0.7688648519407965,0.3931164469728567,1.926041165367653e-05
paired103,15,HOXC4,hox,0.6847888949157067,0.4051439731338226,2.6572342801567395e-05
paired103,15,HOXC5,hox,-0.1703927008567248,0.726062345339268,0.0001560429647363
paired103,15,HOXC6,hox,0.3085771449106832,0.281447635801002,2.1847478760439465e-05
paired103,15,HOXC8,hox,0.7295067007984155,0.5803634231286168,4.803386882823446e-05
paired103,15,HOXC9,hox,-0.332002271439564,0.5750258319269489,8.968760914340734e-05
paired103,15,HOXD10,hox,-0.5238037528974457,0.2403140523305779,1.277422098400205e-05
paired103,15,HOXD11,hox,-0.69098038535683,1.2406890981070215,0.0002452235141163
paired103,15,HOXD12,hox,-0.0864236425682369,0.4732655143813429,6.776833339994237e-05
paired103,15,HOXD13,hox,-0.8482280467090395,1.289612410318966,0.0001422180373041
paired103,15,HOXD4,hox,-0.9377893472883572,1.800735041659303,0.0001191667626695
paired103,15,RAB10,rab_gtpase,0.9712035501723544,1.998786561835897,6.913159636057209e-05
paired103,15,RAB11A,rab_gtpase,0.0957136269797093,0.2803113667628292,2.37327426908518e-05
paired103,15,RAB14,rab_gtpase,-0.0162971798431107,0.1628406434604167,8.081097028433959e-06
paired103,15,RAB15,rab_gtpase,-0.130605046812388,0.1734056360100402,9.009791035574644e-06
paired103,15,RAB18,rab_gtpase,-0.0227163440260957,0.1335295152131847,5.432376556369079e-06
paired103,15,RAB1A,rab_gtpase,-0.0254285376370008,0.1578906402003054,7.59437118813544e-06
paired103,15,RAB1B,rab_gtpase,-0.3892393148820576,0.1376997225120051,4.904261779126173e-06
paired103,15,RAB20,rab_gtpase,-0.9590848379257588,2.4919549147236912,0.000151743166507
paired103,15,RAB22A,rab_gtpase,0.9631338104126208,5.6033616287954295,0.0006929218571435
paired103,15,RAB23,rab_gtpase,-0.385013812367564,0.1867529027044838,9.055542314229116e-06
paired103,15,RAB24,rab_gtpase,0.0421088426962274,0.3211609639906191,3.138628227572493e-05
paired103,15,RAB25,rab_gtpase,0.2610663303263519,0.3358176424631293,3.20343317791183e-05
paired103,15,RAB27A,rab_gtpase,-0.8697482115128907,0.4373285991464293,1.4198549274646588e-05
paired103,15,RAB27B,rab_gtpase,-0.5557565648213936,0.161937152903099,5.524782299204389e-06
paired103,15,RAB29,rab_gtpase,0.91633733722817,17.386444077801862,0.014884273996408
paired103,15,RAB2B,rab_gtpase,-0.1193367648896823,0.1837631890693783,1.0147245937508488e-05
paired103,15,RAB30,rab_gtpase,-0.9767318222629308,11.525416236756053,0.0018641749294942
paired103,15,RAB34,rab_gtpase,0.3729572655244048,0.2152048522444037,1.2153999867647867e-05
paired103,15,RAB35,rab_gtpase,-0.0460307705621189,0.0920507592055491,2.577463038000438e-06
paired103,15,RAB36,rab_gtpase,0.1238642655358543,0.3246254534756692,3.163119313409624e-05
paired103,15,RAB38,rab_gtpase,-0.9036158909567624,0.542873537076629,1.6483293515223707e-05
paired103,15,RAB39B,rab_gtpase,0.911054888900076,1.3052598406530644,8.828088444445825e-05
paired103,15,RAB3A,rab_gtpase,-0.6299066782686159,0.2092892141159449,8.054298871518206e-06
paired103,15,RAB3C,rab_gtpase,-0.7852478002953779,0.5495888391808478,3.5300260668780226e-05
paired103,15,RAB3D,rab_gtpase,0.763361864360582,0.32429558489847,1.337733078732306e-05
paired103,15,RAB4A,rab_gtpase,0.0572140662250561,0.2199186694646049,1.469473391890741e-05
paired103,15,RAB5A,rab_gtpase,0.8988058204963054,0.772469647668526,3.4951420826545565e-05
paired103,15,RAB5B,rab_gtpase,-0.1612938528817418,0.2369071002266068,1.6663646179360114e-05
paired103,15,RAB6A,rab_gtpase,0.8734815916735871,2.196785807891496,0.0003487487218204
paired103,15,RAB6B,rab_gtpase,-0.1724956042395309,0.2147084044158513,1.3634552621821784e-05
paired103,15,RAB7B,rab_gtpase,0.961259565037367,1.0882940226890496,2.743192733423161e-05
paired103,15,RAB8A,rab_gtpase,-0.1290524523879864,0.1512428394840733,6.856706542324176e-06
paired103,15,RAB9A,rab_gtpase,-0.7544259382308532,0.2580623401343325,8.746353065247625e-06
paired103,15,RAB9B,rab_gtpase,-0.914369474939981,0.6046826767719868,1.8271394690239084e-05
paired103,15,RASEF,rab_gtpase,0.5406875782564254,0.270179734862453,1.5746717764164586e-05
paired103,15,DIRAS1,ras_gtpases,-0.1206866237419862,0.2807832015963412,2.36828281819923e-05
paired103,15,NRAS,ras_gtpases,0.9835170966698252,2.157652726436049,4.639820056429045e-05
paired103,15,RALA,ras_gtpases,-0.3895037465253918,0.1199050780468895,3.7177227126816703e-06
paired103,15,RALB,ras_gtpases,-0.6821123808743044,0.2935601203218222,1.4047016589691095e-05
paired103,15,RAP1A,ras_gtpases,-0.3922468588739545,0.1858508480081668,8.9090787445123e-06
paired103,15,RAP1B,ras_gtpases,0.2507495410554903,0.6636246130178612,0.0001258137105609
paired103,15,RAP2A,ras_gtpases,0.7249510006982272,0.3513741884422737,1.785618721317217e-05
paired103,15,RAP2B,ras_gtpases,-0.9252873163946284,0.5326754532514898,1.2441600891421878e-05
paired103,15,RAP2C,ras_gtpases,0.1827779420317621,0.1137320343363022,3.811255372188072e-06
paired103,15,RASD2,ras_gtpases,-0.0890026254858071,0.3588744499316891,3.8949142396216274e-05
paired103,15,RASL10A,ras_gtpases,-0.0020729713761678,0.3501201142602997,3.736789906350069e-05
paired103,15,RASL10B,ras_gtpases,0.0460142832864885,0.1371821458953864,5.724456038080916e-06
paired103,15,RERGL,ras_gtpases,0.207255990432432,0.4638673674468466,6.277575182489503e-05
paired103,15,RHEB,ras_gtpases,0.4619987767534167,0.1631461742566615,6.381808328126404e-06
paired103,15,CYP20A1,cytochrome_p450,0.5094140408516156,0.3593647082392863,2.91513713035485e-05
paired103,15,CYP26B1,cytochrome_p450,-0.0931824439488435,0.2337167856392891,1.650647246553838e-05
paired103,15,CYP8B1,cytochrome_p450,-0.4450380452447124,0.8482180375892143,0.000175895207505
paired103,15,PTGIS,cytochrome_p450,0.1286955756137124,0.3757638489244769,4.232960687722276e-05
paired103,15,ARF1,arf_gtpase,-0.4716912294625209,0.372325963841214,3.2856145402049286e-05
paired103,15,ARF3,arf_gtpase,-0.8185210078266595,0.260178360254802,6.8099953368649935e-06
paired103,15,ARF5,arf_gtpase,0.9738074172191096,5.997659532519447,0.0005670589140044
paired103,15,ARF6,arf_gtpase,0.182714272639235,0.1669043966380413,8.208227768813359e-06
paired103,15,ARL1,arf_gtpase,-0.3422176421341705,0.1883164654646148,9.544257219551431e-06
paired103,15,ARL13B,arf_gtpase,0.750692212226343,0.3425933965581121,1.5615838946825278e-05
paired103,15,ARL3,arf_gtpase,0.2020082630424087,0.1615594008600379,7.631858024659266e-06
paired103,15,ARL4A,arf_gtpase,0.1213034255552518,0.3071096991175342,2.8327849642018062e-05
paired103,15,ARL5A,arf_gtpase,0.5494798201490715,0.1997918896730718,8.49407393477275e-06
paired103,15,ARL5B,arf_gtpase,0.9627784164344332,8.791279712788668,0.0017226730556343
paired103,15,ARL5C,arf_gtpase,-0.7603928480627609,0.4689672671879231,2.82786638345911e-05
paired103,15,ARL6,arf_gtpase,0.9373241424365316,1.566593705761948,9.084339721887602e-05
paired103,15,ARL8A,arf_gtpase,0.1147000775712976,0.1639657872263264,8.087513165278004e-06
paired103,15,ARL8B,arf_gtpase,0.2209251163652103,0.1682884057062889,8.211768864230251e-06
paired103,15,SAR1A,arf_gtpase,0.97088826596429,3.769583601394396,0.000248558789333
paired103,15,TRIM23,arf_gtpase,0.9580889371236582,2.1658820612694942,0.000117358484311
paired103,15,CDC42,rho_gtpase,-0.3634930703380041,0.2676240717158574,1.894823854842187e-05
paired103,15,RHOA,rho_gtpase,-0.407920251499319,0.2320564988101451,1.3683809355624632e-05
paired103,15,RHOB,rho_gtpase,0.8890992052844974,0.3397246813813676,7.370611732393506e-06
paired103,15,RHOBTB1,rho_gtpase,-0.6792307899116132,0.2118394427944156,7.368458201817418e-06
paired103,15,RHOG,rho_gtpase,0.1839778363842006,0.1771370221558136,9.241118150926653e-06
paired103,15,RHOQ,rho_gtpase,0.9682172651225088,6.958516342671907,0.000923754468887
paired103,15,RND1,rho_gtpase,-0.5257265332429731,0.3483676278650744,2.6769806577897622e-05
paired103,15,RND3,rho_gtpase,-0.0548823548232434,0.1513964921875063,6.965965954286446e-06
paired103,16,HOXA1,hox,-0.2793788154738419,0.3295062327320869,2.801345590697224e-05
paired103,16,HOXA10,hox,-0.42171343610712,0.4458635546025098,4.5740005065519895e-05
paired103,16,HOXA13,hox,0.915933249714074,0.7879182350284328,2.798338011256174e-05
paired103,16,HOXA3,hox,-0.8205168107669728,0.805697848421736,5.936123498750945e-05
paired103,16,HOXA4,hox,0.9661450032345552,3.463567130697521,0.0002234916135536
paired103,16,HOXA5,hox,-0.3311531957763615,0.2543889161182419,1.6124331743028186e-05
paired103,16,HOXA6,hox,-0.6799093432171381,0.3634526001815319,1.9878603816025908e-05
paired103,16,HOXA7,hox,-0.8912060684239336,0.7054184396250955,2.865302773702449e-05
paired103,16,HOXB2,hox,-0.6758595224423247,0.5615756167287658,4.7942969888525866e-05
paired103,16,HOXB4,hox,-0.897562874102581,1.0808218422799087,6.354812523789999e-05
paired103,16,HOXB5,hox,-0.7527358326052549,0.4889105000184772,2.899144301560241e-05
paired103,16,HOXB7,hox,-0.8923077689825507,0.694209372927184,2.7484650515385844e-05
paired103,16,HOXB8,hox,0.2352195203673963,0.2306601037987252,1.4065530582807462e-05
paired103,16,HOXB9,hox,-0.1106602459013063,0.2340186780568706,1.513841554212636e-05
paired103,16,HOXC11,hox,-0.1547265795848108,0.3943604005632428,4.248145240159928e-05
paired103,16,HOXC12,hox,0.7790089249397398,0.4105551514408083,1.854500941911308e-05
paired103,16,HOXC4,hox,0.6895165754303361,0.4263210370232622,2.668132273497825e-05
paired103,16,HOXC5,hox,-0.188757133118468,0.723962537184785,0.000141460142338
paired103,16,HOXC6,hox,0.3433724421446161,0.301350136437272,2.2417663788298903e-05
paired103,16,HOXC8,hox,0.7232200713757564,0.5739420077535637,4.396914986859457e-05
paired103,16,HOXC9,hox,-0.330651774346917,0.5593126892291729,7.797761891725763e-05
paired103,16,HOXD10,hox,-0.4747001829292704,0.2298933511915923,1.145759460796647e-05
paired103,16,HOXD11,hox,-0.712123473123577,1.2401111503782398,0.0002121464595659
paired103,16,HOXD12,hox,-0.1091553065502881,0.5019514935112698,6.967230003418479e-05
paired103,16,HOXD13,hox,-0.8616310487557634,1.304806315571159,0.0001227377546862
paired103,16,HOXD4,hox,-0.9395296876495915,1.8309661217434745,0.0001100399322704
paired103,16,RAB10,rab_gtpase,0.9733504038654188,2.060559657513737,6.248934233676895e-05
paired103,16,RAB11A,rab_gtpase,0.055231497249783,0.2966280277864251,2.454878539182026e-05
paired103,16,RAB14,rab_gtpase,-0.079422617361892,0.1695247668912309,7.991844398924641e-06
paired103,16,RAB15,rab_gtpase,-0.1163883128958046,0.1813673314652232,9.080797455207623e-06
paired103,16,RAB18,rab_gtpase,0.0623562856499281,0.14431047572693,5.805400338454447e-06
paired103,16,RAB1A,rab_gtpase,-0.1306828319019614,0.1801368166908422,8.925922638569617e-06
paired103,16,RAB1B,rab_gtpase,-0.3976972618444981,0.1408668039086293,4.674912077784477e-06
paired103,16,RAB20,rab_gtpase,-0.9644819163991798,2.5201561094255136,0.0001240242297008
paired103,16,RAB22A,rab_gtpase,0.9692173966664668,5.706944869403467,0.0005526542907953
paired103,16,RAB23,rab_gtpase,-0.3518598430473004,0.1883072690475455,8.694884426563299e-06
paired103,16,RAB24,rab_gtpase,0.1009425341704986,0.3187008661733105,2.81353199219625e-05
paired103,16,RAB25,rab_gtpase,0.2679329432179437,0.3399105824504628,3.0013054475253043e-05
paired103,16,RAB27A,rab_gtpase,-0.8621172157420371,0.4480340039105638,1.4423454959833217e-05
paired103,16,RAB27B,rab_gtpase,-0.5501777062726267,0.1714941895384063,5.7391779032522905e-06
paired103,16,RAB29,rab_gtpase,0.9314992589600836,17.72448837247614,0.0117007211685487
paired103,16,RAB2B,rab_gtpase,-0.1050186609272226,0.1912030075880112,1.0118179654128312e-05
paired103,16,RAB30,rab_gtpase,-0.9794836933439128,11.695940263290533,0.001555917430137
paired103,16,RAB34,rab_gtpase,0.3592405772106421,0.2115852016793539,1.0911675435876234e-05
paired103,16,RAB35,rab_gtpase,-0.0746817288731843,0.0981129694469211,2.678869656547178e-06
paired103,16,RAB36,rab_gtpase,0.1082023602450379,0.3412571750353061,3.2209436309327266e-05
paired103,16,RAB38,rab_gtpase,-0.89494245775123,0.5455931789263548,1.65840991913635e-05
paired103,16,RAB39B,rab_gtpase,0.9291303668552368,1.382232656663623,7.310163542884052e-05
paired103,16,RAB3A,rab_gtpase,-0.5251006633428168,0.2085256098484561,8.813490584125283e-06
paired103,16,RAB3C,rab_gtpase,-0.7966067785199606,0.5085635700397142,2.6449222173985376e-05
paired103,16,RAB3D,rab_gtpase,0.7546164105946565,0.331368860417126,1.3230648188700124e-05
paired103,16,RAB4A,rab_gtpase,-0.0200711853287626,0.2418383841942997,1.6360862094888518e-05
paired103,16,RAB5A,rab_gtpase,0.905073043160972,0.7687074779733385,2.9905912221739328e-05
paired103,16,RAB5B,rab_gtpase,-0.1382778450082908,0.243994236575827,1.634200670908026e-05
paired103,16,RAB6A,rab_gtpase,0.8841720344842493,2.383607943751767,0.0003470612750603
paired103,16,RAB6B,rab_gtpase,-0.2601375010843064,0.2272953958285915,1.347970269305332e-05
paired103,16,RAB7B,rab_gtpase,0.9602263040346714,1.1418749511313793,2.8449365858995712e-05
paired103,16,RAB8A,rab_gtpase,-0.0959662171178642,0.149599302897724,6.205395587155493e-06
paired103,16,RAB9A,rab_gtpase,-0.7380056029827314,0.2571790220858868,8.428363260870597e-06
paired103,16,RAB9B,rab_gtpase,-0.915788816011258,0.5979881856748469,1.614482264844508e-05
paired103,16,RASEF,rab_gtpase,0.5597545750741547,0.2749015429397325,1.452231277121463e-05
paired103,16,DIRAS1,ras_gtpases,-0.1201925480441684,0.2802959232886272,2.166934287706201e-05
paired103,16,NRAS,ras_gtpases,0.9833226428698674,2.2469075464514248,4.673350034734014e-05
paired103,16,RALA,ras_gtpases,-0.3783953812170834,0.1239342504641702,3.682974305529996e-06
paired103,16,RALB,ras_gtpases,-0.6573407424662451,0.2884902013718937,1.3227154926021e-05
paired103,16,RAP1A,ras_gtpases,-0.3939598202929557,0.1799240046601966,7.653475773805596e-06
paired103,16,RAP1B,ras_gtpases,0.2169461905777805,0.6334292008814105,0.0001070063468698
paired103,16,RAP2A,ras_gtpases,0.7365905123365502,0.3642160647154131,1.6981571515195526e-05
paired103,16,RAP2B,ras_gtpases,-0.9199001333053752,0.5299646904735068,1.2087433152840887e-05
paired103,16,RAP2C,ras_gtpases,0.2457393462948197,0.1225221004265289,3.947348920951832e-06
paired103,16,RASD2,ras_gtpases,-0.0286317397346299,0.3388321039690149,3.210310682411066e-05
paired103,16,RASL10A,ras_gtpases,-0.0088681975700388,0.3725900239234649,3.884757219430046e-05
paired103,16,RASL10B,ras_gtpases,0.0050322432698701,0.141211140247264,5.580271014160587e-06
paired103,16,RERGL,ras_gtpases,0.2426876514921584,0.4760921284787572,5.96979124667385e-05
paired103,16,RHEB,ras_gtpases,0.4917127194281419,0.1642304676774013,5.723086302311664e-06
paired103,16,CYP20A1,cytochrome_p450,0.535465808610243,0.3851143190932823,2.9605387875109024e-05
paired103,16,CYP26B1,cytochrome_p450,-0.0960635175470039,0.2459772122215491,1.6776222925729556e-05
paired103,16,CYP8B1,cytochrome_p450,-0.4274167714590861,0.793766266606969,0.0001441229523658
paired103,16,PTGIS,cytochrome_p450,0.2153482503824755,0.384230968678679,3.940017336845347e-05
paired103,16,ARF1,arf_gtpase,-0.4326713647019282,0.3727487829220582,3.160441634619815e-05
paired103,16,ARF3,arf_gtpase,-0.7892942477879558,0.2519583899406543,6.697988833459512e-06
paired103,16,ARF5,arf_gtpase,0.9775448227119232,6.151828083719317,0.0004704143096778
paired103,16,ARF6,arf_gtpase,0.1879581800369958,0.1719853509174475,7.985302156177099e-06
paired103,16,ARL1,arf_gtpase,-0.3712307809725715,0.1978474229213837,9.44477966857704e-06
paired103,16,ARL13B,arf_gtpase,0.7663648852732433,0.3307488356955361,1.2634122655952318e-05
paired103,16,ARL3,arf_gtpase,0.1969925077690021,0.1643855843666787,7.2688754205740835e-06
paired103,16,ARL4A,arf_gtpase,0.1052594192250361,0.3287122198893302,2.990382277179293e-05
paired103,16,ARL5A,arf_gtpase,0.5431897962105217,0.2093716380070252,8.648083550055752e-06
paired103,16,ARL5B,arf_gtpase,0.9682094099929368,8.9916559188848,0.0014167204245276
paired103,16,ARL5C,arf_gtpase,-0.7241047369858932,0.4825216476073216,3.09938396307885e-05
paired103,16,ARL6,arf_gtpase,0.948324994060744,1.5831876695324056,7.062349869113582e-05
paired103,16,ARL8A,arf_gtpase,0.0386631380528575,0.1617443181212225,7.310332431176292e-06
paired103,16,ARL8B,arf_gtpase,0.2396896880173689,0.1632069767281654,7.026029891332719e-06
paired103,16,SAR1A,arf_gtpase,0.9745523752401744,3.8576376710116382,0.000209281762315
paired103,16,TRIM23,arf_gtpase,0.9548179805668048,2.290914435864273,0.0001297313778557
paired103,16,CDC42,rho_gtpase,-0.3499325814523415,0.2556271830157628,1.6047788439443877e-05
paired103,16,RHOA,rho_gtpase,-0.4042037808101417,0.232798795275085,1.268876199933544e-05
paired103,16,RHOB,rho_gtpase,0.8844433858685691,0.3528336891537051,7.586593237407513e-06
paired103,16,RHOBTB1,rho_gtpase,-0.6757417950370247,0.2220486660295148,7.497616090756942e-06
paired103,16,RHOG,rho_gtpase,0.1362308978886382,0.1840030402115438,9.299153888475686e-06
paired103,16,RHOQ,rho_gtpase,0.9736970605951608,7.119210181062892,0.0007366065021324
paired103,16,RND1,rho_gtpase,-0.5232235023845968,0.3429586545316931,2.3905308547345072e-05
paired103,16,RND3,rho_gtpase,-0.0138835940590075,0.1585252197586189,7.031398186585491e-06
paired103,17,HOXA1,hox,-0.2377551183882353,0.3691437098291104,3.795326466016213e-05
paired103,17,HOXA10,hox,-0.3546795515918735,0.4787495730838136,5.9151035395554885e-05
paired103,17,HOXA13,hox,0.912159483573844,0.790700084099684,3.10005928003676e-05
paired103,17,HOXA3,hox,-0.7619470553594783,0.8213354345870247,8.353074894962287e-05
paired103,17,HOXA4,hox,0.94827977034706,3.452425857467033,0.0003546158985285
paired103,17,HOXA5,hox,-0.2402259378452792,0.2819015345466016,2.210577055139496e-05
paired103,17,HOXA6,hox,-0.5259747956922126,0.4031936918087356,3.471398686705207e-05
paired103,17,HOXA7,hox,-0.8334408987708241,0.7227544023612483,4.709206185127268e-05
paired103,17,HOXB2,hox,-0.6096643980511381,0.6133821909770185,6.978654325917599e-05
paired103,17,HOXB4,hox,-0.8523343641165723,1.0653660124712456,9.16509785008346e-05
paired103,17,HOXB5,hox,-0.6040319204934935,0.56198191225557,5.921768467920252e-05
paired103,17,HOXB7,hox,-0.858502933912359,0.7291762172199536,4.127673569431778e-05
paired103,17,HOXB8,hox,0.1906219805825869,0.2617149725860721,1.948531253581632e-05
paired103,17,HOXB9,hox,-0.0046096460194868,0.264815888244361,2.07016064341925e-05
paired103,17,HOXC11,hox,-0.1379701204022708,0.4440641590258785,5.710547232717911e-05
paired103,17,HOXC12,hox,0.717240877909194,0.4199276822740462,2.5276855520672825e-05
paired103,17,HOXC4,hox,0.6320297861579363,0.5105273625559852,4.620718718750805e-05
paired103,17,HOXC5,hox,-0.2022802965480748,0.8750665105938846,0.0002168233077777
paired103,17,HOXC6,hox,0.3523630244631519,0.3548449498771864,3.255591873407848e-05
paired103,17,HOXC8,hox,0.6567846740944072,0.5981757001987181,6.006535141311886e-05
paired103,17,HOXC9,hox,-0.3357203252727428,0.7142258458120662,0.000133624885141
paired103,17,HOXD10,hox,-0.3967931704263356,0.2794756983947757,1.942725212467078e-05
paired103,17,HOXD11,hox,-0.6453745012034072,1.258386633655702,0.0002727990552299
paired103,17,HOXD12,hox,-0.071638536676884,0.5622891134325242,9.28593515743259e-05
paired103,17,HOXD13,hox,-0.8123462602377591,1.350369026797998,0.0001830896523118
paired103,17,HOXD4,hox,-0.9141403304346304,1.7644503717206166,0.0001510550986556
paired103,17,RAB10,rab_gtpase,0.9587804773069236,2.016338013456384,9.690744634849312e-05
paired103,17,RAB11A,rab_gtpase,0.0570732420320764,0.3582552506108014,3.7765659530841766e-05
paired103,17,RAB14,rab_gtpase,-0.0491395113606953,0.1863741465950003,1.0229262094485492e-05
paired103,17,RAB15,rab_gtpase,-0.0329916231246677,0.2109177576916686,1.3118279520774044e-05
paired103,17,RAB18,rab_gtpase,0.024206914406972,0.1718278612952418,8.710743092055218e-06
paired103,17,RAB1A,rab_gtpase,-0.1045614472457356,0.2182230726495363,1.390435113324262e-05
paired103,17,RAB1B,rab_gtpase,-0.2575735610761605,0.1683542343910639,7.811911541755201e-06
paired103,17,RAB20,rab_gtpase,-0.9432836296557046,2.509347391179785,0.0002048950179726
paired103,17,RAB22A,rab_gtpase,0.948861436896948,5.649363200346414,0.0009394057592159
paired103,17,RAB23,rab_gtpase,-0.328711834425668,0.2314718166711437,1.4107816512010096e-05
paired103,17,RAB24,rab_gtpase,0.1431738175649832,0.3810885325241002,4.199393606352242e-05
paired103,17,RAB25,rab_gtpase,0.2825160052777948,0.4040133298884629,4.434010660392396e-05
paired103,17,RAB27A,rab_gtpase,-0.8317063600390143,0.4682359438660637,1.9951616677782447e-05
paired103,17,RAB27B,rab_gtpase,-0.4872284805027342,0.1945799039582664,8.523542168181741e-06
paired103,17,RAB29,rab_gtpase,0.8840678589429947,17.63468685300704,0.0202571252535698
paired103,17,RAB2B,rab_gtpase,-0.1757196226173056,0.2340311366321799,1.566931888352663e-05
paired103,17,RAB30,rab_gtpase,-0.9658462305787112,11.768824610940294,0.0027489852996941
paired103,17,RAB34,rab_gtpase,0.3254398958808646,0.248048314310551,1.6239680541985102e-05
paired103,17,RAB35,rab_gtpase,0.0161199549496493,0.1118462017760211,3.6919101213950256e-06
paired103,17,RAB36,rab_gtpase,0.100778709735528,0.3882905028350917,4.405654239747481e-05
paired103,17,RAB38,rab_gtpase,-0.8472480149050574,0.5465545772394166,2.488314388948698e-05
paired103,17,RAB39B,rab_gtpase,0.8578963951591668,1.3408016798796356,0.0001401221559793
paired103,17,RAB3A,rab_gtpase,-0.4808834363748595,0.2397473351425109,1.304418279668429e-05
paired103,17,RAB3C,rab_gtpase,-0.7323876938042377,0.6181960230814433,5.230408957179744e-05
paired103,17,RAB3D,rab_gtpase,0.7123368419778352,0.3366022560058361,1.647524083847607e-05
paired103,17,RAB4A,rab_gtpase,-0.0338372683797833,0.2687238019489765,2.129315738741422e-05
paired103,17,RAB5A,rab_gtpase,0.8588010279582006,0.8101323312204711,5.085200902099629e-05
paired103,17,RAB5B,rab_gtpase,-0.0475411100204709,0.2926687850201478,2.522878337263279e-05
paired103,17,RAB6A,rab_gtpase,0.7791270089888275,2.35758209035452,0.000644976653655
paired103,17,RAB6B,rab_gtpase,-0.1311736322374291,0.2682304223465834,2.087389863392186e-05
paired103,17,RAB7B,rab_gtpase,0.942151174338382,1.103622226896929,4.039689010870706e-05
paired103,17,RAB8A,rab_gtpase,-0.0129840297063581,0.1907329786745381,1.0737455995779577e-05
paired103,17,RAB9A,rab_gtpase,-0.6770017435798447,0.2581362403756432,1.0655029869521826e-05
paired103,17,RAB9B,rab_gtpase,-0.876624725380672,0.608527993723435,2.5310043429982443e-05
paired103,17,RASEF,rab_gtpase,0.5100129126769661,0.2932246607113739,1.8779804370039344e-05
paired103,17,DIRAS1,ras_gtpases,-0.0036528845614936,0.3090472316822127,2.8194912267798244e-05
paired103,17,NRAS,ras_gtpases,0.97209076011399,2.1430011899160064,7.462023970561393e-05
paired103,17,RALA,ras_gtpases,-0.3230747692536108,0.1397740149394053,5.165350497438048e-06
paired103,17,RALB,ras_gtpases,-0.5721143150198116,0.3153426114185799,1.974704845564279e-05
paired103,17,RAP1A,ras_gtpases,-0.3229095059006667,0.1957271685391542,1.0129825990023988e-05
paired103,17,RAP1B,ras_gtpases,0.2057634137287304,0.7448530525190379,0.0001568584654912
paired103,17,RAP2A,ras_gtpases,0.6972296548047557,0.3704946720995109,2.0822990822844112e-05
paired103,17,RAP2B,ras_gtpases,-0.8551997077158208,0.5380292687577793,2.295607310454084e-05
paired103,17,RAP2C,ras_gtpases,0.1522198365056277,0.1555790169070825,6.9797981684383e-06
paired103,17,RASD2,ras_gtpases,0.0142042397200391,0.3914396942623932,4.522437982656946e-05
paired103,17,RASL10A,ras_gtpases,-0.0516144153968865,0.4657002071001798,6.38541175849161e-05
paired103,17,RASL10B,ras_gtpases,-0.0105816656184845,0.1643770822907285,7.975470996179901e-06
paired103,17,RERGL,ras_gtpases,0.2625075492996406,0.5224458190722236,7.502587610019873e-05
paired103,17,RHEB,ras_gtpases,0.4396194125096824,0.1662282725286839,6.580557577628987e-06
paired103,17,CYP20A1,cytochrome_p450,0.5012850210604206,0.4432448242248467,4.342432179671452e-05
paired103,17,CYP26B1,cytochrome_p450,-0.0028700992319408,0.2853462066151892,2.4036241203173603e-05
paired103,17,CYP8B1,cytochrome_p450,-0.3785565424829861,0.8731661368693663,0.0001928335306667
paired103,17,PTGIS,cytochrome_p450,0.1577834702356252,0.4232936746446615,5.1578245879202456e-05
paired103,17,ARF1,arf_gtpase,-0.3642266779497287,0.5053910452709021,6.540016290546014e-05
paired103,17,ARF3,arf_gtpase,-0.6744926925948257,0.2831006136693647,1.2895824846093085e-05
paired103,17,ARF5,arf_gtpase,0.9620006024972908,6.045529689473876,0.0008047111973918
paired103,17,ARF6,arf_gtpase,0.1879848990083964,0.2113323166338379,1.2718336758976712e-05
paired103,17,ARL1,arf_gtpase,-0.3216636926711409,0.2347943703839797,1.459033471140625e-05
paired103,17,ARL13B,arf_gtpase,0.7093415768247345,0.3947475717572126,2.285474454222225e-05
paired103,17,ARL3,arf_gtpase,0.1068087616071133,0.1725564559777129,8.689645497383935e-06
paired103,17,ARL4A,arf_gtpase,0.0506861017678299,0.3723208969797196,4.081757687401932e-05
paired103,17,ARL5A,arf_gtpase,0.4534613521402759,0.2415705808896734,1.3684726744345175e-05
paired103,17,ARL5B,arf_gtpase,0.947617752782712,8.849892861725639,0.0023615529574982
paired103,17,ARL5C,arf_gtpase,-0.6952872444812997,0.4885760989761791,3.640214484823545e-05
paired103,17,ARL6,arf_gtpase,0.921591527232167,1.604176666407738,0.0001144653449066
paired103,17,ARL8A,arf_gtpase,0.0830618879603177,0.1892237276118461,1.0497054917846247e-05
paired103,17,ARL8B,arf_gtpase,0.2185338745941862,0.1936858945908101,1.0545489567581612e-05
paired103,17,SAR1A,arf_gtpase,0.9589714770186206,3.8026704427445264,0.0003431520510819
paired103,17,TRIM23,arf_gtpase,0.907421991125084,2.2461599336072906,0.0002630351568662
paired103,17,CDC42,rho_gtpase,-0.2960013402352637,0.3236549394851035,2.821425539578648e-05
paired103,17,RHOA,rho_gtpase,-0.3299151049755722,0.3015413305697652,2.392066999667985e-05
paired103,17,RHOB,rho_gtpase,0.8289434590970319,0.3800463973741667,1.3339415692703582e-05
paired103,17,RHOBTB1,rho_gtpase,-0.6071468889146361,0.2574180502494193,1.235057417670049e-05
paired103,17,RHOG,rho_gtpase,0.180691010017181,0.218021195676771,1.3573913056674767e-05
paired103,17,RHOQ,rho_gtpase,0.9559251751443048,7.0435107947665045,0.0012633285781907
paired103,17,RND1,rho_gtpase,-0.4137587218315742,0.3948420894754376,3.814411670000073e-05
paired103,17,RND3,rho_gtpase,-0.1560020648060464,0.1866445138318784,1.0033520337349168e-05
paired103,18,HOXA1,hox,-0.2393154240302059,0.3741511610899378,3.921103800730297e-05
paired103,18,HOXA10,hox,-0.344509247656643,0.4841542132520461,6.138048101633764e-05
paired103,18,HOXA13,hox,0.907358530817996,0.7892464590080304,3.270312997372127e-05
paired103,18,HOXA3,hox,-0.7543290740823334,0.8205619137689198,8.622345532127706e-05
paired103,18,HOXA4,hox,0.9464801856211472,3.431844490905897,0.0003646012306834
paired103,18,HOXA5,hox,-0.2311120084179388,0.2874746597907042,2.324256183205975e-05
paired103,18,HOXA6,hox,-0.5100676725269632,0.4077677393781597,3.654982783862781e-05
paired103,18,HOXA7,hox,-0.8236443448895598,0.7222169501625539,4.9841932956873336e-05
paired103,18,HOXB2,hox,-0.5941749770793056,0.6153359633497154,7.278374134744858e-05
paired103,18,HOXB4,hox,-0.8455304059552984,1.0629042850093875,9.569571048029246e-05
paired103,18,HOXB5,hox,-0.5923930987391397,0.5640212845011476,6.135010196528512e-05
paired103,18,HOXB7,hox,-0.8525997104775862,0.7363867826473993,4.3996752022490426e-05
paired103,18,HOXB8,hox,0.1781412943275754,0.2646798661087103,2.015393678911348e-05
paired103,18,HOXB9,hox,-0.0488597186421177,0.2697348484586697,2.156552061116645e-05
paired103,18,HOXC11,hox,-0.1112510487004283,0.4417765542157695,5.72701358212413e-05
paired103,18,HOXC12,hox,0.7186927767873063,0.4270351395681852,2.619577283347052e-05
paired103,18,HOXC4,hox,0.6214219110704371,0.5141025021365059,4.820372271518991e-05
paired103,18,HOXC5,hox,-0.1848327936869915,0.877579417396239,0.0002210262148691
paired103,18,HOXC6,hox,0.3622240034087439,0.3617980147152317,3.378901717965288e-05
paired103,18,HOXC8,hox,0.6878760717007584,0.6037820451750364,5.706365234681154e-05
paired103,18,HOXC9,hox,-0.3101336702465262,0.6886638061904512,0.0001273625941393
paired103,18,HOXD10,hox,-0.3809067870282412,0.2812635955610596,2.009421218840401e-05
paired103,18,HOXD11,hox,-0.6374975481285783,1.259712623652639,0.0002799074900604
paired103,18,HOXD12,hox,-0.0712101289242674,0.5702811018389969,9.614133388491376e-05
paired103,18,HOXD13,hox,-0.8083010479848499,1.3363340351938715,0.0001839414649525
paired103,18,HOXD4,hox,-0.9093378985943402,1.7590111946824056,0.0001591473844652
paired103,18,RAB10,rab_gtpase,0.9567095441852046,2.0079803012472404,0.0001014795702354
paired103,18,RAB11A,rab_gtpase,0.0466148249364694,0.3666905922252602,3.986416150325578e-05
paired103,18,RAB14,rab_gtpase,-0.05933655241402,0.1898464212857455,1.0670739997387102e-05
paired103,18,RAB15,rab_gtpase,-0.0265020310418169,0.2162452707924393,1.38838617096404e-05
paired103,18,RAB18,rab_gtpase,0.0390957273979587,0.1767536094343482,9.268158307040864e-06
paired103,18,RAB1A,rab_gtpase,-0.1109067646774245,0.2243155410807354,1.4766107150787631e-05
paired103,18,RAB1B,rab_gtpase,-0.2565540375238053,0.1707246887521669,8.089918715259437e-06
paired103,18,RAB20,rab_gtpase,-0.9409189335265484,2.4885936145540155,0.0002110224581983
paired103,18,RAB22A,rab_gtpase,0.9467215521296788,5.613851002486349,0.0009716444423917
paired103,18,RAB23,rab_gtpase,-0.3359166548930204,0.2377909526145075,1.4904417500738454e-05
paired103,18,RAB24,rab_gtpase,0.1801026238746717,0.3880957888696948,4.329978108164045e-05
paired103,18,RAB25,rab_gtpase,0.3035829983390076,0.4152869283727277,4.651937187094557e-05
paired103,18,RAB27A,rab_gtpase,-0.8307072365011816,0.476561845071435,2.0913154011759083e-05
paired103,18,RAB27B,rab_gtpase,-0.4894227689494866,0.1997054613482426,9.011154530669252e-06
paired103,18,RAB29,rab_gtpase,0.8808514842451447,17.522291949750095,0.0206563182648162
paired103,18,RAB2B,rab_gtpase,-0.168786657114968,0.2420935427496442,1.691753178989508e-05
paired103,18,RAB30,rab_gtpase,-0.9639657211005288,11.736687974464544,0.0029006166764723
paired103,18,RAB34,rab_gtpase,0.3114631765845331,0.2489917117733295,1.6633200821902783e-05
paired103,18,RAB35,rab_gtpase,0.0070733581488292,0.1167889142900773,4.052299702239637e-06
paired103,18,RAB36,rab_gtpase,0.1058632063082106,0.3932955329859164,4.5443569350545054e-05
paired103,18,RAB38,rab_gtpase,-0.84168254583362,0.5492805671664397,2.613706869181165e-05
paired103,18,RAB39B,rab_gtpase,0.8549909436316728,1.3509249148581484,0.000145864693219
paired103,18,RAB3A,rab_gtpase,-0.4703071977592755,0.2456520580964395,1.396352818350266e-05
paired103,18,RAB3C,rab_gtpase,-0.731410413200652,0.6024497320568999,5.014883887921595e-05
paired103,18,RAB3D,rab_gtpase,0.7072731165125944,0.3484955692221606,1.803363242625089e-05
paired103,18,RAB4A,rab_gtpase,-0.0618301000731922,0.2776251470172614,2.281278192706182e-05
paired103,18,RAB5A,rab_gtpase,0.8532880747251882,0.7937724753045741,5.0901506523759465e-05
paired103,18,RAB5B,rab_gtpase,-0.0332804873027275,0.2984856518127256,2.644177092092637e-05
paired103,18,RAB6A,rab_gtpase,0.7651610136842152,2.384297790901849,0.0007004010658852
paired103,18,RAB6B,rab_gtpase,-0.1694795994390655,0.2718789028116709,2.1331321888085064e-05
paired103,18,RAB7B,rab_gtpase,0.9395202263689172,1.1112252726561993,4.303652534209945e-05
paired103,18,RAB8A,rab_gtpase,-0.0035433483573672,0.1952449635802833,1.1325981588927723e-05
paired103,18,RAB9A,rab_gtpase,-0.661716706331279,0.258462771847477,1.1157197458921964e-05
paired103,18,RAB9B,rab_gtpase,-0.8733904668090016,0.6061501888334052,2.589285805165709e-05
paired103,18,RASEF,rab_gtpase,0.5271708063632403,0.295494579277948,1.873329473267571e-05
paired103,18,DIRAS1,ras_gtpases,0.0193767414262125,0.3122917899375266,2.896566466181749e-05
paired103,18,NRAS,ras_gtpases,0.9713967139706696,2.1479008079210407,7.729552472146572e-05
paired103,18,RALA,ras_gtpases,-0.3191797198947017,0.1445355508443067,5.574503459504498e-06
paired103,18,RALB,ras_gtpases,-0.5582680655589464,0.3185728870526916,2.075593310224555e-05
paired103,18,RAP1A,ras_gtpases,-0.3046899076703697,0.1963079876242309,1.0386834184084036e-05
paired103,18,RAP1B,ras_gtpases,0.1752646336863289,0.7422520662193596,0.000158674353756
paired103,18,RAP2A,ras_gtpases,0.696227800716585,0.3597990667670022,1.98187261123417e-05
paired103,18,RAP2B,ras_gtpases,-0.8495230305697781,0.5390476865337958,2.402749718277697e-05
paired103,18,RAP2C,ras_gtpases,0.1247979935441646,0.1562594652647893,7.14161149495407e-06
paired103,18,RASD2,ras_gtpases,0.0465880150397284,0.3911773624902543,4.5366242349298425e-05
paired103,18,RASL10A,ras_gtpases,-0.0566653008512441,0.4770156392393055,6.73910604480632e-05
paired103,18,RASL10B,ras_gtpases,0.0011117289592343,0.1669107124762917,8.277302887549354e-06
paired103,18,RERGL,ras_gtpases,0.2763011160626442,0.5317387408352111,7.759677512375607e-05
paired103,18,RHEB,ras_gtpases,0.4350616609143045,0.1678759539387488,6.788428322468398e-06
paired103,18,CYP20A1,cytochrome_p450,0.4921623361807789,0.4363988140016465,4.287820339510251e-05
paired103,18,CYP26B1,cytochrome_p450,-0.022572501800156,0.2866837151593508,2.440670631553843e-05
paired103,18,CYP8B1,cytochrome_p450,-0.3662809675547362,0.8736465547370706,0.000196367727364
paired103,18,PTGIS,cytochrome_p450,0.1805933190757859,0.4275700632440455,5.254664316634017e-05
paired103,18,ARF1,arf_gtpase,-0.3414727874754054,0.5094577029065579,6.812489057983484e-05
paired103,18,ARF3,arf_gtpase,-0.6637444554416734,0.2869736034278445,1.368869713591625e-05
paired103,18,ARF5,arf_gtpase,0.96120130563336,6.001251750059089,0.0008145524510253
paired103,18,ARF6,arf_gtpase,0.1805845341649495,0.2145191460211319,1.3226818742828604e-05
paired103,18,ARL1,arf_gtpase,-0.2955461449334147,0.2311752120828752,1.449139777398578e-05
paired103,18,ARL13B,arf_gtpase,0.7079928133733195,0.3838752670985257,2.1836536149399954e-05
paired103,18,ARL3,arf_gtpase,0.0741753719060201,0.1736344991975288,8.908345598412915e-06
paired103,18,ARL4A,arf_gtpase,0.0395245956984292,0.3828056234698255,4.3471661574923104e-05
paired103,18,ARL5A,arf_gtpase,0.4695136206021653,0.2487930286425494,1.433661244421014e-05
paired103,18,ARL5B,arf_gtpase,0.9454629284960556,8.804202842042528,0.0024465021073423
paired103,18,ARL5C,arf_gtpase,-0.6915021077369881,0.4982361956961776,3.848777602266651e-05
paired103,18,ARL6,arf_gtpase,0.9212221702549296,1.587332199068049,0.000113308117426
paired103,18,ARL8A,arf_gtpase,0.0581318689857689,0.1916289072503153,1.0873602915517644e-05
paired103,18,ARL8B,arf_gtpase,0.1817154313290415,0.1907580116747757,1.0454524315917093e-05
paired103,18,SAR1A,arf_gtpase,0.957436354121785,3.7811744785327313,0.0003539777333284
paired103,18,TRIM23,arf_gtpase,0.8995900922326208,2.244419788295384,0.000285512948928
paired103,18,CDC42,rho_gtpase,-0.2763500806422028,0.3217134201347909,2.840285626748429e-05
paired103,18,RHOA,rho_gtpase,-0.3191245424850792,0.302659660100695,2.444483069308223e-05
paired103,18,RHOB,rho_gtpase,0.8288518097371002,0.3907848221930218,1.4201965449545106e-05
paired103,18,RHOBTB1,rho_gtpase,-0.5951077475206952,0.2556298756463953,1.253933763589732e-05
paired103,18,RHOG,rho_gtpase,0.1607107828822268,0.2222238163469973,1.4293518050823018e-05
paired103,18,RHOQ,rho_gtpase,0.9544220299537612,7.006743318522918,0.0013001915335767
paired103,18,RND1,rho_gtpase,-0.409713936767719,0.3971868344738856,3.9004152563970607e-05
paired103,18,RND3,rho_gtpase,-0.1317731950696909,0.1875254664995664,1.0266785697710112e-05
paired103,19,HOXA1,hox,-0.215175146957766,0.3829043861453376,4.161480424080821e-05
paired103,19,HOXA10,hox,-0.351222931399582,0.5040062655323504,6.627584470531023e-05
paired103,19,HOXA13,hox,0.8954969550736812,0.7833696000262957,3.617760650931334e-05
paired103,19,HOXA3,hox,-0.7395992144711665,0.8349514265162817,9.398982392727628e-05
paired103,19,HOXA4,hox,0.9423517932929216,3.452857282931507,0.0003973779435888
paired103,19,HOXA5,hox,-0.2142023354566789,0.299430707935874,2.545930308317512e-05
paired103,19,HOXA6,hox,-0.4764112542836091,0.4249256447790071,4.1541202678963e-05
paired103,19,HOXA7,hox,-0.8139219161177171,0.7265375213222733,5.302588611699744e-05
paired103,19,HOXB2,hox,-0.585632069141814,0.6383314592658921,7.967918220175285e-05
paired103,19,HOXB4,hox,-0.83630624200499,1.063925649594654,0.0001012670804456
paired103,19,HOXB5,hox,-0.583010292476532,0.5781074832591021,6.565790555512763e-05
paired103,19,HOXB7,hox,-0.8421496800904017,0.7478086959770808,4.8395883620933056e-05
paired103,19,HOXB8,hox,0.1761110276279446,0.2707262468385851,2.1136293832380023e-05
paired103,19,HOXB9,hox,-0.0651499964455459,0.2789931829942932,2.3067015509914413e-05
paired103,19,HOXC11,hox,-0.1210325251726135,0.4637495239841041,6.306932430766299e-05
paired103,19,HOXC12,hox,0.68785535340876,0.4308262350010464,2.910370171049781e-05
paired103,19,HOXC4,hox,0.6149435808743602,0.5301220522264563,5.201052869474587e-05
paired103,19,HOXC5,hox,-0.207819548590445,0.924112805657392,0.0002432066682036
paired103,19,HOXC6,hox,0.3862498481058314,0.3924995155255029,3.900913821031082e-05
paired103,19,HOXC8,hox,0.6446858927724829,0.6176996372236538,6.636071122367859e-05
paired103,19,HOXC9,hox,-0.3170599079191909,0.7204831226232578,0.0001389672459236
paired103,19,HOXD10,hox,-0.3668574381574379,0.2882924051977237,2.140633372516021e-05
paired103,19,HOXD11,hox,-0.6345071696224279,1.3265848149167665,0.0003129321645365
paired103,19,HOXD12,hox,-0.0699902512425159,0.5826733526397273,0.0001005509045131
paired103,19,HOXD13,hox,-0.8020459662839292,1.3594828556050684,0.0001962306374569
paired103,19,HOXD4,hox,-0.9052394431304452,1.7554134407511597,0.0001655840403063
paired103,19,RAB10,rab_gtpase,0.9535021024263188,2.0235569737989776,0.000110700255306
paired103,19,RAB11A,rab_gtpase,0.0537903049406634,0.3914524029594211,4.547324056070057e-05
paired103,19,RAB14,rab_gtpase,-0.025275640965681,0.199163332987802,1.179750860258455e-05
paired103,19,RAB15,rab_gtpase,-0.0089878102587911,0.2229610667937654,1.4793560311865406e-05
paired103,19,RAB18,rab_gtpase,0.0686975247274167,0.1816561615344201,9.774497964132324e-06
paired103,19,RAB1A,rab_gtpase,-0.1088529052578348,0.2319578512971065,1.5823094992484243e-05
paired103,19,RAB1B,rab_gtpase,-0.2464291105780661,0.1738712707100082,8.450758656075585e-06
paired103,19,RAB20,rab_gtpase,-0.9382323755379384,2.4851986944346707,0.0002200813694788
paired103,19,RAB22A,rab_gtpase,0.9440569121854596,5.618738947213033,0.0010223549106944
paired103,19,RAB23,rab_gtpase,-0.2988362606998381,0.2453302448067307,1.6312709068988518e-05
paired103,19,RAB24,rab_gtpase,0.1786535285654923,0.4045839792678106,4.716139813409903e-05
paired103,19,RAB25,rab_gtpase,0.2766797801867905,0.4309831417771239,5.104941240630101e-05
paired103,19,RAB27A,rab_gtpase,-0.8161658714734636,0.4827659045686179,2.315828378363083e-05
paired103,19,RAB27B,rab_gtpase,-0.4792900994151041,0.2086135686760118,9.976609375073052e-06
paired103,19,RAB29,rab_gtpase,0.8743299326778949,17.557923399104812,0.0218494929737765
paired103,19,RAB2B,rab_gtpase,-0.1758624210491794,0.2554354694465933,1.8817816587302083e-05
paired103,19,RAB30,rab_gtpase,-0.9621860923520238,11.76110815130628,0.0030591413420673
paired103,19,RAB34,rab_gtpase,0.3175775793569741,0.2650097404931392,1.8793330376354334e-05
paired103,19,RAB35,rab_gtpase,0.0120866302273842,0.1203042466730145,4.306712817037095e-06
paired103,19,RAB36,rab_gtpase,0.0745241260123024,0.4238167612044281,5.316129898369493e-05
paired103,19,RAB38,rab_gtpase,-0.8331369794976137,0.5531449900422876,2.78538700498876e-05
paired103,19,RAB39B,rab_gtpase,0.8437197806782534,1.3476307645891497,0.0001557475031801
paired103,19,RAB3A,rab_gtpase,-0.4383131227091271,0.2504330633723011,1.5079288062769258e-05
paired103,19,RAB3C,rab_gtpase,-0.7198886023761872,0.6268914198820392,5.634747990135303e-05
paired103,19,RAB3D,rab_gtpase,0.7010452942426814,0.3649727628000098,2.01601180435107e-05
paired103,19,RAB4A,rab_gtpase,-0.0842927048216296,0.2924730934753565,2.527708838795384e-05
paired103,19,RAB5A,rab_gtpase,0.8465396908208174,0.804402228142536,5.457071031156335e-05
paired103,19,RAB5B,rab_gtpase,-0.0217290886686195,0.3176981086316915,3.002459703826954e-05
paired103,19,RAB6A,rab_gtpase,0.7499979861284112,2.4168851622589336,0.000760860166706
paired103,19,RAB6B,rab_gtpase,-0.1679618530259488,0.2787593895900341,2.247409940525636e-05
paired103,19,RAB7B,rab_gtpase,0.9346385454969064,1.107583271610049,4.616691513437132e-05
paired103,19,RAB8A,rab_gtpase,0.0087223368344095,0.2020777764350385,1.2152152661037974e-05
paired103,19,RAB9A,rab_gtpase,-0.6448471623377485,0.2623135609251292,1.1962761207073846e-05
paired103,19,RAB9B,rab_gtpase,-0.8647395668823193,0.6061732610563726,2.7582587892038823e-05
paired103,19,RASEF,rab_gtpase,0.4955119589921998,0.2982617818261985,1.9975001952943217e-05
paired103,19,DIRAS1,ras_gtpases,0.0039947668204634,0.3262193177608329,3.1671294015489515e-05
paired103,19,NRAS,ras_gtpases,0.9690176177998971,2.1398354372138835,8.313611468835358e-05
paired103,19,RALA,ras_gtpases,-0.3070335612549604,0.1505860630864077,6.112464330021439e-06
paired103,19,RALB,ras_gtpases,-0.5362235346062298,0.3185661741283958,2.151858072918511e-05
paired103,19,RAP1A,ras_gtpases,-0.3138703176182297,0.2050509255935385,1.1280572406513478e-05
paired103,19,RAP1B,ras_gtpases,0.1903188865676095,0.7863952692186865,0.0001773961343094
paired103,19,RAP2A,ras_gtpases,0.6872134398648488,0.3757466466536397,2.217479753241492e-05
paired103,19,RAP2B,ras_gtpases,-0.8413680116624589,0.5402618215896048,2.537417554859811e-05
paired103,19,RAP2C,ras_gtpases,0.139747178148903,0.1639891140538421,7.847166828667262e-06
paired103,19,RASD2,ras_gtpases,0.0465693762750355,0.4056014110610498,4.885546533239804e-05
paired103,19,RASL10A,ras_gtpases,-0.0653903212438128,0.5004539182195619,7.42215188149764e-05
paired103,19,RASL10B,ras_gtpases,0.0242275990697007,0.1729203426155063,8.893764416151306e-06
paired103,19,RERGL,ras_gtpases,0.229792052633429,0.5698219279802703,9.153440886866536e-05
paired103,19,RHEB,ras_gtpases,0.4425520233475665,0.1749177001151238,7.3223662154786595e-06
paired103,19,CYP20A1,cytochrome_p450,0.4957002095324875,0.4593581662346561,4.736886973644161e-05
paired103,19,CYP26B1,cytochrome_p450,0.0007391643978976,0.2948152708419403,2.5867344167207484e-05
paired103,19,CYP8B1,cytochrome_p450,-0.3641822121661182,0.889408676401993,0.0002042201725134
paired103,19,PTGIS,cytochrome_p450,0.1683647488767956,0.4426094599970426,5.6651515442984746e-05
paired103,19,ARF1,arf_gtpase,-0.3427421630724634,0.5354914106808438,7.531756726220085e-05
paired103,19,ARF3,arf_gtpase,-0.6318176702573863,0.2916662178971389,1.5210960803813124e-05
paired103,19,ARF5,arf_gtpase,0.9589165481295466,5.9939652206336245,0.000860884301663
paired103,19,ARF6,arf_gtpase,0.1758326939687748,0.22641290353503,1.4784715905213908e-05
paired103,19,ARL1,arf_gtpase,-0.28781217304714,0.2383084548037152,1.5501575885701335e-05
paired103,19,ARL13B,arf_gtpase,0.6990962140715495,0.4007303478252473,2.4434412862262e-05
paired103,19,ARL3,arf_gtpase,0.0798398552495912,0.1796070069850431,9.539330706465066e-06
paired103,19,ARL4A,arf_gtpase,0.0321397357413307,0.4155616409193048,5.134282054752859e-05
paired103,19,ARL5A,arf_gtpase,0.4664848444894753,0.2621800027756857,1.6005655091855253e-05
paired103,19,ARL5B,arf_gtpase,0.9427246123241052,8.804630945757996,0.00257043500059
paired103,19,ARL5C,arf_gtpase,-0.6594423957664445,0.50145261690042,4.2292977600166815e-05
paired103,19,ARL6,arf_gtpase,0.9177695088192604,1.601231149962621,0.000120339997287
paired103,19,ARL8A,arf_gtpase,0.0819928636004132,0.2016321355003352,1.201819022922379e-05
paired103,19,ARL8B,arf_gtpase,0.1859868657259491,0.2003600413373957,1.1534068666940732e-05
paired103,19,SAR1A,arf_gtpase,0.954800245712454,3.793231704400575,0.0003784302950083
paired103,19,TRIM23,arf_gtpase,0.8970669807573084,2.2572498705446904,0.0002961470927598
paired103,19,CDC42,rho_gtpase,-0.2775367241006771,0.338390591444717,3.1454230819183415e-05
paired103,19,RHOA,rho_gtpase,-0.314192208429507,0.3201323750077426,2.7489888381304617e-05
paired103,19,RHOB,rho_gtpase,0.8227750929100882,0.3960269711443137,1.5078465847806475e-05
paired103,19,RHOBTB1,rho_gtpase,-0.5966655916661164,0.266981397666449,1.366125888624392e-05
paired103,19,RHOG,rho_gtpase,0.1577121248358453,0.2336690764303376,1.5845777980971754e-05
paired103,19,RHOQ,rho_gtpase,0.9513513959786206,7.0202156317394655,0.0013933362805995
paired103,19,RND1,rho_gtpase,-0.3978239525645492,0.4154747851103615,4.324353610962728e-05
paired103,19,RND3,rho_gtpase,-0.1112240308181625,0.1954059852175581,1.122324904578864e-05
paired103,20,HOXA1,hox,-0.2215807668889745,0.3967131800267749,4.66364644740036e-05
paired103,20,HOXA10,hox,-0.3084642984185282,0.5284553566581569,7.874748303682289e-05
paired103,20,HOXA13,hox,0.8897205133790813,0.7840283398344312,3.992004232800106e-05
paired103,20,HOXA3,hox,-0.6966227980394832,0.8792884785350251,0.0001240179148328
paired103,20,HOXA4,hox,0.9175519620465288,3.4503305235001367,0.0005866820094655
paired103,20,HOXA5,hox,-0.1985511351125887,0.3242642653895533,3.1474866134861834e-05
paired103,20,HOXA6,hox,-0.4326243317844517,0.4563868906840989,5.276030512424423e-05
paired103,20,HOXA7,hox,-0.7834895736109007,0.7388579860172372,6.569194002725709e-05
paired103,20,HOXB2,hox,-0.527449417023829,0.66621416061808,9.9836886401361e-05
paired103,20,HOXB4,hox,-0.8069975964647895,1.076007897230311,0.0001258360347795
paired103,20,HOXB5,hox,-0.5386374467010386,0.6124746681405607,8.298496425296342e-05
paired103,20,HOXB7,hox,-0.7952797824843221,0.7823805192941193,7.010849497246507e-05
paired103,20,HOXB8,hox,0.1422616185895772,0.2882483080285116,2.5367984244129005e-05
paired103,20,HOXB9,hox,-0.0520332702007453,0.2944777520752566,2.695006950059753e-05
paired103,20,HOXC11,hox,-0.1246174807455078,0.5285716786466942,8.571475354890445e-05
paired103,20,HOXC12,hox,0.6479791355220249,0.4468591302889023,3.609904508361517e-05
paired103,20,HOXC4,hox,0.5800455682771343,0.5573286074203824,6.422955140683584e-05
paired103,20,HOXC5,hox,-0.202524491149604,1.0477253241721811,0.0003280982450676
paired103,20,HOXC6,hox,0.3430466418073719,0.3985729188653606,4.367945193761713e-05
paired103,20,HOXC8,hox,0.5752295237729221,0.6465815042524635,8.717463547824877e-05
paired103,20,HOXC9,hox,-0.2968699058640893,0.7801564607702544,0.0001729655320611
paired103,20,HOXD10,hox,-0.3540946717322677,0.3092939815752642,2.607311893709774e-05
paired103,20,HOXD11,hox,-0.5815916521765897,1.3625630039657202,0.0003829283666952
paired103,20,HOXD12,hox,-0.0807632808424158,0.6436024182544982,0.0001282471190651
paired103,20,HOXD13,hox,-0.7554358112726196,1.4089146937771273,0.0002656020253445
paired103,20,HOXD4,hox,-0.8831654736387954,1.747124327567502,0.0002093048292366
paired103,20,RAB10,rab_gtpase,0.9334236944026356,2.009140467272831,0.0001619306219869
paired103,20,RAB11A,rab_gtpase,0.0385254981565019,0.4471087071881057,6.220441170545765e-05
paired103,20,RAB14,rab_gtpase,-0.0133178341596208,0.2187648453805583,1.4911033962339282e-05
paired103,20,RAB15,rab_gtpase,0.0162302640048001,0.2590455417833486,2.090589938619214e-05
paired103,20,RAB18,rab_gtpase,0.0557309667476982,0.1917422400789082,1.1421248232834635e-05
paired103,20,RAB1A,rab_gtpase,-0.0861685923827267,0.2534968842295292,1.9876475489621903e-05
paired103,20,RAB1B,rab_gtpase,-0.2136076790987311,0.1968504052666141,1.1524423190856226e-05
paired103,20,RAB20,rab_gtpase,-0.9129548916641405,2.492185032529908,0.0003223340276601
paired103,20,RAB22A,rab_gtpase,0.9151331188103904,5.617141138379107,0.0015993436950627
paired103,20,RAB23,rab_gtpase,-0.2862494685688613,0.2556858603134678,1.8703187463553483e-05
paired103,20,RAB24,rab_gtpase,0.1663048710519735,0.453881691892285,6.242301310233067e-05
paired103,20,RAB25,rab_gtpase,0.2316179366248821,0.4872402827044675,7.001341944112838e-05
paired103,20,RAB27A,rab_gtpase,-0.7747246200665393,0.5016505917615194,3.135311244584216e-05
paired103,20,RAB27B,rab_gtpase,-0.4016948553166522,0.2150249555599042,1.2083230567450087e-05
paired103,20,RAB29,rab_gtpase,0.8083632290093724,17.58538831780419,0.0339731230160839
paired103,20,RAB2B,rab_gtpase,-0.1328247870724167,0.2909612926434703,2.5916249386082058e-05
paired103,20,RAB30,rab_gtpase,-0.9445174703052738,11.900939804096398,0.0047730369913021
paired103,20,RAB34,rab_gtpase,0.2700069511969412,0.2730258140435379,2.153591901887797e-05
paired103,20,RAB35,rab_gtpase,-0.0016816551047299,0.1334812135443383,5.552221190030515e-06
paired103,20,RAB36,rab_gtpase,0.0265407237330832,0.4782571991496407,7.122934645531487e-05
paired103,20,RAB38,rab_gtpase,-0.8028476596922792,0.5664024050886624,3.5534102441836524e-05
paired103,20,RAB39B,rab_gtpase,0.7943531536672834,1.3676428994264536,0.000215104059701
paired103,20,RAB3A,rab_gtpase,-0.3765119554326755,0.2747826572672122,2.0193780443933385e-05
paired103,20,RAB3C,rab_gtpase,-0.6498147955148389,0.6921300562020278,8.624891163211412e-05
paired103,20,RAB3D,rab_gtpase,0.6595483683129442,0.3873737571618086,2.642031264254996e-05
paired103,20,RAB4A,rab_gtpase,-0.0385903576596597,0.3357756332005643,3.5082070772740614e-05
paired103,20,RAB5A,rab_gtpase,0.8012256659857685,0.8295919150432165,7.67892842233886e-05
paired103,20,RAB5B,rab_gtpase,-0.0033077647409516,0.3818564334969852,4.543932049938526e-05
paired103,20,RAB6A,rab_gtpase,0.6694879533363242,2.544811860123484,0.0011141673772058
paired103,20,RAB6B,rab_gtpase,-0.1158792219660512,0.3259337588672518,3.266036694105079e-05
paired103,20,RAB7B,rab_gtpase,0.920689237479378,1.0964287473091854,5.706751176326463e-05
paired103,20,RAB8A,rab_gtpase,-0.0167754660508281,0.2292678590767466,1.6375484609976176e-05
paired103,20,RAB9A,rab_gtpase,-0.6232495625804673,0.2847737667723771,1.545499483845969e-05
paired103,20,RAB9B,rab_gtpase,-0.8176186029393108,0.6232665453495959,4.012972028721862e-05
paired103,20,RASEF,rab_gtpase,0.4632343710709326,0.3129466469559187,2.3970157748021137e-05
paired103,20,DIRAS1,ras_gtpases,0.011312138635405,0.3677709336455017,4.2143914023462514e-05
paired103,20,NRAS,ras_gtpases,0.9609341436032338,2.0972614453283525,0.0001050061644787
paired103,20,RALA,ras_gtpases,-0.2751155831603816,0.1669547063573544,8.028675062776713e-06
paired103,20,RALB,ras_gtpases,-0.485830619506319,0.3491990131696329,2.903048707603162e-05
paired103,20,RAP1A,ras_gtpases,-0.2916914468862217,0.2305653244466869,1.5156503902491458e-05
paired103,20,RAP1B,ras_gtpases,0.1611228542342949,0.9245644008448716,0.0002594978194635
paired103,20,RAP2A,ras_gtpases,0.6367462178321223,0.3698327160328791,2.5341606131323857e-05
paired103,20,RAP2B,ras_gtpases,-0.7991831943605566,0.555158610842395,3.470113065084934e-05
paired103,20,RAP2C,ras_gtpases,0.1170868416019965,0.1797447242919017,9.92992287118799e-06
paired103,20,RASD2,ras_gtpases,0.0690156190885067,0.4448677644296785,6.138017724477418e-05
paired103,20,RASL10A,ras_gtpases,-0.0333998417947875,0.5582014086745064,9.699395321183246e-05
paired103,20,RASL10B,ras_gtpases,0.0122116233695197,0.1882845337519306,1.1045704322310002e-05
paired103,20,RERGL,ras_gtpases,0.1911921709145335,0.6419825867055812,0.0001237448216767
paired103,20,RHEB,ras_gtpases,0.4004057083550349,0.1809109185294043,8.563854260401627e-06
paired103,20,CYP20A1,cytochrome_p450,0.4468307866002184,0.4992831855529658,6.217411526443506e-05
paired103,20,CYP26B1,cytochrome_p450,-0.0168597503782743,0.3097212330118783,2.98848769014759e-05
paired103,20,CYP8B1,cytochrome_p450,-0.3227363379490067,0.9874546767853084,0.0002722394196715
paired103,20,PTGIS,cytochrome_p450,0.1892039067237848,0.4800731234501895,6.925071910768299e-05
paired103,20,ARF1,arf_gtpase,-0.2837491828079349,0.6267634859185071,0.0001125650628535
paired103,20,ARF3,arf_gtpase,-0.5929641222146809,0.302944807260355,1.854369292542124e-05
paired103,20,ARF5,arf_gtpase,0.9381793133722388,5.926728762669838,0.001312409759648
paired103,20,ARF6,arf_gtpase,0.1527151622011798,0.251381629129791,1.923309508800041e-05
paired103,20,ARL1,arf_gtpase,-0.2598646010033267,0.2686843789799554,2.097736472961298e-05
paired103,20,ARL13B,arf_gtpase,0.6366783513192517,0.4365189260584668,3.530977310195471e-05
paired103,20,ARL3,arf_gtpase,0.0861429840813163,0.2005982166187509,1.2446538267818497e-05
paired103,20,ARL4A,arf_gtpase,0.0401154848084083,0.4775024340912769,7.094039805899399e-05
paired103,20,ARL5A,arf_gtpase,0.4299503014562008,0.2855679034928633,2.071492844746281e-05
paired103,20,ARL5B,arf_gtpase,0.914066153100961,8.771917540130653,0.0039518071277694
paired103,20,ARL5C,arf_gtpase,-0.6330556517076129,0.5544215253810586,5.740111235152945e-05
paired103,20,ARL6,arf_gtpase,0.8842146902660815,1.6246554403875555,0.0001794617283221
paired103,20,ARL8A,arf_gtpase,0.097011092027693,0.2431743712316693,1.8254060704991915e-05
paired103,20,ARL8B,arf_gtpase,0.1670058921857786,0.2302996528751549,1.6066878993914457e-05
paired103,20,SAR1A,arf_gtpase,0.9347002469667608,3.774955547682026,0.0005611736534114
paired103,20,TRIM23,arf_gtpase,0.8758581671691535,2.280875291968888,0.0003775980335374
paired103,20,CDC42,rho_gtpase,-0.2340544765289413,0.3926482289485137,4.541254593659616e-05
paired103,20,RHOA,rho_gtpase,-0.2913680941552143,0.369510412016093,3.893669267573952e-05
paired103,20,RHOB,rho_gtpase,0.7931415302618908,0.4056716652036677,1.902251109298092e-05
paired103,20,RHOBTB1,rho_gtpase,-0.5635773332306693,0.2833629852149076,1.7074307540720923e-05
paired103,20,RHOG,rho_gtpase,0.1529432408532616,0.2695442214550776,2.211117296302412e-05
paired103,20,RHOQ,rho_gtpase,0.9248366845932876,6.997918461916361,0.0022102646531166
paired103,20,RND1,rho_gtpase,-0.3324350880805388,0.4483958856953476,5.573158461258387e-05
paired103,20,RND3,rho_gtpase,-0.1258177363742462,0.2190817059163864,1.4720141696344946e-05
paired103,21,HOXA1,hox,-0.241640299642435,0.414856581751804,4.742982360828041e-05
paired103,21,HOXA10,hox,-0.2653939918497606,0.5373080262185265,7.854492890968512e-05
paired103,21,HOXA13,hox,0.886459850431386,0.8155369155071179,4.1693420465671593e-05
paired103,21,HOXA3,hox,-0.6804087430487133,0.8853713937825598,0.0001232144790606
paired103,21,HOXA4,hox,0.8979900352616594,3.459370716777528,0.00067834754258
paired103,21,HOXA5,hox,-0.1713729297904778,0.3383827209390547,3.252759207716949e-05
paired103,21,HOXA6,hox,-0.4088064529278453,0.4747927507755259,5.495096245711206e-05
paired103,21,HOXA7,hox,-0.7519222560071958,0.7477209581918557,7.111666446568687e-05
paired103,21,HOXB2,hox,-0.4870267863236752,0.6837515107367698,0.0001043775113482
paired103,21,HOXB4,hox,-0.7869851460013148,1.085269192035033,0.0001312225493788
paired103,21,HOXB5,hox,-0.5081770798345971,0.6225997014692113,8.415334539457753e-05
paired103,21,HOXB7,hox,-0.7707945542713895,0.7744693742009736,7.125105080907357e-05
paired103,21,HOXB8,hox,0.1285477455961932,0.2962088602114758,2.525453078372486e-05
paired103,21,HOXB9,hox,-0.0298243300622279,0.3146919328093115,2.895777768829877e-05
paired103,21,HOXC11,hox,-0.0448546213145796,0.5686146939112691,9.444004947622986e-05
paired103,21,HOXC12,hox,0.6682361281333759,0.4673292814741128,3.5376468495385005e-05
paired103,21,HOXC4,hox,0.5758139546486022,0.5784293049654669,6.545612670127987e-05
paired103,21,HOXC5,hox,-0.1473067210150202,1.057814419266058,0.000320431441816
paired103,21,HOXC6,hox,0.3503154281308151,0.4147202994335504,4.416031415532817e-05
paired103,21,HOXC8,hox,0.5942242709225366,0.6721407370414039,8.553595096494337e-05
paired103,21,HOXC9,hox,-0.2612012415925298,0.7927443501204117,0.0001713911018786
paired103,21,HOXD10,hox,-0.3158421732530313,0.3146620205680208,2.6087268907848404e-05
paired103,21,HOXD11,hox,-0.5386332543494492,1.3427716170194126,0.0003746633980645
paired103,21,HOXD12,hox,-0.0211556677377638,0.663035947668513,0.000128612107887
paired103,21,HOXD13,hox,-0.7296278036256709,1.3979892832095455,0.0002675190175795
paired103,21,HOXD4,hox,-0.86688538516654,1.7611934454944926,0.0002256216169209
paired103,21,RAB10,rab_gtpase,0.9312256571063928,2.0239926481420936,0.0001592524457243
paired103,21,RAB11A,rab_gtpase,0.0512025230144634,0.4773321934494626,6.6510468265224e-05
paired103,21,RAB14,rab_gtpase,-0.0669708716801204,0.2297980388412955,1.5385723988847744e-05
paired103,21,RAB15,rab_gtpase,0.0177679966579681,0.2711530280666594,2.1511497982906747e-05
paired103,21,RAB18,rab_gtpase,0.0684355359707139,0.2070746222963105,1.2490847331680932e-05
paired103,21,RAB1A,rab_gtpase,-0.1030676465339562,0.2656485443784104,2.043409224250503e-05
paired103,21,RAB1B,rab_gtpase,-0.1557183070492983,0.202356889203441,1.1693703769410924e-05
paired103,21,RAB20,rab_gtpase,-0.9007618764390212,2.466586603249555,0.0003359279502381
paired103,21,RAB22A,rab_gtpase,0.9047684427518328,5.636648016095359,0.0016881297645963
paired103,21,RAB23,rab_gtpase,-0.2847249260387708,0.2674673348016705,1.923991345453846e-05
paired103,21,RAB24,rab_gtpase,0.2452066488913918,0.4816585887416497,6.381696806712078e-05
paired103,21,RAB25,rab_gtpase,0.2602164621432534,0.5213623253334602,7.416848393893005e-05
paired103,21,RAB27A,rab_gtpase,-0.7483033184848109,0.5249406765960115,3.548923403218218e-05
paired103,21,RAB27B,rab_gtpase,-0.4013706621938047,0.2300034341547585,1.2988430484806024e-05
paired103,21,RAB29,rab_gtpase,0.7843574841433278,17.604891788939423,0.0355338793709169
paired103,21,RAB2B,rab_gtpase,-0.0862828713541723,0.3112217434906827,2.813681046565097e-05
paired103,21,RAB30,rab_gtpase,-0.9319154019234288,11.923824316978392,0.0054882731290286
paired103,21,RAB34,rab_gtpase,0.2747180480448506,0.3007559457991857,2.4475352681019306e-05
paired103,21,RAB35,rab_gtpase,0.0396750937454394,0.1437265039835283,6.036220027594297e-06
paired103,21,RAB36,rab_gtpase,0.0482330938254565,0.4989830200301467,7.270260681324636e-05
paired103,21,RAB38,rab_gtpase,-0.7627352103117582,0.5811655468229383,4.134312166159671e-05
paired103,21,RAB39B,rab_gtpase,0.7817959803180763,1.5206980968363706,0.0002631710248494
paired103,21,RAB3A,rab_gtpase,-0.3479221592494098,0.2885181669101632,2.1413587288132696e-05
paired103,21,RAB3C,rab_gtpase,-0.5997122478471322,0.6825925235993551,8.732334899230754e-05
paired103,21,RAB3D,rab_gtpase,0.6274730952342816,0.4002554414134675,2.84266916577014e-05
paired103,21,RAB4A,rab_gtpase,-0.0443035483517818,0.3557319960908355,3.69636463997125e-05
paired103,21,RAB5A,rab_gtpase,0.7812607521668091,0.8240782185964648,7.744298699929875e-05
paired103,21,RAB5B,rab_gtpase,0.0350239597087544,0.4097753128759205,4.9084386599229646e-05
paired103,21,RAB6A,rab_gtpase,0.6574245122279914,2.8237909779931543,0.0013259200715021
paired103,21,RAB6B,rab_gtpase,-0.1606626018620471,0.3478324009700863,3.44956489763959e-05
paired103,21,RAB7B,rab_gtpase,0.9152237330475798,1.1312929727489047,6.081789490708367e-05
paired103,21,RAB8A,rab_gtpase,0.0126030445324097,0.2461937050120778,1.773629677137567e-05
paired103,21,RAB9A,rab_gtpase,-0.5679627960826463,0.289459839627836,1.6611595090476605e-05
paired103,21,RAB9B,rab_gtpase,-0.7898909317360863,0.6188375046540583,4.215100800242233e-05
paired103,21,RASEF,rab_gtpase,0.5060436156623257,0.3245007666044075,2.2926448272508893e-05
paired103,21,DIRAS1,ras_gtpases,0.034851879257141,0.3793905442565042,4.2075423742904405e-05
paired103,21,NRAS,ras_gtpases,0.9554005210418038,2.1466655087137227,0.0001176234748784
paired103,21,RALA,ras_gtpases,-0.2088625709957871,0.1743091340145547,8.504429683253711e-06
paired103,21,RALB,ras_gtpases,-0.4276214144539151,0.3566456674469593,3.0419434497885867e-05
paired103,21,RAP1A,ras_gtpases,-0.2443083167576251,0.234156928548675,1.5089128023726415e-05
paired103,21,RAP1B,ras_gtpases,0.091280242252206,0.946898709941415,0.0002602579624875
paired103,21,RAP2A,ras_gtpases,0.6109050876258117,0.3709000064865338,2.5235903717502065e-05
paired103,21,RAP2B,ras_gtpases,-0.769112125157666,0.5622697734830502,3.779447890184251e-05
paired103,21,RAP2C,ras_gtpases,0.1101660875287762,0.1916515120076307,1.0619349400053936e-05
paired103,21,RASD2,ras_gtpases,0.0987489291189499,0.4657463700937115,6.28682052978835e-05
paired103,21,RASL10A,ras_gtpases,0.0232876275921713,0.5854028415928502,0.0001002466868726
paired103,21,RASL10B,ras_gtpases,0.0110246922448614,0.2019347698895299,1.1932905587319633e-05
paired103,21,RERGL,ras_gtpases,0.2335131861093129,0.691723913191865,0.0001324088493641
paired103,21,RHEB,ras_gtpases,0.3711266048028463,0.1933524444585824,9.43444500434154e-06
paired103,21,CYP20A1,cytochrome_p450,0.4389534912982953,0.4914775543569518,5.7074167671533615e-05
paired103,21,CYP26B1,cytochrome_p450,-0.0270145286572515,0.3172837354731588,2.944144696581663e-05
paired103,21,CYP8B1,cytochrome_p450,-0.2444354905834748,0.9912323887600626,0.0002704131610874
paired103,21,PTGIS,cytochrome_p450,0.2528983879572553,0.5018681556461241,6.900236598195164e-05
paired103,21,ARF1,arf_gtpase,-0.2066476414200608,0.6075015970252898,0.0001034041770575
paired103,21,ARF3,arf_gtpase,-0.5651889076446157,0.3140235205652117,1.964129833897932e-05
paired103,21,ARF5,arf_gtpase,0.9287963869283123,5.946822348479436,0.0014224648186598
paired103,21,ARF6,arf_gtpase,0.162515464671167,0.2673895982950007,2.037244580999076e-05
paired103,21,ARL1,arf_gtpase,-0.2289620009029417,0.2898858278428684,2.3304911582422427e-05
paired103,21,ARL13B,arf_gtpase,0.598774461770676,0.4350799917794025,3.553823916624399e-05
paired103,21,ARL3,arf_gtpase,0.0552150287030721,0.2153275022054729,1.3528513577942824e-05
paired103,21,ARL4A,arf_gtpase,0.0654634776120768,0.5158329294914721,7.754325106357207e-05
paired103,21,ARL5A,arf_gtpase,0.4464223688162422,0.3195426707429163,2.392824102004365e-05
paired103,21,ARL5B,arf_gtpase,0.9023538240967264,8.819411198471164,0.0042376108840199
paired103,21,ARL5C,arf_gtpase,-0.6269571393386787,0.6132255923284674,6.679809660248281e-05
paired103,21,ARL6,arf_gtpase,0.8751300959249964,1.612553673340226,0.0001782093287041
paired103,21,ARL8A,arf_gtpase,0.0445145040166072,0.2522871165234053,1.8591179830163007e-05
paired103,21,ARL8B,arf_gtpase,0.103129114677049,0.236404657244648,1.6182515723217605e-05
paired103,21,SAR1A,arf_gtpase,0.928297590690898,3.8046328667420326,0.0005859151952294
paired103,21,TRIM23,arf_gtpase,0.8635793878051573,2.355058642773232,0.0004127576937681
paired103,21,CDC42,rho_gtpase,-0.1791751413258795,0.3954388935141307,4.4296702069734906e-05
paired103,21,RHOA,rho_gtpase,-0.2510765519578002,0.3700129137202478,3.754373043041159e-05
paired103,21,RHOB,rho_gtpase,0.7921246228416031,0.4324240175173157,2.038775911017421e-05
paired103,21,RHOBTB1,rho_gtpase,-0.5297465424165657,0.2864899918893818,1.7280182901924235e-05
paired103,21,RHOG,rho_gtpase,0.1760446351569495,0.2859853476329388,2.3194995246500483e-05
paired103,21,RHOQ,rho_gtpase,0.9147353839632636,7.029266900525722,0.0023636623208258
paired103,21,RND1,rho_gtpase,-0.2729985766213075,0.4566904616881794,5.6492855027068245e-05
paired103,21,RND3,rho_gtpase,-0.1030377893184514,0.229246561343503,1.5217653705601464e-05
paired103,22,HOXA1,hox,-0.1405874028831888,0.4386833807513399,4.623302911788141e-05
paired103,22,HOXA10,hox,-0.2608726532348382,0.5990838695384655,8.19772244819994e-05
paired103,22,HOXA13,hox,0.865271046193822,0.8513773209316207,4.464433877549023e-05
paired103,22,HOXA3,hox,-0.5996356169891239,0.929329386496698,0.0001355672979018
paired103,22,HOXA4,hox,0.8509739529399131,3.495129297216431,0.0008261864788047
paired103,22,HOXA5,hox,-0.2245239698383299,0.4068419926654618,3.852168179119264e-05
paired103,22,HOXA6,hox,-0.342723449243841,0.5574053668356558,6.720494919887354e-05
paired103,22,HOXA7,hox,-0.6952072300615775,0.7960669800027952,8.025161181213214e-05
paired103,22,HOXB2,hox,-0.3056248848554288,0.7236562275871417,0.0001163622481445
paired103,22,HOXB4,hox,-0.6740006043247629,1.0974531520988675,0.000161097584606
paired103,22,HOXB5,hox,-0.446241445047976,0.6727802755455202,8.884575969680952e-05
paired103,22,HOXB7,hox,-0.6422230980946707,0.7727150515690823,8.59827894030829e-05
paired103,22,HOXB8,hox,0.156332255092425,0.3292085329089184,2.591263269269284e-05
paired103,22,HOXB9,hox,0.0704990680223129,0.3571467954454046,3.110613503098936e-05
paired103,22,HOXC11,hox,0.1718248958283169,0.6520314670104258,0.0001011238559077
paired103,22,HOXC12,hox,0.6540826441605863,0.5073866220110519,3.610148619570541e-05
paired103,22,HOXC4,hox,0.6322595692434476,0.7040012956219812,7.291267192144346e-05
paired103,22,HOXC5,hox,0.0246239842582054,1.191750860115484,0.0003479307044345
paired103,22,HOXC6,hox,0.4628176401635251,0.5358986906669149,5.530940592024525e-05
paired103,22,HOXC8,hox,0.6021690533535781,0.7457451789017302,8.687930471906746e-05
paired103,22,HOXC9,hox,-0.0702122756424951,0.8666278599102994,0.0001831759559717
paired103,22,HOXD10,hox,-0.2378118849642218,0.3425653830659911,2.7134343696832985e-05
paired103,22,HOXD11,hox,-0.436129788838034,1.4259827071079854,0.0004036441651121
paired103,22,HOXD12,hox,0.2061222886312397,0.7331555804805049,0.0001261462353756
paired103,22,HOXD13,hox,-0.6424221339828025,1.441812806654158,0.0002992594151549
paired103,22,HOXD4,hox,-0.8007905013361257,1.7811714903504674,0.0002789683573739
paired103,22,RAB10,rab_gtpase,0.8904180893602387,2.0599921877431537,0.0002154687688886
paired103,22,RAB11A,rab_gtpase,0.2512352725254737,0.6481158105530198,9.645398903679324e-05
paired103,22,RAB14,rab_gtpase,0.0216632904066081,0.2567112945504507,1.614355796597522e-05
paired103,22,RAB15,rab_gtpase,0.1948702507930716,0.3292352844960822,2.5557276852827823e-05
paired103,22,RAB18,rab_gtpase,0.2629235535478543,0.2603761466519944,1.546696154408611e-05
paired103,22,RAB1A,rab_gtpase,-0.1089022677479323,0.2921158174208357,2.0665356638693844e-05
paired103,22,RAB1B,rab_gtpase,0.0377151891632365,0.2402982446584455,1.4131742959389015e-05
paired103,22,RAB20,rab_gtpase,-0.8196380644788893,2.472614232474444,0.0004918799419186
paired103,22,RAB22A,rab_gtpase,0.8493502932602823,5.67649855405084,0.00220260564178
paired103,22,RAB23,rab_gtpase,-0.0815387246107231,0.2977197998879473,2.1579069141575147e-05
paired103,22,RAB24,rab_gtpase,0.3514328720836781,0.5796880148576474,7.21877307167107e-05
paired103,22,RAB25,rab_gtpase,0.3461854040942509,0.6322822862408027,8.624022998493519e-05
paired103,22,RAB27A,rab_gtpase,-0.4894372752052874,0.5595804356312926,5.836045913187871e-05
paired103,22,RAB27B,rab_gtpase,-0.2183054041081921,0.2562191132207156,1.532248887536891e-05
paired103,22,RAB29,rab_gtpase,0.6952534171849856,17.598735541248903,0.0400150460661037
paired103,22,RAB2B,rab_gtpase,0.0538368824074689,0.4254805251989049,4.424029850613742e-05
paired103,22,RAB30,rab_gtpase,-0.8866838660413975,11.870877861983804,0.0074110286319782
paired103,22,RAB34,rab_gtpase,0.3673866954788617,0.338135995845895,2.423970921772156e-05
paired103,22,RAB35,rab_gtpase,0.1708405981501118,0.175885270561146,7.36047772764703e-06
paired103,22,RAB36,rab_gtpase,0.0206085829109965,0.6030587969040532,8.909715391480777e-05
paired103,22,RAB38,rab_gtpase,-0.5547449211626156,0.5971246707185113,6.049519134077031e-05
paired103,22,RAB39B,rab_gtpase,0.7709203306842171,1.641724665143459,0.0002680119009503
paired103,22,RAB3A,rab_gtpase,-0.2658863013268419,0.3138171971568439,2.2429832847836728e-05
paired103,22,RAB3C,rab_gtpase,-0.3659437477438699,0.7530217384026201,0.0001203681067167
paired103,22,RAB3D,rab_gtpase,0.526949360904397,0.4312088048906307,3.2917308383506594e-05
paired103,22,RAB4A,rab_gtpase,0.0672033268767169,0.4152467145689301,4.2069307579772897e-05
paired103,22,RAB5A,rab_gtpase,0.7080240123696903,0.830884802805451,8.438217645456714e-05
paired103,22,RAB5B,rab_gtpase,0.2625004203607864,0.5841330828551857,7.786521443153838e-05
paired103,22,RAB6A,rab_gtpase,0.6089004648798668,3.106425778425792,0.0014892637195894
paired103,22,RAB6B,rab_gtpase,-0.1757463640293366,0.3992184952643682,3.785416775980988e-05
paired103,22,RAB7B,rab_gtpase,0.8986271524961824,1.165100088989986,6.403410870048365e-05
paired103,22,RAB8A,rab_gtpase,-0.0491641255275498,0.3001431375509692,2.2025220755672592e-05
paired103,22,RAB9A,rab_gtpase,-0.250480840897493,0.3418385012170504,2.684214515891181e-05
paired103,22,RAB9B,rab_gtpase,-0.6060655954222979,0.646480597038406,6.48069992957856e-05
paired103,22,RASEF,rab_gtpase,0.5778177820514653,0.3997281781976927,2.6085648389906343e-05
paired103,22,DIRAS1,ras_gtpases,0.0110876966876028,0.4205073599900086,4.333241344778305e-05
paired103,22,NRAS,ras_gtpases,0.9151769089966668,2.166886601355066,0.0001869586738508
paired103,22,RALA,ras_gtpases,0.0464590346274453,0.2365384227368533,1.3682882942567254e-05
paired103,22,RALB,ras_gtpases,-0.2687947737087067,0.4022332796332236,3.678784230898291e-05
paired103,22,RAP1A,ras_gtpases,-0.1728939712358058,0.2539533426195115,1.5333482322743563e-05
paired103,22,RAP1B,ras_gtpases,0.0680961914183214,1.0783093430785005,0.0002836870136276
paired103,22,RAP2A,ras_gtpases,0.6375603460455211,0.4222361996136245,2.5933386905596656e-05
paired103,22,RAP2B,ras_gtpases,-0.6286411411169714,0.5795730605586492,4.979159553220036e-05
paired103,22,RAP2C,ras_gtpases,0.2750930565884129,0.2360065554438746,1.261783002726169e-05
paired103,22,RASD2,ras_gtpases,0.1247893572633539,0.5195561609430743,6.512872694897087e-05
paired103,22,RASL10A,ras_gtpases,0.0076180134873947,0.6578975282491951,0.0001060776767942
paired103,22,RASL10B,ras_gtpases,0.2443322399599439,0.2611507091195968,1.5716749776295558e-05
paired103,22,RERGL,ras_gtpases,0.396499162066831,0.9416171293196478,0.0001831541191931
paired103,22,RHEB,ras_gtpases,0.4856480586076479,0.2582187007497727,1.2487171537234332e-05
paired103,22,CYP20A1,cytochrome_p450,0.5049911847564524,0.5709404190098322,5.951837319650988e-05
paired103,22,CYP26B1,cytochrome_p450,0.0923637858948534,0.3557524984470378,3.075327452117804e-05
paired103,22,CYP8B1,cytochrome_p450,-0.1138419500007535,1.0673711691857035,0.0002756355378101
paired103,22,PTGIS,cytochrome_p450,0.3656719394048956,0.5749054598073913,7.017429754840876e-05
paired103,22,ARF1,arf_gtpase,-0.0975407277108628,0.7105019835272154,0.0001225505086086
paired103,22,ARF3,arf_gtpase,-0.4248881976973868,0.3517039310518518,2.4842915880896044e-05
paired103,22,ARF5,arf_gtpase,0.8700034248863749,5.944804498778948,0.002107740096791
paired103,22,ARF6,arf_gtpase,0.271811028697904,0.3476365023385447,2.74304570225814e-05
paired103,22,ARL1,arf_gtpase,-0.1110822910632481,0.3326056123914878,2.6778263148119485e-05
paired103,22,ARL13B,arf_gtpase,0.5977466441965591,0.4688074414774202,3.4618939566466445e-05
paired103,22,ARL3,arf_gtpase,0.2104964325828784,0.2596772067296138,1.579422650466178e-05
paired103,22,ARL4A,arf_gtpase,0.2826087139591076,0.7866947944945571,0.0001395734472527
paired103,22,ARL5A,arf_gtpase,0.5028255744093646,0.4108884253225082,3.091587521264483e-05
paired103,22,ARL5B,arf_gtpase,0.8478643070084714,8.794983886613162,0.0053437099198156
paired103,22,ARL5C,arf_gtpase,-0.4587015346994381,0.6846826605034522,9.07217157165574e-05
paired103,22,ARL6,arf_gtpase,0.8355251311928268,1.6288468525065398,0.0001963236784374
paired103,22,ARL8A,arf_gtpase,-0.0654126735865381,0.2928132916681507,2.092346095083908e-05
paired103,22,ARL8B,arf_gtpase,0.0990586361139253,0.2722818123947514,1.7991535160799543e-05
paired103,22,SAR1A,arf_gtpase,0.8855778240459585,3.792605161410126,0.0007608601485116
paired103,22,TRIM23,arf_gtpase,0.8528636782624588,2.49507564374858,0.0004160358988121
paired103,22,CDC42,rho_gtpase,0.0442544365486829,0.4854508926609012,5.76449683657998e-05
paired103,22,RHOA,rho_gtpase,-0.1125198645144785,0.4463273474378112,4.820516107462147e-05
paired103,22,RHOB,rho_gtpase,0.7814371789529302,0.4667157374707978,2.078575785202652e-05
paired103,22,RHOBTB1,rho_gtpase,-0.3132608900778529,0.3220295890282588,2.2921814039622568e-05
paired103,22,RHOG,rho_gtpase,0.2906613795570781,0.3619655266418726,2.9397905225936327e-05
paired103,22,RHOQ,rho_gtpase,0.8629197150170183,7.03952728300388,0.0031062816774468
paired103,22,RND1,rho_gtpase,-0.019572898486404,0.546987884254308,7.33017902670996e-05
paired103,22,RND3,rho_gtpase,0.1755708282663347,0.3161780070505288,2.3745443336387065e-05
paired103,23,HOXA1,hox,-0.0959506012450581,0.4865835082839803,4.17544476704057e-05
paired103,23,HOXA10,hox,-0.1188069133369314,0.6110379380853455,6.551980042601713e-05
paired103,23,HOXA13,hox,0.8471936305695654,1.0466289674423723,5.503602970347021e-05
paired103,23,HOXA3,hox,-0.4886815154104579,0.9505272389250636,0.0001224178564546
paired103,23,HOXA4,hox,0.8051118269365806,3.7132107399209056,0.0008637183592723
paired103,23,HOXA5,hox,-0.2233797890156061,0.5023226931761511,4.267176608996337e-05
paired103,23,HOXA6,hox,-0.2776645579605241,0.6719508745498751,7.417246126539823e-05
paired103,23,HOXA7,hox,-0.5983269459452066,0.8583268155000436,8.418946072552558e-05
paired103,23,HOXB2,hox,-0.1011039110564738,0.7719594939784137,0.0001049893833543
paired103,23,HOXB4,hox,-0.5475517376691187,1.1505029550655366,0.0001649761517585
paired103,23,HOXB5,hox,-0.2910690519791909,0.7233261310216645,8.523853765429745e-05
paired103,23,HOXB7,hox,-0.4984967633570012,0.772589784976728,7.98436855609097e-05
paired103,23,HOXB8,hox,0.2410530014757729,0.4044008769063471,2.7417488663195044e-05
paired103,23,HOXB9,hox,0.1167685571083165,0.4443685165525036,3.466790160377986e-05
paired103,23,HOXC11,hox,0.3276439162875646,0.7991613569713547,0.0001014770189148
paired103,23,HOXC12,hox,0.6503288262222344,0.5839430595530122,3.5024721373733136e-05
paired103,23,HOXC4,hox,0.6928960755255414,0.8871290922667034,7.282841983335953e-05
paired103,23,HOXC5,hox,0.1890065903505273,1.345526124784632,0.0003107771717143
paired103,23,HOXC6,hox,0.521923592158376,0.6669637392054464,5.761066433151996e-05
paired103,23,HOXC8,hox,0.6114371357514063,0.8524220300124279,8.098364874309372e-05
paired103,23,HOXC9,hox,0.0507197590633953,0.9295880952963438,0.0001534233737434
paired103,23,HOXD10,hox,-0.0850369919916371,0.3985760844652987,2.8071939153329065e-05
paired103,23,HOXD11,hox,-0.246077761705556,1.3275913912932464,0.0002947544216816
paired103,23,HOXD12,hox,0.2832172930053528,0.8650284653702144,0.0001225098163164
paired103,23,HOXD13,hox,-0.5333898004498661,1.3997267226332804,0.0002495417756478
paired103,23,HOXD4,hox,-0.7214129931444829,1.820557365605103,0.0002829514221979
paired103,23,RAB10,rab_gtpase,0.8556720866297639,2.1076956790512296,0.0002117917970195
paired103,23,RAB11A,rab_gtpase,0.338813673253217,0.8612093165623023,0.0001168644942306
paired103,23,RAB14,rab_gtpase,0.0126112731877673,0.3300936294725964,1.9391222233489103e-05
paired103,23,RAB15,rab_gtpase,0.3488950829222084,0.4208029792706561,2.768143079467933e-05
paired103,23,RAB18,rab_gtpase,0.3849865306528493,0.3872478350926438,2.273572856825723e-05
paired103,23,RAB1A,rab_gtpase,-0.1841644250299383,0.3563044826243423,2.183020058310614e-05
paired103,23,RAB1B,rab_gtpase,0.2417469984335902,0.3290692418361435,1.814769800501104e-05
paired103,23,RAB20,rab_gtpase,-0.7275503777489587,2.478051382830661,0.0005145707101624
paired103,23,RAB22A,rab_gtpase,0.8062379437566451,5.812233888012145,0.0021066059660939
paired103,23,RAB23,rab_gtpase,0.0394144225953063,0.3574697125703687,2.270931311942892e-05
paired103,23,RAB24,rab_gtpase,0.493891945150114,0.7462597285788487,7.4947040128448e-05
paired103,23,RAB25,rab_gtpase,0.4325509748407905,0.7965292158604406,9.180282767129456e-05
paired103,23,RAB27A,rab_gtpase,-0.2561018771875356,0.6363360220528926,6.734753955339734e-05
paired103,23,RAB27B,rab_gtpase,-0.0476208007311279,0.3319679696441882,1.957070151092921e-05
paired103,23,RAB29,rab_gtpase,0.6440860257588947,17.764713483128947,0.0334273350806669
paired103,23,RAB2B,rab_gtpase,0.248055331723945,0.5591481556320609,5.222526146297923e-05
paired103,23,RAB30,rab_gtpase,-0.8293927659438015,12.039317065174943,0.0080846829415506
paired103,23,RAB34,rab_gtpase,0.3993327215813447,0.4202220752677632,2.6418867193234163e-05
paired103,23,RAB35,rab_gtpase,0.3030134950920464,0.2377817129694438,9.139615698927628e-06
paired103,23,RAB36,rab_gtpase,0.0595417191685498,0.7111228507902864,8.969373447864637e-05
paired103,23,RAB38,rab_gtpase,-0.2739727403738989,0.6721568306723634,7.43817191930507e-05
paired103,23,RAB39B,rab_gtpase,0.7830946739982456,2.006875384045792,0.0002772946007141
paired103,23,RAB3A,rab_gtpase,-0.2089115680222834,0.3690535173566458,2.318457098637872e-05
paired103,23,RAB3C,rab_gtpase,-0.0691041924939263,0.9130235637682592,0.000147677017518
paired103,23,RAB3D,rab_gtpase,0.4701614031112155,0.5341026075672508,3.955144531930799e-05
paired103,23,RAB4A,rab_gtpase,0.128949628502228,0.4949671032970795,4.28820543568742e-05
paired103,23,RAB5A,rab_gtpase,0.5792200537311407,0.866162813104092,8.873843944245952e-05
paired103,23,RAB5B,rab_gtpase,0.4305610691490505,0.8250118893065952,9.869409479401624e-05
paired103,23,RAB6A,rab_gtpase,0.5716577964082186,3.748107773527839,0.0016847472458846
paired103,23,RAB6B,rab_gtpase,-0.2218762470368979,0.4967718944688026,4.176329565463988e-05
paired103,23,RAB7B,rab_gtpase,0.8644544897141756,1.3074099929591094,7.68905531992603e-05
paired103,23,RAB8A,rab_gtpase,0.0493322308901251,0.371498100453228,2.4505076551162297e-05
paired103,23,RAB9A,rab_gtpase,0.0384337940318064,0.4492953378796243,3.587776529800912e-05
paired103,23,RAB9B,rab_gtpase,-0.3879029264871994,0.6867631042492682,7.131888687605947e-05
paired103,23,RASEF,rab_gtpase,0.7106445262692684,0.5512632761001854,2.6773871603213983e-05
paired103,23,DIRAS1,ras_gtpases,0.1097356830117452,0.4809653650448993,4.0679042517366426e-05
paired103,23,NRAS,ras_gtpases,0.8673084911544878,2.397964955208005,0.0002536271320354
paired103,23,RALA,ras_gtpases,0.2013930637171651,0.3372193576286414,1.941972936347902e-05
paired103,23,RALB,ras_gtpases,-0.067925185799978,0.4736631285168279,3.974981909304898e-05
paired103,23,RAP1A,ras_gtpases,0.0368411521913549,0.2966963146837111,1.5647091083703657e-05
paired103,23,RAP1B,ras_gtpases,-0.0874760773824339,1.3032981239494263,0.0003000629939476
paired103,23,RAP2A,ras_gtpases,0.6506180525335935,0.501522372237532,2.5818383359244024e-05
paired103,23,RAP2B,ras_gtpases,-0.4658355063297794,0.6468255779142528,5.831000128897479e-05
paired103,23,RAP2C,ras_gtpases,0.3336059795069467,0.2978950888218742,1.4037317567772156e-05
paired103,23,RASD2,ras_gtpases,0.2500949368032549,0.6226001715648156,6.46811248874446e-05
paired103,23,RASL10A,ras_gtpases,0.0527888827922561,0.8078937098101231,0.0001158557127791
paired103,23,RASL10B,ras_gtpases,0.3019859573480432,0.3425290010497572,1.8978637983280144e-05
paired103,23,RERGL,ras_gtpases,0.5082765131796324,1.1887956103930508,0.0001865746291546
paired103,23,RHEB,ras_gtpases,0.4996934027281031,0.3010642977045737,1.2104744237961818e-05
paired103,23,CYP20A1,cytochrome_p450,0.5419565415856975,0.6374062518111985,5.1076168644303976e-05
paired103,23,CYP26B1,cytochrome_p450,0.2201336789310697,0.4326961751457475,3.171000739676799e-05
paired103,23,CYP8B1,cytochrome_p450,0.0910196779630887,1.2067934126818811,0.0002571014488967
paired103,23,PTGIS,cytochrome_p450,0.5331553750144972,0.7360335249337798,6.901833481498532e-05
paired103,23,ARF1,arf_gtpase,0.0638641431223884,0.8543645646410482,0.0001294003261902
paired103,23,ARF3,arf_gtpase,-0.2817229921234033,0.4141002640511627,2.809952774707192e-05
paired103,23,ARF5,arf_gtpase,0.8179726092129866,5.998695644241384,0.0021217512975376
paired103,23,ARF6,arf_gtpase,0.3217205907431997,0.5161857028168237,4.2517256097940326e-05
paired103,23,ARL1,arf_gtpase,0.0189504856849068,0.4202612121464735,3.1425718361344224e-05
paired103,23,ARL13B,arf_gtpase,0.612342565534475,0.512617046417193,2.9234363148389345e-05
paired103,23,ARL3,arf_gtpase,0.2024999708883708,0.3382985819698991,1.9535122704916752e-05
paired103,23,ARL4A,arf_gtpase,0.4198588487949236,1.0322131024426018,0.0001562238258565
paired103,23,ARL5A,arf_gtpase,0.5582423621203942,0.6124558710014322,4.5959407675488784e-05
paired103,23,ARL5B,arf_gtpase,0.8027487338758487,9.072430820200497,0.0052231653368982
paired103,23,ARL5C,arf_gtpase,-0.3634254434469848,0.8483704400336648,0.0001111915121408
paired103,23,ARL6,arf_gtpase,0.8075885758130246,1.632426828604324,0.000164979309011
paired103,23,ARL8A,arf_gtpase,-0.2132974731938751,0.3651215063523256,2.2649225201898385e-05
paired103,23,ARL8B,arf_gtpase,0.027714102478024,0.3398243275292301,2.053881861374673e-05
paired103,23,SAR1A,arf_gtpase,0.8488442645747624,3.947244245844472,0.0007753130890828
paired103,23,TRIM23,arf_gtpase,0.8321463061966798,2.946036004020848,0.000475188713798
paired103,23,CDC42,rho_gtpase,0.2467217063513407,0.6493782748505661,7.049065658937259e-05
paired103,23,RHOA,rho_gtpase,0.0751696902709815,0.5799919169888524,5.953764371058323e-05
paired103,23,RHOB,rho_gtpase,0.7251784269195317,0.6069287795406987,3.108585506006456e-05
paired103,23,RHOBTB1,rho_gtpase,-0.052314294412442,0.3828122971249403,2.6012552720611204e-05
paired103,23,RHOG,rho_gtpase,0.394265491861526,0.4966811317294985,3.708403103241942e-05
paired103,23,RHOQ,rho_gtpase,0.828837672610509,7.212989945498533,0.0029029568982276
paired103,23,RND1,rho_gtpase,0.1816148974128363,0.6840881405773055,8.055102151094395e-05
paired103,23,RND3,rho_gtpase,0.3531783084619462,0.4128717709081224,2.655654144612108e-05
paired103,24,HOXA1,hox,0.4590594591907122,1.082014744646042,7.474517481964593e-05
paired103,24,HOXA10,hox,0.3017548739402649,1.1120124593632674,9.091891131418615e-05
paired103,24,HOXA13,hox,0.6658909242989784,1.602324512143078,0.0001155949713517
paired103,24,HOXA3,hox,0.3266091293659965,1.7047431624987055,0.0002100157080042
paired103,24,HOXA4,hox,0.4098588323818241,2.823473868459204,0.0005366531543348
paired103,24,HOXA5,hox,-0.0636689385576717,0.9792432660354444,7.725238965838876e-05
paired103,24,HOXA6,hox,0.3010058503148076,1.533858240540127,0.0001730768070306
paired103,24,HOXA7,hox,0.1507928487787389,1.3599257273760446,0.0001462012134033
paired103,24,HOXB2,hox,0.6119696159179902,1.5862502666715603,0.0001273126914852
paired103,24,HOXB4,hox,0.3818297522695156,1.768686600125852,0.0002161670040216
paired103,24,HOXB5,hox,0.3216612940514722,1.4682634661992469,0.0001563459942172
paired103,24,HOXB7,hox,0.3070306099766223,1.324422373099472,0.0001285164695546
paired103,24,HOXB8,hox,0.4932098326297051,1.069459340564422,7.001173364873381e-05
paired103,24,HOXB9,hox,0.4188921304274735,0.980135792428737,6.407234215310975e-05
paired103,24,HOXC11,hox,0.6986925952659133,1.94235479477187,0.0001562045553025
paired103,24,HOXC12,hox,0.5636584180972156,1.0936414110844943,6.601015735496762e-05
paired103,24,HOXC4,hox,0.6634309248199551,1.6464573301414662,0.0001227678504097
paired103,24,HOXC5,hox,0.5644817012673048,2.7273688286316444,0.0004100452082023
paired103,24,HOXC6,hox,0.781885557672292,1.7676650052421723,9.823438778899796e-05
paired103,24,HOXC8,hox,0.4851950464349402,1.5805089638755658,0.000154501157785
paired103,24,HOXC9,hox,0.5982901560524468,1.7990014690904903,0.0001680914752346
paired103,24,HOXD10,hox,0.3641772733879158,0.8346918764921504,4.888187962670543e-05
paired103,24,HOXD11,hox,0.483803603835166,1.9339962850008976,0.0002317560288211
paired103,24,HOXD12,hox,0.5302899451332078,1.7542650773876454,0.0001789414398178
paired103,24,HOXD13,hox,0.4941688992863217,1.747683720751447,0.0001867452255651
paired103,24,HOXD4,hox,0.1758780005847335,1.8315011875753648,0.0002629682645413
paired103,24,RAB10,rab_gtpase,0.3124924561072432,1.4050396825478773,0.000144098947164
paired103,24,RAB11A,rab_gtpase,0.5976952243629426,2.2380264311626714,0.000260443880536
paired103,24,RAB14,rab_gtpase,0.2597894567521812,0.857890036358931,5.551452019270098e-05
paired103,24,RAB15,rab_gtpase,0.6278970474720743,1.2098013519579964,7.171529797911358e-05
paired103,24,RAB18,rab_gtpase,0.6809978332158737,1.0821752951721124,5.079782289141299e-05
paired103,24,RAB1A,rab_gtpase,-0.1353766114016389,0.7755047067342989,4.7755590628639766e-05
paired103,24,RAB1B,rab_gtpase,0.6149445727343862,0.914496010919806,4.206604552081661e-05
paired103,24,RAB20,rab_gtpase,0.410425075246557,1.883913001361184,0.0002387484768994
paired103,24,RAB22A,rab_gtpase,0.3034827371611022,2.752924405112257,0.0005567044536916
paired103,24,RAB23,rab_gtpase,0.5358105533781519,0.8352314618690302,4.022845816065157e-05
paired103,24,RAB24,rab_gtpase,0.7171055591007214,1.5682956391709826,9.664431573375154e-05
paired103,24,RAB25,rab_gtpase,0.4357759875294725,1.7193818421609228,0.0001937327508126
paired103,24,RAB27A,rab_gtpase,0.3956805615190183,1.1874260724203651,9.619770167546005e-05
paired103,24,RAB27B,rab_gtpase,0.3394764352614541,0.8306925938246295,4.9384748482039775e-05
paired103,24,RAB29,rab_gtpase,0.0799775065007269,8.970973668439477,0.0064890593070722
paired103,24,RAB2B,rab_gtpase,0.4791596220908148,1.6642283333948933,0.0001726080499683
paired103,24,RAB30,rab_gtpase,0.0835237377787267,6.570201564130025,0.0034733614173642
paired103,24,RAB34,rab_gtpase,0.6657104277886997,1.138036260352069,5.833446951153398e-05
paired103,24,RAB35,rab_gtpase,0.64314873502175,0.8029889372273505,3.058214436335582e-05
paired103,24,RAB36,rab_gtpase,0.1622136953688306,1.802434060371897,0.0002559007979049
paired103,24,RAB38,rab_gtpase,0.6170812757142055,1.2507857447274973,7.83608910037703e-05
paired103,24,RAB39B,rab_gtpase,0.6205646346461752,2.744541723001202,0.0003747168882428
paired103,24,RAB3A,rab_gtpase,0.2393124773739052,1.203330851351725,0.0001104229252726
paired103,24,RAB3C,rab_gtpase,0.4606959656222413,2.1941591287095,0.000306813469312
paired103,24,RAB3D,rab_gtpase,0.12329731631011,1.1619498856943455,0.00010755318099
paired103,24,RAB4A,rab_gtpase,0.5857210613037188,1.359084499623761,9.815488859377108e-05
paired103,24,RAB5A,rab_gtpase,0.0939933197170447,1.080373054969234,9.358191572383934e-05
paired103,24,RAB5B,rab_gtpase,0.6986073553927852,1.992119263541629,0.0001643501334674
paired103,24,RAB6A,rab_gtpase,0.3812615273801872,5.311826793801196,0.0019524191922626
paired103,24,RAB6B,rab_gtpase,-0.1765482857754031,1.2849462338313462,0.0001293969249832
paired103,24,RAB7B,rab_gtpase,0.5140258351702498,1.3385863975732766,0.0001066449986311
paired103,24,RAB8A,rab_gtpase,0.0608087080481663,0.9699679661487274,7.582290741514619e-05
paired103,24,RAB9A,rab_gtpase,0.6082765853932026,0.987843212750151,4.972847732720442e-05
paired103,24,RAB9B,rab_gtpase,0.4353860827444382,1.198014561549337,9.408989571368932e-05
paired103,24,RASEF,rab_gtpase,0.7855648542848779,1.4026917902284786,6.093788697503211e-05
paired103,24,DIRAS1,ras_gtpases,0.4916848039645257,1.259777271948228,9.734124259619392e-05
paired103,24,NRAS,ras_gtpases,0.4559872417647055,2.195380405967548,0.0003088384343693
paired103,24,RALA,ras_gtpases,0.6954741514134949,0.9764339472980312,3.9818763837629056e-05
paired103,24,RALB,ras_gtpases,0.5869538052435825,1.1238291043590374,6.696626145152873e-05
paired103,24,RAP1A,ras_gtpases,0.1827238475327951,0.6261687693410624,3.065629701737293e-05
paired103,24,RAP1B,ras_gtpases,-0.1040744748541914,2.7113652497478347,0.0005883722270931
paired103,24,RAP2A,ras_gtpases,0.5290068586223153,0.8685070658405738,4.393982488537507e-05
paired103,24,RAP2B,ras_gtpases,0.5948472585717888,1.4841378153014684,0.0001151302353584
paired103,24,RAP2C,ras_gtpases,0.3669021715429382,0.6473201764081432,2.933127663296009e-05
paired103,24,RASD2,ras_gtpases,0.591831716113914,1.4145294081881583,0.0001051625864173
paired103,24,RASL10A,ras_gtpases,0.6090846783434105,1.548570647142819,0.0001220192038152
paired103,24,RASL10B,ras_gtpases,0.5051151414266148,0.8947525785265966,4.8235672128527085e-05
paired103,24,RERGL,ras_gtpases,0.5810803716103915,2.520709459986728,0.0003404726491751
paired103,24,RHEB,ras_gtpases,0.6184317810530526,0.6816954693874946,2.3212958799812e-05
paired103,24,CYP20A1,cytochrome_p450,0.6120052855396397,1.3054213502026584,8.621651563278654e-05
paired103,24,CYP26B1,cytochrome_p450,0.5627271558496838,1.4230485789463956,0.0001119379831309
paired103,24,CYP8B1,cytochrome_p450,0.5636599593536881,2.3803830612380086,0.0003127570130101
paired103,24,PTGIS,cytochrome_p450,0.748277979211543,1.799639444915403,0.0001152937571823
paired103,24,ARF1,arf_gtpase,0.5621203205870411,2.1925781417529846,0.0002660205916013
paired103,24,ARF3,arf_gtpase,0.268308136283519,1.1487855130316802,9.906733244924304e-05
paired103,24,ARF5,arf_gtpase,0.3023842878052838,3.2780288790183723,0.0007900063563798
paired103,24,ARF6,arf_gtpase,0.485183142235667,1.3938200379877974,0.0001201573446848
paired103,24,ARL1,arf_gtpase,0.4906660318446096,0.7998124266392639,3.9286729236365225e-05
paired103,24,ARL13B,arf_gtpase,0.5447790065981848,0.9924582298815252,5.6027769590127896e-05
paired103,24,ARL3,arf_gtpase,0.4773975645101482,0.8607535525297573,4.62716040796618e-05
paired103,24,ARL4A,arf_gtpase,0.6160070872550658,2.2515597402971115,0.000254487664107
paired103,24,ARL5A,arf_gtpase,0.5965934279199151,1.8106373725434697,0.0001708108332411
paired103,24,ARL5B,arf_gtpase,0.3859859817278902,4.379404227904798,0.0013210894006534
paired103,24,ARL5C,arf_gtpase,0.0452355665610913,1.7322323704845135,0.0002422441897701
paired103,24,ARL6,arf_gtpase,0.4411976580897956,1.4844567482335376,0.000143557566514
paired103,24,ARL8A,arf_gtpase,-0.1800792749549085,0.93398782171548,6.82744722610984e-05
paired103,24,ARL8B,arf_gtpase,0.0740033704819781,0.7549019000377017,4.584416784148005e-05
paired103,24,SAR1A,arf_gtpase,0.3727262257148758,2.2183804552041035,0.0003428195830137
paired103,24,TRIM23,arf_gtpase,0.5675375852752587,3.46862205976129,0.0006599357778851
paired103,24,CDC42,rho_gtpase,0.5077056131985366,1.823557635182696,0.0001996649503305
paired103,24,RHOA,rho_gtpase,0.5355310354228535,1.6089705702801242,0.0001493557629834
paired103,24,RHOB,rho_gtpase,0.5279532547121557,1.1554915025367198,7.789750625764036e-05
paired103,24,RHOBTB1,rho_gtpase,0.6616737150478056,1.1271235109439146,5.777169432863438e-05
paired103,24,RHOG,rho_gtpase,0.5209163114811778,1.374629493156272,0.0001113756507865
paired103,24,RHOQ,rho_gtpase,0.4128088363370972,3.986867735767828,0.001067176906038
paired103,24,RND1,rho_gtpase,0.6716677436175442,1.4629611686131492,9.502279429862703e-05
paired103,24,RND3,rho_gtpase,0.5365336315267533,0.9429788607536912,5.122162874082736e-05
paired103,25,HOXA1,hox,0.5664074904199737,1.532608303471561,6.417902864019887e-05
paired103,25,HOXA10,hox,0.3507174959517847,1.4286633841490657,7.201185924199383e-05
paired103,25,HOXA13,hox,0.6801700692108671,2.048361152948771,9.070587961168552e-05
paired103,25,HOXA3,hox,0.3927517586521361,2.1571957529861403,0.0001583375099639
paired103,25,HOXA4,hox,0.4626593213396202,3.2585806856763884,0.0003357786763963
paired103,25,HOXA5,hox,0.0459517014102795,1.2123902913571092,5.900788356749676e-05
paired103,25,HOXA6,hox,0.4227473913054815,2.1746776952020195,0.0001562599812021
paired103,25,HOXA7,hox,0.3206239397662429,1.8283735802371424,0.0001206634710748
paired103,25,HOXB2,hox,0.6414617639216329,2.1490696340139714,0.0001093506331725
paired103,25,HOXB4,hox,0.5329331475893511,2.307890598894756,0.0001534250762508
paired103,25,HOXB5,hox,0.380210131044689,1.903438679855414,0.0001246880616802
paired103,25,HOXB7,hox,0.4172400523399863,1.5219151965676598,7.695929213602515e-05
paired103,25,HOXB8,hox,0.6009021150705126,1.48620722639615,5.677349139410204e-05
paired103,25,HOXB9,hox,0.4287766860625929,1.324429918788282,5.7593183376281054e-05
paired103,25,HOXC11,hox,0.7245827576592805,2.659769913338582,0.0001351832837187
paired103,25,HOXC12,hox,0.6352289511521363,1.5685098882682462,5.903595643641513e-05
paired103,25,HOXC4,hox,0.6946051012635545,2.2061138567873124,0.0001013300995763
paired103,25,HOXC5,hox,0.5500971299834317,3.524816499807224,0.000348623567778
paired103,25,HOXC6,hox,0.8095370504007814,2.3619567922397344,7.735154853405479e-05
paired103,25,HOXC8,hox,0.4439721811673749,2.01621170309158,0.000131306569689
paired103,25,HOXC9,hox,0.6408720112589259,2.1903579059206866,0.0001137389359824
paired103,25,HOXD10,hox,0.4465293548152397,1.091038741262315,3.8339005664633774e-05
paired103,25,HOXD11,hox,0.5096930706517656,2.3417542979296084,0.0001633071277028
paired103,25,HOXD12,hox,0.5903568884573315,2.3648321663369187,0.0001465760658486
paired103,25,HOXD13,hox,0.5510415799089363,2.1175810305605727,0.0001256224471163
paired103,25,HOXD4,hox,0.3243270820267081,2.294335088631849,0.0001895033759476
paired103,25,RAB10,rab_gtpase,0.3594078665112938,1.8575476570639733,0.0001208837412051
paired103,25,RAB11A,rab_gtpase,0.652155624712889,2.9531210441411173,0.0002016380807963
paired103,25,RAB14,rab_gtpase,0.4010942107260045,1.1509078706808804,4.471435929087608e-05
paired103,25,RAB15,rab_gtpase,0.6612991610730347,1.6832723953859705,6.413826105533538e-05
paired103,25,RAB18,rab_gtpase,0.7283065286928846,1.6889248980160143,5.3884354272115687e-05
paired103,25,RAB1A,rab_gtpase,-0.1955757330326832,0.9931040267582978,3.815841783016971e-05
paired103,25,RAB1B,rab_gtpase,0.6810884199748567,1.259744128463598,3.422656350449138e-05
paired103,25,RAB20,rab_gtpase,0.504925158903628,2.3680529067739258,0.0001680874913226
paired103,25,RAB22A,rab_gtpase,0.3771600470914163,3.1046808408223416,0.0003326575430001
paired103,25,RAB23,rab_gtpase,0.6467735492271564,1.2733548735529585,3.794238107535097e-05
paired103,25,RAB24,rab_gtpase,0.7549349740571056,2.252052699972237,8.77503487509701e-05
paired103,25,RAB25,rab_gtpase,0.3808123653664244,2.1181264368119126,0.0001543208291516
paired103,25,RAB27A,rab_gtpase,0.4790976802971562,1.5619233520389249,7.561698136593353e-05
paired103,25,RAB27B,rab_gtpase,0.4865023410773015,1.100002522702395,3.715607481968864e-05
paired103,25,RAB29,rab_gtpase,0.0648378866227669,9.168635254717948,0.0033732087994045
paired103,25,RAB2B,rab_gtpase,0.4229310654324826,2.057524865343683,0.0001398499910575
paired103,25,RAB30,rab_gtpase,0.2441655584377352,6.8904856281909925,0.0017977338507281
paired103,25,RAB34,rab_gtpase,0.698536795541856,1.525281163121045,4.7923642921055e-05
paired103,25,RAB35,rab_gtpase,0.7169880872836203,1.208631652133641,2.85559398828239e-05
paired103,25,RAB36,rab_gtpase,0.1598033646173206,2.401083483598799,0.0002260264372087
paired103,25,RAB38,rab_gtpase,0.7389793811950808,1.7930775249728117,5.870978135402716e-05
paired103,25,RAB39B,rab_gtpase,0.593290879839485,3.502577173491144,0.0003198557787454
paired103,25,RAB3A,rab_gtpase,0.4139015650355612,1.515412238892698,7.65593566420808e-05
paired103,25,RAB3C,rab_gtpase,0.5228561813877626,2.7635829988327965,0.0002232708547068
paired103,25,RAB3D,rab_gtpase,0.2079254011740052,1.463143869871781,8.24002425664494e-05
paired103,25,RAB4A,rab_gtpase,0.6072146572651423,1.7321908591510442,7.620220221782326e-05
paired103,25,RAB5A,rab_gtpase,0.1570823919528936,1.2827120491638022,6.455830373852667e-05
paired103,25,RAB5B,rab_gtpase,0.7069569348568444,2.612523622767476,0.0001373518849815
paired103,25,RAB6A,rab_gtpase,0.3743030941051564,6.957935118683156,0.0016761069551598
paired103,25,RAB6B,rab_gtpase,-0.1342413434557241,1.7252333581044423,0.0001175855287425
paired103,25,RAB7B,rab_gtpase,0.5195850898512715,1.7626447142190445,9.124755040756938e-05
paired103,25,RAB8A,rab_gtpase,0.1120935532192248,1.2082287926521058,5.7989560776516846e-05
paired103,25,RAB9A,rab_gtpase,0.6969719104129246,1.372674863093917,3.897909035643909e-05
paired103,25,RAB9B,rab_gtpase,0.5375473723310367,1.4874738535486842,6.329049816833354e-05
paired103,25,RASEF,rab_gtpase,0.7957024759340003,2.2408662429561272,7.410982351330198e-05
paired103,25,DIRAS1,ras_gtpases,0.5187512213817991,1.5941725433008935,7.472630184279794e-05
paired103,25,NRAS,ras_gtpases,0.4023959187805004,2.73746751399976,0.0002526779509246
paired103,25,RALA,ras_gtpases,0.7350186363178385,1.4897662005043266,4.104827911444176e-05
paired103,25,RALB,ras_gtpases,0.668145226482236,1.680066697624765,6.286066274119317e-05
paired103,25,RAP1A,ras_gtpases,0.2259303813531277,0.7560536030541137,2.182157414387653e-05
paired103,25,RAP1B,ras_gtpases,-0.111488806167356,3.266721763478532,0.0004240476997579
paired103,25,RAP2A,ras_gtpases,0.6245324860275446,1.1376000727203124,3.175537297817055e-05
paired103,25,RAP2B,ras_gtpases,0.6870870784534913,2.0311003046391147,8.761391705369714e-05
paired103,25,RAP2C,ras_gtpases,0.3786887043108319,0.8477842602330726,2.4767483143839364e-05
paired103,25,RASD2,ras_gtpases,0.6059032903407521,1.7707153571802547,7.983022851154598e-05
paired103,25,RASL10A,ras_gtpases,0.6563998024453458,2.2460127739140754,0.000115504374736
paired103,25,RASL10B,ras_gtpases,0.5620302434257873,1.2340777177073712,4.191389450614036e-05
paired103,25,RERGL,ras_gtpases,0.5910368569682201,3.370409806875276,0.0002973888930271
paired103,25,RHEB,ras_gtpases,0.6538386815414807,1.1071876861187882,2.8232584651677328e-05
paired103,25,CYP20A1,cytochrome_p450,0.6703286047137789,1.8975780162087128,7.97682601757499e-05
paired103,25,CYP26B1,cytochrome_p450,0.6353499154296524,2.0023312349887505,9.61856037020592e-05
paired103,25,CYP8B1,cytochrome_p450,0.5917064855141878,2.984665726203551,0.0002329205343697
paired103,25,PTGIS,cytochrome_p450,0.7527221371079491,2.482853640153869,0.0001074865746087
paired103,25,ARF1,arf_gtpase,0.5649995904371206,2.968707221683037,0.0002413911729891
paired103,25,ARF3,arf_gtpase,0.3925054964280422,1.512712456802367,7.787521894730975e-05
paired103,25,ARF5,arf_gtpase,0.2441359643954692,3.4314310158522128,0.0004455425261118
paired103,25,ARF6,arf_gtpase,0.5648160367876223,1.7955675378247251,8.83261243111999e-05
paired103,25,ARL1,arf_gtpase,0.5682970066219952,1.051420020118838,3.010944349735034e-05
paired103,25,ARL13B,arf_gtpase,0.6329412673646096,1.4536015226405234,5.094930450766366e-05
paired103,25,ARL3,arf_gtpase,0.492865424519524,1.1057966489669318,3.724198657861777e-05
paired103,25,ARL4A,arf_gtpase,0.62684325261607,2.7817219003791465,0.0001889886843035
paired103,25,ARL5A,arf_gtpase,0.6613247293751605,2.442790574825643,0.0001350734995557
paired103,25,ARL5B,arf_gtpase,0.4037621129217147,4.755957517022916,0.000761876929224
paired103,25,ARL5C,arf_gtpase,0.14800876759126,2.3365071861312616,0.0002148283322942
paired103,25,ARL6,arf_gtpase,0.5678470216819008,1.923681672013672,0.0001008694950748
paired103,25,ARL8A,arf_gtpase,-0.1473945503536543,1.2535580733939915,6.184342953763355e-05
paired103,25,ARL8B,arf_gtpase,0.2067956309687232,0.9240231595835284,3.287925829864591e-05
paired103,25,SAR1A,arf_gtpase,0.3796915493667251,2.6215700143099867,0.0002366433724052
paired103,25,TRIM23,arf_gtpase,0.6112858562674501,4.144864576203553,0.0004329602124273
paired103,25,CDC42,rho_gtpase,0.5839566303597727,2.410158069279255,0.0001540056734448
paired103,25,RHOA,rho_gtpase,0.6247494734577047,2.2981965758096843,0.0001295509275482
paired103,25,RHOB,rho_gtpase,0.5526628943455284,1.4339606329381918,5.745520308109153e-05
paired103,25,RHOBTB1,rho_gtpase,0.73396642278961,1.6672188376865074,5.158267837712671e-05
paired103,25,RHOG,rho_gtpase,0.587128180220423,1.7245869656103647,7.840518816615294e-05
paired103,25,RHOQ,rho_gtpase,0.4777631669377095,4.301325061516043,0.000574555490674
paired103,25,RND1,rho_gtpase,0.7255697063755396,2.0226945286638576,7.794215607792587e-05
paired103,25,RND3,rho_gtpase,0.5606183212829915,1.2148236130887171,4.071029669505677e-05
paired103,26,HOXA1,hox,0.7307664913439685,2.847802279078987,4.120245431471492e-05
paired103,26,HOXA10,hox,0.5447716565476817,2.160065191059517,3.5773543050177103e-05
paired103,26,HOXA13,hox,0.7331189511857668,3.243310060382079,5.304707572817424e-05
paired103,26,HOXA3,hox,0.5850393086648454,3.108558235446622,6.929580470982355e-05
paired103,26,HOXA4,hox,0.5922529583198194,4.290737693089539,0.0001303232788578
paired103,26,HOXA5,hox,0.2937827552066366,1.9763144803344408,3.890873527123695e-05
paired103,26,HOXA6,hox,0.6181974594492167,4.083316635357101,0.0001123175750999
paired103,26,HOXA7,hox,0.5038488525755068,2.728104060273201,6.05452509636617e-05
paired103,26,HOXB2,hox,0.6846035795781878,3.334287274917845,6.4402300011146e-05
paired103,26,HOXB4,hox,0.6697343316317764,3.3085451763511005,6.581518718207224e-05
paired103,26,HOXB5,hox,0.5638935840469009,2.927875714814946,6.374493382810265e-05
paired103,26,HOXB7,hox,0.6687877290355786,2.2361066834308154,3.01318628511682e-05
paired103,26,HOXB8,hox,0.793890976353665,3.08225020373685,3.8296936166415385e-05
paired103,26,HOXB9,hox,0.7308563948382617,2.616772373649114,3.4778546719294035e-05
paired103,26,HOXC11,hox,0.7673503314592808,4.223255634270119,7.995839550123396e-05
paired103,26,HOXC12,hox,0.7650114190547013,2.9340361885659005,3.892786156212136e-05
paired103,26,HOXC4,hox,0.7236398128703949,3.7517781399206473,7.310364812918024e-05
paired103,26,HOXC5,hox,0.5396802443027303,5.3110727339804855,0.0002179861347371
paired103,26,HOXC6,hox,0.8440786358736755,3.732258265538378,4.366815118450607e-05
paired103,26,HOXC8,hox,0.5062852952806944,3.213126786971984,8.371129990203396e-05
paired103,26,HOXC9,hox,0.7714078290026296,3.5123042434752008,5.446316541524165e-05
paired103,26,HOXD10,hox,0.6540215305533231,1.8498762908826545,2.13504544658294e-05
paired103,26,HOXD11,hox,0.605017191457386,3.5564132440367606,8.742349961554652e-05
paired103,26,HOXD12,hox,0.7236966547877309,4.137492765239526,8.889302049797099e-05
paired103,26,HOXD13,hox,0.6670007625144968,3.342204554521639,6.760622013690654e-05
paired103,26,HOXD4,hox,0.4903248110431094,3.2629533613618604,8.817433392138696e-05
paired103,26,RAB10,rab_gtpase,0.5268444021828331,2.508791032384156,4.95753044288394e-05
paired103,26,RAB11A,rab_gtpase,0.7282405168339638,4.409365686597065,9.956108714026524e-05
paired103,26,RAB14,rab_gtpase,0.6820803941409549,2.3099100085326265,3.110912673831567e-05
paired103,26,RAB15,rab_gtpase,0.7522432679126034,2.988396302806073,4.227000580447893e-05
paired103,26,RAB18,rab_gtpase,0.8139476636652976,3.5595035786239606,4.662037424618681e-05
paired103,26,RAB1A,rab_gtpase,-0.0622086128596689,1.4586778732940089,2.310823365303527e-05
paired103,26,RAB1B,rab_gtpase,0.7487932298218619,1.9297130164636755,1.7835529703025266e-05
paired103,26,RAB20,rab_gtpase,0.6125807421122673,3.478802060238664,8.243409897690235e-05
paired103,26,RAB22A,rab_gtpase,0.595595774462288,4.390428147001132,0.0001356152857081
paired103,26,RAB23,rab_gtpase,0.8101618336445019,2.7651627108990167,2.864675419567142e-05
paired103,26,RAB24,rab_gtpase,0.7652488383497194,3.389685763968913,5.1912353621008656e-05
paired103,26,RAB25,rab_gtpase,0.4560717501257708,3.0416171499992664,7.988729553332075e-05
paired103,26,RAB27A,rab_gtpase,0.7053910108967014,2.672507375296304,3.912399254435428e-05
paired103,26,RAB27B,rab_gtpase,0.7313078617726642,2.015946012830541,2.0611918421509223e-05
paired103,26,RAB29,rab_gtpase,0.1214976318275443,9.555390175157347,0.0009812465861789
paired103,26,RAB2B,rab_gtpase,0.5602489745628101,2.977572429082051,6.632339076118043e-05
paired103,26,RAB30,rab_gtpase,0.5032340030861687,8.229012641247973,0.0005514683101277
paired103,26,RAB34,rab_gtpase,0.8104381592257489,2.7880274289622613,2.9084519650890428e-05
paired103,26,RAB35,rab_gtpase,0.8012108922166591,2.314355495551082,2.090974381008248e-05
paired103,26,RAB36,rab_gtpase,0.3033096079096997,3.2360633003384587,0.000103674233057
paired103,26,RAB38,rab_gtpase,0.8621395073861883,3.318162128995937,3.081632318713279e-05
paired103,26,RAB39B,rab_gtpase,0.6537117656951487,4.882319774183599,0.0001488364140248
paired103,26,RAB3A,rab_gtpase,0.5499427252791065,2.113968926203567,3.398716174474181e-05
paired103,26,RAB3C,rab_gtpase,0.6501479257180253,4.042044790643877,0.0001028392237355
paired103,26,RAB3D,rab_gtpase,0.535638007431632,2.385723058430933,4.425089585591291e-05
paired103,26,RAB4A,rab_gtpase,0.7493785412980538,3.054588170266741,4.460093343372496e-05
paired103,26,RAB5A,rab_gtpase,0.3230593551264274,1.5969648752178864,2.4903072794568715e-05
paired103,26,RAB5B,rab_gtpase,0.7723439919292705,3.988312279967985,6.997574386891081e-05
paired103,26,RAB6A,rab_gtpase,0.2788388042586415,8.373806713627474,0.0007053003263801
paired103,26,RAB6B,rab_gtpase,0.1530588547202405,2.263483472876411,5.455041913615677e-05
paired103,26,RAB7B,rab_gtpase,0.4860081133429478,2.572267881278474,5.509963001204543e-05
paired103,26,RAB8A,rab_gtpase,0.3885426951673667,2.034000698851232,3.829682506861776e-05
paired103,26,RAB9A,rab_gtpase,0.8373844883087452,2.7796751547878498,2.516995594592508e-05
paired103,26,RAB9B,rab_gtpase,0.6810701359483586,2.371067806578318,3.286268077762333e-05
paired103,26,RASEF,rab_gtpase,0.8356968865917797,4.283763570163428,6.034450624914367e-05
paired103,26,DIRAS1,ras_gtpases,0.631991880752118,2.622471191347199,4.503327262395107e-05
paired103,26,NRAS,ras_gtpases,0.4428544657527584,3.4672629586977908,0.0001053693998768
paired103,26,RALA,ras_gtpases,0.8511858868805833,2.7491921149536687,2.27005376454148e-05
paired103,26,RALB,ras_gtpases,0.7346827408575503,2.6687453582088407,3.573834835668421e-05
paired103,26,RAP1A,ras_gtpases,0.4775619814459666,1.018533134372607,8.730911470578029e-06
paired103,26,RAP1B,ras_gtpases,-0.0381958017002167,3.9791457433857578,0.0001723891579299
paired103,26,RAP2A,ras_gtpases,0.7766063185270742,2.025825412170943,1.775811469328925e-05
paired103,26,RAP2B,ras_gtpases,0.7342671984756645,3.2182066270956726,5.203879236759246e-05
paired103,26,RAP2C,ras_gtpases,0.5622748408635363,1.5208374642168212,1.7244681638772796e-05
paired103,26,RASD2,ras_gtpases,0.6279643885549491,2.8779721686921653,5.469420993708951e-05
paired103,26,RASL10A,ras_gtpases,0.7485724460643248,4.1161509875928255,8.12126372808919e-05
paired103,26,RASL10B,ras_gtpases,0.7557296233785988,2.4728229633070296,2.8592200538302137e-05
paired103,26,RERGL,ras_gtpases,0.6535667525916978,5.287370444221399,0.0001746166199075
paired103,26,RHEB,ras_gtpases,0.7899922635264403,2.3365853457203314,2.237595024168204e-05
paired103,26,CYP20A1,cytochrome_p450,0.7435837275004638,3.1178208976747235,4.738358216149763e-05
paired103,26,CYP26B1,cytochrome_p450,0.7641656671061818,3.7278509753051545,6.303823628517335e-05
paired103,26,CYP8B1,cytochrome_p450,0.6024906627257839,4.660785239522487,0.0001508761776773
paired103,26,PTGIS,cytochrome_p450,0.7755773005682337,3.890187010809932,6.57488991883115e-05
paired103,26,ARF1,arf_gtpase,0.5624138969025223,4.053564624710898,0.0001224862387309
paired103,26,ARF3,arf_gtpase,0.565571628888204,2.2041522440476755,3.602541612035548e-05
paired103,26,ARF5,arf_gtpase,0.2339642377118217,3.757967847219524,0.0001455513470732
paired103,26,ARF6,arf_gtpase,0.7244970041120817,3.0590280637853784,4.847224134441053e-05
paired103,26,ARL1,arf_gtpase,0.7916110010702179,2.3170046054846423,2.1852641031161468e-05
paired103,26,ARL13B,arf_gtpase,0.7368618301590363,2.534018355907951,3.1996499310738e-05
paired103,26,ARL3,arf_gtpase,0.7060250855541108,2.2273298570897304,2.712673576465985e-05
paired103,26,ARL4A,arf_gtpase,0.754104698084394,4.757377398916337,0.0001064365893327
paired103,26,ARL5A,arf_gtpase,0.7612953809602562,3.6556095951076775,6.125659064282196e-05
paired103,26,ARL5B,arf_gtpase,0.5027695689844521,5.6123442539698365,0.0002566382067251
paired103,26,ARL5C,arf_gtpase,0.4767939235879788,3.518277356565507,0.0001042803189131
paired103,26,ARL6,arf_gtpase,0.7213888140175967,3.177776678277298,5.280348931080425e-05
paired103,26,ARL8A,arf_gtpase,0.0218462587454098,1.5389816710835758,2.581024118142317e-05
paired103,26,ARL8B,arf_gtpase,0.4751336688472317,1.3031439733866037,1.4334907222468551e-05
paired103,26,SAR1A,arf_gtpase,0.4205548883814405,3.022477558802537,8.198627960631644e-05
paired103,26,TRIM23,arf_gtpase,0.6738973410876385,5.677219534597189,0.0001918328936389
paired103,26,CDC42,rho_gtpase,0.713387824888227,3.67071033353335,7.214281589718041e-05
paired103,26,RHOA,rho_gtpase,0.7568747118033893,3.8395221712531664,6.865419457935396e-05
paired103,26,RHOB,rho_gtpase,0.6863119937703648,2.352244555468025,3.1910572780291524e-05
paired103,26,RHOBTB1,rho_gtpase,0.8181180747246733,3.317350153618393,3.967617120481659e-05
paired103,26,RHOG,rho_gtpase,0.7659515249984269,3.1933755521777343,4.5953801973475095e-05
paired103,26,RHOQ,rho_gtpase,0.6461155145435887,5.358280365623674,0.0001823640313677
paired103,26,RND1,rho_gtpase,0.8314001167638473,3.5139343193194525,4.156843712854741e-05
paired103,26,RND3,rho_gtpase,0.7738444830088691,2.316682644335242,2.3474037789128488e-05
paired103,27,HOXA1,hox,0.7447384327293656,5.775298100098264,3.472142423377456e-05
paired103,27,HOXA10,hox,0.671788132754192,4.6297990373583096,2.7491041203142608e-05
paired103,27,HOXA13,hox,0.7299255858159941,6.475642452096082,4.579435563356604e-05
paired103,27,HOXA3,hox,0.6848140249612299,5.5994647826943975,3.8917574000874033e-05
paired103,27,HOXA4,hox,0.6135056112212387,7.6286604138247025,8.483090119970615e-05
paired103,27,HOXA5,hox,0.398143982209602,3.88558970413015,2.9695473414581564e-05
paired103,27,HOXA6,hox,0.6590489275102571,7.500687621543626,7.438664758097069e-05
paired103,27,HOXA7,hox,0.4832687494170722,4.222572030895253,3.194265894412851e-05
paired103,27,HOXB2,hox,0.6737114686499854,7.505504598328985,7.190899640163728e-05
paired103,27,HOXB4,hox,0.727805202387009,6.122104265199981,4.120125155504528e-05
paired103,27,HOXB5,hox,0.6998428362435306,6.043781585444925,4.356220802259614e-05
paired103,27,HOXB7,hox,0.8008088769570344,4.679830195631563,1.8362305197583417e-05
paired103,27,HOXB8,hox,0.8226229664306489,6.53434247395018,3.226490852892283e-05
paired103,27,HOXB9,hox,0.7875099200074593,5.8699531107337855,3.059063190102851e-05
paired103,27,HOXC11,hox,0.82725358310689,8.374079278021831,5.173907523370325e-05
paired103,27,HOXC12,hox,0.7660241849553011,5.858421915473368,3.314832023459946e-05
paired103,27,HOXC4,hox,0.8027357797122842,7.433715626644188,4.593330345148416e-05
paired103,27,HOXC5,hox,0.623275642540592,8.65177071899924,0.0001069977466517
paired103,27,HOXC6,hox,0.8715111033455233,7.098153902587409,2.83191621972545e-05
paired103,27,HOXC8,hox,0.6307061562860998,5.439506526459076,4.1648680567329954e-05
paired103,27,HOXC9,hox,0.8281059654168171,6.886658606053212,3.483471519694081e-05
paired103,27,HOXD10,hox,0.7451106070307096,4.213614558682728,1.845923768839519e-05
paired103,27,HOXD11,hox,0.5972924537946407,7.272584038678942,7.952329999316721e-05
paired103,27,HOXD12,hox,0.7013146116011706,8.744383183232381,9.082431131446356e-05
paired103,27,HOXD13,hox,0.6788446080449209,6.5769459151566085,5.451443526749422e-05
paired103,27,HOXD4,hox,0.5945786894814786,5.49229065187278,4.558215689565159e-05
paired103,27,RAB10,rab_gtpase,0.6698676366725093,5.185690093853159,3.465103504163292e-05
paired103,27,RAB11A,rab_gtpase,0.8049614093245363,8.349510648230872,5.7365184451763085e-05
paired103,27,RAB14,rab_gtpase,0.7676197773797698,6.098681981758642,3.571027260484971e-05
paired103,27,RAB15,rab_gtpase,0.8556372493109717,6.237872105050592,2.436418418005904e-05
paired103,27,RAB18,rab_gtpase,0.780196307710676,7.980621184818887,5.825246973456544e-05
paired103,27,RAB1A,rab_gtpase,0.1277046476148522,2.28678840653291,1.202372193065404e-05
paired103,27,RAB1B,rab_gtpase,0.7679558515515366,3.203023074802024,9.837612875984725e-06
paired103,27,RAB20,rab_gtpase,0.6714333485606383,6.668308829777816,5.70797116330457e-05
paired103,27,RAB22A,rab_gtpase,0.6618692687008293,7.31996458072778,7.037852543634315e-05
paired103,27,RAB23,rab_gtpase,0.8282136017977179,6.65910227419662,3.2552141837283166e-05
paired103,27,RAB24,rab_gtpase,0.8067215776466616,6.012404292509673,2.9505486737746445e-05
paired103,27,RAB25,rab_gtpase,0.5641806896572216,5.404851518331421,4.654750986232692e-05
paired103,27,RAB27A,rab_gtpase,0.8366048230446577,6.411500660956874,2.8834074622952063e-05
paired103,27,RAB27B,rab_gtpase,0.8145087559225451,4.008011173098533,1.2637713166840925e-05
paired103,27,RAB29,rab_gtpase,0.2819845318780788,10.719990932127114,0.0002472774655997
paired103,27,RAB2B,rab_gtpase,0.712164003531122,5.707227708031805,3.752100278131554e-05
paired103,27,RAB30,rab_gtpase,0.7073981958439989,11.48059004290277,0.0001539214271628
paired103,27,RAB34,rab_gtpase,0.8468305471783215,6.272855402878614,2.6017216661955445e-05
paired103,27,RAB35,rab_gtpase,0.8145744475704974,5.302011114451276,2.2108326079628423e-05
paired103,27,RAB36,rab_gtpase,0.5076970859672135,6.248984008122007,6.774940115905626e-05
paired103,27,RAB38,rab_gtpase,0.8976941024036394,6.510504534561191,1.9234715487370657e-05
paired103,27,RAB39B,rab_gtpase,0.7790412866398297,9.436134478661693,8.181418135788654e-05
paired103,27,RAB3A,rab_gtpase,0.6062880228010292,3.0137453991152525,1.342590298147872e-05
paired103,27,RAB3C,rab_gtpase,0.7891997962997179,7.680578343587293,5.200611677047551e-05
paired103,27,RAB3D,rab_gtpase,0.6377502871004997,4.916390230135189,3.351823388919595e-05
paired103,27,RAB4A,rab_gtpase,0.8223580500167414,6.014979807889424,2.7376564932457548e-05
paired103,27,RAB5A,rab_gtpase,0.5037439669951969,3.1242021094529773,1.7024997530867836e-05
paired103,27,RAB5B,rab_gtpase,0.8449017312543066,7.469708854466002,3.731823215946672e-05
paired103,27,RAB6A,rab_gtpase,0.3030731681032956,13.964521239401474,0.0004140220038012
paired103,27,RAB6B,rab_gtpase,0.4078095503519551,3.209808570194334,2.007674722126485e-05
paired103,27,RAB7B,rab_gtpase,0.5299728354922081,5.177318485265944,4.505589756909068e-05
paired103,27,RAB8A,rab_gtpase,0.6206333400142117,4.185580366239821,2.517596857187776e-05
paired103,27,RAB9A,rab_gtpase,0.841271291361761,5.643577254645697,2.175766866807649e-05
paired103,27,RAB9B,rab_gtpase,0.8360276953601846,5.635285151628691,2.234661749345168e-05
paired103,27,RASEF,rab_gtpase,0.8498195399544111,8.310620766571306,4.484818605232643e-05
paired103,27,DIRAS1,ras_gtpases,0.6668090171747588,4.847895961443438,3.0508278924590293e-05
paired103,27,NRAS,ras_gtpases,0.638845875884473,6.243211379204187,5.39242234807169e-05
paired103,27,RALA,ras_gtpases,0.8528437683682879,5.826605654851381,2.1636092519927708e-05
paired103,27,RALB,ras_gtpases,0.7070500616635669,4.701957368353525,2.5842116199936704e-05
paired103,27,RAP1A,ras_gtpases,0.636208283376369,2.106889730519315,6.175921501760939e-06
paired103,27,RAP1B,ras_gtpases,0.0478544456442118,5.615243726395744,7.353310676450064e-05
paired103,27,RAP2A,ras_gtpases,0.8033240692015767,3.952382955139088,1.2950044523507565e-05
paired103,27,RAP2B,ras_gtpases,0.7158406738140013,5.473435048767484,3.4142211236209974e-05
paired103,27,RAP2C,ras_gtpases,0.6976638387901347,4.114398674486683,2.0308804825952546e-05
paired103,27,RASD2,ras_gtpases,0.7196986601843844,5.079622309928799,2.907181216449395e-05
paired103,27,RASL10A,ras_gtpases,0.7249122481491488,8.490003918862522,7.994601531913226e-05
paired103,27,RASL10B,ras_gtpases,0.7933151887939588,5.396798379725796,2.523297608580944e-05
paired103,27,RERGL,ras_gtpases,0.7428884369335286,9.895077669181756,0.00010255983272
paired103,27,RHEB,ras_gtpases,0.5891533170696395,3.8749755414084985,2.2914686046315857e-05
paired103,27,CYP20A1,cytochrome_p450,0.8196250489862492,6.812683588415838,3.5606371844854046e-05
paired103,27,CYP26B1,cytochrome_p450,0.805607597029889,7.251642943470079,4.314299344276851e-05
paired103,27,CYP8B1,cytochrome_p450,0.6284220583484055,9.153252122870358,0.0001185001512244
paired103,27,PTGIS,cytochrome_p450,0.8115183241961416,8.34550066942357,5.558455706888843e-05
paired103,27,ARF1,arf_gtpase,0.5965341566840486,6.134929331398005,5.666851647856408e-05
paired103,27,ARF3,arf_gtpase,0.6626008566827012,3.6781399664596415,1.7738535085132234e-05
paired103,27,ARF5,arf_gtpase,0.3681308118424171,4.937264057307977,4.925650903742085e-05
paired103,27,ARF6,arf_gtpase,0.7991994086194072,6.221445803818972,3.2685824909561845e-05
paired103,27,ARL1,arf_gtpase,0.7835837537658354,5.247197875251311,2.4840999523712e-05
paired103,27,ARL13B,arf_gtpase,0.7675266121038277,6.287046693993115,3.796349975881963e-05
paired103,27,ARL3,arf_gtpase,0.7704779649388079,5.98792008417798,3.405647691157032e-05
paired103,27,ARL4A,arf_gtpase,0.8466219635517758,10.076623144672736,6.722196781483447e-05
paired103,27,ARL5A,arf_gtpase,0.7950731818580686,7.534326407815708,4.880966617204496e-05
paired103,27,ARL5B,arf_gtpase,0.7094227565696478,9.589708671127063,0.0001067752299508
paired103,27,ARL5C,arf_gtpase,0.4389877037582435,6.771826852882759,8.653371821099043e-05
paired103,27,ARL6,arf_gtpase,0.7628250415422361,7.327843453669751,5.247678570985404e-05
paired103,27,ARL8A,arf_gtpase,0.0570025320312192,2.2516141108271994,1.1811429527219808e-05
paired103,27,ARL8B,arf_gtpase,0.6480772852267506,2.4174153675342898,7.92235995750179e-06
paired103,27,SAR1A,arf_gtpase,0.6082922595644272,5.1453692511637215,3.898469179242081e-05
paired103,27,TRIM23,arf_gtpase,0.7574629446557565,10.378869948350342,0.0001073280267169
paired103,27,CDC42,rho_gtpase,0.7696152957703165,7.062976111663773,4.753830838810647e-05
paired103,27,RHOA,rho_gtpase,0.7904382023468426,7.290536325108984,4.661502810021645e-05
paired103,27,RHOB,rho_gtpase,0.6764237065661375,4.855126936340712,2.988777451062852e-05
paired103,27,RHOBTB1,rho_gtpase,0.853128053539795,7.564946921125092,3.640737590748788e-05
paired103,27,RHOG,rho_gtpase,0.8207441797228735,6.803141644812962,3.530809694152204e-05
paired103,27,RHOQ,rho_gtpase,0.7944169400134757,9.21518417349068,7.322511236318441e-05
paired103,27,RND1,rho_gtpase,0.8701162605731643,6.89270863463466,2.6973326482937487e-05
paired103,27,RND3,rho_gtpase,0.8762251797505517,5.82267354019312,1.840312447287662e-05
paired103,28,HOXA1,hox,0.5361242013081774,348.72213517896427,7.137867348849802e-06
paired103,28,HOXA10,hox,0.8109389778486952,785.9965803790033,1.742331387788454e-05
paired103,28,HOXA13,hox,0.840843345132487,1062.453451831949,2.724251631935904e-05
paired103,28,HOXA3,hox,0.776582546119013,615.016006464906,1.2366814839959162e-05
paired103,28,HOXA4,hox,0.7516305486440901,1315.9552364180108,6.206063918234861e-05
paired103,28,HOXA5,hox,-0.14953386171024,355.498311320271,1.0177378714115726e-05
paired103,28,HOXA6,hox,0.1301818413627574,487.5166370932124,1.9245965478642543e-05
paired103,28,HOXA7,hox,0.006238943432481,417.0339917829099,1.4325472714848964e-05
paired103,28,HOXB2,hox,0.8802935530413889,1656.9357511187802,5.090324097167809e-05
paired103,28,HOXB4,hox,0.8679303425151649,1094.6831265079993,2.435149954849169e-05
paired103,28,HOXB5,hox,0.8368796442515233,1046.6951165987314,2.7040516014986693e-05
paired103,28,HOXB7,hox,0.889015770430017,794.0663861233709,1.088911764723921e-05
paired103,28,HOXB8,hox,0.7987762723334882,574.004121098153,9.823547290066514e-06
paired103,28,HOXB9,hox,0.8097672262164157,880.7339402739702,2.1997946821894487e-05
paired103,28,HOXC11,hox,0.9537245557852028,1948.67778848993,2.828003797494816e-05
paired103,28,HOXC12,hox,0.8913787343654843,1195.1017835328885,2.4170645239851574e-05
paired103,28,HOXC4,hox,0.9155559093976726,1491.8580049060408,2.965550737443756e-05
paired103,28,HOXC5,hox,0.8239888988957758,2647.9244654988893,0.0001854357861766
paired103,28,HOXC6,hox,0.9242018654629331,1286.13470824662,1.9873127871550267e-05
paired103,28,HOXC8,hox,0.8832577182261903,1663.3625875888245,5.010747499523127e-05
paired103,28,HOXC9,hox,0.9237530388350514,1462.7861742915186,2.585348015782252e-05
paired103,28,HOXD10,hox,0.7712646248341362,658.2516984138445,1.4460514576430938e-05
paired103,28,HOXD11,hox,0.9001585622351971,1234.244880891982,2.3806105507118147e-05
paired103,28,HOXD12,hox,0.8624494637747285,1759.904622697835,6.536106022292376e-05
paired103,28,HOXD13,hox,0.8248581411248692,1116.8048031741096,3.2836781775458235e-05
paired103,28,HOXD4,hox,0.3868801357801042,390.60483268511234,1.0686652943681096e-05
paired103,28,RAB10,rab_gtpase,0.6703078983898932,1528.3783097907158,0.0001059667625129
paired103,28,RAB11A,rab_gtpase,0.789258452193916,838.1237592312966,2.1818461877209927e-05
paired103,28,RAB14,rab_gtpase,0.5599443281544824,446.8385536386479,1.1290165147559428e-05
paired103,28,RAB15,rab_gtpase,0.9046033793345856,596.9400569012869,5.333103231919267e-06
paired103,28,RAB18,rab_gtpase,0.7772402052050399,576.4082624746221,1.0834915591062533e-05
paired103,28,RAB1A,rab_gtpase,0.3580237882030085,134.3416633662799,1.296068283695995e-06
paired103,28,RAB1B,rab_gtpase,0.7928622638225435,390.5841539658814,4.666768426586643e-06
paired103,28,RAB20,rab_gtpase,0.7146919604528975,731.365548310257,2.1555278827745102e-05
paired103,28,RAB22A,rab_gtpase,0.7378989886778923,1658.52044990018,0.0001032136527002
paired103,28,RAB23,rab_gtpase,0.8346396094191307,484.125478581441,5.857054314106769e-06
paired103,28,RAB24,rab_gtpase,0.9098566362664354,891.1705542178606,1.126259522643558e-05
paired103,28,RAB25,rab_gtpase,0.7967733344477383,1153.5667282179722,4.002653221113484e-05
paired103,28,RAB27A,rab_gtpase,0.888419447980432,884.391516944404,1.357559584425072e-05
paired103,28,RAB27B,rab_gtpase,0.7753094858706211,335.76408904509555,3.704315358787902e-06
paired103,28,RAB29,rab_gtpase,0.7991304850153786,1149.2920835010334,3.9321122603297454e-05
paired103,28,RAB2B,rab_gtpase,0.8714360053885191,1016.070945025118,2.046099235586407e-05
paired103,28,RAB30,rab_gtpase,0.925179900320583,1813.342368217296,3.901553234830768e-05
paired103,28,RAB34,rab_gtpase,0.6993967203721888,731.4669582574329,2.251451786161596e-05
paired103,28,RAB35,rab_gtpase,0.7965424064745293,415.7383838081254,5.203943815867973e-06
paired103,28,RAB36,rab_gtpase,0.7310475337859701,1132.4898139792856,4.918624404226524e-05
paired103,28,RAB38,rab_gtpase,0.8542379496186744,760.4808279726916,1.2875648597976408e-05
paired103,28,RAB39B,rab_gtpase,0.8388875213027704,3045.2589256247365,0.0002263402505849
paired103,28,RAB3A,rab_gtpase,0.7210423623217918,408.09043835747326,6.586033441280392e-06
paired103,28,RAB3C,rab_gtpase,0.8808846803803395,1301.855233632095,3.12782044593618e-05
paired103,28,RAB3D,rab_gtpase,0.3187312450415157,476.6111938735035,1.6810736470640464e-05
paired103,28,RAB4A,rab_gtpase,0.6640970925089783,404.17945305346655,7.5218101519558545e-06
paired103,28,RAB5A,rab_gtpase,0.4846972216137234,278.9777405650934,4.90478975612163e-06
paired103,28,RAB5B,rab_gtpase,0.5463452312739407,1186.0962645446398,8.129602583928364e-05
paired103,28,RAB6A,rab_gtpase,0.7389251843177856,5793.408381953879,0.0012559340017377
paired103,28,RAB6B,rab_gtpase,-0.3122633747625273,571.6631534190716,2.429454018670896e-05
paired103,28,RAB7B,rab_gtpase,0.7850295543501453,1624.56311421767,8.342482536849438e-05
paired103,28,RAB8A,rab_gtpase,0.5404414734709927,533.0902432750216,1.6571848087898466e-05
paired103,28,RAB9A,rab_gtpase,0.8792334622465673,728.3670195828602,9.917675577231222e-06
paired103,28,RAB9B,rab_gtpase,0.8119479654840055,881.5893348952962,2.1814285669385924e-05
paired103,28,RASEF,rab_gtpase,0.925133765699862,1045.9115773860806,1.298731897392269e-05
paired103,28,DIRAS1,ras_gtpases,0.7687533110454342,624.8236637524244,1.3153472746330053e-05
paired103,28,NRAS,ras_gtpases,0.8616003879556172,2209.544261510117,0.0001036165413067
paired103,28,RALA,ras_gtpases,0.8378303366976526,545.9703671470569,7.3180371459313776e-06
paired103,28,RALB,ras_gtpases,0.5947460455944935,471.92038201234135,1.1856013498512397e-05
paired103,28,RAP1A,ras_gtpases,0.5638581526186053,175.3718687640619,1.7279262332081655e-06
paired103,28,RAP1B,ras_gtpases,-0.409472121106133,658.8901760969036,2.976523184927693e-05
paired103,28,RAP2A,ras_gtpases,0.721401530692454,308.2113333681893,3.752656215993966e-06
paired103,28,RAP2B,ras_gtpases,0.7557023623457014,458.36370628479375,7.422873570139821e-06
paired103,28,RAP2C,ras_gtpases,0.7447283525501521,451.6358304064981,7.483222341231331e-06
paired103,28,RASD2,ras_gtpases,0.830982577233453,739.3440781322523,1.3934511748359135e-05
paired103,28,RASL10A,ras_gtpases,0.9157434867361076,1145.0236675163253,1.7432248136217687e-05
paired103,28,RASL10B,ras_gtpases,0.6460812311672437,357.10792488847886,6.119768707346651e-06
paired103,28,RERGL,ras_gtpases,0.9262395878141302,2186.6216336993643,5.5959383047254896e-05
paired103,28,RHEB,ras_gtpases,0.8919101590624436,469.6065950056138,3.714791253384142e-06
paired103,28,CYP20A1,cytochrome_p450,0.8424417772260904,805.1149560322316,1.5500076669283658e-05
paired103,28,CYP26B1,cytochrome_p450,0.9043931173375565,634.2083317588621,6.032409334388866e-06
paired103,28,CYP8B1,cytochrome_p450,0.8524610783602115,1842.6412756267569,7.644229771963662e-05
paired103,28,PTGIS,cytochrome_p450,0.9433757590550272,1528.15641201621,2.1167971057889368e-05
paired103,28,ARF1,arf_gtpase,0.7893965452078275,734.37640938135,1.674144736740768e-05
paired103,28,ARF3,arf_gtpase,0.4982069431197526,415.0154660608275,1.0666137508441588e-05
paired103,28,ARF5,arf_gtpase,0.8508071536560501,987.3636747086192,2.2174208197278663e-05
paired103,28,ARF6,arf_gtpase,0.2939557219881997,558.5477291588297,2.3477771860846985e-05
paired103,28,ARL1,arf_gtpase,0.8420770616080835,477.74122972418655,5.469145663572483e-06
paired103,28,ARL13B,arf_gtpase,0.4699780191577626,502.4763688005754,1.6203893121180535e-05
paired103,28,ARL3,arf_gtpase,0.6213968674338501,470.6453448033397,1.1200653068699218e-05
paired103,28,ARL4A,arf_gtpase,0.4804431765166636,1394.1640357764643,0.0001231570098931
paired103,28,ARL5A,arf_gtpase,0.6762288657306689,892.2464067465319,3.559005273212623e-05
paired103,28,ARL5B,arf_gtpase,0.8384243390759798,2437.8992001039337,0.0001454335547291
paired103,28,ARL5C,arf_gtpase,-0.3947551497507638,1575.5279624138343,0.0001726229918826
paired103,28,ARL6,arf_gtpase,0.4275006004293193,506.10030736781255,1.724281336290545e-05
paired103,28,ARL8A,arf_gtpase,-0.3542149893846822,169.78106620372935,2.0765117210164163e-06
paired103,28,ARL8B,arf_gtpase,0.5505283761644242,179.42530066800018,1.8481176305984448e-06
paired103,28,SAR1A,arf_gtpase,0.8907117691581533,1457.824058721101,3.617400969690987e-05
paired103,28,TRIM23,arf_gtpase,0.8080926456593833,1563.238046891865,6.984857408964817e-05
paired103,28,CDC42,rho_gtpase,0.7361203049729748,623.5558217251994,1.4673019633315576e-05
paired103,28,RHOA,rho_gtpase,0.8039706750311088,930.964962767715,2.5246577890380983e-05
paired103,28,RHOB,rho_gtpase,0.7871842742953664,810.4625359329999,2.057895197293824e-05
paired103,28,RHOBTB1,rho_gtpase,0.8243857066701212,827.9334147686616,1.809052277712553e-05
paired103,28,RHOG,rho_gtpase,0.8190838142028248,749.431595149024,1.5225700469412295e-05
paired103,28,RHOQ,rho_gtpase,0.9346125834714392,1900.256999013314,3.762711191079848e-05
paired103,28,RND1,rho_gtpase,0.8644025046915406,936.5405901275612,1.826536548432678e-05
paired103,28,RND3,rho_gtpase,0.898823995505536,622.4209057651842,6.130723869568477e-06
paired103,29,HOXA1,hox,0.550575583279169,177172.96673128306,3.0471605072524e-06
paired103,29,HOXA10,hox,0.8923169806117627,668527.7254837569,1.2686238224146608e-05
paired103,29,HOXA13,hox,0.8854161734957238,979675.51756767,2.8883610628915868e-05
paired103,29,HOXA3,hox,0.6945742602611551,634987.9549535128,2.907057869250273e-05
paired103,29,HOXA4,hox,0.564987329317558,1045654.9541270304,0.0001036960466406
paired103,29,HOXA5,hox,-0.4435118906399118,615527.2473711038,4.2396516681586505e-05
paired103,29,HOXA6,hox,-0.3588217357010926,499879.1146423819,3.032689839466141e-05
paired103,29,HOXA7,hox,-0.6337070722943691,337820.08751686424,9.513183604203944e-06
paired103,29,HOXB2,hox,0.9544217266157996,1188527.4038940363,1.752865150850269e-05
paired103,29,HOXB4,hox,0.8072337070052295,1238830.9161778295,7.447933791238093e-05
paired103,29,HOXB5,hox,0.6399340332511038,1369405.9768644485,0.0001542611411401
paired103,29,HOXB7,hox,0.8822165091392071,857558.2131064007,2.271100240314184e-05
paired103,29,HOXB8,hox,0.7443040380081013,486681.560383956,1.4715979869461826e-05
paired103,29,HOXB9,hox,0.7281517000325077,1083673.4820481,7.685501575238618e-05
paired103,29,HOXC11,hox,0.9632139775138036,1742000.123475304,3.0528369650451026e-05
paired103,29,HOXC12,hox,0.980692178017062,1099753.9873081555,6.443070927231176e-06
paired103,29,HOXC4,hox,0.8647591143591489,1728636.1061659255,0.0001049810353416
paired103,29,HOXC5,hox,0.7522199166996273,1951610.7726367568,0.0002303783160606
paired103,29,HOXC6,hox,0.9182496665791496,1099242.4256849296,2.6395962918868143e-05
paired103,29,HOXC8,hox,0.8413070175158985,1364638.515339376,7.580289474384827e-05
paired103,29,HOXC9,hox,0.9701760236259058,1182420.911875668,1.1443725058235543e-05
paired103,29,HOXD10,hox,0.5404850143420062,756136.5843799998,5.637934840785341e-05
paired103,29,HOXD11,hox,0.8312386149939698,1026583.1661275736,4.536974074775824e-05
paired103,29,HOXD12,hox,0.96015328590697,1726115.104462533,3.2417479431501306e-05
paired103,29,HOXD13,hox,0.9359485325273664,761615.6732135133,1.0019521072268668e-05
paired103,29,HOXD4,hox,-0.2205952517503374,406100.234068004,2.1855266119197303e-05
paired103,29,RAB10,rab_gtpase,0.5083613441395807,868171.7481192789,7.786275616594729e-05
paired103,29,RAB11A,rab_gtpase,0.7217294370075019,830626.039765142,4.604721882173202e-05
paired103,29,RAB14,rab_gtpase,0.3035291029657402,293890.7658893836,1.0923155312037023e-05
paired103,29,RAB15,rab_gtpase,0.9054148656432014,555703.6221511122,7.752659732851441e-06
paired103,29,RAB18,rab_gtpase,0.9243829853404464,442508.4732087289,3.969220539468132e-06
paired103,29,RAB1A,rab_gtpase,0.4901845987080239,141012.80255368224,2.1043632895123565e-06
paired103,29,RAB1B,rab_gtpase,0.4986591764678748,386952.5435735008,1.567129594159944e-05
paired103,29,RAB20,rab_gtpase,0.4699684014604156,823364.3138104505,7.358003136137548e-05
paired103,29,RAB22A,rab_gtpase,0.4685622853376432,1068919.9080730523,0.0001242259138309
paired103,29,RAB23,rab_gtpase,0.9266504717943632,337662.8822764516,2.2444893132966826e-06
paired103,29,RAB24,rab_gtpase,0.8949497493152265,834552.3478505717,1.9313291764633256e-05
paired103,29,RAB25,rab_gtpase,0.8493068865348127,1307190.9641147817,6.633534956523857e-05
paired103,29,RAB27A,rab_gtpase,0.9102190618817226,909241.177814838,1.9750584115851844e-05
paired103,29,RAB27B,rab_gtpase,0.8706975634439426,206930.6056494592,1.4428135439725764e-06
paired103,29,RAB29,rab_gtpase,0.725265326602218,1058963.363775354,7.40452950405146e-05
paired103,29,RAB2B,rab_gtpase,0.8313335134239433,1184538.1271917596,6.037506207434706e-05
paired103,29,RAB30,rab_gtpase,0.9044503476278642,1334584.9585100068,4.5149315618941976e-05
paired103,29,RAB34,rab_gtpase,0.8696985432063759,585662.8060696562,1.1640424723458054e-05
paired103,29,RAB35,rab_gtpase,0.8518017537598788,213854.34201572943,1.7483333019097105e-06
paired103,29,RAB36,rab_gtpase,0.3060212847802293,1050074.6677618143,0.000139224976138
paired103,29,RAB38,rab_gtpase,0.9346928720954224,628476.8516106053,6.951889306106018e-06
paired103,29,RAB39B,rab_gtpase,0.7857603687196619,1573236.3353520047,0.0001319136462817
paired103,29,RAB3A,rab_gtpase,0.5674039965622458,137562.58504367934,1.7873707548465845e-06
paired103,29,RAB3C,rab_gtpase,0.9430148701529456,1132771.9859999064,1.979142726749039e-05
paired103,29,RAB3D,rab_gtpase,0.1125489907370871,330091.41651670187,1.4985988631033289e-05
paired103,29,RAB4A,rab_gtpase,0.8907825611268149,367961.26474140736,3.89483243523614e-06
paired103,29,RAB5A,rab_gtpase,0.7235284803531249,199391.54695082697,2.638961611789448e-06
paired103,29,RAB5B,rab_gtpase,0.7380181109922702,1196541.4600194562,9.0813610087781e-05
paired103,29,RAB6A,rab_gtpase,0.8168452562806238,2953183.3444501963,0.000404347622137
paired103,29,RAB6B,rab_gtpase,-0.6696550389446757,163015.48244295327,2.041750825410027e-06
paired103,29,RAB7B,rab_gtpase,0.7558082259283919,875271.6976879399,4.575662323769159e-05
paired103,29,RAB8A,rab_gtpase,0.1096755667372052,535225.4772401142,3.942544310731044e-05
paired103,29,RAB9A,rab_gtpase,0.8616953630916991,383050.4432122064,5.262699701913398e-06
paired103,29,RAB9B,rab_gtpase,0.9216245873505544,761041.1809138372,1.2151153058415076e-05
paired103,29,RASEF,rab_gtpase,0.8304493043305559,944176.3130870548,3.854091334842824e-05
paired103,29,DIRAS1,ras_gtpases,0.7484161581222366,272299.6403125024,4.543314787275321e-06
paired103,29,NRAS,ras_gtpases,0.7219807912070176,1189568.6003205546,9.43740805505744e-05
paired103,29,RALA,ras_gtpases,0.876649452063043,329237.00722418254,3.4953642421564624e-06
paired103,29,RALB,ras_gtpases,0.2654294644982177,241001.97852020865,7.52080703481095e-06
paired103,29,RAP1A,ras_gtpases,-0.0373126986861244,75177.90386797038,7.861866833103193e-07
paired103,29,RAP1B,ras_gtpases,0.0598289980707582,326669.9839044056,1.4812026448041138e-05
paired103,29,RAP2A,ras_gtpases,0.4366611363655995,125157.2863605218,1.7659844175899051e-06
paired103,29,RAP2B,ras_gtpases,0.6692144208030594,286147.5613343003,6.297820985823321e-06
paired103,29,RAP2C,ras_gtpases,0.8935313842923277,318532.89959462057,2.8494003547763214e-06
paired103,29,RASD2,ras_gtpases,0.7723261605488974,676532.8608900427,2.5727068840630807e-05
paired103,29,RASL10A,ras_gtpases,0.8771945559036743,796750.9356743463,2.038574780571789e-05
paired103,29,RASL10B,ras_gtpases,0.469054260016638,328892.0577024289,1.1752965241362824e-05
paired103,29,RERGL,ras_gtpases,0.9719917845767974,2278849.554823068,3.995587774985321e-05
paired103,29,RHEB,ras_gtpases,0.9135218388509264,347374.7996370048,2.781552377095764e-06
paired103,29,CYP20A1,cytochrome_p450,0.7895357629689702,796745.3907848051,3.3305441349718024e-05
paired103,29,CYP26B1,cytochrome_p450,0.9539060063694044,615224.4048808962,4.748607743354505e-06
paired103,29,CYP8B1,cytochrome_p450,0.8330480501814798,1756611.2657081473,0.0001315513742761
paired103,29,PTGIS,cytochrome_p450,0.9233370259911344,1380988.2198869665,3.917235300576749e-05
paired103,29,ARF1,arf_gtpase,0.719550699821225,475126.4021357631,1.516495470677004e-05
paired103,29,ARF3,arf_gtpase,0.3437979069797364,371770.5774714317,1.6977566507314634e-05
paired103,29,ARF5,arf_gtpase,0.8352939597586383,868969.3091897095,3.179662993479937e-05
paired103,29,ARF6,arf_gtpase,0.1031840819349799,701711.3247107507,6.786301533423522e-05
paired103,29,ARL1,arf_gtpase,0.7951527027562826,264470.4719008554,3.5829186197933183e-06
paired103,29,ARL13B,arf_gtpase,0.6328474681539559,234808.94110813583,4.604394798768396e-06
paired103,29,ARL3,arf_gtpase,0.7298680765013277,283922.5944295649,5.247350745807289e-06
paired103,29,ARL4A,arf_gtpase,0.7382468928304579,1417925.0195101933,0.0001274346886245
paired103,29,ARL5A,arf_gtpase,0.9730711166681594,639195.8147183446,3.023985720052025e-06
paired103,29,ARL5B,arf_gtpase,0.7324345289836821,1444289.984503536,0.0001347023272832
paired103,29,ARL5C,arf_gtpase,-0.5325347326800699,1100473.890162133,0.0001208636084731
paired103,29,ARL6,arf_gtpase,0.351965068777981,384061.1585495662,1.8001915618737208e-05
paired103,29,ARL8A,arf_gtpase,-0.5119986024693073,87486.36536468501,7.866898097397268e-07
paired103,29,ARL8B,arf_gtpase,0.1013834653783615,108229.39299058632,1.614930749460619e-06
paired103,29,SAR1A,arf_gtpase,0.829512100667452,811731.5648462331,2.8629257272649863e-05
paired103,29,TRIM23,arf_gtpase,0.8581693155949266,1568653.2317199043,9.033980473560632e-05
paired103,29,CDC42,rho_gtpase,0.9534484069158452,384183.8708691101,1.869671489296288e-06
paired103,29,RHOA,rho_gtpase,0.3739283564840531,436104.29674764985,2.2788930861827872e-05
paired103,29,RHOB,rho_gtpase,0.6366170386427177,728901.1104391324,4.4015795972351945e-05
paired103,29,RHOBTB1,rho_gtpase,0.5822760260089411,756336.7523635051,5.267003962861061e-05
paired103,29,RHOG,rho_gtpase,0.6060126634117963,706751.6348198156,4.402755645926959e-05
paired103,29,RHOQ,rho_gtpase,0.9611324889332188,1415103.9818512227,2.126302935223645e-05
paired103,29,RND1,rho_gtpase,0.8300010362161163,947545.60978815,3.890957227059566e-05
paired103,29,RND3,rho_gtpase,0.8440961927073624,617069.1642130174,1.5249705026643134e-05
paired103,30,HOXA1,hox,0.995287837954342,153685975838.3232,4.390266516995922e-08
paired103,30,HOXA10,hox,0.9964815600456164,445704504147.82574,2.75871082089374e-07
paired103,30,HOXA13,hox,0.91061498642433,377529821767.214,4.8121381508448025e-06
paired103,30,HOXA3,hox,0.9926531560011748,322032795309.553,3.001438327876471e-07
paired103,30,HOXA4,hox,0.9943208696422065,926759902731.62,1.9231288599375063e-06
paired103,30,HOXA5,hox,0.0466536108896978,104697458536.90152,2.1623354896638247e-06
paired103,30,HOXA6,hox,0.6707585882241974,120979918306.41006,1.5916651320280195e-06
paired103,30,HOXA7,hox,0.0533592699494703,70921891014.38042,9.915603739196754e-07
paired103,30,HOXB2,hox,0.99776312149209,1057528103665.4587,9.88023021064599e-07
paired103,30,HOXB4,hox,0.9977554930490564,859128356623.3157,6.542988593150056e-07
paired103,30,HOXB5,hox,0.9909594271328436,667790930501.6799,1.586851781754106e-06
paired103,30,HOXB7,hox,0.9938166296983072,568720167429.3674,7.883235935146615e-07
paired103,30,HOXB8,hox,0.987872895109779,250091150936.67328,2.9808428902988737e-07
paired103,30,HOXB9,hox,0.9968208658576472,537150906519.0481,3.621073078052817e-07
paired103,30,HOXC11,hox,0.999658316739712,1479229093283.0962,2.955609579302632e-07
paired103,30,HOXC12,hox,0.999861887879484,963390118644.9744,5.067955677340309e-08
paired103,30,HOXC4,hox,0.9969029829318212,1280405850027.349,2.004439372371713e-06
paired103,30,HOXC5,hox,0.9870562352827964,2774778743292.8853,3.915007630694856e-05
paired103,30,HOXC6,hox,0.9988826982843462,781100923502.5957,2.693821167243371e-07
paired103,30,HOXC8,hox,0.9903065053825444,1477001944599.938,8.320719899312934e-06
paired103,30,HOXC9,hox,0.9980554358562362,934648773064.5416,6.710014499589079e-07
paired103,30,HOXD10,hox,0.9751237313907202,445017239548.7148,1.9236686128465408e-06
paired103,30,HOXD11,hox,0.9811487879577806,584869315927.1221,2.525638682859821e-06
paired103,30,HOXD12,hox,0.9949949600657912,1230284679347.3877,2.9878435685581906e-06
paired103,30,HOXD13,hox,0.9931863552129252,608143668652.3822,9.929711141110076e-07
paired103,30,HOXD4,hox,0.7607646606319564,128400219494.52356,1.3729512040594472e-06
paired103,30,RAB10,rab_gtpase,0.9746625578003548,1013650343938.5956,1.0163208588043204e-05
paired103,30,RAB11A,rab_gtpase,0.7896019609680085,184268451814.16977,2.527535610696852e-06
paired103,30,RAB14,rab_gtpase,0.9203584064243164,37341614139.17452,4.216043081317623e-08
paired103,30,RAB15,rab_gtpase,0.998174260013858,304980547264.4456,6.708311284242542e-08
paired103,30,RAB18,rab_gtpase,0.996992286310475,248483300042.3684,7.331687312817081e-08
paired103,30,RAB1A,rab_gtpase,0.7986843035508312,26172040949.864155,4.903479911000375e-08
paired103,30,RAB1B,rab_gtpase,0.6276713997891534,86487468527.77202,8.961822158815025e-07
paired103,30,RAB20,rab_gtpase,0.332756868769517,172300009864.9624,5.219193575212167e-06
paired103,30,RAB22A,rab_gtpase,0.973396010231116,1542923155989.8137,2.470879708471596e-05
paired103,30,RAB23,rab_gtpase,0.9895350375842074,267014286755.0716,2.934640807028544e-07
paired103,30,RAB24,rab_gtpase,0.9820538283995374,349436638081.4062,8.586594416604143e-07
paired103,30,RAB25,rab_gtpase,0.9168589708777368,502974136840.335,7.970677214030886e-06
paired103,30,RAB27A,rab_gtpase,0.971676995190372,364456640182.7955,1.466438228847622e-06
paired103,30,RAB27B,rab_gtpase,0.9821115326624864,95084642152.96053,6.337509339537918e-08
paired103,30,RAB29,rab_gtpase,0.9811948813561976,726354370976.452,3.885955769611371e-06
paired103,30,RAB2B,rab_gtpase,0.958793356039911,416942327272.348,2.7739911283575225e-06
paired103,30,RAB30,rab_gtpase,0.9958487915687168,947045261736.042,1.4690635756764436e-06
paired103,30,RAB34,rab_gtpase,0.9215617247866704,204804912085.6421,1.249856085516754e-06
paired103,30,RAB35,rab_gtpase,0.9934138102823972,123971922422.3482,3.989100738621687e-08
paired103,30,RAB36,rab_gtpase,0.9519868278040204,703782118705.3617,9.177245680169754e-06
paired103,30,RAB38,rab_gtpase,0.9957733211361224,309246287332.2397,1.594836308571601e-07
paired103,30,RAB39B,rab_gtpase,0.9947195871909504,1848912660464.4604,7.118372195469291e-06
paired103,30,RAB3A,rab_gtpase,0.9764308587425284,235520895793.48065,5.10835429734513e-07
paired103,30,RAB3C,rab_gtpase,0.9855825468456124,503815298169.1393,1.4365347440481455e-06
paired103,30,RAB3D,rab_gtpase,0.9495243475544366,192398594256.2941,7.201304511594842e-07
paired103,30,RAB4A,rab_gtpase,-0.0958129041835919,52996704589.96898,5.501602274859962e-07
paired103,30,RAB5A,rab_gtpase,0.9612348619996196,118954685857.77974,2.126819919068268e-07
paired103,30,RAB5B,rab_gtpase,0.0334352117093583,247165339508.95285,1.2063924412553106e-05
paired103,30,RAB6A,rab_gtpase,0.9960188500827032,3630746843586.2046,2.0709338647395548e-05
paired103,30,RAB6B,rab_gtpase,-0.9911425766027548,186221620015.2812,1.2091122369994878e-07
paired103,30,RAB7B,rab_gtpase,0.9923827730943904,1133260017900.7222,3.853241834606003e-06
paired103,30,RAB8A,rab_gtpase,0.8844055971801321,189842819118.87625,1.5520171026128793e-06
paired103,30,RAB9A,rab_gtpase,0.9838032802542008,261288448430.04025,4.336734263921116e-07
paired103,30,RAB9B,rab_gtpase,0.9861281348242462,325251913321.9375,5.762070840464872e-07
paired103,30,RASEF,rab_gtpase,0.9889072783328556,875016474526.8744,3.339507810284914e-06
paired103,30,DIRAS1,ras_gtpases,0.2292997993532166,43515274057.68176,3.546691642597466e-07
paired103,30,NRAS,ras_gtpases,0.9877557224003114,1388929763041.466,9.282295493129313e-06
paired103,30,RALA,ras_gtpases,0.9982927584213384,195677723533.5237,2.582459368571932e-08
paired103,30,RALB,ras_gtpases,0.9395061366002572,130947290296.72084,3.977335466531784e-07
paired103,30,RAP1A,ras_gtpases,0.6468039200002332,18208695634.21685,3.81251950010153e-08
paired103,30,RAP1B,ras_gtpases,-0.7033221131478826,73670141446.69342,5.422027453683143e-07
paired103,30,RAP2A,ras_gtpases,0.906675554118708,27006379229.89772,2.5656745950009e-08
paired103,30,RAP2B,ras_gtpases,0.8790224605180978,83681012857.34799,3.146931351061255e-07
paired103,30,RAP2C,ras_gtpases,0.970005379074118,104372993202.17957,1.272575973487733e-07
paired103,30,RASD2,ras_gtpases,0.9349280541449466,194971072023.74173,9.46228022269402e-07
paired103,30,RASL10A,ras_gtpases,0.9977341187088457,780077809863.8947,5.445621249489108e-07
paired103,30,RASL10B,ras_gtpases,0.3928181908844502,80765083476.89651,1.090579518026047e-06
paired103,30,RERGL,ras_gtpases,0.9980131795178692,1433030608747.4055,1.6116283048095426e-06
paired103,30,RHEB,ras_gtpases,0.9982311462415984,181657338805.30417,2.3058984499613192e-08
paired103,30,CYP20A1,cytochrome_p450,0.99194201108499,285107723904.6781,2.579395897983616e-07
paired103,30,CYP26B1,cytochrome_p450,0.9930187628358726,382030351318.8527,4.014544050523483e-07
paired103,30,CYP8B1,cytochrome_p450,0.95761727891211,910946642341.311,1.361137771849208e-05
paired103,30,PTGIS,cytochrome_p450,0.9974266554811132,1018376091671.984,1.0538578107954777e-06
paired103,30,ARF1,arf_gtpase,0.922944735059056,126394591434.3658,4.67975189488712e-07
paired103,30,ARF3,arf_gtpase,-0.3492458407655586,72002712681.07426,8.999172544932321e-07
paired103,30,ARF5,arf_gtpase,0.9579611059540228,465529943565.4204,3.5265331878031603e-06
paired103,30,ARF6,arf_gtpase,-0.7536582245870319,239809570182.686,4.9114953473150536e-06
paired103,30,ARL1,arf_gtpase,0.9871514885306848,222524843366.25565,2.499409872402936e-07
paired103,30,ARL13B,arf_gtpase,0.9598815585157238,153485846723.75613,3.661906519125681e-07
paired103,30,ARL3,arf_gtpase,0.5875091708896953,31788297788.30764,1.308162631552534e-07
paired103,30,ARL4A,arf_gtpase,0.1812490204337295,269395017548.322,1.3876247938360288e-05
paired103,30,ARL5A,arf_gtpase,0.9973418510694158,417037327737.7525,1.8254848621612757e-07
paired103,30,ARL5B,arf_gtpase,0.9937004227080016,1701279612138.7236,7.186557271610106e-06
paired103,30,ARL5C,arf_gtpase,-0.9705804875184878,694200562822.9194,5.523284291819586e-06
paired103,30,ARL6,arf_gtpase,0.989310815812474,224236611287.7249,2.113766054412381e-07
paired103,30,ARL8A,arf_gtpase,0.8975530377835819,16625440474.39832,1.0622725477027473e-08
paired103,30,ARL8B,arf_gtpase,0.938869413261068,60795304859.24715,8.66051760306519e-08
paired103,30,SAR1A,arf_gtpase,0.9920060389691022,1129710223830.203,4.017762803787406e-06
paired103,30,TRIM23,arf_gtpase,0.9516043422482816,631049151676.7706,7.4357158849069904e-06
paired103,30,CDC42,rho_gtpase,0.9954065349844472,135695579315.97754,3.3365668672402655e-08
paired103,30,RHOA,rho_gtpase,0.940337026661252,235525505892.0518,1.2695647514382458e-06
paired103,30,RHOB,rho_gtpase,0.5707070306751122,179422585132.73196,4.291417229906891e-06
paired103,30,RHOBTB1,rho_gtpase,0.974659604086816,516233568862.1186,2.6363029728138088e-06
paired103,30,RHOG,rho_gtpase,0.7553714325070392,200738087648.509,3.420842913937072e-06
paired103,30,RHOQ,rho_gtpase,0.9984282800668302,1355065314640.1665,1.1402000581473004e-06
paired103,30,RND1,rho_gtpase,0.9321124311594492,317775472057.353,2.618548307076196e-06
paired103,30,RND3,rho_gtpase,0.9632861060882116,244917670110.9926,8.547735826924807e-07
paired103,31,HOXA1,hox,0.995287837954342,153685975838.3232,4.390266516995922e-08
paired103,31,HOXA10,hox,0.9964815600456164,445704504147.82574,2.75871082089374e-07
paired103,31,HOXA13,hox,0.91061498642433,377529821767.214,4.8121381508448025e-06
paired103,31,HOXA3,hox,0.9926531560011748,322032795309.553,3.001438327876471e-07
paired103,31,HOXA4,hox,0.9943208696422065,926759902731.62,1.9231288599375063e-06
paired103,31,HOXA5,hox,0.0466536108896978,104697458536.90152,2.1623354896638247e-06
paired103,31,HOXA6,hox,0.6707585882241974,120979918306.41006,1.5916651320280195e-06
paired103,31,HOXA7,hox,0.0533592699494703,70921891014.38042,9.915603739196754e-07
paired103,31,HOXB2,hox,0.99776312149209,1057528103665.4587,9.88023021064599e-07
paired103,31,HOXB4,hox,0.9977554930490564,859128356623.3157,6.542988593150056e-07
paired103,31,HOXB5,hox,0.9909594271328436,667790930501.6799,1.586851781754106e-06
paired103,31,HOXB7,hox,0.9938166296983072,568720167429.3674,7.883235935146615e-07
paired103,31,HOXB8,hox,0.987872895109779,250091150936.67328,2.9808428902988737e-07
paired103,31,HOXB9,hox,0.9968208658576472,537150906519.0481,3.621073078052817e-07
paired103,31,HOXC11,hox,0.999658316739712,1479229093283.0962,2.955609579302632e-07
paired103,31,HOXC12,hox,0.999861887879484,963390118644.9744,5.067955677340309e-08
paired103,31,HOXC4,hox,0.9969029829318212,1280405850027.349,2.004439372371713e-06
paired103,31,HOXC5,hox,0.9870562352827964,2774778743292.8853,3.915007630694856e-05
paired103,31,HOXC6,hox,0.9988826982843462,781100923502.5957,2.693821167243371e-07
paired103,31,HOXC8,hox,0.9903065053825444,1477001944599.938,8.320719899312934e-06
paired103,31,HOXC9,hox,0.9980554358562362,934648773064.5416,6.710014499589079e-07
paired103,31,HOXD10,hox,0.9751237313907202,445017239548.7148,1.9236686128465408e-06
paired103,31,HOXD11,hox,0.9811487879577806,584869315927.1221,2.525638682859821e-06
paired103,31,HOXD12,hox,0.9949949600657912,1230284679347.3877,2.9878435685581906e-06
paired103,31,HOXD13,hox,0.9931863552129252,608143668652.3822,9.929711141110076e-07
paired103,31,HOXD4,hox,0.7607646606319564,128400219494.52356,1.3729512040594472e-06
paired103,31,RAB10,rab_gtpase,0.9746625578003548,1013650343938.5956,1.0163208588043204e-05
paired103,31,RAB11A,rab_gtpase,0.7896019609680085,184268451814.16977,2.527535610696852e-06
paired103,31,RAB14,rab_gtpase,0.9203584064243164,37341614139.17452,4.216043081317623e-08
paired103,31,RAB15,rab_gtpase,0.998174260013858,304980547264.4456,6.708311284242542e-08
paired103,31,RAB18,rab_gtpase,0.996992286310475,248483300042.3684,7.331687312817081e-08
paired103,31,RAB1A,rab_gtpase,0.7986843035508312,26172040949.864155,4.903479911000375e-08
paired103,31,RAB1B,rab_gtpase,0.6276713997891534,86487468527.77202,8.961822158815025e-07
paired103,31,RAB20,rab_gtpase,0.332756868769517,172300009864.9624,5.219193575212167e-06
paired103,31,RAB22A,rab_gtpase,0.973396010231116,1542923155989.8137,2.470879708471596e-05
paired103,31,RAB23,rab_gtpase,0.9895350375842074,267014286755.0716,2.934640807028544e-07
paired103,31,RAB24,rab_gtpase,0.9820538283995374,349436638081.4062,8.586594416604143e-07
paired103,31,RAB25,rab_gtpase,0.9168589708777368,502974136840.335,7.970677214030886e-06
paired103,31,RAB27A,rab_gtpase,0.971676995190372,364456640182.7955,1.466438228847622e-06
paired103,31,RAB27B,rab_gtpase,0.9821115326624864,95084642152.96053,6.337509339537918e-08
paired103,31,RAB29,rab_gtpase,0.9811948813561976,726354370976.452,3.885955769611371e-06
paired103,31,RAB2B,rab_gtpase,0.958793356039911,416942327272.348,2.7739911283575225e-06
paired103,31,RAB30,rab_gtpase,0.9958487915687168,947045261736.042,1.4690635756764436e-06
paired103,31,RAB34,rab_gtpase,0.9215617247866704,204804912085.6421,1.249856085516754e-06
paired103,31,RAB35,rab_gtpase,0.9934138102823972,123971922422.3482,3.989100738621687e-08
paired103,31,RAB36,rab_gtpase,0.9519868278040204,703782118705.3617,9.177245680169754e-06
paired103,31,RAB38,rab_gtpase,0.9957733211361224,309246287332.2397,1.594836308571601e-07
paired103,31,RAB39B,rab_gtpase,0.9947195871909504,1848912660464.4604,7.118372195469291e-06
paired103,31,RAB3A,rab_gtpase,0.9764308587425284,235520895793.48065,5.10835429734513e-07
paired103,31,RAB3C,rab_gtpase,0.9855825468456124,503815298169.1393,1.4365347440481455e-06
paired103,31,RAB3D,rab_gtpase,0.9495243475544366,192398594256.2941,7.201304511594842e-07
paired103,31,RAB4A,rab_gtpase,-0.0958129041835919,52996704589.96898,5.501602274859962e-07
paired103,31,RAB5A,rab_gtpase,0.9612348619996196,118954685857.77974,2.126819919068268e-07
paired103,31,RAB5B,rab_gtpase,0.0334352117093583,247165339508.95285,1.2063924412553106e-05
paired103,31,RAB6A,rab_gtpase,0.9960188500827032,3630746843586.2046,2.0709338647395548e-05
paired103,31,RAB6B,rab_gtpase,-0.9911425766027548,186221620015.2812,1.2091122369994878e-07
paired103,31,RAB7B,rab_gtpase,0.9923827730943904,1133260017900.7222,3.853241834606003e-06
paired103,31,RAB8A,rab_gtpase,0.8844055971801321,189842819118.87625,1.5520171026128793e-06
paired103,31,RAB9A,rab_gtpase,0.9838032802542008,261288448430.04025,4.336734263921116e-07
paired103,31,RAB9B,rab_gtpase,0.9861281348242462,325251913321.9375,5.762070840464872e-07
paired103,31,RASEF,rab_gtpase,0.9889072783328556,875016474526.8744,3.339507810284914e-06
paired103,31,DIRAS1,ras_gtpases,0.2292997993532166,43515274057.68176,3.546691642597466e-07
paired103,31,NRAS,ras_gtpases,0.9877557224003114,1388929763041.466,9.282295493129313e-06
paired103,31,RALA,ras_gtpases,0.9982927584213384,195677723533.5237,2.582459368571932e-08
paired103,31,RALB,ras_gtpases,0.9395061366002572,130947290296.72084,3.977335466531784e-07
paired103,31,RAP1A,ras_gtpases,0.6468039200002332,18208695634.21685,3.81251950010153e-08
paired103,31,RAP1B,ras_gtpases,-0.7033221131478826,73670141446.69342,5.422027453683143e-07
paired103,31,RAP2A,ras_gtpases,0.906675554118708,27006379229.89772,2.5656745950009e-08
paired103,31,RAP2B,ras_gtpases,0.8790224605180978,83681012857.34799,3.146931351061255e-07
paired103,31,RAP2C,ras_gtpases,0.970005379074118,104372993202.17957,1.272575973487733e-07
paired103,31,RASD2,ras_gtpases,0.9349280541449466,194971072023.74173,9.46228022269402e-07
paired103,31,RASL10A,ras_gtpases,0.9977341187088457,780077809863.8947,5.445621249489108e-07
paired103,31,RASL10B,ras_gtpases,0.3928181908844502,80765083476.89651,1.090579518026047e-06
paired103,31,RERGL,ras_gtpases,0.9980131795178692,1433030608747.4055,1.6116283048095426e-06
paired103,31,RHEB,ras_gtpases,0.9982311462415984,181657338805.30417,2.3058984499613192e-08
paired103,31,CYP20A1,cytochrome_p450,0.99194201108499,285107723904.6781,2.579395897983616e-07
paired103,31,CYP26B1,cytochrome_p450,0.9930187628358726,382030351318.8527,4.014544050523483e-07
paired103,31,CYP8B1,cytochrome_p450,0.95761727891211,910946642341.311,1.361137771849208e-05
paired103,31,PTGIS,cytochrome_p450,0.9974266554811132,1018376091671.984,1.0538578107954777e-06
paired103,31,ARF1,arf_gtpase,0.922944735059056,126394591434.3658,4.67975189488712e-07
paired103,31,ARF3,arf_gtpase,-0.3492458407655586,72002712681.07426,8.999172544932321e-07
paired103,31,ARF5,arf_gtpase,0.9579611059540228,465529943565.4204,3.5265331878031603e-06
paired103,31,ARF6,arf_gtpase,-0.7536582245870319,239809570182.686,4.9114953473150536e-06
paired103,31,ARL1,arf_gtpase,0.9871514885306848,222524843366.25565,2.499409872402936e-07
paired103,31,ARL13B,arf_gtpase,0.9598815585157238,153485846723.75613,3.661906519125681e-07
paired103,31,ARL3,arf_gtpase,0.5875091708896953,31788297788.30764,1.308162631552534e-07
paired103,31,ARL4A,arf_gtpase,0.1812490204337295,269395017548.322,1.3876247938360288e-05
paired103,31,ARL5A,arf_gtpase,0.9973418510694158,417037327737.7525,1.8254848621612757e-07
paired103,31,ARL5B,arf_gtpase,0.9937004227080016,1701279612138.7236,7.186557271610106e-06
paired103,31,ARL5C,arf_gtpase,-0.9705804875184878,694200562822.9194,5.523284291819586e-06
paired103,31,ARL6,arf_gtpase,0.989310815812474,224236611287.7249,2.113766054412381e-07
paired103,31,ARL8A,arf_gtpase,0.8975530377835819,16625440474.39832,1.0622725477027473e-08
paired103,31,ARL8B,arf_gtpase,0.938869413261068,60795304859.24715,8.66051760306519e-08
paired103,31,SAR1A,arf_gtpase,0.9920060389691022,1129710223830.203,4.017762803787406e-06
paired103,31,TRIM23,arf_gtpase,0.9516043422482816,631049151676.7706,7.4357158849069904e-06
paired103,31,CDC42,rho_gtpase,0.9954065349844472,135695579315.97754,3.3365668672402655e-08
paired103,31,RHOA,rho_gtpase,0.940337026661252,235525505892.0518,1.2695647514382458e-06
paired103,31,RHOB,rho_gtpase,0.5707070306751122,179422585132.73196,4.291417229906891e-06
paired103,31,RHOBTB1,rho_gtpase,0.974659604086816,516233568862.1186,2.6363029728138088e-06
paired103,31,RHOG,rho_gtpase,0.7553714325070392,200738087648.509,3.420842913937072e-06
paired103,31,RHOQ,rho_gtpase,0.9984282800668302,1355065314640.1665,1.1402000581473004e-06
paired103,31,RND1,rho_gtpase,0.9321124311594492,317775472057.353,2.618548307076196e-06
paired103,31,RND3,rho_gtpase,0.9632861060882116,244917670110.9926,8.547735826924807e-07
