layer,metric,family,rho
0,"k-mer composition (CDS, k=6)",adam_metallopeptidase,0.7166455368089696
0,"k-mer composition (CDS, k=6)",adamts_metallopeptidase,0.6627853599978194
0,"k-mer composition (CDS, k=6)",adrenoceptor,0.7685794342359208
0,"k-mer composition (CDS, k=6)",alcohol_dehydrogenase,0.652864782276547
0,"k-mer composition (CDS, k=6)",aldehyde_dehydrogenase,0.708673237328898
0,"k-mer composition (CDS, k=6)",aldo_keto_reductase,0.6561351300663749
0,"k-mer composition (CDS, k=6)",alkaline_phosphatase,0.7546004047552034
0,"k-mer composition (CDS, k=6)",arachidonate_lipoxygenase,0.8063739386002595
0,"k-mer composition (CDS, k=6)",arf_gtpase,0.7080201884686351
0,"k-mer composition (CDS, k=6)",carbonic_anhydrase,0.5784488244179623
0,"k-mer composition (CDS, k=6)",cxc_chemokine_receptor,0.8188073615041582
0,"k-mer composition (CDS, k=6)",cytochrome_p450,0.7421236725284104
0,"k-mer composition (CDS, k=6)",dopamine_receptor,0.6798348065449094
0,"k-mer composition (CDS, k=6)",ectonucleotide_pyrophosphatase,0.7273830898806294
0,"k-mer composition (CDS, k=6)",ferritin,0.8711199679615675
0,"k-mer composition (CDS, k=6)",flavin_monooxygenase,0.6990917815568995
0,"k-mer composition (CDS, k=6)",globins,0.8489211971451341
0,"k-mer composition (CDS, k=6)",glutamate_metabotropic,0.4728944596206092
0,"k-mer composition (CDS, k=6)",glutaredoxin,0.7694933842963839
0,"k-mer composition (CDS, k=6)",glutathione_peroxidase,0.8052932737289259
0,"k-mer composition (CDS, k=6)",glutathione_s_transferase,0.5463897690086438
0,"k-mer composition (CDS, k=6)",guanylate_binding_protein,0.7295783926218709
0,"k-mer composition (CDS, k=6)",heme_oxygenase,0.6559091851544682
0,"k-mer composition (CDS, k=6)",histamine_receptor,0.7770925156823602
0,"k-mer composition (CDS, k=6)",histone_deacetylase_classI,0.7460223724497022
0,"k-mer composition (CDS, k=6)",histone_h4,0.8338748208313426
0,"k-mer composition (CDS, k=6)",hox,0.7991634820435671
0,"k-mer composition (CDS, k=6)",m14_carboxypeptidase,0.6972026513110042
0,"k-mer composition (CDS, k=6)",matrix_metalloproteinase,0.7278732957642398
0,"k-mer composition (CDS, k=6)",metallothionein,0.5808244935847974
0,"k-mer composition (CDS, k=6)",muscarinic_receptor,0.765803634934252
0,"k-mer composition (CDS, k=6)",nadph_oxidase,0.7035290192155252
0,"k-mer composition (CDS, k=6)",nitric_oxide_synthase,0.9002542461095687
0,"k-mer composition (CDS, k=6)",olfactory_receptors,0.721905420402607
0,"k-mer composition (CDS, k=6)",opsins,0.7048436944629547
0,"k-mer composition (CDS, k=6)",p2y_receptor,0.7398175260394922
0,"k-mer composition (CDS, k=6)",peroxidase,0.7895635422876837
0,"k-mer composition (CDS, k=6)",peroxiredoxin,0.7234698147929326
0,"k-mer composition (CDS, k=6)",phosphodiesterase,0.6360154212632793
0,"k-mer composition (CDS, k=6)",rab_gtpase,0.707703925996902
0,"k-mer composition (CDS, k=6)",ras_gtpases,0.7464125716595137
0,"k-mer composition (CDS, k=6)",rho_gtpase,0.7869770059929934
0,"k-mer composition (CDS, k=6)",serine_protease,0.6572918356439378
0,"k-mer composition (CDS, k=6)",serotonin_receptor,0.7488112227951611
0,"k-mer composition (CDS, k=6)",steap_metalloreductase,0.6217772972956441
0,"k-mer composition (CDS, k=6)",sulfotransferase,0.7558080778757101
0,"k-mer composition (CDS, k=6)",taste2_receptor,0.6604289747167977
0,"k-mer composition (CDS, k=6)",udp_glucuronosyltransferase,0.5903981994028119
0,patristic tree,adam_metallopeptidase,0.6367266583150824
0,patristic tree,adamts_metallopeptidase,0.5983207653251312
0,patristic tree,adrenoceptor,0.779261760623186
0,patristic tree,alcohol_dehydrogenase,0.8194527397735953
0,patristic tree,aldehyde_dehydrogenase,0.6395715707792989
0,patristic tree,aldo_keto_reductase,0.7063691587351416
0,patristic tree,alkaline_phosphatase,0.4693015962365807
0,patristic tree,arachidonate_lipoxygenase,0.6120663462124954
0,patristic tree,arf_gtpase,0.5568539965797388
0,patristic tree,carbonic_anhydrase,0.6281383037647342
0,patristic tree,cxc_chemokine_receptor,0.7060752655933425
0,patristic tree,cytochrome_p450,0.7029934967237137
0,patristic tree,dopamine_receptor,0.5824677298762433
0,patristic tree,ectonucleotide_pyrophosphatase,0.6900169029372055
0,patristic tree,ferritin,0.8945043486312958
0,patristic tree,flavin_monooxygenase,0.6106569351248174
0,patristic tree,globins,0.7426358540890338
0,patristic tree,glutamate_metabotropic,0.4275936599481353
0,patristic tree,glutaredoxin,0.7350182929569633
0,patristic tree,glutathione_peroxidase,0.5547891344957654
0,patristic tree,glutathione_s_transferase,0.4066293133633104
0,patristic tree,guanylate_binding_protein,0.6990118577075097
0,patristic tree,heme_oxygenase,0.6110615799295045
0,patristic tree,histamine_receptor,0.6301316351479752
0,patristic tree,histone_deacetylase_classI,0.5040419177681659
0,patristic tree,hox,0.6939723253411589
0,patristic tree,m14_carboxypeptidase,0.630077999637612
0,patristic tree,matrix_metalloproteinase,0.5943538961692649
0,patristic tree,metallothionein,0.2068721187617419
0,patristic tree,muscarinic_receptor,0.7213074939090584
0,patristic tree,nadph_oxidase,0.60174009723021
0,patristic tree,nitric_oxide_synthase,0.7850434299367052
0,patristic tree,olfactory_receptors,0.621356245244996
0,patristic tree,opsins,0.6270363847265511
0,patristic tree,p2y_receptor,0.6861752110365842
0,patristic tree,peroxidase,0.6210825833077394
0,patristic tree,peroxiredoxin,0.652659557143197
0,patristic tree,phosphodiesterase,0.5361276851973464
0,patristic tree,rab_gtpase,0.5522269086433047
0,patristic tree,ras_gtpases,0.5271227769973312
0,patristic tree,rho_gtpase,0.6171729485207645
0,patristic tree,serine_protease,0.6007817110972299
0,patristic tree,serotonin_receptor,0.6457823298501009
0,patristic tree,steap_metalloreductase,0.4228659357194046
0,patristic tree,sulfotransferase,0.6630068829744216
0,patristic tree,taste2_receptor,0.6034530524283472
0,patristic tree,udp_glucuronosyltransferase,0.5148952996489549
0,species tree (mammal),adam_metallopeptidase,0.440086050998859
0,species tree (mammal),adamts_metallopeptidase,0.4440892204793775
0,species tree (mammal),adrenoceptor,0.6046907607034758
0,species tree (mammal),alcohol_dehydrogenase,0.2357455378845753
0,species tree (mammal),aldehyde_dehydrogenase,0.4746632457117454
0,species tree (mammal),aldo_keto_reductase,0.6572931178090902
0,species tree (mammal),alkaline_phosphatase,0.4706485464999397
0,species tree (mammal),arachidonate_lipoxygenase,0.5768618316179333
0,species tree (mammal),arf_gtpase,0.4346487468226454
0,species tree (mammal),carbonic_anhydrase,0.2978534386300605
0,species tree (mammal),cxc_chemokine_receptor,0.457413489986067
0,species tree (mammal),cytochrome_p450,0.5958498322099519
0,species tree (mammal),dopamine_receptor,0.4145535797448801
0,species tree (mammal),ectonucleotide_pyrophosphatase,0.4094487215754164
0,species tree (mammal),ferritin,0.2939940474932336
0,species tree (mammal),flavin_monooxygenase,0.5669261333870566
0,species tree (mammal),globins,0.5236798544233806
0,species tree (mammal),glutamate_metabotropic,0.3148283379179559
0,species tree (mammal),glutaredoxin,0.3986763980921255
0,species tree (mammal),glutathione_peroxidase,0.4063292931602421
0,species tree (mammal),glutathione_s_transferase,0.266129349522355
0,species tree (mammal),guanylate_binding_protein,0.4864953886693016
0,species tree (mammal),heme_oxygenase,0.1797843665768193
0,species tree (mammal),histamine_receptor,0.3904121439936716
0,species tree (mammal),histone_deacetylase_classI,0.4356390009975235
0,species tree (mammal),histone_h4,-0.029399585921325
0,species tree (mammal),hox,0.5723835387752185
0,species tree (mammal),m14_carboxypeptidase,0.4387856431705985
0,species tree (mammal),matrix_metalloproteinase,0.4854642355956083
0,species tree (mammal),metallothionein,0.4052806250949967
0,species tree (mammal),muscarinic_receptor,0.6952670078478205
0,species tree (mammal),nadph_oxidase,0.4857386668027606
0,species tree (mammal),nitric_oxide_synthase,0.5369353877091091
0,species tree (mammal),olfactory_receptors,0.4362455988159778
0,species tree (mammal),opsins,0.2434543192695767
0,species tree (mammal),p2y_receptor,0.4044688099526216
0,species tree (mammal),peroxidase,0.6410663291611003
0,species tree (mammal),peroxiredoxin,0.5562259547505002
0,species tree (mammal),phosphodiesterase,0.4116084292381854
0,species tree (mammal),rab_gtpase,0.3988848928116252
0,species tree (mammal),ras_gtpases,0.3697055225332122
0,species tree (mammal),rho_gtpase,0.5232908081358211
0,species tree (mammal),serine_protease,0.4186254034104146
0,species tree (mammal),serotonin_receptor,0.5754211293670202
0,species tree (mammal),steap_metalloreductase,0.4202850040389774
0,species tree (mammal),sulfotransferase,0.5028359671863492
0,species tree (mammal),taste2_receptor,0.4777167177302237
0,species tree (mammal),udp_glucuronosyltransferase,0.4290248007275248
0,GC content (control),adam_metallopeptidase,0.6736151509151211
0,GC content (control),adamts_metallopeptidase,0.7354552238249233
0,GC content (control),adrenoceptor,0.8030225106205026
0,GC content (control),alcohol_dehydrogenase,0.3823467628386873
0,GC content (control),aldehyde_dehydrogenase,0.700631790232406
0,GC content (control),aldo_keto_reductase,0.6483318344331678
0,GC content (control),alkaline_phosphatase,0.6373129657040798
0,GC content (control),arachidonate_lipoxygenase,0.816831077366096
0,GC content (control),arf_gtpase,0.6557418197738019
0,GC content (control),carbonic_anhydrase,0.5045296575836867
0,GC content (control),cxc_chemokine_receptor,0.8794092320413331
0,GC content (control),cytochrome_p450,0.6999858486004866
0,GC content (control),dopamine_receptor,0.7141317013946366
0,GC content (control),ectonucleotide_pyrophosphatase,0.7910237177414347
0,GC content (control),ferritin,0.807714733653897
0,GC content (control),flavin_monooxygenase,0.7241876464955607
0,GC content (control),globins,0.8184397801631581
0,GC content (control),glutamate_metabotropic,0.6001126046332056
0,GC content (control),glutaredoxin,0.6600912062974145
0,GC content (control),glutathione_peroxidase,0.6394159312866192
0,GC content (control),glutathione_s_transferase,0.5106423541022641
0,GC content (control),guanylate_binding_protein,0.7255399713235882
0,GC content (control),heme_oxygenase,0.7612313976434303
0,GC content (control),histamine_receptor,0.7929022306028803
0,GC content (control),histone_deacetylase_classI,0.592340083787303
0,GC content (control),histone_h4,0.7892056400409705
0,GC content (control),hox,0.6674468479441863
0,GC content (control),m14_carboxypeptidase,0.6882541701153813
0,GC content (control),matrix_metalloproteinase,0.6830054713703523
0,GC content (control),metallothionein,0.1540319327108227
0,GC content (control),muscarinic_receptor,0.8693275284938342
0,GC content (control),nadph_oxidase,0.7053377211101974
0,GC content (control),nitric_oxide_synthase,0.812822370627766
0,GC content (control),olfactory_receptors,0.6582066664845395
0,GC content (control),opsins,0.5800682819708846
0,GC content (control),p2y_receptor,0.6700486888523068
0,GC content (control),peroxidase,0.8355333497378549
0,GC content (control),peroxiredoxin,0.6019805903862491
0,GC content (control),phosphodiesterase,0.5952883523120456
0,GC content (control),rab_gtpase,0.6093766784322855
0,GC content (control),ras_gtpases,0.5993449151536601
0,GC content (control),rho_gtpase,0.6992855634266217
0,GC content (control),serine_protease,0.6810082367439382
0,GC content (control),serotonin_receptor,0.7078151350861323
0,GC content (control),steap_metalloreductase,0.7398243255738745
0,GC content (control),sulfotransferase,0.6843315944032431
0,GC content (control),taste2_receptor,0.7503774528883197
0,GC content (control),udp_glucuronosyltransferase,0.7662730974231611
1,"k-mer composition (CDS, k=6)",adam_metallopeptidase,0.7899014537766624
1,"k-mer composition (CDS, k=6)",adamts_metallopeptidase,0.7362650074364203
1,"k-mer composition (CDS, k=6)",adrenoceptor,0.8288760479830892
1,"k-mer composition (CDS, k=6)",alcohol_dehydrogenase,0.7231196610875754
1,"k-mer composition (CDS, k=6)",aldehyde_dehydrogenase,0.7809645736685947
1,"k-mer composition (CDS, k=6)",aldo_keto_reductase,0.8346107733514667
1,"k-mer composition (CDS, k=6)",alkaline_phosphatase,0.8236232291959845
1,"k-mer composition (CDS, k=6)",arachidonate_lipoxygenase,0.820225859895265
1,"k-mer composition (CDS, k=6)",arf_gtpase,0.7566882392020274
1,"k-mer composition (CDS, k=6)",carbonic_anhydrase,0.6787489255820089
1,"k-mer composition (CDS, k=6)",cxc_chemokine_receptor,0.8665603619566052
1,"k-mer composition (CDS, k=6)",cytochrome_p450,0.8275832636135461
1,"k-mer composition (CDS, k=6)",dopamine_receptor,0.7658855986704973
1,"k-mer composition (CDS, k=6)",ectonucleotide_pyrophosphatase,0.7860684332825149
1,"k-mer composition (CDS, k=6)",ferritin,0.7925635330423577
1,"k-mer composition (CDS, k=6)",flavin_monooxygenase,0.7652760399002949
1,"k-mer composition (CDS, k=6)",globins,0.866977736941413
1,"k-mer composition (CDS, k=6)",glutamate_metabotropic,0.5712834395954739
1,"k-mer composition (CDS, k=6)",glutaredoxin,0.7810225919583402
1,"k-mer composition (CDS, k=6)",glutathione_peroxidase,0.8502579075630362
1,"k-mer composition (CDS, k=6)",glutathione_s_transferase,0.6788519146164764
1,"k-mer composition (CDS, k=6)",guanylate_binding_protein,0.9092885375494072
1,"k-mer composition (CDS, k=6)",heme_oxygenase,0.813477088948787
1,"k-mer composition (CDS, k=6)",histamine_receptor,0.8135665512653362
1,"k-mer composition (CDS, k=6)",histone_deacetylase_classI,0.802791129194439
1,"k-mer composition (CDS, k=6)",histone_h4,0.8898550724637682
1,"k-mer composition (CDS, k=6)",hox,0.8468510527069009
1,"k-mer composition (CDS, k=6)",m14_carboxypeptidase,0.7763474202368396
1,"k-mer composition (CDS, k=6)",matrix_metalloproteinase,0.7942437489606907
1,"k-mer composition (CDS, k=6)",metallothionein,0.6288076088921155
1,"k-mer composition (CDS, k=6)",muscarinic_receptor,0.790456573649566
1,"k-mer composition (CDS, k=6)",nadph_oxidase,0.8214187822843995
1,"k-mer composition (CDS, k=6)",nitric_oxide_synthase,0.91045173286865
1,"k-mer composition (CDS, k=6)",olfactory_receptors,0.7856541198847006
1,"k-mer composition (CDS, k=6)",opsins,0.7836918685044941
1,"k-mer composition (CDS, k=6)",p2y_receptor,0.826772206448701
1,"k-mer composition (CDS, k=6)",peroxidase,0.878126578202815
1,"k-mer composition (CDS, k=6)",peroxiredoxin,0.7756497950823176
1,"k-mer composition (CDS, k=6)",phosphodiesterase,0.7075322280351793
1,"k-mer composition (CDS, k=6)",rab_gtpase,0.7628698298572947
1,"k-mer composition (CDS, k=6)",ras_gtpases,0.7791448095513503
1,"k-mer composition (CDS, k=6)",rho_gtpase,0.8208783635920943
1,"k-mer composition (CDS, k=6)",serine_protease,0.7287954012460791
1,"k-mer composition (CDS, k=6)",serotonin_receptor,0.8068796181393504
1,"k-mer composition (CDS, k=6)",steap_metalloreductase,0.7542218513403322
1,"k-mer composition (CDS, k=6)",sulfotransferase,0.7753800479048307
1,"k-mer composition (CDS, k=6)",taste2_receptor,0.7610733795789087
1,"k-mer composition (CDS, k=6)",udp_glucuronosyltransferase,0.751723885146345
1,patristic tree,adam_metallopeptidase,0.7123977459185289
1,patristic tree,adamts_metallopeptidase,0.6608244022510564
1,patristic tree,adrenoceptor,0.8172568438836054
1,patristic tree,alcohol_dehydrogenase,0.7940343079380511
1,patristic tree,aldehyde_dehydrogenase,0.6959249218607295
1,patristic tree,aldo_keto_reductase,0.6953622865247943
1,patristic tree,alkaline_phosphatase,0.5117539838902068
1,patristic tree,arachidonate_lipoxygenase,0.660469096960205
1,patristic tree,arf_gtpase,0.5349906759192259
1,patristic tree,carbonic_anhydrase,0.5998989781224628
1,patristic tree,cxc_chemokine_receptor,0.7222594651230235
1,patristic tree,cytochrome_p450,0.7703950005724203
1,patristic tree,dopamine_receptor,0.6812926307266421
1,patristic tree,ectonucleotide_pyrophosphatase,0.766786616305616
1,patristic tree,ferritin,0.855102389569539
1,patristic tree,flavin_monooxygenase,0.7051444788057549
1,patristic tree,globins,0.7880249985298428
1,patristic tree,glutamate_metabotropic,0.4904068599688785
1,patristic tree,glutaredoxin,0.7480364239285149
1,patristic tree,glutathione_peroxidase,0.5504522580285667
1,patristic tree,glutathione_s_transferase,0.4752391786000722
1,patristic tree,guanylate_binding_protein,0.906060606060606
1,patristic tree,heme_oxygenase,0.6248600456147626
1,patristic tree,histamine_receptor,0.673460478172121
1,patristic tree,histone_deacetylase_classI,0.4002017716061917
1,patristic tree,hox,0.7169311018179858
1,patristic tree,m14_carboxypeptidase,0.6920081875060935
1,patristic tree,matrix_metalloproteinase,0.6573016174619434
1,patristic tree,metallothionein,0.3334344447085289
1,patristic tree,muscarinic_receptor,0.7164361553877876
1,patristic tree,nadph_oxidase,0.757300546070731
1,patristic tree,nitric_oxide_synthase,0.8069198502530607
1,patristic tree,olfactory_receptors,0.6618666945058904
1,patristic tree,opsins,0.6693408335352632
1,patristic tree,p2y_receptor,0.7098190452437613
1,patristic tree,peroxidase,0.6504891172166837
1,patristic tree,peroxiredoxin,0.7420305208774363
1,patristic tree,phosphodiesterase,0.5854879591849399
1,patristic tree,rab_gtpase,0.5389164341461535
1,patristic tree,ras_gtpases,0.5398543772837278
1,patristic tree,rho_gtpase,0.5993526002377096
1,patristic tree,serine_protease,0.6543366558449815
1,patristic tree,serotonin_receptor,0.6945730035797761
1,patristic tree,steap_metalloreductase,0.5100474942936458
1,patristic tree,sulfotransferase,0.7160262269214105
1,patristic tree,taste2_receptor,0.7222495857058435
1,patristic tree,udp_glucuronosyltransferase,0.6782191664544606
1,species tree (mammal),adam_metallopeptidase,0.484707726898916
1,species tree (mammal),adamts_metallopeptidase,0.5049216818604245
1,species tree (mammal),adrenoceptor,0.6082660611468133
1,species tree (mammal),alcohol_dehydrogenase,0.2615181609834016
1,species tree (mammal),aldehyde_dehydrogenase,0.5596156006658033
1,species tree (mammal),aldo_keto_reductase,0.6977193157746143
1,species tree (mammal),alkaline_phosphatase,0.6317933872113437
1,species tree (mammal),arachidonate_lipoxygenase,0.5956430953301218
1,species tree (mammal),arf_gtpase,0.5048971304327672
1,species tree (mammal),carbonic_anhydrase,0.3952943640336153
1,species tree (mammal),cxc_chemokine_receptor,0.4498450143045506
1,species tree (mammal),cytochrome_p450,0.6264222072219222
1,species tree (mammal),dopamine_receptor,0.4641563320311852
1,species tree (mammal),ectonucleotide_pyrophosphatase,0.4805905016104404
1,species tree (mammal),ferritin,0.3174576187914679
1,species tree (mammal),flavin_monooxygenase,0.5907686155460329
1,species tree (mammal),globins,0.5211261534834645
1,species tree (mammal),glutamate_metabotropic,0.3608195662196095
1,species tree (mammal),glutaredoxin,0.4279310260913979
1,species tree (mammal),glutathione_peroxidase,0.4609684762500858
1,species tree (mammal),glutathione_s_transferase,0.3679396516616561
1,species tree (mammal),guanylate_binding_protein,0.4644927536231883
1,species tree (mammal),heme_oxygenase,0.3837341903379638
1,species tree (mammal),histamine_receptor,0.4458100235684585
1,species tree (mammal),histone_deacetylase_classI,0.5163651973746625
1,species tree (mammal),histone_h4,-0.0726867335562987
1,species tree (mammal),hox,0.6021303941567476
1,species tree (mammal),m14_carboxypeptidase,0.5100522419655951
1,species tree (mammal),matrix_metalloproteinase,0.5167941482621071
1,species tree (mammal),metallothionein,0.4982380074419761
1,species tree (mammal),muscarinic_receptor,0.6825665482830859
1,species tree (mammal),nadph_oxidase,0.5252438980340358
1,species tree (mammal),nitric_oxide_synthase,0.5531649751731033
1,species tree (mammal),olfactory_receptors,0.468681479812988
1,species tree (mammal),opsins,0.3588455827189641
1,species tree (mammal),p2y_receptor,0.4881758708556661
1,species tree (mammal),peroxidase,0.6746290333136721
1,species tree (mammal),peroxiredoxin,0.5650860215424656
1,species tree (mammal),phosphodiesterase,0.4922376407339228
1,species tree (mammal),rab_gtpase,0.4901330762142428
1,species tree (mammal),ras_gtpases,0.4402514913008015
1,species tree (mammal),rho_gtpase,0.5359727243325323
1,species tree (mammal),serine_protease,0.4815938652930197
1,species tree (mammal),serotonin_receptor,0.6208544501017459
1,species tree (mammal),steap_metalloreductase,0.5217131584956065
1,species tree (mammal),sulfotransferase,0.4997721019963613
1,species tree (mammal),taste2_receptor,0.530717830283184
1,species tree (mammal),udp_glucuronosyltransferase,0.4989638555146576
1,GC content (control),adam_metallopeptidase,0.609701422277022
1,GC content (control),adamts_metallopeptidase,0.725459056817441
1,GC content (control),adrenoceptor,0.7433388219664124
1,GC content (control),alcohol_dehydrogenase,0.4362712000172444
1,GC content (control),aldehyde_dehydrogenase,0.6497561634648413
1,GC content (control),aldo_keto_reductase,0.6895321291228163
1,GC content (control),alkaline_phosphatase,0.6346541442619863
1,GC content (control),arachidonate_lipoxygenase,0.7805451933265398
1,GC content (control),arf_gtpase,0.5901673137834904
1,GC content (control),carbonic_anhydrase,0.4343359092051457
1,GC content (control),cxc_chemokine_receptor,0.8266290428601358
1,GC content (control),cytochrome_p450,0.6642606424719919
1,GC content (control),dopamine_receptor,0.6655232189110791
1,GC content (control),ectonucleotide_pyrophosphatase,0.6932490062460499
1,GC content (control),ferritin,0.6561444951070056
1,GC content (control),flavin_monooxygenase,0.6704940421073855
1,GC content (control),globins,0.711086228720824
1,GC content (control),glutamate_metabotropic,0.597590202012773
1,GC content (control),glutaredoxin,0.5895397922636387
1,GC content (control),glutathione_peroxidase,0.6399615246891666
1,GC content (control),glutathione_s_transferase,0.4302526803064697
1,GC content (control),guanylate_binding_protein,0.6671884831224325
1,GC content (control),heme_oxygenase,0.6155122097957966
1,GC content (control),histamine_receptor,0.7388412671896872
1,GC content (control),histone_deacetylase_classI,0.5639944854817388
1,GC content (control),histone_h4,0.7622911239074407
1,GC content (control),hox,0.6283878501737945
1,GC content (control),m14_carboxypeptidase,0.6581263643546639
1,GC content (control),matrix_metalloproteinase,0.6435682401847791
1,GC content (control),metallothionein,0.3049094790639882
1,GC content (control),muscarinic_receptor,0.8528538110354844
1,GC content (control),nadph_oxidase,0.6070197471945094
1,GC content (control),nitric_oxide_synthase,0.7753838644141532
1,GC content (control),olfactory_receptors,0.5904212719574023
1,GC content (control),opsins,0.5588914748292285
1,GC content (control),p2y_receptor,0.6593281651495977
1,GC content (control),peroxidase,0.7637708507547007
1,GC content (control),peroxiredoxin,0.5688302077074173
1,GC content (control),phosphodiesterase,0.588228315679673
1,GC content (control),rab_gtpase,0.5401095527509597
1,GC content (control),ras_gtpases,0.5188493749399394
1,GC content (control),rho_gtpase,0.6536827630978846
1,GC content (control),serine_protease,0.6000180049710103
1,GC content (control),serotonin_receptor,0.6891362571518349
1,GC content (control),steap_metalloreductase,0.643869045079973
1,GC content (control),sulfotransferase,0.5855097706349001
1,GC content (control),taste2_receptor,0.6603536008052949
1,GC content (control),udp_glucuronosyltransferase,0.6503208681824437
2,"k-mer composition (CDS, k=6)",adam_metallopeptidase,0.5473500781790955
2,"k-mer composition (CDS, k=6)",adamts_metallopeptidase,0.4280698692981248
2,"k-mer composition (CDS, k=6)",adrenoceptor,0.7930824503176797
2,"k-mer composition (CDS, k=6)",alcohol_dehydrogenase,0.4127925550385443
2,"k-mer composition (CDS, k=6)",aldehyde_dehydrogenase,0.4598910420391939
2,"k-mer composition (CDS, k=6)",aldo_keto_reductase,0.5626106116061962
2,"k-mer composition (CDS, k=6)",alkaline_phosphatase,0.3516109793199576
2,"k-mer composition (CDS, k=6)",arachidonate_lipoxygenase,0.6741845387761657
2,"k-mer composition (CDS, k=6)",arf_gtpase,0.611960369469614
2,"k-mer composition (CDS, k=6)",carbonic_anhydrase,0.5320895831127146
2,"k-mer composition (CDS, k=6)",cxc_chemokine_receptor,0.6814570784373926
2,"k-mer composition (CDS, k=6)",cytochrome_p450,0.6212905916183976
2,"k-mer composition (CDS, k=6)",dopamine_receptor,0.709001599661537
2,"k-mer composition (CDS, k=6)",ectonucleotide_pyrophosphatase,0.5873087191954224
2,"k-mer composition (CDS, k=6)",ferritin,0.691289093498068
2,"k-mer composition (CDS, k=6)",flavin_monooxygenase,0.5111806655534918
2,"k-mer composition (CDS, k=6)",globins,0.8001994804415519
2,"k-mer composition (CDS, k=6)",glutamate_metabotropic,0.4337449967432557
2,"k-mer composition (CDS, k=6)",glutaredoxin,0.7544342871394814
2,"k-mer composition (CDS, k=6)",glutathione_peroxidase,0.7877116587233844
2,"k-mer composition (CDS, k=6)",glutathione_s_transferase,0.6172571243316174
2,"k-mer composition (CDS, k=6)",guanylate_binding_protein,0.8406455862977601
2,"k-mer composition (CDS, k=6)",heme_oxygenase,0.7649388347501554
2,"k-mer composition (CDS, k=6)",histamine_receptor,0.6894320291625938
2,"k-mer composition (CDS, k=6)",histone_deacetylase_classI,0.558263612688561
2,"k-mer composition (CDS, k=6)",histone_h4,0.7877050485746138
2,"k-mer composition (CDS, k=6)",hox,0.7356825687864382
2,"k-mer composition (CDS, k=6)",m14_carboxypeptidase,0.5719288958485789
2,"k-mer composition (CDS, k=6)",matrix_metalloproteinase,0.6794230633792906
2,"k-mer composition (CDS, k=6)",metallothionein,0.656896669705263
2,"k-mer composition (CDS, k=6)",muscarinic_receptor,0.6837286731103077
2,"k-mer composition (CDS, k=6)",nadph_oxidase,0.3755853184641174
2,"k-mer composition (CDS, k=6)",nitric_oxide_synthase,0.7244071681413025
2,"k-mer composition (CDS, k=6)",olfactory_receptors,0.6920628725161247
2,"k-mer composition (CDS, k=6)",opsins,0.6145522095198687
2,"k-mer composition (CDS, k=6)",p2y_receptor,0.5870278217781335
2,"k-mer composition (CDS, k=6)",peroxidase,0.5088406535888762
2,"k-mer composition (CDS, k=6)",peroxiredoxin,0.6785102942715637
2,"k-mer composition (CDS, k=6)",phosphodiesterase,0.5156515110784824
2,"k-mer composition (CDS, k=6)",rab_gtpase,0.6384232708584486
2,"k-mer composition (CDS, k=6)",ras_gtpases,0.6611501255102848
2,"k-mer composition (CDS, k=6)",rho_gtpase,0.6560958796673504
2,"k-mer composition (CDS, k=6)",serine_protease,0.5938448591551628
2,"k-mer composition (CDS, k=6)",serotonin_receptor,0.6731552893715504
2,"k-mer composition (CDS, k=6)",steap_metalloreductase,0.5367817606502637
2,"k-mer composition (CDS, k=6)",sulfotransferase,0.5600150145229839
2,"k-mer composition (CDS, k=6)",taste2_receptor,0.6843395833524583
2,"k-mer composition (CDS, k=6)",udp_glucuronosyltransferase,0.3591520666524053
2,patristic tree,adam_metallopeptidase,0.4842784873672658
2,patristic tree,adamts_metallopeptidase,0.3919333075448455
2,patristic tree,adrenoceptor,0.8033468191931887
2,patristic tree,alcohol_dehydrogenase,0.4782137648447808
2,patristic tree,aldehyde_dehydrogenase,0.4014743667046097
2,patristic tree,aldo_keto_reductase,0.4670226671767026
2,patristic tree,alkaline_phosphatase,0.2006587323924785
2,patristic tree,arachidonate_lipoxygenase,0.5910696953113742
2,patristic tree,arf_gtpase,0.4683351306332301
2,patristic tree,carbonic_anhydrase,0.4706381025890825
2,patristic tree,cxc_chemokine_receptor,0.5836512813989653
2,patristic tree,cytochrome_p450,0.5909607307934323
2,patristic tree,dopamine_receptor,0.6463604811170633
2,patristic tree,ectonucleotide_pyrophosphatase,0.580769611075849
2,patristic tree,ferritin,0.7444048550070406
2,patristic tree,flavin_monooxygenase,0.5195914689823651
2,patristic tree,globins,0.7526775014756278
2,patristic tree,glutamate_metabotropic,0.3333456733576418
2,patristic tree,glutaredoxin,0.7107419470161955
2,patristic tree,glutathione_peroxidase,0.5455362741940424
2,patristic tree,glutathione_s_transferase,0.4114775626027726
2,patristic tree,guanylate_binding_protein,0.8111330698287219
2,patristic tree,heme_oxygenase,0.6371034625751606
2,patristic tree,histamine_receptor,0.5500491917395802
2,patristic tree,histone_deacetylase_classI,0.1534538172017356
2,patristic tree,hox,0.6544430034757521
2,patristic tree,m14_carboxypeptidase,0.5163551292890148
2,patristic tree,matrix_metalloproteinase,0.5870184166416675
2,patristic tree,metallothionein,0.4381421645945733
2,patristic tree,muscarinic_receptor,0.6672024907099534
2,patristic tree,nadph_oxidase,0.3153691549352118
2,patristic tree,nitric_oxide_synthase,0.6509907354411157
2,patristic tree,olfactory_receptors,0.5778611742872046
2,patristic tree,opsins,0.5152470207711269
2,patristic tree,p2y_receptor,0.4835938780407153
2,patristic tree,peroxidase,0.4481949256868186
2,patristic tree,peroxiredoxin,0.6517874614137981
2,patristic tree,phosphodiesterase,0.4323135572356688
2,patristic tree,rab_gtpase,0.4801455865970074
2,patristic tree,ras_gtpases,0.4785207570937036
2,patristic tree,rho_gtpase,0.4693121979815408
2,patristic tree,serine_protease,0.536004756625796
2,patristic tree,serotonin_receptor,0.6053499338030534
2,patristic tree,steap_metalloreductase,0.3556295785593522
2,patristic tree,sulfotransferase,0.5129751988464564
2,patristic tree,taste2_receptor,0.6841720519113178
2,patristic tree,udp_glucuronosyltransferase,0.4176260161246978
2,species tree (mammal),adam_metallopeptidase,0.30059085365326
2,species tree (mammal),adamts_metallopeptidase,0.256114593508856
2,species tree (mammal),adrenoceptor,0.614093430084634
2,species tree (mammal),alcohol_dehydrogenase,0.2170775748315855
2,species tree (mammal),aldehyde_dehydrogenase,0.3297180061087405
2,species tree (mammal),aldo_keto_reductase,0.4834500013987576
2,species tree (mammal),alkaline_phosphatase,0.3331993084315065
2,species tree (mammal),arachidonate_lipoxygenase,0.5277517659673224
2,species tree (mammal),arf_gtpase,0.4089367005255433
2,species tree (mammal),carbonic_anhydrase,0.3238476705865493
2,species tree (mammal),cxc_chemokine_receptor,0.32565580356176
2,species tree (mammal),cytochrome_p450,0.4778785906058508
2,species tree (mammal),dopamine_receptor,0.4294267767713453
2,species tree (mammal),ectonucleotide_pyrophosphatase,0.3531717151059628
2,species tree (mammal),ferritin,0.366412623259868
2,species tree (mammal),flavin_monooxygenase,0.4427654362570318
2,species tree (mammal),globins,0.4706571209544632
2,species tree (mammal),glutamate_metabotropic,0.2592617730635523
2,species tree (mammal),glutaredoxin,0.4205163054481717
2,species tree (mammal),glutathione_peroxidase,0.4240472868509733
2,species tree (mammal),glutathione_s_transferase,0.3199246792900654
2,species tree (mammal),guanylate_binding_protein,0.5316864295125164
2,species tree (mammal),heme_oxygenase,0.3503006427534729
2,species tree (mammal),histamine_receptor,0.3434565687255508
2,species tree (mammal),histone_deacetylase_classI,0.3323589995741014
2,species tree (mammal),histone_h4,-0.0826405478579391
2,species tree (mammal),hox,0.5346247641743245
2,species tree (mammal),m14_carboxypeptidase,0.3753229299971723
2,species tree (mammal),matrix_metalloproteinase,0.448980025524576
2,species tree (mammal),metallothionein,0.4700866808310471
2,species tree (mammal),muscarinic_receptor,0.638201601610493
2,species tree (mammal),nadph_oxidase,0.2337324550497133
2,species tree (mammal),nitric_oxide_synthase,0.425349621296102
2,species tree (mammal),olfactory_receptors,0.4278194531662971
2,species tree (mammal),opsins,0.276928210648153
2,species tree (mammal),p2y_receptor,0.3000205388631148
2,species tree (mammal),peroxidase,0.4593550307709805
2,species tree (mammal),peroxiredoxin,0.4986440584517599
2,species tree (mammal),phosphodiesterase,0.3847875868352264
2,species tree (mammal),rab_gtpase,0.3884180788686847
2,species tree (mammal),ras_gtpases,0.3841776627082138
2,species tree (mammal),rho_gtpase,0.4305614009702022
2,species tree (mammal),serine_protease,0.4435163110021616
2,species tree (mammal),serotonin_receptor,0.5321147225249045
2,species tree (mammal),steap_metalloreductase,0.3975205446213361
2,species tree (mammal),sulfotransferase,0.3344642850189441
2,species tree (mammal),taste2_receptor,0.4977486454258553
2,species tree (mammal),udp_glucuronosyltransferase,0.3973733229217665
2,GC content (control),adam_metallopeptidase,0.3832137578237406
2,GC content (control),adamts_metallopeptidase,0.4158460503684175
2,GC content (control),adrenoceptor,0.7313854295939378
2,GC content (control),alcohol_dehydrogenase,0.1267057583009295
2,GC content (control),aldehyde_dehydrogenase,0.3966263118082591
2,GC content (control),aldo_keto_reductase,0.4551289881821406
2,GC content (control),alkaline_phosphatase,0.3504132317082987
2,GC content (control),arachidonate_lipoxygenase,0.6101242970768342
2,GC content (control),arf_gtpase,0.4860670096449835
2,GC content (control),carbonic_anhydrase,0.3622770328936416
2,GC content (control),cxc_chemokine_receptor,0.6116565381780598
2,GC content (control),cytochrome_p450,0.4970312240584653
2,GC content (control),dopamine_receptor,0.6590699951855769
2,GC content (control),ectonucleotide_pyrophosphatase,0.5213054704404713
2,GC content (control),ferritin,0.5855326106680725
2,GC content (control),flavin_monooxygenase,0.4657809544025955
2,GC content (control),globins,0.6524155962391177
2,GC content (control),glutamate_metabotropic,0.4946978908981617
2,GC content (control),glutaredoxin,0.5687802829991424
2,GC content (control),glutathione_peroxidase,0.6470658879480486
2,GC content (control),glutathione_s_transferase,0.3714791302287158
2,GC content (control),guanylate_binding_protein,0.5893647283590995
2,GC content (control),heme_oxygenase,0.644488101232488
2,GC content (control),histamine_receptor,0.549139656661268
2,GC content (control),histone_deacetylase_classI,0.3673283318061071
2,GC content (control),histone_h4,0.8381107022161056
2,GC content (control),hox,0.5772123033250424
2,GC content (control),m14_carboxypeptidase,0.4713885151303552
2,GC content (control),matrix_metalloproteinase,0.5473544293883694
2,GC content (control),metallothionein,0.2200042870150802
2,GC content (control),muscarinic_receptor,0.7651504167784349
2,GC content (control),nadph_oxidase,0.2134729888097714
2,GC content (control),nitric_oxide_synthase,0.6135372283085317
2,GC content (control),olfactory_receptors,0.5666257338752546
2,GC content (control),opsins,0.3694547088844321
2,GC content (control),p2y_receptor,0.4570394845081433
2,GC content (control),peroxidase,0.4091221067307341
2,GC content (control),peroxiredoxin,0.4643302043426087
2,GC content (control),phosphodiesterase,0.3887656553791376
2,GC content (control),rab_gtpase,0.4429880801048788
2,GC content (control),ras_gtpases,0.4472151917970182
2,GC content (control),rho_gtpase,0.5170332826565432
2,GC content (control),serine_protease,0.5130648206817534
2,GC content (control),serotonin_receptor,0.5340106413047064
2,GC content (control),steap_metalloreductase,0.4414552952687663
2,GC content (control),sulfotransferase,0.4454252568879405
2,GC content (control),taste2_receptor,0.6168837017727057
2,GC content (control),udp_glucuronosyltransferase,0.3517035848739272
3,"k-mer composition (CDS, k=6)",adam_metallopeptidase,0.6077352091948435
3,"k-mer composition (CDS, k=6)",adamts_metallopeptidase,0.5081575916245024
3,"k-mer composition (CDS, k=6)",adrenoceptor,0.8200192839963975
3,"k-mer composition (CDS, k=6)",alcohol_dehydrogenase,0.5883950274324605
3,"k-mer composition (CDS, k=6)",aldehyde_dehydrogenase,0.5259047703301821
3,"k-mer composition (CDS, k=6)",aldo_keto_reductase,0.6093862444657201
3,"k-mer composition (CDS, k=6)",alkaline_phosphatase,0.3163557288944286
3,"k-mer composition (CDS, k=6)",arachidonate_lipoxygenase,0.7566863123408142
3,"k-mer composition (CDS, k=6)",arf_gtpase,0.6496084869474602
3,"k-mer composition (CDS, k=6)",carbonic_anhydrase,0.6252556019363601
3,"k-mer composition (CDS, k=6)",cxc_chemokine_receptor,0.7211211852297904
3,"k-mer composition (CDS, k=6)",cytochrome_p450,0.6589714926445026
3,"k-mer composition (CDS, k=6)",dopamine_receptor,0.752153238153725
3,"k-mer composition (CDS, k=6)",ectonucleotide_pyrophosphatase,0.6619583209847126
3,"k-mer composition (CDS, k=6)",ferritin,0.7083885993986302
3,"k-mer composition (CDS, k=6)",flavin_monooxygenase,0.5582314701832265
3,"k-mer composition (CDS, k=6)",globins,0.8194358516418786
3,"k-mer composition (CDS, k=6)",glutamate_metabotropic,0.5564711728125696
3,"k-mer composition (CDS, k=6)",glutaredoxin,0.8196051083582151
3,"k-mer composition (CDS, k=6)",glutathione_peroxidase,0.8351349120044166
3,"k-mer composition (CDS, k=6)",glutathione_s_transferase,0.7047594659975369
3,"k-mer composition (CDS, k=6)",guanylate_binding_protein,0.8702898550724636
3,"k-mer composition (CDS, k=6)",heme_oxygenase,0.8177275554634045
3,"k-mer composition (CDS, k=6)",histamine_receptor,0.7158968493088836
3,"k-mer composition (CDS, k=6)",histone_deacetylase_classI,0.5855903434968687
3,"k-mer composition (CDS, k=6)",histone_h4,0.6114030896639594
3,"k-mer composition (CDS, k=6)",hox,0.7481620869927529
3,"k-mer composition (CDS, k=6)",m14_carboxypeptidase,0.6594145913889066
3,"k-mer composition (CDS, k=6)",matrix_metalloproteinase,0.70090564213476
3,"k-mer composition (CDS, k=6)",metallothionein,0.6819263647209507
3,"k-mer composition (CDS, k=6)",muscarinic_receptor,0.7838575965631197
3,"k-mer composition (CDS, k=6)",nadph_oxidase,0.4398181140619663
3,"k-mer composition (CDS, k=6)",nitric_oxide_synthase,0.7191320435316558
3,"k-mer composition (CDS, k=6)",olfactory_receptors,0.7410993021239056
3,"k-mer composition (CDS, k=6)",opsins,0.6291168531024445
3,"k-mer composition (CDS, k=6)",p2y_receptor,0.635642153700161
3,"k-mer composition (CDS, k=6)",peroxidase,0.5304252763760344
3,"k-mer composition (CDS, k=6)",peroxiredoxin,0.7253884603699603
3,"k-mer composition (CDS, k=6)",phosphodiesterase,0.5801714442883664
3,"k-mer composition (CDS, k=6)",rab_gtpase,0.6673934970088864
3,"k-mer composition (CDS, k=6)",ras_gtpases,0.6739319208428314
3,"k-mer composition (CDS, k=6)",rho_gtpase,0.6770224214026728
3,"k-mer composition (CDS, k=6)",serine_protease,0.6556000729693271
3,"k-mer composition (CDS, k=6)",serotonin_receptor,0.7179243822599739
3,"k-mer composition (CDS, k=6)",steap_metalloreductase,0.503496470500126
3,"k-mer composition (CDS, k=6)",sulfotransferase,0.6133492398696481
3,"k-mer composition (CDS, k=6)",taste2_receptor,0.7023222630855951
3,"k-mer composition (CDS, k=6)",udp_glucuronosyltransferase,0.4388020773047511
3,patristic tree,adam_metallopeptidase,0.548989404799858
3,patristic tree,adamts_metallopeptidase,0.4697857229936646
3,patristic tree,adrenoceptor,0.7977978849471715
3,patristic tree,alcohol_dehydrogenase,0.4709771511910549
3,patristic tree,aldehyde_dehydrogenase,0.4341261076741524
3,patristic tree,aldo_keto_reductase,0.4631024825608132
3,patristic tree,alkaline_phosphatase,0.227376596571643
3,patristic tree,arachidonate_lipoxygenase,0.6396953918687274
3,patristic tree,arf_gtpase,0.484763650679123
3,patristic tree,carbonic_anhydrase,0.4670098339298673
3,patristic tree,cxc_chemokine_receptor,0.6445354300115393
3,patristic tree,cytochrome_p450,0.6147385234524346
3,patristic tree,dopamine_receptor,0.6658447334523194
3,patristic tree,ectonucleotide_pyrophosphatase,0.6523356744530878
3,patristic tree,ferritin,0.7151368200891567
3,patristic tree,flavin_monooxygenase,0.5526690551874057
3,patristic tree,globins,0.7621681178627351
3,patristic tree,glutamate_metabotropic,0.4364631201931926
3,patristic tree,glutaredoxin,0.7977710516170904
3,patristic tree,glutathione_peroxidase,0.5772631922168019
3,patristic tree,glutathione_s_transferase,0.5071822630639812
3,patristic tree,guanylate_binding_protein,0.8876811594202898
3,patristic tree,heme_oxygenase,0.6913228281152809
3,patristic tree,histamine_receptor,0.5916168813498448
3,patristic tree,histone_deacetylase_classI,0.1816558610229114
3,patristic tree,hox,0.6772128469595062
3,patristic tree,m14_carboxypeptidase,0.5995814463694159
3,patristic tree,matrix_metalloproteinase,0.6065476488611518
3,patristic tree,metallothionein,0.3821912549631489
3,patristic tree,muscarinic_receptor,0.7212712317169976
3,patristic tree,nadph_oxidase,0.3769893747025922
3,patristic tree,nitric_oxide_synthase,0.6561861584831495
3,patristic tree,olfactory_receptors,0.6524861143045056
3,patristic tree,opsins,0.5356939057647461
3,patristic tree,p2y_receptor,0.5341330586836026
3,patristic tree,peroxidase,0.4666341728609989
3,patristic tree,peroxiredoxin,0.6129330469083762
3,patristic tree,phosphodiesterase,0.4470593673590908
3,patristic tree,rab_gtpase,0.482894839216189
3,patristic tree,ras_gtpases,0.4753980520964485
3,patristic tree,rho_gtpase,0.5016201359716114
3,patristic tree,serine_protease,0.5766041656938181
3,patristic tree,serotonin_receptor,0.6361833835209765
3,patristic tree,steap_metalloreductase,0.3319419373080947
3,patristic tree,sulfotransferase,0.5674202500275676
3,patristic tree,taste2_receptor,0.6882805091537422
3,patristic tree,udp_glucuronosyltransferase,0.5209653833985385
3,species tree (mammal),adam_metallopeptidase,0.3965276671348685
3,species tree (mammal),adamts_metallopeptidase,0.3192537066575968
3,species tree (mammal),adrenoceptor,0.6380143707587259
3,species tree (mammal),alcohol_dehydrogenase,0.3305785123966941
3,species tree (mammal),aldehyde_dehydrogenase,0.4183495786647935
3,species tree (mammal),aldo_keto_reductase,0.5081917978780361
3,species tree (mammal),alkaline_phosphatase,0.3784293621754922
3,species tree (mammal),arachidonate_lipoxygenase,0.5855360388834291
3,species tree (mammal),arf_gtpase,0.4547308910467229
3,species tree (mammal),carbonic_anhydrase,0.5280102385695213
3,species tree (mammal),cxc_chemokine_receptor,0.4312515072483612
3,species tree (mammal),cytochrome_p450,0.5218680499684764
3,species tree (mammal),dopamine_receptor,0.5135194857053882
3,species tree (mammal),ectonucleotide_pyrophosphatase,0.4395016402322303
3,species tree (mammal),ferritin,0.360356647150416
3,species tree (mammal),flavin_monooxygenase,0.489473840418401
3,species tree (mammal),globins,0.4960100690628795
3,species tree (mammal),glutamate_metabotropic,0.3300934036240932
3,species tree (mammal),glutaredoxin,0.4938966745981135
3,species tree (mammal),glutathione_peroxidase,0.5047710583496202
3,species tree (mammal),glutathione_s_transferase,0.4255521218153659
3,species tree (mammal),guanylate_binding_protein,0.495718050065876
3,species tree (mammal),heme_oxygenase,0.4039912917271407
3,species tree (mammal),histamine_receptor,0.3748175499374434
3,species tree (mammal),histone_deacetylase_classI,0.3481616162196622
3,species tree (mammal),histone_h4,-0.1829272177098264
3,species tree (mammal),hox,0.5445422105658175
3,species tree (mammal),m14_carboxypeptidase,0.4683998760196293
3,species tree (mammal),matrix_metalloproteinase,0.4839650381118424
3,species tree (mammal),metallothionein,0.498509974649704
3,species tree (mammal),muscarinic_receptor,0.7032755902188819
3,species tree (mammal),nadph_oxidase,0.2455551849245995
3,species tree (mammal),nitric_oxide_synthase,0.4779740572472015
3,species tree (mammal),olfactory_receptors,0.4394586701502393
3,species tree (mammal),opsins,0.3315404559293307
3,species tree (mammal),p2y_receptor,0.4250730997650092
3,species tree (mammal),peroxidase,0.4230127359882986
3,species tree (mammal),peroxiredoxin,0.5915594249920825
3,species tree (mammal),phosphodiesterase,0.4534834747848648
3,species tree (mammal),rab_gtpase,0.4679017424147257
3,species tree (mammal),ras_gtpases,0.4526862667953527
3,species tree (mammal),rho_gtpase,0.4763902022506753
3,species tree (mammal),serine_protease,0.4921641871333096
3,species tree (mammal),serotonin_receptor,0.5772620417164095
3,species tree (mammal),steap_metalloreductase,0.4850160277385831
3,species tree (mammal),sulfotransferase,0.4560114833746951
3,species tree (mammal),taste2_receptor,0.4667237279098073
3,species tree (mammal),udp_glucuronosyltransferase,0.5713025981742559
3,GC content (control),adam_metallopeptidase,0.3741382010554448
3,GC content (control),adamts_metallopeptidase,0.4248179376642803
3,GC content (control),adrenoceptor,0.6633340200001177
3,GC content (control),alcohol_dehydrogenase,0.2778247567722131
3,GC content (control),aldehyde_dehydrogenase,0.368590577567968
3,GC content (control),aldo_keto_reductase,0.4748342373869542
3,GC content (control),alkaline_phosphatase,0.2698779155637268
3,GC content (control),arachidonate_lipoxygenase,0.5785192118821516
3,GC content (control),arf_gtpase,0.491130819401663
3,GC content (control),carbonic_anhydrase,0.3485652180503068
3,GC content (control),cxc_chemokine_receptor,0.6603624151243933
3,GC content (control),cytochrome_p450,0.4759949837437445
3,GC content (control),dopamine_receptor,0.5676133085093127
3,GC content (control),ectonucleotide_pyrophosphatase,0.47328259605531
3,GC content (control),ferritin,0.555407332850423
3,GC content (control),flavin_monooxygenase,0.4483484766617429
3,GC content (control),globins,0.6258671610810472
3,GC content (control),glutamate_metabotropic,0.4955737395092823
3,GC content (control),glutaredoxin,0.5769250478754416
3,GC content (control),glutathione_peroxidase,0.6075544040190392
3,GC content (control),glutathione_s_transferase,0.3824520443983824
3,GC content (control),guanylate_binding_protein,0.5357898013853647
3,GC content (control),heme_oxygenase,0.5824102343548819
3,GC content (control),histamine_receptor,0.5307717609671067
3,GC content (control),histone_deacetylase_classI,0.3434618426853442
3,GC content (control),histone_h4,0.707585656834375
3,GC content (control),hox,0.5418388242823763
3,GC content (control),m14_carboxypeptidase,0.4271988436528753
3,GC content (control),matrix_metalloproteinase,0.5065688636055382
3,GC content (control),metallothionein,0.1502355912043081
3,GC content (control),muscarinic_receptor,0.7112341198954637
3,GC content (control),nadph_oxidase,0.2524572923226519
3,GC content (control),nitric_oxide_synthase,0.5697150758232795
3,GC content (control),olfactory_receptors,0.5148159602271949
3,GC content (control),opsins,0.3410259290244239
3,GC content (control),p2y_receptor,0.4151297948208411
3,GC content (control),peroxidase,0.4643613961667086
3,GC content (control),peroxiredoxin,0.3962600277662168
3,GC content (control),phosphodiesterase,0.3719384984891599
3,GC content (control),rab_gtpase,0.4034462141918429
3,GC content (control),ras_gtpases,0.4089087260988784
3,GC content (control),rho_gtpase,0.5162801492322281
3,GC content (control),serine_protease,0.4634684219635007
3,GC content (control),serotonin_receptor,0.5410705944931548
3,GC content (control),steap_metalloreductase,0.3577869659745041
3,GC content (control),sulfotransferase,0.4048561707147408
3,GC content (control),taste2_receptor,0.4470740547934944
3,GC content (control),udp_glucuronosyltransferase,0.2648972611205028
4,"k-mer composition (CDS, k=6)",adam_metallopeptidase,0.6000197039167673
4,"k-mer composition (CDS, k=6)",adamts_metallopeptidase,0.5078985113343353
4,"k-mer composition (CDS, k=6)",adrenoceptor,0.7982130147651874
4,"k-mer composition (CDS, k=6)",alcohol_dehydrogenase,0.5649281200083338
4,"k-mer composition (CDS, k=6)",aldehyde_dehydrogenase,0.5316152172904542
4,"k-mer composition (CDS, k=6)",aldo_keto_reductase,0.5609374899066907
4,"k-mer composition (CDS, k=6)",alkaline_phosphatase,0.3316278664575878
4,"k-mer composition (CDS, k=6)",arachidonate_lipoxygenase,0.7392145134514191
4,"k-mer composition (CDS, k=6)",arf_gtpase,0.6373763951749158
4,"k-mer composition (CDS, k=6)",carbonic_anhydrase,0.5490873247679475
4,"k-mer composition (CDS, k=6)",cxc_chemokine_receptor,0.7343039173196072
4,"k-mer composition (CDS, k=6)",cytochrome_p450,0.6493521740135266
4,"k-mer composition (CDS, k=6)",dopamine_receptor,0.7256005666391856
4,"k-mer composition (CDS, k=6)",ectonucleotide_pyrophosphatase,0.6510162229589539
4,"k-mer composition (CDS, k=6)",ferritin,0.6471681891737033
4,"k-mer composition (CDS, k=6)",flavin_monooxygenase,0.5058842748952488
4,"k-mer composition (CDS, k=6)",globins,0.7964160892669853
4,"k-mer composition (CDS, k=6)",glutamate_metabotropic,0.5277494793916858
4,"k-mer composition (CDS, k=6)",glutaredoxin,0.7970782676624183
4,"k-mer composition (CDS, k=6)",glutathione_peroxidase,0.7674439246806701
4,"k-mer composition (CDS, k=6)",glutathione_s_transferase,0.6096916067273501
4,"k-mer composition (CDS, k=6)",guanylate_binding_protein,0.8667325428194993
4,"k-mer composition (CDS, k=6)",heme_oxygenase,0.8161621397470453
4,"k-mer composition (CDS, k=6)",histamine_receptor,0.6504409833645838
4,"k-mer composition (CDS, k=6)",histone_deacetylase_classI,0.5698780620357848
4,"k-mer composition (CDS, k=6)",histone_h4,0.5940754897276637
4,"k-mer composition (CDS, k=6)",hox,0.7431802751344124
4,"k-mer composition (CDS, k=6)",m14_carboxypeptidase,0.6409544955913273
4,"k-mer composition (CDS, k=6)",matrix_metalloproteinase,0.6889713386358445
4,"k-mer composition (CDS, k=6)",metallothionein,0.6360473522951516
4,"k-mer composition (CDS, k=6)",muscarinic_receptor,0.769469598208923
4,"k-mer composition (CDS, k=6)",nadph_oxidase,0.4327481607379725
4,"k-mer composition (CDS, k=6)",nitric_oxide_synthase,0.7270752176277678
4,"k-mer composition (CDS, k=6)",olfactory_receptors,0.7131296353042467
4,"k-mer composition (CDS, k=6)",opsins,0.629860878662904
4,"k-mer composition (CDS, k=6)",p2y_receptor,0.632909412288467
4,"k-mer composition (CDS, k=6)",peroxidase,0.5564291873132625
4,"k-mer composition (CDS, k=6)",peroxiredoxin,0.6978002392652848
4,"k-mer composition (CDS, k=6)",phosphodiesterase,0.57528388133659
4,"k-mer composition (CDS, k=6)",rab_gtpase,0.6400156790332078
4,"k-mer composition (CDS, k=6)",ras_gtpases,0.6469712562375879
4,"k-mer composition (CDS, k=6)",rho_gtpase,0.6690019487890575
4,"k-mer composition (CDS, k=6)",serine_protease,0.6293398822363423
4,"k-mer composition (CDS, k=6)",serotonin_receptor,0.6919367021071233
4,"k-mer composition (CDS, k=6)",steap_metalloreductase,0.5023784288503913
4,"k-mer composition (CDS, k=6)",sulfotransferase,0.5531534856545243
4,"k-mer composition (CDS, k=6)",taste2_receptor,0.7084206007254372
4,"k-mer composition (CDS, k=6)",udp_glucuronosyltransferase,0.4617284379316465
4,patristic tree,adam_metallopeptidase,0.538637770092973
4,patristic tree,adamts_metallopeptidase,0.4839102261268193
4,patristic tree,adrenoceptor,0.7908861503321738
4,patristic tree,alcohol_dehydrogenase,0.4613445378151259
4,patristic tree,aldehyde_dehydrogenase,0.4549199708259571
4,patristic tree,aldo_keto_reductase,0.4409999167575942
4,patristic tree,alkaline_phosphatase,0.1882781820862316
4,patristic tree,arachidonate_lipoxygenase,0.6446557166126871
4,patristic tree,arf_gtpase,0.5041211761808745
4,patristic tree,carbonic_anhydrase,0.4542301332084507
4,patristic tree,cxc_chemokine_receptor,0.6693260954353812
4,patristic tree,cytochrome_p450,0.606830729773325
4,patristic tree,dopamine_receptor,0.6678826208657584
4,patristic tree,ectonucleotide_pyrophosphatase,0.644927019895764
4,patristic tree,ferritin,0.6854125336803782
4,patristic tree,flavin_monooxygenase,0.5193236805529651
4,patristic tree,globins,0.7603625312368357
4,patristic tree,glutamate_metabotropic,0.433260984051849
4,patristic tree,glutaredoxin,0.8100482918044472
4,patristic tree,glutathione_peroxidase,0.5208120518507691
4,patristic tree,glutathione_s_transferase,0.4424275215613549
4,patristic tree,guanylate_binding_protein,0.893478260869565
4,patristic tree,heme_oxygenase,0.6864399751192203
4,patristic tree,histamine_receptor,0.5397756931141143
4,patristic tree,histone_deacetylase_classI,0.2274809637962433
4,patristic tree,hox,0.679772455369848
4,patristic tree,m14_carboxypeptidase,0.6107973501707483
4,patristic tree,matrix_metalloproteinase,0.605526295327866
4,patristic tree,metallothionein,0.3447080189125071
4,patristic tree,muscarinic_receptor,0.7054459854713266
4,patristic tree,nadph_oxidase,0.3609041282676368
4,patristic tree,nitric_oxide_synthase,0.6775669285933449
4,patristic tree,olfactory_receptors,0.6316903900341186
4,patristic tree,opsins,0.5430946831423771
4,patristic tree,p2y_receptor,0.543874332702879
4,patristic tree,peroxidase,0.5000004981292797
4,patristic tree,peroxiredoxin,0.5981724582596266
4,patristic tree,phosphodiesterase,0.449829933147199
4,patristic tree,rab_gtpase,0.5030795302525235
4,patristic tree,ras_gtpases,0.4809176839175101
4,patristic tree,rho_gtpase,0.5204656938425489
4,patristic tree,serine_protease,0.5561240355256116
4,patristic tree,serotonin_receptor,0.6089193477527852
4,patristic tree,steap_metalloreductase,0.3316051256653354
4,patristic tree,sulfotransferase,0.5247693281041067
4,patristic tree,taste2_receptor,0.6912243116152604
4,patristic tree,udp_glucuronosyltransferase,0.5471558595890147
4,species tree (mammal),adam_metallopeptidase,0.3874587343451277
4,species tree (mammal),adamts_metallopeptidase,0.3181446407415423
4,species tree (mammal),adrenoceptor,0.6413000745120702
4,species tree (mammal),alcohol_dehydrogenase,0.334453781512605
4,species tree (mammal),aldehyde_dehydrogenase,0.4182834893409541
4,species tree (mammal),aldo_keto_reductase,0.4748862077389901
4,species tree (mammal),alkaline_phosphatase,0.3941571844048623
4,species tree (mammal),arachidonate_lipoxygenase,0.5648067270568727
4,species tree (mammal),arf_gtpase,0.4445623898068697
4,species tree (mammal),carbonic_anhydrase,0.4600440125565819
4,species tree (mammal),cxc_chemokine_receptor,0.4490208539048905
4,species tree (mammal),cytochrome_p450,0.5101366322578085
4,species tree (mammal),dopamine_receptor,0.5099203922217088
4,species tree (mammal),ectonucleotide_pyrophosphatase,0.4244562677873199
4,species tree (mammal),ferritin,0.3320401175202384
4,species tree (mammal),flavin_monooxygenase,0.4921627944204699
4,species tree (mammal),globins,0.4618295283648689
4,species tree (mammal),glutamate_metabotropic,0.3138302474621867
4,species tree (mammal),glutaredoxin,0.4597190854308808
4,species tree (mammal),glutathione_peroxidase,0.4616720458381531
4,species tree (mammal),glutathione_s_transferase,0.3497382861336157
4,species tree (mammal),guanylate_binding_protein,0.4998023715415018
4,species tree (mammal),heme_oxygenase,0.3851130002073398
4,species tree (mammal),histamine_receptor,0.3386870964367048
4,species tree (mammal),histone_deacetylase_classI,0.3381757402922619
4,species tree (mammal),histone_h4,-0.2329033285555025
4,species tree (mammal),hox,0.5432529540057756
4,species tree (mammal),m14_carboxypeptidase,0.4566681224144879
4,species tree (mammal),matrix_metalloproteinase,0.4858985205581449
4,species tree (mammal),metallothionein,0.4842496207450483
4,species tree (mammal),muscarinic_receptor,0.7012223108699284
4,species tree (mammal),nadph_oxidase,0.2515787784096496
4,species tree (mammal),nitric_oxide_synthase,0.497834216741623
4,species tree (mammal),olfactory_receptors,0.4417528383083251
4,species tree (mammal),opsins,0.3148719949456847
4,species tree (mammal),p2y_receptor,0.4067643129339539
4,species tree (mammal),peroxidase,0.4749846935400348
4,species tree (mammal),peroxiredoxin,0.6004662614308134
4,species tree (mammal),phosphodiesterase,0.4291756683092655
4,species tree (mammal),rab_gtpase,0.4420693140992202
4,species tree (mammal),ras_gtpases,0.4283719106259629
4,species tree (mammal),rho_gtpase,0.4654692656395904
4,species tree (mammal),serine_protease,0.4809069029721217
4,species tree (mammal),serotonin_receptor,0.5611465939175782
4,species tree (mammal),steap_metalloreductase,0.4993733447187753
4,species tree (mammal),sulfotransferase,0.3995079239425452
4,species tree (mammal),taste2_receptor,0.4959753921915277
4,species tree (mammal),udp_glucuronosyltransferase,0.5941600882777354
4,GC content (control),adam_metallopeptidase,0.3780456286604138
4,GC content (control),adamts_metallopeptidase,0.425884734186504
4,GC content (control),adrenoceptor,0.665276804207234
4,GC content (control),alcohol_dehydrogenase,0.1961150657383214
4,GC content (control),aldehyde_dehydrogenase,0.3736269597745964
4,GC content (control),aldo_keto_reductase,0.4133047767356249
4,GC content (control),alkaline_phosphatase,0.3186598336036998
4,GC content (control),arachidonate_lipoxygenase,0.5565151745940593
4,GC content (control),arf_gtpase,0.4789029018100156
4,GC content (control),carbonic_anhydrase,0.3293229751695193
4,GC content (control),cxc_chemokine_receptor,0.6414422014934407
4,GC content (control),cytochrome_p450,0.4703763852505154
4,GC content (control),dopamine_receptor,0.5572529441034704
4,GC content (control),ectonucleotide_pyrophosphatase,0.4648706909057932
4,GC content (control),ferritin,0.5016286501930177
4,GC content (control),flavin_monooxygenase,0.4151350609981151
4,GC content (control),globins,0.6076600068414538
4,GC content (control),glutamate_metabotropic,0.4788104253693316
4,GC content (control),glutaredoxin,0.5442808519696519
4,GC content (control),glutathione_peroxidase,0.5672081132646474
4,GC content (control),glutathione_s_transferase,0.3625430335135801
4,GC content (control),guanylate_binding_protein,0.5205676819602045
4,GC content (control),heme_oxygenase,0.5956748687352922
4,GC content (control),histamine_receptor,0.4691275434503119
4,GC content (control),histone_deacetylase_classI,0.343420591010536
4,GC content (control),histone_h4,0.6545533834818662
4,GC content (control),hox,0.5439793181580885
4,GC content (control),m14_carboxypeptidase,0.3940498713052805
4,GC content (control),matrix_metalloproteinase,0.4921608166874368
4,GC content (control),metallothionein,0.1553547017405211
4,GC content (control),muscarinic_receptor,0.7093394833440291
4,GC content (control),nadph_oxidase,0.2519642472607497
4,GC content (control),nitric_oxide_synthase,0.5940641305915607
4,GC content (control),olfactory_receptors,0.497244456026341
4,GC content (control),opsins,0.33491374179959
4,GC content (control),p2y_receptor,0.4134761784027749
4,GC content (control),peroxidase,0.4583462325801148
4,GC content (control),peroxiredoxin,0.3844159103654821
4,GC content (control),phosphodiesterase,0.359124690898213
4,GC content (control),rab_gtpase,0.3922553518995998
4,GC content (control),ras_gtpases,0.4015104046326872
4,GC content (control),rho_gtpase,0.4916646749011186
4,GC content (control),serine_protease,0.4618626137523101
4,GC content (control),serotonin_receptor,0.520478878671877
4,GC content (control),steap_metalloreductase,0.3266443840530862
4,GC content (control),sulfotransferase,0.3886756867266009
4,GC content (control),taste2_receptor,0.41852560883365
4,GC content (control),udp_glucuronosyltransferase,0.2426708143134079
5,"k-mer composition (CDS, k=6)",adam_metallopeptidase,0.5711738241128307
5,"k-mer composition (CDS, k=6)",adamts_metallopeptidase,0.5032006985611308
5,"k-mer composition (CDS, k=6)",adrenoceptor,0.77026034872293
5,"k-mer composition (CDS, k=6)",alcohol_dehydrogenase,0.5755885825404542
5,"k-mer composition (CDS, k=6)",aldehyde_dehydrogenase,0.5181746250156768
5,"k-mer composition (CDS, k=6)",aldo_keto_reductase,0.5409690426240642
5,"k-mer composition (CDS, k=6)",alkaline_phosphatase,0.3219847747711524
5,"k-mer composition (CDS, k=6)",arachidonate_lipoxygenase,0.7210241717677092
5,"k-mer composition (CDS, k=6)",arf_gtpase,0.6387671077648521
5,"k-mer composition (CDS, k=6)",carbonic_anhydrase,0.5589681909556034
5,"k-mer composition (CDS, k=6)",cxc_chemokine_receptor,0.7094643210879003
5,"k-mer composition (CDS, k=6)",cytochrome_p450,0.6412291784857325
5,"k-mer composition (CDS, k=6)",dopamine_receptor,0.6855179274319435
5,"k-mer composition (CDS, k=6)",ectonucleotide_pyrophosphatase,0.63696877093317
5,"k-mer composition (CDS, k=6)",ferritin,0.6560494826190733
5,"k-mer composition (CDS, k=6)",flavin_monooxygenase,0.4776858060541785
5,"k-mer composition (CDS, k=6)",globins,0.7724903765804338
5,"k-mer composition (CDS, k=6)",glutamate_metabotropic,0.5139797607278068
5,"k-mer composition (CDS, k=6)",glutaredoxin,0.7559881847337387
5,"k-mer composition (CDS, k=6)",glutathione_peroxidase,0.769709660170807
5,"k-mer composition (CDS, k=6)",glutathione_s_transferase,0.5637503504992036
5,"k-mer composition (CDS, k=6)",guanylate_binding_protein,0.7873517786561264
5,"k-mer composition (CDS, k=6)",heme_oxygenase,0.821376736471076
5,"k-mer composition (CDS, k=6)",histamine_receptor,0.6543849572270359
5,"k-mer composition (CDS, k=6)",histone_deacetylase_classI,0.5371633921268621
5,"k-mer composition (CDS, k=6)",histone_h4,0.4506927854753941
5,"k-mer composition (CDS, k=6)",hox,0.7420875638598682
5,"k-mer composition (CDS, k=6)",m14_carboxypeptidase,0.6387558680201108
5,"k-mer composition (CDS, k=6)",matrix_metalloproteinase,0.68421281177566
5,"k-mer composition (CDS, k=6)",metallothionein,0.6408758234382863
5,"k-mer composition (CDS, k=6)",muscarinic_receptor,0.7714237199910439
5,"k-mer composition (CDS, k=6)",nadph_oxidase,0.4275837922861253
5,"k-mer composition (CDS, k=6)",nitric_oxide_synthase,0.696959094186533
5,"k-mer composition (CDS, k=6)",olfactory_receptors,0.7053047187726824
5,"k-mer composition (CDS, k=6)",opsins,0.6321973234626345
5,"k-mer composition (CDS, k=6)",p2y_receptor,0.6362210336276284
5,"k-mer composition (CDS, k=6)",peroxidase,0.541998252036554
5,"k-mer composition (CDS, k=6)",peroxiredoxin,0.7056134677896233
5,"k-mer composition (CDS, k=6)",phosphodiesterase,0.575941881355416
5,"k-mer composition (CDS, k=6)",rab_gtpase,0.62118174047249
5,"k-mer composition (CDS, k=6)",ras_gtpases,0.6381216792622688
5,"k-mer composition (CDS, k=6)",rho_gtpase,0.6641181084699027
5,"k-mer composition (CDS, k=6)",serine_protease,0.6051370148142405
5,"k-mer composition (CDS, k=6)",serotonin_receptor,0.6830318853258354
5,"k-mer composition (CDS, k=6)",steap_metalloreductase,0.4943209183972176
5,"k-mer composition (CDS, k=6)",sulfotransferase,0.5581626705462669
5,"k-mer composition (CDS, k=6)",taste2_receptor,0.6662574837535379
5,"k-mer composition (CDS, k=6)",udp_glucuronosyltransferase,0.4717688728383915
5,patristic tree,adam_metallopeptidase,0.5092885469748618
5,patristic tree,adamts_metallopeptidase,0.4832465166656857
5,patristic tree,adrenoceptor,0.7967913506575945
5,patristic tree,alcohol_dehydrogenase,0.4969442322383497
5,patristic tree,aldehyde_dehydrogenase,0.4617448748863027
5,patristic tree,aldo_keto_reductase,0.4195140442504658
5,patristic tree,alkaline_phosphatase,0.1611079838634018
5,patristic tree,arachidonate_lipoxygenase,0.6374187037242002
5,patristic tree,arf_gtpase,0.5306721609428706
5,patristic tree,carbonic_anhydrase,0.5088814500672957
5,patristic tree,cxc_chemokine_receptor,0.6673506740251566
5,patristic tree,cytochrome_p450,0.5999709543706045
5,patristic tree,dopamine_receptor,0.6641460978808034
5,patristic tree,ectonucleotide_pyrophosphatase,0.6285461368631585
5,patristic tree,ferritin,0.703016664804621
5,patristic tree,flavin_monooxygenase,0.493346792873007
5,patristic tree,globins,0.7409650916295347
5,patristic tree,glutamate_metabotropic,0.4452628535046266
5,patristic tree,glutaredoxin,0.77275739009789
5,patristic tree,glutathione_peroxidase,0.5381653489143702
5,patristic tree,glutathione_s_transferase,0.4387547529810473
5,patristic tree,guanylate_binding_protein,0.8127140974967062
5,patristic tree,heme_oxygenase,0.7109993779805099
5,patristic tree,histamine_receptor,0.5464132235028721
5,patristic tree,histone_deacetylase_classI,0.2281627375113161
5,patristic tree,hox,0.6815146986794404
5,patristic tree,m14_carboxypeptidase,0.6132653075700853
5,patristic tree,matrix_metalloproteinase,0.6135274556763923
5,patristic tree,metallothionein,0.3714238362043424
5,patristic tree,muscarinic_receptor,0.7150928829464627
5,patristic tree,nadph_oxidase,0.3563253581019336
5,patristic tree,nitric_oxide_synthase,0.6563433083868742
5,patristic tree,olfactory_receptors,0.6329442829683832
5,patristic tree,opsins,0.5258078547472184
5,patristic tree,p2y_receptor,0.5622200586245137
5,patristic tree,peroxidase,0.4823815354239123
5,patristic tree,peroxiredoxin,0.6286049999500143
5,patristic tree,phosphodiesterase,0.4584141102073558
5,patristic tree,rab_gtpase,0.5172707024889467
5,patristic tree,ras_gtpases,0.4890686015891415
5,patristic tree,rho_gtpase,0.5625006292895597
5,patristic tree,serine_protease,0.548790774558541
5,patristic tree,serotonin_receptor,0.6075460036122047
5,patristic tree,steap_metalloreductase,0.3424519437514358
5,patristic tree,sulfotransferase,0.5465850807925455
5,patristic tree,taste2_receptor,0.6513085464673393
5,patristic tree,udp_glucuronosyltransferase,0.5855090245464577
5,species tree (mammal),adam_metallopeptidase,0.3851647450452929
5,species tree (mammal),adamts_metallopeptidase,0.3106763447516876
5,species tree (mammal),adrenoceptor,0.6486043550316732
5,species tree (mammal),alcohol_dehydrogenase,0.3091603583582192
5,species tree (mammal),aldehyde_dehydrogenase,0.4115014036895587
5,species tree (mammal),aldo_keto_reductase,0.4643979816249208
5,species tree (mammal),alkaline_phosphatase,0.3896103896103896
5,species tree (mammal),arachidonate_lipoxygenase,0.5437047882505052
5,species tree (mammal),arf_gtpase,0.4248799632798214
5,species tree (mammal),carbonic_anhydrase,0.4207908724952531
5,species tree (mammal),cxc_chemokine_receptor,0.4694475157340368
5,species tree (mammal),cytochrome_p450,0.4943585732046795
5,species tree (mammal),dopamine_receptor,0.4998868831765429
5,species tree (mammal),ectonucleotide_pyrophosphatase,0.4106213132208158
5,species tree (mammal),ferritin,0.3236850687094816
5,species tree (mammal),flavin_monooxygenase,0.4771157516534655
5,species tree (mammal),globins,0.4017753649278352
5,species tree (mammal),glutamate_metabotropic,0.3087773272037813
5,species tree (mammal),glutaredoxin,0.4051892477553618
5,species tree (mammal),glutathione_peroxidase,0.4409127485465496
5,species tree (mammal),glutathione_s_transferase,0.2980591333595811
5,species tree (mammal),guanylate_binding_protein,0.4286561264822134
5,species tree (mammal),heme_oxygenase,0.4156852581380883
5,species tree (mammal),histamine_receptor,0.332151676089842
5,species tree (mammal),histone_deacetylase_classI,0.3490310824702821
5,species tree (mammal),histone_h4,-0.0912884217232043
5,species tree (mammal),hox,0.545835233132969
5,species tree (mammal),m14_carboxypeptidase,0.4397656125685965
5,species tree (mammal),matrix_metalloproteinase,0.4867785907872589
5,species tree (mammal),metallothionein,0.4313743067636818
5,species tree (mammal),muscarinic_receptor,0.691097910146717
5,species tree (mammal),nadph_oxidase,0.2604067987753327
5,species tree (mammal),nitric_oxide_synthase,0.4918824356115536
5,species tree (mammal),olfactory_receptors,0.4421704949219932
5,species tree (mammal),opsins,0.3012385801694326
5,species tree (mammal),p2y_receptor,0.4119091439207136
5,species tree (mammal),peroxidase,0.4694575708232262
5,species tree (mammal),peroxiredoxin,0.5834371296725733
5,species tree (mammal),phosphodiesterase,0.4300258115057676
5,species tree (mammal),rab_gtpase,0.4191976183136703
5,species tree (mammal),ras_gtpases,0.4085517328857614
5,species tree (mammal),rho_gtpase,0.4394670903841184
5,species tree (mammal),serine_protease,0.4628565890789042
5,species tree (mammal),serotonin_receptor,0.5594520287509004
5,species tree (mammal),steap_metalloreductase,0.4660801560249316
5,species tree (mammal),sulfotransferase,0.3921722447962757
5,species tree (mammal),taste2_receptor,0.508081903743542
5,species tree (mammal),udp_glucuronosyltransferase,0.5383770863717388
5,GC content (control),adam_metallopeptidase,0.3741173455375182
5,GC content (control),adamts_metallopeptidase,0.4076210896986173
5,GC content (control),adrenoceptor,0.6499439924731859
5,GC content (control),alcohol_dehydrogenase,0.2977963846839778
5,GC content (control),aldehyde_dehydrogenase,0.3603288607135207
5,GC content (control),aldo_keto_reductase,0.3852574680937889
5,GC content (control),alkaline_phosphatase,0.3115193818165526
5,GC content (control),arachidonate_lipoxygenase,0.5240412910450685
5,GC content (control),arf_gtpase,0.4746156011481314
5,GC content (control),carbonic_anhydrase,0.3298022114079709
5,GC content (control),cxc_chemokine_receptor,0.593141947567564
5,GC content (control),cytochrome_p450,0.4603351639766666
5,GC content (control),dopamine_receptor,0.5218233071591369
5,GC content (control),ectonucleotide_pyrophosphatase,0.4295500987869999
5,GC content (control),ferritin,0.4735647277779576
5,GC content (control),flavin_monooxygenase,0.392538209882762
5,GC content (control),globins,0.5923987397692521
5,GC content (control),glutamate_metabotropic,0.4506398791830361
5,GC content (control),glutaredoxin,0.5246965313175562
5,GC content (control),glutathione_peroxidase,0.5537291727016557
5,GC content (control),glutathione_s_transferase,0.3236866396988513
5,GC content (control),guanylate_binding_protein,0.5493008524108136
5,GC content (control),heme_oxygenase,0.5300929405676676
5,GC content (control),histamine_receptor,0.4516124878437434
5,GC content (control),histone_deacetylase_classI,0.318536063882189
5,GC content (control),histone_h4,0.6532466988620027
5,GC content (control),hox,0.5495434518016755
5,GC content (control),m14_carboxypeptidase,0.3852116983615238
5,GC content (control),matrix_metalloproteinase,0.4767243870116318
5,GC content (control),metallothionein,0.1351330295168381
5,GC content (control),muscarinic_receptor,0.6935523714332326
5,GC content (control),nadph_oxidase,0.2472516353081556
5,GC content (control),nitric_oxide_synthase,0.5772836228227045
5,GC content (control),olfactory_receptors,0.4944612733348152
5,GC content (control),opsins,0.3009895133351918
5,GC content (control),p2y_receptor,0.4067965499267799
5,GC content (control),peroxidase,0.4410105157976883
5,GC content (control),peroxiredoxin,0.4039916464782389
5,GC content (control),phosphodiesterase,0.3510132030484292
5,GC content (control),rab_gtpase,0.3719534050967348
5,GC content (control),ras_gtpases,0.382673743474946
5,GC content (control),rho_gtpase,0.4797803143946694
5,GC content (control),serine_protease,0.4172005986009686
5,GC content (control),serotonin_receptor,0.4963203830505235
5,GC content (control),steap_metalloreductase,0.3252693099934028
5,GC content (control),sulfotransferase,0.3773167301679171
5,GC content (control),taste2_receptor,0.3975311092952831
5,GC content (control),udp_glucuronosyltransferase,0.2184217421646352
6,"k-mer composition (CDS, k=6)",adam_metallopeptidase,0.5700887237625712
6,"k-mer composition (CDS, k=6)",adamts_metallopeptidase,0.5004377619752501
6,"k-mer composition (CDS, k=6)",adrenoceptor,0.7640990607791982
6,"k-mer composition (CDS, k=6)",alcohol_dehydrogenase,0.5043822487672754
6,"k-mer composition (CDS, k=6)",aldehyde_dehydrogenase,0.4744252416994692
6,"k-mer composition (CDS, k=6)",aldo_keto_reductase,0.5276466847384693
6,"k-mer composition (CDS, k=6)",alkaline_phosphatase,0.3532192781418787
6,"k-mer composition (CDS, k=6)",arachidonate_lipoxygenase,0.6894598793320119
6,"k-mer composition (CDS, k=6)",arf_gtpase,0.6108938176311598
6,"k-mer composition (CDS, k=6)",carbonic_anhydrase,0.5265214958529499
6,"k-mer composition (CDS, k=6)",cxc_chemokine_receptor,0.5986639104757643
6,"k-mer composition (CDS, k=6)",cytochrome_p450,0.6163642291459287
6,"k-mer composition (CDS, k=6)",dopamine_receptor,0.6356559692079004
6,"k-mer composition (CDS, k=6)",ectonucleotide_pyrophosphatase,0.6336759026890743
6,"k-mer composition (CDS, k=6)",ferritin,0.6369157734421337
6,"k-mer composition (CDS, k=6)",flavin_monooxygenase,0.4499598874673854
6,"k-mer composition (CDS, k=6)",globins,0.7512547727362615
6,"k-mer composition (CDS, k=6)",glutamate_metabotropic,0.4772471634720108
6,"k-mer composition (CDS, k=6)",glutaredoxin,0.7545787516050632
6,"k-mer composition (CDS, k=6)",glutathione_peroxidase,0.7494473001332563
6,"k-mer composition (CDS, k=6)",glutathione_s_transferase,0.5544790307459243
6,"k-mer composition (CDS, k=6)",guanylate_binding_protein,0.7031620553359683
6,"k-mer composition (CDS, k=6)",heme_oxygenase,0.7958117354343769
6,"k-mer composition (CDS, k=6)",histamine_receptor,0.6753022295292267
6,"k-mer composition (CDS, k=6)",histone_deacetylase_classI,0.4842837647122924
6,"k-mer composition (CDS, k=6)",histone_h4,0.5469820035037427
6,"k-mer composition (CDS, k=6)",hox,0.7418547535622376
6,"k-mer composition (CDS, k=6)",m14_carboxypeptidase,0.6223121560238183
6,"k-mer composition (CDS, k=6)",matrix_metalloproteinase,0.6536956670595304
6,"k-mer composition (CDS, k=6)",metallothionein,0.6784297446396772
6,"k-mer composition (CDS, k=6)",muscarinic_receptor,0.7581510571354134
6,"k-mer composition (CDS, k=6)",nadph_oxidase,0.4664521224202227
6,"k-mer composition (CDS, k=6)",nitric_oxide_synthase,0.6928148598680518
6,"k-mer composition (CDS, k=6)",olfactory_receptors,0.6685474148704061
6,"k-mer composition (CDS, k=6)",opsins,0.6382388413692023
6,"k-mer composition (CDS, k=6)",p2y_receptor,0.609935565058889
6,"k-mer composition (CDS, k=6)",peroxidase,0.5087324697802065
6,"k-mer composition (CDS, k=6)",peroxiredoxin,0.667051696390117
6,"k-mer composition (CDS, k=6)",phosphodiesterase,0.5494520886448618
6,"k-mer composition (CDS, k=6)",rab_gtpase,0.597808430647327
6,"k-mer composition (CDS, k=6)",ras_gtpases,0.6316146614230654
6,"k-mer composition (CDS, k=6)",rho_gtpase,0.6494159061958589
6,"k-mer composition (CDS, k=6)",serine_protease,0.5686613637227022
6,"k-mer composition (CDS, k=6)",serotonin_receptor,0.6504055018244677
6,"k-mer composition (CDS, k=6)",steap_metalloreductase,0.4324611065807833
6,"k-mer composition (CDS, k=6)",sulfotransferase,0.5533962253008559
6,"k-mer composition (CDS, k=6)",taste2_receptor,0.6232000142590696
6,"k-mer composition (CDS, k=6)",udp_glucuronosyltransferase,0.4156955344121119
6,patristic tree,adam_metallopeptidase,0.5096747580662542
6,patristic tree,adamts_metallopeptidase,0.4814985261215276
6,patristic tree,adrenoceptor,0.8155319749856471
6,patristic tree,alcohol_dehydrogenase,0.552281408431141
6,patristic tree,aldehyde_dehydrogenase,0.4500645790766312
6,patristic tree,aldo_keto_reductase,0.4388451870075159
6,patristic tree,alkaline_phosphatase,0.1704930776138206
6,patristic tree,arachidonate_lipoxygenase,0.636057888636656
6,patristic tree,arf_gtpase,0.5469131785066886
6,patristic tree,carbonic_anhydrase,0.5472711104832219
6,patristic tree,cxc_chemokine_receptor,0.5643727379800915
6,patristic tree,cytochrome_p450,0.5844990316255817
6,patristic tree,dopamine_receptor,0.6227498968928851
6,patristic tree,ectonucleotide_pyrophosphatase,0.6458106310747814
6,patristic tree,ferritin,0.6969513784673048
6,patristic tree,flavin_monooxygenase,0.467939711078906
6,patristic tree,globins,0.7368603109665912
6,patristic tree,glutamate_metabotropic,0.4324647620389104
6,patristic tree,glutaredoxin,0.7745261060815524
6,patristic tree,glutathione_peroxidase,0.5455527809639346
6,patristic tree,glutathione_s_transferase,0.4354903402120936
6,patristic tree,guanylate_binding_protein,0.7537549407114624
6,patristic tree,heme_oxygenase,0.7355587808417997
6,patristic tree,histamine_receptor,0.5632068412065551
6,patristic tree,histone_deacetylase_classI,0.2737895782274114
6,patristic tree,hox,0.6864357838100127
6,patristic tree,m14_carboxypeptidase,0.6044689347244192
6,patristic tree,matrix_metalloproteinase,0.5993321742854507
6,patristic tree,metallothionein,0.3754886520279648
6,patristic tree,muscarinic_receptor,0.7252369096879832
6,patristic tree,nadph_oxidase,0.4044240674155686
6,patristic tree,nitric_oxide_synthase,0.6453855886234398
6,patristic tree,olfactory_receptors,0.6135176021898022
6,patristic tree,opsins,0.5754296861597631
6,patristic tree,p2y_receptor,0.5417581218297106
6,patristic tree,peroxidase,0.4590869106745464
6,patristic tree,peroxiredoxin,0.6107861851142832
6,patristic tree,phosphodiesterase,0.4470042474987795
6,patristic tree,rab_gtpase,0.5231603521961299
6,patristic tree,ras_gtpases,0.522237663520016
6,patristic tree,rho_gtpase,0.5795587210727676
6,patristic tree,serine_protease,0.5334031461636214
6,patristic tree,serotonin_receptor,0.5834979944806016
6,patristic tree,steap_metalloreductase,0.3319745577630871
6,patristic tree,sulfotransferase,0.5260375203998331
6,patristic tree,taste2_receptor,0.6148193723274554
6,patristic tree,udp_glucuronosyltransferase,0.518986079280197
6,species tree (mammal),adam_metallopeptidase,0.3648059806660378
6,species tree (mammal),adamts_metallopeptidase,0.3164986969469699
6,species tree (mammal),adrenoceptor,0.6444118396824574
6,species tree (mammal),alcohol_dehydrogenase,0.2967497742898812
6,species tree (mammal),aldehyde_dehydrogenase,0.3674739966860859
6,species tree (mammal),aldo_keto_reductase,0.4435397485420226
6,species tree (mammal),alkaline_phosphatase,0.3880791551070189
6,species tree (mammal),arachidonate_lipoxygenase,0.5345682927473442
6,species tree (mammal),arf_gtpase,0.3992366096229852
6,species tree (mammal),carbonic_anhydrase,0.3984734788307576
6,species tree (mammal),cxc_chemokine_receptor,0.4045477818539592
6,species tree (mammal),cytochrome_p450,0.4856784051367008
6,species tree (mammal),dopamine_receptor,0.4687583332255393
6,species tree (mammal),ectonucleotide_pyrophosphatase,0.4124247527298924
6,species tree (mammal),ferritin,0.3069987750759664
6,species tree (mammal),flavin_monooxygenase,0.4516880301644819
6,species tree (mammal),globins,0.3666039281034871
6,species tree (mammal),glutamate_metabotropic,0.2729555856390918
6,species tree (mammal),glutaredoxin,0.3986038775501851
6,species tree (mammal),glutathione_peroxidase,0.3919025842164646
6,species tree (mammal),glutathione_s_transferase,0.2803094988677693
6,species tree (mammal),guanylate_binding_protein,0.409090909090909
6,species tree (mammal),heme_oxygenase,0.3979058677171884
6,species tree (mammal),histamine_receptor,0.2996502808582932
6,species tree (mammal),histone_deacetylase_classI,0.2982661628892891
6,species tree (mammal),histone_h4,-0.1160216594999203
6,species tree (mammal),hox,0.5342999004443271
6,species tree (mammal),m14_carboxypeptidase,0.4284260093089337
6,species tree (mammal),matrix_metalloproteinase,0.4754845999819291
6,species tree (mammal),metallothionein,0.4319813064335595
6,species tree (mammal),muscarinic_receptor,0.6639957716789467
6,species tree (mammal),nadph_oxidase,0.3010343191832691
6,species tree (mammal),nitric_oxide_synthase,0.4855903961063427
6,species tree (mammal),olfactory_receptors,0.430153442041264
6,species tree (mammal),opsins,0.2732012785966775
6,species tree (mammal),p2y_receptor,0.3915487538170573
6,species tree (mammal),peroxidase,0.4457788704766763
6,species tree (mammal),peroxiredoxin,0.5307407529003817
6,species tree (mammal),phosphodiesterase,0.4020168369797194
6,species tree (mammal),rab_gtpase,0.3807349816443981
6,species tree (mammal),ras_gtpases,0.3968139399659464
6,species tree (mammal),rho_gtpase,0.4140547979794018
6,species tree (mammal),serine_protease,0.4691640898935273
6,species tree (mammal),serotonin_receptor,0.5467736078157899
6,species tree (mammal),steap_metalloreductase,0.3793970075936743
6,species tree (mammal),sulfotransferase,0.3803691571887742
6,species tree (mammal),taste2_receptor,0.4812829850704896
6,species tree (mammal),udp_glucuronosyltransferase,0.5715886905726477
6,GC content (control),adam_metallopeptidase,0.3735021837950912
6,GC content (control),adamts_metallopeptidase,0.3983236772489933
6,GC content (control),adrenoceptor,0.6405444426950531
6,GC content (control),alcohol_dehydrogenase,0.2463445260262303
6,GC content (control),aldehyde_dehydrogenase,0.3499069776555211
6,GC content (control),aldo_keto_reductase,0.3742599275781299
6,GC content (control),alkaline_phosphatase,0.3384024623835548
6,GC content (control),arachidonate_lipoxygenase,0.488101086489701
6,GC content (control),arf_gtpase,0.4684800382658193
6,GC content (control),carbonic_anhydrase,0.3293159994902999
6,GC content (control),cxc_chemokine_receptor,0.508411793777011
6,GC content (control),cytochrome_p450,0.443094568982524
6,GC content (control),dopamine_receptor,0.463693443983624
6,GC content (control),ectonucleotide_pyrophosphatase,0.4324740692371248
6,GC content (control),ferritin,0.4570958481094104
6,GC content (control),flavin_monooxygenase,0.3887197965031236
6,GC content (control),globins,0.5916420870192934
6,GC content (control),glutamate_metabotropic,0.400628801250788
6,GC content (control),glutaredoxin,0.5603455316724966
6,GC content (control),glutathione_peroxidase,0.5311345827297831
6,GC content (control),glutathione_s_transferase,0.3179583159949823
6,GC content (control),guanylate_binding_protein,0.4838639020038837
6,GC content (control),heme_oxygenase,0.5134330988722245
6,GC content (control),histamine_receptor,0.4586852483967638
6,GC content (control),histone_deacetylase_classI,0.3037116819781273
6,GC content (control),histone_h4,0.6928854548609106
6,GC content (control),hox,0.5477449104539392
6,GC content (control),m14_carboxypeptidase,0.3900831331431153
6,GC content (control),matrix_metalloproteinase,0.4555988576658077
6,GC content (control),metallothionein,0.1240415215651742
6,GC content (control),muscarinic_receptor,0.668565365517166
6,GC content (control),nadph_oxidase,0.2689436447895558
6,GC content (control),nitric_oxide_synthase,0.5525024328456217
6,GC content (control),olfactory_receptors,0.4812323868268409
6,GC content (control),opsins,0.3177578675198906
6,GC content (control),p2y_receptor,0.3844294320677242
6,GC content (control),peroxidase,0.4287058854566586
6,GC content (control),peroxiredoxin,0.4048502526009825
6,GC content (control),phosphodiesterase,0.3478007657224373
6,GC content (control),rab_gtpase,0.3732433244750003
6,GC content (control),ras_gtpases,0.3783045843982738
6,GC content (control),rho_gtpase,0.4790796986432137
6,GC content (control),serine_protease,0.402182659556971
6,GC content (control),serotonin_receptor,0.44081467747855
6,GC content (control),steap_metalloreductase,0.3160951818463389
6,GC content (control),sulfotransferase,0.3914464156501424
6,GC content (control),taste2_receptor,0.4236133589486235
6,GC content (control),udp_glucuronosyltransferase,0.1823686249821708
7,"k-mer composition (CDS, k=6)",adam_metallopeptidase,0.5713624379251695
7,"k-mer composition (CDS, k=6)",adamts_metallopeptidase,0.4702700864837445
7,"k-mer composition (CDS, k=6)",adrenoceptor,0.7466072780849082
7,"k-mer composition (CDS, k=6)",alcohol_dehydrogenase,0.4157580387526911
7,"k-mer composition (CDS, k=6)",aldehyde_dehydrogenase,0.4099668146846059
7,"k-mer composition (CDS, k=6)",aldo_keto_reductase,0.4697366326541428
7,"k-mer composition (CDS, k=6)",alkaline_phosphatase,0.3524787905592858
7,"k-mer composition (CDS, k=6)",arachidonate_lipoxygenase,0.6549964983924829
7,"k-mer composition (CDS, k=6)",arf_gtpase,0.5830540847887249
7,"k-mer composition (CDS, k=6)",carbonic_anhydrase,0.480614862064492
7,"k-mer composition (CDS, k=6)",cxc_chemokine_receptor,0.6366134868724127
7,"k-mer composition (CDS, k=6)",cytochrome_p450,0.5831253692212656
7,"k-mer composition (CDS, k=6)",dopamine_receptor,0.6108339717994349
7,"k-mer composition (CDS, k=6)",ectonucleotide_pyrophosphatase,0.592424756552059
7,"k-mer composition (CDS, k=6)",ferritin,0.6306711722217555
7,"k-mer composition (CDS, k=6)",flavin_monooxygenase,0.4153915095503495
7,"k-mer composition (CDS, k=6)",globins,0.7180854183502824
7,"k-mer composition (CDS, k=6)",glutamate_metabotropic,0.4443838832174231
7,"k-mer composition (CDS, k=6)",glutaredoxin,0.7011216337806407
7,"k-mer composition (CDS, k=6)",glutathione_peroxidase,0.7388710463449677
7,"k-mer composition (CDS, k=6)",glutathione_s_transferase,0.5614706734382428
7,"k-mer composition (CDS, k=6)",guanylate_binding_protein,0.6601449275362319
7,"k-mer composition (CDS, k=6)",heme_oxygenase,0.7207961849471283
7,"k-mer composition (CDS, k=6)",histamine_receptor,0.653810689653934
7,"k-mer composition (CDS, k=6)",histone_deacetylase_classI,0.448702295589154
7,"k-mer composition (CDS, k=6)",histone_h4,0.521850613154961
7,"k-mer composition (CDS, k=6)",hox,0.7419828067953417
7,"k-mer composition (CDS, k=6)",m14_carboxypeptidase,0.583348395684036
7,"k-mer composition (CDS, k=6)",matrix_metalloproteinase,0.633479682616579
7,"k-mer composition (CDS, k=6)",metallothionein,0.7080004890878105
7,"k-mer composition (CDS, k=6)",muscarinic_receptor,0.7745051081889617
7,"k-mer composition (CDS, k=6)",nadph_oxidase,0.4347239894829717
7,"k-mer composition (CDS, k=6)",nitric_oxide_synthase,0.7057174532739211
7,"k-mer composition (CDS, k=6)",olfactory_receptors,0.6524415553609313
7,"k-mer composition (CDS, k=6)",opsins,0.6297512764666019
7,"k-mer composition (CDS, k=6)",p2y_receptor,0.6177780782078041
7,"k-mer composition (CDS, k=6)",peroxidase,0.4944223883085102
7,"k-mer composition (CDS, k=6)",peroxiredoxin,0.6448321169680776
7,"k-mer composition (CDS, k=6)",phosphodiesterase,0.5226751128219678
7,"k-mer composition (CDS, k=6)",rab_gtpase,0.5624834132141242
7,"k-mer composition (CDS, k=6)",ras_gtpases,0.6252158800531445
7,"k-mer composition (CDS, k=6)",rho_gtpase,0.6336409287517779
7,"k-mer composition (CDS, k=6)",serine_protease,0.5449719841663226
7,"k-mer composition (CDS, k=6)",serotonin_receptor,0.6162349345123199
7,"k-mer composition (CDS, k=6)",steap_metalloreductase,0.4736482014145465
7,"k-mer composition (CDS, k=6)",sulfotransferase,0.5265391006520236
7,"k-mer composition (CDS, k=6)",taste2_receptor,0.6286573458364092
7,"k-mer composition (CDS, k=6)",udp_glucuronosyltransferase,0.3890451497403369
7,patristic tree,adam_metallopeptidase,0.518044650804725
7,patristic tree,adamts_metallopeptidase,0.4586159141687496
7,patristic tree,adrenoceptor,0.809196347628921
7,patristic tree,alcohol_dehydrogenase,0.4524967011598027
7,patristic tree,aldehyde_dehydrogenase,0.4176637172136402
7,patristic tree,aldo_keto_reductase,0.4274370039115444
7,patristic tree,alkaline_phosphatase,0.172523554876496
7,patristic tree,arachidonate_lipoxygenase,0.6346080289951465
7,patristic tree,arf_gtpase,0.557587688153934
7,patristic tree,carbonic_anhydrase,0.5414297696313864
7,patristic tree,cxc_chemokine_receptor,0.6234212207579823
7,patristic tree,cytochrome_p450,0.56044431224684
7,patristic tree,dopamine_receptor,0.5867398070236267
7,patristic tree,ectonucleotide_pyrophosphatase,0.6160265044069275
7,patristic tree,ferritin,0.6876636461267941
7,patristic tree,flavin_monooxygenase,0.4356545344761507
7,patristic tree,globins,0.7145237511486551
7,patristic tree,glutamate_metabotropic,0.4207357619786672
7,patristic tree,glutaredoxin,0.7387460450081579
7,patristic tree,glutathione_peroxidase,0.5355512875691656
7,patristic tree,glutathione_s_transferase,0.4293406650870902
7,patristic tree,guanylate_binding_protein,0.7208827404479577
7,patristic tree,heme_oxygenase,0.6861496993572466
7,patristic tree,histamine_receptor,0.5581347667741232
7,patristic tree,histone_deacetylase_classI,0.3137971027128612
7,patristic tree,hox,0.6930263909898263
7,patristic tree,m14_carboxypeptidase,0.5776036192638132
7,patristic tree,matrix_metalloproteinase,0.5835153597945059
7,patristic tree,metallothionein,0.4377166856120015
7,patristic tree,muscarinic_receptor,0.7514847877267065
7,patristic tree,nadph_oxidase,0.3845307402771635
7,patristic tree,nitric_oxide_synthase,0.6489260654193485
7,patristic tree,olfactory_receptors,0.6100483607974695
7,patristic tree,opsins,0.5772323312870806
7,patristic tree,p2y_receptor,0.5489215403273804
7,patristic tree,peroxidase,0.4438210138878283
7,patristic tree,peroxiredoxin,0.5834166896728453
7,patristic tree,phosphodiesterase,0.4474254111231084
7,patristic tree,rab_gtpase,0.5266171769012149
7,patristic tree,ras_gtpases,0.5521767978202842
7,patristic tree,rho_gtpase,0.5886559568844958
7,patristic tree,serine_protease,0.5187884891036688
7,patristic tree,serotonin_receptor,0.5624704901276543
7,patristic tree,steap_metalloreductase,0.3449093380387114
7,patristic tree,sulfotransferase,0.4792575338413031
7,patristic tree,taste2_receptor,0.6229570987481545
7,patristic tree,udp_glucuronosyltransferase,0.4777009977544737
7,species tree (mammal),adam_metallopeptidase,0.3626176762349501
7,species tree (mammal),adamts_metallopeptidase,0.3032922161272642
7,species tree (mammal),adrenoceptor,0.6344613892160619
7,species tree (mammal),alcohol_dehydrogenase,0.2007569970136814
7,species tree (mammal),aldehyde_dehydrogenase,0.3191161314742103
7,species tree (mammal),aldo_keto_reductase,0.4179903958966967
7,species tree (mammal),alkaline_phosphatase,0.395587900231863
7,species tree (mammal),arachidonate_lipoxygenase,0.519491607476901
7,species tree (mammal),arf_gtpase,0.3728659476298319
7,species tree (mammal),carbonic_anhydrase,0.3248937459983629
7,species tree (mammal),cxc_chemokine_receptor,0.4141999388061763
7,species tree (mammal),cytochrome_p450,0.465796004174476
7,species tree (mammal),dopamine_receptor,0.4462081308727213
7,species tree (mammal),ectonucleotide_pyrophosphatase,0.3914753766791303
7,species tree (mammal),ferritin,0.332234625794263
7,species tree (mammal),flavin_monooxygenase,0.411750160587488
7,species tree (mammal),globins,0.3427475878660024
7,species tree (mammal),glutamate_metabotropic,0.2420852241135486
7,species tree (mammal),glutaredoxin,0.3592661599818582
7,species tree (mammal),glutathione_peroxidase,0.3778987566271459
7,species tree (mammal),glutathione_s_transferase,0.2688963954720801
7,species tree (mammal),guanylate_binding_protein,0.3885375494071146
7,species tree (mammal),heme_oxygenase,0.3377565830396019
7,species tree (mammal),histamine_receptor,0.2804253827001545
7,species tree (mammal),histone_deacetylase_classI,0.2674668368328591
7,species tree (mammal),histone_h4,-0.1634814460901417
7,species tree (mammal),hox,0.52874890154905
7,species tree (mammal),m14_carboxypeptidase,0.3986706827195558
7,species tree (mammal),matrix_metalloproteinase,0.4661035634287839
7,species tree (mammal),metallothionein,0.4236238658829872
7,species tree (mammal),muscarinic_receptor,0.6492922093957691
7,species tree (mammal),nadph_oxidase,0.2696461719545549
7,species tree (mammal),nitric_oxide_synthase,0.4791138913991665
7,species tree (mammal),olfactory_receptors,0.4268981989932132
7,species tree (mammal),opsins,0.2594335843774723
7,species tree (mammal),p2y_receptor,0.3956330418756055
7,species tree (mammal),peroxidase,0.4382600096705751
7,species tree (mammal),peroxiredoxin,0.4970567971402812
7,species tree (mammal),phosphodiesterase,0.3774165403258067
7,species tree (mammal),rab_gtpase,0.3387145594638546
7,species tree (mammal),ras_gtpases,0.3750804030674187
7,species tree (mammal),rho_gtpase,0.4017195271058743
7,species tree (mammal),serine_protease,0.459714968981212
7,species tree (mammal),serotonin_receptor,0.5239557178615336
7,species tree (mammal),steap_metalloreductase,0.4196095900169507
7,species tree (mammal),sulfotransferase,0.3749890306279599
7,species tree (mammal),taste2_receptor,0.4770222225890823
7,species tree (mammal),udp_glucuronosyltransferase,0.548904823637444
7,GC content (control),adam_metallopeptidase,0.3675752558882261
7,GC content (control),adamts_metallopeptidase,0.3829751173449587
7,GC content (control),adrenoceptor,0.6334509808885259
7,GC content (control),alcohol_dehydrogenase,0.2042204003837845
7,GC content (control),aldehyde_dehydrogenase,0.3136032696554857
7,GC content (control),aldo_keto_reductase,0.3416212078048485
7,GC content (control),alkaline_phosphatase,0.3290923988966527
7,GC content (control),arachidonate_lipoxygenase,0.4655489681886826
7,GC content (control),arf_gtpase,0.4411452840055962
7,GC content (control),carbonic_anhydrase,0.3123397953207801
7,GC content (control),cxc_chemokine_receptor,0.5326322205428892
7,GC content (control),cytochrome_p450,0.4186240337929465
7,GC content (control),dopamine_receptor,0.4429368936528197
7,GC content (control),ectonucleotide_pyrophosphatase,0.4001706821801023
7,GC content (control),ferritin,0.4557468662626323
7,GC content (control),flavin_monooxygenase,0.3642818472416899
7,GC content (control),globins,0.5492400135628551
7,GC content (control),glutamate_metabotropic,0.375069494892624
7,GC content (control),glutaredoxin,0.5074058351712039
7,GC content (control),glutathione_peroxidase,0.5133681575556615
7,GC content (control),glutathione_s_transferase,0.3205181996225488
7,GC content (control),guanylate_binding_protein,0.4506525697351323
7,GC content (control),heme_oxygenase,0.5482560038224382
7,GC content (control),histamine_receptor,0.4248682686231819
7,GC content (control),histone_deacetylase_classI,0.3012266361193712
7,GC content (control),histone_h4,0.6442273879492865
7,GC content (control),hox,0.5440808676964731
7,GC content (control),m14_carboxypeptidase,0.3670401685374633
7,GC content (control),matrix_metalloproteinase,0.4354703550228888
7,GC content (control),metallothionein,0.1155746561654681
7,GC content (control),muscarinic_receptor,0.6610207815923004
7,GC content (control),nadph_oxidase,0.2537852826844361
7,GC content (control),nitric_oxide_synthase,0.5532185900397139
7,GC content (control),olfactory_receptors,0.4620094178034601
7,GC content (control),opsins,0.3236841840476639
7,GC content (control),p2y_receptor,0.3806208317520501
7,GC content (control),peroxidase,0.4193011846697096
7,GC content (control),peroxiredoxin,0.4149734510035984
7,GC content (control),phosphodiesterase,0.3209948913100118
7,GC content (control),rab_gtpase,0.364233321052092
7,GC content (control),ras_gtpases,0.3765211857563446
7,GC content (control),rho_gtpase,0.4670747784533513
7,GC content (control),serine_protease,0.4031364280204138
7,GC content (control),serotonin_receptor,0.4298769614649697
7,GC content (control),steap_metalloreductase,0.3625530182867826
7,GC content (control),sulfotransferase,0.4042186343382515
7,GC content (control),taste2_receptor,0.4318979339817946
7,GC content (control),udp_glucuronosyltransferase,0.1450375494663049
8,"k-mer composition (CDS, k=6)",adam_metallopeptidase,0.544217121204868
8,"k-mer composition (CDS, k=6)",adamts_metallopeptidase,0.4524656303099899
8,"k-mer composition (CDS, k=6)",adrenoceptor,0.7161158550536174
8,"k-mer composition (CDS, k=6)",alcohol_dehydrogenase,0.3748871449406208
8,"k-mer composition (CDS, k=6)",aldehyde_dehydrogenase,0.3750515609169746
8,"k-mer composition (CDS, k=6)",aldo_keto_reductase,0.451886782213077
8,"k-mer composition (CDS, k=6)",alkaline_phosphatase,0.3578230335196279
8,"k-mer composition (CDS, k=6)",arachidonate_lipoxygenase,0.6191414988377429
8,"k-mer composition (CDS, k=6)",arf_gtpase,0.5505320349624554
8,"k-mer composition (CDS, k=6)",carbonic_anhydrase,0.4378647072974492
8,"k-mer composition (CDS, k=6)",cxc_chemokine_receptor,0.5622108549396826
8,"k-mer composition (CDS, k=6)",cytochrome_p450,0.5323360485030818
8,"k-mer composition (CDS, k=6)",dopamine_receptor,0.5344181671111088
8,"k-mer composition (CDS, k=6)",ectonucleotide_pyrophosphatase,0.5823730107257349
8,"k-mer composition (CDS, k=6)",ferritin,0.6336480522365604
8,"k-mer composition (CDS, k=6)",flavin_monooxygenase,0.3303110958769251
8,"k-mer composition (CDS, k=6)",globins,0.6635647396075751
8,"k-mer composition (CDS, k=6)",glutamate_metabotropic,0.3937832238270361
8,"k-mer composition (CDS, k=6)",glutaredoxin,0.6830620643637622
8,"k-mer composition (CDS, k=6)",glutathione_peroxidase,0.6696227674670749
8,"k-mer composition (CDS, k=6)",glutathione_s_transferase,0.5131895271455391
8,"k-mer composition (CDS, k=6)",guanylate_binding_protein,0.5880105401844531
8,"k-mer composition (CDS, k=6)",heme_oxygenase,0.7376632801161103
8,"k-mer composition (CDS, k=6)",histamine_receptor,0.639444310711918
8,"k-mer composition (CDS, k=6)",histone_deacetylase_classI,0.3870226766153663
8,"k-mer composition (CDS, k=6)",histone_h4,0.6892498805542284
8,"k-mer composition (CDS, k=6)",hox,0.727861237946318
8,"k-mer composition (CDS, k=6)",m14_carboxypeptidase,0.5555212152886296
8,"k-mer composition (CDS, k=6)",matrix_metalloproteinase,0.5752393306341567
8,"k-mer composition (CDS, k=6)",metallothionein,0.6599832784451498
8,"k-mer composition (CDS, k=6)",muscarinic_receptor,0.7099500170814721
8,"k-mer composition (CDS, k=6)",nadph_oxidase,0.4349009819257575
8,"k-mer composition (CDS, k=6)",nitric_oxide_synthase,0.7120123617935649
8,"k-mer composition (CDS, k=6)",olfactory_receptors,0.6099087830354338
8,"k-mer composition (CDS, k=6)",opsins,0.6842300736822718
8,"k-mer composition (CDS, k=6)",p2y_receptor,0.5732269427704288
8,"k-mer composition (CDS, k=6)",peroxidase,0.4696736628521158
8,"k-mer composition (CDS, k=6)",peroxiredoxin,0.6245384005083391
8,"k-mer composition (CDS, k=6)",phosphodiesterase,0.4999076983920781
8,"k-mer composition (CDS, k=6)",rab_gtpase,0.5297956937434951
8,"k-mer composition (CDS, k=6)",ras_gtpases,0.586933374135653
8,"k-mer composition (CDS, k=6)",rho_gtpase,0.6152789498851847
8,"k-mer composition (CDS, k=6)",serine_protease,0.4694920945483579
8,"k-mer composition (CDS, k=6)",serotonin_receptor,0.5628013760318717
8,"k-mer composition (CDS, k=6)",steap_metalloreductase,0.3324420166509925
8,"k-mer composition (CDS, k=6)",sulfotransferase,0.4881293273377892
8,"k-mer composition (CDS, k=6)",taste2_receptor,0.6046590512239622
8,"k-mer composition (CDS, k=6)",udp_glucuronosyltransferase,0.3500530515236397
8,patristic tree,adam_metallopeptidase,0.4905187140295379
8,patristic tree,adamts_metallopeptidase,0.4543604853866346
8,patristic tree,adrenoceptor,0.7950290912004263
8,patristic tree,alcohol_dehydrogenase,0.425994860754219
8,patristic tree,aldehyde_dehydrogenase,0.4052637953787721
8,patristic tree,aldo_keto_reductase,0.4311430771272463
8,patristic tree,alkaline_phosphatase,0.1738738557624006
8,patristic tree,arachidonate_lipoxygenase,0.6011011603077044
8,patristic tree,arf_gtpase,0.5324336059944604
8,patristic tree,carbonic_anhydrase,0.5056880863217328
8,patristic tree,cxc_chemokine_receptor,0.5604478586130298
8,patristic tree,cytochrome_p450,0.5176920047811151
8,patristic tree,dopamine_receptor,0.5412199451357894
8,patristic tree,ectonucleotide_pyrophosphatase,0.6135211903661713
8,patristic tree,ferritin,0.7033069426117553
8,patristic tree,flavin_monooxygenase,0.3596934996486601
8,patristic tree,globins,0.6706132285514697
8,patristic tree,glutamate_metabotropic,0.3998423225200707
8,patristic tree,glutaredoxin,0.7373047944674762
8,patristic tree,glutathione_peroxidase,0.4805587142611029
8,patristic tree,glutathione_s_transferase,0.4020575164375808
8,patristic tree,guanylate_binding_protein,0.6620553359683794
8,patristic tree,heme_oxygenase,0.6910014513788099
8,patristic tree,histamine_receptor,0.5498050895401833
8,patristic tree,histone_deacetylase_classI,0.3063014158589673
8,patristic tree,hox,0.6825128626257785
8,patristic tree,m14_carboxypeptidase,0.5560228578046804
8,patristic tree,matrix_metalloproteinase,0.5288835760786075
8,patristic tree,metallothionein,0.3961986301282316
8,patristic tree,muscarinic_receptor,0.7020787488422575
8,patristic tree,nadph_oxidase,0.3918087292036007
8,patristic tree,nitric_oxide_synthase,0.6807376250240013
8,patristic tree,olfactory_receptors,0.5839020247678699
8,patristic tree,opsins,0.6408452704027833
8,patristic tree,p2y_receptor,0.5170235990416867
8,patristic tree,peroxidase,0.443231987606368
8,patristic tree,peroxiredoxin,0.5827416261868624
8,patristic tree,phosphodiesterase,0.4386720878282734
8,patristic tree,rab_gtpase,0.5121951381661689
8,patristic tree,ras_gtpases,0.5396203628271562
8,patristic tree,rho_gtpase,0.5925594161018662
8,patristic tree,serine_protease,0.4548349173652683
8,patristic tree,serotonin_receptor,0.5249841374362942
8,patristic tree,steap_metalloreductase,0.2785469811879685
8,patristic tree,sulfotransferase,0.4526949569410868
8,patristic tree,taste2_receptor,0.5933324153876919
8,patristic tree,udp_glucuronosyltransferase,0.460720458982491
8,species tree (mammal),adam_metallopeptidase,0.3614117115789033
8,species tree (mammal),adamts_metallopeptidase,0.3098310030601057
8,species tree (mammal),adrenoceptor,0.6026600931074869
8,species tree (mammal),alcohol_dehydrogenase,0.2409820126397666
8,species tree (mammal),aldehyde_dehydrogenase,0.301073014152542
8,species tree (mammal),aldo_keto_reductase,0.4315949696714566
8,species tree (mammal),alkaline_phosphatase,0.3800845697130526
8,species tree (mammal),arachidonate_lipoxygenase,0.5111649134231196
8,species tree (mammal),arf_gtpase,0.3439132846916809
8,species tree (mammal),carbonic_anhydrase,0.2934707994180615
8,species tree (mammal),cxc_chemokine_receptor,0.3660303696230891
8,species tree (mammal),cytochrome_p450,0.4375764324110558
8,species tree (mammal),dopamine_receptor,0.4168195692533412
8,species tree (mammal),ectonucleotide_pyrophosphatase,0.3894315619927218
8,species tree (mammal),ferritin,0.3082735717355572
8,species tree (mammal),flavin_monooxygenase,0.354910447783473
8,species tree (mammal),globins,0.3017650899213774
8,species tree (mammal),glutamate_metabotropic,0.2175312865971309
8,species tree (mammal),glutaredoxin,0.3507374133058026
8,species tree (mammal),glutathione_peroxidase,0.3279205932570716
8,species tree (mammal),glutathione_s_transferase,0.243896903035408
8,species tree (mammal),guanylate_binding_protein,0.333596837944664
8,species tree (mammal),heme_oxygenase,0.3752228903172299
8,species tree (mammal),histamine_receptor,0.3029353008671606
8,species tree (mammal),histone_deacetylase_classI,0.2065174016610468
8,species tree (mammal),histone_h4,-0.1647077560121038
8,species tree (mammal),hox,0.5074923736074632
8,species tree (mammal),m14_carboxypeptidase,0.3750191703744225
8,species tree (mammal),matrix_metalloproteinase,0.4255810321829977
8,species tree (mammal),metallothionein,0.3884162322679995
8,species tree (mammal),muscarinic_receptor,0.5958898594244592
8,species tree (mammal),nadph_oxidase,0.274386060248406
8,species tree (mammal),nitric_oxide_synthase,0.5136492972152338
8,species tree (mammal),olfactory_receptors,0.3971990263065638
8,species tree (mammal),opsins,0.2674177219881012
8,species tree (mammal),p2y_receptor,0.3959990396957207
8,species tree (mammal),peroxidase,0.4355920402117736
8,species tree (mammal),peroxiredoxin,0.4860842451217729
8,species tree (mammal),phosphodiesterase,0.358608750999314
8,species tree (mammal),rab_gtpase,0.3133638886618489
8,species tree (mammal),ras_gtpases,0.3497586733791958
8,species tree (mammal),rho_gtpase,0.4034038752685988
8,species tree (mammal),serine_protease,0.4258775162532676
8,species tree (mammal),serotonin_receptor,0.4917262155382677
8,species tree (mammal),steap_metalloreductase,0.3481276874436481
8,species tree (mammal),sulfotransferase,0.3332344881589238
8,species tree (mammal),taste2_receptor,0.4443660686705313
8,species tree (mammal),udp_glucuronosyltransferase,0.545343812456112
8,GC content (control),adam_metallopeptidase,0.3618974731385918
8,GC content (control),adamts_metallopeptidase,0.364017120453698
8,GC content (control),adrenoceptor,0.5961043871495724
8,GC content (control),alcohol_dehydrogenase,0.2161214208765019
8,GC content (control),aldehyde_dehydrogenase,0.2853056335957032
8,GC content (control),aldo_keto_reductase,0.3222094803874672
8,GC content (control),alkaline_phosphatase,0.3504701944865162
8,GC content (control),arachidonate_lipoxygenase,0.4139615331395163
8,GC content (control),arf_gtpase,0.4299207372497794
8,GC content (control),carbonic_anhydrase,0.2745544660776227
8,GC content (control),cxc_chemokine_receptor,0.4838751141779298
8,GC content (control),cytochrome_p450,0.3705620420235161
8,GC content (control),dopamine_receptor,0.384009420987792
8,GC content (control),ectonucleotide_pyrophosphatase,0.3771587884713072
8,GC content (control),ferritin,0.4552063170857742
8,GC content (control),flavin_monooxygenase,0.2971907680306335
8,GC content (control),globins,0.4966610465991342
8,GC content (control),glutamate_metabotropic,0.3376377045019312
8,GC content (control),glutaredoxin,0.5089807171669842
8,GC content (control),glutathione_peroxidase,0.4637966003140529
8,GC content (control),glutathione_s_transferase,0.2670736622895055
8,GC content (control),guanylate_binding_protein,0.3796182688814361
8,GC content (control),heme_oxygenase,0.4864684142114608
8,GC content (control),histamine_receptor,0.4084465638285211
8,GC content (control),histone_deacetylase_classI,0.2539347438992864
8,GC content (control),histone_h4,0.6960485877516779
8,GC content (control),hox,0.523071980010277
8,GC content (control),m14_carboxypeptidase,0.339245652629774
8,GC content (control),matrix_metalloproteinase,0.3936994689737644
8,GC content (control),metallothionein,0.0863298575655907
8,GC content (control),muscarinic_receptor,0.5916130701756704
8,GC content (control),nadph_oxidase,0.2742038904706486
8,GC content (control),nitric_oxide_synthase,0.5444180222863926
8,GC content (control),olfactory_receptors,0.4441005183055623
8,GC content (control),opsins,0.3071057576740756
8,GC content (control),p2y_receptor,0.3151884189881694
8,GC content (control),peroxidase,0.3882331277619261
8,GC content (control),peroxiredoxin,0.4378592455134171
8,GC content (control),phosphodiesterase,0.3048734846615292
8,GC content (control),rab_gtpase,0.3379139618584865
8,GC content (control),ras_gtpases,0.3477092888789608
8,GC content (control),rho_gtpase,0.4509713506528682
8,GC content (control),serine_protease,0.3590830910153638
8,GC content (control),serotonin_receptor,0.3778006508295917
8,GC content (control),steap_metalloreductase,0.2388430200033186
8,GC content (control),sulfotransferase,0.363455479118727
8,GC content (control),taste2_receptor,0.439837958522586
8,GC content (control),udp_glucuronosyltransferase,0.1019430251181736
9,"k-mer composition (CDS, k=6)",adam_metallopeptidase,0.4785802194113414
9,"k-mer composition (CDS, k=6)",adamts_metallopeptidase,0.3342913632954912
9,"k-mer composition (CDS, k=6)",adrenoceptor,0.7069871442561696
9,"k-mer composition (CDS, k=6)",alcohol_dehydrogenase,0.2843739148551982
9,"k-mer composition (CDS, k=6)",aldehyde_dehydrogenase,0.2929993293994157
9,"k-mer composition (CDS, k=6)",aldo_keto_reductase,0.4438553316206959
9,"k-mer composition (CDS, k=6)",alkaline_phosphatase,0.3164964550413466
9,"k-mer composition (CDS, k=6)",arachidonate_lipoxygenase,0.5644345515962462
9,"k-mer composition (CDS, k=6)",arf_gtpase,0.5186954993005847
9,"k-mer composition (CDS, k=6)",carbonic_anhydrase,0.4224238215686716
9,"k-mer composition (CDS, k=6)",cxc_chemokine_receptor,0.6097742119696199
9,"k-mer composition (CDS, k=6)",cytochrome_p450,0.5029714674455612
9,"k-mer composition (CDS, k=6)",dopamine_receptor,0.528432862019016
9,"k-mer composition (CDS, k=6)",ectonucleotide_pyrophosphatase,0.546946810928125
9,"k-mer composition (CDS, k=6)",ferritin,0.5714770835703264
9,"k-mer composition (CDS, k=6)",flavin_monooxygenase,0.3148309163966892
9,"k-mer composition (CDS, k=6)",globins,0.6693851627946218
9,"k-mer composition (CDS, k=6)",glutamate_metabotropic,0.3629600267559699
9,"k-mer composition (CDS, k=6)",glutaredoxin,0.6589592466454506
9,"k-mer composition (CDS, k=6)",glutathione_peroxidase,0.6713011431602963
9,"k-mer composition (CDS, k=6)",glutathione_s_transferase,0.4648831979004051
9,"k-mer composition (CDS, k=6)",guanylate_binding_protein,0.5865612648221343
9,"k-mer composition (CDS, k=6)",heme_oxygenase,0.7088637777317023
9,"k-mer composition (CDS, k=6)",histamine_receptor,0.5751980512692093
9,"k-mer composition (CDS, k=6)",histone_deacetylase_classI,0.3788475603762577
9,"k-mer composition (CDS, k=6)",histone_h4,0.6744863831820354
9,"k-mer composition (CDS, k=6)",hox,0.7301664083704592
9,"k-mer composition (CDS, k=6)",m14_carboxypeptidase,0.4798710200826975
9,"k-mer composition (CDS, k=6)",matrix_metalloproteinase,0.5477627266954519
9,"k-mer composition (CDS, k=6)",metallothionein,0.5869627017793901
9,"k-mer composition (CDS, k=6)",muscarinic_receptor,0.7052988683525838
9,"k-mer composition (CDS, k=6)",nadph_oxidase,0.2515450595655761
9,"k-mer composition (CDS, k=6)",nitric_oxide_synthase,0.6445050513599787
9,"k-mer composition (CDS, k=6)",olfactory_receptors,0.6091621603026763
9,"k-mer composition (CDS, k=6)",opsins,0.5528875546410484
9,"k-mer composition (CDS, k=6)",p2y_receptor,0.5468576191180079
9,"k-mer composition (CDS, k=6)",peroxidase,0.3960330677941026
9,"k-mer composition (CDS, k=6)",peroxiredoxin,0.5713916533615888
9,"k-mer composition (CDS, k=6)",phosphodiesterase,0.4390435804531376
9,"k-mer composition (CDS, k=6)",rab_gtpase,0.4773772075838984
9,"k-mer composition (CDS, k=6)",ras_gtpases,0.5715335454772659
9,"k-mer composition (CDS, k=6)",rho_gtpase,0.5699957650878333
9,"k-mer composition (CDS, k=6)",serine_protease,0.4361686308437965
9,"k-mer composition (CDS, k=6)",serotonin_receptor,0.5439586194759598
9,"k-mer composition (CDS, k=6)",steap_metalloreductase,0.2153801656272869
9,"k-mer composition (CDS, k=6)",sulfotransferase,0.4462255678848633
9,"k-mer composition (CDS, k=6)",taste2_receptor,0.6282695075282905
9,"k-mer composition (CDS, k=6)",udp_glucuronosyltransferase,0.2966156986210462
9,patristic tree,adam_metallopeptidase,0.4230541196052108
9,patristic tree,adamts_metallopeptidase,0.3234187060707801
9,patristic tree,adrenoceptor,0.7910616427605702
9,patristic tree,alcohol_dehydrogenase,0.3874505173970414
9,patristic tree,aldehyde_dehydrogenase,0.3379789277279399
9,patristic tree,aldo_keto_reductase,0.4115867294738873
9,patristic tree,alkaline_phosphatase,0.1495215311004784
9,patristic tree,arachidonate_lipoxygenase,0.5543097745997081
9,patristic tree,arf_gtpase,0.5174871909903799
9,patristic tree,carbonic_anhydrase,0.5143056314624612
9,patristic tree,cxc_chemokine_receptor,0.6148994035929943
9,patristic tree,cytochrome_p450,0.4802372197072374
9,patristic tree,dopamine_receptor,0.5426952746769471
9,patristic tree,ectonucleotide_pyrophosphatase,0.5804154773080865
9,patristic tree,ferritin,0.6484846975081803
9,patristic tree,flavin_monooxygenase,0.3515661607805483
9,patristic tree,globins,0.669961268913304
9,patristic tree,glutamate_metabotropic,0.3727525191093079
9,patristic tree,glutaredoxin,0.7196108248868602
9,patristic tree,glutathione_peroxidase,0.4791456805495117
9,patristic tree,glutathione_s_transferase,0.3754811155342569
9,patristic tree,guanylate_binding_protein,0.6444664031620553
9,patristic tree,heme_oxygenase,0.689809247356417
9,patristic tree,histamine_receptor,0.4655287488887587
9,patristic tree,histone_deacetylase_classI,0.2983460589759812
9,patristic tree,hox,0.6889140992301979
9,patristic tree,m14_carboxypeptidase,0.4908133943729317
9,patristic tree,matrix_metalloproteinase,0.5136093743507049
9,patristic tree,metallothionein,0.3096815413332593
9,patristic tree,muscarinic_receptor,0.7132470801827894
9,patristic tree,nadph_oxidase,0.2056370335509099
9,patristic tree,nitric_oxide_synthase,0.5956006207681862
9,patristic tree,olfactory_receptors,0.5963885245290644
9,patristic tree,opsins,0.4873379398918516
9,patristic tree,p2y_receptor,0.498451703706595
9,patristic tree,peroxidase,0.3856083894160718
9,patristic tree,peroxiredoxin,0.5422454159075586
9,patristic tree,phosphodiesterase,0.4113438232663222
9,patristic tree,rab_gtpase,0.4795269043909687
9,patristic tree,ras_gtpases,0.5339583113784344
9,patristic tree,rho_gtpase,0.5581716013665184
9,patristic tree,serine_protease,0.4239429784303919
9,patristic tree,serotonin_receptor,0.5237462711711572
9,patristic tree,steap_metalloreductase,0.2099046959252013
9,patristic tree,sulfotransferase,0.4331687879146613
9,patristic tree,taste2_receptor,0.6195207407044213
9,patristic tree,udp_glucuronosyltransferase,0.4198661558287226
9,species tree (mammal),adam_metallopeptidase,0.2906464939379511
9,species tree (mammal),adamts_metallopeptidase,0.2066647109279914
9,species tree (mammal),adrenoceptor,0.5955326677745508
9,species tree (mammal),alcohol_dehydrogenase,0.1747899159663865
9,species tree (mammal),aldehyde_dehydrogenase,0.227733663902121
9,species tree (mammal),aldo_keto_reductase,0.4231148978061935
9,species tree (mammal),alkaline_phosphatase,0.2795491402302547
9,species tree (mammal),arachidonate_lipoxygenase,0.4656112738033691
9,species tree (mammal),arf_gtpase,0.3049583325795408
9,species tree (mammal),carbonic_anhydrase,0.2669305304877727
9,species tree (mammal),cxc_chemokine_receptor,0.3736220615077986
9,species tree (mammal),cytochrome_p450,0.4027823725238888
9,species tree (mammal),dopamine_receptor,0.42036847458381
9,species tree (mammal),ectonucleotide_pyrophosphatase,0.3651230300954639
9,species tree (mammal),ferritin,0.3387281322877695
9,species tree (mammal),flavin_monooxygenase,0.352794778627686
9,species tree (mammal),globins,0.3249375225091107
9,species tree (mammal),glutamate_metabotropic,0.2203391527963273
9,species tree (mammal),glutaredoxin,0.3276685237109079
9,species tree (mammal),glutathione_peroxidase,0.3282502933874297
9,species tree (mammal),glutathione_s_transferase,0.2282745326835129
9,species tree (mammal),guanylate_binding_protein,0.3476943346508563
9,species tree (mammal),heme_oxygenase,0.4461020111963508
9,species tree (mammal),histamine_receptor,0.2509489724022866
9,species tree (mammal),histone_deacetylase_classI,0.2042820106624894
9,species tree (mammal),histone_h4,-0.2448797579232362
9,species tree (mammal),hox,0.5065890776297018
9,species tree (mammal),m14_carboxypeptidase,0.3154385500900656
9,species tree (mammal),matrix_metalloproteinase,0.4085600172083917
9,species tree (mammal),metallothionein,0.3792822572137524
9,species tree (mammal),muscarinic_receptor,0.5825623068190313
9,species tree (mammal),nadph_oxidase,0.1569870180106365
9,species tree (mammal),nitric_oxide_synthase,0.4293050844440964
9,species tree (mammal),olfactory_receptors,0.3843967650554662
9,species tree (mammal),opsins,0.2206309577964643
9,species tree (mammal),p2y_receptor,0.3923516581679961
9,species tree (mammal),peroxidase,0.3684484080961033
9,species tree (mammal),peroxiredoxin,0.4312784013309041
9,species tree (mammal),phosphodiesterase,0.3256721099796079
9,species tree (mammal),rab_gtpase,0.2813088457529069
9,species tree (mammal),ras_gtpases,0.3218348221713293
9,species tree (mammal),rho_gtpase,0.3699074125274511
9,species tree (mammal),serine_protease,0.389876320901652
9,species tree (mammal),serotonin_receptor,0.4824449111903843
9,species tree (mammal),steap_metalloreductase,0.30557285497815
9,species tree (mammal),sulfotransferase,0.3129870882330197
9,species tree (mammal),taste2_receptor,0.4516583528624909
9,species tree (mammal),udp_glucuronosyltransferase,0.4837027648524975
9,GC content (control),adam_metallopeptidase,0.3148506287150709
9,GC content (control),adamts_metallopeptidase,0.2763536320075392
9,GC content (control),adrenoceptor,0.5901392742213957
9,GC content (control),alcohol_dehydrogenase,0.249522067243282
9,GC content (control),aldehyde_dehydrogenase,0.2146274765537051
9,GC content (control),aldo_keto_reductase,0.3170418072262985
9,GC content (control),alkaline_phosphatase,0.3143005056942307
9,GC content (control),arachidonate_lipoxygenase,0.3722691984232263
9,GC content (control),arf_gtpase,0.4277042367293959
9,GC content (control),carbonic_anhydrase,0.2722536858561785
9,GC content (control),cxc_chemokine_receptor,0.4872295509368777
9,GC content (control),cytochrome_p450,0.3607993201110674
9,GC content (control),dopamine_receptor,0.3712914106900492
9,GC content (control),ectonucleotide_pyrophosphatase,0.3414041033687716
9,GC content (control),ferritin,0.4062701868348429
9,GC content (control),flavin_monooxygenase,0.2808733117558549
9,GC content (control),globins,0.4997648690761601
9,GC content (control),glutamate_metabotropic,0.3197801839729757
9,GC content (control),glutaredoxin,0.4853303947267334
9,GC content (control),glutathione_peroxidase,0.4670338059829668
9,GC content (control),glutathione_s_transferase,0.2481732110883661
9,GC content (control),guanylate_binding_protein,0.4161584052678131
9,GC content (control),heme_oxygenase,0.4271844660251565
9,GC content (control),histamine_receptor,0.3995856700177018
9,GC content (control),histone_deacetylase_classI,0.2497948129446596
9,GC content (control),histone_h4,0.676974179337329
9,GC content (control),hox,0.5269267737644494
9,GC content (control),m14_carboxypeptidase,0.2736381806342677
9,GC content (control),matrix_metalloproteinase,0.3748414336941517
9,GC content (control),metallothionein,0.085660134823153
9,GC content (control),muscarinic_receptor,0.5801767899263703
9,GC content (control),nadph_oxidase,0.1212084922521582
9,GC content (control),nitric_oxide_synthase,0.5004948650057766
9,GC content (control),olfactory_receptors,0.4392769773623163
9,GC content (control),opsins,0.2364952279777122
9,GC content (control),p2y_receptor,0.3217405864885433
9,GC content (control),peroxidase,0.3789601309661846
9,GC content (control),peroxiredoxin,0.4093759459821217
9,GC content (control),phosphodiesterase,0.260758249868838
9,GC content (control),rab_gtpase,0.3150200280241095
9,GC content (control),ras_gtpases,0.3308291057191166
9,GC content (control),rho_gtpase,0.4013400809468807
9,GC content (control),serine_protease,0.3258191522930563
9,GC content (control),serotonin_receptor,0.3662659748404324
9,GC content (control),steap_metalloreductase,0.174903075363062
9,GC content (control),sulfotransferase,0.3373905128398083
9,GC content (control),taste2_receptor,0.4499963286551236
9,GC content (control),udp_glucuronosyltransferase,0.1069877632943326
10,"k-mer composition (CDS, k=6)",adam_metallopeptidase,0.4624855976757189
10,"k-mer composition (CDS, k=6)",adamts_metallopeptidase,0.3031231593118271
10,"k-mer composition (CDS, k=6)",adrenoceptor,0.6969765784096751
10,"k-mer composition (CDS, k=6)",alcohol_dehydrogenase,0.4556774776026112
10,"k-mer composition (CDS, k=6)",aldehyde_dehydrogenase,0.2726935184752878
10,"k-mer composition (CDS, k=6)",aldo_keto_reductase,0.4132832370416313
10,"k-mer composition (CDS, k=6)",alkaline_phosphatase,0.3317250345114121
10,"k-mer composition (CDS, k=6)",arachidonate_lipoxygenase,0.5254473642936383
10,"k-mer composition (CDS, k=6)",arf_gtpase,0.4973482116164908
10,"k-mer composition (CDS, k=6)",carbonic_anhydrase,0.4368607324135704
10,"k-mer composition (CDS, k=6)",cxc_chemokine_receptor,0.6494342776758018
10,"k-mer composition (CDS, k=6)",cytochrome_p450,0.4738649760079079
10,"k-mer composition (CDS, k=6)",dopamine_receptor,0.56073499046697
10,"k-mer composition (CDS, k=6)",ectonucleotide_pyrophosphatase,0.450270517478946
10,"k-mer composition (CDS, k=6)",ferritin,0.6594961854212955
10,"k-mer composition (CDS, k=6)",flavin_monooxygenase,0.327510596649301
10,"k-mer composition (CDS, k=6)",globins,0.6516756565807081
10,"k-mer composition (CDS, k=6)",glutamate_metabotropic,0.3322245313903512
10,"k-mer composition (CDS, k=6)",glutaredoxin,0.6308553778596666
10,"k-mer composition (CDS, k=6)",glutathione_peroxidase,0.6452770927289011
10,"k-mer composition (CDS, k=6)",glutathione_s_transferase,0.4707812356020535
10,"k-mer composition (CDS, k=6)",guanylate_binding_protein,0.4264822134387351
10,"k-mer composition (CDS, k=6)",heme_oxygenase,0.754654779183081
10,"k-mer composition (CDS, k=6)",histamine_receptor,0.5064862566191912
10,"k-mer composition (CDS, k=6)",histone_deacetylase_classI,0.2750982672618363
10,"k-mer composition (CDS, k=6)",histone_h4,0.7200509635292244
10,"k-mer composition (CDS, k=6)",hox,0.6840752317629422
10,"k-mer composition (CDS, k=6)",m14_carboxypeptidase,0.4070344539571668
10,"k-mer composition (CDS, k=6)",matrix_metalloproteinase,0.5091617424452503
10,"k-mer composition (CDS, k=6)",metallothionein,0.4979432779311981
10,"k-mer composition (CDS, k=6)",muscarinic_receptor,0.6839690053314893
10,"k-mer composition (CDS, k=6)",nadph_oxidase,0.2511479588084307
10,"k-mer composition (CDS, k=6)",nitric_oxide_synthase,0.6375009181851178
10,"k-mer composition (CDS, k=6)",olfactory_receptors,0.6119289654206194
10,"k-mer composition (CDS, k=6)",opsins,0.5535224223823639
10,"k-mer composition (CDS, k=6)",p2y_receptor,0.564233106535894
10,"k-mer composition (CDS, k=6)",peroxidase,0.3529465006291692
10,"k-mer composition (CDS, k=6)",peroxiredoxin,0.5687419734923402
10,"k-mer composition (CDS, k=6)",phosphodiesterase,0.4221391293901284
10,"k-mer composition (CDS, k=6)",rab_gtpase,0.451025478016293
10,"k-mer composition (CDS, k=6)",ras_gtpases,0.5559035240720209
10,"k-mer composition (CDS, k=6)",rho_gtpase,0.54531670713036
10,"k-mer composition (CDS, k=6)",serine_protease,0.4460011205092382
10,"k-mer composition (CDS, k=6)",serotonin_receptor,0.5674770879145876
10,"k-mer composition (CDS, k=6)",steap_metalloreductase,0.2232849016247033
10,"k-mer composition (CDS, k=6)",sulfotransferase,0.3601001553248463
10,"k-mer composition (CDS, k=6)",taste2_receptor,0.6541704491038762
10,"k-mer composition (CDS, k=6)",udp_glucuronosyltransferase,0.2012809531526109
10,patristic tree,adam_metallopeptidase,0.4141707261405621
10,patristic tree,adamts_metallopeptidase,0.3001338005417163
10,patristic tree,adrenoceptor,0.7760718388504282
10,patristic tree,alcohol_dehydrogenase,0.4889714563511354
10,patristic tree,aldehyde_dehydrogenase,0.3272574080338317
10,patristic tree,aldo_keto_reductase,0.4318797955194882
10,patristic tree,alkaline_phosphatase,0.1545374130513449
10,patristic tree,arachidonate_lipoxygenase,0.5461236675443301
10,patristic tree,arf_gtpase,0.5175746388447152
10,patristic tree,carbonic_anhydrase,0.5251072030700935
10,patristic tree,cxc_chemokine_receptor,0.6576450294663647
10,patristic tree,cytochrome_p450,0.4637907798843375
10,patristic tree,dopamine_receptor,0.5794770894083904
10,patristic tree,ectonucleotide_pyrophosphatase,0.4783047742136127
10,patristic tree,ferritin,0.7588529195364814
10,patristic tree,flavin_monooxygenase,0.3330957737620443
10,patristic tree,globins,0.614652894494998
10,patristic tree,glutamate_metabotropic,0.3778997224665167
10,patristic tree,glutaredoxin,0.692967687388176
10,patristic tree,glutathione_peroxidase,0.4306014445150624
10,patristic tree,glutathione_s_transferase,0.3920260221756702
10,patristic tree,guanylate_binding_protein,0.5215415019762846
10,patristic tree,heme_oxygenase,0.7085735019697282
10,patristic tree,histamine_receptor,0.4734941281464254
10,patristic tree,histone_deacetylase_classI,0.318600822651285
10,patristic tree,hox,0.6569357703705304
10,patristic tree,m14_carboxypeptidase,0.4215988530675594
10,patristic tree,matrix_metalloproteinase,0.4805110576858355
10,patristic tree,metallothionein,0.3710812265738864
10,patristic tree,muscarinic_receptor,0.6858769796343597
10,patristic tree,nadph_oxidase,0.2124474850131688
10,patristic tree,nitric_oxide_synthase,0.5852886645058838
10,patristic tree,olfactory_receptors,0.613652254655747
10,patristic tree,opsins,0.4909576603143712
10,patristic tree,p2y_receptor,0.5356059113846116
10,patristic tree,peroxidase,0.3407482317280528
10,patristic tree,peroxiredoxin,0.5380661117351588
10,patristic tree,phosphodiesterase,0.4028575070969765
10,patristic tree,rab_gtpase,0.4746488527749493
10,patristic tree,ras_gtpases,0.5389946162820138
10,patristic tree,rho_gtpase,0.5572683562624143
10,patristic tree,serine_protease,0.4366868708024355
10,patristic tree,serotonin_receptor,0.5498246102443516
10,patristic tree,steap_metalloreductase,0.2104478363907416
10,patristic tree,sulfotransferase,0.3521967579891237
10,patristic tree,taste2_receptor,0.6669950031122805
10,patristic tree,udp_glucuronosyltransferase,0.3423241197305368
10,species tree (mammal),adam_metallopeptidase,0.2873212123481782
10,species tree (mammal),adamts_metallopeptidase,0.2081602842390243
10,species tree (mammal),adrenoceptor,0.582638777073853
10,species tree (mammal),alcohol_dehydrogenase,0.2536148343634974
10,species tree (mammal),aldehyde_dehydrogenase,0.2239868848141853
10,species tree (mammal),aldo_keto_reductase,0.3986941478711767
10,species tree (mammal),alkaline_phosphatase,0.2497084958385267
10,species tree (mammal),arachidonate_lipoxygenase,0.4527844176343139
10,species tree (mammal),arf_gtpase,0.2913538714038309
10,species tree (mammal),carbonic_anhydrase,0.2712717124072725
10,species tree (mammal),cxc_chemokine_receptor,0.4088577945252192
10,species tree (mammal),cytochrome_p450,0.3662751101319513
10,species tree (mammal),dopamine_receptor,0.4479723241229611
10,species tree (mammal),ectonucleotide_pyrophosphatase,0.3135173481430244
10,species tree (mammal),ferritin,0.3066020587178457
10,species tree (mammal),flavin_monooxygenase,0.3274176044577329
10,species tree (mammal),globins,0.3731625472341425
10,species tree (mammal),glutamate_metabotropic,0.1900892709101686
10,species tree (mammal),glutaredoxin,0.2991074210762982
10,species tree (mammal),glutathione_peroxidase,0.3397011016107158
10,species tree (mammal),glutathione_s_transferase,0.2250144468175859
10,species tree (mammal),guanylate_binding_protein,0.4092226613965743
10,species tree (mammal),heme_oxygenase,0.3542919344806137
10,species tree (mammal),histamine_receptor,0.2593493616707352
10,species tree (mammal),histone_deacetylase_classI,0.1584662757891454
10,species tree (mammal),histone_h4,-0.1391941391941392
10,species tree (mammal),hox,0.4763621860701724
10,species tree (mammal),m14_carboxypeptidase,0.2853366126973461
10,species tree (mammal),matrix_metalloproteinase,0.3811647977613337
10,species tree (mammal),metallothionein,0.3184621743964089
10,species tree (mammal),muscarinic_receptor,0.5556336168051278
10,species tree (mammal),nadph_oxidase,0.1247653622192437
10,species tree (mammal),nitric_oxide_synthase,0.4192542664389259
10,species tree (mammal),olfactory_receptors,0.3904619859719422
10,species tree (mammal),opsins,0.2312728245074374
10,species tree (mammal),p2y_receptor,0.4110449554276254
10,species tree (mammal),peroxidase,0.3264752237283717
10,species tree (mammal),peroxiredoxin,0.4030066758052795
10,species tree (mammal),phosphodiesterase,0.3065226908285928
10,species tree (mammal),rab_gtpase,0.2594276215559298
10,species tree (mammal),ras_gtpases,0.3083422304495337
10,species tree (mammal),rho_gtpase,0.3398689627453128
10,species tree (mammal),serine_protease,0.4023605720413158
10,species tree (mammal),serotonin_receptor,0.4929295041088967
10,species tree (mammal),steap_metalloreductase,0.2549320469798376
10,species tree (mammal),sulfotransferase,0.2757681584802615
10,species tree (mammal),taste2_receptor,0.460607110301357
10,species tree (mammal),udp_glucuronosyltransferase,0.4736071563611671
10,GC content (control),adam_metallopeptidase,0.3024138393752626
10,GC content (control),adamts_metallopeptidase,0.2607153057197715
10,GC content (control),adrenoceptor,0.5707148687364224
10,GC content (control),alcohol_dehydrogenase,0.3007898716010254
10,GC content (control),aldehyde_dehydrogenase,0.1802857384924928
10,GC content (control),aldo_keto_reductase,0.2988706718569801
10,GC content (control),alkaline_phosphatase,0.300371431044221
10,GC content (control),arachidonate_lipoxygenase,0.3361649083683428
10,GC content (control),arf_gtpase,0.4006066650032824
10,GC content (control),carbonic_anhydrase,0.3112775699158672
10,GC content (control),cxc_chemokine_receptor,0.5066066268621388
10,GC content (control),cytochrome_p450,0.3339769189125699
10,GC content (control),dopamine_receptor,0.3928487131885412
10,GC content (control),ectonucleotide_pyrophosphatase,0.2711392676179414
10,GC content (control),ferritin,0.4243674410204008
10,GC content (control),flavin_monooxygenase,0.2935154306515012
10,GC content (control),globins,0.4932846715471681
10,GC content (control),glutamate_metabotropic,0.3197931795152631
10,GC content (control),glutaredoxin,0.462495490358444
10,GC content (control),glutathione_peroxidase,0.4467096009180919
10,GC content (control),glutathione_s_transferase,0.2998456330333897
10,GC content (control),guanylate_binding_protein,0.3135895472916633
10,GC content (control),heme_oxygenase,0.5115462966391378
10,GC content (control),histamine_receptor,0.2877413152090642
10,GC content (control),histone_deacetylase_classI,0.1843463682562415
10,GC content (control),histone_h4,0.7378545279981642
10,GC content (control),hox,0.4802424893512727
10,GC content (control),m14_carboxypeptidase,0.2371377539687053
10,GC content (control),matrix_metalloproteinase,0.3432312347972743
10,GC content (control),metallothionein,0.0772447050940934
10,GC content (control),muscarinic_receptor,0.5209062526582466
10,GC content (control),nadph_oxidase,0.1214345574035781
10,GC content (control),nitric_oxide_synthase,0.4854234477600261
10,GC content (control),olfactory_receptors,0.4351089678446967
10,GC content (control),opsins,0.2594758383178976
10,GC content (control),p2y_receptor,0.283026136696041
10,GC content (control),peroxidase,0.3338700619206184
10,GC content (control),peroxiredoxin,0.4377606458202294
10,GC content (control),phosphodiesterase,0.2442907455019342
10,GC content (control),rab_gtpase,0.2884322208104697
10,GC content (control),ras_gtpases,0.3208696265318155
10,GC content (control),rho_gtpase,0.3938802622822646
10,GC content (control),serine_protease,0.332524236479356
10,GC content (control),serotonin_receptor,0.365143848829479
10,GC content (control),steap_metalloreductase,0.2564647836011637
10,GC content (control),sulfotransferase,0.2572629149489506
10,GC content (control),taste2_receptor,0.419620010485592
10,GC content (control),udp_glucuronosyltransferase,0.1204338569999567
11,"k-mer composition (CDS, k=6)",adam_metallopeptidase,0.457780008675805
11,"k-mer composition (CDS, k=6)",adamts_metallopeptidase,0.2920258175561783
11,"k-mer composition (CDS, k=6)",adrenoceptor,0.70129066181775
11,"k-mer composition (CDS, k=6)",alcohol_dehydrogenase,0.4463296062226542
11,"k-mer composition (CDS, k=6)",aldehyde_dehydrogenase,0.2726155795306194
11,"k-mer composition (CDS, k=6)",aldo_keto_reductase,0.3990933374482777
11,"k-mer composition (CDS, k=6)",alkaline_phosphatase,0.3050406765577044
11,"k-mer composition (CDS, k=6)",arachidonate_lipoxygenase,0.5155371431371146
11,"k-mer composition (CDS, k=6)",arf_gtpase,0.487102393702201
11,"k-mer composition (CDS, k=6)",carbonic_anhydrase,0.4456166381567861
11,"k-mer composition (CDS, k=6)",cxc_chemokine_receptor,0.6780118964539508
11,"k-mer composition (CDS, k=6)",cytochrome_p450,0.4721466873543522
11,"k-mer composition (CDS, k=6)",dopamine_receptor,0.5740361759001524
11,"k-mer composition (CDS, k=6)",ectonucleotide_pyrophosphatase,0.4377712371117664
11,"k-mer composition (CDS, k=6)",ferritin,0.6715427353146548
11,"k-mer composition (CDS, k=6)",flavin_monooxygenase,0.3255325240874927
11,"k-mer composition (CDS, k=6)",globins,0.648265383851297
11,"k-mer composition (CDS, k=6)",glutamate_metabotropic,0.3147396453761273
11,"k-mer composition (CDS, k=6)",glutaredoxin,0.6213986458097167
11,"k-mer composition (CDS, k=6)",glutathione_peroxidase,0.6482494426326719
11,"k-mer composition (CDS, k=6)",glutathione_s_transferase,0.4728793089000419
11,"k-mer composition (CDS, k=6)",guanylate_binding_protein,0.3888669301712779
11,"k-mer composition (CDS, k=6)",heme_oxygenase,0.745977607298362
11,"k-mer composition (CDS, k=6)",histamine_receptor,0.5108425055549047
11,"k-mer composition (CDS, k=6)",histone_deacetylase_classI,0.2800877106450383
11,"k-mer composition (CDS, k=6)",histone_h4,0.678961618092053
11,"k-mer composition (CDS, k=6)",hox,0.690311670347104
11,"k-mer composition (CDS, k=6)",m14_carboxypeptidase,0.4021560973846177
11,"k-mer composition (CDS, k=6)",matrix_metalloproteinase,0.4999902277369597
11,"k-mer composition (CDS, k=6)",metallothionein,0.4816430619216007
11,"k-mer composition (CDS, k=6)",muscarinic_receptor,0.6800589836596301
11,"k-mer composition (CDS, k=6)",nadph_oxidase,0.2653603057047474
11,"k-mer composition (CDS, k=6)",nitric_oxide_synthase,0.6490932767555536
11,"k-mer composition (CDS, k=6)",olfactory_receptors,0.6155780329810768
11,"k-mer composition (CDS, k=6)",opsins,0.5570010905150746
11,"k-mer composition (CDS, k=6)",p2y_receptor,0.564802435505075
11,"k-mer composition (CDS, k=6)",peroxidase,0.359799805224882
11,"k-mer composition (CDS, k=6)",peroxiredoxin,0.5575402193469211
11,"k-mer composition (CDS, k=6)",phosphodiesterase,0.4064805004877478
11,"k-mer composition (CDS, k=6)",rab_gtpase,0.4462943406366815
11,"k-mer composition (CDS, k=6)",ras_gtpases,0.5500181891592003
11,"k-mer composition (CDS, k=6)",rho_gtpase,0.5382615788841552
11,"k-mer composition (CDS, k=6)",serine_protease,0.4401629090545703
11,"k-mer composition (CDS, k=6)",serotonin_receptor,0.5739500019639425
11,"k-mer composition (CDS, k=6)",steap_metalloreductase,0.2178824506633877
11,"k-mer composition (CDS, k=6)",sulfotransferase,0.3485625267213022
11,"k-mer composition (CDS, k=6)",taste2_receptor,0.6558636752779535
11,"k-mer composition (CDS, k=6)",udp_glucuronosyltransferase,0.1933052835459252
11,patristic tree,adam_metallopeptidase,0.4114253896015897
11,patristic tree,adamts_metallopeptidase,0.2892920951082243
11,patristic tree,adrenoceptor,0.7799673178631696
11,patristic tree,alcohol_dehydrogenase,0.4828390860476421
11,patristic tree,aldehyde_dehydrogenase,0.3283936221966802
11,patristic tree,aldo_keto_reductase,0.4305093045380068
11,patristic tree,alkaline_phosphatase,0.1484694356211384
11,patristic tree,arachidonate_lipoxygenase,0.5432315734916967
11,patristic tree,arf_gtpase,0.5136447522905482
11,patristic tree,carbonic_anhydrase,0.5332027383168437
11,patristic tree,cxc_chemokine_receptor,0.7014126820860329
11,patristic tree,cytochrome_p450,0.4616770484772803
11,patristic tree,dopamine_receptor,0.5855880675336294
11,patristic tree,ectonucleotide_pyrophosphatase,0.470875352182746
11,patristic tree,ferritin,0.7724952719140117
11,patristic tree,flavin_monooxygenase,0.3324386100953799
11,patristic tree,globins,0.6160948329897785
11,patristic tree,glutamate_metabotropic,0.3624662417782017
11,patristic tree,glutaredoxin,0.6858223259133516
11,patristic tree,glutathione_peroxidase,0.4359505571004566
11,patristic tree,glutathione_s_transferase,0.403704215473519
11,patristic tree,guanylate_binding_protein,0.4812252964426878
11,patristic tree,heme_oxygenase,0.7194692100352478
11,patristic tree,histamine_receptor,0.503107477053935
11,patristic tree,histone_deacetylase_classI,0.3271124765119321
11,patristic tree,hox,0.6659230287338719
11,patristic tree,m14_carboxypeptidase,0.417488134288706
11,patristic tree,matrix_metalloproteinase,0.4745697216485034
11,patristic tree,metallothionein,0.370549999479472
11,patristic tree,muscarinic_receptor,0.690192599434159
11,patristic tree,nadph_oxidase,0.2286575273542281
11,patristic tree,nitric_oxide_synthase,0.589677136495876
11,patristic tree,olfactory_receptors,0.6282275097093433
11,patristic tree,opsins,0.5046415849001621
11,patristic tree,p2y_receptor,0.5421910938147032
11,patristic tree,peroxidase,0.3508125321246102
11,patristic tree,peroxiredoxin,0.5337567996592066
11,patristic tree,phosphodiesterase,0.3944194866309
11,patristic tree,rab_gtpase,0.4743500846369211
11,patristic tree,ras_gtpases,0.5363901948047812
11,patristic tree,rho_gtpase,0.5637405144077581
11,patristic tree,serine_protease,0.4371381787795708
11,patristic tree,serotonin_receptor,0.5640529472818653
11,patristic tree,steap_metalloreductase,0.1952492056234711
11,patristic tree,sulfotransferase,0.3475872571750051
11,patristic tree,taste2_receptor,0.6684802344296369
11,patristic tree,udp_glucuronosyltransferase,0.347485164864844
11,species tree (mammal),adam_metallopeptidase,0.2804240700714804
11,species tree (mammal),adamts_metallopeptidase,0.2007461783675896
11,species tree (mammal),adrenoceptor,0.5866184349756792
11,species tree (mammal),alcohol_dehydrogenase,0.2645600388915897
11,species tree (mammal),aldehyde_dehydrogenase,0.2210379529043681
11,species tree (mammal),aldo_keto_reductase,0.3852834586745135
11,species tree (mammal),alkaline_phosphatase,0.2385542733839947
11,species tree (mammal),arachidonate_lipoxygenase,0.4492670803197802
11,species tree (mammal),arf_gtpase,0.2843207416948143
11,species tree (mammal),carbonic_anhydrase,0.2643505499502455
11,species tree (mammal),cxc_chemokine_receptor,0.4212829832729983
11,species tree (mammal),cytochrome_p450,0.3609776365405494
11,species tree (mammal),dopamine_receptor,0.4514290095491416
11,species tree (mammal),ectonucleotide_pyrophosphatase,0.3071195314216619
11,species tree (mammal),ferritin,0.2690555704854704
11,species tree (mammal),flavin_monooxygenase,0.3188759248593218
11,species tree (mammal),globins,0.371015440703814
11,species tree (mammal),glutamate_metabotropic,0.1750617937216211
11,species tree (mammal),glutaredoxin,0.288775615665522
11,species tree (mammal),glutathione_peroxidase,0.3390185298833318
11,species tree (mammal),glutathione_s_transferase,0.2357210218205987
11,species tree (mammal),guanylate_binding_protein,0.4138339920948616
11,species tree (mammal),heme_oxygenase,0.3574642338793282
11,species tree (mammal),histamine_receptor,0.2654671148501485
11,species tree (mammal),histone_deacetylase_classI,0.1685220532212115
11,species tree (mammal),histone_h4,-0.1380315336837076
11,species tree (mammal),hox,0.4787579274593081
11,species tree (mammal),m14_carboxypeptidase,0.2786648212641074
11,species tree (mammal),matrix_metalloproteinase,0.3778928601380262
11,species tree (mammal),metallothionein,0.3015189406581751
11,species tree (mammal),muscarinic_receptor,0.5529433237809804
11,species tree (mammal),nadph_oxidase,0.1346035209905541
11,species tree (mammal),nitric_oxide_synthase,0.423406786607099
11,species tree (mammal),olfactory_receptors,0.3924317934657332
11,species tree (mammal),opsins,0.2373911566711779
11,species tree (mammal),p2y_receptor,0.4149589862321749
11,species tree (mammal),peroxidase,0.3270483904460003
11,species tree (mammal),peroxiredoxin,0.3856339576354599
11,species tree (mammal),phosphodiesterase,0.3026051043082134
11,species tree (mammal),rab_gtpase,0.2517182951882634
11,species tree (mammal),ras_gtpases,0.2982593205412058
11,species tree (mammal),rho_gtpase,0.3333271639242952
11,species tree (mammal),serine_protease,0.3959979286010384
11,species tree (mammal),serotonin_receptor,0.4996652418516296
11,species tree (mammal),steap_metalloreductase,0.2325942159661227
11,species tree (mammal),sulfotransferase,0.2624539851873923
11,species tree (mammal),taste2_receptor,0.4578835268870209
11,species tree (mammal),udp_glucuronosyltransferase,0.4641084257394418
11,GC content (control),adam_metallopeptidase,0.2905248688273461
11,GC content (control),adamts_metallopeptidase,0.2537300039928354
11,GC content (control),adrenoceptor,0.5710186246271394
11,GC content (control),alcohol_dehydrogenase,0.3077908804464641
11,GC content (control),aldehyde_dehydrogenase,0.175483095103436
11,GC content (control),aldo_keto_reductase,0.3038523401351429
11,GC content (control),alkaline_phosphatase,0.2913361291934268
11,GC content (control),arachidonate_lipoxygenase,0.3311454274395821
11,GC content (control),arf_gtpase,0.3900210719702326
11,GC content (control),carbonic_anhydrase,0.3235742755095011
11,GC content (control),cxc_chemokine_receptor,0.5141803444407641
11,GC content (control),cytochrome_p450,0.3342010986203679
11,GC content (control),dopamine_receptor,0.3989447772859912
11,GC content (control),ectonucleotide_pyrophosphatase,0.2667631957199675
11,GC content (control),ferritin,0.4027607198655982
11,GC content (control),flavin_monooxygenase,0.290784393507671
11,GC content (control),globins,0.4947116817360963
11,GC content (control),glutamate_metabotropic,0.3091208802964696
11,GC content (control),glutaredoxin,0.4528487460748877
11,GC content (control),glutathione_peroxidase,0.4524706244988173
11,GC content (control),glutathione_s_transferase,0.3022418006989457
11,GC content (control),guanylate_binding_protein,0.2670004082884359
11,GC content (control),heme_oxygenase,0.5099756892857714
11,GC content (control),histamine_receptor,0.270954566408598
11,GC content (control),histone_deacetylase_classI,0.1909673751578651
11,GC content (control),histone_h4,0.7488498010189667
11,GC content (control),hox,0.4833692203534062
11,GC content (control),m14_carboxypeptidase,0.2294383481284233
11,GC content (control),matrix_metalloproteinase,0.3341735034976313
11,GC content (control),metallothionein,0.0732852321434792
11,GC content (control),muscarinic_receptor,0.5107860937033016
11,GC content (control),nadph_oxidase,0.1337978916412482
11,GC content (control),nitric_oxide_synthase,0.4807198256950211
11,GC content (control),olfactory_receptors,0.4298211956847381
11,GC content (control),opsins,0.2619162268351491
11,GC content (control),p2y_receptor,0.2721456074818812
11,GC content (control),peroxidase,0.3371593096500335
11,GC content (control),peroxiredoxin,0.4239611341765553
11,GC content (control),phosphodiesterase,0.238693557502393
11,GC content (control),rab_gtpase,0.2908302402952463
11,GC content (control),ras_gtpases,0.3116389366695932
11,GC content (control),rho_gtpase,0.3859360503231553
11,GC content (control),serine_protease,0.3237114137545769
11,GC content (control),serotonin_receptor,0.3696590780820699
11,GC content (control),steap_metalloreductase,0.2680073727498325
11,GC content (control),sulfotransferase,0.2464076961019469
11,GC content (control),taste2_receptor,0.420516594743927
11,GC content (control),udp_glucuronosyltransferase,0.1079100943455652
12,"k-mer composition (CDS, k=6)",adam_metallopeptidase,0.4499627796150209
12,"k-mer composition (CDS, k=6)",adamts_metallopeptidase,0.287226583462875
12,"k-mer composition (CDS, k=6)",adrenoceptor,0.6843365435379276
12,"k-mer composition (CDS, k=6)",alcohol_dehydrogenase,0.4183276616431696
12,"k-mer composition (CDS, k=6)",aldehyde_dehydrogenase,0.255407699217033
12,"k-mer composition (CDS, k=6)",aldo_keto_reductase,0.4052505685246415
12,"k-mer composition (CDS, k=6)",alkaline_phosphatase,0.3157023574980231
12,"k-mer composition (CDS, k=6)",arachidonate_lipoxygenase,0.5175776461499162
12,"k-mer composition (CDS, k=6)",arf_gtpase,0.4735976647796592
12,"k-mer composition (CDS, k=6)",carbonic_anhydrase,0.4346193340199742
12,"k-mer composition (CDS, k=6)",cxc_chemokine_receptor,0.6395221609398892
12,"k-mer composition (CDS, k=6)",cytochrome_p450,0.4644338665579583
12,"k-mer composition (CDS, k=6)",dopamine_receptor,0.5600082474714304
12,"k-mer composition (CDS, k=6)",ectonucleotide_pyrophosphatase,0.4422099093810707
12,"k-mer composition (CDS, k=6)",ferritin,0.6645968138726654
12,"k-mer composition (CDS, k=6)",flavin_monooxygenase,0.2868176322641823
12,"k-mer composition (CDS, k=6)",globins,0.6434993188125956
12,"k-mer composition (CDS, k=6)",glutamate_metabotropic,0.3253168417439946
12,"k-mer composition (CDS, k=6)",glutaredoxin,0.6219187384915533
12,"k-mer composition (CDS, k=6)",glutathione_peroxidase,0.6295931176927285
12,"k-mer composition (CDS, k=6)",glutathione_s_transferase,0.4471355152076743
12,"k-mer composition (CDS, k=6)",guanylate_binding_protein,0.3307641633728589
12,"k-mer composition (CDS, k=6)",heme_oxygenase,0.7233049968899026
12,"k-mer composition (CDS, k=6)",histamine_receptor,0.5099397644343622
12,"k-mer composition (CDS, k=6)",histone_deacetylase_classI,0.2614961296101233
12,"k-mer composition (CDS, k=6)",histone_h4,0.687482083134257
12,"k-mer composition (CDS, k=6)",hox,0.6872948038662106
12,"k-mer composition (CDS, k=6)",m14_carboxypeptidase,0.3895755695165354
12,"k-mer composition (CDS, k=6)",matrix_metalloproteinase,0.4937759527988645
12,"k-mer composition (CDS, k=6)",metallothionein,0.4544396295513007
12,"k-mer composition (CDS, k=6)",muscarinic_receptor,0.677228353142233
12,"k-mer composition (CDS, k=6)",nadph_oxidase,0.2467414354311057
12,"k-mer composition (CDS, k=6)",nitric_oxide_synthase,0.62093666860004
12,"k-mer composition (CDS, k=6)",olfactory_receptors,0.5982774708546441
12,"k-mer composition (CDS, k=6)",opsins,0.5582197010887119
12,"k-mer composition (CDS, k=6)",p2y_receptor,0.5474513489906716
12,"k-mer composition (CDS, k=6)",peroxidase,0.3570858436668101
12,"k-mer composition (CDS, k=6)",peroxiredoxin,0.5598866070638785
12,"k-mer composition (CDS, k=6)",phosphodiesterase,0.4033719796291211
12,"k-mer composition (CDS, k=6)",rab_gtpase,0.4387990865258801
12,"k-mer composition (CDS, k=6)",ras_gtpases,0.5523467611732085
12,"k-mer composition (CDS, k=6)",rho_gtpase,0.5431590013338277
12,"k-mer composition (CDS, k=6)",serine_protease,0.4282650985781868
12,"k-mer composition (CDS, k=6)",serotonin_receptor,0.5557734128252017
12,"k-mer composition (CDS, k=6)",steap_metalloreductase,0.2082187852884126
12,"k-mer composition (CDS, k=6)",sulfotransferase,0.3314611442146423
12,"k-mer composition (CDS, k=6)",taste2_receptor,0.6255270965031728
12,"k-mer composition (CDS, k=6)",udp_glucuronosyltransferase,0.1902564607110061
12,patristic tree,adam_metallopeptidase,0.4018894502856711
12,patristic tree,adamts_metallopeptidase,0.2868189170423571
12,patristic tree,adrenoceptor,0.7772661285476818
12,patristic tree,alcohol_dehydrogenase,0.4601013959302729
12,patristic tree,aldehyde_dehydrogenase,0.3178072651909953
12,patristic tree,aldo_keto_reductase,0.4436481928458006
12,patristic tree,alkaline_phosphatase,0.1431620495087987
12,patristic tree,arachidonate_lipoxygenase,0.543344718256577
12,patristic tree,arf_gtpase,0.5030580810449233
12,patristic tree,carbonic_anhydrase,0.5291793540541068
12,patristic tree,cxc_chemokine_receptor,0.6612101176192592
12,patristic tree,cytochrome_p450,0.452999892653168
12,patristic tree,dopamine_receptor,0.584785441530413
12,patristic tree,ectonucleotide_pyrophosphatase,0.4743775701946007
12,patristic tree,ferritin,0.763586893614794
12,patristic tree,flavin_monooxygenase,0.3055321339250049
12,patristic tree,globins,0.6123847301880787
12,patristic tree,glutamate_metabotropic,0.3747539029916145
12,patristic tree,glutaredoxin,0.6928939953405844
12,patristic tree,glutathione_peroxidase,0.4134238845778196
12,patristic tree,glutathione_s_transferase,0.3905780981894939
12,patristic tree,guanylate_binding_protein,0.4353754940711462
12,patristic tree,heme_oxygenase,0.7254198631557122
12,patristic tree,histamine_receptor,0.4916501054713367
12,patristic tree,histone_deacetylase_classI,0.3185317559919098
12,patristic tree,hox,0.663790209632751
12,patristic tree,m14_carboxypeptidase,0.4067650127819023
12,patristic tree,matrix_metalloproteinase,0.4683874509344853
12,patristic tree,metallothionein,0.3643355649581127
12,patristic tree,muscarinic_receptor,0.6818568633059016
12,patristic tree,nadph_oxidase,0.2113458345291859
12,patristic tree,nitric_oxide_synthase,0.5764465030693829
12,patristic tree,olfactory_receptors,0.6182095317127889
12,patristic tree,opsins,0.4976941659210219
12,patristic tree,p2y_receptor,0.5270353700965289
12,patristic tree,peroxidase,0.349838734424816
12,patristic tree,peroxiredoxin,0.5360839130531208
12,patristic tree,phosphodiesterase,0.3933405025077441
12,patristic tree,rab_gtpase,0.4705083123876431
12,patristic tree,ras_gtpases,0.539774174391844
12,patristic tree,rho_gtpase,0.5642345983321314
12,patristic tree,serine_protease,0.4223357029575654
12,patristic tree,serotonin_receptor,0.5455236514163708
12,patristic tree,steap_metalloreductase,0.196019496399111
12,patristic tree,sulfotransferase,0.3364764180784979
12,patristic tree,taste2_receptor,0.6373785548371034
12,patristic tree,udp_glucuronosyltransferase,0.3514291115895394
12,species tree (mammal),adam_metallopeptidase,0.2828030420263948
12,species tree (mammal),adamts_metallopeptidase,0.2021434899170598
12,species tree (mammal),adrenoceptor,0.580532230106526
12,species tree (mammal),alcohol_dehydrogenase,0.2771581359816654
12,species tree (mammal),aldehyde_dehydrogenase,0.2176831760615924
12,species tree (mammal),aldo_keto_reductase,0.3927520816232828
12,species tree (mammal),alkaline_phosphatase,0.2293233082706766
12,species tree (mammal),arachidonate_lipoxygenase,0.4521756927246331
12,species tree (mammal),arf_gtpase,0.2724943463822214
12,species tree (mammal),carbonic_anhydrase,0.2630361078685684
12,species tree (mammal),cxc_chemokine_receptor,0.4002708258618484
12,species tree (mammal),cytochrome_p450,0.3531142906944231
12,species tree (mammal),dopamine_receptor,0.455562540947109
12,species tree (mammal),ectonucleotide_pyrophosphatase,0.3099393715356763
12,species tree (mammal),ferritin,0.2946488333026347
12,species tree (mammal),flavin_monooxygenase,0.3152804517270312
12,species tree (mammal),globins,0.36816247718395
12,species tree (mammal),glutamate_metabotropic,0.1886788169017158
12,species tree (mammal),glutaredoxin,0.2883414195067008
12,species tree (mammal),glutathione_peroxidase,0.3191061624935845
12,species tree (mammal),glutathione_s_transferase,0.2075277177642525
12,species tree (mammal),guanylate_binding_protein,0.3561923583662714
12,species tree (mammal),heme_oxygenase,0.3309351026332158
12,species tree (mammal),histamine_receptor,0.2485688167178295
12,species tree (mammal),histone_deacetylase_classI,0.1505465598974706
12,species tree (mammal),histone_h4,-0.170680044593088
12,species tree (mammal),hox,0.4757331317505311
12,species tree (mammal),m14_carboxypeptidase,0.2673790950342015
12,species tree (mammal),matrix_metalloproteinase,0.3774575365750013
12,species tree (mammal),metallothionein,0.2916690534106167
12,species tree (mammal),muscarinic_receptor,0.5607487660484708
12,species tree (mammal),nadph_oxidase,0.1167937364865114
12,species tree (mammal),nitric_oxide_synthase,0.4120430902511048
12,species tree (mammal),olfactory_receptors,0.382347053710372
12,species tree (mammal),opsins,0.2367630906565652
12,species tree (mammal),p2y_receptor,0.4174098063670829
12,species tree (mammal),peroxidase,0.3253891573169831
12,species tree (mammal),peroxiredoxin,0.3973990029776458
12,species tree (mammal),phosphodiesterase,0.2941461727264213
12,species tree (mammal),rab_gtpase,0.2449832985165093
12,species tree (mammal),ras_gtpases,0.3060389950595195
12,species tree (mammal),rho_gtpase,0.3378726892155864
12,species tree (mammal),serine_protease,0.3899893626705232
12,species tree (mammal),serotonin_receptor,0.4831702645752618
12,species tree (mammal),steap_metalloreductase,0.2269323657344918
12,species tree (mammal),sulfotransferase,0.2473315440391215
12,species tree (mammal),taste2_receptor,0.4481993914848086
12,species tree (mammal),udp_glucuronosyltransferase,0.4766704477934425
12,GC content (control),adam_metallopeptidase,0.2960099062961325
12,GC content (control),adamts_metallopeptidase,0.2532077921346101
12,GC content (control),adrenoceptor,0.5583627462818832
12,GC content (control),alcohol_dehydrogenase,0.2814363883194631
12,GC content (control),aldehyde_dehydrogenase,0.1714513269726624
12,GC content (control),aldo_keto_reductase,0.3130607885906714
12,GC content (control),alkaline_phosphatase,0.3036970520666252
12,GC content (control),arachidonate_lipoxygenase,0.329292007832943
12,GC content (control),arf_gtpase,0.382798776598699
12,GC content (control),carbonic_anhydrase,0.3171946491385015
12,GC content (control),cxc_chemokine_receptor,0.4954177838590861
12,GC content (control),cytochrome_p450,0.3250415027369568
12,GC content (control),dopamine_receptor,0.3874569603650462
12,GC content (control),ectonucleotide_pyrophosphatase,0.2635049048492842
12,GC content (control),ferritin,0.4189882993535261
12,GC content (control),flavin_monooxygenase,0.2693540042337535
12,GC content (control),globins,0.4904105115891737
12,GC content (control),glutamate_metabotropic,0.3160174437792704
12,GC content (control),glutaredoxin,0.4517720710104098
12,GC content (control),glutathione_peroxidase,0.4385595256782583
12,GC content (control),glutathione_s_transferase,0.2896390663911375
12,GC content (control),guanylate_binding_protein,0.2422910729573908
12,GC content (control),heme_oxygenase,0.4938186492843103
12,GC content (control),histamine_receptor,0.2853694582231867
12,GC content (control),histone_deacetylase_classI,0.1840193128040939
12,GC content (control),histone_h4,0.708788762795347
12,GC content (control),hox,0.4790475770712628
12,GC content (control),m14_carboxypeptidase,0.2249367395306618
12,GC content (control),matrix_metalloproteinase,0.332042780069331
12,GC content (control),metallothionein,0.0762342255959629
12,GC content (control),muscarinic_receptor,0.5140768985243167
12,GC content (control),nadph_oxidase,0.1194767538603123
12,GC content (control),nitric_oxide_synthase,0.4724078485383001
12,GC content (control),olfactory_receptors,0.4176885732548978
12,GC content (control),opsins,0.2524061132293491
12,GC content (control),p2y_receptor,0.2508819398715943
12,GC content (control),peroxidase,0.341925783970144
12,GC content (control),peroxiredoxin,0.4168646895414796
12,GC content (control),phosphodiesterase,0.2328474284367048
12,GC content (control),rab_gtpase,0.2857046752847633
12,GC content (control),ras_gtpases,0.3091489124358914
12,GC content (control),rho_gtpase,0.3890829036297964
12,GC content (control),serine_protease,0.3164983554564818
12,GC content (control),serotonin_receptor,0.3537981472499826
12,GC content (control),steap_metalloreductase,0.2755572782323038
12,GC content (control),sulfotransferase,0.2339417088267048
12,GC content (control),taste2_receptor,0.4139990493989685
12,GC content (control),udp_glucuronosyltransferase,0.0996299910242869
13,"k-mer composition (CDS, k=6)",adam_metallopeptidase,0.4351568616071588
13,"k-mer composition (CDS, k=6)",adamts_metallopeptidase,0.267674145771588
13,"k-mer composition (CDS, k=6)",adrenoceptor,0.6794752345282014
13,"k-mer composition (CDS, k=6)",alcohol_dehydrogenase,0.382804361413987
13,"k-mer composition (CDS, k=6)",aldehyde_dehydrogenase,0.2427411967711027
13,"k-mer composition (CDS, k=6)",aldo_keto_reductase,0.3944458151871298
13,"k-mer composition (CDS, k=6)",alkaline_phosphatase,0.2687165775401069
13,"k-mer composition (CDS, k=6)",arachidonate_lipoxygenase,0.4852508357917264
13,"k-mer composition (CDS, k=6)",arf_gtpase,0.4616998294835032
13,"k-mer composition (CDS, k=6)",carbonic_anhydrase,0.4188839239470781
13,"k-mer composition (CDS, k=6)",cxc_chemokine_receptor,0.6913290096012538
13,"k-mer composition (CDS, k=6)",cytochrome_p450,0.4377323342205754
13,"k-mer composition (CDS, k=6)",dopamine_receptor,0.5783612787810888
13,"k-mer composition (CDS, k=6)",ectonucleotide_pyrophosphatase,0.3860337905019759
13,"k-mer composition (CDS, k=6)",ferritin,0.6621584057027607
13,"k-mer composition (CDS, k=6)",flavin_monooxygenase,0.2609476950729675
13,"k-mer composition (CDS, k=6)",globins,0.6409117709157748
13,"k-mer composition (CDS, k=6)",glutamate_metabotropic,0.2959772660430856
13,"k-mer composition (CDS, k=6)",glutaredoxin,0.6280619960480326
13,"k-mer composition (CDS, k=6)",glutathione_peroxidase,0.6049569893164853
13,"k-mer composition (CDS, k=6)",glutathione_s_transferase,0.4419467318604108
13,"k-mer composition (CDS, k=6)",guanylate_binding_protein,0.3555335968379446
13,"k-mer composition (CDS, k=6)",heme_oxygenase,0.6958221024258759
13,"k-mer composition (CDS, k=6)",histamine_receptor,0.4931975591173518
13,"k-mer composition (CDS, k=6)",histone_deacetylase_classI,0.2501622150113987
13,"k-mer composition (CDS, k=6)",histone_h4,0.6816212772734512
13,"k-mer composition (CDS, k=6)",hox,0.6622129925067596
13,"k-mer composition (CDS, k=6)",m14_carboxypeptidase,0.3615766734160085
13,"k-mer composition (CDS, k=6)",matrix_metalloproteinase,0.4692097075098725
13,"k-mer composition (CDS, k=6)",metallothionein,0.4007796566332435
13,"k-mer composition (CDS, k=6)",muscarinic_receptor,0.669035332755502
13,"k-mer composition (CDS, k=6)",nadph_oxidase,0.251040063804104
13,"k-mer composition (CDS, k=6)",nitric_oxide_synthase,0.6172801676366905
13,"k-mer composition (CDS, k=6)",olfactory_receptors,0.5905785972896651
13,"k-mer composition (CDS, k=6)",opsins,0.5330020015215589
13,"k-mer composition (CDS, k=6)",p2y_receptor,0.554969780950065
13,"k-mer composition (CDS, k=6)",peroxidase,0.3195820417747999
13,"k-mer composition (CDS, k=6)",peroxiredoxin,0.5397637031901587
13,"k-mer composition (CDS, k=6)",phosphodiesterase,0.3892314810933659
13,"k-mer composition (CDS, k=6)",rab_gtpase,0.4302630276525451
13,"k-mer composition (CDS, k=6)",ras_gtpases,0.5269983730744885
13,"k-mer composition (CDS, k=6)",rho_gtpase,0.53235771302445
13,"k-mer composition (CDS, k=6)",serine_protease,0.4030690840575339
13,"k-mer composition (CDS, k=6)",serotonin_receptor,0.5580327638573434
13,"k-mer composition (CDS, k=6)",steap_metalloreductase,0.1855407346360093
13,"k-mer composition (CDS, k=6)",sulfotransferase,0.3063295985620667
13,"k-mer composition (CDS, k=6)",taste2_receptor,0.5839633929770968
13,"k-mer composition (CDS, k=6)",udp_glucuronosyltransferase,0.1803043807054502
13,patristic tree,adam_metallopeptidase,0.3884080939015938
13,patristic tree,adamts_metallopeptidase,0.2717379319473056
13,patristic tree,adrenoceptor,0.7748857893673962
13,patristic tree,alcohol_dehydrogenase,0.4248350579901381
13,patristic tree,aldehyde_dehydrogenase,0.3075020954669693
13,patristic tree,aldo_keto_reductase,0.4198291562856518
13,patristic tree,alkaline_phosphatase,0.1168328575449318
13,patristic tree,arachidonate_lipoxygenase,0.526803587678862
13,patristic tree,arf_gtpase,0.4907083453115091
13,patristic tree,carbonic_anhydrase,0.5176782036154381
13,patristic tree,cxc_chemokine_receptor,0.7311258479071906
13,patristic tree,cytochrome_p450,0.4284921592203005
13,patristic tree,dopamine_receptor,0.5982941310937179
13,patristic tree,ectonucleotide_pyrophosphatase,0.4172798229426456
13,patristic tree,ferritin,0.7646429754079137
13,patristic tree,flavin_monooxygenase,0.2783098653862446
13,patristic tree,globins,0.6051946581791446
13,patristic tree,glutamate_metabotropic,0.3485482890600372
13,patristic tree,glutaredoxin,0.6946319041602659
13,patristic tree,glutathione_peroxidase,0.3960748144747184
13,patristic tree,glutathione_s_transferase,0.3840447748556072
13,patristic tree,guanylate_binding_protein,0.4555994729907773
13,patristic tree,heme_oxygenase,0.7497200912295251
13,patristic tree,histamine_receptor,0.4856375410647514
13,patristic tree,histone_deacetylase_classI,0.3336147805017073
13,patristic tree,hox,0.64501813754693
13,patristic tree,m14_carboxypeptidase,0.3774139333002569
13,patristic tree,matrix_metalloproteinase,0.448750608677458
13,patristic tree,metallothionein,0.3370948766875247
13,patristic tree,muscarinic_receptor,0.6877000297704265
13,patristic tree,nadph_oxidase,0.2286770665917706
13,patristic tree,nitric_oxide_synthase,0.5768357128258949
13,patristic tree,olfactory_receptors,0.6236758249823189
13,patristic tree,opsins,0.4981960670009222
13,patristic tree,p2y_receptor,0.5356231140527891
13,patristic tree,peroxidase,0.3239838710545645
13,patristic tree,peroxiredoxin,0.5240042384792303
13,patristic tree,phosphodiesterase,0.3853456156519455
13,patristic tree,rab_gtpase,0.4604163670811991
13,patristic tree,ras_gtpases,0.527668536634796
13,patristic tree,rho_gtpase,0.5544302909713161
13,patristic tree,serine_protease,0.4014239606098814
13,patristic tree,serotonin_receptor,0.5603367844380291
13,patristic tree,steap_metalloreductase,0.1805767740209248
13,patristic tree,sulfotransferase,0.3160755422348767
13,patristic tree,taste2_receptor,0.5984161777682354
13,patristic tree,udp_glucuronosyltransferase,0.3404019183430948
13,species tree (mammal),adam_metallopeptidase,0.2637711313171161
13,species tree (mammal),adamts_metallopeptidase,0.1949192865409931
13,species tree (mammal),adrenoceptor,0.574699635863987
13,species tree (mammal),alcohol_dehydrogenase,0.3025001736231682
13,species tree (mammal),aldehyde_dehydrogenase,0.2112213930776471
13,species tree (mammal),aldo_keto_reductase,0.3530885746318161
13,species tree (mammal),alkaline_phosphatase,0.2006855373728438
13,species tree (mammal),arachidonate_lipoxygenase,0.4385638201946296
13,species tree (mammal),arf_gtpase,0.2665012812963404
13,species tree (mammal),carbonic_anhydrase,0.2425156966724626
13,species tree (mammal),cxc_chemokine_receptor,0.4385873120290878
13,species tree (mammal),cytochrome_p450,0.3280708026398323
13,species tree (mammal),dopamine_receptor,0.4470955701621046
13,species tree (mammal),ectonucleotide_pyrophosphatase,0.2587682487888593
13,species tree (mammal),ferritin,0.2759839904341182
13,species tree (mammal),flavin_monooxygenase,0.2804249840652354
13,species tree (mammal),globins,0.3777448817195735
13,species tree (mammal),glutamate_metabotropic,0.1637834855475579
13,species tree (mammal),glutaredoxin,0.2978209887307017
13,species tree (mammal),glutathione_peroxidase,0.2991355176470803
13,species tree (mammal),glutathione_s_transferase,0.1903447293678564
13,species tree (mammal),guanylate_binding_protein,0.3793807641633728
13,species tree (mammal),heme_oxygenase,0.333744557329463
13,species tree (mammal),histamine_receptor,0.2202250094702531
13,species tree (mammal),histone_deacetylase_classI,0.1439947805078191
13,species tree (mammal),histone_h4,-0.1486860965121834
13,species tree (mammal),hox,0.4563268804142666
13,species tree (mammal),m14_carboxypeptidase,0.2469048986984005
13,species tree (mammal),matrix_metalloproteinase,0.3646914620682397
13,species tree (mammal),metallothionein,0.2644906387549941
13,species tree (mammal),muscarinic_receptor,0.5455522911564894
13,species tree (mammal),nadph_oxidase,0.1216343170542042
13,species tree (mammal),nitric_oxide_synthase,0.408002775198669
13,species tree (mammal),olfactory_receptors,0.3758653821643905
13,species tree (mammal),opsins,0.2247981320560538
13,species tree (mammal),p2y_receptor,0.4225893729238317
13,species tree (mammal),peroxidase,0.2915351342245945
13,species tree (mammal),peroxiredoxin,0.3883465095172974
13,species tree (mammal),phosphodiesterase,0.2926532170096979
13,species tree (mammal),rab_gtpase,0.235296757304154
13,species tree (mammal),ras_gtpases,0.2766324786436986
13,species tree (mammal),rho_gtpase,0.3288393029244526
13,species tree (mammal),serine_protease,0.3664863784471044
13,species tree (mammal),serotonin_receptor,0.4796435998046099
13,species tree (mammal),steap_metalloreductase,0.2013054929683128
13,species tree (mammal),sulfotransferase,0.2399480284428826
13,species tree (mammal),taste2_receptor,0.4508251686551898
13,species tree (mammal),udp_glucuronosyltransferase,0.4350466081749504
13,GC content (control),adam_metallopeptidase,0.2756475965208683
13,GC content (control),adamts_metallopeptidase,0.2356788670060526
13,GC content (control),adrenoceptor,0.5576742491755402
13,GC content (control),alcohol_dehydrogenase,0.2324432172919591
13,GC content (control),aldehyde_dehydrogenase,0.1576921375254847
13,GC content (control),aldo_keto_reductase,0.3310827004999093
13,GC content (control),alkaline_phosphatase,0.2931455350897475
13,GC content (control),arachidonate_lipoxygenase,0.3090287910612246
13,GC content (control),arf_gtpase,0.3785830767265711
13,GC content (control),carbonic_anhydrase,0.3224694100243074
13,GC content (control),cxc_chemokine_receptor,0.5197999927640574
13,GC content (control),cytochrome_p450,0.3108446716652729
13,GC content (control),dopamine_receptor,0.393802559499712
13,GC content (control),ectonucleotide_pyrophosphatase,0.23874274144611
13,GC content (control),ferritin,0.3997633059243078
13,GC content (control),flavin_monooxygenase,0.232986968023885
13,GC content (control),globins,0.4959088615081599
13,GC content (control),glutamate_metabotropic,0.2778830394079654
13,GC content (control),glutaredoxin,0.4606748694062399
13,GC content (control),glutathione_peroxidase,0.4279933832702222
13,GC content (control),glutathione_s_transferase,0.2982618025981246
13,GC content (control),guanylate_binding_protein,0.2632467494075961
13,GC content (control),heme_oxygenase,0.4737739673190713
13,GC content (control),histamine_receptor,0.255975332680698
13,GC content (control),histone_deacetylase_classI,0.16860125771026
13,GC content (control),histone_h4,0.7217042248002171
13,GC content (control),hox,0.4620637062627041
13,GC content (control),m14_carboxypeptidase,0.2097798375775189
13,GC content (control),matrix_metalloproteinase,0.3213504292304272
13,GC content (control),metallothionein,0.0971722727748992
13,GC content (control),muscarinic_receptor,0.5259079473578053
13,GC content (control),nadph_oxidase,0.1057936564067962
13,GC content (control),nitric_oxide_synthase,0.4605446217307006
13,GC content (control),olfactory_receptors,0.4027605539729483
13,GC content (control),opsins,0.2480647391392035
13,GC content (control),p2y_receptor,0.2560770476285843
13,GC content (control),peroxidase,0.297899203208419
13,GC content (control),peroxiredoxin,0.4026728840465644
13,GC content (control),phosphodiesterase,0.2248306542096177
13,GC content (control),rab_gtpase,0.2872209292227664
13,GC content (control),ras_gtpases,0.2858264854028459
13,GC content (control),rho_gtpase,0.3751109859083529
13,GC content (control),serine_protease,0.2954852468961554
13,GC content (control),serotonin_receptor,0.3527657857348331
13,GC content (control),steap_metalloreductase,0.2952044205435939
13,GC content (control),sulfotransferase,0.2116945778512974
13,GC content (control),taste2_receptor,0.3870848515184546
13,GC content (control),udp_glucuronosyltransferase,0.078292463080872
14,"k-mer composition (CDS, k=6)",adam_metallopeptidase,0.4358587022286055
14,"k-mer composition (CDS, k=6)",adamts_metallopeptidase,0.2706372784012091
14,"k-mer composition (CDS, k=6)",adrenoceptor,0.6829544366164717
14,"k-mer composition (CDS, k=6)",alcohol_dehydrogenase,0.3996527536634487
14,"k-mer composition (CDS, k=6)",aldehyde_dehydrogenase,0.2503870931530089
14,"k-mer composition (CDS, k=6)",aldo_keto_reductase,0.3862291614576348
14,"k-mer composition (CDS, k=6)",alkaline_phosphatase,0.254828247088309
14,"k-mer composition (CDS, k=6)",arachidonate_lipoxygenase,0.4834305492078054
14,"k-mer composition (CDS, k=6)",arf_gtpase,0.4719585296074504
14,"k-mer composition (CDS, k=6)",carbonic_anhydrase,0.4165188051898784
14,"k-mer composition (CDS, k=6)",cxc_chemokine_receptor,0.7197334423551688
14,"k-mer composition (CDS, k=6)",cytochrome_p450,0.4385952785363583
14,"k-mer composition (CDS, k=6)",dopamine_receptor,0.5884064642167072
14,"k-mer composition (CDS, k=6)",ectonucleotide_pyrophosphatase,0.372859808162815
14,"k-mer composition (CDS, k=6)",ferritin,0.691179310982401
14,"k-mer composition (CDS, k=6)",flavin_monooxygenase,0.2572456060983536
14,"k-mer composition (CDS, k=6)",globins,0.641282324177954
14,"k-mer composition (CDS, k=6)",glutamate_metabotropic,0.3012763581464349
14,"k-mer composition (CDS, k=6)",glutaredoxin,0.6362838574020044
14,"k-mer composition (CDS, k=6)",glutathione_peroxidase,0.6113254498918888
14,"k-mer composition (CDS, k=6)",glutathione_s_transferase,0.4404355695906687
14,"k-mer composition (CDS, k=6)",guanylate_binding_protein,0.3787220026350461
14,"k-mer composition (CDS, k=6)",heme_oxygenase,0.7149492017416544
14,"k-mer composition (CDS, k=6)",histamine_receptor,0.4945424213416346
14,"k-mer composition (CDS, k=6)",histone_deacetylase_classI,0.2561443443798981
14,"k-mer composition (CDS, k=6)",histone_h4,0.6816531294792164
14,"k-mer composition (CDS, k=6)",hox,0.6598199130356505
14,"k-mer composition (CDS, k=6)",m14_carboxypeptidase,0.3660275241206229
14,"k-mer composition (CDS, k=6)",matrix_metalloproteinase,0.4683722985877224
14,"k-mer composition (CDS, k=6)",metallothionein,0.3876285110373773
14,"k-mer composition (CDS, k=6)",muscarinic_receptor,0.6628690824566393
14,"k-mer composition (CDS, k=6)",nadph_oxidase,0.2580147418824087
14,"k-mer composition (CDS, k=6)",nitric_oxide_synthase,0.6413623941839083
14,"k-mer composition (CDS, k=6)",olfactory_receptors,0.5951534107444256
14,"k-mer composition (CDS, k=6)",opsins,0.543201423225859
14,"k-mer composition (CDS, k=6)",p2y_receptor,0.5616703212397004
14,"k-mer composition (CDS, k=6)",peroxidase,0.3174957012297165
14,"k-mer composition (CDS, k=6)",peroxiredoxin,0.5297051033826308
14,"k-mer composition (CDS, k=6)",phosphodiesterase,0.3933945541533841
14,"k-mer composition (CDS, k=6)",rab_gtpase,0.4391188594343646
14,"k-mer composition (CDS, k=6)",ras_gtpases,0.5284944899374294
14,"k-mer composition (CDS, k=6)",rho_gtpase,0.527732283123936
14,"k-mer composition (CDS, k=6)",serine_protease,0.4063959888027788
14,"k-mer composition (CDS, k=6)",serotonin_receptor,0.5703543282141111
14,"k-mer composition (CDS, k=6)",steap_metalloreductase,0.1925802085689508
14,"k-mer composition (CDS, k=6)",sulfotransferase,0.3096401037189764
14,"k-mer composition (CDS, k=6)",taste2_receptor,0.5990617277971971
14,"k-mer composition (CDS, k=6)",udp_glucuronosyltransferase,0.1955106836122878
14,patristic tree,adam_metallopeptidase,0.3927980516995818
14,patristic tree,adamts_metallopeptidase,0.2733262280058754
14,patristic tree,adrenoceptor,0.7778839186056573
14,patristic tree,alcohol_dehydrogenase,0.4327661643169664
14,patristic tree,aldehyde_dehydrogenase,0.3148540796942076
14,patristic tree,aldo_keto_reductase,0.4176940835285193
14,patristic tree,alkaline_phosphatase,0.1165681583638239
14,patristic tree,arachidonate_lipoxygenase,0.5261755335524495
14,patristic tree,arf_gtpase,0.500473239835085
14,patristic tree,carbonic_anhydrase,0.5163461554658901
14,patristic tree,cxc_chemokine_receptor,0.7715032854180178
14,patristic tree,cytochrome_p450,0.4280865175722619
14,patristic tree,dopamine_receptor,0.6073312958987798
14,patristic tree,ectonucleotide_pyrophosphatase,0.4044003096082524
14,patristic tree,ferritin,0.7861121092346388
14,patristic tree,flavin_monooxygenase,0.2741841854586003
14,patristic tree,globins,0.6111808391572483
14,patristic tree,glutamate_metabotropic,0.3598884410096711
14,patristic tree,glutaredoxin,0.7001717959165641
14,patristic tree,glutathione_peroxidase,0.4049449863748234
14,patristic tree,glutathione_s_transferase,0.3838440554667058
14,patristic tree,guanylate_binding_protein,0.478129117259552
14,patristic tree,heme_oxygenase,0.7667841592369895
14,patristic tree,histamine_receptor,0.4936137779236893
14,patristic tree,histone_deacetylase_classI,0.3371577375897135
14,patristic tree,hox,0.6451714380294451
14,patristic tree,m14_carboxypeptidase,0.3824624872796977
14,patristic tree,matrix_metalloproteinase,0.4496366975832735
14,patristic tree,metallothionein,0.3357974601893161
14,patristic tree,muscarinic_receptor,0.6953551713847828
14,patristic tree,nadph_oxidase,0.2358131357347578
14,patristic tree,nitric_oxide_synthase,0.5904007122950273
14,patristic tree,olfactory_receptors,0.6334312135508327
14,patristic tree,opsins,0.5058392052025178
14,patristic tree,p2y_receptor,0.5391121247372286
14,patristic tree,peroxidase,0.3285381435746711
14,patristic tree,peroxiredoxin,0.5174272040191845
14,patristic tree,phosphodiesterase,0.3903165623943861
14,patristic tree,rab_gtpase,0.4680416672141281
14,patristic tree,ras_gtpases,0.5336102596704941
14,patristic tree,rho_gtpase,0.5568097034677887
14,patristic tree,serine_protease,0.4058184919508126
14,patristic tree,serotonin_receptor,0.5698116545527921
14,patristic tree,steap_metalloreductase,0.1910120549458463
14,patristic tree,sulfotransferase,0.3282993028596636
14,patristic tree,taste2_receptor,0.6106760124587148
14,patristic tree,udp_glucuronosyltransferase,0.3556363867861194
14,species tree (mammal),adam_metallopeptidase,0.2618186795620865
14,species tree (mammal),adamts_metallopeptidase,0.1935394844162548
14,species tree (mammal),adrenoceptor,0.5764230179288027
14,species tree (mammal),alcohol_dehydrogenase,0.3081047294951038
14,species tree (mammal),aldehyde_dehydrogenase,0.2103845460576182
14,species tree (mammal),aldo_keto_reductase,0.3438233276235217
14,species tree (mammal),alkaline_phosphatase,0.2015600498572634
14,species tree (mammal),arachidonate_lipoxygenase,0.4372188818553382
14,species tree (mammal),arf_gtpase,0.2709984915600376
14,species tree (mammal),carbonic_anhydrase,0.2411196489164671
14,species tree (mammal),cxc_chemokine_receptor,0.4573952836233315
14,species tree (mammal),cytochrome_p450,0.3271641140905655
14,species tree (mammal),dopamine_receptor,0.4414725686851586
14,species tree (mammal),ectonucleotide_pyrophosphatase,0.24505677819539
14,species tree (mammal),ferritin,0.2776461932239658
14,species tree (mammal),flavin_monooxygenase,0.2763252204349095
14,species tree (mammal),globins,0.3809031426084302
14,species tree (mammal),glutamate_metabotropic,0.1667117593467677
14,species tree (mammal),glutaredoxin,0.3098660061119902
14,species tree (mammal),glutathione_peroxidase,0.3075069512728204
14,species tree (mammal),glutathione_s_transferase,0.1940064670066524
14,species tree (mammal),guanylate_binding_protein,0.4025691699604742
14,species tree (mammal),heme_oxygenase,0.3632386481443085
14,species tree (mammal),histamine_receptor,0.2148191752844114
14,species tree (mammal),histone_deacetylase_classI,0.1502577054036364
14,species tree (mammal),histone_h4,-0.1463768115942029
14,species tree (mammal),hox,0.4528277416927716
14,species tree (mammal),m14_carboxypeptidase,0.2497443504130176
14,species tree (mammal),matrix_metalloproteinase,0.3625032523155467
14,species tree (mammal),metallothionein,0.258238617074974
14,species tree (mammal),muscarinic_receptor,0.5371543710676923
14,species tree (mammal),nadph_oxidase,0.1309939597882477
14,species tree (mammal),nitric_oxide_synthase,0.4215298744809287
14,species tree (mammal),olfactory_receptors,0.3739885902940579
14,species tree (mammal),opsins,0.2307434897691237
14,species tree (mammal),p2y_receptor,0.4189930568571251
14,species tree (mammal),peroxidase,0.2897830698774176
14,species tree (mammal),peroxiredoxin,0.3808443269261766
14,species tree (mammal),phosphodiesterase,0.297396986196222
14,species tree (mammal),rab_gtpase,0.2383627928386725
14,species tree (mammal),ras_gtpases,0.2754396579504765
14,species tree (mammal),rho_gtpase,0.324527475373306
14,species tree (mammal),serine_protease,0.3677567900405531
14,species tree (mammal),serotonin_receptor,0.4855083954302441
14,species tree (mammal),steap_metalloreductase,0.1997657201359756
14,species tree (mammal),sulfotransferase,0.2359589823697293
14,species tree (mammal),taste2_receptor,0.4579709632064131
14,species tree (mammal),udp_glucuronosyltransferase,0.4409376422745407
14,GC content (control),adam_metallopeptidase,0.2718203007956721
14,GC content (control),adamts_metallopeptidase,0.2361440782188829
14,GC content (control),adrenoceptor,0.5590803115722417
14,GC content (control),alcohol_dehydrogenase,0.2483587051583505
14,GC content (control),aldehyde_dehydrogenase,0.1621905629952995
14,GC content (control),aldo_keto_reductase,0.328899971650936
14,GC content (control),alkaline_phosphatase,0.2876201456026496
14,GC content (control),arachidonate_lipoxygenase,0.3122716736730042
14,GC content (control),arf_gtpase,0.3889775878294714
14,GC content (control),carbonic_anhydrase,0.3209866782121787
14,GC content (control),cxc_chemokine_receptor,0.5300006036552314
14,GC content (control),cytochrome_p450,0.3083115129159975
14,GC content (control),dopamine_receptor,0.4022132589682863
14,GC content (control),ectonucleotide_pyrophosphatase,0.231554177119228
14,GC content (control),ferritin,0.4201609039267783
14,GC content (control),flavin_monooxygenase,0.2375187858390649
14,GC content (control),globins,0.4912443483320386
14,GC content (control),glutamate_metabotropic,0.2804479158438802
14,GC content (control),glutaredoxin,0.4742124224645588
14,GC content (control),glutathione_peroxidase,0.4281808672433048
14,GC content (control),glutathione_s_transferase,0.2896710303576286
14,GC content (control),guanylate_binding_protein,0.2559650030915434
14,GC content (control),heme_oxygenase,0.4522416143623599
14,GC content (control),histamine_receptor,0.2520063961119413
14,GC content (control),histone_deacetylase_classI,0.1748179751757289
14,GC content (control),histone_h4,0.7319505444413419
14,GC content (control),hox,0.4620850708599064
14,GC content (control),m14_carboxypeptidase,0.2123973274691493
14,GC content (control),matrix_metalloproteinase,0.3196937071590156
14,GC content (control),metallothionein,0.099825981815135
14,GC content (control),muscarinic_receptor,0.5188116623129905
14,GC content (control),nadph_oxidase,0.1081615616697513
14,GC content (control),nitric_oxide_synthase,0.4721187111479625
14,GC content (control),olfactory_receptors,0.3997467128250072
14,GC content (control),opsins,0.2525871132093508
14,GC content (control),p2y_receptor,0.2681506354367294
14,GC content (control),peroxidase,0.2916413204717137
14,GC content (control),peroxiredoxin,0.3959792700638871
14,GC content (control),phosphodiesterase,0.2277750310721057
14,GC content (control),rab_gtpase,0.2920885399779361
14,GC content (control),ras_gtpases,0.2902411584583066
14,GC content (control),rho_gtpase,0.3732339754818906
14,GC content (control),serine_protease,0.2943867199068484
14,GC content (control),serotonin_receptor,0.3609570042945583
14,GC content (control),steap_metalloreductase,0.3044526272610943
14,GC content (control),sulfotransferase,0.2054326425868618
14,GC content (control),taste2_receptor,0.3951659430896002
14,GC content (control),udp_glucuronosyltransferase,0.0929999928855778
15,"k-mer composition (CDS, k=6)",adam_metallopeptidase,0.4286135994240029
15,"k-mer composition (CDS, k=6)",adamts_metallopeptidase,0.2601050661008791
15,"k-mer composition (CDS, k=6)",adrenoceptor,0.6786077515720617
15,"k-mer composition (CDS, k=6)",alcohol_dehydrogenase,0.3917285922633515
15,"k-mer composition (CDS, k=6)",aldehyde_dehydrogenase,0.2369859644005753
15,"k-mer composition (CDS, k=6)",aldo_keto_reductase,0.3923443105169218
15,"k-mer composition (CDS, k=6)",alkaline_phosphatase,0.2605846166217683
15,"k-mer composition (CDS, k=6)",arachidonate_lipoxygenase,0.4820151127838512
15,"k-mer composition (CDS, k=6)",arf_gtpase,0.4630434040637405
15,"k-mer composition (CDS, k=6)",carbonic_anhydrase,0.4170761583647259
15,"k-mer composition (CDS, k=6)",cxc_chemokine_receptor,0.7068933174673097
15,"k-mer composition (CDS, k=6)",cytochrome_p450,0.4335603125810697
15,"k-mer composition (CDS, k=6)",dopamine_receptor,0.5752488746068385
15,"k-mer composition (CDS, k=6)",ectonucleotide_pyrophosphatase,0.3711564789960855
15,"k-mer composition (CDS, k=6)",ferritin,0.6852291144603709
15,"k-mer composition (CDS, k=6)",flavin_monooxygenase,0.2408067588442652
15,"k-mer composition (CDS, k=6)",globins,0.6385742463815992
15,"k-mer composition (CDS, k=6)",glutamate_metabotropic,0.299916437105052
15,"k-mer composition (CDS, k=6)",glutaredoxin,0.6239478381603925
15,"k-mer composition (CDS, k=6)",glutathione_peroxidase,0.6010912466769038
15,"k-mer composition (CDS, k=6)",glutathione_s_transferase,0.427769555989388
15,"k-mer composition (CDS, k=6)",guanylate_binding_protein,0.3662055335968379
15,"k-mer composition (CDS, k=6)",heme_oxygenase,0.7051005598175409
15,"k-mer composition (CDS, k=6)",histamine_receptor,0.4879776398025116
15,"k-mer composition (CDS, k=6)",histone_deacetylase_classI,0.2513767395588701
15,"k-mer composition (CDS, k=6)",histone_h4,0.7101130753304666
15,"k-mer composition (CDS, k=6)",hox,0.6613036357329158
15,"k-mer composition (CDS, k=6)",m14_carboxypeptidase,0.3588202693047184
15,"k-mer composition (CDS, k=6)",matrix_metalloproteinase,0.4649462735364805
15,"k-mer composition (CDS, k=6)",metallothionein,0.3926297137241127
15,"k-mer composition (CDS, k=6)",muscarinic_receptor,0.667357652767502
15,"k-mer composition (CDS, k=6)",nadph_oxidase,0.2487546152919759
15,"k-mer composition (CDS, k=6)",nitric_oxide_synthase,0.6251351660986177
15,"k-mer composition (CDS, k=6)",olfactory_receptors,0.5787751857496509
15,"k-mer composition (CDS, k=6)",opsins,0.5353800789694184
15,"k-mer composition (CDS, k=6)",p2y_receptor,0.5514989984475751
15,"k-mer composition (CDS, k=6)",peroxidase,0.3230574348211618
15,"k-mer composition (CDS, k=6)",peroxiredoxin,0.5283432884645662
15,"k-mer composition (CDS, k=6)",phosphodiesterase,0.3859294117878054
15,"k-mer composition (CDS, k=6)",rab_gtpase,0.431097573896975
15,"k-mer composition (CDS, k=6)",ras_gtpases,0.5275061172496893
15,"k-mer composition (CDS, k=6)",rho_gtpase,0.5287203527303671
15,"k-mer composition (CDS, k=6)",serine_protease,0.3967791765589215
15,"k-mer composition (CDS, k=6)",serotonin_receptor,0.5581556352096082
15,"k-mer composition (CDS, k=6)",steap_metalloreductase,0.174639575396338
15,"k-mer composition (CDS, k=6)",sulfotransferase,0.3011620082651858
15,"k-mer composition (CDS, k=6)",taste2_receptor,0.5889232792245725
15,"k-mer composition (CDS, k=6)",udp_glucuronosyltransferase,0.198141653355557
15,patristic tree,adam_metallopeptidase,0.3836526854311415
15,patristic tree,adamts_metallopeptidase,0.2646937362282882
15,patristic tree,adrenoceptor,0.777026443559415
15,patristic tree,alcohol_dehydrogenase,0.4330092367525522
15,patristic tree,aldehyde_dehydrogenase,0.3064028051056363
15,patristic tree,aldo_keto_reductase,0.4227362162248848
15,patristic tree,alkaline_phosphatase,0.108519963009127
15,patristic tree,arachidonate_lipoxygenase,0.5255283539671299
15,patristic tree,arf_gtpase,0.497204729633394
15,patristic tree,carbonic_anhydrase,0.5203490026057768
15,patristic tree,cxc_chemokine_receptor,0.7545386058795506
15,patristic tree,cytochrome_p450,0.4255498373565139
15,patristic tree,dopamine_receptor,0.5974365643645695
15,patristic tree,ectonucleotide_pyrophosphatase,0.4051454935292027
15,patristic tree,ferritin,0.7788409722494818
15,patristic tree,flavin_monooxygenase,0.2604836098465822
15,patristic tree,globins,0.603306280856653
15,patristic tree,glutamate_metabotropic,0.3595279710025166
15,patristic tree,glutaredoxin,0.6908720994311573
15,patristic tree,glutathione_peroxidase,0.3932064349485024
15,patristic tree,glutathione_s_transferase,0.3766781370111599
15,patristic tree,guanylate_binding_protein,0.4679841897233201
15,patristic tree,heme_oxygenase,0.7684532448683391
15,patristic tree,histamine_receptor,0.4843005558999853
15,patristic tree,histone_deacetylase_classI,0.3362583910175885
15,patristic tree,hox,0.6459986090791017
15,patristic tree,m14_carboxypeptidase,0.37645801547868
15,patristic tree,matrix_metalloproteinase,0.4460367772722003
15,patristic tree,metallothionein,0.3447744225359911
15,patristic tree,muscarinic_receptor,0.6928285184011899
15,patristic tree,nadph_oxidase,0.2246662051032902
15,patristic tree,nitric_oxide_synthase,0.5835923437509191
15,patristic tree,olfactory_receptors,0.6196270504629363
15,patristic tree,opsins,0.5008899526960646
15,patristic tree,p2y_receptor,0.528982789619126
15,patristic tree,peroxidase,0.3279791519517899
15,patristic tree,peroxiredoxin,0.5141052597592524
15,patristic tree,phosphodiesterase,0.3847932633219184
15,patristic tree,rab_gtpase,0.4663260032147785
15,patristic tree,ras_gtpases,0.5324270825797192
15,patristic tree,rho_gtpase,0.5580510340065724
15,patristic tree,serine_protease,0.3965031049219336
15,patristic tree,serotonin_receptor,0.5601522154666473
15,patristic tree,steap_metalloreductase,0.1795795511574343
15,patristic tree,sulfotransferase,0.3174157464444109
15,patristic tree,taste2_receptor,0.6059931738654644
15,patristic tree,udp_glucuronosyltransferase,0.361319073083779
15,species tree (mammal),adam_metallopeptidase,0.2615799672859383
15,species tree (mammal),adamts_metallopeptidase,0.1872019242483502
15,species tree (mammal),adrenoceptor,0.575312340043628
15,species tree (mammal),alcohol_dehydrogenase,0.3094034307938051
15,species tree (mammal),aldehyde_dehydrogenase,0.2057132138631502
15,species tree (mammal),aldo_keto_reductase,0.3541433336295165
15,species tree (mammal),alkaline_phosphatase,0.192332435366491
15,species tree (mammal),arachidonate_lipoxygenase,0.4372237036016178
15,species tree (mammal),arf_gtpase,0.2624386614993587
15,species tree (mammal),carbonic_anhydrase,0.2411752623568401
15,species tree (mammal),cxc_chemokine_receptor,0.4499435851503134
15,species tree (mammal),cytochrome_p450,0.3228132626989258
15,species tree (mammal),dopamine_receptor,0.4428702571399556
15,species tree (mammal),ectonucleotide_pyrophosphatase,0.2450325940892463
15,species tree (mammal),ferritin,0.2660068986272195
15,species tree (mammal),flavin_monooxygenase,0.2726811285618854
15,species tree (mammal),globins,0.3780319426084409
15,species tree (mammal),glutamate_metabotropic,0.1679632384534618
15,species tree (mammal),glutaredoxin,0.2992632680376915
15,species tree (mammal),glutathione_peroxidase,0.2962136611182516
15,species tree (mammal),glutathione_s_transferase,0.1802199519678944
15,species tree (mammal),guanylate_binding_protein,0.3808959156785243
15,species tree (mammal),heme_oxygenase,0.3551316607920381
15,species tree (mammal),histamine_receptor,0.2098371383955574
15,species tree (mammal),histone_deacetylase_classI,0.1422231425462397
15,species tree (mammal),histone_h4,-0.1547380156075808
15,species tree (mammal),hox,0.4536527881373234
15,species tree (mammal),m14_carboxypeptidase,0.2429087763483465
15,species tree (mammal),matrix_metalloproteinase,0.361836137497547
15,species tree (mammal),metallothionein,0.2623764404272412
15,species tree (mammal),muscarinic_receptor,0.5484020248736109
15,species tree (mammal),nadph_oxidase,0.119918715791713
15,species tree (mammal),nitric_oxide_synthase,0.4143287881169506
15,species tree (mammal),olfactory_receptors,0.3629661848942207
15,species tree (mammal),opsins,0.2239132938599907
15,species tree (mammal),p2y_receptor,0.4233211535731812
15,species tree (mammal),peroxidase,0.2912385056582856
15,species tree (mammal),peroxiredoxin,0.3849852501006853
15,species tree (mammal),phosphodiesterase,0.2894953385117358
15,species tree (mammal),rab_gtpase,0.2318055066708549
15,species tree (mammal),ras_gtpases,0.272035537300287
15,species tree (mammal),rho_gtpase,0.3204679874798627
15,species tree (mammal),serine_protease,0.3636764604131277
15,species tree (mammal),serotonin_receptor,0.472075188451031
15,species tree (mammal),steap_metalloreductase,0.1882004560669746
15,species tree (mammal),sulfotransferase,0.232947760191482
15,species tree (mammal),taste2_receptor,0.4513470765733347
15,species tree (mammal),udp_glucuronosyltransferase,0.443538131506046
15,GC content (control),adam_metallopeptidase,0.2707813646968975
15,GC content (control),adamts_metallopeptidase,0.2316312023262283
15,GC content (control),adrenoceptor,0.555765458913679
15,GC content (control),alcohol_dehydrogenase,0.2252998268182154
15,GC content (control),aldehyde_dehydrogenase,0.1553317616949895
15,GC content (control),aldo_keto_reductase,0.3287333568196633
15,GC content (control),alkaline_phosphatase,0.2875062200462145
15,GC content (control),arachidonate_lipoxygenase,0.3073926654718435
15,GC content (control),arf_gtpase,0.382043528875882
15,GC content (control),carbonic_anhydrase,0.3187660723042119
15,GC content (control),cxc_chemokine_receptor,0.537558533268694
15,GC content (control),cytochrome_p450,0.3042440747842254
15,GC content (control),dopamine_receptor,0.3848864098528549
15,GC content (control),ectonucleotide_pyrophosphatase,0.2321385523403385
15,GC content (control),ferritin,0.4146728809151702
15,GC content (control),flavin_monooxygenase,0.2256854851270069
15,GC content (control),globins,0.4927488015117369
15,GC content (control),glutamate_metabotropic,0.2839381491636805
15,GC content (control),glutaredoxin,0.458888946048964
15,GC content (control),glutathione_peroxidase,0.4244183258212414
15,GC content (control),glutathione_s_transferase,0.2832329443430295
15,GC content (control),guanylate_binding_protein,0.260445946940506
15,GC content (control),heme_oxygenase,0.4562173762106501
15,GC content (control),histamine_receptor,0.2491625254561386
15,GC content (control),histone_deacetylase_classI,0.1734287888617662
15,GC content (control),histone_h4,0.725050612241331
15,GC content (control),hox,0.4608760728139544
15,GC content (control),m14_carboxypeptidase,0.2094095142659749
15,GC content (control),matrix_metalloproteinase,0.3200204507674089
15,GC content (control),metallothionein,0.1044970201258882
15,GC content (control),muscarinic_receptor,0.5280745392658553
15,GC content (control),nadph_oxidase,0.1087867338542513
15,GC content (control),nitric_oxide_synthase,0.4653675206509013
15,GC content (control),olfactory_receptors,0.3866672338567636
15,GC content (control),opsins,0.2427674712660698
15,GC content (control),p2y_receptor,0.2628380943864706
15,GC content (control),peroxidase,0.2985351163523279
15,GC content (control),peroxiredoxin,0.3886883084992364
15,GC content (control),phosphodiesterase,0.2226684311133571
15,GC content (control),rab_gtpase,0.288591588976409
15,GC content (control),ras_gtpases,0.2890893186567239
15,GC content (control),rho_gtpase,0.3699506068250152
15,GC content (control),serine_protease,0.2933838738218641
15,GC content (control),serotonin_receptor,0.353299174679861
15,GC content (control),steap_metalloreductase,0.2992959091230147
15,GC content (control),sulfotransferase,0.2072061544064019
15,GC content (control),taste2_receptor,0.3891187214576748
15,GC content (control),udp_glucuronosyltransferase,0.0915995220358353
16,"k-mer composition (CDS, k=6)",adam_metallopeptidase,0.4166564550988753
16,"k-mer composition (CDS, k=6)",adamts_metallopeptidase,0.271954768119457
16,"k-mer composition (CDS, k=6)",adrenoceptor,0.6749124253689607
16,"k-mer composition (CDS, k=6)",alcohol_dehydrogenase,0.4345996249739564
16,"k-mer composition (CDS, k=6)",aldehyde_dehydrogenase,0.2504173676681246
16,"k-mer composition (CDS, k=6)",aldo_keto_reductase,0.3930037073594759
16,"k-mer composition (CDS, k=6)",alkaline_phosphatase,0.2613318054494525
16,"k-mer composition (CDS, k=6)",arachidonate_lipoxygenase,0.4967426747667396
16,"k-mer composition (CDS, k=6)",arf_gtpase,0.4672495490876293
16,"k-mer composition (CDS, k=6)",carbonic_anhydrase,0.4082413293924892
16,"k-mer composition (CDS, k=6)",cxc_chemokine_receptor,0.7072755999317678
16,"k-mer composition (CDS, k=6)",cytochrome_p450,0.4405503404965377
16,"k-mer composition (CDS, k=6)",dopamine_receptor,0.5587246146430972
16,"k-mer composition (CDS, k=6)",ectonucleotide_pyrophosphatase,0.3787479194080671
16,"k-mer composition (CDS, k=6)",ferritin,0.672833822776317
16,"k-mer composition (CDS, k=6)",flavin_monooxygenase,0.2323863910371997
16,"k-mer composition (CDS, k=6)",globins,0.6440576817137479
16,"k-mer composition (CDS, k=6)",glutamate_metabotropic,0.2992683561316182
16,"k-mer composition (CDS, k=6)",glutaredoxin,0.6331110808186016
16,"k-mer composition (CDS, k=6)",glutathione_peroxidase,0.6038555320661
16,"k-mer composition (CDS, k=6)",glutathione_s_transferase,0.4327955922446392
16,"k-mer composition (CDS, k=6)",guanylate_binding_protein,0.4034914361001317
16,"k-mer composition (CDS, k=6)",heme_oxygenase,0.7306240928882438
16,"k-mer composition (CDS, k=6)",histamine_receptor,0.4729412408888716
16,"k-mer composition (CDS, k=6)",histone_deacetylase_classI,0.2503401000491854
16,"k-mer composition (CDS, k=6)",histone_h4,0.7385411689759516
16,"k-mer composition (CDS, k=6)",hox,0.6579928654030399
16,"k-mer composition (CDS, k=6)",m14_carboxypeptidase,0.37864130080293
16,"k-mer composition (CDS, k=6)",matrix_metalloproteinase,0.4736934679563538
16,"k-mer composition (CDS, k=6)",metallothionein,0.4000139626756045
16,"k-mer composition (CDS, k=6)",muscarinic_receptor,0.6771882904654875
16,"k-mer composition (CDS, k=6)",nadph_oxidase,0.2456401624968066
16,"k-mer composition (CDS, k=6)",nitric_oxide_synthase,0.616571220504676
16,"k-mer composition (CDS, k=6)",olfactory_receptors,0.5672484455950958
16,"k-mer composition (CDS, k=6)",opsins,0.556253697109348
16,"k-mer composition (CDS, k=6)",p2y_receptor,0.5410798898664894
16,"k-mer composition (CDS, k=6)",peroxidase,0.3426170986345487
16,"k-mer composition (CDS, k=6)",peroxiredoxin,0.5420388667171471
16,"k-mer composition (CDS, k=6)",phosphodiesterase,0.3937009803007712
16,"k-mer composition (CDS, k=6)",rab_gtpase,0.4353992255332977
16,"k-mer composition (CDS, k=6)",ras_gtpases,0.5426360884320344
16,"k-mer composition (CDS, k=6)",rho_gtpase,0.5438064460263964
16,"k-mer composition (CDS, k=6)",serine_protease,0.3992362301034635
16,"k-mer composition (CDS, k=6)",serotonin_receptor,0.5544584376528408
16,"k-mer composition (CDS, k=6)",steap_metalloreductase,0.1984181024091478
16,"k-mer composition (CDS, k=6)",sulfotransferase,0.2945068249454312
16,"k-mer composition (CDS, k=6)",taste2_receptor,0.6063962331011662
16,"k-mer composition (CDS, k=6)",udp_glucuronosyltransferase,0.2079612010093293
16,patristic tree,adam_metallopeptidase,0.3749188977466526
16,patristic tree,adamts_metallopeptidase,0.2757479121390194
16,patristic tree,adrenoceptor,0.7774468503463023
16,patristic tree,alcohol_dehydrogenase,0.4990624348913117
16,patristic tree,aldehyde_dehydrogenase,0.3161901101962928
16,patristic tree,aldo_keto_reductase,0.4275261289202082
16,patristic tree,alkaline_phosphatase,0.1106174527227158
16,patristic tree,arachidonate_lipoxygenase,0.5282643833110484
16,patristic tree,arf_gtpase,0.5030844653357451
16,patristic tree,carbonic_anhydrase,0.5161365838713629
16,patristic tree,cxc_chemokine_receptor,0.7579564952527402
16,patristic tree,cytochrome_p450,0.4294639865118855
16,patristic tree,dopamine_receptor,0.5888524746564622
16,patristic tree,ectonucleotide_pyrophosphatase,0.4183516284725694
16,patristic tree,ferritin,0.7798121548295927
16,patristic tree,flavin_monooxygenase,0.2582510039775927
16,patristic tree,globins,0.6256520594980768
16,patristic tree,glutamate_metabotropic,0.3609272906614113
16,patristic tree,glutaredoxin,0.7020121354094084
16,patristic tree,glutathione_peroxidase,0.3946814642880382
16,patristic tree,glutathione_s_transferase,0.3772959241678956
16,patristic tree,guanylate_binding_protein,0.5017127799736495
16,patristic tree,heme_oxygenase,0.7994712834335476
16,patristic tree,histamine_receptor,0.464129118714399
16,patristic tree,histone_deacetylase_classI,0.3378877802703499
16,patristic tree,hox,0.645633074830421
16,patristic tree,m14_carboxypeptidase,0.4018147183434207
16,patristic tree,matrix_metalloproteinase,0.4545179092892314
16,patristic tree,metallothionein,0.3307192269969802
16,patristic tree,muscarinic_receptor,0.7016693402508312
16,patristic tree,nadph_oxidase,0.2148877115308901
16,patristic tree,nitric_oxide_synthase,0.5780546510613621
16,patristic tree,olfactory_receptors,0.612337526248171
16,patristic tree,opsins,0.5031962246875514
16,patristic tree,p2y_receptor,0.5133325695096304
16,patristic tree,peroxidase,0.346066395781517
16,patristic tree,peroxiredoxin,0.5313248112518345
16,patristic tree,phosphodiesterase,0.3920860320598287
16,patristic tree,rab_gtpase,0.4711048782681806
16,patristic tree,ras_gtpases,0.5434198508169633
16,patristic tree,rho_gtpase,0.5658793846407576
16,patristic tree,serine_protease,0.3984926037655353
16,patristic tree,serotonin_receptor,0.5582174831849283
16,patristic tree,steap_metalloreductase,0.2016737041062258
16,patristic tree,sulfotransferase,0.3237589628110949
16,patristic tree,taste2_receptor,0.6139182454654332
16,patristic tree,udp_glucuronosyltransferase,0.3902769096619364
16,species tree (mammal),adam_metallopeptidase,0.252525348866933
16,species tree (mammal),adamts_metallopeptidase,0.1887843281798902
16,species tree (mammal),adrenoceptor,0.5788525818485605
16,species tree (mammal),alcohol_dehydrogenase,0.308181123689145
16,species tree (mammal),aldehyde_dehydrogenase,0.207971675271856
16,species tree (mammal),aldo_keto_reductase,0.3609028069755247
16,species tree (mammal),alkaline_phosphatase,0.2107575087451248
16,species tree (mammal),arachidonate_lipoxygenase,0.4515186428455477
16,species tree (mammal),arf_gtpase,0.2634826090392604
16,species tree (mammal),carbonic_anhydrase,0.2273349855197116
16,species tree (mammal),cxc_chemokine_receptor,0.4467023757486912
16,species tree (mammal),cytochrome_p450,0.3293744516918805
16,species tree (mammal),dopamine_receptor,0.4326868402230174
16,species tree (mammal),ectonucleotide_pyrophosphatase,0.2607363478213739
16,species tree (mammal),ferritin,0.2913547740332208
16,species tree (mammal),flavin_monooxygenase,0.2995743618580325
16,species tree (mammal),globins,0.3898691609658414
16,species tree (mammal),glutamate_metabotropic,0.1688341198866643
16,species tree (mammal),glutaredoxin,0.3123102467364591
16,species tree (mammal),glutathione_peroxidase,0.3050371983143271
16,species tree (mammal),glutathione_s_transferase,0.1912387531766786
16,species tree (mammal),guanylate_binding_protein,0.3976943346508563
16,species tree (mammal),heme_oxygenase,0.4210449927431059
16,species tree (mammal),histamine_receptor,0.2088390010163587
16,species tree (mammal),histone_deacetylase_classI,0.134727964567186
16,species tree (mammal),histone_h4,-0.169326325848065
16,species tree (mammal),hox,0.4507735687968814
16,species tree (mammal),m14_carboxypeptidase,0.2569721889201214
16,species tree (mammal),matrix_metalloproteinase,0.3701705088912737
16,species tree (mammal),metallothionein,0.2703837287352573
16,species tree (mammal),muscarinic_receptor,0.5589033573090562
16,species tree (mammal),nadph_oxidase,0.1194395575531687
16,species tree (mammal),nitric_oxide_synthase,0.4205841610421099
16,species tree (mammal),olfactory_receptors,0.3483453402308321
16,species tree (mammal),opsins,0.2365048190395602
16,species tree (mammal),p2y_receptor,0.4098709023133621
16,species tree (mammal),peroxidase,0.314771424115885
16,species tree (mammal),peroxiredoxin,0.4063152965825688
16,species tree (mammal),phosphodiesterase,0.2924814995463186
16,species tree (mammal),rab_gtpase,0.2388467326863347
16,species tree (mammal),ras_gtpases,0.2873863175954941
16,species tree (mammal),rho_gtpase,0.328981911363201
16,species tree (mammal),serine_protease,0.365914638190936
16,species tree (mammal),serotonin_receptor,0.4666879791145545
16,species tree (mammal),steap_metalloreductase,0.2022353889374599
16,species tree (mammal),sulfotransferase,0.217410951402008
16,species tree (mammal),taste2_receptor,0.4545935805557219
16,species tree (mammal),udp_glucuronosyltransferase,0.4696607017462633
16,GC content (control),adam_metallopeptidase,0.2685445110127449
16,GC content (control),adamts_metallopeptidase,0.2421206228468886
16,GC content (control),adrenoceptor,0.5494106345394031
16,GC content (control),alcohol_dehydrogenase,0.249379685614977
16,GC content (control),aldehyde_dehydrogenase,0.1648966519369873
16,GC content (control),aldo_keto_reductase,0.3218660775166311
16,GC content (control),alkaline_phosphatase,0.2926110902000009
16,GC content (control),arachidonate_lipoxygenase,0.3227333079446906
16,GC content (control),arf_gtpase,0.3827672191530319
16,GC content (control),carbonic_anhydrase,0.300898589640123
16,GC content (control),cxc_chemokine_receptor,0.5251821318114648
16,GC content (control),cytochrome_p450,0.3045981078169693
16,GC content (control),dopamine_receptor,0.3602022542806606
16,GC content (control),ectonucleotide_pyrophosphatase,0.2296482901766875
16,GC content (control),ferritin,0.4216258365184553
16,GC content (control),flavin_monooxygenase,0.2329522620262618
16,GC content (control),globins,0.4878119114368174
16,GC content (control),glutamate_metabotropic,0.2867387981834394
16,GC content (control),glutaredoxin,0.4622659242145289
16,GC content (control),glutathione_peroxidase,0.4275679939015261
16,GC content (control),glutathione_s_transferase,0.2696239508161995
16,GC content (control),guanylate_binding_protein,0.2693090877467713
16,GC content (control),heme_oxygenase,0.3905525116811316
16,GC content (control),histamine_receptor,0.2613444139484392
16,GC content (control),histone_deacetylase_classI,0.176419761556474
16,GC content (control),histone_h4,0.7064383239974217
16,GC content (control),hox,0.4577675006715027
16,GC content (control),m14_carboxypeptidase,0.2123068832906618
16,GC content (control),matrix_metalloproteinase,0.31984196268979
16,GC content (control),metallothionein,0.1275176052591732
16,GC content (control),muscarinic_receptor,0.5377035480592491
16,GC content (control),nadph_oxidase,0.1084181817516958
16,GC content (control),nitric_oxide_synthase,0.4654810069016288
16,GC content (control),olfactory_receptors,0.3823556753631855
16,GC content (control),opsins,0.2513132408479012
16,GC content (control),p2y_receptor,0.2653933112268659
16,GC content (control),peroxidase,0.2881099648281731
16,GC content (control),peroxiredoxin,0.3982730092416358
16,GC content (control),phosphodiesterase,0.2227426421385704
16,GC content (control),rab_gtpase,0.2881293198294404
16,GC content (control),ras_gtpases,0.2995464618092529
16,GC content (control),rho_gtpase,0.3779886703867894
16,GC content (control),serine_protease,0.2870622830310484
16,GC content (control),serotonin_receptor,0.3458300942926611
16,GC content (control),steap_metalloreductase,0.3107703624976709
16,GC content (control),sulfotransferase,0.1992948685536824
16,GC content (control),taste2_receptor,0.3852644771480827
16,GC content (control),udp_glucuronosyltransferase,0.0953664084836361
17,"k-mer composition (CDS, k=6)",adam_metallopeptidase,0.4134435120781388
17,"k-mer composition (CDS, k=6)",adamts_metallopeptidase,0.2434003935168193
17,"k-mer composition (CDS, k=6)",adrenoceptor,0.6843392918812491
17,"k-mer composition (CDS, k=6)",alcohol_dehydrogenase,0.4198416556705326
17,"k-mer composition (CDS, k=6)",aldehyde_dehydrogenase,0.2461392949061778
17,"k-mer composition (CDS, k=6)",aldo_keto_reductase,0.3838315327057547
17,"k-mer composition (CDS, k=6)",alkaline_phosphatase,0.2479058609089568
17,"k-mer composition (CDS, k=6)",arachidonate_lipoxygenase,0.4782535171310676
17,"k-mer composition (CDS, k=6)",arf_gtpase,0.4686965084969016
17,"k-mer composition (CDS, k=6)",carbonic_anhydrase,0.4040877778662763
17,"k-mer composition (CDS, k=6)",cxc_chemokine_receptor,0.7066674297265848
17,"k-mer composition (CDS, k=6)",cytochrome_p450,0.4289454140911125
17,"k-mer composition (CDS, k=6)",dopamine_receptor,0.5615937517426748
17,"k-mer composition (CDS, k=6)",ectonucleotide_pyrophosphatase,0.350591397303491
17,"k-mer composition (CDS, k=6)",ferritin,0.6682817385711864
17,"k-mer composition (CDS, k=6)",flavin_monooxygenase,0.2374129155317987
17,"k-mer composition (CDS, k=6)",globins,0.6414826047051352
17,"k-mer composition (CDS, k=6)",glutamate_metabotropic,0.294444162893841
17,"k-mer composition (CDS, k=6)",glutaredoxin,0.6384064937226137
17,"k-mer composition (CDS, k=6)",glutathione_peroxidase,0.6159435435782229
17,"k-mer composition (CDS, k=6)",glutathione_s_transferase,0.3829171917371236
17,"k-mer composition (CDS, k=6)",guanylate_binding_protein,0.4485507246376811
17,"k-mer composition (CDS, k=6)",heme_oxygenase,0.760522496371553
17,"k-mer composition (CDS, k=6)",histamine_receptor,0.4868046178942287
17,"k-mer composition (CDS, k=6)",histone_deacetylase_classI,0.2480306674330872
17,"k-mer composition (CDS, k=6)",histone_h4,0.6954769867813346
17,"k-mer composition (CDS, k=6)",hox,0.6552143670323846
17,"k-mer composition (CDS, k=6)",m14_carboxypeptidase,0.3540313622036221
17,"k-mer composition (CDS, k=6)",matrix_metalloproteinase,0.4578621450726646
17,"k-mer composition (CDS, k=6)",metallothionein,0.3788297218427153
17,"k-mer composition (CDS, k=6)",muscarinic_receptor,0.6520929482229266
17,"k-mer composition (CDS, k=6)",nadph_oxidase,0.2281332069983294
17,"k-mer composition (CDS, k=6)",nitric_oxide_synthase,0.6260375579257943
17,"k-mer composition (CDS, k=6)",olfactory_receptors,0.5678400620096646
17,"k-mer composition (CDS, k=6)",opsins,0.5368409688202238
17,"k-mer composition (CDS, k=6)",p2y_receptor,0.5429594498265364
17,"k-mer composition (CDS, k=6)",peroxidase,0.317274712748348
17,"k-mer composition (CDS, k=6)",peroxiredoxin,0.527108523797214
17,"k-mer composition (CDS, k=6)",phosphodiesterase,0.366875556738882
17,"k-mer composition (CDS, k=6)",rab_gtpase,0.4327322394303665
17,"k-mer composition (CDS, k=6)",ras_gtpases,0.5285692740831778
17,"k-mer composition (CDS, k=6)",rho_gtpase,0.5221921571476636
17,"k-mer composition (CDS, k=6)",serine_protease,0.3678853367945622
17,"k-mer composition (CDS, k=6)",serotonin_receptor,0.5446119931688784
17,"k-mer composition (CDS, k=6)",steap_metalloreductase,0.1739124470323626
17,"k-mer composition (CDS, k=6)",sulfotransferase,0.3084842369509685
17,"k-mer composition (CDS, k=6)",taste2_receptor,0.6014830954187059
17,"k-mer composition (CDS, k=6)",udp_glucuronosyltransferase,0.1925293808983648
17,patristic tree,adam_metallopeptidase,0.371311125463214
17,patristic tree,adamts_metallopeptidase,0.2429854819341025
17,patristic tree,adrenoceptor,0.7781666801686203
17,patristic tree,alcohol_dehydrogenase,0.4759358288770053
17,patristic tree,aldehyde_dehydrogenase,0.3120877418036624
17,patristic tree,aldo_keto_reductase,0.4198866249120959
17,patristic tree,alkaline_phosphatase,0.1126512806079369
17,patristic tree,arachidonate_lipoxygenase,0.5262227245803205
17,patristic tree,arf_gtpase,0.5085564214690008
17,patristic tree,carbonic_anhydrase,0.50206752531467
17,patristic tree,cxc_chemokine_receptor,0.7728722359801794
17,patristic tree,cytochrome_p450,0.4205464604074396
17,patristic tree,dopamine_receptor,0.5722119111123385
17,patristic tree,ectonucleotide_pyrophosphatase,0.3842427953388559
17,patristic tree,ferritin,0.7652820093182799
17,patristic tree,flavin_monooxygenase,0.2562918461570014
17,patristic tree,globins,0.6173752069902707
17,patristic tree,glutamate_metabotropic,0.35804436501322
17,patristic tree,glutaredoxin,0.6986005267799698
17,patristic tree,glutathione_peroxidase,0.4161322898116429
17,patristic tree,glutathione_s_transferase,0.3408458906057292
17,patristic tree,guanylate_binding_protein,0.5414361001317523
17,patristic tree,heme_oxygenase,0.7664835164835163
17,patristic tree,histamine_receptor,0.487110598241074
17,patristic tree,histone_deacetylase_classI,0.3509633491404377
17,patristic tree,hox,0.6376614605688717
17,patristic tree,m14_carboxypeptidase,0.3743618775957145
17,patristic tree,matrix_metalloproteinase,0.4412928316817026
17,patristic tree,metallothionein,0.3589004413221513
17,patristic tree,muscarinic_receptor,0.7044708486323938
17,patristic tree,nadph_oxidase,0.2130506820981652
17,patristic tree,nitric_oxide_synthase,0.5822026552739664
17,patristic tree,olfactory_receptors,0.6134862648675646
17,patristic tree,opsins,0.5032935628817877
17,patristic tree,p2y_receptor,0.5126191849115622
17,patristic tree,peroxidase,0.3305102025651714
17,patristic tree,peroxiredoxin,0.5126952015746886
17,patristic tree,phosphodiesterase,0.3766474565764792
17,patristic tree,rab_gtpase,0.4660876685684716
17,patristic tree,ras_gtpases,0.5344688010774721
17,patristic tree,rho_gtpase,0.5443336959243265
17,patristic tree,serine_protease,0.3701876707463569
17,patristic tree,serotonin_receptor,0.5277959922137965
17,patristic tree,steap_metalloreductase,0.1920810437764302
17,patristic tree,sulfotransferase,0.3332345663968805
17,patristic tree,taste2_receptor,0.6079017402923972
17,patristic tree,udp_glucuronosyltransferase,0.3649094072890864
17,species tree (mammal),adam_metallopeptidase,0.2529671957644074
17,species tree (mammal),adamts_metallopeptidase,0.17861512225985
17,species tree (mammal),adrenoceptor,0.5944266737106588
17,species tree (mammal),alcohol_dehydrogenase,0.3074380165289256
17,species tree (mammal),aldehyde_dehydrogenase,0.203709887311151
17,species tree (mammal),aldo_keto_reductase,0.328617081955764
17,species tree (mammal),alkaline_phosphatase,0.2037480063795853
17,species tree (mammal),arachidonate_lipoxygenase,0.4416249429214229
17,species tree (mammal),arf_gtpase,0.2576270955040496
17,species tree (mammal),carbonic_anhydrase,0.2144760065736248
17,species tree (mammal),cxc_chemokine_receptor,0.4606309712835177
17,species tree (mammal),cytochrome_p450,0.3191033896245424
17,species tree (mammal),dopamine_receptor,0.409374816245933
17,species tree (mammal),ectonucleotide_pyrophosphatase,0.2197755327587251
17,species tree (mammal),ferritin,0.2701682182035587
17,species tree (mammal),flavin_monooxygenase,0.2805721355779719
17,species tree (mammal),globins,0.3656021185856362
17,species tree (mammal),glutamate_metabotropic,0.1694157931863762
17,species tree (mammal),glutaredoxin,0.3072148019501563
17,species tree (mammal),glutathione_peroxidase,0.3094406167637321
17,species tree (mammal),glutathione_s_transferase,0.1695873774272807
17,species tree (mammal),guanylate_binding_protein,0.3724637681159419
17,species tree (mammal),heme_oxygenase,0.3922454903586979
17,species tree (mammal),histamine_receptor,0.1929379552427805
17,species tree (mammal),histone_deacetylase_classI,0.1235971195474584
17,species tree (mammal),histone_h4,-0.0007963051441312
17,species tree (mammal),hox,0.4497001374838404
17,species tree (mammal),m14_carboxypeptidase,0.2406906821919864
17,species tree (mammal),matrix_metalloproteinase,0.3520060122841629
17,species tree (mammal),metallothionein,0.2519125217077261
17,species tree (mammal),muscarinic_receptor,0.517171418940315
17,species tree (mammal),nadph_oxidase,0.1217413046272099
17,species tree (mammal),nitric_oxide_synthase,0.4040109332820633
17,species tree (mammal),olfactory_receptors,0.3482384938792142
17,species tree (mammal),opsins,0.2231389876529712
17,species tree (mammal),p2y_receptor,0.405491071294423
17,species tree (mammal),peroxidase,0.2955451088801962
17,species tree (mammal),peroxiredoxin,0.3838727590186458
17,species tree (mammal),phosphodiesterase,0.2864863494363148
17,species tree (mammal),rab_gtpase,0.2306141324929105
17,species tree (mammal),ras_gtpases,0.2663207032507541
17,species tree (mammal),rho_gtpase,0.3169413743197003
17,species tree (mammal),serine_protease,0.3486668713990138
17,species tree (mammal),serotonin_receptor,0.4842975263473028
17,species tree (mammal),steap_metalloreductase,0.1947510027885224
17,species tree (mammal),sulfotransferase,0.2304599524784467
17,species tree (mammal),taste2_receptor,0.4299862754836007
17,species tree (mammal),udp_glucuronosyltransferase,0.4437653849418556
17,GC content (control),adam_metallopeptidase,0.2675782297883179
17,GC content (control),adamts_metallopeptidase,0.2069421960583908
17,GC content (control),adrenoceptor,0.5447150833414051
17,GC content (control),alcohol_dehydrogenase,0.2320125996844023
17,GC content (control),aldehyde_dehydrogenase,0.1581334585374127
17,GC content (control),aldo_keto_reductase,0.317454169904369
17,GC content (control),alkaline_phosphatase,0.2788428516296641
17,GC content (control),arachidonate_lipoxygenase,0.3178170651603408
17,GC content (control),arf_gtpase,0.3887996456438618
17,GC content (control),carbonic_anhydrase,0.2955514150794607
17,GC content (control),cxc_chemokine_receptor,0.506046950537497
17,GC content (control),cytochrome_p450,0.295502653854327
17,GC content (control),dopamine_receptor,0.3535360367899001
17,GC content (control),ectonucleotide_pyrophosphatase,0.2167219286271736
17,GC content (control),ferritin,0.4018548586542674
17,GC content (control),flavin_monooxygenase,0.233001863935932
17,GC content (control),globins,0.4893635751607523
17,GC content (control),glutamate_metabotropic,0.2816555167032851
17,GC content (control),glutaredoxin,0.4763977297626649
17,GC content (control),glutathione_peroxidase,0.4344035129127154
17,GC content (control),glutathione_s_transferase,0.2460804455338746
17,GC content (control),guanylate_binding_protein,0.3072000043396661
17,GC content (control),heme_oxygenase,0.4487427365949597
17,GC content (control),histamine_receptor,0.242851840746539
17,GC content (control),histone_deacetylase_classI,0.1678929560189544
17,GC content (control),histone_h4,0.7449536499268128
17,GC content (control),hox,0.4613721027730322
17,GC content (control),m14_carboxypeptidase,0.204708488758018
17,GC content (control),matrix_metalloproteinase,0.3142908910880583
17,GC content (control),metallothionein,0.1194122464160429
17,GC content (control),muscarinic_receptor,0.5031767689384258
17,GC content (control),nadph_oxidase,0.1033754325791142
17,GC content (control),nitric_oxide_synthase,0.4578644701205505
17,GC content (control),olfactory_receptors,0.3824256107859604
17,GC content (control),opsins,0.2468656226783382
17,GC content (control),p2y_receptor,0.2787409490580815
17,GC content (control),peroxidase,0.2792881922585521
17,GC content (control),peroxiredoxin,0.3947012716566703
17,GC content (control),phosphodiesterase,0.2121027962738813
17,GC content (control),rab_gtpase,0.2857130571979814
17,GC content (control),ras_gtpases,0.2960294804906818
17,GC content (control),rho_gtpase,0.3609897720348212
17,GC content (control),serine_protease,0.2708517223226431
17,GC content (control),serotonin_receptor,0.3228803908202228
17,GC content (control),steap_metalloreductase,0.286026562704601
17,GC content (control),sulfotransferase,0.1871733540601734
17,GC content (control),taste2_receptor,0.3714576884800319
17,GC content (control),udp_glucuronosyltransferase,0.0858212673686897
18,"k-mer composition (CDS, k=6)",adam_metallopeptidase,0.4130456739235572
18,"k-mer composition (CDS, k=6)",adamts_metallopeptidase,0.2486519115444151
18,"k-mer composition (CDS, k=6)",adrenoceptor,0.6796257482574796
18,"k-mer composition (CDS, k=6)",alcohol_dehydrogenase,0.4227863046044864
18,"k-mer composition (CDS, k=6)",aldehyde_dehydrogenase,0.2553379479152775
18,"k-mer composition (CDS, k=6)",aldo_keto_reductase,0.3772473628957946
18,"k-mer composition (CDS, k=6)",alkaline_phosphatase,0.2587183198638306
18,"k-mer composition (CDS, k=6)",arachidonate_lipoxygenase,0.4816303436576463
18,"k-mer composition (CDS, k=6)",arf_gtpase,0.4767207510962402
18,"k-mer composition (CDS, k=6)",carbonic_anhydrase,0.4035737928400949
18,"k-mer composition (CDS, k=6)",cxc_chemokine_receptor,0.714415707948869
18,"k-mer composition (CDS, k=6)",cytochrome_p450,0.4303495036488872
18,"k-mer composition (CDS, k=6)",dopamine_receptor,0.5657170644321823
18,"k-mer composition (CDS, k=6)",ectonucleotide_pyrophosphatase,0.3698289966557807
18,"k-mer composition (CDS, k=6)",ferritin,0.6575927153104135
18,"k-mer composition (CDS, k=6)",flavin_monooxygenase,0.2423307499368939
18,"k-mer composition (CDS, k=6)",globins,0.6433267108554963
18,"k-mer composition (CDS, k=6)",glutamate_metabotropic,0.2975546854484844
18,"k-mer composition (CDS, k=6)",glutaredoxin,0.6391168004280474
18,"k-mer composition (CDS, k=6)",glutathione_peroxidase,0.6190652732676744
18,"k-mer composition (CDS, k=6)",glutathione_s_transferase,0.3763783031567297
18,"k-mer composition (CDS, k=6)",guanylate_binding_protein,0.456455862977602
18,"k-mer composition (CDS, k=6)",heme_oxygenase,0.76966618287373
18,"k-mer composition (CDS, k=6)",histamine_receptor,0.4863535049167204
18,"k-mer composition (CDS, k=6)",histone_deacetylase_classI,0.2484738639767386
18,"k-mer composition (CDS, k=6)",histone_h4,0.6869565217391305
18,"k-mer composition (CDS, k=6)",hox,0.6560638800061391
18,"k-mer composition (CDS, k=6)",m14_carboxypeptidase,0.3602424287171245
18,"k-mer composition (CDS, k=6)",matrix_metalloproteinase,0.460147031329594
18,"k-mer composition (CDS, k=6)",metallothionein,0.389157892115018
18,"k-mer composition (CDS, k=6)",muscarinic_receptor,0.6514231968656157
18,"k-mer composition (CDS, k=6)",nadph_oxidase,0.2412508095820597
18,"k-mer composition (CDS, k=6)",nitric_oxide_synthase,0.6443832853648314
18,"k-mer composition (CDS, k=6)",olfactory_receptors,0.5706874770923863
18,"k-mer composition (CDS, k=6)",opsins,0.5443633026570757
18,"k-mer composition (CDS, k=6)",p2y_receptor,0.5430064926996965
18,"k-mer composition (CDS, k=6)",peroxidase,0.3279873867612337
18,"k-mer composition (CDS, k=6)",peroxiredoxin,0.5170122129207009
18,"k-mer composition (CDS, k=6)",phosphodiesterase,0.3668799065065238
18,"k-mer composition (CDS, k=6)",rab_gtpase,0.4396892043805176
18,"k-mer composition (CDS, k=6)",ras_gtpases,0.5323558663937777
18,"k-mer composition (CDS, k=6)",rho_gtpase,0.5237388306638576
18,"k-mer composition (CDS, k=6)",serine_protease,0.3719208531516016
18,"k-mer composition (CDS, k=6)",serotonin_receptor,0.5517204023542607
18,"k-mer composition (CDS, k=6)",steap_metalloreductase,0.1651686063519482
18,"k-mer composition (CDS, k=6)",sulfotransferase,0.3144906708771786
18,"k-mer composition (CDS, k=6)",taste2_receptor,0.6213062071044524
18,"k-mer composition (CDS, k=6)",udp_glucuronosyltransferase,0.2078018535237786
18,patristic tree,adam_metallopeptidase,0.3735653611500064
18,patristic tree,adamts_metallopeptidase,0.2469182119101561
18,patristic tree,adrenoceptor,0.775313249693249
18,patristic tree,alcohol_dehydrogenase,0.4800263907215778
18,patristic tree,aldehyde_dehydrogenase,0.3164351390101142
18,patristic tree,aldo_keto_reductase,0.425431204469982
18,patristic tree,alkaline_phosphatase,0.1206860734724511
18,patristic tree,arachidonate_lipoxygenase,0.5266693155196119
18,patristic tree,arf_gtpase,0.5183537033592878
18,patristic tree,carbonic_anhydrase,0.4968464402284087
18,patristic tree,cxc_chemokine_receptor,0.7780265134905647
18,patristic tree,cytochrome_p450,0.4210451864916186
18,patristic tree,dopamine_receptor,0.5800955163465272
18,patristic tree,ectonucleotide_pyrophosphatase,0.4029301665229873
18,patristic tree,ferritin,0.7625067562058958
18,patristic tree,flavin_monooxygenase,0.261125757585805
18,patristic tree,globins,0.6212336170150095
18,patristic tree,glutamate_metabotropic,0.3682345822762227
18,patristic tree,glutaredoxin,0.7013122309538607
18,patristic tree,glutathione_peroxidase,0.419935949283117
18,patristic tree,glutathione_s_transferase,0.3394702156889627
18,patristic tree,guanylate_binding_protein,0.5476284584980237
18,patristic tree,heme_oxygenase,0.7679970972423803
18,patristic tree,histamine_receptor,0.4900503681472523
18,patristic tree,histone_deacetylase_classI,0.3535481047954228
18,patristic tree,hox,0.6400800791189868
18,patristic tree,m14_carboxypeptidase,0.3819250480791517
18,patristic tree,matrix_metalloproteinase,0.4446937193340168
18,patristic tree,metallothionein,0.3618070498512299
18,patristic tree,muscarinic_receptor,0.7099112650456021
18,patristic tree,nadph_oxidase,0.2253381266322148
18,patristic tree,nitric_oxide_synthase,0.5943497369965394
18,patristic tree,olfactory_receptors,0.6157163076184986
18,patristic tree,opsins,0.5076266016003143
18,patristic tree,p2y_receptor,0.5129507461287065
18,patristic tree,peroxidase,0.3470045245364326
18,patristic tree,peroxiredoxin,0.5050379428034585
18,patristic tree,phosphodiesterase,0.3802022504319595
18,patristic tree,rab_gtpase,0.473471836054182
18,patristic tree,ras_gtpases,0.5393392382172726
18,patristic tree,rho_gtpase,0.5514988683157622
18,patristic tree,serine_protease,0.3729785516218492
18,patristic tree,serotonin_receptor,0.5354620680296381
18,patristic tree,steap_metalloreductase,0.1900652875747999
18,patristic tree,sulfotransferase,0.3450629467130602
18,patristic tree,taste2_receptor,0.6274809292857265
18,patristic tree,udp_glucuronosyltransferase,0.3794183238033505
18,species tree (mammal),adam_metallopeptidase,0.2531002940972565
18,species tree (mammal),adamts_metallopeptidase,0.1786337996659316
18,species tree (mammal),adrenoceptor,0.5923668537363865
18,species tree (mammal),alcohol_dehydrogenase,0.3140079172164733
18,species tree (mammal),aldehyde_dehydrogenase,0.2074417327068673
18,species tree (mammal),aldo_keto_reductase,0.3291333616954716
18,species tree (mammal),alkaline_phosphatase,0.2231414096739174
18,species tree (mammal),arachidonate_lipoxygenase,0.442629399492243
18,species tree (mammal),arf_gtpase,0.2617502890514395
18,species tree (mammal),carbonic_anhydrase,0.2075650404421666
18,species tree (mammal),cxc_chemokine_receptor,0.45347793491417
18,species tree (mammal),cytochrome_p450,0.320287799049793
18,species tree (mammal),dopamine_receptor,0.4110158576991983
18,species tree (mammal),ectonucleotide_pyrophosphatase,0.2425671553167776
18,species tree (mammal),ferritin,0.2699721498372974
18,species tree (mammal),flavin_monooxygenase,0.2848954078303384
18,species tree (mammal),globins,0.3630850388776668
18,species tree (mammal),glutamate_metabotropic,0.1734884183160375
18,species tree (mammal),glutaredoxin,0.3154911171450181
18,species tree (mammal),glutathione_peroxidase,0.3198754935068088
18,species tree (mammal),glutathione_s_transferase,0.1738494050189867
18,species tree (mammal),guanylate_binding_protein,0.3849143610013175
18,species tree (mammal),heme_oxygenase,0.3994401824590503
18,species tree (mammal),histamine_receptor,0.1945598568852201
18,species tree (mammal),histone_deacetylase_classI,0.1248028173405658
18,species tree (mammal),histone_h4,-0.00703933747412
18,species tree (mammal),hox,0.4480868257300277
18,species tree (mammal),m14_carboxypeptidase,0.2427804250056417
18,species tree (mammal),matrix_metalloproteinase,0.3532957714885495
18,species tree (mammal),metallothionein,0.2522471806502597
18,species tree (mammal),muscarinic_receptor,0.5135538768690238
18,species tree (mammal),nadph_oxidase,0.1311707628212222
18,species tree (mammal),nitric_oxide_synthase,0.413298873787869
18,species tree (mammal),olfactory_receptors,0.3484987253850856
18,species tree (mammal),opsins,0.226226000111613
18,species tree (mammal),p2y_receptor,0.4067936786595268
18,species tree (mammal),peroxidase,0.3128344735779971
18,species tree (mammal),peroxiredoxin,0.3770658853994222
18,species tree (mammal),phosphodiesterase,0.2851483111063626
18,species tree (mammal),rab_gtpase,0.2328287349581063
18,species tree (mammal),ras_gtpases,0.271175333010469
18,species tree (mammal),rho_gtpase,0.3151981768032175
18,species tree (mammal),serine_protease,0.3502744707687795
18,species tree (mammal),serotonin_receptor,0.4903790984129588
18,species tree (mammal),steap_metalloreductase,0.191973824990572
18,species tree (mammal),sulfotransferase,0.2276705168471046
18,species tree (mammal),taste2_receptor,0.4402024523081087
18,species tree (mammal),udp_glucuronosyltransferase,0.4537718668734711
18,GC content (control),adam_metallopeptidase,0.2718588098451828
18,GC content (control),adamts_metallopeptidase,0.2107386207600673
18,GC content (control),adrenoceptor,0.5396336685918736
18,GC content (control),alcohol_dehydrogenase,0.2537171161943187
18,GC content (control),aldehyde_dehydrogenase,0.1632743323757358
18,GC content (control),aldo_keto_reductase,0.3136781808243831
18,GC content (control),alkaline_phosphatase,0.2918789509623229
18,GC content (control),arachidonate_lipoxygenase,0.3264464762870159
18,GC content (control),arf_gtpase,0.3946007912035906
18,GC content (control),carbonic_anhydrase,0.2891700656493367
18,GC content (control),cxc_chemokine_receptor,0.5097814758036271
18,GC content (control),cytochrome_p450,0.2921874233762135
18,GC content (control),dopamine_receptor,0.3608623456883596
18,GC content (control),ectonucleotide_pyrophosphatase,0.2213146379206379
18,GC content (control),ferritin,0.3977811674563866
18,GC content (control),flavin_monooxygenase,0.2395200456443069
18,GC content (control),globins,0.4869838596068689
18,GC content (control),glutamate_metabotropic,0.2860126887380311
18,GC content (control),glutaredoxin,0.4789311200431453
18,GC content (control),glutathione_peroxidase,0.4380580695711401
18,GC content (control),glutathione_s_transferase,0.2343698810898127
18,GC content (control),guanylate_binding_protein,0.3034767034742643
18,GC content (control),heme_oxygenase,0.4474468559403671
18,GC content (control),histamine_receptor,0.2381443766570833
18,GC content (control),histone_deacetylase_classI,0.164639527169602
18,GC content (control),histone_h4,0.7424279241676864
18,GC content (control),hox,0.4614948538138274
18,GC content (control),m14_carboxypeptidase,0.2079201652091954
18,GC content (control),matrix_metalloproteinase,0.3165901672471398
18,GC content (control),metallothionein,0.123436363062228
18,GC content (control),muscarinic_receptor,0.5016593188404788
18,GC content (control),nadph_oxidase,0.1091765266485933
18,GC content (control),nitric_oxide_synthase,0.4689311042585379
18,GC content (control),olfactory_receptors,0.3839488592310878
18,GC content (control),opsins,0.2478326627134875
18,GC content (control),p2y_receptor,0.2804015448400535
18,GC content (control),peroxidase,0.2785571404117804
18,GC content (control),peroxiredoxin,0.3892454025926356
18,GC content (control),phosphodiesterase,0.2138365289175685
18,GC content (control),rab_gtpase,0.2894186952093714
18,GC content (control),ras_gtpases,0.299074781555851
18,GC content (control),rho_gtpase,0.364630091706461
18,GC content (control),serine_protease,0.2720776372685037
18,GC content (control),serotonin_receptor,0.3260011022272732
18,GC content (control),steap_metalloreductase,0.2816073065181401
18,GC content (control),sulfotransferase,0.1833758033495876
18,GC content (control),taste2_receptor,0.3782482563888517
18,GC content (control),udp_glucuronosyltransferase,0.0929364873185785
19,"k-mer composition (CDS, k=6)",adam_metallopeptidase,0.4111943159032086
19,"k-mer composition (CDS, k=6)",adamts_metallopeptidase,0.2428891495107681
19,"k-mer composition (CDS, k=6)",adrenoceptor,0.6807978265190343
19,"k-mer composition (CDS, k=6)",alcohol_dehydrogenase,0.4125980970900756
19,"k-mer composition (CDS, k=6)",aldehyde_dehydrogenase,0.2540558469420585
19,"k-mer composition (CDS, k=6)",aldo_keto_reductase,0.3794033076200522
19,"k-mer composition (CDS, k=6)",alkaline_phosphatase,0.2514072614691809
19,"k-mer composition (CDS, k=6)",arachidonate_lipoxygenase,0.4863837679960736
19,"k-mer composition (CDS, k=6)",arf_gtpase,0.4735607002359538
19,"k-mer composition (CDS, k=6)",carbonic_anhydrase,0.4019586066329003
19,"k-mer composition (CDS, k=6)",cxc_chemokine_receptor,0.7264973654188059
19,"k-mer composition (CDS, k=6)",cytochrome_p450,0.4276006443844077
19,"k-mer composition (CDS, k=6)",dopamine_receptor,0.5650909188530785
19,"k-mer composition (CDS, k=6)",ectonucleotide_pyrophosphatase,0.3616484784191361
19,"k-mer composition (CDS, k=6)",ferritin,0.6663441600689413
19,"k-mer composition (CDS, k=6)",flavin_monooxygenase,0.2343362809723767
19,"k-mer composition (CDS, k=6)",globins,0.6481334216663489
19,"k-mer composition (CDS, k=6)",glutamate_metabotropic,0.2988718479700966
19,"k-mer composition (CDS, k=6)",glutaredoxin,0.6413665474550369
19,"k-mer composition (CDS, k=6)",glutathione_peroxidase,0.6140701403741353
19,"k-mer composition (CDS, k=6)",glutathione_s_transferase,0.3712612309368527
19,"k-mer composition (CDS, k=6)",guanylate_binding_protein,0.4582345191040842
19,"k-mer composition (CDS, k=6)",heme_oxygenase,0.7639021356002488
19,"k-mer composition (CDS, k=6)",histamine_receptor,0.4799002457631401
19,"k-mer composition (CDS, k=6)",histone_deacetylase_classI,0.24613770195829
19,"k-mer composition (CDS, k=6)",histone_h4,0.7101290014333493
19,"k-mer composition (CDS, k=6)",hox,0.6594644503892351
19,"k-mer composition (CDS, k=6)",m14_carboxypeptidase,0.3588085478199412
19,"k-mer composition (CDS, k=6)",matrix_metalloproteinase,0.4576840892047082
19,"k-mer composition (CDS, k=6)",metallothionein,0.392238376256544
19,"k-mer composition (CDS, k=6)",muscarinic_receptor,0.6529656921328244
19,"k-mer composition (CDS, k=6)",nadph_oxidase,0.2387809137588533
19,"k-mer composition (CDS, k=6)",nitric_oxide_synthase,0.6362052337047706
19,"k-mer composition (CDS, k=6)",olfactory_receptors,0.5722111340687538
19,"k-mer composition (CDS, k=6)",opsins,0.5355045540263909
19,"k-mer composition (CDS, k=6)",p2y_receptor,0.543086262166286
19,"k-mer composition (CDS, k=6)",peroxidase,0.3245711390792706
19,"k-mer composition (CDS, k=6)",peroxiredoxin,0.5154157496758535
19,"k-mer composition (CDS, k=6)",phosphodiesterase,0.3685811579861852
19,"k-mer composition (CDS, k=6)",rab_gtpase,0.4366836345546167
19,"k-mer composition (CDS, k=6)",ras_gtpases,0.5315357621112711
19,"k-mer composition (CDS, k=6)",rho_gtpase,0.5229543013151617
19,"k-mer composition (CDS, k=6)",serine_protease,0.3684836931791414
19,"k-mer composition (CDS, k=6)",serotonin_receptor,0.5512917031770952
19,"k-mer composition (CDS, k=6)",steap_metalloreductase,0.1730650000899109
19,"k-mer composition (CDS, k=6)",sulfotransferase,0.3112226527505443
19,"k-mer composition (CDS, k=6)",taste2_receptor,0.6135379262336492
19,"k-mer composition (CDS, k=6)",udp_glucuronosyltransferase,0.1982263428787492
19,patristic tree,adam_metallopeptidase,0.3717653653560505
19,patristic tree,adamts_metallopeptidase,0.2415763686570076
19,patristic tree,adrenoceptor,0.777006236505989
19,patristic tree,alcohol_dehydrogenase,0.4792902284880894
19,patristic tree,aldehyde_dehydrogenase,0.3156901759366094
19,patristic tree,aldo_keto_reductase,0.425417285432096
19,patristic tree,alkaline_phosphatase,0.1155328159972122
19,patristic tree,arachidonate_lipoxygenase,0.531363914112381
19,patristic tree,arf_gtpase,0.5122857679952368
19,patristic tree,carbonic_anhydrase,0.5011056736615636
19,patristic tree,cxc_chemokine_receptor,0.7805475451000113
19,patristic tree,cytochrome_p450,0.4195597884765214
19,patristic tree,dopamine_receptor,0.5768847131791713
19,patristic tree,ectonucleotide_pyrophosphatase,0.3937976900157647
19,patristic tree,ferritin,0.7612603431599012
19,patristic tree,flavin_monooxygenase,0.2543494496936694
19,patristic tree,globins,0.6253696532294527
19,patristic tree,glutamate_metabotropic,0.3660861900953379
19,patristic tree,glutaredoxin,0.702620219566348
19,patristic tree,glutathione_peroxidase,0.4154917326602705
19,patristic tree,glutathione_s_transferase,0.3324340493832656
19,patristic tree,guanylate_binding_protein,0.5440052700922265
19,patristic tree,heme_oxygenase,0.7670226000414678
19,patristic tree,histamine_receptor,0.4821719750584998
19,patristic tree,histone_deacetylase_classI,0.3485652454011449
19,patristic tree,hox,0.6424347328552377
19,patristic tree,m14_carboxypeptidase,0.3788876864450896
19,patristic tree,matrix_metalloproteinase,0.4407607790010215
19,patristic tree,metallothionein,0.374962440659945
19,patristic tree,muscarinic_receptor,0.7086926546640011
19,patristic tree,nadph_oxidase,0.2248865047182162
19,patristic tree,nitric_oxide_synthase,0.5877749387690857
19,patristic tree,olfactory_receptors,0.6159130867099176
19,patristic tree,opsins,0.5031248852135125
19,patristic tree,p2y_receptor,0.5158825854044562
19,patristic tree,peroxidase,0.3406935934552523
19,patristic tree,peroxiredoxin,0.5028014500379268
19,patristic tree,phosphodiesterase,0.3834501934590247
19,patristic tree,rab_gtpase,0.4722168861000929
19,patristic tree,ras_gtpases,0.5383983593538054
19,patristic tree,rho_gtpase,0.5477261264237799
19,patristic tree,serine_protease,0.3697652751055756
19,patristic tree,serotonin_receptor,0.5333422314062074
19,patristic tree,steap_metalloreductase,0.1943649586809722
19,patristic tree,sulfotransferase,0.3391517686572461
19,patristic tree,taste2_receptor,0.6190363124343577
19,patristic tree,udp_glucuronosyltransferase,0.3700268537166933
19,species tree (mammal),adam_metallopeptidase,0.251072042613245
19,species tree (mammal),adamts_metallopeptidase,0.1750777337891025
19,species tree (mammal),adrenoceptor,0.5935516376206798
19,species tree (mammal),alcohol_dehydrogenase,0.3186610181262587
19,species tree (mammal),aldehyde_dehydrogenase,0.2010364026263659
19,species tree (mammal),aldo_keto_reductase,0.3308246785070626
19,species tree (mammal),alkaline_phosphatase,0.2083048530416951
19,species tree (mammal),arachidonate_lipoxygenase,0.4433029052201584
19,species tree (mammal),arf_gtpase,0.2607518092267338
19,species tree (mammal),carbonic_anhydrase,0.2083850533490454
19,species tree (mammal),cxc_chemokine_receptor,0.4604357375051886
19,species tree (mammal),cytochrome_p450,0.3170000229724022
19,species tree (mammal),dopamine_receptor,0.4124614689737648
19,species tree (mammal),ectonucleotide_pyrophosphatase,0.2291852237519303
19,species tree (mammal),ferritin,0.2536015987422637
19,species tree (mammal),flavin_monooxygenase,0.2803429356818833
19,species tree (mammal),globins,0.3647709011316837
19,species tree (mammal),glutamate_metabotropic,0.1742270175343956
19,species tree (mammal),glutaredoxin,0.3124391775167325
19,species tree (mammal),glutathione_peroxidase,0.3132916397024122
19,species tree (mammal),glutathione_s_transferase,0.1675748201696716
19,species tree (mammal),guanylate_binding_protein,0.3808300395256917
19,species tree (mammal),heme_oxygenase,0.3895500725689405
19,species tree (mammal),histamine_receptor,0.1900636338719596
19,species tree (mammal),histone_deacetylase_classI,0.1192601398477424
19,species tree (mammal),histone_h4,-0.0148112756808408
19,species tree (mammal),hox,0.4514345462525585
19,species tree (mammal),m14_carboxypeptidase,0.2421629008523526
19,species tree (mammal),matrix_metalloproteinase,0.3510042178734639
19,species tree (mammal),metallothionein,0.254811840131029
19,species tree (mammal),muscarinic_receptor,0.516796095994356
19,species tree (mammal),nadph_oxidase,0.1280044544616812
19,species tree (mammal),nitric_oxide_synthase,0.4114964156789504
19,species tree (mammal),olfactory_receptors,0.3472466838217061
19,species tree (mammal),opsins,0.2255026917032651
19,species tree (mammal),p2y_receptor,0.4096150733551524
19,species tree (mammal),peroxidase,0.3066257216312895
19,species tree (mammal),peroxiredoxin,0.3692794647786335
19,species tree (mammal),phosphodiesterase,0.2860639995340729
19,species tree (mammal),rab_gtpase,0.2303034300245976
19,species tree (mammal),ras_gtpases,0.2683808076765697
19,species tree (mammal),rho_gtpase,0.3147124183113629
19,species tree (mammal),serine_protease,0.3473179112596098
19,species tree (mammal),serotonin_receptor,0.4855721318775057
19,species tree (mammal),steap_metalloreductase,0.1971643601310556
19,species tree (mammal),sulfotransferase,0.2296189034972116
19,species tree (mammal),taste2_receptor,0.4351065605618245
19,species tree (mammal),udp_glucuronosyltransferase,0.4517946848160752
19,GC content (control),adam_metallopeptidase,0.2705252788103076
19,GC content (control),adamts_metallopeptidase,0.2083912482914992
19,GC content (control),adrenoceptor,0.5446496715025396
19,GC content (control),alcohol_dehydrogenase,0.2433753481676737
19,GC content (control),aldehyde_dehydrogenase,0.1672778444489571
19,GC content (control),aldo_keto_reductase,0.3174653771492778
19,GC content (control),alkaline_phosphatase,0.2813358108645949
19,GC content (control),arachidonate_lipoxygenase,0.3298748153111998
19,GC content (control),arf_gtpase,0.393683027720438
19,GC content (control),carbonic_anhydrase,0.2898193627036174
19,GC content (control),cxc_chemokine_receptor,0.5252771057855609
19,GC content (control),cytochrome_p450,0.2935856772105953
19,GC content (control),dopamine_receptor,0.3611868698002258
19,GC content (control),ectonucleotide_pyrophosphatase,0.2220557244353726
19,GC content (control),ferritin,0.3987717478684579
19,GC content (control),flavin_monooxygenase,0.2373936436458094
19,GC content (control),globins,0.4922369139280935
19,GC content (control),glutamate_metabotropic,0.2881461124478665
19,GC content (control),glutaredoxin,0.4821395035161017
19,GC content (control),glutathione_peroxidase,0.43616798564234
19,GC content (control),glutathione_s_transferase,0.2351199778843411
19,GC content (control),guanylate_binding_protein,0.317908235328445
19,GC content (control),heme_oxygenase,0.4514796365374594
19,GC content (control),histamine_receptor,0.2361423097781503
19,GC content (control),histone_deacetylase_classI,0.1661494567575316
19,GC content (control),histone_h4,0.7625620219383881
19,GC content (control),hox,0.4661167128682125
19,GC content (control),m14_carboxypeptidase,0.2095981378170508
19,GC content (control),matrix_metalloproteinase,0.3161129492506641
19,GC content (control),metallothionein,0.1275592810826042
19,GC content (control),muscarinic_receptor,0.5068933576930333
19,GC content (control),nadph_oxidase,0.1119935039942298
19,GC content (control),nitric_oxide_synthase,0.4609220710497994
19,GC content (control),olfactory_receptors,0.3898703800899198
19,GC content (control),opsins,0.2414250671578382
19,GC content (control),p2y_receptor,0.2844630553243186
19,GC content (control),peroxidase,0.28535175644484
19,GC content (control),peroxiredoxin,0.3912770354827452
19,GC content (control),phosphodiesterase,0.2138062274722602
19,GC content (control),rab_gtpase,0.2901438758325046
19,GC content (control),ras_gtpases,0.301821583063564
19,GC content (control),rho_gtpase,0.3631939253532869
19,GC content (control),serine_protease,0.2718077179037328
19,GC content (control),serotonin_receptor,0.3277610217647353
19,GC content (control),steap_metalloreductase,0.2825929039230797
19,GC content (control),sulfotransferase,0.1866313062562034
19,GC content (control),taste2_receptor,0.3781240607494174
19,GC content (control),udp_glucuronosyltransferase,0.0922431149006073
20,"k-mer composition (CDS, k=6)",adam_metallopeptidase,0.4098374147102486
20,"k-mer composition (CDS, k=6)",adamts_metallopeptidase,0.2384906465967632
20,"k-mer composition (CDS, k=6)",adrenoceptor,0.6768493999069556
20,"k-mer composition (CDS, k=6)",alcohol_dehydrogenase,0.3963678033196749
20,"k-mer composition (CDS, k=6)",aldehyde_dehydrogenase,0.247673540245591
20,"k-mer composition (CDS, k=6)",aldo_keto_reductase,0.3779665432258107
20,"k-mer composition (CDS, k=6)",alkaline_phosphatase,0.2470212965569002
20,"k-mer composition (CDS, k=6)",arachidonate_lipoxygenase,0.4855833848514323
20,"k-mer composition (CDS, k=6)",arf_gtpase,0.4646857630943139
20,"k-mer composition (CDS, k=6)",carbonic_anhydrase,0.3892628651620882
20,"k-mer composition (CDS, k=6)",cxc_chemokine_receptor,0.7325684291641602
20,"k-mer composition (CDS, k=6)",cytochrome_p450,0.4210355593356442
20,"k-mer composition (CDS, k=6)",dopamine_receptor,0.563579127765667
20,"k-mer composition (CDS, k=6)",ectonucleotide_pyrophosphatase,0.3527558141912532
20,"k-mer composition (CDS, k=6)",ferritin,0.6809617669844108
20,"k-mer composition (CDS, k=6)",flavin_monooxygenase,0.2288354341184809
20,"k-mer composition (CDS, k=6)",globins,0.6423999926605061
20,"k-mer composition (CDS, k=6)",glutamate_metabotropic,0.2958027609213468
20,"k-mer composition (CDS, k=6)",glutaredoxin,0.6352705909897577
20,"k-mer composition (CDS, k=6)",glutathione_peroxidase,0.6146707254472761
20,"k-mer composition (CDS, k=6)",glutathione_s_transferase,0.3640009670086011
20,"k-mer composition (CDS, k=6)",guanylate_binding_protein,0.4559288537549407
20,"k-mer composition (CDS, k=6)",heme_oxygenase,0.7532934721502392
20,"k-mer composition (CDS, k=6)",histamine_receptor,0.4629402238795083
20,"k-mer composition (CDS, k=6)",histone_deacetylase_classI,0.247657413483419
20,"k-mer composition (CDS, k=6)",histone_h4,0.7366459627329194
20,"k-mer composition (CDS, k=6)",hox,0.6646267849360149
20,"k-mer composition (CDS, k=6)",m14_carboxypeptidase,0.3522586635215914
20,"k-mer composition (CDS, k=6)",matrix_metalloproteinase,0.4529988791947301
20,"k-mer composition (CDS, k=6)",metallothionein,0.4023098098521144
20,"k-mer composition (CDS, k=6)",muscarinic_receptor,0.6632860831579803
20,"k-mer composition (CDS, k=6)",nadph_oxidase,0.2264132861737159
20,"k-mer composition (CDS, k=6)",nitric_oxide_synthase,0.6261792232624773
20,"k-mer composition (CDS, k=6)",olfactory_receptors,0.567108731560413
20,"k-mer composition (CDS, k=6)",opsins,0.5322625928307114
20,"k-mer composition (CDS, k=6)",p2y_receptor,0.5336586112576069
20,"k-mer composition (CDS, k=6)",peroxidase,0.3134599921629865
20,"k-mer composition (CDS, k=6)",peroxiredoxin,0.4984290845932896
20,"k-mer composition (CDS, k=6)",phosphodiesterase,0.3654724635727422
20,"k-mer composition (CDS, k=6)",rab_gtpase,0.4333757803886197
20,"k-mer composition (CDS, k=6)",ras_gtpases,0.5273532498724943
20,"k-mer composition (CDS, k=6)",rho_gtpase,0.5236947475242226
20,"k-mer composition (CDS, k=6)",serine_protease,0.3674718931544447
20,"k-mer composition (CDS, k=6)",serotonin_receptor,0.5495910300762687
20,"k-mer composition (CDS, k=6)",steap_metalloreductase,0.1658154425047152
20,"k-mer composition (CDS, k=6)",sulfotransferase,0.30796604084765
20,"k-mer composition (CDS, k=6)",taste2_receptor,0.6003326513355266
20,"k-mer composition (CDS, k=6)",udp_glucuronosyltransferase,0.1955037386855568
20,patristic tree,adam_metallopeptidase,0.3691842351007472
20,patristic tree,adamts_metallopeptidase,0.2378733197108774
20,patristic tree,adrenoceptor,0.774985659446174
20,patristic tree,alcohol_dehydrogenase,0.4683936384471143
20,patristic tree,aldehyde_dehydrogenase,0.3121366518795481
20,patristic tree,aldo_keto_reductase,0.4146588110878037
20,patristic tree,alkaline_phosphatase,0.1132007827054266
20,patristic tree,arachidonate_lipoxygenase,0.5299676935999312
20,patristic tree,arf_gtpase,0.5047214174551884
20,patristic tree,carbonic_anhydrase,0.4998079946744638
20,patristic tree,cxc_chemokine_receptor,0.7866723720657004
20,patristic tree,cytochrome_p450,0.415431516114142
20,patristic tree,dopamine_receptor,0.5780593214475418
20,patristic tree,ectonucleotide_pyrophosphatase,0.3826386657890895
20,patristic tree,ferritin,0.7731060731874495
20,patristic tree,flavin_monooxygenase,0.2484253379404197
20,patristic tree,globins,0.6199489419500207
20,patristic tree,glutamate_metabotropic,0.3581463454290422
20,patristic tree,glutaredoxin,0.6959882955688516
20,patristic tree,glutathione_peroxidase,0.418680646973664
20,patristic tree,glutathione_s_transferase,0.3230463909693318
20,patristic tree,guanylate_binding_protein,0.5418313570487483
20,patristic tree,heme_oxygenase,0.7702176296356721
20,patristic tree,histamine_receptor,0.4618989240707473
20,patristic tree,histone_deacetylase_classI,0.3505108248668441
20,patristic tree,hox,0.6468752735891679
20,patristic tree,m14_carboxypeptidase,0.3732255418545802
20,patristic tree,matrix_metalloproteinase,0.4361183908176749
20,patristic tree,metallothionein,0.3866414566239722
20,patristic tree,muscarinic_receptor,0.7152591000533773
20,patristic tree,nadph_oxidase,0.2155262684048789
20,patristic tree,nitric_oxide_synthase,0.5825373644017645
20,patristic tree,olfactory_receptors,0.6128278102371915
20,patristic tree,opsins,0.4975065688344235
20,patristic tree,p2y_receptor,0.5070889211394155
20,patristic tree,peroxidase,0.3370766593954591
20,patristic tree,peroxiredoxin,0.4894152628251245
20,patristic tree,phosphodiesterase,0.3789702187507993
20,patristic tree,rab_gtpase,0.4700288020437177
20,patristic tree,ras_gtpases,0.5358025518534573
20,patristic tree,rho_gtpase,0.5485522849794616
20,patristic tree,serine_protease,0.3692165841179433
20,patristic tree,serotonin_receptor,0.5292552764547418
20,patristic tree,steap_metalloreductase,0.1866639037543495
20,patristic tree,sulfotransferase,0.3334152904161772
20,patristic tree,taste2_receptor,0.611351363123722
20,patristic tree,udp_glucuronosyltransferase,0.3651177550910171
20,species tree (mammal),adam_metallopeptidase,0.2494826048046331
20,species tree (mammal),adamts_metallopeptidase,0.1730139626074801
20,species tree (mammal),adrenoceptor,0.5942955483923277
20,species tree (mammal),alcohol_dehydrogenase,0.3109174248211681
20,species tree (mammal),aldehyde_dehydrogenase,0.1957136555681802
20,species tree (mammal),aldo_keto_reductase,0.3279305367786742
20,species tree (mammal),alkaline_phosphatase,0.2044449358690844
20,species tree (mammal),arachidonate_lipoxygenase,0.4458247039022776
20,species tree (mammal),arf_gtpase,0.2574235467987822
20,species tree (mammal),carbonic_anhydrase,0.1942524515583388
20,species tree (mammal),cxc_chemokine_receptor,0.4627460335728273
20,species tree (mammal),cytochrome_p450,0.3094248543787068
20,species tree (mammal),dopamine_receptor,0.409911732030113
20,species tree (mammal),ectonucleotide_pyrophosphatase,0.2196164000987963
20,species tree (mammal),ferritin,0.2453611915481248
20,species tree (mammal),flavin_monooxygenase,0.277317268718755
20,species tree (mammal),globins,0.3556296245219545
20,species tree (mammal),glutamate_metabotropic,0.1727312478159272
20,species tree (mammal),glutaredoxin,0.3017030753947472
20,species tree (mammal),glutathione_peroxidase,0.3071049587716913
20,species tree (mammal),glutathione_s_transferase,0.1587064725661283
20,species tree (mammal),guanylate_binding_protein,0.3826745718050065
20,species tree (mammal),heme_oxygenase,0.3892245211098525
20,species tree (mammal),histamine_receptor,0.1769140353413948
20,species tree (mammal),histone_deacetylase_classI,0.116997385532934
20,species tree (mammal),histone_h4,-0.0050963529224398
20,species tree (mammal),hox,0.4536891804015153
20,species tree (mammal),m14_carboxypeptidase,0.2371551851734847
20,species tree (mammal),matrix_metalloproteinase,0.3448183138325249
20,species tree (mammal),metallothionein,0.2582193774018468
20,species tree (mammal),muscarinic_receptor,0.5190281759770546
20,species tree (mammal),nadph_oxidase,0.1186715596399993
20,species tree (mammal),nitric_oxide_synthase,0.4078381277726799
20,species tree (mammal),olfactory_receptors,0.3428812950391255
20,species tree (mammal),opsins,0.2219430460723043
20,species tree (mammal),p2y_receptor,0.4078476674825613
20,species tree (mammal),peroxidase,0.3027211231073246
20,species tree (mammal),peroxiredoxin,0.3476397212764565
20,species tree (mammal),phosphodiesterase,0.2865002253421835
20,species tree (mammal),rab_gtpase,0.2250961362040603
20,species tree (mammal),ras_gtpases,0.2645033141698482
20,species tree (mammal),rho_gtpase,0.3134325808717406
20,species tree (mammal),serine_protease,0.3449345820796651
20,species tree (mammal),serotonin_receptor,0.4844330144217544
20,species tree (mammal),steap_metalloreductase,0.1895834518661504
20,species tree (mammal),sulfotransferase,0.2315164854712269
20,species tree (mammal),taste2_receptor,0.4307650845791419
20,species tree (mammal),udp_glucuronosyltransferase,0.4437349044300916
20,GC content (control),adam_metallopeptidase,0.2711319608252359
20,GC content (control),adamts_metallopeptidase,0.208446506857725
20,GC content (control),adrenoceptor,0.5464164425925745
20,GC content (control),alcohol_dehydrogenase,0.2206429057558477
20,GC content (control),aldehyde_dehydrogenase,0.1655272241451922
20,GC content (control),aldo_keto_reductase,0.3185668044129867
20,GC content (control),alkaline_phosphatase,0.2822137077994764
20,GC content (control),arachidonate_lipoxygenase,0.3270188516510644
20,GC content (control),arf_gtpase,0.3906734175311043
20,GC content (control),carbonic_anhydrase,0.2860526742848258
20,GC content (control),cxc_chemokine_receptor,0.5357139016494364
20,GC content (control),cytochrome_p450,0.288939950001319
20,GC content (control),dopamine_receptor,0.3608534968108546
20,GC content (control),ectonucleotide_pyrophosphatase,0.2170022688392028
20,GC content (control),ferritin,0.3937412136172409
20,GC content (control),flavin_monooxygenase,0.239846207509276
20,GC content (control),globins,0.4943387689413148
20,GC content (control),glutamate_metabotropic,0.2846559009211216
20,GC content (control),glutaredoxin,0.4792277718736761
20,GC content (control),glutathione_peroxidase,0.4465414493064252
20,GC content (control),glutathione_s_transferase,0.2299921104112305
20,GC content (control),guanylate_binding_protein,0.3158324048998731
20,GC content (control),heme_oxygenase,0.4471525540593034
20,GC content (control),histamine_receptor,0.2287948878341233
20,GC content (control),histone_deacetylase_classI,0.1682726419616769
20,GC content (control),histone_h4,0.7674700568520216
20,GC content (control),hox,0.4718675213272079
20,GC content (control),m14_carboxypeptidase,0.2061317256403334
20,GC content (control),matrix_metalloproteinase,0.3160378101850736
20,GC content (control),metallothionein,0.1265717715765104
20,GC content (control),muscarinic_receptor,0.521122124378766
20,GC content (control),nadph_oxidase,0.101234619405487
20,GC content (control),nitric_oxide_synthase,0.4577734271492336
20,GC content (control),olfactory_receptors,0.3879855298008648
20,GC content (control),opsins,0.2407512743452225
20,GC content (control),p2y_receptor,0.2822093850838519
20,GC content (control),peroxidase,0.2757232248895683
20,GC content (control),peroxiredoxin,0.3869071712566473
20,GC content (control),phosphodiesterase,0.2126695930520272
20,GC content (control),rab_gtpase,0.2906666624444078
20,GC content (control),ras_gtpases,0.3032513668701811
20,GC content (control),rho_gtpase,0.3659305950923084
20,GC content (control),serine_protease,0.2735821207975545
20,GC content (control),serotonin_receptor,0.3285225956207943
20,GC content (control),steap_metalloreductase,0.2777004076038479
20,GC content (control),sulfotransferase,0.1870949310153308
20,GC content (control),taste2_receptor,0.369522973620709
20,GC content (control),udp_glucuronosyltransferase,0.0856092053052328
21,"k-mer composition (CDS, k=6)",adam_metallopeptidase,0.408934192750623
21,"k-mer composition (CDS, k=6)",adamts_metallopeptidase,0.2422912820494941
21,"k-mer composition (CDS, k=6)",adrenoceptor,0.677922436611159
21,"k-mer composition (CDS, k=6)",alcohol_dehydrogenase,0.3994096812278629
21,"k-mer composition (CDS, k=6)",aldehyde_dehydrogenase,0.2572105274437039
21,"k-mer composition (CDS, k=6)",aldo_keto_reductase,0.3660217409928476
21,"k-mer composition (CDS, k=6)",alkaline_phosphatase,0.2621393054829587
21,"k-mer composition (CDS, k=6)",arachidonate_lipoxygenase,0.4879610233751537
21,"k-mer composition (CDS, k=6)",arf_gtpase,0.4689187917917384
21,"k-mer composition (CDS, k=6)",carbonic_anhydrase,0.376250979545763
21,"k-mer composition (CDS, k=6)",cxc_chemokine_receptor,0.7404084532562218
21,"k-mer composition (CDS, k=6)",cytochrome_p450,0.4252481243399192
21,"k-mer composition (CDS, k=6)",dopamine_receptor,0.563732145799381
21,"k-mer composition (CDS, k=6)",ectonucleotide_pyrophosphatase,0.3708361837255124
21,"k-mer composition (CDS, k=6)",ferritin,0.7130623356911892
21,"k-mer composition (CDS, k=6)",flavin_monooxygenase,0.2370329434490873
21,"k-mer composition (CDS, k=6)",globins,0.6502346919030876
21,"k-mer composition (CDS, k=6)",glutamate_metabotropic,0.3008362434313669
21,"k-mer composition (CDS, k=6)",glutaredoxin,0.6350582785501145
21,"k-mer composition (CDS, k=6)",glutathione_peroxidase,0.6270848523360302
21,"k-mer composition (CDS, k=6)",glutathione_s_transferase,0.3703641554215161
21,"k-mer composition (CDS, k=6)",guanylate_binding_protein,0.464361001317523
21,"k-mer composition (CDS, k=6)",heme_oxygenase,0.7470868753887621
21,"k-mer composition (CDS, k=6)",histamine_receptor,0.4642331285964801
21,"k-mer composition (CDS, k=6)",histone_deacetylase_classI,0.2616471859824725
21,"k-mer composition (CDS, k=6)",histone_h4,0.7363115145723842
21,"k-mer composition (CDS, k=6)",hox,0.6676483803417554
21,"k-mer composition (CDS, k=6)",m14_carboxypeptidase,0.3602416591345371
21,"k-mer composition (CDS, k=6)",matrix_metalloproteinase,0.458541824638469
21,"k-mer composition (CDS, k=6)",metallothionein,0.4163828061902773
21,"k-mer composition (CDS, k=6)",muscarinic_receptor,0.6685713910073396
21,"k-mer composition (CDS, k=6)",nadph_oxidase,0.2296099448920589
21,"k-mer composition (CDS, k=6)",nitric_oxide_synthase,0.6467234802811381
21,"k-mer composition (CDS, k=6)",olfactory_receptors,0.5641368418574599
21,"k-mer composition (CDS, k=6)",opsins,0.5384213275002276
21,"k-mer composition (CDS, k=6)",p2y_receptor,0.5332278711482884
21,"k-mer composition (CDS, k=6)",peroxidase,0.3240172350237328
21,"k-mer composition (CDS, k=6)",peroxiredoxin,0.4938076862780615
21,"k-mer composition (CDS, k=6)",phosphodiesterase,0.3659609639830142
21,"k-mer composition (CDS, k=6)",rab_gtpase,0.435246805977989
21,"k-mer composition (CDS, k=6)",ras_gtpases,0.5345323272609971
21,"k-mer composition (CDS, k=6)",rho_gtpase,0.5233963047318809
21,"k-mer composition (CDS, k=6)",serine_protease,0.370435759524951
21,"k-mer composition (CDS, k=6)",serotonin_receptor,0.5546620332530425
21,"k-mer composition (CDS, k=6)",steap_metalloreductase,0.158312295072931
21,"k-mer composition (CDS, k=6)",sulfotransferase,0.3165827188490846
21,"k-mer composition (CDS, k=6)",taste2_receptor,0.6108122991829386
21,"k-mer composition (CDS, k=6)",udp_glucuronosyltransferase,0.2056315639203339
21,patristic tree,adam_metallopeptidase,0.372192134810161
21,patristic tree,adamts_metallopeptidase,0.2402923915045464
21,patristic tree,adrenoceptor,0.774740097070009
21,patristic tree,alcohol_dehydrogenase,0.478262379331898
21,patristic tree,aldehyde_dehydrogenase,0.3167943001686096
21,patristic tree,aldo_keto_reductase,0.4199709279140152
21,patristic tree,alkaline_phosphatase,0.1242812914639539
21,patristic tree,arachidonate_lipoxygenase,0.5341557813924337
21,patristic tree,arf_gtpase,0.5137361583662181
21,patristic tree,carbonic_anhydrase,0.495405266025091
21,patristic tree,cxc_chemokine_receptor,0.787896831535515
21,patristic tree,cytochrome_p450,0.419727988298697
21,patristic tree,dopamine_receptor,0.5813092738043363
21,patristic tree,ectonucleotide_pyrophosphatase,0.4057605139589048
21,patristic tree,ferritin,0.8030447967904373
21,patristic tree,flavin_monooxygenase,0.2581487279319185
21,patristic tree,globins,0.627238588788933
21,patristic tree,glutamate_metabotropic,0.3696727250156922
21,patristic tree,glutaredoxin,0.6979762068937961
21,patristic tree,glutathione_peroxidase,0.427075552827942
21,patristic tree,glutathione_s_transferase,0.3310838525258404
21,patristic tree,guanylate_binding_protein,0.5463768115942029
21,patristic tree,heme_oxygenase,0.7751088534107402
21,patristic tree,histamine_receptor,0.4593494129905624
21,patristic tree,histone_deacetylase_classI,0.3431002177591374
21,patristic tree,hox,0.6507325542213221
21,patristic tree,m14_carboxypeptidase,0.3830529233014316
21,patristic tree,matrix_metalloproteinase,0.4424752892999795
21,patristic tree,metallothionein,0.3978560410315812
21,patristic tree,muscarinic_receptor,0.7242386598600183
21,patristic tree,nadph_oxidase,0.2123656523299451
21,patristic tree,nitric_oxide_synthase,0.6017579659657356
21,patristic tree,olfactory_receptors,0.6107055592732724
21,patristic tree,opsins,0.4901096425448436
21,patristic tree,p2y_receptor,0.5101785032948647
21,patristic tree,peroxidase,0.3509614578082131
21,patristic tree,peroxiredoxin,0.4866593770809585
21,patristic tree,phosphodiesterase,0.380441386736741
21,patristic tree,rab_gtpase,0.4791618712719214
21,patristic tree,ras_gtpases,0.542394498313493
21,patristic tree,rho_gtpase,0.5527497379902914
21,patristic tree,serine_protease,0.3698011647181435
21,patristic tree,serotonin_receptor,0.5374791588721036
21,patristic tree,steap_metalloreductase,0.1901444480303402
21,patristic tree,sulfotransferase,0.3450641597588186
21,patristic tree,taste2_receptor,0.6191037839207688
21,patristic tree,udp_glucuronosyltransferase,0.3767503144508492
21,species tree (mammal),adam_metallopeptidase,0.248706510729171
21,species tree (mammal),adamts_metallopeptidase,0.1734226024062273
21,species tree (mammal),adrenoceptor,0.5919855388721912
21,species tree (mammal),alcohol_dehydrogenase,0.3016459476352524
21,species tree (mammal),aldehyde_dehydrogenase,0.2002461175121776
21,species tree (mammal),aldo_keto_reductase,0.3343872589029036
21,species tree (mammal),alkaline_phosphatase,0.2294539825499577
21,species tree (mammal),arachidonate_lipoxygenase,0.4482905847643025
21,species tree (mammal),arf_gtpase,0.2562412953594438
21,species tree (mammal),carbonic_anhydrase,0.1862847064997809
21,species tree (mammal),cxc_chemokine_receptor,0.457084964466677
21,species tree (mammal),cytochrome_p450,0.3140903947433648
21,species tree (mammal),dopamine_receptor,0.4102002974850383
21,species tree (mammal),ectonucleotide_pyrophosphatase,0.2438981889942831
21,species tree (mammal),ferritin,0.2525857270684055
21,species tree (mammal),flavin_monooxygenase,0.2813784488077032
21,species tree (mammal),globins,0.350265885416003
21,species tree (mammal),glutamate_metabotropic,0.1771069569192019
21,species tree (mammal),glutaredoxin,0.3026413333183875
21,species tree (mammal),glutathione_peroxidase,0.3111924277295407
21,species tree (mammal),glutathione_s_transferase,0.165264121858316
21,species tree (mammal),guanylate_binding_protein,0.3846508563899867
21,species tree (mammal),heme_oxygenase,0.379732531619324
21,species tree (mammal),histamine_receptor,0.1745233201249367
21,species tree (mammal),histone_deacetylase_classI,0.1305988524492759
21,species tree (mammal),histone_h4,-0.0045070871157827
21,species tree (mammal),hox,0.4557150153299674
21,species tree (mammal),m14_carboxypeptidase,0.2388603298552664
21,species tree (mammal),matrix_metalloproteinase,0.3464345636476714
21,species tree (mammal),metallothionein,0.2671885628458148
21,species tree (mammal),muscarinic_receptor,0.5189670063133629
21,species tree (mammal),nadph_oxidase,0.120440240499781
21,species tree (mammal),nitric_oxide_synthase,0.4258160950913983
21,species tree (mammal),olfactory_receptors,0.3411415188119857
21,species tree (mammal),opsins,0.2232153690492898
21,species tree (mammal),p2y_receptor,0.4118522128124199
21,species tree (mammal),peroxidase,0.3199691296111956
21,species tree (mammal),peroxiredoxin,0.3516573326473807
21,species tree (mammal),phosphodiesterase,0.2839741184248527
21,species tree (mammal),rab_gtpase,0.224537477891386
21,species tree (mammal),ras_gtpases,0.2722001260362605
21,species tree (mammal),rho_gtpase,0.3118530419329394
21,species tree (mammal),serine_protease,0.3476474349451252
21,species tree (mammal),serotonin_receptor,0.4917168981114322
21,species tree (mammal),steap_metalloreductase,0.185636885138555
21,species tree (mammal),sulfotransferase,0.2351663452919618
21,species tree (mammal),taste2_receptor,0.4434996681973339
21,species tree (mammal),udp_glucuronosyltransferase,0.4513720088586399
21,GC content (control),adam_metallopeptidase,0.276789693209477
21,GC content (control),adamts_metallopeptidase,0.21576025349758
21,GC content (control),adrenoceptor,0.5444084667067407
21,GC content (control),alcohol_dehydrogenase,0.2197399978690352
21,GC content (control),aldehyde_dehydrogenase,0.1741095734926138
21,GC content (control),aldo_keto_reductase,0.3148629904618297
21,GC content (control),alkaline_phosphatase,0.2948477169329529
21,GC content (control),arachidonate_lipoxygenase,0.3279166584364401
21,GC content (control),arf_gtpase,0.3924413268992678
21,GC content (control),carbonic_anhydrase,0.2740955991123406
21,GC content (control),cxc_chemokine_receptor,0.5458214514140649
21,GC content (control),cytochrome_p450,0.2918575365231071
21,GC content (control),dopamine_receptor,0.3624836562491527
21,GC content (control),ectonucleotide_pyrophosphatase,0.2227368064012659
21,GC content (control),ferritin,0.4258631461940423
21,GC content (control),flavin_monooxygenase,0.2394973614728213
21,GC content (control),globins,0.4995819940394608
21,GC content (control),glutamate_metabotropic,0.2884020621984969
21,GC content (control),glutaredoxin,0.4823467104356221
21,GC content (control),glutathione_peroxidase,0.4530904675742724
21,GC content (control),glutathione_s_transferase,0.2282474202440439
21,GC content (control),guanylate_binding_protein,0.3199511342001876
21,GC content (control),heme_oxygenase,0.4480325939962429
21,GC content (control),histamine_receptor,0.2299582765284948
21,GC content (control),histone_deacetylase_classI,0.1737287685726758
21,GC content (control),histone_h4,0.7679082742550246
21,GC content (control),hox,0.4739009670356098
21,GC content (control),m14_carboxypeptidase,0.2076439184692449
21,GC content (control),matrix_metalloproteinase,0.3195740525675465
21,GC content (control),metallothionein,0.1211053573029544
21,GC content (control),muscarinic_receptor,0.5278594445532004
21,GC content (control),nadph_oxidase,0.0996643044460122
21,GC content (control),nitric_oxide_synthase,0.4786831915652792
21,GC content (control),olfactory_receptors,0.3873217602243667
21,GC content (control),opsins,0.2451509953733864
21,GC content (control),p2y_receptor,0.2785058074699139
21,GC content (control),peroxidase,0.2786219468780728
21,GC content (control),peroxiredoxin,0.386389294952253
21,GC content (control),phosphodiesterase,0.215000674563401
21,GC content (control),rab_gtpase,0.2923974929063941
21,GC content (control),ras_gtpases,0.3057121878770034
21,GC content (control),rho_gtpase,0.3696493740061543
21,GC content (control),serine_protease,0.278917745781681
21,GC content (control),serotonin_receptor,0.331033396218468
21,GC content (control),steap_metalloreductase,0.271944774854121
21,GC content (control),sulfotransferase,0.1918745102526168
21,GC content (control),taste2_receptor,0.3771614746974213
21,GC content (control),udp_glucuronosyltransferase,0.0876638317350797
22,"k-mer composition (CDS, k=6)",adam_metallopeptidase,0.4151768096822951
22,"k-mer composition (CDS, k=6)",adamts_metallopeptidase,0.2566855704100483
22,"k-mer composition (CDS, k=6)",adrenoceptor,0.686927211934836
22,"k-mer composition (CDS, k=6)",alcohol_dehydrogenase,0.388853392596708
22,"k-mer composition (CDS, k=6)",aldehyde_dehydrogenase,0.271204661326907
22,"k-mer composition (CDS, k=6)",aldo_keto_reductase,0.3861905174352033
22,"k-mer composition (CDS, k=6)",alkaline_phosphatase,0.2523152801790572
22,"k-mer composition (CDS, k=6)",arachidonate_lipoxygenase,0.496285987428474
22,"k-mer composition (CDS, k=6)",arf_gtpase,0.479877622124624
22,"k-mer composition (CDS, k=6)",carbonic_anhydrase,0.3809651455450497
22,"k-mer composition (CDS, k=6)",cxc_chemokine_receptor,0.7664386305691534
22,"k-mer composition (CDS, k=6)",cytochrome_p450,0.4360375205233509
22,"k-mer composition (CDS, k=6)",dopamine_receptor,0.5894554894663875
22,"k-mer composition (CDS, k=6)",ectonucleotide_pyrophosphatase,0.3760930459816874
22,"k-mer composition (CDS, k=6)",ferritin,0.7185878706376525
22,"k-mer composition (CDS, k=6)",flavin_monooxygenase,0.2360586101871931
22,"k-mer composition (CDS, k=6)",globins,0.6549569392724989
22,"k-mer composition (CDS, k=6)",glutamate_metabotropic,0.3142975473540467
22,"k-mer composition (CDS, k=6)",glutaredoxin,0.6497364090630234
22,"k-mer composition (CDS, k=6)",glutathione_peroxidase,0.6367890148814945
22,"k-mer composition (CDS, k=6)",glutathione_s_transferase,0.3858651492913978
22,"k-mer composition (CDS, k=6)",guanylate_binding_protein,0.4637022397891963
22,"k-mer composition (CDS, k=6)",heme_oxygenase,0.7498237611445158
22,"k-mer composition (CDS, k=6)",histamine_receptor,0.4678054026639323
22,"k-mer composition (CDS, k=6)",histone_deacetylase_classI,0.2790942403698686
22,"k-mer composition (CDS, k=6)",histone_h4,0.762159579550884
22,"k-mer composition (CDS, k=6)",hox,0.6795134162236877
22,"k-mer composition (CDS, k=6)",m14_carboxypeptidase,0.3677924181566355
22,"k-mer composition (CDS, k=6)",matrix_metalloproteinase,0.467744317219853
22,"k-mer composition (CDS, k=6)",metallothionein,0.4646116087837136
22,"k-mer composition (CDS, k=6)",muscarinic_receptor,0.6707838914838675
22,"k-mer composition (CDS, k=6)",nadph_oxidase,0.2382833865111558
22,"k-mer composition (CDS, k=6)",nitric_oxide_synthase,0.6392329897945892
22,"k-mer composition (CDS, k=6)",olfactory_receptors,0.5784404031942464
22,"k-mer composition (CDS, k=6)",opsins,0.5366558360601205
22,"k-mer composition (CDS, k=6)",p2y_receptor,0.5505471649135295
22,"k-mer composition (CDS, k=6)",peroxidase,0.3384702416450235
22,"k-mer composition (CDS, k=6)",peroxiredoxin,0.5092247312500492
22,"k-mer composition (CDS, k=6)",phosphodiesterase,0.3859262365081884
22,"k-mer composition (CDS, k=6)",rab_gtpase,0.4492941855646605
22,"k-mer composition (CDS, k=6)",ras_gtpases,0.5516265072611152
22,"k-mer composition (CDS, k=6)",rho_gtpase,0.5346500760497148
22,"k-mer composition (CDS, k=6)",serine_protease,0.3760612825817778
22,"k-mer composition (CDS, k=6)",serotonin_receptor,0.5628936705214491
22,"k-mer composition (CDS, k=6)",steap_metalloreductase,0.1789829974799144
22,"k-mer composition (CDS, k=6)",sulfotransferase,0.3257243240253867
22,"k-mer composition (CDS, k=6)",taste2_receptor,0.600452115971771
22,"k-mer composition (CDS, k=6)",udp_glucuronosyltransferase,0.2121152317676381
22,patristic tree,adam_metallopeptidase,0.3761213136635569
22,patristic tree,adamts_metallopeptidase,0.2498958312553577
22,patristic tree,adrenoceptor,0.7805315863836644
22,patristic tree,alcohol_dehydrogenase,0.4727828321411209
22,patristic tree,aldehyde_dehydrogenase,0.3310646276485807
22,patristic tree,aldo_keto_reductase,0.4290047281652792
22,patristic tree,alkaline_phosphatase,0.1180591853966467
22,patristic tree,arachidonate_lipoxygenase,0.5360049290711552
22,patristic tree,arf_gtpase,0.5111053050998577
22,patristic tree,carbonic_anhydrase,0.5023887640497403
22,patristic tree,cxc_chemokine_receptor,0.7934175915283204
22,patristic tree,cytochrome_p450,0.4296300451327684
22,patristic tree,dopamine_receptor,0.5956270438349833
22,patristic tree,ectonucleotide_pyrophosphatase,0.4095252607148509
22,patristic tree,ferritin,0.7933085630946592
22,patristic tree,flavin_monooxygenase,0.2588142865730073
22,patristic tree,globins,0.6318296830269442
22,patristic tree,glutamate_metabotropic,0.3759921899587571
22,patristic tree,glutaredoxin,0.7071770294378972
22,patristic tree,glutathione_peroxidase,0.4304505364490801
22,patristic tree,glutathione_s_transferase,0.3349262216729502
22,patristic tree,guanylate_binding_protein,0.5528985507246376
22,patristic tree,heme_oxygenase,0.7593924942981547
22,patristic tree,histamine_receptor,0.4461626339387541
22,patristic tree,histone_deacetylase_classI,0.3432380784943108
22,patristic tree,hox,0.6589566820075011
22,patristic tree,m14_carboxypeptidase,0.3863520534120773
22,patristic tree,matrix_metalloproteinase,0.44633721529698
22,patristic tree,metallothionein,0.4053233212933229
22,patristic tree,muscarinic_receptor,0.725893063069813
22,patristic tree,nadph_oxidase,0.2183454132144748
22,patristic tree,nitric_oxide_synthase,0.5991677715035723
22,patristic tree,olfactory_receptors,0.6159321091854218
22,patristic tree,opsins,0.4841262019951147
22,patristic tree,p2y_receptor,0.5253844867463385
22,patristic tree,peroxidase,0.3603056898558557
22,patristic tree,peroxiredoxin,0.4989382809688149
22,patristic tree,phosphodiesterase,0.3914834894146831
22,patristic tree,rab_gtpase,0.4864143938003712
22,patristic tree,ras_gtpases,0.5453451601100588
22,patristic tree,rho_gtpase,0.5517760298870749
22,patristic tree,serine_protease,0.3740892334186519
22,patristic tree,serotonin_receptor,0.541867725729584
22,patristic tree,steap_metalloreductase,0.194260562614909
22,patristic tree,sulfotransferase,0.3498905774201287
22,patristic tree,taste2_receptor,0.6107604659567913
22,patristic tree,udp_glucuronosyltransferase,0.3742748339005023
22,species tree (mammal),adam_metallopeptidase,0.2466701426902661
22,species tree (mammal),adamts_metallopeptidase,0.1802072365088656
22,species tree (mammal),adrenoceptor,0.5976489585420788
22,species tree (mammal),alcohol_dehydrogenase,0.2909854851031321
22,species tree (mammal),aldehyde_dehydrogenase,0.2090036248113511
22,species tree (mammal),aldo_keto_reductase,0.3497318784592411
22,species tree (mammal),alkaline_phosphatase,0.2146542827657378
22,species tree (mammal),arachidonate_lipoxygenase,0.4504683392109987
22,species tree (mammal),arf_gtpase,0.2668180696038736
22,species tree (mammal),carbonic_anhydrase,0.1892686600265629
22,species tree (mammal),cxc_chemokine_receptor,0.4766156054367175
22,species tree (mammal),cytochrome_p450,0.3242294318126176
22,species tree (mammal),dopamine_receptor,0.427912424483347
22,species tree (mammal),ectonucleotide_pyrophosphatase,0.2423369206446247
22,species tree (mammal),ferritin,0.2591795323950636
22,species tree (mammal),flavin_monooxygenase,0.2843014945129761
22,species tree (mammal),globins,0.3652037852962326
22,species tree (mammal),glutamate_metabotropic,0.1818965133751889
22,species tree (mammal),glutaredoxin,0.309787593451066
22,species tree (mammal),glutathione_peroxidase,0.3160903638476927
22,species tree (mammal),glutathione_s_transferase,0.1710933398283342
22,species tree (mammal),guanylate_binding_protein,0.3796442687747035
22,species tree (mammal),heme_oxygenase,0.3778042712004976
22,species tree (mammal),histamine_receptor,0.1737265867315614
22,species tree (mammal),histone_deacetylase_classI,0.1345116183309492
22,species tree (mammal),histone_h4,-0.0078834209268991
22,species tree (mammal),hox,0.4680164728737813
22,species tree (mammal),m14_carboxypeptidase,0.242595803063707
22,species tree (mammal),matrix_metalloproteinase,0.3495959632009082
22,species tree (mammal),metallothionein,0.3072264583957697
22,species tree (mammal),muscarinic_receptor,0.5243492956259339
22,species tree (mammal),nadph_oxidase,0.1228117007572502
22,species tree (mammal),nitric_oxide_synthase,0.4145788545142695
22,species tree (mammal),olfactory_receptors,0.3447025939841955
22,species tree (mammal),opsins,0.2206503890143496
22,species tree (mammal),p2y_receptor,0.421099925164091
22,species tree (mammal),peroxidase,0.333186163151777
22,species tree (mammal),peroxiredoxin,0.366076901757501
22,species tree (mammal),phosphodiesterase,0.2950644535634992
22,species tree (mammal),rab_gtpase,0.2340058017018586
22,species tree (mammal),ras_gtpases,0.2809768349466215
22,species tree (mammal),rho_gtpase,0.315807155874619
22,species tree (mammal),serine_protease,0.3497327087599582
22,species tree (mammal),serotonin_receptor,0.4929235358559016
22,species tree (mammal),steap_metalloreductase,0.1871636694539073
22,species tree (mammal),sulfotransferase,0.244149162448974
22,species tree (mammal),taste2_receptor,0.4292244962338469
22,species tree (mammal),udp_glucuronosyltransferase,0.4429678758555764
22,GC content (control),adam_metallopeptidase,0.282810454420596
22,GC content (control),adamts_metallopeptidase,0.2346969527410112
22,GC content (control),adrenoceptor,0.5593930250451205
22,GC content (control),alcohol_dehydrogenase,0.2009942410497506
22,GC content (control),aldehyde_dehydrogenase,0.1934201537273535
22,GC content (control),aldo_keto_reductase,0.3271345614087561
22,GC content (control),alkaline_phosphatase,0.2875799365827314
22,GC content (control),arachidonate_lipoxygenase,0.3411692974886929
22,GC content (control),arf_gtpase,0.4043311134763359
22,GC content (control),carbonic_anhydrase,0.2810991877663954
22,GC content (control),cxc_chemokine_receptor,0.58729742008024
22,GC content (control),cytochrome_p450,0.3093742360585789
22,GC content (control),dopamine_receptor,0.40226577200477
22,GC content (control),ectonucleotide_pyrophosphatase,0.2308084973857486
22,GC content (control),ferritin,0.4353514140512952
22,GC content (control),flavin_monooxygenase,0.2410723833742462
22,GC content (control),globins,0.513423502143981
22,GC content (control),glutamate_metabotropic,0.3078619502632692
22,GC content (control),glutaredoxin,0.4931274206728459
22,GC content (control),glutathione_peroxidase,0.4714937569787057
22,GC content (control),glutathione_s_transferase,0.2438502905111492
22,GC content (control),guanylate_binding_protein,0.3171504815848748
22,GC content (control),heme_oxygenase,0.4660868032760277
22,GC content (control),histamine_receptor,0.2511908063283241
22,GC content (control),histone_deacetylase_classI,0.18905160729039
22,GC content (control),histone_h4,0.8068538499982733
22,GC content (control),hox,0.4942963891351322
22,GC content (control),m14_carboxypeptidase,0.2242028406885736
22,GC content (control),matrix_metalloproteinase,0.3361053395700139
22,GC content (control),metallothionein,0.1313005826303369
22,GC content (control),muscarinic_receptor,0.5519363489644589
22,GC content (control),nadph_oxidase,0.1219279659461386
22,GC content (control),nitric_oxide_synthase,0.4777869708839475
22,GC content (control),olfactory_receptors,0.4209071461307298
22,GC content (control),opsins,0.2418884359926953
22,GC content (control),p2y_receptor,0.2948920153857658
22,GC content (control),peroxidase,0.2966531606341988
22,GC content (control),peroxiredoxin,0.3947512369230465
22,GC content (control),phosphodiesterase,0.2383853933598131
22,GC content (control),rab_gtpase,0.305680854148622
22,GC content (control),ras_gtpases,0.3311948401818991
22,GC content (control),rho_gtpase,0.3850944672501867
22,GC content (control),serine_protease,0.2944740638425866
22,GC content (control),serotonin_receptor,0.3527330153276389
22,GC content (control),steap_metalloreductase,0.304749201916061
22,GC content (control),sulfotransferase,0.2126556325639989
22,GC content (control),taste2_receptor,0.3807322278119689
22,GC content (control),udp_glucuronosyltransferase,0.0990895632943296
23,"k-mer composition (CDS, k=6)",adam_metallopeptidase,0.4299438763003421
23,"k-mer composition (CDS, k=6)",adamts_metallopeptidase,0.2822480818623618
23,"k-mer composition (CDS, k=6)",adrenoceptor,0.7014353270617089
23,"k-mer composition (CDS, k=6)",alcohol_dehydrogenase,0.385519827765817
23,"k-mer composition (CDS, k=6)",aldehyde_dehydrogenase,0.3090199065348054
23,"k-mer composition (CDS, k=6)",aldo_keto_reductase,0.4029713476068677
23,"k-mer composition (CDS, k=6)",alkaline_phosphatase,0.2907770763807915
23,"k-mer composition (CDS, k=6)",arachidonate_lipoxygenase,0.5192329551813742
23,"k-mer composition (CDS, k=6)",arf_gtpase,0.4928588572035493
23,"k-mer composition (CDS, k=6)",carbonic_anhydrase,0.3873428880929302
23,"k-mer composition (CDS, k=6)",cxc_chemokine_receptor,0.7963877547238777
23,"k-mer composition (CDS, k=6)",cytochrome_p450,0.4605399912628587
23,"k-mer composition (CDS, k=6)",dopamine_receptor,0.5903460468765653
23,"k-mer composition (CDS, k=6)",ectonucleotide_pyrophosphatase,0.4246856701256034
23,"k-mer composition (CDS, k=6)",ferritin,0.7826372632838938
23,"k-mer composition (CDS, k=6)",flavin_monooxygenase,0.2672768992850179
23,"k-mer composition (CDS, k=6)",globins,0.6690138093281185
23,"k-mer composition (CDS, k=6)",glutamate_metabotropic,0.3325657356957144
23,"k-mer composition (CDS, k=6)",glutaredoxin,0.6520424014491248
23,"k-mer composition (CDS, k=6)",glutathione_peroxidase,0.6590100262803699
23,"k-mer composition (CDS, k=6)",glutathione_s_transferase,0.4259388276119503
23,"k-mer composition (CDS, k=6)",guanylate_binding_protein,0.4686429512516469
23,"k-mer composition (CDS, k=6)",heme_oxygenase,0.7319821687746215
23,"k-mer composition (CDS, k=6)",histamine_receptor,0.4656732798567808
23,"k-mer composition (CDS, k=6)",histone_deacetylase_classI,0.299402709089503
23,"k-mer composition (CDS, k=6)",histone_h4,0.7777353081700908
23,"k-mer composition (CDS, k=6)",hox,0.6929586128552842
23,"k-mer composition (CDS, k=6)",m14_carboxypeptidase,0.3984872881765992
23,"k-mer composition (CDS, k=6)",matrix_metalloproteinase,0.4920739132248127
23,"k-mer composition (CDS, k=6)",metallothionein,0.537555429349186
23,"k-mer composition (CDS, k=6)",muscarinic_receptor,0.6927830248785632
23,"k-mer composition (CDS, k=6)",nadph_oxidase,0.231610519814501
23,"k-mer composition (CDS, k=6)",nitric_oxide_synthase,0.660677717372336
23,"k-mer composition (CDS, k=6)",olfactory_receptors,0.5845577670926513
23,"k-mer composition (CDS, k=6)",opsins,0.5328259168201009
23,"k-mer composition (CDS, k=6)",p2y_receptor,0.58910357040828
23,"k-mer composition (CDS, k=6)",peroxidase,0.3504949823648046
23,"k-mer composition (CDS, k=6)",peroxiredoxin,0.5087794550486919
23,"k-mer composition (CDS, k=6)",phosphodiesterase,0.4029924685758642
23,"k-mer composition (CDS, k=6)",rab_gtpase,0.4573859109202508
23,"k-mer composition (CDS, k=6)",ras_gtpases,0.5698469380010057
23,"k-mer composition (CDS, k=6)",rho_gtpase,0.5590648005702701
23,"k-mer composition (CDS, k=6)",serine_protease,0.3860182914854551
23,"k-mer composition (CDS, k=6)",serotonin_receptor,0.571871237458921
23,"k-mer composition (CDS, k=6)",steap_metalloreductase,0.1794952803181838
23,"k-mer composition (CDS, k=6)",sulfotransferase,0.3449148438702731
23,"k-mer composition (CDS, k=6)",taste2_receptor,0.6042863285662715
23,"k-mer composition (CDS, k=6)",udp_glucuronosyltransferase,0.2296459630684229
23,patristic tree,adam_metallopeptidase,0.3938446527931614
23,patristic tree,adamts_metallopeptidase,0.2724867819873544
23,patristic tree,adrenoceptor,0.7858429093824947
23,patristic tree,alcohol_dehydrogenase,0.4752691159108271
23,patristic tree,aldehyde_dehydrogenase,0.3611594496256699
23,patristic tree,aldo_keto_reductase,0.4164718742209582
23,patristic tree,alkaline_phosphatase,0.1350803479286451
23,patristic tree,arachidonate_lipoxygenase,0.5467572048442845
23,patristic tree,arf_gtpase,0.5201994172822901
23,patristic tree,carbonic_anhydrase,0.5088127276071267
23,patristic tree,cxc_chemokine_receptor,0.7943536171316743
23,patristic tree,cytochrome_p450,0.4528835546259908
23,patristic tree,dopamine_receptor,0.5945889655228568
23,patristic tree,ectonucleotide_pyrophosphatase,0.4673369859179575
23,patristic tree,ferritin,0.8451900343320943
23,patristic tree,flavin_monooxygenase,0.291489744577679
23,patristic tree,globins,0.644779662389227
23,patristic tree,glutamate_metabotropic,0.39790354574686
23,patristic tree,glutaredoxin,0.7054692763584756
23,patristic tree,glutathione_peroxidase,0.4484778758841686
23,patristic tree,glutathione_s_transferase,0.3695268082006225
23,patristic tree,guanylate_binding_protein,0.5546113306982872
23,patristic tree,heme_oxygenase,0.7889487870619946
23,patristic tree,histamine_receptor,0.4315113609499828
23,patristic tree,histone_deacetylase_classI,0.3603937658744822
23,patristic tree,hox,0.6666799147620536
23,patristic tree,m14_carboxypeptidase,0.4185515276986076
23,patristic tree,matrix_metalloproteinase,0.4678527709701991
23,patristic tree,metallothionein,0.4130719142764061
23,patristic tree,muscarinic_receptor,0.7399586653048622
23,patristic tree,nadph_oxidase,0.2156549543960577
23,patristic tree,nitric_oxide_synthase,0.6177173338433969
23,patristic tree,olfactory_receptors,0.6180150614049458
23,patristic tree,opsins,0.4759944782420782
23,patristic tree,p2y_receptor,0.553648786492536
23,patristic tree,peroxidase,0.377140538255334
23,patristic tree,peroxiredoxin,0.493070574675808
23,patristic tree,phosphodiesterase,0.408190119983918
23,patristic tree,rab_gtpase,0.4897903731597121
23,patristic tree,ras_gtpases,0.5555832046742663
23,patristic tree,rho_gtpase,0.5612186023572601
23,patristic tree,serine_protease,0.3838543959667889
23,patristic tree,serotonin_receptor,0.5552696253148096
23,patristic tree,steap_metalloreductase,0.1892427453418447
23,patristic tree,sulfotransferase,0.3755154655386729
23,patristic tree,taste2_receptor,0.6178538858739823
23,patristic tree,udp_glucuronosyltransferase,0.3921489532452099
23,species tree (mammal),adam_metallopeptidase,0.2513950954589359
23,species tree (mammal),adamts_metallopeptidase,0.1910581550994146
23,species tree (mammal),adrenoceptor,0.5997637591374625
23,species tree (mammal),alcohol_dehydrogenase,0.2633794013473157
23,species tree (mammal),aldehyde_dehydrogenase,0.2394492612442995
23,species tree (mammal),aldo_keto_reductase,0.3718596210056352
23,species tree (mammal),alkaline_phosphatase,0.2771836007130124
23,species tree (mammal),arachidonate_lipoxygenase,0.4569923466119798
23,species tree (mammal),arf_gtpase,0.2721111633925191
23,species tree (mammal),carbonic_anhydrase,0.1927002696272557
23,species tree (mammal),cxc_chemokine_receptor,0.4788413627305574
23,species tree (mammal),cytochrome_p450,0.3485429423655228
23,species tree (mammal),dopamine_receptor,0.4416080254857192
23,species tree (mammal),ectonucleotide_pyrophosphatase,0.2870829381915651
23,species tree (mammal),ferritin,0.3098199250954423
23,species tree (mammal),flavin_monooxygenase,0.3088702664786916
23,species tree (mammal),globins,0.3669401178064785
23,species tree (mammal),glutamate_metabotropic,0.1979194584099723
23,species tree (mammal),glutaredoxin,0.3072134571290855
23,species tree (mammal),glutathione_peroxidase,0.3223993529079548
23,species tree (mammal),glutathione_s_transferase,0.1827904808648665
23,species tree (mammal),guanylate_binding_protein,0.3888010540184453
23,species tree (mammal),heme_oxygenase,0.376954177897574
23,species tree (mammal),histamine_receptor,0.1878126768479364
23,species tree (mammal),histone_deacetylase_classI,0.1457448079119706
23,species tree (mammal),histone_h4,-0.0033285555024685
23,species tree (mammal),hox,0.4810653306866752
23,species tree (mammal),m14_carboxypeptidase,0.2547469505458197
23,species tree (mammal),matrix_metalloproteinase,0.3593921151632649
23,species tree (mammal),metallothionein,0.3493749158207358
23,species tree (mammal),muscarinic_receptor,0.5338955922182835
23,species tree (mammal),nadph_oxidase,0.1349132305704457
23,species tree (mammal),nitric_oxide_synthase,0.438008225896827
23,species tree (mammal),olfactory_receptors,0.3481148945392983
23,species tree (mammal),opsins,0.213982818567062
23,species tree (mammal),p2y_receptor,0.4538721868058351
23,species tree (mammal),peroxidase,0.3443174564679967
23,species tree (mammal),peroxiredoxin,0.3796900056678037
23,species tree (mammal),phosphodiesterase,0.3045747503460818
23,species tree (mammal),rab_gtpase,0.2436347528273739
23,species tree (mammal),ras_gtpases,0.2988521460789531
23,species tree (mammal),rho_gtpase,0.3282173747256475
23,species tree (mammal),serine_protease,0.3614514278107106
23,species tree (mammal),serotonin_receptor,0.4823245197564582
23,species tree (mammal),steap_metalloreductase,0.2161391811178024
23,species tree (mammal),sulfotransferase,0.2515310436025951
23,species tree (mammal),taste2_receptor,0.4424015538929344
23,species tree (mammal),udp_glucuronosyltransferase,0.4601440300638161
23,GC content (control),adam_metallopeptidase,0.2941709843843469
23,GC content (control),adamts_metallopeptidase,0.2547016144091454
23,GC content (control),adrenoceptor,0.5801099357005626
23,GC content (control),alcohol_dehydrogenase,0.2102351559990126
23,GC content (control),aldehyde_dehydrogenase,0.2284608777461161
23,GC content (control),aldo_keto_reductase,0.3320736145158807
23,GC content (control),alkaline_phosphatase,0.3306404461635049
23,GC content (control),arachidonate_lipoxygenase,0.3675100141255121
23,GC content (control),arf_gtpase,0.408542005489256
23,GC content (control),carbonic_anhydrase,0.2786896453234359
23,GC content (control),cxc_chemokine_receptor,0.6253020299905376
23,GC content (control),cytochrome_p450,0.3299648500568245
23,GC content (control),dopamine_receptor,0.409982001858476
23,GC content (control),ectonucleotide_pyrophosphatase,0.2578829541489285
23,GC content (control),ferritin,0.520027091052657
23,GC content (control),flavin_monooxygenase,0.2607162547823573
23,GC content (control),globins,0.5153984246899489
23,GC content (control),glutamate_metabotropic,0.335141613990048
23,GC content (control),glutaredoxin,0.4937820302079162
23,GC content (control),glutathione_peroxidase,0.488271785511341
23,GC content (control),glutathione_s_transferase,0.2601837668901624
23,GC content (control),guanylate_binding_protein,0.3236087022578241
23,GC content (control),heme_oxygenase,0.4470062565178055
23,GC content (control),histamine_receptor,0.2630974589628205
23,GC content (control),histone_deacetylase_classI,0.2004100914347043
23,GC content (control),histone_h4,0.8515679602828705
23,GC content (control),hox,0.5093438265823889
23,GC content (control),m14_carboxypeptidase,0.2386233404888426
23,GC content (control),matrix_metalloproteinase,0.3567700547576383
23,GC content (control),metallothionein,0.1420406306703179
23,GC content (control),muscarinic_receptor,0.5735030134427501
23,GC content (control),nadph_oxidase,0.1079891746081834
23,GC content (control),nitric_oxide_synthase,0.5019453240261016
23,GC content (control),olfactory_receptors,0.429432648114017
23,GC content (control),opsins,0.2422570154156871
23,GC content (control),p2y_receptor,0.310572522795331
23,GC content (control),peroxidase,0.2906898302639337
23,GC content (control),peroxiredoxin,0.3939101288220911
23,GC content (control),phosphodiesterase,0.2427657340067734
23,GC content (control),rab_gtpase,0.3081464030136007
23,GC content (control),ras_gtpases,0.3405246455396138
23,GC content (control),rho_gtpase,0.4005278431376675
23,GC content (control),serine_protease,0.3089754421029561
23,GC content (control),serotonin_receptor,0.3705481248020776
23,GC content (control),steap_metalloreductase,0.2829702586354042
23,GC content (control),sulfotransferase,0.2381423309301027
23,GC content (control),taste2_receptor,0.3910337879547541
23,GC content (control),udp_glucuronosyltransferase,0.1020859789676156
24,"k-mer composition (CDS, k=6)",adam_metallopeptidase,0.5481443886036929
24,"k-mer composition (CDS, k=6)",adamts_metallopeptidase,0.4742897305552011
24,"k-mer composition (CDS, k=6)",adrenoceptor,0.7498302798149079
24,"k-mer composition (CDS, k=6)",alcohol_dehydrogenase,0.5386415723314117
24,"k-mer composition (CDS, k=6)",aldehyde_dehydrogenase,0.4523371333569602
24,"k-mer composition (CDS, k=6)",aldo_keto_reductase,0.5400577209318004
24,"k-mer composition (CDS, k=6)",alkaline_phosphatase,0.3697110423116614
24,"k-mer composition (CDS, k=6)",arachidonate_lipoxygenase,0.6386839625759252
24,"k-mer composition (CDS, k=6)",arf_gtpase,0.5752419295766735
24,"k-mer composition (CDS, k=6)",carbonic_anhydrase,0.5108742751571461
24,"k-mer composition (CDS, k=6)",cxc_chemokine_receptor,0.80614108166325
24,"k-mer composition (CDS, k=6)",cytochrome_p450,0.583850040406543
24,"k-mer composition (CDS, k=6)",dopamine_receptor,0.6703542480115467
24,"k-mer composition (CDS, k=6)",ectonucleotide_pyrophosphatase,0.5717038111849355
24,"k-mer composition (CDS, k=6)",ferritin,0.7791971220434477
24,"k-mer composition (CDS, k=6)",flavin_monooxygenase,0.4278586661878203
24,"k-mer composition (CDS, k=6)",globins,0.7494557126806649
24,"k-mer composition (CDS, k=6)",glutamate_metabotropic,0.5404136732778289
24,"k-mer composition (CDS, k=6)",glutaredoxin,0.7124178934514801
24,"k-mer composition (CDS, k=6)",glutathione_peroxidase,0.7516401750083451
24,"k-mer composition (CDS, k=6)",glutathione_s_transferase,0.5042661126209954
24,"k-mer composition (CDS, k=6)",guanylate_binding_protein,0.5118577075098814
24,"k-mer composition (CDS, k=6)",heme_oxygenase,0.8094754302301472
24,"k-mer composition (CDS, k=6)",histamine_receptor,0.6720438578938069
24,"k-mer composition (CDS, k=6)",histone_deacetylase_classI,0.5052260761489054
24,"k-mer composition (CDS, k=6)",histone_h4,0.7931995540691194
24,"k-mer composition (CDS, k=6)",hox,0.7119071001392978
24,"k-mer composition (CDS, k=6)",m14_carboxypeptidase,0.5855396800265928
24,"k-mer composition (CDS, k=6)",matrix_metalloproteinase,0.6007391142072199
24,"k-mer composition (CDS, k=6)",metallothionein,0.5408063243204033
24,"k-mer composition (CDS, k=6)",muscarinic_receptor,0.8330510220395686
24,"k-mer composition (CDS, k=6)",nadph_oxidase,0.4278935639515649
24,"k-mer composition (CDS, k=6)",nitric_oxide_synthase,0.7096423492722342
24,"k-mer composition (CDS, k=6)",olfactory_receptors,0.6299506363539872
24,"k-mer composition (CDS, k=6)",opsins,0.6131634268210379
24,"k-mer composition (CDS, k=6)",p2y_receptor,0.7032818241956733
24,"k-mer composition (CDS, k=6)",peroxidase,0.4853293614285549
24,"k-mer composition (CDS, k=6)",peroxiredoxin,0.6150971900481874
24,"k-mer composition (CDS, k=6)",phosphodiesterase,0.532164126901889
24,"k-mer composition (CDS, k=6)",rab_gtpase,0.5697894018935016
24,"k-mer composition (CDS, k=6)",ras_gtpases,0.6598696385969127
24,"k-mer composition (CDS, k=6)",rho_gtpase,0.6566578898488187
24,"k-mer composition (CDS, k=6)",serine_protease,0.5434654664303123
24,"k-mer composition (CDS, k=6)",serotonin_receptor,0.6686119028293004
24,"k-mer composition (CDS, k=6)",steap_metalloreductase,0.4382284642612605
24,"k-mer composition (CDS, k=6)",sulfotransferase,0.4647129976707643
24,"k-mer composition (CDS, k=6)",taste2_receptor,0.62791183596811
24,"k-mer composition (CDS, k=6)",udp_glucuronosyltransferase,0.3411270844425925
24,patristic tree,adam_metallopeptidase,0.5258643315052689
24,patristic tree,adamts_metallopeptidase,0.4510902811123983
24,patristic tree,adrenoceptor,0.8056354333977668
24,patristic tree,alcohol_dehydrogenase,0.5156816445586498
24,patristic tree,aldehyde_dehydrogenase,0.4599097649146904
24,patristic tree,aldo_keto_reductase,0.4521140901537398
24,patristic tree,alkaline_phosphatase,0.1924463565330438
24,patristic tree,arachidonate_lipoxygenase,0.6211283356586251
24,patristic tree,arf_gtpase,0.523788554724681
24,patristic tree,carbonic_anhydrase,0.5589380981582502
24,patristic tree,cxc_chemokine_receptor,0.7650786770521899
24,patristic tree,cytochrome_p450,0.5527221847427115
24,patristic tree,dopamine_receptor,0.6674135635187104
24,patristic tree,ectonucleotide_pyrophosphatase,0.5835562596634004
24,patristic tree,ferritin,0.7475196043203483
24,patristic tree,flavin_monooxygenase,0.4229240702605222
24,patristic tree,globins,0.7157590191386359
24,patristic tree,glutamate_metabotropic,0.5023021776044154
24,patristic tree,glutaredoxin,0.7463275587965007
24,patristic tree,glutathione_peroxidase,0.5089350092419693
24,patristic tree,glutathione_s_transferase,0.4091284485206237
24,patristic tree,guanylate_binding_protein,0.600197628458498
24,patristic tree,heme_oxygenase,0.8040742276591333
24,patristic tree,histamine_receptor,0.5908050515160056
24,patristic tree,histone_deacetylase_classI,0.3196632103249197
24,patristic tree,hox,0.6794461587523825
24,patristic tree,m14_carboxypeptidase,0.5656861740287229
24,patristic tree,matrix_metalloproteinase,0.5635272945381872
24,patristic tree,metallothionein,0.4013182233799772
24,patristic tree,muscarinic_receptor,0.8107323956583674
24,patristic tree,nadph_oxidase,0.3687730647047333
24,patristic tree,nitric_oxide_synthase,0.6889878258851244
24,patristic tree,olfactory_receptors,0.6525074995260094
24,patristic tree,opsins,0.5475117260787868
24,patristic tree,p2y_receptor,0.6555563149566479
24,patristic tree,peroxidase,0.4641769454373622
24,patristic tree,peroxiredoxin,0.5854620362569072
24,patristic tree,phosphodiesterase,0.4754285224545081
24,patristic tree,rab_gtpase,0.5279115953267048
24,patristic tree,ras_gtpases,0.5512557817934188
24,patristic tree,rho_gtpase,0.5689856639508714
24,patristic tree,serine_protease,0.5074737524463981
24,patristic tree,serotonin_receptor,0.616781225924928
24,patristic tree,steap_metalloreductase,0.2962955634593738
24,patristic tree,sulfotransferase,0.4729927504175996
24,patristic tree,taste2_receptor,0.6418731197438045
24,patristic tree,udp_glucuronosyltransferase,0.471296617820682
24,species tree (mammal),adam_metallopeptidase,0.3349275066958883
24,species tree (mammal),adamts_metallopeptidase,0.3047002513494115
24,species tree (mammal),adrenoceptor,0.6350335836356613
24,species tree (mammal),alcohol_dehydrogenase,0.4065351760538925
24,species tree (mammal),aldehyde_dehydrogenase,0.3355480723889237
24,species tree (mammal),aldo_keto_reductase,0.4609433117060352
24,species tree (mammal),alkaline_phosphatase,0.3639881790036588
24,species tree (mammal),arachidonate_lipoxygenase,0.523275565518561
24,species tree (mammal),arf_gtpase,0.3564547257587672
24,species tree (mammal),carbonic_anhydrase,0.3069091724399359
24,species tree (mammal),cxc_chemokine_receptor,0.5150358600375832
24,species tree (mammal),cytochrome_p450,0.4303855200601637
24,species tree (mammal),dopamine_receptor,0.4961440838307653
24,species tree (mammal),ectonucleotide_pyrophosphatase,0.396840389093084
24,species tree (mammal),ferritin,0.4192034772946188
24,species tree (mammal),flavin_monooxygenase,0.3919124111838341
24,species tree (mammal),globins,0.4798401333566067
24,species tree (mammal),glutamate_metabotropic,0.3220203317261081
24,species tree (mammal),glutaredoxin,0.3502448821635734
24,species tree (mammal),glutathione_peroxidase,0.4414579123869236
24,species tree (mammal),glutathione_s_transferase,0.2512811381257612
24,species tree (mammal),guanylate_binding_protein,0.4656126482213438
24,species tree (mammal),heme_oxygenase,0.4407422765913332
24,species tree (mammal),histamine_receptor,0.2579844926469267
24,species tree (mammal),histone_deacetylase_classI,0.3028057982409909
24,species tree (mammal),histone_h4,0.0652014652014651
24,species tree (mammal),hox,0.5124743385717264
24,species tree (mammal),m14_carboxypeptidase,0.3990763579987483
24,species tree (mammal),matrix_metalloproteinase,0.4290349782565161
24,species tree (mammal),metallothionein,0.3932825701652531
24,species tree (mammal),muscarinic_receptor,0.6615766802304036
24,species tree (mammal),nadph_oxidase,0.2423155783144057
24,species tree (mammal),nitric_oxide_synthase,0.4839747960960885
24,species tree (mammal),olfactory_receptors,0.3705926436103443
24,species tree (mammal),opsins,0.2680860423466136
24,species tree (mammal),p2y_receptor,0.5117684994613012
24,species tree (mammal),peroxidase,0.4361297550453071
24,species tree (mammal),peroxiredoxin,0.478727636719312
24,species tree (mammal),phosphodiesterase,0.3896452771266828
24,species tree (mammal),rab_gtpase,0.3560499100778546
24,species tree (mammal),ras_gtpases,0.3893841487427295
24,species tree (mammal),rho_gtpase,0.4101379661348384
24,species tree (mammal),serine_protease,0.4494002037239593
24,species tree (mammal),serotonin_receptor,0.5536613674139227
24,species tree (mammal),steap_metalloreductase,0.44673455238624
24,species tree (mammal),sulfotransferase,0.3506519611172001
24,species tree (mammal),taste2_receptor,0.4740386983959359
24,species tree (mammal),udp_glucuronosyltransferase,0.5084650940265913
24,GC content (control),adam_metallopeptidase,0.3702410229851502
24,GC content (control),adamts_metallopeptidase,0.3849402213939551
24,GC content (control),adrenoceptor,0.6608960662679763
24,GC content (control),alcohol_dehydrogenase,0.2102872468386364
24,GC content (control),aldehyde_dehydrogenase,0.3015220808536931
24,GC content (control),aldo_keto_reductase,0.4110128828468891
24,GC content (control),alkaline_phosphatase,0.3500362721465652
24,GC content (control),arachidonate_lipoxygenase,0.4922954844497618
24,GC content (control),arf_gtpase,0.4639717431938981
24,GC content (control),carbonic_anhydrase,0.3431179547738502
24,GC content (control),cxc_chemokine_receptor,0.7019680423304427
24,GC content (control),cytochrome_p450,0.4227610347225789
24,GC content (control),dopamine_receptor,0.4655833187972341
24,GC content (control),ectonucleotide_pyrophosphatase,0.365806427741912
24,GC content (control),ferritin,0.7137073555394408
24,GC content (control),flavin_monooxygenase,0.3787959192586209
24,GC content (control),globins,0.5736977151831925
24,GC content (control),glutamate_metabotropic,0.443303292479119
24,GC content (control),glutaredoxin,0.5329915159610572
24,GC content (control),glutathione_peroxidase,0.5473671758379317
24,GC content (control),glutathione_s_transferase,0.2906516612522072
24,GC content (control),guanylate_binding_protein,0.3754997871623188
24,GC content (control),heme_oxygenase,0.4588817068364926
24,GC content (control),histamine_receptor,0.4082100432403005
24,GC content (control),histone_deacetylase_classI,0.3336502641511212
24,GC content (control),histone_h4,0.8280795074819096
24,GC content (control),hox,0.5300061917461848
24,GC content (control),m14_carboxypeptidase,0.3769783105007509
24,GC content (control),matrix_metalloproteinase,0.4350424095885793
24,GC content (control),metallothionein,0.1858972505970745
24,GC content (control),muscarinic_receptor,0.6662610147369327
24,GC content (control),nadph_oxidase,0.2149183874436209
24,GC content (control),nitric_oxide_synthase,0.5700837958500448
24,GC content (control),olfactory_receptors,0.4906442261422278
24,GC content (control),opsins,0.3381794725107025
24,GC content (control),p2y_receptor,0.4069281845882644
24,GC content (control),peroxidase,0.4313784769083358
24,GC content (control),peroxiredoxin,0.4098530225209857
24,GC content (control),phosphodiesterase,0.3290401687029992
24,GC content (control),rab_gtpase,0.3577581380247948
24,GC content (control),ras_gtpases,0.3862432682002035
24,GC content (control),rho_gtpase,0.4937999727103872
24,GC content (control),serine_protease,0.3869448654614381
24,GC content (control),serotonin_receptor,0.4621096415127854
24,GC content (control),steap_metalloreductase,0.3308502191647941
24,GC content (control),sulfotransferase,0.3309529542499472
24,GC content (control),taste2_receptor,0.390872694912834
24,GC content (control),udp_glucuronosyltransferase,0.1743201783209043
25,"k-mer composition (CDS, k=6)",adam_metallopeptidase,0.5450485403453418
25,"k-mer composition (CDS, k=6)",adamts_metallopeptidase,0.4886411961799894
25,"k-mer composition (CDS, k=6)",adrenoceptor,0.7469853567655381
25,"k-mer composition (CDS, k=6)",alcohol_dehydrogenase,0.5245234469822596
25,"k-mer composition (CDS, k=6)",aldehyde_dehydrogenase,0.4605751544762911
25,"k-mer composition (CDS, k=6)",aldo_keto_reductase,0.5093898939256579
25,"k-mer composition (CDS, k=6)",alkaline_phosphatase,0.3648626914880785
25,"k-mer composition (CDS, k=6)",arachidonate_lipoxygenase,0.638225519677076
25,"k-mer composition (CDS, k=6)",arf_gtpase,0.5700051350905476
25,"k-mer composition (CDS, k=6)",carbonic_anhydrase,0.5092793651524639
25,"k-mer composition (CDS, k=6)",cxc_chemokine_receptor,0.7936311172751921
25,"k-mer composition (CDS, k=6)",cytochrome_p450,0.589970755446565
25,"k-mer composition (CDS, k=6)",dopamine_receptor,0.6352860965747523
25,"k-mer composition (CDS, k=6)",ectonucleotide_pyrophosphatase,0.5831200378684311
25,"k-mer composition (CDS, k=6)",ferritin,0.806675234422934
25,"k-mer composition (CDS, k=6)",flavin_monooxygenase,0.4368848888336495
25,"k-mer composition (CDS, k=6)",globins,0.7357057951976564
25,"k-mer composition (CDS, k=6)",glutamate_metabotropic,0.5324534986486259
25,"k-mer composition (CDS, k=6)",glutaredoxin,0.7193432645123213
25,"k-mer composition (CDS, k=6)",glutathione_peroxidase,0.7560049409159113
25,"k-mer composition (CDS, k=6)",glutathione_s_transferase,0.4989870680205476
25,"k-mer composition (CDS, k=6)",guanylate_binding_protein,0.5214097496706191
25,"k-mer composition (CDS, k=6)",heme_oxygenase,0.8023636740617872
25,"k-mer composition (CDS, k=6)",histamine_receptor,0.6902810836403015
25,"k-mer composition (CDS, k=6)",histone_deacetylase_classI,0.4938119248707897
25,"k-mer composition (CDS, k=6)",histone_h4,0.8011148272017838
25,"k-mer composition (CDS, k=6)",hox,0.7184785064651957
25,"k-mer composition (CDS, k=6)",m14_carboxypeptidase,0.5925218744687716
25,"k-mer composition (CDS, k=6)",matrix_metalloproteinase,0.6026723614226083
25,"k-mer composition (CDS, k=6)",metallothionein,0.5564831026073928
25,"k-mer composition (CDS, k=6)",muscarinic_receptor,0.8164176087833204
25,"k-mer composition (CDS, k=6)",nadph_oxidase,0.431491841968779
25,"k-mer composition (CDS, k=6)",nitric_oxide_synthase,0.7078335308358733
25,"k-mer composition (CDS, k=6)",olfactory_receptors,0.6248818371329886
25,"k-mer composition (CDS, k=6)",opsins,0.6067598988046797
25,"k-mer composition (CDS, k=6)",p2y_receptor,0.7053787879574013
25,"k-mer composition (CDS, k=6)",peroxidase,0.4971938027830782
25,"k-mer composition (CDS, k=6)",peroxiredoxin,0.5988638640195998
25,"k-mer composition (CDS, k=6)",phosphodiesterase,0.5256412776770087
25,"k-mer composition (CDS, k=6)",rab_gtpase,0.5645062253625619
25,"k-mer composition (CDS, k=6)",ras_gtpases,0.6572954004514161
25,"k-mer composition (CDS, k=6)",rho_gtpase,0.6559887098845746
25,"k-mer composition (CDS, k=6)",serine_protease,0.5562757608349156
25,"k-mer composition (CDS, k=6)",serotonin_receptor,0.6671380750216478
25,"k-mer composition (CDS, k=6)",steap_metalloreductase,0.4468089867065879
25,"k-mer composition (CDS, k=6)",sulfotransferase,0.4704009029750464
25,"k-mer composition (CDS, k=6)",taste2_receptor,0.6284296294503664
25,"k-mer composition (CDS, k=6)",udp_glucuronosyltransferase,0.3823757051029778
25,patristic tree,adam_metallopeptidase,0.5250532104509494
25,patristic tree,adamts_metallopeptidase,0.4670333306367996
25,patristic tree,adrenoceptor,0.8070258738909156
25,patristic tree,alcohol_dehydrogenase,0.5201481355451544
25,patristic tree,aldehyde_dehydrogenase,0.4655721845038334
25,patristic tree,aldo_keto_reductase,0.4357499725969859
25,patristic tree,alkaline_phosphatase,0.1863917815930199
25,patristic tree,arachidonate_lipoxygenase,0.6225502833640292
25,patristic tree,arf_gtpase,0.516988573993044
25,patristic tree,carbonic_anhydrase,0.5549459456049671
25,patristic tree,cxc_chemokine_receptor,0.758531963261141
25,patristic tree,cytochrome_p450,0.5610030135672458
25,patristic tree,dopamine_receptor,0.6406226624068843
25,patristic tree,ectonucleotide_pyrophosphatase,0.5983911002545199
25,patristic tree,ferritin,0.777924946478771
25,patristic tree,flavin_monooxygenase,0.4359979835044296
25,patristic tree,globins,0.7081436413990724
25,patristic tree,glutamate_metabotropic,0.5066792263889688
25,patristic tree,glutaredoxin,0.7516453885741581
25,patristic tree,glutathione_peroxidase,0.51908734418841
25,patristic tree,glutathione_s_transferase,0.415705618182472
25,patristic tree,guanylate_binding_protein,0.6101449275362318
25,patristic tree,heme_oxygenase,0.8060854240099523
25,patristic tree,histamine_receptor,0.6002570823932492
25,patristic tree,histone_deacetylase_classI,0.3167213457211894
25,patristic tree,hox,0.6869817685806776
25,patristic tree,m14_carboxypeptidase,0.5755160863746105
25,patristic tree,matrix_metalloproteinase,0.5678577117899758
25,patristic tree,metallothionein,0.4032280315340402
25,patristic tree,muscarinic_receptor,0.8066908974752778
25,patristic tree,nadph_oxidase,0.3743611005845171
25,patristic tree,nitric_oxide_synthase,0.6875290341488246
25,patristic tree,olfactory_receptors,0.6479567201835933
25,patristic tree,opsins,0.5466993736864771
25,patristic tree,p2y_receptor,0.6538505499504664
25,patristic tree,peroxidase,0.4845691635465127
25,patristic tree,peroxiredoxin,0.5663552374600964
25,patristic tree,phosphodiesterase,0.4706521903349365
25,patristic tree,rab_gtpase,0.5300171710584355
25,patristic tree,ras_gtpases,0.5569834272439798
25,patristic tree,rho_gtpase,0.5757926541073489
25,patristic tree,serine_protease,0.5198694779730687
25,patristic tree,serotonin_receptor,0.6122914419833898
25,patristic tree,steap_metalloreductase,0.3111536415695018
25,patristic tree,sulfotransferase,0.4777763314147487
25,patristic tree,taste2_receptor,0.6408767737425006
25,patristic tree,udp_glucuronosyltransferase,0.5038515406162465
25,species tree (mammal),adam_metallopeptidase,0.3330687583358662
25,species tree (mammal),adamts_metallopeptidase,0.3125306577241531
25,species tree (mammal),adrenoceptor,0.6365628697681618
25,species tree (mammal),alcohol_dehydrogenase,0.403171059051686
25,species tree (mammal),aldehyde_dehydrogenase,0.3445749548153029
25,species tree (mammal),aldo_keto_reductase,0.4476051878215183
25,species tree (mammal),alkaline_phosphatase,0.3754674118451208
25,species tree (mammal),arachidonate_lipoxygenase,0.5332995446116581
25,species tree (mammal),arf_gtpase,0.357770295177969
25,species tree (mammal),carbonic_anhydrase,0.306302035221892
25,species tree (mammal),cxc_chemokine_receptor,0.5125570035116181
25,species tree (mammal),cytochrome_p450,0.4359408450389698
25,species tree (mammal),dopamine_receptor,0.4898473334105094
25,species tree (mammal),ectonucleotide_pyrophosphatase,0.4040129754559206
25,species tree (mammal),ferritin,0.4351202931765591
25,species tree (mammal),flavin_monooxygenase,0.3912692091959682
25,species tree (mammal),globins,0.4760762043697715
25,species tree (mammal),glutamate_metabotropic,0.3142025123609684
25,species tree (mammal),glutaredoxin,0.3479635427664889
25,species tree (mammal),glutathione_peroxidase,0.4395996772872176
25,species tree (mammal),glutathione_s_transferase,0.2605324027378964
25,species tree (mammal),guanylate_binding_protein,0.4918972332015809
25,species tree (mammal),heme_oxygenase,0.4329981339415301
25,species tree (mammal),histamine_receptor,0.2684603852616504
25,species tree (mammal),histone_deacetylase_classI,0.3053208824256084
25,species tree (mammal),histone_h4,0.0617455008759356
25,species tree (mammal),hox,0.5188053304077214
25,species tree (mammal),m14_carboxypeptidase,0.3987571781380298
25,species tree (mammal),matrix_metalloproteinase,0.4310783466698057
25,species tree (mammal),metallothionein,0.3800758463140513
25,species tree (mammal),muscarinic_receptor,0.6651044961414904
25,species tree (mammal),nadph_oxidase,0.241707712875879
25,species tree (mammal),nitric_oxide_synthase,0.4942752513375354
25,species tree (mammal),olfactory_receptors,0.3686154055926042
25,species tree (mammal),opsins,0.2560486580433233
25,species tree (mammal),p2y_receptor,0.5226548712460287
25,species tree (mammal),peroxidase,0.4536906738354382
25,species tree (mammal),peroxiredoxin,0.4817448806741765
25,species tree (mammal),phosphodiesterase,0.3830727854129184
25,species tree (mammal),rab_gtpase,0.3537760053841823
25,species tree (mammal),ras_gtpases,0.3902054661105644
25,species tree (mammal),rho_gtpase,0.4119536209380774
25,species tree (mammal),serine_protease,0.4562762376109444
25,species tree (mammal),serotonin_receptor,0.5526722942346898
25,species tree (mammal),steap_metalloreductase,0.4593637188044817
25,species tree (mammal),sulfotransferase,0.3544435202161014
25,species tree (mammal),taste2_receptor,0.4869444248221906
25,species tree (mammal),udp_glucuronosyltransferase,0.5293735676088618
25,GC content (control),adam_metallopeptidase,0.3663453332439209
25,GC content (control),adamts_metallopeptidase,0.3898342692431536
25,GC content (control),adrenoceptor,0.6616158365642064
25,GC content (control),alcohol_dehydrogenase,0.1834382102267183
25,GC content (control),aldehyde_dehydrogenase,0.3048763186327705
25,GC content (control),aldo_keto_reductase,0.3857699209657056
25,GC content (control),alkaline_phosphatase,0.3569220668075635
25,GC content (control),arachidonate_lipoxygenase,0.4817864200218255
25,GC content (control),arf_gtpase,0.4528382241005425
25,GC content (control),carbonic_anhydrase,0.3411990015465448
25,GC content (control),cxc_chemokine_receptor,0.6881050601010381
25,GC content (control),cytochrome_p450,0.4262955283243244
25,GC content (control),dopamine_receptor,0.4301216091064905
25,GC content (control),ectonucleotide_pyrophosphatase,0.3655415404323379
25,GC content (control),ferritin,0.7443027219706432
25,GC content (control),flavin_monooxygenase,0.3770189730995217
25,GC content (control),globins,0.5557572786415436
25,GC content (control),glutamate_metabotropic,0.4408920805483536
25,GC content (control),glutaredoxin,0.5500971799695036
25,GC content (control),glutathione_peroxidase,0.5487883633115596
25,GC content (control),glutathione_s_transferase,0.2834086224569808
25,GC content (control),guanylate_binding_protein,0.3725670782114262
25,GC content (control),heme_oxygenase,0.4553828290690924
25,GC content (control),histamine_receptor,0.418915380476997
25,GC content (control),histone_deacetylase_classI,0.3233553182092579
25,GC content (control),histone_h4,0.8088537148737961
25,GC content (control),hox,0.5313247267397899
25,GC content (control),m14_carboxypeptidase,0.3765789081980495
25,GC content (control),matrix_metalloproteinase,0.436799380869698
25,GC content (control),metallothionein,0.1602868619502749
25,GC content (control),muscarinic_receptor,0.6548654571108838
25,GC content (control),nadph_oxidase,0.2187673716847076
25,GC content (control),nitric_oxide_synthase,0.5563109510687312
25,GC content (control),olfactory_receptors,0.48521319538246
25,GC content (control),opsins,0.331043447859597
25,GC content (control),p2y_receptor,0.3958537636345465
25,GC content (control),peroxidase,0.4178632363546029
25,GC content (control),peroxiredoxin,0.398715570397585
25,GC content (control),phosphodiesterase,0.3214545600537878
25,GC content (control),rab_gtpase,0.3477418650555128
25,GC content (control),ras_gtpases,0.3803918505086117
25,GC content (control),rho_gtpase,0.4867746660830208
25,GC content (control),serine_protease,0.3880288595248918
25,GC content (control),serotonin_receptor,0.4664400271033896
25,GC content (control),steap_metalloreductase,0.3152783104302391
25,GC content (control),sulfotransferase,0.3310761803427957
25,GC content (control),taste2_receptor,0.3914711921051223
25,GC content (control),udp_glucuronosyltransferase,0.1823035773742739
26,"k-mer composition (CDS, k=6)",adam_metallopeptidase,0.5735305669232703
26,"k-mer composition (CDS, k=6)",adamts_metallopeptidase,0.5437006504412357
26,"k-mer composition (CDS, k=6)",adrenoceptor,0.758282623453056
26,"k-mer composition (CDS, k=6)",alcohol_dehydrogenase,0.5418709632613374
26,"k-mer composition (CDS, k=6)",aldehyde_dehydrogenase,0.5044467912675686
26,"k-mer composition (CDS, k=6)",aldo_keto_reductase,0.5386263742112916
26,"k-mer composition (CDS, k=6)",alkaline_phosphatase,0.3694094862825512
26,"k-mer composition (CDS, k=6)",arachidonate_lipoxygenase,0.6545517315371295
26,"k-mer composition (CDS, k=6)",arf_gtpase,0.5999060461711034
26,"k-mer composition (CDS, k=6)",carbonic_anhydrase,0.5354958697650225
26,"k-mer composition (CDS, k=6)",cxc_chemokine_receptor,0.8263749786696861
26,"k-mer composition (CDS, k=6)",cytochrome_p450,0.6146861803540528
26,"k-mer composition (CDS, k=6)",dopamine_receptor,0.6570175991424941
26,"k-mer composition (CDS, k=6)",ectonucleotide_pyrophosphatase,0.5964796606888179
26,"k-mer composition (CDS, k=6)",ferritin,0.8096050706485745
26,"k-mer composition (CDS, k=6)",flavin_monooxygenase,0.4680138414436323
26,"k-mer composition (CDS, k=6)",globins,0.7573642387488452
26,"k-mer composition (CDS, k=6)",glutamate_metabotropic,0.5802855437800464
26,"k-mer composition (CDS, k=6)",glutaredoxin,0.7286437005584934
26,"k-mer composition (CDS, k=6)",glutathione_peroxidase,0.7720879462675205
26,"k-mer composition (CDS, k=6)",glutathione_s_transferase,0.5293114608904109
26,"k-mer composition (CDS, k=6)",guanylate_binding_protein,0.5274044795783925
26,"k-mer composition (CDS, k=6)",heme_oxygenase,0.8000311009744971
26,"k-mer composition (CDS, k=6)",histamine_receptor,0.726511281686983
26,"k-mer composition (CDS, k=6)",histone_deacetylase_classI,0.5562073634478912
26,"k-mer composition (CDS, k=6)",histone_h4,0.8003981525720657
26,"k-mer composition (CDS, k=6)",hox,0.7486504515300362
26,"k-mer composition (CDS, k=6)",m14_carboxypeptidase,0.6236058208839543
26,"k-mer composition (CDS, k=6)",matrix_metalloproteinase,0.6330406406955306
26,"k-mer composition (CDS, k=6)",metallothionein,0.5705613226029937
26,"k-mer composition (CDS, k=6)",muscarinic_receptor,0.8255344509385136
26,"k-mer composition (CDS, k=6)",nadph_oxidase,0.4610791195856621
26,"k-mer composition (CDS, k=6)",nitric_oxide_synthase,0.7365557844576963
26,"k-mer composition (CDS, k=6)",olfactory_receptors,0.6327042994164954
26,"k-mer composition (CDS, k=6)",opsins,0.6187246337432812
26,"k-mer composition (CDS, k=6)",p2y_receptor,0.7256982409720674
26,"k-mer composition (CDS, k=6)",peroxidase,0.5329963766781398
26,"k-mer composition (CDS, k=6)",peroxiredoxin,0.6131365487972193
26,"k-mer composition (CDS, k=6)",phosphodiesterase,0.5548219450530701
26,"k-mer composition (CDS, k=6)",rab_gtpase,0.595830952077948
26,"k-mer composition (CDS, k=6)",ras_gtpases,0.6823195292265258
26,"k-mer composition (CDS, k=6)",rho_gtpase,0.6836915488963944
26,"k-mer composition (CDS, k=6)",serine_protease,0.5792454996330421
26,"k-mer composition (CDS, k=6)",serotonin_receptor,0.7155306740529769
26,"k-mer composition (CDS, k=6)",steap_metalloreductase,0.4551215703843477
26,"k-mer composition (CDS, k=6)",sulfotransferase,0.5054331866125548
26,"k-mer composition (CDS, k=6)",taste2_receptor,0.6324020419036397
26,"k-mer composition (CDS, k=6)",udp_glucuronosyltransferase,0.4528775146422205
26,patristic tree,adam_metallopeptidase,0.5523909614996639
26,patristic tree,adamts_metallopeptidase,0.5235238404495984
26,patristic tree,adrenoceptor,0.8108234373587538
26,patristic tree,alcohol_dehydrogenase,0.5025487881102854
26,patristic tree,aldehyde_dehydrogenase,0.4918057288451614
26,patristic tree,aldo_keto_reductase,0.4527773582865742
26,patristic tree,alkaline_phosphatase,0.1870887110825191
26,patristic tree,arachidonate_lipoxygenase,0.6245690119055228
26,patristic tree,arf_gtpase,0.5124051193998833
26,patristic tree,carbonic_anhydrase,0.5550835396555235
26,patristic tree,cxc_chemokine_receptor,0.7724003269468831
26,patristic tree,cytochrome_p450,0.5837921457833692
26,patristic tree,dopamine_receptor,0.6514593733038675
26,patristic tree,ectonucleotide_pyrophosphatase,0.6080897802197925
26,patristic tree,ferritin,0.788127547102204
26,patristic tree,flavin_monooxygenase,0.4592973698637994
26,patristic tree,globins,0.7228525449363931
26,patristic tree,glutamate_metabotropic,0.5266777204910487
26,patristic tree,glutaredoxin,0.7621056337031606
26,patristic tree,glutathione_peroxidase,0.533020039451077
26,patristic tree,glutathione_s_transferase,0.4408224110370397
26,patristic tree,guanylate_binding_protein,0.6110671936758892
26,patristic tree,heme_oxygenase,0.7993468795355588
26,patristic tree,histamine_receptor,0.6321830735507507
26,patristic tree,histone_deacetylase_classI,0.2763412646017941
26,patristic tree,hox,0.7059541232977957
26,patristic tree,m14_carboxypeptidase,0.5939119895394318
26,patristic tree,matrix_metalloproteinase,0.5936567690865938
26,patristic tree,metallothionein,0.372586720402243
26,patristic tree,muscarinic_receptor,0.8151697743774127
26,patristic tree,nadph_oxidase,0.3970394727372142
26,patristic tree,nitric_oxide_synthase,0.7340855044975773
26,patristic tree,olfactory_receptors,0.645134751743337
26,patristic tree,opsins,0.5605495862610382
26,patristic tree,p2y_receptor,0.6722909689219375
26,patristic tree,peroxidase,0.5024221072351862
26,patristic tree,peroxiredoxin,0.5715952473211483
26,patristic tree,phosphodiesterase,0.4878357506943775
26,patristic tree,rab_gtpase,0.5338206463299348
26,patristic tree,ras_gtpases,0.5548346704028672
26,patristic tree,rho_gtpase,0.5827359196460764
26,patristic tree,serine_protease,0.5392884158954869
26,patristic tree,serotonin_receptor,0.6502919108378802
26,patristic tree,steap_metalloreductase,0.2961482288647868
26,patristic tree,sulfotransferase,0.5032277708834031
26,patristic tree,taste2_receptor,0.6379252169628549
26,patristic tree,udp_glucuronosyltransferase,0.5534616601461522
26,species tree (mammal),adam_metallopeptidase,0.3487721120305401
26,species tree (mammal),adamts_metallopeptidase,0.3607865834428563
26,species tree (mammal),adrenoceptor,0.6367217450472636
26,species tree (mammal),alcohol_dehydrogenase,0.4105771234113479
26,species tree (mammal),aldehyde_dehydrogenase,0.3828998124291302
26,species tree (mammal),aldo_keto_reductase,0.4753781153525653
26,species tree (mammal),alkaline_phosphatase,0.3865445699811025
26,species tree (mammal),arachidonate_lipoxygenase,0.5300458233973123
26,species tree (mammal),arf_gtpase,0.3878654556176589
26,species tree (mammal),carbonic_anhydrase,0.3309463012613441
26,species tree (mammal),cxc_chemokine_receptor,0.4960628574057339
26,species tree (mammal),cytochrome_p450,0.4499876515590482
26,species tree (mammal),dopamine_receptor,0.5037405225117746
26,species tree (mammal),ectonucleotide_pyrophosphatase,0.4085674727786776
26,species tree (mammal),ferritin,0.4253568333549732
26,species tree (mammal),flavin_monooxygenase,0.4091171954441941
26,species tree (mammal),globins,0.488486995292867
26,species tree (mammal),glutamate_metabotropic,0.3488307485786767
26,species tree (mammal),glutaredoxin,0.362996881313854
26,species tree (mammal),glutathione_peroxidase,0.4379422118687416
26,species tree (mammal),glutathione_s_transferase,0.2752498157322587
26,species tree (mammal),guanylate_binding_protein,0.4986824769433465
26,species tree (mammal),heme_oxygenase,0.4265913331951067
26,species tree (mammal),histamine_receptor,0.2984171513172335
26,species tree (mammal),histone_deacetylase_classI,0.3553531639117999
26,species tree (mammal),histone_h4,0.0600891861761427
26,species tree (mammal),hox,0.5520111568628072
26,species tree (mammal),m14_carboxypeptidase,0.4246248216293644
26,species tree (mammal),matrix_metalloproteinase,0.4540494015105001
26,species tree (mammal),metallothionein,0.3942646618471971
26,species tree (mammal),muscarinic_receptor,0.6763670639538626
26,species tree (mammal),nadph_oxidase,0.2520604354943875
26,species tree (mammal),nitric_oxide_synthase,0.5247809702228241
26,species tree (mammal),olfactory_receptors,0.3741306580289894
26,species tree (mammal),opsins,0.2615178020954928
26,species tree (mammal),p2y_receptor,0.5343898827534733
26,species tree (mammal),peroxidase,0.4724875372631708
26,species tree (mammal),peroxiredoxin,0.5168294414084038
26,species tree (mammal),phosphodiesterase,0.3966383946595793
26,species tree (mammal),rab_gtpase,0.3859605293802981
26,species tree (mammal),ras_gtpases,0.4154862152228646
26,species tree (mammal),rho_gtpase,0.4456798400938143
26,species tree (mammal),serine_protease,0.4661186353782464
26,species tree (mammal),serotonin_receptor,0.5772214226727328
26,species tree (mammal),steap_metalloreductase,0.4744234925390351
26,species tree (mammal),sulfotransferase,0.3838336919508277
26,species tree (mammal),taste2_receptor,0.4993145775183849
26,species tree (mammal),udp_glucuronosyltransferase,0.5405296278290931
26,GC content (control),adam_metallopeptidase,0.3936623494856983
26,GC content (control),adamts_metallopeptidase,0.4506959847895752
26,GC content (control),adrenoceptor,0.6808607805699824
26,GC content (control),alcohol_dehydrogenase,0.1733548415453626
26,GC content (control),aldehyde_dehydrogenase,0.3504646206743795
26,GC content (control),aldo_keto_reductase,0.4111614227740022
26,GC content (control),alkaline_phosphatase,0.3527621086218558
26,GC content (control),arachidonate_lipoxygenase,0.5059840134065952
26,GC content (control),arf_gtpase,0.4758207729833497
26,GC content (control),carbonic_anhydrase,0.3515450067227048
26,GC content (control),cxc_chemokine_receptor,0.7430023877690709
26,GC content (control),cytochrome_p450,0.454257403436311
26,GC content (control),dopamine_receptor,0.4594076667307489
26,GC content (control),ectonucleotide_pyrophosphatase,0.3979744640383679
26,GC content (control),ferritin,0.7694510380104947
26,GC content (control),flavin_monooxygenase,0.4107980321920205
26,GC content (control),globins,0.5790891232711145
26,GC content (control),glutamate_metabotropic,0.4673392170355892
26,GC content (control),glutaredoxin,0.5390614749728724
26,GC content (control),glutathione_peroxidase,0.572615036512281
26,GC content (control),glutathione_s_transferase,0.321338036243923
26,GC content (control),guanylate_binding_protein,0.3705903595310156
26,GC content (control),heme_oxygenase,0.4626449442574296
26,GC content (control),histamine_receptor,0.4640502711784021
26,GC content (control),histone_deacetylase_classI,0.3681132844188509
26,GC content (control),histone_h4,0.8431780889126494
26,GC content (control),hox,0.5608251668179647
26,GC content (control),m14_carboxypeptidase,0.4190034212360555
26,GC content (control),matrix_metalloproteinase,0.4668553340596454
26,GC content (control),metallothionein,0.1740764010970191
26,GC content (control),muscarinic_receptor,0.6678857486372511
26,GC content (control),nadph_oxidase,0.2695161889892483
26,GC content (control),nitric_oxide_synthase,0.5942906034785241
26,GC content (control),olfactory_receptors,0.5028845629508
26,GC content (control),opsins,0.358465640214235
26,GC content (control),p2y_receptor,0.4027748824865109
26,GC content (control),peroxidase,0.4510679140330712
26,GC content (control),peroxiredoxin,0.3945638199938214
26,GC content (control),phosphodiesterase,0.3553311051839457
26,GC content (control),rab_gtpase,0.3662986837225344
26,GC content (control),ras_gtpases,0.4040109909201225
26,GC content (control),rho_gtpase,0.5093797840630676
26,GC content (control),serine_protease,0.4140610283383427
26,GC content (control),serotonin_receptor,0.5109417392714828
26,GC content (control),steap_metalloreductase,0.3291751547534475
26,GC content (control),sulfotransferase,0.3723119939705644
26,GC content (control),taste2_receptor,0.4138277136034773
26,GC content (control),udp_glucuronosyltransferase,0.2455823664172676
27,"k-mer composition (CDS, k=6)",adam_metallopeptidase,0.5927087074520934
27,"k-mer composition (CDS, k=6)",adamts_metallopeptidase,0.6232772565900173
27,"k-mer composition (CDS, k=6)",adrenoceptor,0.7657425321533473
27,"k-mer composition (CDS, k=6)",alcohol_dehydrogenase,0.5103340509757621
27,"k-mer composition (CDS, k=6)",aldehyde_dehydrogenase,0.5518520175694613
27,"k-mer composition (CDS, k=6)",aldo_keto_reductase,0.5161389977958692
27,"k-mer composition (CDS, k=6)",alkaline_phosphatase,0.3894629622183801
27,"k-mer composition (CDS, k=6)",arachidonate_lipoxygenase,0.694083435581653
27,"k-mer composition (CDS, k=6)",arf_gtpase,0.626013561960191
27,"k-mer composition (CDS, k=6)",carbonic_anhydrase,0.5504318161565384
27,"k-mer composition (CDS, k=6)",cxc_chemokine_receptor,0.8231801445383565
27,"k-mer composition (CDS, k=6)",cytochrome_p450,0.6265840899091912
27,"k-mer composition (CDS, k=6)",dopamine_receptor,0.6762542057267712
27,"k-mer composition (CDS, k=6)",ectonucleotide_pyrophosphatase,0.6343192373269521
27,"k-mer composition (CDS, k=6)",ferritin,0.8289483849374499
27,"k-mer composition (CDS, k=6)",flavin_monooxygenase,0.4965621681911691
27,"k-mer composition (CDS, k=6)",globins,0.7598183527747048
27,"k-mer composition (CDS, k=6)",glutamate_metabotropic,0.6292626621504449
27,"k-mer composition (CDS, k=6)",glutaredoxin,0.7465892321695707
27,"k-mer composition (CDS, k=6)",glutathione_peroxidase,0.7618059767595142
27,"k-mer composition (CDS, k=6)",glutathione_s_transferase,0.5165616697662282
27,"k-mer composition (CDS, k=6)",guanylate_binding_protein,0.5157444005270091
27,"k-mer composition (CDS, k=6)",heme_oxygenase,0.7546858801575783
27,"k-mer composition (CDS, k=6)",histamine_receptor,0.7670560905526416
27,"k-mer composition (CDS, k=6)",histone_deacetylase_classI,0.5755502500022848
27,"k-mer composition (CDS, k=6)",histone_h4,0.6559802516324256
27,"k-mer composition (CDS, k=6)",hox,0.761578247353443
27,"k-mer composition (CDS, k=6)",m14_carboxypeptidase,0.6588409087552046
27,"k-mer composition (CDS, k=6)",matrix_metalloproteinase,0.6606775308982547
27,"k-mer composition (CDS, k=6)",metallothionein,0.5471153795539484
27,"k-mer composition (CDS, k=6)",muscarinic_receptor,0.8167883069830552
27,"k-mer composition (CDS, k=6)",nadph_oxidase,0.4829492655351044
27,"k-mer composition (CDS, k=6)",nitric_oxide_synthase,0.7701279356265056
27,"k-mer composition (CDS, k=6)",olfactory_receptors,0.6396441296105789
27,"k-mer composition (CDS, k=6)",opsins,0.6376674259780658
27,"k-mer composition (CDS, k=6)",p2y_receptor,0.7526821919762343
27,"k-mer composition (CDS, k=6)",peroxidase,0.6157408043076003
27,"k-mer composition (CDS, k=6)",peroxiredoxin,0.6076894463114282
27,"k-mer composition (CDS, k=6)",phosphodiesterase,0.596024178507665
27,"k-mer composition (CDS, k=6)",rab_gtpase,0.6034268101936356
27,"k-mer composition (CDS, k=6)",ras_gtpases,0.6926612777436468
27,"k-mer composition (CDS, k=6)",rho_gtpase,0.7059412352896476
27,"k-mer composition (CDS, k=6)",serine_protease,0.5908404223870538
27,"k-mer composition (CDS, k=6)",serotonin_receptor,0.7280069940221111
27,"k-mer composition (CDS, k=6)",steap_metalloreductase,0.5306582983954597
27,"k-mer composition (CDS, k=6)",sulfotransferase,0.5057382957917335
27,"k-mer composition (CDS, k=6)",taste2_receptor,0.6267344806583078
27,"k-mer composition (CDS, k=6)",udp_glucuronosyltransferase,0.4379711939872368
27,patristic tree,adam_metallopeptidase,0.5689671854988645
27,patristic tree,adamts_metallopeptidase,0.6017399610080809
27,patristic tree,adrenoceptor,0.7993443166983033
27,patristic tree,alcohol_dehydrogenase,0.4628307521355648
27,patristic tree,aldehyde_dehydrogenase,0.518154563908439
27,patristic tree,aldo_keto_reductase,0.4466413125497539
27,patristic tree,alkaline_phosphatase,0.1997875705306045
27,patristic tree,arachidonate_lipoxygenase,0.6352190168115835
27,patristic tree,arf_gtpase,0.5164674040924634
27,patristic tree,carbonic_anhydrase,0.5554338440799739
27,patristic tree,cxc_chemokine_receptor,0.7495295714397541
27,patristic tree,cytochrome_p450,0.5981804246658723
27,patristic tree,dopamine_receptor,0.6607535514714284
27,patristic tree,ectonucleotide_pyrophosphatase,0.6475014360733388
27,patristic tree,ferritin,0.8064783081755879
27,patristic tree,flavin_monooxygenase,0.4941572169204259
27,patristic tree,globins,0.7181877195098622
27,patristic tree,glutamate_metabotropic,0.5765974885144476
27,patristic tree,glutaredoxin,0.777395499469083
27,patristic tree,glutathione_peroxidase,0.549951653032948
27,patristic tree,glutathione_s_transferase,0.4463454167037567
27,patristic tree,guanylate_binding_protein,0.5756916996047431
27,patristic tree,heme_oxygenase,0.8264461953141198
27,patristic tree,histamine_receptor,0.6489407295721226
27,patristic tree,histone_deacetylase_classI,0.2672485853937787
27,patristic tree,hox,0.7105853976400284
27,patristic tree,m14_carboxypeptidase,0.6255376884771161
27,patristic tree,matrix_metalloproteinase,0.620914711827705
27,patristic tree,metallothionein,0.3336520648504973
27,patristic tree,muscarinic_receptor,0.8352195164959552
27,patristic tree,nadph_oxidase,0.4141407110796171
27,patristic tree,nitric_oxide_synthase,0.7864931925382606
27,patristic tree,olfactory_receptors,0.6338976661388537
27,patristic tree,opsins,0.5924769157264546
27,patristic tree,p2y_receptor,0.6844502215847813
27,patristic tree,peroxidase,0.5491742187498376
27,patristic tree,peroxiredoxin,0.563415486060374
27,patristic tree,phosphodiesterase,0.5182393912953805
27,patristic tree,rab_gtpase,0.5354290852191185
27,patristic tree,ras_gtpases,0.550378711417332
27,patristic tree,rho_gtpase,0.5870807251703531
27,patristic tree,serine_protease,0.5441865047506134
27,patristic tree,serotonin_receptor,0.672069352556657
27,patristic tree,steap_metalloreductase,0.3205553645826977
27,patristic tree,sulfotransferase,0.5033804616823032
27,patristic tree,taste2_receptor,0.6221618235404679
27,patristic tree,udp_glucuronosyltransferase,0.5345616207915673
27,species tree (mammal),adam_metallopeptidase,0.3665719876629443
27,species tree (mammal),adamts_metallopeptidase,0.4177213852102486
27,species tree (mammal),adrenoceptor,0.630485083892448
27,species tree (mammal),alcohol_dehydrogenase,0.4123272449475657
27,species tree (mammal),aldehyde_dehydrogenase,0.422284262780878
27,species tree (mammal),aldo_keto_reductase,0.4678069170809782
27,species tree (mammal),alkaline_phosphatase,0.4147769155509093
27,species tree (mammal),arachidonate_lipoxygenase,0.5443649317133397
27,species tree (mammal),arf_gtpase,0.4097226383356402
27,species tree (mammal),carbonic_anhydrase,0.3380095089267846
27,species tree (mammal),cxc_chemokine_receptor,0.4651070462877383
27,species tree (mammal),cytochrome_p450,0.4723878587149221
27,species tree (mammal),dopamine_receptor,0.5329148404833572
27,species tree (mammal),ectonucleotide_pyrophosphatase,0.4264430824782603
27,species tree (mammal),ferritin,0.4079059938743733
27,species tree (mammal),flavin_monooxygenase,0.4286220350518823
27,species tree (mammal),globins,0.4881957315439555
27,species tree (mammal),glutamate_metabotropic,0.4001210118086258
27,species tree (mammal),glutaredoxin,0.3880972981228954
27,species tree (mammal),glutathione_peroxidase,0.4371831324372829
27,species tree (mammal),glutathione_s_transferase,0.2885584638335223
27,species tree (mammal),guanylate_binding_protein,0.4901844532279314
27,species tree (mammal),heme_oxygenase,0.4185258138088326
27,species tree (mammal),histamine_receptor,0.3300921478718282
27,species tree (mammal),histone_deacetylase_classI,0.3736603087508916
27,species tree (mammal),histone_h4,0.1014174231565536
27,species tree (mammal),hox,0.5783893229015289
27,species tree (mammal),m14_carboxypeptidase,0.4546914719497274
27,species tree (mammal),matrix_metalloproteinase,0.4827264036380545
27,species tree (mammal),metallothionein,0.4039166797344831
27,species tree (mammal),muscarinic_receptor,0.647594209140422
27,species tree (mammal),nadph_oxidase,0.2627221915421264
27,species tree (mammal),nitric_oxide_synthase,0.5763305217980518
27,species tree (mammal),olfactory_receptors,0.3818761677483148
27,species tree (mammal),opsins,0.2494854336601075
27,species tree (mammal),p2y_receptor,0.5429442397146291
27,species tree (mammal),peroxidase,0.5465433376365962
27,species tree (mammal),peroxiredoxin,0.509201209798406
27,species tree (mammal),phosphodiesterase,0.4234244042643652
27,species tree (mammal),rab_gtpase,0.4027748178332997
27,species tree (mammal),ras_gtpases,0.4373344684970101
27,species tree (mammal),rho_gtpase,0.4649942023762304
27,species tree (mammal),serine_protease,0.4681484713675413
27,species tree (mammal),serotonin_receptor,0.5682720135884203
27,species tree (mammal),steap_metalloreductase,0.5306188806267386
27,species tree (mammal),sulfotransferase,0.386510131775193
27,species tree (mammal),taste2_receptor,0.5063482716424514
27,species tree (mammal),udp_glucuronosyltransferase,0.5406833807903326
27,GC content (control),adam_metallopeptidase,0.4437689879142424
27,GC content (control),adamts_metallopeptidase,0.5254302268105927
27,GC content (control),adrenoceptor,0.6890002395388394
27,GC content (control),alcohol_dehydrogenase,0.1640722539244016
27,GC content (control),aldehyde_dehydrogenase,0.4034284392212671
27,GC content (control),aldo_keto_reductase,0.3950698538759683
27,GC content (control),alkaline_phosphatase,0.3493141851638668
27,GC content (control),arachidonate_lipoxygenase,0.562914392499955
27,GC content (control),arf_gtpase,0.4864911108403131
27,GC content (control),carbonic_anhydrase,0.3427467555112043
27,GC content (control),cxc_chemokine_receptor,0.7329678584276156
27,GC content (control),cytochrome_p450,0.4842449631157317
27,GC content (control),dopamine_receptor,0.4772519645281639
27,GC content (control),ectonucleotide_pyrophosphatase,0.4671756049881259
27,GC content (control),ferritin,0.7848099948277036
27,GC content (control),flavin_monooxygenase,0.4505483584793087
27,GC content (control),globins,0.5922151068700404
27,GC content (control),glutamate_metabotropic,0.5108121258543666
27,GC content (control),glutaredoxin,0.5249061324768485
27,GC content (control),glutathione_peroxidase,0.572663536964246
27,GC content (control),glutathione_s_transferase,0.3121560940590517
27,GC content (control),guanylate_binding_protein,0.3721718930141808
27,GC content (control),heme_oxygenase,0.42303764793046
27,GC content (control),histamine_receptor,0.5204904547188021
27,GC content (control),histone_deacetylase_classI,0.3868465004172041
27,GC content (control),histone_h4,0.8548506070108203
27,GC content (control),hox,0.5873908114717926
27,GC content (control),m14_carboxypeptidase,0.4665572718808806
27,GC content (control),matrix_metalloproteinase,0.4946185388991517
27,GC content (control),metallothionein,0.169092056797234
27,GC content (control),muscarinic_receptor,0.6417980900264131
27,GC content (control),nadph_oxidase,0.321114913541749
27,GC content (control),nitric_oxide_synthase,0.6484914063868422
27,GC content (control),olfactory_receptors,0.4955408538491841
27,GC content (control),opsins,0.3743272434677551
27,GC content (control),p2y_receptor,0.3873587386959648
27,GC content (control),peroxidase,0.5042045865232907
27,GC content (control),peroxiredoxin,0.375792488975607
27,GC content (control),phosphodiesterase,0.4038306253835169
27,GC content (control),rab_gtpase,0.373760822331931
27,GC content (control),ras_gtpases,0.4214647970443428
27,GC content (control),rho_gtpase,0.5367358342985211
27,GC content (control),serine_protease,0.4322292105155764
27,GC content (control),serotonin_receptor,0.549548523233421
27,GC content (control),steap_metalloreductase,0.4203150470521761
27,GC content (control),sulfotransferase,0.4073302481141519
27,GC content (control),taste2_receptor,0.4316275289916723
27,GC content (control),udp_glucuronosyltransferase,0.2282580734257726
28,"k-mer composition (CDS, k=6)",adam_metallopeptidase,0.5672462194777886
28,"k-mer composition (CDS, k=6)",adamts_metallopeptidase,0.5154893840432526
28,"k-mer composition (CDS, k=6)",adrenoceptor,0.6916043847757964
28,"k-mer composition (CDS, k=6)",alcohol_dehydrogenase,0.3010625737898465
28,"k-mer composition (CDS, k=6)",aldehyde_dehydrogenase,0.4688524090547519
28,"k-mer composition (CDS, k=6)",aldo_keto_reductase,0.5371063574120238
28,"k-mer composition (CDS, k=6)",alkaline_phosphatase,0.6637181188264778
28,"k-mer composition (CDS, k=6)",arachidonate_lipoxygenase,0.7010340703323314
28,"k-mer composition (CDS, k=6)",arf_gtpase,0.4781570027244883
28,"k-mer composition (CDS, k=6)",carbonic_anhydrase,0.37775149256843
28,"k-mer composition (CDS, k=6)",cxc_chemokine_receptor,0.8424416204068464
28,"k-mer composition (CDS, k=6)",cytochrome_p450,0.545740827095546
28,"k-mer composition (CDS, k=6)",dopamine_receptor,0.578189278453561
28,"k-mer composition (CDS, k=6)",ectonucleotide_pyrophosphatase,0.437214961795339
28,"k-mer composition (CDS, k=6)",ferritin,0.8320525309211865
28,"k-mer composition (CDS, k=6)",flavin_monooxygenase,0.2550427215860446
28,"k-mer composition (CDS, k=6)",globins,0.6836281774341164
28,"k-mer composition (CDS, k=6)",glutamate_metabotropic,0.4488406687408872
28,"k-mer composition (CDS, k=6)",glutaredoxin,0.5549018977686535
28,"k-mer composition (CDS, k=6)",glutathione_peroxidase,0.669413402601011
28,"k-mer composition (CDS, k=6)",glutathione_s_transferase,0.3688408316634975
28,"k-mer composition (CDS, k=6)",guanylate_binding_protein,0.514361001317523
28,"k-mer composition (CDS, k=6)",heme_oxygenase,0.6864918100767158
28,"k-mer composition (CDS, k=6)",histamine_receptor,0.6067613323936794
28,"k-mer composition (CDS, k=6)",histone_deacetylase_classI,0.5386966419296836
28,"k-mer composition (CDS, k=6)",histone_h4,0.7326962892180283
28,"k-mer composition (CDS, k=6)",hox,0.7184707697678133
28,"k-mer composition (CDS, k=6)",m14_carboxypeptidase,0.4916773071469276
28,"k-mer composition (CDS, k=6)",matrix_metalloproteinase,0.5708488636414758
28,"k-mer composition (CDS, k=6)",metallothionein,0.4780285455787812
28,"k-mer composition (CDS, k=6)",muscarinic_receptor,0.8315910303768473
28,"k-mer composition (CDS, k=6)",nadph_oxidase,0.4985840463957077
28,"k-mer composition (CDS, k=6)",nitric_oxide_synthase,0.7249772184912779
28,"k-mer composition (CDS, k=6)",olfactory_receptors,0.4508239481234612
28,"k-mer composition (CDS, k=6)",opsins,0.3794102352763795
28,"k-mer composition (CDS, k=6)",p2y_receptor,0.7325356916751051
28,"k-mer composition (CDS, k=6)",peroxidase,0.6055265048464916
28,"k-mer composition (CDS, k=6)",peroxiredoxin,0.4349072230522138
28,"k-mer composition (CDS, k=6)",phosphodiesterase,0.5064172934509573
28,"k-mer composition (CDS, k=6)",rab_gtpase,0.4579041766537833
28,"k-mer composition (CDS, k=6)",ras_gtpases,0.5742664084618138
28,"k-mer composition (CDS, k=6)",rho_gtpase,0.5978525298349711
28,"k-mer composition (CDS, k=6)",serine_protease,0.4953186310331426
28,"k-mer composition (CDS, k=6)",serotonin_receptor,0.6686564899537851
28,"k-mer composition (CDS, k=6)",steap_metalloreductase,0.2593270308693421
28,"k-mer composition (CDS, k=6)",sulfotransferase,0.4253850177350665
28,"k-mer composition (CDS, k=6)",taste2_receptor,0.465409010379094
28,"k-mer composition (CDS, k=6)",udp_glucuronosyltransferase,0.2585600080252486
28,patristic tree,adam_metallopeptidase,0.5096500981309974
28,patristic tree,adamts_metallopeptidase,0.5104872912067593
28,patristic tree,adrenoceptor,0.7302752470890538
28,patristic tree,alcohol_dehydrogenase,0.2532745329536773
28,patristic tree,aldehyde_dehydrogenase,0.4460146099624604
28,patristic tree,aldo_keto_reductase,0.4504668087959947
28,patristic tree,alkaline_phosphatase,0.2940238296275447
28,patristic tree,arachidonate_lipoxygenase,0.6192456281017212
28,patristic tree,arf_gtpase,0.4838469950033119
28,patristic tree,carbonic_anhydrase,0.4219654428994204
28,patristic tree,cxc_chemokine_receptor,0.8128669641847334
28,patristic tree,cytochrome_p450,0.5416412272791409
28,patristic tree,dopamine_receptor,0.5708197358265317
28,patristic tree,ectonucleotide_pyrophosphatase,0.4571230731503998
28,patristic tree,ferritin,0.8562239628154531
28,patristic tree,flavin_monooxygenase,0.2564205447546954
28,patristic tree,globins,0.6496760333483397
28,patristic tree,glutamate_metabotropic,0.5228827659926815
28,patristic tree,glutaredoxin,0.6138372442536846
28,patristic tree,glutathione_peroxidase,0.4935318445487864
28,patristic tree,glutathione_s_transferase,0.3584613357143215
28,patristic tree,guanylate_binding_protein,0.5654150197628458
28,patristic tree,heme_oxygenase,0.7897988803649181
28,patristic tree,histamine_receptor,0.4911575547709599
28,patristic tree,histone_deacetylase_classI,0.432990859910793
28,patristic tree,hox,0.6857432439127372
28,patristic tree,m14_carboxypeptidase,0.5038176445586658
28,patristic tree,matrix_metalloproteinase,0.5230615029396108
28,patristic tree,metallothionein,0.2813105636383774
28,patristic tree,muscarinic_receptor,0.8182012635779896
28,patristic tree,nadph_oxidase,0.4743036413045531
28,patristic tree,nitric_oxide_synthase,0.7654655296595138
28,patristic tree,olfactory_receptors,0.4753418501531927
28,patristic tree,opsins,0.3387157067173066
28,patristic tree,p2y_receptor,0.707866091445819
28,patristic tree,peroxidase,0.5545726864169331
28,patristic tree,peroxiredoxin,0.4068076718485965
28,patristic tree,phosphodiesterase,0.4891127062726879
28,patristic tree,rab_gtpase,0.4609183403890792
28,patristic tree,ras_gtpases,0.524857830610028
28,patristic tree,rho_gtpase,0.518384038330507
28,patristic tree,serine_protease,0.4530973178649859
28,patristic tree,serotonin_receptor,0.6728124743809161
28,patristic tree,steap_metalloreductase,0.2312756993734807
28,patristic tree,sulfotransferase,0.4357060045969295
28,patristic tree,taste2_receptor,0.4889246307951858
28,patristic tree,udp_glucuronosyltransferase,0.3492594007299889
28,species tree (mammal),adam_metallopeptidase,0.3463749031490508
28,species tree (mammal),adamts_metallopeptidase,0.398142876977143
28,species tree (mammal),adrenoceptor,0.584398185811489
28,species tree (mammal),alcohol_dehydrogenase,0.3275435794152371
28,species tree (mammal),aldehyde_dehydrogenase,0.3616719491997869
28,species tree (mammal),aldo_keto_reductase,0.4909354810306803
28,species tree (mammal),alkaline_phosphatase,0.5031261308351092
28,species tree (mammal),arachidonate_lipoxygenase,0.5069377850216943
28,species tree (mammal),arf_gtpase,0.3000840972170706
28,species tree (mammal),carbonic_anhydrase,0.2136438441510093
28,species tree (mammal),cxc_chemokine_receptor,0.4832771419262804
28,species tree (mammal),cytochrome_p450,0.4400874671881656
28,species tree (mammal),dopamine_receptor,0.4697750080814238
28,species tree (mammal),ectonucleotide_pyrophosphatase,0.3553206132693317
28,species tree (mammal),ferritin,0.2674451023672134
28,species tree (mammal),flavin_monooxygenase,0.2179807661957939
28,species tree (mammal),globins,0.3971395307265927
28,species tree (mammal),glutamate_metabotropic,0.3038106138164755
28,species tree (mammal),glutaredoxin,0.2842880883759222
28,species tree (mammal),glutathione_peroxidase,0.3644666117363658
28,species tree (mammal),glutathione_s_transferase,0.2380625203363178
28,species tree (mammal),guanylate_binding_protein,0.4938076416337285
28,species tree (mammal),heme_oxygenase,0.3134045200082935
28,species tree (mammal),histamine_receptor,0.2433792358604624
28,species tree (mammal),histone_deacetylase_classI,0.3011029059105932
28,species tree (mammal),histone_h4,0.0868928173275999
28,species tree (mammal),hox,0.5514021384115423
28,species tree (mammal),m14_carboxypeptidase,0.3582527565164077
28,species tree (mammal),matrix_metalloproteinase,0.4047635624949074
28,species tree (mammal),metallothionein,0.3746560172597754
28,species tree (mammal),muscarinic_receptor,0.6367712420559815
28,species tree (mammal),nadph_oxidase,0.2932300623372944
28,species tree (mammal),nitric_oxide_synthase,0.5560561277114773
28,species tree (mammal),olfactory_receptors,0.2568368394370856
28,species tree (mammal),opsins,0.1487632633207152
28,species tree (mammal),p2y_receptor,0.5579623897985405
28,species tree (mammal),peroxidase,0.5583843193358728
28,species tree (mammal),peroxiredoxin,0.3527446649495168
28,species tree (mammal),phosphodiesterase,0.3608671853272244
28,species tree (mammal),rab_gtpase,0.2939301205776264
28,species tree (mammal),ras_gtpases,0.3298050235349222
28,species tree (mammal),rho_gtpase,0.3649927509143205
28,species tree (mammal),serine_protease,0.3561112014101491
28,species tree (mammal),serotonin_receptor,0.5138495413176595
28,species tree (mammal),steap_metalloreductase,0.2441580209257133
28,species tree (mammal),sulfotransferase,0.3639184875072254
28,species tree (mammal),taste2_receptor,0.3688021524439359
28,species tree (mammal),udp_glucuronosyltransferase,0.416362633207553
28,GC content (control),adam_metallopeptidase,0.4454434637232984
28,GC content (control),adamts_metallopeptidase,0.5198987654486865
28,GC content (control),adrenoceptor,0.6339436672493239
28,GC content (control),alcohol_dehydrogenase,-0.0079316985133838
28,GC content (control),aldehyde_dehydrogenase,0.3940632815423144
28,GC content (control),aldo_keto_reductase,0.4451543188506904
28,GC content (control),alkaline_phosphatase,0.5572651839260166
28,GC content (control),arachidonate_lipoxygenase,0.5511392284291446
28,GC content (control),arf_gtpase,0.4189834690160898
28,GC content (control),carbonic_anhydrase,0.2819081129806005
28,GC content (control),cxc_chemokine_receptor,0.7102341262020841
28,GC content (control),cytochrome_p450,0.4492080327107079
28,GC content (control),dopamine_receptor,0.439356416098826
28,GC content (control),ectonucleotide_pyrophosphatase,0.3167242930742096
28,GC content (control),ferritin,0.720944708665672
28,GC content (control),flavin_monooxygenase,0.283127117222168
28,GC content (control),globins,0.5431831752762363
28,GC content (control),glutamate_metabotropic,0.4562423687779073
28,GC content (control),glutaredoxin,0.4101455118078956
28,GC content (control),glutathione_peroxidase,0.5336435169936538
28,GC content (control),glutathione_s_transferase,0.2331856927060868
28,GC content (control),guanylate_binding_protein,0.3034758369400744
28,GC content (control),heme_oxygenase,0.4283663091821449
28,GC content (control),histamine_receptor,0.469444688018986
28,GC content (control),histone_deacetylase_classI,0.348748031016282
28,GC content (control),histone_h4,0.9143684979277734
28,GC content (control),hox,0.5705058376116537
28,GC content (control),m14_carboxypeptidase,0.3508061391712622
28,GC content (control),matrix_metalloproteinase,0.5064034485200725
28,GC content (control),metallothionein,0.1313405982765925
28,GC content (control),muscarinic_receptor,0.6919809621320563
28,GC content (control),nadph_oxidase,0.4333108332360491
28,GC content (control),nitric_oxide_synthase,0.6058377674707209
28,GC content (control),olfactory_receptors,0.3923053830621975
28,GC content (control),opsins,0.2783849242063838
28,GC content (control),p2y_receptor,0.3615043148887107
28,GC content (control),peroxidase,0.5887752627636712
28,GC content (control),peroxiredoxin,0.3217855085031599
28,GC content (control),phosphodiesterase,0.3743131479957149
28,GC content (control),rab_gtpase,0.3126756897301325
28,GC content (control),ras_gtpases,0.3839367039475487
28,GC content (control),rho_gtpase,0.4939169753491734
28,GC content (control),serine_protease,0.3821737074673413
28,GC content (control),serotonin_receptor,0.5142963520363593
28,GC content (control),steap_metalloreductase,0.3430591771162005
28,GC content (control),sulfotransferase,0.3383166999320356
28,GC content (control),taste2_receptor,0.415499674453907
28,GC content (control),udp_glucuronosyltransferase,0.0516295352691112
29,"k-mer composition (CDS, k=6)",adam_metallopeptidase,0.6250066546829087
29,"k-mer composition (CDS, k=6)",adamts_metallopeptidase,0.6601352173986251
29,"k-mer composition (CDS, k=6)",adrenoceptor,0.7145810825725125
29,"k-mer composition (CDS, k=6)",alcohol_dehydrogenase,0.4167858879088825
29,"k-mer composition (CDS, k=6)",aldehyde_dehydrogenase,0.5706823054105283
29,"k-mer composition (CDS, k=6)",aldo_keto_reductase,0.598951939020197
29,"k-mer composition (CDS, k=6)",alkaline_phosphatase,0.7499486935495554
29,"k-mer composition (CDS, k=6)",arachidonate_lipoxygenase,0.7195641657048828
29,"k-mer composition (CDS, k=6)",arf_gtpase,0.4925851825562957
29,"k-mer composition (CDS, k=6)",carbonic_anhydrase,0.3880160362078154
29,"k-mer composition (CDS, k=6)",cxc_chemokine_receptor,0.7958654747774506
29,"k-mer composition (CDS, k=6)",cytochrome_p450,0.6138339006072815
29,"k-mer composition (CDS, k=6)",dopamine_receptor,0.5500205026558296
29,"k-mer composition (CDS, k=6)",ectonucleotide_pyrophosphatase,0.5693777073674903
29,"k-mer composition (CDS, k=6)",ferritin,0.7901989333643704
29,"k-mer composition (CDS, k=6)",flavin_monooxygenase,0.4189880426692472
29,"k-mer composition (CDS, k=6)",globins,0.7321540738137937
29,"k-mer composition (CDS, k=6)",glutamate_metabotropic,0.4491777901136343
29,"k-mer composition (CDS, k=6)",glutaredoxin,0.617317022473961
29,"k-mer composition (CDS, k=6)",glutathione_peroxidase,0.6402081722443934
29,"k-mer composition (CDS, k=6)",glutathione_s_transferase,0.3601172963944122
29,"k-mer composition (CDS, k=6)",guanylate_binding_protein,0.6104084321475625
29,"k-mer composition (CDS, k=6)",heme_oxygenase,0.6816193240721542
29,"k-mer composition (CDS, k=6)",histamine_receptor,0.6622819786110928
29,"k-mer composition (CDS, k=6)",histone_deacetylase_classI,0.5516233400057831
29,"k-mer composition (CDS, k=6)",histone_h4,0.6279343844561237
29,"k-mer composition (CDS, k=6)",hox,0.6846512638198439
29,"k-mer composition (CDS, k=6)",m14_carboxypeptidase,0.5918651081204639
29,"k-mer composition (CDS, k=6)",matrix_metalloproteinase,0.6188586378731749
29,"k-mer composition (CDS, k=6)",metallothionein,0.4250658700879117
29,"k-mer composition (CDS, k=6)",muscarinic_receptor,0.7669556786984355
29,"k-mer composition (CDS, k=6)",nadph_oxidase,0.4617881021656257
29,"k-mer composition (CDS, k=6)",nitric_oxide_synthase,0.7225793069386796
29,"k-mer composition (CDS, k=6)",olfactory_receptors,0.4656652855180095
29,"k-mer composition (CDS, k=6)",opsins,0.4682834849716006
29,"k-mer composition (CDS, k=6)",p2y_receptor,0.713910502057191
29,"k-mer composition (CDS, k=6)",peroxidase,0.6623796909005979
29,"k-mer composition (CDS, k=6)",peroxiredoxin,0.5056309081128978
29,"k-mer composition (CDS, k=6)",phosphodiesterase,0.5548643756126983
29,"k-mer composition (CDS, k=6)",rab_gtpase,0.5081557278420719
29,"k-mer composition (CDS, k=6)",ras_gtpases,0.5821204788079525
29,"k-mer composition (CDS, k=6)",rho_gtpase,0.6277931986520209
29,"k-mer composition (CDS, k=6)",serine_protease,0.5398100653997508
29,"k-mer composition (CDS, k=6)",serotonin_receptor,0.6509497709870924
29,"k-mer composition (CDS, k=6)",steap_metalloreductase,0.4881564212239455
29,"k-mer composition (CDS, k=6)",sulfotransferase,0.4770825315683732
29,"k-mer composition (CDS, k=6)",taste2_receptor,0.5059313657658503
29,"k-mer composition (CDS, k=6)",udp_glucuronosyltransferase,0.3993977205207151
29,patristic tree,adam_metallopeptidase,0.5720903880353874
29,patristic tree,adamts_metallopeptidase,0.6261011695071428
29,patristic tree,adrenoceptor,0.7319684530176239
29,patristic tree,alcohol_dehydrogenase,0.4281547329675671
29,patristic tree,aldehyde_dehydrogenase,0.5335380101030016
29,patristic tree,aldo_keto_reductase,0.5102675841604367
29,patristic tree,alkaline_phosphatase,0.3501721802604162
29,patristic tree,arachidonate_lipoxygenase,0.574690493796469
29,patristic tree,arf_gtpase,0.4565593046631406
29,patristic tree,carbonic_anhydrase,0.4056885763939052
29,patristic tree,cxc_chemokine_receptor,0.7100774414894161
29,patristic tree,cytochrome_p450,0.6149386283868785
29,patristic tree,dopamine_receptor,0.5031385774992592
29,patristic tree,ectonucleotide_pyrophosphatase,0.5701887042813562
29,patristic tree,ferritin,0.8142609541121515
29,patristic tree,flavin_monooxygenase,0.4009448309545956
29,patristic tree,globins,0.6796847526238584
29,patristic tree,glutamate_metabotropic,0.4469763370726194
29,patristic tree,glutaredoxin,0.6657828945192239
29,patristic tree,glutathione_peroxidase,0.4769863108795274
29,patristic tree,glutathione_s_transferase,0.3665040088394827
29,patristic tree,guanylate_binding_protein,0.5981554677206851
29,patristic tree,heme_oxygenase,0.7224756375699771
29,patristic tree,histamine_receptor,0.5169179042337713
29,patristic tree,histone_deacetylase_classI,0.4034929509270561
29,patristic tree,hox,0.6542149281331933
29,patristic tree,m14_carboxypeptidase,0.5557813058414275
29,patristic tree,matrix_metalloproteinase,0.5551342610994802
29,patristic tree,metallothionein,0.2684011470835336
29,patristic tree,muscarinic_receptor,0.7960985126560991
29,patristic tree,nadph_oxidase,0.4191263351348658
29,patristic tree,nitric_oxide_synthase,0.7465997604776519
29,patristic tree,olfactory_receptors,0.4500467581330344
29,patristic tree,opsins,0.4332509271342484
29,patristic tree,p2y_receptor,0.7005041337850971
29,patristic tree,peroxidase,0.5764287683094814
29,patristic tree,peroxiredoxin,0.4564042850845789
29,patristic tree,phosphodiesterase,0.4922577462209839
29,patristic tree,rab_gtpase,0.4832673250216074
29,patristic tree,ras_gtpases,0.5164249716706488
29,patristic tree,rho_gtpase,0.5395516811574165
29,patristic tree,serine_protease,0.4631785233652077
29,patristic tree,serotonin_receptor,0.616858836369226
29,patristic tree,steap_metalloreductase,0.2754661116303512
29,patristic tree,sulfotransferase,0.4496549196769211
29,patristic tree,taste2_receptor,0.5072791030874874
29,patristic tree,udp_glucuronosyltransferase,0.3260056639735784
29,species tree (mammal),adam_metallopeptidase,0.3697255779524869
29,species tree (mammal),adamts_metallopeptidase,0.4722871750894289
29,species tree (mammal),adrenoceptor,0.5946374687368938
29,species tree (mammal),alcohol_dehydrogenase,0.1782137648447808
29,species tree (mammal),aldehyde_dehydrogenase,0.4016504340353954
29,species tree (mammal),aldo_keto_reductase,0.5701274819276555
29,species tree (mammal),alkaline_phosphatase,0.5068608242372613
29,species tree (mammal),arachidonate_lipoxygenase,0.5189530772455847
29,species tree (mammal),arf_gtpase,0.3001398099586325
29,species tree (mammal),carbonic_anhydrase,0.2153225502934005
29,species tree (mammal),cxc_chemokine_receptor,0.4793703957945701
29,species tree (mammal),cytochrome_p450,0.5076010538492648
29,species tree (mammal),dopamine_receptor,0.4205370601337902
29,species tree (mammal),ectonucleotide_pyrophosphatase,0.3909675346864843
29,species tree (mammal),ferritin,0.2076535105598114
29,species tree (mammal),flavin_monooxygenase,0.3840369129294647
29,species tree (mammal),globins,0.4232850698759239
29,species tree (mammal),glutamate_metabotropic,0.3029910465282705
29,species tree (mammal),glutaredoxin,0.3048705202816388
29,species tree (mammal),glutathione_peroxidase,0.3380111852477685
29,species tree (mammal),glutathione_s_transferase,0.2682546937751017
29,species tree (mammal),guanylate_binding_protein,0.4125823451910407
29,species tree (mammal),heme_oxygenase,0.2470350404312668
29,species tree (mammal),histamine_receptor,0.3141016162356987
29,species tree (mammal),histone_deacetylase_classI,0.3001890132815993
29,species tree (mammal),histone_h4,0.0141583054626532
29,species tree (mammal),hox,0.540678581667509
29,species tree (mammal),m14_carboxypeptidase,0.3879903338181275
29,species tree (mammal),matrix_metalloproteinase,0.4539343854979827
29,species tree (mammal),metallothionein,0.3817041372649251
29,species tree (mammal),muscarinic_receptor,0.6437602310646847
29,species tree (mammal),nadph_oxidase,0.3358955199132482
29,species tree (mammal),nitric_oxide_synthase,0.5024511854771717
29,species tree (mammal),olfactory_receptors,0.2605044950567037
29,species tree (mammal),opsins,0.1900208430279806
29,species tree (mammal),p2y_receptor,0.5379456807172331
29,species tree (mammal),peroxidase,0.6013708237698987
29,species tree (mammal),peroxiredoxin,0.4158479468489163
29,species tree (mammal),phosphodiesterase,0.370034321734898
29,species tree (mammal),rab_gtpase,0.2852407266525124
29,species tree (mammal),ras_gtpases,0.3201218085774341
29,species tree (mammal),rho_gtpase,0.389584718676246
29,species tree (mammal),serine_protease,0.3534261394418724
29,species tree (mammal),serotonin_receptor,0.526066966218983
29,species tree (mammal),steap_metalloreductase,0.320712253091411
29,species tree (mammal),sulfotransferase,0.3857416093896347
29,species tree (mammal),taste2_receptor,0.4053615247694659
29,species tree (mammal),udp_glucuronosyltransferase,0.3298452438826769
29,GC content (control),adam_metallopeptidase,0.5369821583456318
29,GC content (control),adamts_metallopeptidase,0.7010874421401136
29,GC content (control),adrenoceptor,0.7296461746864235
29,GC content (control),alcohol_dehydrogenase,0.2488171045470399
29,GC content (control),aldehyde_dehydrogenase,0.5807359769496532
29,GC content (control),aldo_keto_reductase,0.5604016340491572
29,GC content (control),alkaline_phosphatase,0.6195687415868781
29,GC content (control),arachidonate_lipoxygenase,0.6796825412193769
29,GC content (control),arf_gtpase,0.4709908673505825
29,GC content (control),carbonic_anhydrase,0.3258602511484776
29,GC content (control),cxc_chemokine_receptor,0.7499833529649379
29,GC content (control),cytochrome_p450,0.5741788075475247
29,GC content (control),dopamine_receptor,0.5486902227516481
29,GC content (control),ectonucleotide_pyrophosphatase,0.5299454633805302
29,GC content (control),ferritin,0.757570105074184
29,GC content (control),flavin_monooxygenase,0.4809254620639418
29,GC content (control),globins,0.6258245588870603
29,GC content (control),glutamate_metabotropic,0.5380930522117341
29,GC content (control),glutaredoxin,0.4971877105000412
29,GC content (control),glutathione_peroxidase,0.5526132632668551
29,GC content (control),glutathione_s_transferase,0.2902656101607234
29,GC content (control),guanylate_binding_protein,0.3737225190253917
29,GC content (control),heme_oxygenase,0.5652320403976018
29,GC content (control),histamine_receptor,0.6245548396065432
29,GC content (control),histone_deacetylase_classI,0.4021068020030213
29,GC content (control),histone_h4,0.9762208924643608
29,GC content (control),hox,0.6032362277142899
29,GC content (control),m14_carboxypeptidase,0.5013504829630789
29,GC content (control),matrix_metalloproteinase,0.6095036599862655
29,GC content (control),metallothionein,0.1088928894929434
29,GC content (control),muscarinic_receptor,0.7732764825973062
29,GC content (control),nadph_oxidase,0.5010161009036331
29,GC content (control),nitric_oxide_synthase,0.7046675914974285
29,GC content (control),olfactory_receptors,0.5507766384313415
29,GC content (control),opsins,0.4807724537300001
29,GC content (control),p2y_receptor,0.481096888136482
29,GC content (control),peroxidase,0.6877724644808564
29,GC content (control),peroxiredoxin,0.38133012056571
29,GC content (control),phosphodiesterase,0.4801339864624895
29,GC content (control),rab_gtpase,0.4109742674749953
29,GC content (control),ras_gtpases,0.459762423877575
29,GC content (control),rho_gtpase,0.5807432316767323
29,GC content (control),serine_protease,0.4957883989238092
29,GC content (control),serotonin_receptor,0.6069966934865301
29,GC content (control),steap_metalloreductase,0.6444694150697815
29,GC content (control),sulfotransferase,0.459994480667348
29,GC content (control),taste2_receptor,0.5216975750870532
29,GC content (control),udp_glucuronosyltransferase,0.2436032878917929
30,"k-mer composition (CDS, k=6)",adam_metallopeptidase,0.5618388038421748
30,"k-mer composition (CDS, k=6)",adamts_metallopeptidase,0.5816112739684254
30,"k-mer composition (CDS, k=6)",adrenoceptor,0.5819823956969533
30,"k-mer composition (CDS, k=6)",alcohol_dehydrogenase,0.3502257101187581
30,"k-mer composition (CDS, k=6)",aldehyde_dehydrogenase,0.5131335634672967
30,"k-mer composition (CDS, k=6)",aldo_keto_reductase,0.6161956140087179
30,"k-mer composition (CDS, k=6)",alkaline_phosphatase,0.6276877250680075
30,"k-mer composition (CDS, k=6)",arachidonate_lipoxygenase,0.6236361737774255
30,"k-mer composition (CDS, k=6)",arf_gtpase,0.3974061124361935
30,"k-mer composition (CDS, k=6)",carbonic_anhydrase,0.3053226322823593
30,"k-mer composition (CDS, k=6)",cxc_chemokine_receptor,0.678468950894862
30,"k-mer composition (CDS, k=6)",cytochrome_p450,0.5249588233626332
30,"k-mer composition (CDS, k=6)",dopamine_receptor,0.4709243585121501
30,"k-mer composition (CDS, k=6)",ectonucleotide_pyrophosphatase,0.4381470802464923
30,"k-mer composition (CDS, k=6)",ferritin,0.705780130059443
30,"k-mer composition (CDS, k=6)",flavin_monooxygenase,0.4202157749965335
30,"k-mer composition (CDS, k=6)",globins,0.6592163466053466
30,"k-mer composition (CDS, k=6)",glutamate_metabotropic,0.3146479991909974
30,"k-mer composition (CDS, k=6)",glutaredoxin,0.5563407422096474
30,"k-mer composition (CDS, k=6)",glutathione_peroxidase,0.5803675568138872
30,"k-mer composition (CDS, k=6)",glutathione_s_transferase,0.3288389489764212
30,"k-mer composition (CDS, k=6)",guanylate_binding_protein,0.5409090909090908
30,"k-mer composition (CDS, k=6)",heme_oxygenase,0.6231822081251702
30,"k-mer composition (CDS, k=6)",histamine_receptor,0.622608651971052
30,"k-mer composition (CDS, k=6)",histone_deacetylase_classI,0.4690741871990486
30,"k-mer composition (CDS, k=6)",histone_h4,0.3611403089663959
30,"k-mer composition (CDS, k=6)",hox,0.5957535408910446
30,"k-mer composition (CDS, k=6)",m14_carboxypeptidase,0.5181995290574445
30,"k-mer composition (CDS, k=6)",matrix_metalloproteinase,0.551752576616819
30,"k-mer composition (CDS, k=6)",metallothionein,0.2173603867450458
30,"k-mer composition (CDS, k=6)",muscarinic_receptor,0.6618776074538706
30,"k-mer composition (CDS, k=6)",nadph_oxidase,0.453330861947374
30,"k-mer composition (CDS, k=6)",nitric_oxide_synthase,0.5715756974586811
30,"k-mer composition (CDS, k=6)",olfactory_receptors,0.4769253508787401
30,"k-mer composition (CDS, k=6)",opsins,0.3999468992181424
30,"k-mer composition (CDS, k=6)",p2y_receptor,0.6025766878171244
30,"k-mer composition (CDS, k=6)",peroxidase,0.5695869917720404
30,"k-mer composition (CDS, k=6)",peroxiredoxin,0.4467668430220752
30,"k-mer composition (CDS, k=6)",phosphodiesterase,0.4709756339922753
30,"k-mer composition (CDS, k=6)",rab_gtpase,0.4391165385143282
30,"k-mer composition (CDS, k=6)",ras_gtpases,0.4578520095448306
30,"k-mer composition (CDS, k=6)",rho_gtpase,0.5135611911285297
30,"k-mer composition (CDS, k=6)",serine_protease,0.4922025464826968
30,"k-mer composition (CDS, k=6)",serotonin_receptor,0.587505826765927
30,"k-mer composition (CDS, k=6)",steap_metalloreductase,0.3820275048197108
30,"k-mer composition (CDS, k=6)",sulfotransferase,0.4412437581449233
30,"k-mer composition (CDS, k=6)",taste2_receptor,0.4674465967655166
30,"k-mer composition (CDS, k=6)",udp_glucuronosyltransferase,0.2160939031259887
30,patristic tree,adam_metallopeptidase,0.4874912517156917
30,patristic tree,adamts_metallopeptidase,0.5212223956044217
30,patristic tree,adrenoceptor,0.5988029364029506
30,patristic tree,alcohol_dehydrogenase,0.4010625737898465
30,patristic tree,aldehyde_dehydrogenase,0.4724838408876897
30,patristic tree,aldo_keto_reductase,0.5029325765756114
30,patristic tree,alkaline_phosphatase,0.1946830601597088
30,patristic tree,arachidonate_lipoxygenase,0.4437111076008044
30,patristic tree,arf_gtpase,0.3422740439767436
30,patristic tree,carbonic_anhydrase,0.3417684330873028
30,patristic tree,cxc_chemokine_receptor,0.5517837193994315
30,patristic tree,cytochrome_p450,0.5126562479329121
30,patristic tree,dopamine_receptor,0.3593788398679879
30,patristic tree,ectonucleotide_pyrophosphatase,0.413915553105877
30,patristic tree,ferritin,0.6686759144908412
30,patristic tree,flavin_monooxygenase,0.3444767043855689
30,patristic tree,globins,0.596689134311386
30,patristic tree,glutamate_metabotropic,0.3115697919293829
30,patristic tree,glutaredoxin,0.5589305456475355
30,patristic tree,glutathione_peroxidase,0.4486239974927218
30,patristic tree,glutathione_s_transferase,0.2923193404454388
30,patristic tree,guanylate_binding_protein,0.5875494071146244
30,patristic tree,heme_oxygenase,0.510098771769212
30,patristic tree,histamine_receptor,0.4703637023453368
30,patristic tree,histone_deacetylase_classI,0.4173073735872596
30,patristic tree,hox,0.5561280280134304
30,patristic tree,m14_carboxypeptidase,0.4544912563125706
30,patristic tree,matrix_metalloproteinase,0.4601318629133898
30,patristic tree,metallothionein,0.1179190122345756
30,patristic tree,muscarinic_receptor,0.6302693549610702
30,patristic tree,nadph_oxidase,0.3977306368474093
30,patristic tree,nitric_oxide_synthase,0.5357788286920635
30,patristic tree,olfactory_receptors,0.4314936445803408
30,patristic tree,opsins,0.3490819482422574
30,patristic tree,p2y_receptor,0.5661405556343081
30,patristic tree,peroxidase,0.5234123813752786
30,patristic tree,peroxiredoxin,0.4062148680296424
30,patristic tree,phosphodiesterase,0.3854521271585894
30,patristic tree,rab_gtpase,0.3621835000173996
30,patristic tree,ras_gtpases,0.3796385889192467
30,patristic tree,rho_gtpase,0.4597632130976254
30,patristic tree,serine_protease,0.3967776673169979
30,patristic tree,serotonin_receptor,0.5111440037416173
30,patristic tree,steap_metalloreductase,0.1842475497245716
30,patristic tree,sulfotransferase,0.3611209179238955
30,patristic tree,taste2_receptor,0.4343240241472736
30,patristic tree,udp_glucuronosyltransferase,0.21379648278044
30,species tree (mammal),adam_metallopeptidase,0.3347921212758546
30,species tree (mammal),adamts_metallopeptidase,0.3945997414293688
30,species tree (mammal),adrenoceptor,0.5141004994267678
30,species tree (mammal),alcohol_dehydrogenase,0.2364122508507534
30,species tree (mammal),aldehyde_dehydrogenase,0.3276765821051497
30,species tree (mammal),aldo_keto_reductase,0.5388981863399203
30,species tree (mammal),alkaline_phosphatase,0.3730200945380251
30,species tree (mammal),arachidonate_lipoxygenase,0.41989989368233
30,species tree (mammal),arf_gtpase,0.2778246019963568
30,species tree (mammal),carbonic_anhydrase,0.1436495591315182
30,species tree (mammal),cxc_chemokine_receptor,0.4833670905609868
30,species tree (mammal),cytochrome_p450,0.4441979448381832
30,species tree (mammal),dopamine_receptor,0.3367971150447172
30,species tree (mammal),ectonucleotide_pyrophosphatase,0.2610960905787025
30,species tree (mammal),ferritin,0.2446045971388915
30,species tree (mammal),flavin_monooxygenase,0.3754567189779081
30,species tree (mammal),globins,0.4422315189768149
30,species tree (mammal),glutamate_metabotropic,0.2649167612174363
30,species tree (mammal),glutaredoxin,0.2984263744766126
30,species tree (mammal),glutathione_peroxidase,0.284212738838799
30,species tree (mammal),glutathione_s_transferase,0.2283163721635333
30,species tree (mammal),guanylate_binding_protein,0.3768115942028985
30,species tree (mammal),heme_oxygenase,0.1403124100989838
30,species tree (mammal),histamine_receptor,0.291893814634681
30,species tree (mammal),histone_deacetylase_classI,0.2390995414703759
30,species tree (mammal),histone_h4,-0.0131231087752826
30,species tree (mammal),hox,0.4674381115622767
30,species tree (mammal),m14_carboxypeptidase,0.3596941177836104
30,species tree (mammal),matrix_metalloproteinase,0.3661471943303206
30,species tree (mammal),metallothionein,0.342259684810674
30,species tree (mammal),muscarinic_receptor,0.5941476367567835
30,species tree (mammal),nadph_oxidase,0.3094854498219261
30,species tree (mammal),nitric_oxide_synthase,0.3153208492868593
30,species tree (mammal),olfactory_receptors,0.2723982673903317
30,species tree (mammal),opsins,0.1805305975941977
30,species tree (mammal),p2y_receptor,0.3957064941507528
30,species tree (mammal),peroxidase,0.5068921377899706
30,species tree (mammal),peroxiredoxin,0.3924677750605871
30,species tree (mammal),phosphodiesterase,0.3269839142744976
30,species tree (mammal),rab_gtpase,0.260692667055092
30,species tree (mammal),ras_gtpases,0.1950342800081929
30,species tree (mammal),rho_gtpase,0.327977277326802
30,species tree (mammal),serine_protease,0.3471847001429818
30,species tree (mammal),serotonin_receptor,0.4870651017494437
30,species tree (mammal),steap_metalloreductase,0.2549931215482729
30,species tree (mammal),sulfotransferase,0.358472693726552
30,species tree (mammal),taste2_receptor,0.4244622275731155
30,species tree (mammal),udp_glucuronosyltransferase,0.2072180938491099
30,GC content (control),adam_metallopeptidase,0.5800233085123058
30,GC content (control),adamts_metallopeptidase,0.7374707462698781
30,GC content (control),adrenoceptor,0.7822045538881559
30,GC content (control),alcohol_dehydrogenase,0.2877532708045092
30,GC content (control),aldehyde_dehydrogenase,0.581051129918811
30,GC content (control),aldo_keto_reductase,0.647985019705871
30,GC content (control),alkaline_phosphatase,0.6249785346732568
30,GC content (control),arachidonate_lipoxygenase,0.7123872630115011
30,GC content (control),arf_gtpase,0.4488799483964361
30,GC content (control),carbonic_anhydrase,0.333676643704854
30,GC content (control),cxc_chemokine_receptor,0.7418391751420653
30,GC content (control),cytochrome_p450,0.5969488932448349
30,GC content (control),dopamine_receptor,0.5419981004254092
30,GC content (control),ectonucleotide_pyrophosphatase,0.6222717506377958
30,GC content (control),ferritin,0.8239315803569374
30,GC content (control),flavin_monooxygenase,0.5775930639590452
30,GC content (control),globins,0.674373127829818
30,GC content (control),glutamate_metabotropic,0.4911658084600916
30,GC content (control),glutaredoxin,0.5223515541360744
30,GC content (control),glutathione_peroxidase,0.6036792287086582
30,GC content (control),glutathione_s_transferase,0.3315608383224754
30,GC content (control),guanylate_binding_protein,0.3576766220324013
30,GC content (control),heme_oxygenase,0.7532351744414768
30,GC content (control),histamine_receptor,0.6524337901651411
30,GC content (control),histone_deacetylase_classI,0.3654761667714755
30,GC content (control),histone_h4,0.9033971276744076
30,GC content (control),hox,0.6210486510469553
30,GC content (control),m14_carboxypeptidase,0.5560695457955497
30,GC content (control),matrix_metalloproteinase,0.6742244818720268
30,GC content (control),metallothionein,0.2753739193837923
30,GC content (control),muscarinic_receptor,0.8156791670219392
30,GC content (control),nadph_oxidase,0.5679126967177576
30,GC content (control),nitric_oxide_synthase,0.691646976411724
30,GC content (control),olfactory_receptors,0.6547921908037497
30,GC content (control),opsins,0.5806954551031795
30,GC content (control),p2y_receptor,0.6491819335011038
30,GC content (control),peroxidase,0.71065981573102
30,GC content (control),peroxiredoxin,0.4038323380190358
30,GC content (control),phosphodiesterase,0.5366560002450774
30,GC content (control),rab_gtpase,0.4319971568754323
30,GC content (control),ras_gtpases,0.4700081375833302
30,GC content (control),rho_gtpase,0.5405616429743083
30,GC content (control),serine_protease,0.5469836624579659
30,GC content (control),serotonin_receptor,0.6524343901048308
30,GC content (control),steap_metalloreductase,0.5844667168596357
30,GC content (control),sulfotransferase,0.506316091724443
30,GC content (control),taste2_receptor,0.6292702704719653
30,GC content (control),udp_glucuronosyltransferase,0.2460711511996823
31,"k-mer composition (CDS, k=6)",adam_metallopeptidase,0.5618388038421748
31,"k-mer composition (CDS, k=6)",adamts_metallopeptidase,0.5816112739684254
31,"k-mer composition (CDS, k=6)",adrenoceptor,0.5819823956969533
31,"k-mer composition (CDS, k=6)",alcohol_dehydrogenase,0.3502257101187581
31,"k-mer composition (CDS, k=6)",aldehyde_dehydrogenase,0.5131335634672967
31,"k-mer composition (CDS, k=6)",aldo_keto_reductase,0.6161956140087179
31,"k-mer composition (CDS, k=6)",alkaline_phosphatase,0.6276877250680075
31,"k-mer composition (CDS, k=6)",arachidonate_lipoxygenase,0.6236361737774255
31,"k-mer composition (CDS, k=6)",arf_gtpase,0.3974061124361935
31,"k-mer composition (CDS, k=6)",carbonic_anhydrase,0.3053226322823593
31,"k-mer composition (CDS, k=6)",cxc_chemokine_receptor,0.678468950894862
31,"k-mer composition (CDS, k=6)",cytochrome_p450,0.5249588233626332
31,"k-mer composition (CDS, k=6)",dopamine_receptor,0.4709243585121501
31,"k-mer composition (CDS, k=6)",ectonucleotide_pyrophosphatase,0.4381470802464923
31,"k-mer composition (CDS, k=6)",ferritin,0.705780130059443
31,"k-mer composition (CDS, k=6)",flavin_monooxygenase,0.4202157749965335
31,"k-mer composition (CDS, k=6)",globins,0.6592163466053466
31,"k-mer composition (CDS, k=6)",glutamate_metabotropic,0.3146479991909974
31,"k-mer composition (CDS, k=6)",glutaredoxin,0.5563407422096474
31,"k-mer composition (CDS, k=6)",glutathione_peroxidase,0.5803675568138872
31,"k-mer composition (CDS, k=6)",glutathione_s_transferase,0.3288389489764212
31,"k-mer composition (CDS, k=6)",guanylate_binding_protein,0.5409090909090908
31,"k-mer composition (CDS, k=6)",heme_oxygenase,0.6231822081251702
31,"k-mer composition (CDS, k=6)",histamine_receptor,0.622608651971052
31,"k-mer composition (CDS, k=6)",histone_deacetylase_classI,0.4690741871990486
31,"k-mer composition (CDS, k=6)",histone_h4,0.3611403089663959
31,"k-mer composition (CDS, k=6)",hox,0.5957535408910446
31,"k-mer composition (CDS, k=6)",m14_carboxypeptidase,0.5181995290574445
31,"k-mer composition (CDS, k=6)",matrix_metalloproteinase,0.551752576616819
31,"k-mer composition (CDS, k=6)",metallothionein,0.2173603867450458
31,"k-mer composition (CDS, k=6)",muscarinic_receptor,0.6618776074538706
31,"k-mer composition (CDS, k=6)",nadph_oxidase,0.453330861947374
31,"k-mer composition (CDS, k=6)",nitric_oxide_synthase,0.5715756974586811
31,"k-mer composition (CDS, k=6)",olfactory_receptors,0.4769253508787401
31,"k-mer composition (CDS, k=6)",opsins,0.3999468992181424
31,"k-mer composition (CDS, k=6)",p2y_receptor,0.6025766878171244
31,"k-mer composition (CDS, k=6)",peroxidase,0.5695869917720404
31,"k-mer composition (CDS, k=6)",peroxiredoxin,0.4467668430220752
31,"k-mer composition (CDS, k=6)",phosphodiesterase,0.4709756339922753
31,"k-mer composition (CDS, k=6)",rab_gtpase,0.4391165385143282
31,"k-mer composition (CDS, k=6)",ras_gtpases,0.4578520095448306
31,"k-mer composition (CDS, k=6)",rho_gtpase,0.5135611911285297
31,"k-mer composition (CDS, k=6)",serine_protease,0.4922025464826968
31,"k-mer composition (CDS, k=6)",serotonin_receptor,0.587505826765927
31,"k-mer composition (CDS, k=6)",steap_metalloreductase,0.3820275048197108
31,"k-mer composition (CDS, k=6)",sulfotransferase,0.4412437581449233
31,"k-mer composition (CDS, k=6)",taste2_receptor,0.4674465967655166
31,"k-mer composition (CDS, k=6)",udp_glucuronosyltransferase,0.2160939031259887
31,patristic tree,adam_metallopeptidase,0.4874912517156917
31,patristic tree,adamts_metallopeptidase,0.5212223956044217
31,patristic tree,adrenoceptor,0.5988029364029506
31,patristic tree,alcohol_dehydrogenase,0.4010625737898465
31,patristic tree,aldehyde_dehydrogenase,0.4724838408876897
31,patristic tree,aldo_keto_reductase,0.5029325765756114
31,patristic tree,alkaline_phosphatase,0.1946830601597088
31,patristic tree,arachidonate_lipoxygenase,0.4437111076008044
31,patristic tree,arf_gtpase,0.3422740439767436
31,patristic tree,carbonic_anhydrase,0.3417684330873028
31,patristic tree,cxc_chemokine_receptor,0.5517837193994315
31,patristic tree,cytochrome_p450,0.5126562479329121
31,patristic tree,dopamine_receptor,0.3593788398679879
31,patristic tree,ectonucleotide_pyrophosphatase,0.413915553105877
31,patristic tree,ferritin,0.6686759144908412
31,patristic tree,flavin_monooxygenase,0.3444767043855689
31,patristic tree,globins,0.596689134311386
31,patristic tree,glutamate_metabotropic,0.3115697919293829
31,patristic tree,glutaredoxin,0.5589305456475355
31,patristic tree,glutathione_peroxidase,0.4486239974927218
31,patristic tree,glutathione_s_transferase,0.2923193404454388
31,patristic tree,guanylate_binding_protein,0.5875494071146244
31,patristic tree,heme_oxygenase,0.510098771769212
31,patristic tree,histamine_receptor,0.4703637023453368
31,patristic tree,histone_deacetylase_classI,0.4173073735872596
31,patristic tree,hox,0.5561280280134304
31,patristic tree,m14_carboxypeptidase,0.4544912563125706
31,patristic tree,matrix_metalloproteinase,0.4601318629133898
31,patristic tree,metallothionein,0.1179190122345756
31,patristic tree,muscarinic_receptor,0.6302693549610702
31,patristic tree,nadph_oxidase,0.3977306368474093
31,patristic tree,nitric_oxide_synthase,0.5357788286920635
31,patristic tree,olfactory_receptors,0.4314936445803408
31,patristic tree,opsins,0.3490819482422574
31,patristic tree,p2y_receptor,0.5661405556343081
31,patristic tree,peroxidase,0.5234123813752786
31,patristic tree,peroxiredoxin,0.4062148680296424
31,patristic tree,phosphodiesterase,0.3854521271585894
31,patristic tree,rab_gtpase,0.3621835000173996
31,patristic tree,ras_gtpases,0.3796385889192467
31,patristic tree,rho_gtpase,0.4597632130976254
31,patristic tree,serine_protease,0.3967776673169979
31,patristic tree,serotonin_receptor,0.5111440037416173
31,patristic tree,steap_metalloreductase,0.1842475497245716
31,patristic tree,sulfotransferase,0.3611209179238955
31,patristic tree,taste2_receptor,0.4343240241472736
31,patristic tree,udp_glucuronosyltransferase,0.21379648278044
31,species tree (mammal),adam_metallopeptidase,0.3347921212758546
31,species tree (mammal),adamts_metallopeptidase,0.3945997414293688
31,species tree (mammal),adrenoceptor,0.5141004994267678
31,species tree (mammal),alcohol_dehydrogenase,0.2364122508507534
31,species tree (mammal),aldehyde_dehydrogenase,0.3276765821051497
31,species tree (mammal),aldo_keto_reductase,0.5388981863399203
31,species tree (mammal),alkaline_phosphatase,0.3730200945380251
31,species tree (mammal),arachidonate_lipoxygenase,0.41989989368233
31,species tree (mammal),arf_gtpase,0.2778246019963568
31,species tree (mammal),carbonic_anhydrase,0.1436495591315182
31,species tree (mammal),cxc_chemokine_receptor,0.4833670905609868
31,species tree (mammal),cytochrome_p450,0.4441979448381832
31,species tree (mammal),dopamine_receptor,0.3367971150447172
31,species tree (mammal),ectonucleotide_pyrophosphatase,0.2610960905787025
31,species tree (mammal),ferritin,0.2446045971388915
31,species tree (mammal),flavin_monooxygenase,0.3754567189779081
31,species tree (mammal),globins,0.4422315189768149
31,species tree (mammal),glutamate_metabotropic,0.2649167612174363
31,species tree (mammal),glutaredoxin,0.2984263744766126
31,species tree (mammal),glutathione_peroxidase,0.284212738838799
31,species tree (mammal),glutathione_s_transferase,0.2283163721635333
31,species tree (mammal),guanylate_binding_protein,0.3768115942028985
31,species tree (mammal),heme_oxygenase,0.1403124100989838
31,species tree (mammal),histamine_receptor,0.291893814634681
31,species tree (mammal),histone_deacetylase_classI,0.2390995414703759
31,species tree (mammal),histone_h4,-0.0131231087752826
31,species tree (mammal),hox,0.4674381115622767
31,species tree (mammal),m14_carboxypeptidase,0.3596941177836104
31,species tree (mammal),matrix_metalloproteinase,0.3661471943303206
31,species tree (mammal),metallothionein,0.342259684810674
31,species tree (mammal),muscarinic_receptor,0.5941476367567835
31,species tree (mammal),nadph_oxidase,0.3094854498219261
31,species tree (mammal),nitric_oxide_synthase,0.3153208492868593
31,species tree (mammal),olfactory_receptors,0.2723982673903317
31,species tree (mammal),opsins,0.1805305975941977
31,species tree (mammal),p2y_receptor,0.3957064941507528
31,species tree (mammal),peroxidase,0.5068921377899706
31,species tree (mammal),peroxiredoxin,0.3924677750605871
31,species tree (mammal),phosphodiesterase,0.3269839142744976
31,species tree (mammal),rab_gtpase,0.260692667055092
31,species tree (mammal),ras_gtpases,0.1950342800081929
31,species tree (mammal),rho_gtpase,0.327977277326802
31,species tree (mammal),serine_protease,0.3471847001429818
31,species tree (mammal),serotonin_receptor,0.4870651017494437
31,species tree (mammal),steap_metalloreductase,0.2549931215482729
31,species tree (mammal),sulfotransferase,0.358472693726552
31,species tree (mammal),taste2_receptor,0.4244622275731155
31,species tree (mammal),udp_glucuronosyltransferase,0.2072180938491099
31,GC content (control),adam_metallopeptidase,0.5800233085123058
31,GC content (control),adamts_metallopeptidase,0.7374707462698781
31,GC content (control),adrenoceptor,0.7822045538881559
31,GC content (control),alcohol_dehydrogenase,0.2877532708045092
31,GC content (control),aldehyde_dehydrogenase,0.581051129918811
31,GC content (control),aldo_keto_reductase,0.647985019705871
31,GC content (control),alkaline_phosphatase,0.6249785346732568
31,GC content (control),arachidonate_lipoxygenase,0.7123872630115011
31,GC content (control),arf_gtpase,0.4488799483964361
31,GC content (control),carbonic_anhydrase,0.333676643704854
31,GC content (control),cxc_chemokine_receptor,0.7418391751420653
31,GC content (control),cytochrome_p450,0.5969488932448349
31,GC content (control),dopamine_receptor,0.5419981004254092
31,GC content (control),ectonucleotide_pyrophosphatase,0.6222717506377958
31,GC content (control),ferritin,0.8239315803569374
31,GC content (control),flavin_monooxygenase,0.5775930639590452
31,GC content (control),globins,0.674373127829818
31,GC content (control),glutamate_metabotropic,0.4911658084600916
31,GC content (control),glutaredoxin,0.5223515541360744
31,GC content (control),glutathione_peroxidase,0.6036792287086582
31,GC content (control),glutathione_s_transferase,0.3315608383224754
31,GC content (control),guanylate_binding_protein,0.3576766220324013
31,GC content (control),heme_oxygenase,0.7532351744414768
31,GC content (control),histamine_receptor,0.6524337901651411
31,GC content (control),histone_deacetylase_classI,0.3654761667714755
31,GC content (control),histone_h4,0.9033971276744076
31,GC content (control),hox,0.6210486510469553
31,GC content (control),m14_carboxypeptidase,0.5560695457955497
31,GC content (control),matrix_metalloproteinase,0.6742244818720268
31,GC content (control),metallothionein,0.2753739193837923
31,GC content (control),muscarinic_receptor,0.8156791670219392
31,GC content (control),nadph_oxidase,0.5679126967177576
31,GC content (control),nitric_oxide_synthase,0.691646976411724
31,GC content (control),olfactory_receptors,0.6547921908037497
31,GC content (control),opsins,0.5806954551031795
31,GC content (control),p2y_receptor,0.6491819335011038
31,GC content (control),peroxidase,0.71065981573102
31,GC content (control),peroxiredoxin,0.4038323380190358
31,GC content (control),phosphodiesterase,0.5366560002450774
31,GC content (control),rab_gtpase,0.4319971568754323
31,GC content (control),ras_gtpases,0.4700081375833302
31,GC content (control),rho_gtpase,0.5405616429743083
31,GC content (control),serine_protease,0.5469836624579659
31,GC content (control),serotonin_receptor,0.6524343901048308
31,GC content (control),steap_metalloreductase,0.5844667168596357
31,GC content (control),sulfotransferase,0.506316091724443
31,GC content (control),taste2_receptor,0.6292702704719653
31,GC content (control),udp_glucuronosyltransferase,0.2460711511996823
