site_set,condition,n_genes_total,n_samples_median,n_sites_mean,d_A_cov,d_A_cov_median,d_A_cov_sd,d_A_cov_q25,d_A_cov_q75,d_A_cov_frac_improved,d_A_cov_n_genes,lvl_A_cov,base_A_cov,d_A_all,d_A_all_median,d_A_all_sd,d_A_all_q25,d_A_all_q75,d_A_all_frac_improved,d_A_all_n_genes,lvl_A_all,base_A_all,d_L,d_L_median,d_L_sd,d_L_q25,d_L_q75,d_L_frac_improved,d_L_n_genes,lvl_L,base_L,d_C,d_C_median,d_C_sd,d_C_q25,d_C_q75,d_C_frac_improved,d_C_n_genes,lvl_C,base_C,d_K,d_K_median,d_K_sd,d_K_q25,d_K_q75,d_K_frac_improved,d_K_n_genes,lvl_K,base_K,d_excess,d_excess_median,d_excess_sd,d_excess_q25,d_excess_q75,d_excess_frac_improved,d_excess_n_genes,lvl_excess,base_excess,d_A_null,d_A_null_median,d_A_null_sd,d_A_null_q25,d_A_null_q75,d_A_null_frac_improved,d_A_null_n_genes,lvl_A_null,base_A_null,d_A_M,d_A_M_median,d_A_M_sd,d_A_M_q25,d_A_M_q75,d_A_M_frac_improved,d_A_M_n_genes,lvl_A_M,base_A_M,d_C_M,d_C_M_median,d_C_M_sd,d_C_M_q25,d_C_M_q75,d_C_M_frac_improved,d_C_M_n_genes,lvl_C_M,base_C_M,d_frac_M_eq_P,d_frac_M_eq_P_median,d_frac_M_eq_P_sd,d_frac_M_eq_P_q25,d_frac_M_eq_P_q75,d_frac_M_eq_P_frac_improved,d_frac_M_eq_P_n_genes,lvl_frac_M_eq_P,base_frac_M_eq_P,d_gc_up_A,d_gc_up_A_median,d_gc_up_A_sd,d_gc_up_A_q25,d_gc_up_A_q75,d_gc_up_A_frac_improved,d_gc_up_A_n_genes,lvl_gc_up_A,base_gc_up_A,d_gc_down_A,d_gc_down_A_median,d_gc_down_A_sd,d_gc_down_A_q25,d_gc_down_A_q75,d_gc_down_A_frac_improved,d_gc_down_A_n_genes,lvl_gc_down_A,base_gc_down_A,d_gc_neutral_A,d_gc_neutral_A_median,d_gc_neutral_A_sd,d_gc_neutral_A_q25,d_gc_neutral_A_q75,d_gc_neutral_A_frac_improved,d_gc_neutral_A_n_genes,lvl_gc_neutral_A,base_gc_neutral_A
platy_not_human,add_a0.5,400,5.0,195.47,1.5276897027429015,1.0928158553677925,4.892687045316764,-1.1961677045899552,3.9840930546275697,0.6225,400,42.38179658901227,40.85410688626937,1.537832191732513,1.0730849192387666,4.666229714780145,-1.1096290650406466,3.744622401907423,0.6175,400,41.10694011199139,39.56910792025888,1.1949419038188631,0.5123772688989376,7.078246224422172,-1.2504020949673915,2.696766199941994,0.56,400,74.529088134639,73.33414623082014,0.9592392444252786,0.959807865629024,4.331831354078264,-1.6539046943774345,3.236873848151969,0.585,400,57.39589605815971,56.43665681373444,0.0812036135612534,7.105427357601002e-15,0.9967524923383002,-0.4653873258524363,0.7355196679898945,0.5,400,97.14091783908954,97.0597142255283,0.2594549379051406,0.3449954514811626,2.219795861418016,-1.084043202206337,1.6766920885941667,0.5675,400,11.43366853722408,11.17421359931894,1.2682347648377614,0.6956675684532474,3.5224161711665616,-0.5586240913840212,2.627195429948957,0.655,400,30.94812805178819,29.679893286950428,-1.0816631833695067,-0.2387493550302242,7.719938696063893,-2.5178743761706563,1.6388707339738238,0.465,400,30.70783388520751,31.789497068577017,-7.789614706330294,-0.6920599035699251,44.35331241500363,-4.292781339879661,2.580318867200817,0.445,400,60.74228678074221,68.53190148707252,0.0084436140715991,0.0002217523128165,0.304732393301564,-0.1530916209816784,0.1791964712503082,0.5,400,15.381196980395806,15.372753366324208,4.631135952652785,4.584148565023021,6.948238179271353,0.4532539486177604,8.284207628747268,0.77,400,49.00256455728076,44.37142860462797,-3.975636949724654,-3.781455338750476,6.887223716966939,-8.144266808903238,0.0504491154777007,0.2525,400,32.558783308150815,36.53442025787548,1.453464910394352,0.9581143494187004,7.057509855484022,-2.4849125526738085,5.5177816898743455,0.5675,400,43.690229377617534,42.23676446722318
platy_not_human,add_a0.5_L24,400,5.0,195.47,0.1075492683876621,-0.0608016780263174,4.223851827287539,-2.2646217899785537,2.347435849749676,0.4975,400,40.96165615465703,40.85410688626937,0.163930401752634,0.0720395071784949,4.040492885199325,-2.1172647185216995,2.2816500711237517,0.5025,400,39.73303832201151,39.56910792025888,-0.0468469664244394,-0.1748645434439701,5.752724585462104,-2.042801223026869,1.669850381481078,0.47,400,73.2872992643957,73.33414623082014,0.160081493495577,0.0357536728513672,4.039337841447865,-2.0983208042262813,2.414616762063522,0.505,400,56.59673830723,56.43665681373444,0.1205777572546331,0.0340136054421833,0.9362375932429596,-0.4454947707160066,0.719071801382416,0.505,400,97.1802919827829,97.0597142255283,-0.1480493664569308,-0.1570019232048496,2.176440079300194,-1.5904229440700617,1.3544332776077086,0.4675,400,11.02616423286201,11.17421359931894,0.255598634844593,0.0098095207784805,2.9252127365473384,-1.169131515965617,1.5785844159149178,0.5,400,29.935491921795023,29.679893286950428,0.0473635715138823,0.2122278021856516,6.252262875628684,-1.9051651238232927,2.1688776937225365,0.525,400,31.8368606400909,31.789497068577017,-0.8488723295600845,0.0386654349262354,37.31244416565999,-3.5204730913282107,3.5449084188589,0.505,400,67.68302915751242,68.53190148707252,0.0076330407753266,0.0,0.2906408631672104,-0.1529588575960256,0.1851300316916939,0.4875,400,15.380386407099534,15.372753366324208,1.0769951492494831,1.0526174121872849,6.264278538146836,-2.4471590615627994,4.838624631272404,0.5775,400,45.44842375387745,44.37142860462797,-2.108492505935085,-1.839750066866774,6.928998642143619,-6.336576082936785,2.329444825359513,0.375,400,34.42592775194039,36.53442025787548,0.6761800346765537,0.429702878877741,6.81677162871688,-3.479119640479702,4.556748046098537,0.54,400,42.91294450189973,42.23676446722318
platy_not_human,add_a1.0,400,5.0,195.47,3.151728390735169,2.1211791256003885,6.15989013832224,-0.4762519549526978,4.99114923889654,0.7,400,44.005835277004536,40.85410688626937,3.1145169359661957,2.163555307885204,6.023903754684863,-0.5442727609178384,4.8605200945626486,0.7125,400,42.68362485622508,39.56910792025888,3.6038759547044026,1.2798960790260452,8.531695856438539,-0.6887112335539882,4.321446149599655,0.67,400,76.93802218552453,73.33414623082014,0.9319070066253996,1.0079553053033727,5.398453212158513,-1.6847943491557995,3.753818351442808,0.615,400,57.36856382035983,56.43665681373444,0.0206647470721342,0.0500370535052567,0.9827750935551912,-0.5624375624375624,0.5211893369788037,0.505,400,97.0803789726004,97.0597142255283,0.3937094997692665,0.2764650787326443,2.3367132876519805,-1.086860559858644,2.0383347031634216,0.5625,400,11.567923099088206,11.17421359931894,2.7580188909659027,1.6919762327533103,4.662512156867608,0.0391289696776286,4.35019710653111,0.755,400,32.43791217791633,29.679893286950428,-3.633328014871296,-1.0213996153977192,9.325385179526112,-4.112838583222912,1.1487939097513165,0.37,400,28.15616905370572,31.789497068577017,-24.00129901848718,-1.981685093504403,78.79396922955645,-7.620381076903741,1.4951430236806704,0.3525,400,44.530602468585336,68.53190148707252,0.0079394198045953,0.0,0.31241944293641,-0.1681972423431519,0.1866188343223607,0.48,400,15.380692786128805,15.372753366324208,9.425777005245852,8.421511600938832,8.362551613500619,3.9956569494766967,13.788857343396453,0.9075,400,53.79720560987383,44.37142860462797,-7.515913603824668,-7.216410480925916,7.325826898787729,-12.404381941556824,-2.677133510602964,0.145,400,29.018506654050807,36.53442025787548,2.5757841053526027,1.8446595838383573,7.304393962297888,-2.0993367343042184,6.0471596223472766,0.6175,400,44.81254857257578,42.23676446722318
platy_not_human,add_a1.0_L24,400,5.0,195.47,0.6061125013120003,0.2944543723755508,4.376847834911108,-2.0194843535499984,2.6275598464455445,0.54,400,41.46021938758136,40.85410688626937,0.661227950410404,0.39581021993083,4.174734970341186,-1.858602929341698,2.6256613756613785,0.5475,400,40.23033587066928,39.56910792025888,0.7216251635182005,0.3099067658066019,6.571541780416002,-1.5285044238952636,2.097295212747113,0.5575,400,74.05577139433834,73.33414623082014,0.2105295347268428,0.1777029240720864,4.255352282706731,-2.016098804934962,2.478988612130909,0.5275,400,56.64718634846128,56.43665681373444,0.1390786162960477,0.1246118012422385,1.0408221870454912,-0.5103126356925856,0.8107429718875387,0.5225,400,97.19879284182434,97.0597142255283,-0.1011434159477324,-0.1925530010711993,2.1461522516064635,-1.447291863100462,1.266268066825142,0.4575,400,11.07307018337121,11.17421359931894,0.7072559172597329,0.4578426808332967,2.9696968352186213,-0.8067319244053115,1.7936787861089476,0.59,400,30.387149204210164,29.679893286950428,-0.7375038979434362,-0.1317964360798384,7.322692709553249,-2.455729491888076,2.034687300978855,0.4775,400,31.051993170633576,31.789497068577017,-6.20925657590652,-0.4149699224882095,47.40985577757275,-4.119865528165391,3.1428211296433908,0.4725,400,62.32264491116599,68.53190148707252,-0.0063492762849031,-0.0014820644479121,0.3183363021385879,-0.176130261213939,0.1579059462168452,0.47,400,15.366404090039303,15.372753366324208,2.0122434318674096,2.1158022781803645,6.422253577148696,-2.565302696876799,5.997211193917389,0.605,400,46.38367203649539,44.37142860462797,-2.0652785075015654,-1.9889480505453427,7.003012040496124,-6.085109627589374,2.230936678305099,0.375,400,34.46914175037391,36.53442025787548,0.885352425911422,1.099583889626036,7.028754368595594,-3.1542112025631948,4.358709475693109,0.5825,400,43.1221168931346,42.23676446722318
platy_not_human,add_a2.0,400,5.0,195.47,4.3517018475617295,2.7223341936934595,8.226316494526367,-0.8023236053071816,7.589306681721961,0.7,400,45.2058087338311,40.85410688626937,4.36615561430437,2.7263951734539944,8.041712967483909,-0.6095842142353796,7.510245901639344,0.7075,400,43.93526353456325,39.56910792025888,5.9177875915343785,2.225323627585702,11.702807872353526,-0.6901210231422858,7.401168209924403,0.69,400,79.25193382235452,73.33414623082014,0.5055804997464864,0.7149240656284448,6.996445138913672,-2.8486034443607817,4.401913081941766,0.5475,400,56.94223731348092,56.43665681373444,0.1698419229654031,0.20909985064295,1.0779718907233389,-0.4765967820575341,0.8905472636816008,0.5625,400,97.2295561484937,97.0597142255283,0.2272987162602068,-0.0470399067594984,2.7813211035333585,-1.821423007504487,2.172346096795221,0.4975,400,11.401512315579147,11.17421359931894,4.124403131301522,2.51461096114255,6.272252338718411,0.0279593928369239,6.351685496613454,0.75,400,33.80429641825195,29.679893286950428,-6.174595657398018,-1.825581653444278,12.83240812990406,-7.779411463670991,1.2351541790922846,0.335,400,25.614901411179,31.789497068577017,-34.51682432174949,-3.120130316349792,110.19774805898764,-15.122495597172415,1.7953362502864785,0.32,400,34.01507716532303,68.53190148707252,-0.0013407106773401,-0.0034677651109489,0.3001314875584649,-0.1798988875329294,0.1615635628322316,0.4875,400,15.371412655646866,15.372753366324208,15.122811066231383,13.996260229626792,10.67665828181126,7.579947444302471,22.024510233383477,0.935,400,59.49423967085935,44.37142860462797,-14.450430222431228,-13.831026891502669,9.718948191856216,-21.1227537057191,-8.125285045826498,0.065,400,22.083990035444245,36.53442025787548,3.513936905035562,3.3055554668847087,10.163343097102524,-2.786106988712209,9.311485008070022,0.645,400,45.75070137225874,42.23676446722318
platy_not_human,add_a2.0_L24,400,5.0,195.47,1.6190670515645815,1.065099746292926,5.403468850638223,-1.50848569264339,4.003282814399055,0.59,400,42.47317393783396,40.85410688626937,1.6489295614381403,1.1090686274509771,5.201646664144045,-1.3996918962911291,3.692314966586816,0.6025,400,41.21803748169702,39.56910792025888,2.6118660951283585,0.7630294399769824,7.889836370340073,-1.1029953380738853,3.690519898160375,0.62,400,75.94601232594849,73.33414623082014,-0.2506495021765441,0.027061680949604,4.938833483029031,-2.80897472389198,2.3466386022373804,0.5,400,56.18600731155789,56.43665681373444,0.1060830667648997,0.0630047824102462,1.0076746412657325,-0.5435565653486982,0.7860770207363501,0.51,400,97.16579729229318,97.0597142255283,0.0168792368215773,-0.0219697667630915,2.4220055418390354,-1.5935585725213222,1.4386634878446254,0.4975,400,11.19109283614052,11.17421359931894,1.6021878147430038,0.6379616149386145,3.8325432030450113,-0.5776750485904047,3.045897626518988,0.61,400,31.28208110169344,29.679893286950428,-2.7328071105136877,-0.7284802740974623,8.866043049883666,-3.035502216045243,1.3495664705174626,0.4,400,29.056689958063327,31.789497068577017,-17.733229122594185,-1.2111739010341438,66.8402416591904,-6.238805643668959,2.1743243399376877,0.3825,400,50.79867236447833,68.53190148707252,-0.0073603835231958,0.0,0.3274179415752081,-0.1858039937703841,0.1768540884277341,0.49,400,15.365392982801014,15.372753366324208,4.6562565397383375,4.166222711255671,8.042244536469358,-0.4316250671435586,8.755790579853839,0.7325,400,49.02768514436632,44.37142860462797,-3.764390207165557,-3.3129322312401577,7.924947075005065,-8.923868941443356,1.6413872979208737,0.31,400,32.77003005070991,36.53442025787548,1.7512983205872985,1.5887295631198122,7.788548942845791,-2.4820887757853,5.699042539550721,0.6075,400,43.98806278781048,42.23676446722318
platy_not_human,add_a3.0,400,5.0,195.47,4.88362535109078,2.916736247131116,9.24278909512425,-0.7657783558909799,8.89614487969878,0.7,400,45.73773223736015,40.85410688626937,4.915593745036594,2.9218125018247605,8.99723567054648,-0.5875616631430614,8.82918552036199,0.7,400,44.48470166529547,39.56910792025888,7.219257881985889,2.999046634839303,12.983824251826466,-0.3204465107109762,9.118612669829188,0.725,400,80.55340411280602,73.33414623082014,0.1562491994696654,0.3021314237114758,7.910265411436531,-3.368947711964457,4.505690141531158,0.525,400,56.5929060132041,56.43665681373444,0.2209166362966571,0.2974347633790373,1.1724376646780414,-0.3991418902586474,0.9340425531914818,0.5975,400,97.28063086182492,97.0597142255283,0.0616965976689206,-0.0066376463331332,2.953732491635198,-2.1596578630208456,1.9911458698936813,0.5,400,11.23591019698786,11.17421359931894,4.821928753421859,3.0148456448682293,7.114851532530103,0.354487322593358,7.509762646122655,0.785,400,34.50182204037229,29.679893286950428,-7.553588080488354,-2.4868064378423504,14.194878010038575,-8.537052827440604,0.3203161139577917,0.2725,400,24.235908988088664,31.789497068577017,-37.46900077924433,-4.210333530448278,115.5861828284449,-14.35716202557698,0.3427371156546641,0.2675,400,31.062900707828188,68.53190148707252,-0.0084174085025572,-0.0014561375156567,0.3201726433292545,-0.2218245526656894,0.1887884200877438,0.4925,400,15.36433595782165,15.372753366324208,17.582361256187227,16.816830384053276,11.722641249906996,8.500959835875392,25.442519711141387,0.9475,400,61.953789860815206,44.37142860462797,-17.60445915086292,-17.34022702925747,11.083968108737915,-25.79438875603084,-9.33830098704971,0.04,400,18.92996110701255,36.53442025787548,3.810273438813571,3.364809081527348,11.731125986256265,-2.7296371456128847,10.037121163226471,0.6575,400,46.04703790603675,42.23676446722318
platy_not_human,add_a3.0_L24,400,5.0,195.47,2.6815169493384268,1.3526372512548548,6.568583637042689,-1.626202990899429,5.297010017395173,0.6225,400,43.5356238356078,40.85410688626937,2.734987975370247,1.3333333333333286,6.323159210983263,-1.4097744360902291,5.303921568627446,0.635,400,42.304095895629125,39.56910792025888,4.34995826179519,1.4618602399413447,9.835587249657657,-0.6475823607901958,4.801059961086871,0.68,400,77.68410449261532,73.33414623082014,-0.2670516377901102,-0.2418067519005546,5.76396050918539,-2.7972009357643746,2.696348019913639,0.4775,400,56.16960517594432,56.43665681373444,0.1813454290260655,0.2127659574467983,1.0595421170538917,-0.5019035532994884,0.8219696969697061,0.5575,400,97.24105965455438,97.0597142255283,0.0478753059520895,-0.1466450157657588,2.6786265350803338,-1.6432460916725145,1.6406996275636705,0.4875,400,11.222088905271027,11.17421359931894,2.633641643386337,1.3843406649126528,4.760004695968094,-0.1873271007386501,3.872195455203833,0.7075,400,32.31353493033677,29.679893286950428,-4.6414755865941455,-1.3078313012890224,10.890722576757089,-4.571321550814867,0.729012204080969,0.3375,400,27.14802148198287,31.789497068577017,-25.213941093869845,-1.9004120179412836,77.70215662468364,-9.163761534019375,1.1274151183641363,0.315,400,43.31796039320267,68.53190148707252,-0.0036952243298744,-0.0040556737182189,0.33113564516735,-0.1827939909190667,0.1625628239029093,0.4725,400,15.369058141994334,15.372753366324208,7.400812352858816,6.124204693821884,9.416915332359055,0.8090378139176995,12.953374693196867,0.79,400,51.7722409574868,44.37142860462797,-6.521100322393858,-5.954319716889095,8.405267461656846,-11.588251108675614,-1.0940397732702838,0.195,400,30.01331993548161,36.53442025787548,2.669696710974313,1.79718269556313,8.276688239813817,-2.190835691494767,6.459471857069104,0.6325,400,44.90646117819749,42.23676446722318
platy_not_human,add_a4.0,400,5.0,195.47,4.74796101959078,2.782698623472782,9.633070291828792,-1.5002680467513478,9.294132399539386,0.675,400,45.60206790586015,40.85410688626937,4.838495771293811,2.8020188863562367,9.386424471516962,-1.2108770276637273,9.221706226350186,0.68,400,44.40760369155269,39.56910792025888,7.600858250037644,3.1760065010933545,13.553979468417044,-0.2767606250634493,9.654007160807026,0.73,400,80.93500448085777,73.33414623082014,-0.3302997159643535,-0.1162780924973034,8.336046385572697,-4.150592765699917,4.580454968852045,0.4925,400,56.10635709777007,56.43665681373444,0.3366981490318314,0.3759398496240607,1.1519301506305564,-0.3969567959634261,1.0392156862745097,0.6025,400,97.39641237456011,97.0597142255283,-0.137764973671267,-0.3161029292605768,3.07963243766943,-2.196657938838801,1.7864080819519168,0.46,400,11.036448625647672,11.17421359931894,4.885725993262048,3.1022890136487344,7.392994855725678,0.2632218791334058,7.562425972955556,0.7625,400,34.56561928021247,29.679893286950428,-8.162992130947396,-2.8364857661083054,14.792104781145836,-9.656549444173807,0.2460094298707753,0.2625,400,23.626504937629612,31.789497068577017,-38.501580399501805,-5.131716234335451,117.1511136216001,-16.607276282353787,0.3927912200903192,0.2625,400,30.03032108757071,68.53190148707252,0.0112479271462336,0.0190839212879403,0.3100059312029889,-0.1461010742356365,0.1696855519391515,0.5375,400,15.384001293470442,15.372753366324208,18.896328254969216,18.448577775166257,11.833804658600172,9.948592168964185,27.218002496869268,0.9625,400,63.26775685959719,44.37142860462797,-20.17309494490578,-19.10716374232284,12.318313495000254,-29.613009052508502,-10.986769937613746,0.0325,400,16.36132531296969,36.53442025787548,3.8267455828048766,3.869261940978044,12.394510857920444,-2.721177944862154,10.039077732753078,0.6575,400,46.06351005002805,42.23676446722318
platy_not_human,add_a4.0_L24,400,5.0,195.47,3.20215474063651,2.052362722710498,7.406251848768925,-1.4152602406590766,5.778946234356759,0.65,400,44.05626162690587,40.85410688626937,3.251739875405037,1.9863945578231323,7.183349011996148,-1.4393939393939394,5.672473867595816,0.6625,400,42.82084779566392,39.56910792025888,5.350625572154069,1.7575937655598608,10.975713620487966,-0.7581588071731247,5.931577025041314,0.71,400,78.6847718029742,73.33414623082014,-0.4253309671830275,0.1559407698486552,6.457534182863657,-3.3781437982920828,2.95269437868782,0.52,400,56.01132584655141,56.43665681373444,0.1979963858539653,0.2133348503811589,1.0599158870488132,-0.4325874585486922,0.8539191161142412,0.54,400,97.25771061138224,97.0597142255283,0.0159394322560986,0.0264101935165324,2.7490985892801034,-1.833750153778144,1.7058879492784298,0.5,400,11.190153031575036,11.17421359931894,3.1862153083804112,1.8386533029131515,5.442362889093347,-0.1910565924374161,5.016251938890088,0.725,400,32.86610859533084,29.679893286950428,-5.81781541497696,-1.5920030875284894,12.044884359655216,-5.759211719472527,0.557004255030555,0.3125,400,25.97168165360005,31.789497068577017,-30.84509350301542,-2.8712098837753928,92.2422577017843,-13.361632795618402,0.8330049596127189,0.32,400,37.6868079840571,68.53190148707252,-0.0057058035060479,-0.0098114522516929,0.3111819206581352,-0.1778833835259168,0.1913473297570638,0.4625,400,15.36704756281816,15.372753366324208,10.144731537818313,9.443992308472868,9.929361869980278,3.2056219338599927,15.346671369064078,0.8725,400,54.51616014244629,44.37142860462797,-9.30044433316909,-9.629680674017058,9.569371110253256,-15.574203667953672,-3.002572786040705,0.1525,400,27.23397592470638,36.53442025787548,2.9842731532801587,2.026459421152282,9.153577576417574,-3.013706051938424,7.295681809084698,0.615,400,45.22103762050334,42.23676446722318
platy_not_human,add_cone_removed_a1.0,400,5.0,195.47,3.1164146647461792,2.280565773219088,5.949583926122815,-0.5442537506529002,5.377272565722375,0.71,400,43.97052155101554,40.85410688626937,3.091019342317333,2.235394574844122,5.782476999069221,-0.4464555052790278,5.2726696258719095,0.7,400,42.66012726257622,39.56910792025888,3.4647764827964007,1.5254636573670697,8.258953487873432,-0.7437397599727049,4.285394098450004,0.6625,400,76.79892271361653,73.33414623082014,0.9806700148366008,1.2211063059227882,5.507061317940858,-1.970669483011468,4.112880252748873,0.62,400,57.41732682857102,56.43665681373444,0.0506662962744051,0.0,0.9886104968058396,-0.5689935064935021,0.7121682665160947,0.49,400,97.1103805218027,97.0597142255283,0.4355766976655873,0.4098734757286921,2.2828835835503685,-1.098187976575734,1.9316953217757888,0.58,400,11.60979029698453,11.17421359931894,2.680837967080592,1.6647231965387306,4.467260591604,0.1457935801952823,3.908719838027304,0.78,400,32.36073125403102,29.679893286950428,-3.393879195671236,-1.1138214687272967,9.142986497177692,-4.3783402552468775,1.271954143579996,0.375,400,28.395617872905778,31.789497068577017,-23.09633301900673,-2.270584589450028,72.58652461510012,-7.852834136466474,1.6529798546868557,0.3525,400,45.435568468065775,68.53190148707252,0.0036957642925582,0.0015656322728956,0.3018991257571474,-0.1496639359872618,0.1628059064850022,0.5025,400,15.376449130616766,15.372753366324208,9.690021144660813,8.840713482917792,8.175535822526944,4.872946136977337,13.934151372507536,0.9125,400,54.06144974928878,44.37142860462797,-8.046122269875154,-7.460536353562347,7.927304472924712,-13.4362211638792,-2.880255616835595,0.14,400,28.48829798800032,36.53442025787548,2.704468277667916,2.2132898125133416,7.5023293758346785,-2.024475524475525,6.362266465679877,0.63,400,44.941232744891096,42.23676446722318
platy_not_human,add_gc_removed_a1.0,400,5.0,195.47,0.9409922335628907,0.7436027305701174,4.774634066945203,-1.823045768451598,3.050622313408427,0.565,400,41.795099119832265,40.85410688626937,0.8897236994555547,0.6842802587483447,4.56045039779217,-1.7968303826384917,2.8096037818000887,0.565,400,40.45883161971443,39.56910792025888,2.110293890970295,0.6000978985479506,7.670498451483013,-1.341940625949423,3.2058252466128927,0.5675,400,75.44444012179044,73.33414623082014,-0.7305674889110878,-0.348782101247739,4.153756748379572,-2.984429219019182,1.6887222430458737,0.4625,400,55.70608932482335,56.43665681373444,-0.1281918753599999,-0.1101055806938191,1.0393110324026698,-0.6986944104447126,0.4723049837486499,0.415,400,96.93152235016832,97.0597142255283,0.488316082859822,0.5364268345323882,2.1402089699685214,-1.011002804307434,1.9000037633022784,0.6025,400,11.662529682178764,11.17421359931894,0.4526761507030691,0.2114563308923109,3.490864115434068,-1.2121886788397471,1.8169355293214764,0.53,400,30.1325694376535,29.679893286950428,-2.506163976180509,-0.6039203114011205,8.679018543273335,-3.5726538360437736,1.4230158826215886,0.4275,400,29.283333092396507,31.789497068577017,-18.14754973158172,-1.0859023953084763,71.73950417711059,-6.959221454464159,2.278618641143445,0.44,400,50.3843517554908,68.53190148707252,-0.0137380048025358,-0.0030867358372492,0.2952742142694829,-0.1904862006999383,0.136129966467569,0.47,400,15.359015361521667,15.372753366324208,-0.9980938714707476,-1.2204933729997691,6.738697338353553,-5.0810051416369175,3.0678953170775385,0.3975,400,43.37333473315723,44.37142860462797,3.961911031600093,3.80590846448138,7.29097139087432,-0.7153437848792263,8.333159806316324,0.6875,400,40.49633128947556,36.53442025787548,1.0463074672737895,0.8978057349795492,7.585613974228536,-3.4765866873065026,4.723992427423227,0.555,400,43.28307193449697,42.23676446722318
platy_not_human,add_gc_removed_a1.0_L24,400,5.0,195.47,0.2397125207526049,0.0865796368176745,4.397801915140058,-2.3314987735917576,2.4288351788763336,0.5075,400,41.093819407021975,40.85410688626937,0.2638828158352431,0.0515463917525735,4.198956519869722,-2.175322871823356,2.294260144001079,0.5,400,39.83299073609412,39.56910792025888,0.6369009044519529,0.287760693722646,5.943723630641752,-1.813209875331172,2.275158263064757,0.5375,400,73.97104713527207,73.33414623082014,-0.2868277517961382,-0.3575376073478153,4.461956981838111,-2.778560614103874,2.318899491210688,0.4775,400,56.14982906193829,56.43665681373444,0.0507777198116873,0.0,0.9695146431110078,-0.5776198439241966,0.6494678606591968,0.495,400,97.11049194534,97.0597142255283,0.2037653860234134,0.198539573259179,2.3022226471725125,-1.3089264799849447,1.6136804329721135,0.5575,400,11.377978985342354,11.17421359931894,0.0359471347291916,-0.1037142149037517,2.965297337446356,-1.4706276397912088,1.349722344120229,0.4825,400,29.71584042167962,29.679893286950428,-0.8794224140275546,-0.2015420777531211,6.72709554186305,-2.6350750653736865,1.945213659478332,0.475,400,30.91007465454946,31.789497068577017,-7.299169913594198,-0.6294012954695081,42.07407328943389,-4.611415822735424,2.834468567730571,0.4575,400,61.232731573478326,68.53190148707252,0.0027427078235,0.0,0.3156896188049631,-0.1796551375262967,0.1780588733318251,0.4725,400,15.375496074147708,15.372753366324208,-1.0757202685336895,-1.300246223171449,6.348393960356609,-5.063452362395829,2.668814556800996,0.405,400,43.295708336094286,44.37142860462797,2.7008528490695887,2.530060171634471,7.541487579934052,-2.346530570754023,7.431581468250782,0.635,400,39.23527310694506,36.53442025787548,0.2992106164149181,0.127112008418873,6.820254336071902,-3.8761755919769616,4.178747436390591,0.5025,400,42.53597508363809,42.23676446722318
platy_not_human,add_own,400,5.0,195.47,3.4622216418327945,2.624881403340808,6.683964743999971,-0.7861876141560504,5.52583930091191,0.6875,400,44.31632852810217,40.85410688626937,3.434990746385972,2.5027825753214383,6.500848988379305,-0.7312067972350249,5.490671031096564,0.7,400,43.00409866664485,39.56910792025888,3.8082357868644983,1.3258166854831543,9.142049177127332,-0.8538814285677212,4.966094154641219,0.6325,400,77.14238201768462,73.33414623082014,1.2344387115461932,1.2904462314472234,5.286992125811212,-1.615177249411076,4.162207383959849,0.6225,400,57.67109552528063,56.43665681373444,0.0645722521589101,0.0,1.0604685144552104,-0.5701593698479535,0.7675182781565688,0.4975,400,97.1242864776872,97.0597142255283,0.4543008965654537,0.4283859455682965,2.470610257742407,-1.2816278617403376,2.114608637129063,0.565,400,11.628514495884394,11.17421359931894,3.007920745267341,1.8477041137121368,5.052163423277113,-0.0715436446856818,4.465667891307853,0.7375,400,32.68781403221777,29.679893286950428,-3.714815334301672,-1.0983484454975176,9.9748818029347,-4.59603972950525,1.4507239507257372,0.38,400,28.074681734275345,31.789497068577017,-24.124012968536015,-1.9456397565400945,79.79095034166646,-8.739524242027795,1.9555781669680168,0.375,400,44.4078885185365,68.53190148707252,-0.0210056770082654,-0.0140750122489609,0.3326584807683596,-0.1895479915554778,0.1680959759996518,0.475,400,15.35174768931594,15.372753366324208,9.611675405763304,8.802849798192149,8.886497437654981,4.151580812700989,13.905535634547476,0.875,400,53.98310401039127,44.37142860462797,-8.082502270740465,-7.408185161746648,7.787640195079071,-12.84449781407297,-3.230484407037415,0.13,400,28.45191798713501,36.53442025787548,3.08521295250477,2.3401321547675096,7.9453045882301,-1.7634651036764524,7.114645002937916,0.6325,400,45.32197741972796,42.23676446722318
platy_not_human,add_own_L24,400,5.0,195.47,1.0686047018268825,0.4773349130997406,5.139924650477154,-1.6498003668541497,3.0212215229624366,0.555,400,41.92271158809624,40.85410688626937,1.1103750646469153,0.5280585569884906,4.94157110434537,-1.5335515548281506,3.084719334719331,0.575,400,40.67948298490579,39.56910792025888,1.118542267400002,0.4988678876863375,7.853665190288277,-1.5789662428948574,2.328495862423228,0.54,400,74.45268849822013,73.33414623082014,0.4071588562904015,0.1129035018018242,4.4373109509927,-1.9592636413830269,2.666561726598699,0.51,400,56.84381567002483,56.43665681373444,0.119584514644452,0.1377505989156517,1.0020670249339982,-0.4347998571825329,0.7588344475879829,0.52,400,97.17929874017274,97.0597142255283,0.1010902294016592,-0.0216145590699756,2.240500601154807,-1.4832491032005377,1.447309233013968,0.495,400,11.2753038287206,11.17421359931894,0.9675144724252231,0.4331500447163758,3.698809391437817,-0.8011846673087666,2.137230584564369,0.5775,400,30.647407759375657,29.679893286950428,-1.1367969289457849,-0.3978639745037409,8.645690126651541,-2.574677825255945,1.6430127874122995,0.4475,400,30.652700139631232,31.789497068577017,-9.574712548655205,-0.7931976061334822,54.14268742276496,-4.41970201464584,2.720534853907262,0.4375,400,58.95718893841731,68.53190148707252,-0.0252658963401026,-0.032499283273939,0.327404036848731,-0.2056473555913847,0.164574591836752,0.4475,400,15.347487469984102,15.372753366324208,2.670917271538982,2.055420896128272,7.355649098322289,-1.6168481162107255,7.251800456484449,0.6375,400,47.04234587616696,44.37142860462797,-2.362420616078257,-2.514662601721003,7.42179663814634,-7.552943437704791,2.8603369014613227,0.3775,400,34.171999641797214,36.53442025787548,1.0108080672386703,0.9227610795451112,7.385997134102331,-3.269013997274868,5.4622874455586015,0.5425,400,43.24757253446185,42.23676446722318
platy_not_human,cross_gene_a1.0,400,5.0,195.47,3.2219643656222843,1.9917175149601647,6.107106745811076,-0.703012890770772,5.769048907110822,0.6625,400,44.07607125189166,40.85410688626937,3.223673312424834,2.0977845683728056,5.931913908279206,-0.5579953215341824,5.7162698412698365,0.675,400,42.79278123268372,39.56910792025888,3.6657506925434182,1.3884926888541926,8.659743049868725,-0.5227897892805942,4.08700597658131,0.6875,400,76.99989692336356,73.33414623082014,1.0064591277534134,0.9708735888457412,5.191910628096302,-1.872818753494672,3.899373630252015,0.5875,400,57.44311594148785,56.43665681373444,0.106354157532414,0.1355947784519173,1.0123532983901593,-0.5042801202076284,0.7729475287276699,0.545,400,97.1660683830607,97.0597142255283,0.4921342499978002,0.4355542962164795,2.38475608533168,-1.0131082322237732,2.006483687500733,0.59,400,11.66634784931674,11.17421359931894,2.729830115624484,1.6399979632535544,4.580316066247532,-0.1168467147774325,4.288216092200071,0.7275,400,32.40972340257491,29.679893286950428,-3.745994216459039,-1.1097750468589016,9.628271496315074,-3.966038745638048,0.9559351716950966,0.3575,400,28.04350285211798,31.789497068577017,-22.98190872157185,-1.9218757792250096,72.44793449060198,-7.888261850930824,1.4719196804512942,0.33,400,45.54999276550066,68.53190148707252,-0.0279412924955182,-0.0141781226814527,0.3428576217944153,-0.2024052326416692,0.1613794717279253,0.4725,400,15.344812073828688,15.372753366324208,9.304411828321616,8.093041208064928,8.210519138889994,3.973996938688524,12.997393635730798,0.915,400,53.67584043294959,44.37142860462797,-7.765825290314057,-7.397657551013024,8.067735818099443,-13.290308806449412,-2.732971848961463,0.1575,400,28.768594967561413,36.53442025787548,3.272377235488495,2.8899649384696566,8.065561668932855,-1.8651554712914429,7.735013690226818,0.6525,400,45.50914170271167,42.23676446722318
platy_not_human,panel_other_k5,400,5.0,195.47,2.2480722055571647,1.2952308076066288,5.834549287463259,-1.0428512661801488,4.596237894992349,0.6325,400,43.10217909182653,40.85410688626937,2.248419486789021,1.38547408722928,5.69555736511512,-1.083709037076915,4.488990984743413,0.6425,400,41.8175274070479,39.56910792025888,2.966791796670168,0.9336690211914344,8.240761261783591,-1.0749072113377842,4.248816030381633,0.635,400,76.3009380274903,73.33414623082014,0.2785598856618774,0.1840510685599241,5.328497140668119,-2.389171756423803,3.0059102965482047,0.5375,400,56.71521669939631,56.43665681373444,0.0599318852255624,0.0,0.9937912225672092,-0.6168179646440528,0.6789291217257372,0.4825,400,97.11964611075386,97.0597142255283,0.1531520980252337,0.1330614393322053,2.285534566841347,-1.3432076476740409,1.7663677072265127,0.5175,400,11.327365697344174,11.17421359931894,2.0949201075319315,1.1472222754224166,4.406413393633471,-0.4143116490672227,3.761713782584427,0.6675,400,31.77481339448236,29.679893286950428,-3.079981656933053,-0.7551279553751797,9.054906676931616,-3.6158490262961367,1.4088131055514843,0.42,400,28.70951541164396,31.789497068577017,-19.912226910787084,-1.5742765804837386,62.46972099215955,-6.478107883933354,1.9606445968333324,0.4075,400,48.61967457628543,68.53190148707252,0.0008156074363249,0.0,0.3138669702840994,-0.1560164952644389,0.1866952294105235,0.485,400,15.373568973760532,15.372753366324208,8.01749295088444,7.022919500994201,8.959231445994583,1.787604688816618,12.703264018786715,0.8325,400,52.38892155551242,44.37142860462797,-6.68095806393539,-6.462037269843021,8.410786240588997,-11.379868092233275,-1.6227919881221933,0.19,400,29.85346219394009,36.53442025787548,1.7821430867579964,1.4310920743186737,7.596658207154904,-2.734506176322608,6.397118081080346,0.595,400,44.01890755398117,42.23676446722318
platy_not_human,panel_same_k5,400,5.0,195.47,3.4049122833737044,2.1868582063821336,6.210179609546024,-0.2929778687814828,5.038889189118031,0.715,400,44.25901916964307,40.85410688626937,3.3476977380026525,2.0115037519420795,6.039690320955399,-0.2757148704754133,4.856264539714189,0.715,400,42.91680565826153,39.56910792025888,3.508331617272333,1.3678037150805764,8.173565391371623,-0.6676692284062646,4.516271833609796,0.6725,400,76.84247784809247,73.33414623082014,1.3655738268169744,1.199081677507678,5.358596607946233,-1.5005213288896575,3.7117965914074738,0.6175,400,57.80223064055141,56.43665681373444,0.0077980952779851,0.0,1.059926415704472,-0.6205566935775444,0.6352010768971894,0.48,400,97.06751232080627,97.0597142255283,0.5777433632747221,0.5251474327675254,2.3438689427904253,-1.185805671712783,2.2107548189573785,0.5925,400,11.751956962593663,11.17421359931894,2.8271689200989827,1.5925144526517805,4.762521636210881,-0.0578052923834118,4.211721423170182,0.7375,400,32.507062207049415,29.679893286950428,-3.4831353722173084,-1.0363112506271293,8.959744661545008,-4.044850811639704,0.966877609220984,0.3675,400,28.30636169635971,31.789497068577017,-20.037861866818595,-1.9429557855192403,75.07359385201464,-7.894772381598525,1.4169155194774952,0.335,400,48.49403962025392,68.53190148707252,0.0121447337773083,0.0052514491602551,0.290167160913253,-0.1638662801243424,0.2054975806988994,0.515,400,15.384898100101516,15.372753366324208,7.087388362865373,6.293510033541445,9.31184534208986,0.8107664971245496,12.210128434355962,0.78,400,51.45881696749334,44.37142860462797,-5.556160622435498,-4.404700358967212,10.430075748593358,-12.270449959263455,1.6394625900780575,0.305,400,30.97825963543997,36.53442025787548,2.6127678710679487,1.8191311612364205,7.877687154718485,-2.401316941466739,7.416966272048311,0.6175,400,44.84953233829113,42.23676446722318
platy_not_human,random_a0.5,400,5.0,195.47,-0.0795187633497323,-0.0912461025468083,3.996754166371036,-2.3010747178862943,2.1172272319148018,0.4825,400,40.77458812291964,40.85410688626937,-0.0246341508249233,-0.0341296928327672,3.803301006276249,-1.942709189544637,2.072734957350338,0.4775,400,39.54447376943395,39.56910792025888,-0.3136744835755249,-0.2006203705031879,5.751048234780235,-2.1773175109128333,1.6540570529849017,0.4725,400,73.02047174724461,73.33414623082014,0.1998412684343259,0.2504473588184837,3.8001678149911498,-2.2972103442402023,2.693879492820958,0.54,400,56.63649808216876,56.43665681373444,0.1146797358107017,0.1023345896147418,0.9902589677584862,-0.4848544453186498,0.7539893617021285,0.5175,400,97.174393961339,97.0597142255283,-0.0283347750679519,-0.0272469398511336,2.111410070711304,-1.1391922172272122,1.078950202673783,0.4925,400,11.14587882425099,11.17421359931894,-0.0511839882817807,0.0216727066880721,2.6775413367090084,-1.2362677295155606,1.2154784695803782,0.5075,400,29.62870929866865,29.679893286950428,0.2344710749989504,0.3723205836653278,6.375432200359839,-1.842039476766942,1.9908592797094975,0.53,400,32.02396814357596,31.789497068577017,1.1766224239518912,0.4591606897538618,34.25869823460386,-3.553152875090605,3.6569427834795833,0.5325,400,69.7085239110244,68.53190148707252,-0.0095306475321494,-0.0264091886082455,0.3088827667824345,-0.1776347320019033,0.1573805551003757,0.4375,400,15.363222718792056,15.372753366324208,0.1060975740803177,0.4432937278627928,5.990079276721639,-3.515341798547203,3.871322252301945,0.525,400,44.47752617870829,44.37142860462797,-0.6113834628670017,-0.5835236078176909,7.187433086048016,-4.791942174148615,3.6784162434931833,0.4525,400,35.92303679500847,36.53442025787548,0.2565247713401637,0.3136922074488133,6.61797265103463,-3.0487689257503483,3.968753060664824,0.52,400,42.493289238563335,42.23676446722318
platy_not_human,random_a1.0,400,5.0,195.47,-0.0327098970451215,0.2823751593237382,4.325704103137863,-2.362109747126217,2.632782175764154,0.535,400,40.82139698922425,40.85410688626937,-0.0221996700270096,0.2447055301953185,4.122757589266895,-2.1007001422163896,2.515999470362363,0.5275,400,39.546908250231866,39.56910792025888,-0.4070703910447234,-0.0470115698011852,6.550505644948221,-2.093776578927706,1.884046341666604,0.4975,400,72.92707583977541,73.33414623082014,0.2699972740562329,0.3670313836430523,4.073758676678286,-2.220342090032821,2.8629800675930657,0.5425,400,56.70665408779066,56.43665681373444,0.0327079902434711,0.0,1.0435421057388978,-0.5848318348318315,0.6352813852813846,0.4975,400,97.09242221577176,97.0597142255283,0.0349011600412609,0.0638822484275823,2.103464321216697,-1.3609507341842595,1.4933345424361435,0.5125,400,11.2091147593602,11.17421359931894,-0.0676110570863821,0.1127673434961842,2.9543414278163884,-1.3524647980412825,1.298628599379701,0.5375,400,29.61228222986405,29.679893286950428,0.3487029098009258,0.108837655687882,7.202846416729544,-2.015059018856511,2.188925108154365,0.5125,400,32.13819997837794,31.789497068577017,2.935936922859879,-0.0089541211668322,41.75649653292231,-3.598065325008225,3.577650112130857,0.5,400,71.4678384099324,68.53190148707252,0.0051446183355394,0.0,0.3151835538572756,-0.1676852103400925,0.1892848123983044,0.48,400,15.377897984659748,15.372753366324208,0.0449848382870962,0.3102208003766709,6.296505700034346,-3.6767258312210114,3.8559997578207312,0.52,400,44.41641344291507,44.37142860462797,-0.3438285277593692,-0.0971364726851451,6.7879523208597865,-4.513176365788421,3.671568627450979,0.4875,400,36.1905917301161,36.53442025787548,0.3592432457817884,0.470448207045905,6.916466719520681,-3.311028760813548,4.371144836929084,0.53,400,42.596007713004965,42.23676446722318
platy_not_human,random_a1.0_L24,400,5.0,195.47,-0.3174762270506448,-0.4414917779013549,4.55259583934265,-2.5650011004603925,2.0778655641495547,0.44,400,40.53663065921873,40.85410688626937,-0.2744978271553978,-0.2923602219376811,4.332639908529597,-2.451707955909629,1.869815748507163,0.4475,400,39.294610093103486,39.56910792025888,-0.6911497787359402,-0.1592196545000135,6.930492233719257,-2.220175530157661,1.4606728294192273,0.47,400,72.64299645208419,73.33414623082014,0.1820234200012699,0.0240488442276145,4.106214704354165,-2.415622190142102,2.4838756783101346,0.5,400,56.6186802337357,56.43665681373444,0.0892194435055772,0.1256038647342876,1.0575424754738585,-0.5766693322671017,0.7750896057347703,0.535,400,97.14893366903388,97.0597142255283,-0.1128974802067699,-0.1437258829605836,2.1777361231681405,-1.5107621791347394,1.197831174402585,0.475,400,11.06131611911217,11.17421359931894,-0.2045787468438746,-0.1541258897055932,3.149705119314541,-1.369980671817009,1.327764202432293,0.46,400,29.475314540106552,29.679893286950428,0.6810186422819285,0.3931143648157356,7.524911578478688,-1.4738199469948483,2.3289940997494014,0.5525,400,32.47051571085895,31.789497068577017,5.50878454451375,0.4799093528769216,47.88675682595929,-2.477401830163452,4.021773320344815,0.5375,400,74.04068603158626,68.53190148707252,-0.0135385618653061,0.0,0.3246460555299526,-0.1877655618533067,0.1800639835496769,0.49,400,15.359214804458905,15.372753366324208,-0.0172264920997194,-0.0281993934524749,6.484476662890013,-4.060740782410884,4.036361933478863,0.4975,400,44.354202112528256,44.37142860462797,-1.0771939457357025,-0.9030961791831352,6.970808864469137,-5.202322098039561,3.335167411083467,0.4275,400,35.45722631213977,36.53442025787548,-0.0175178202610373,0.2307273154544766,7.047557670287518,-3.976712797678848,3.6494028420423374,0.515,400,42.21924664696214,42.23676446722318
platy_not_human,random_a2.0,400,5.0,195.47,-0.1202120792104911,-0.2198108494652473,4.504317234324807,-2.410599685257406,2.357882837054067,0.465,400,40.73389480705888,40.85410688626937,-0.0828579166673895,-3.552713678800501e-15,4.320749469049999,-2.24617346938775,2.4719511257972773,0.48,400,39.48625000359149,39.56910792025888,-0.2937876908456789,-0.2411637316212562,6.448367592621503,-1.8252939636921184,1.6401876728205735,0.47,400,73.04035853997446,73.33414623082014,0.0134247372349102,0.0319098141169718,3.920255806774759,-2.5402579849959093,2.613711684169905,0.5025,400,56.45008155096934,56.43665681373444,0.0706610564031541,0.0952921157118567,1.1065136096660335,-0.5824619335901744,0.8210414571460483,0.515,400,97.13037528193144,97.0597142255283,0.0128797145866798,-0.1009024241632969,2.2256679195861806,-1.4425033673855436,1.4542678217119476,0.48,400,11.18709331390562,11.17421359931894,-0.1330917937971704,-0.0455648749385986,3.0836923976269883,-1.358188693149062,1.2562589966297797,0.485,400,29.54680149315326,29.679893286950428,0.2682592575434032,0.2608620090306299,6.898950816241993,-1.490170733327231,2.1482097499367176,0.55,400,32.05775632612042,31.789497068577017,1.330804081611452,0.4383346157860543,37.20092782321038,-2.891460956543913,4.047027803857744,0.54,400,69.86270556868396,68.53190148707252,-0.0015036077986641,-0.0065814075746915,0.2929046944852853,-0.1579914177059336,0.1805355934114532,0.4625,400,15.371249758525543,15.372753366324208,-0.3531552776084817,0.1979133358491562,6.924506771861505,-4.293174495905234,3.704275129034482,0.515,400,44.018273327019486,44.37142860462797,0.15606990566915,0.0529289004779656,7.5136691309691805,-4.746424266926279,4.603215714513773,0.5025,400,36.690490163544624,36.53442025787548,0.337386894265433,0.4644254607065257,7.3543796661849665,-3.252088554720136,3.8615542624674495,0.5275,400,42.57415136148861,42.23676446722318
private,add_a0.5,400,5.0,55.8575,1.2395332354098434,0.5710115120183978,6.85462933538896,-2.4915059141065328,5.206374886701537,0.5575,400,38.70797512083082,37.46844188542099,1.256131237258453,0.7878411910669918,6.621321523716572,-2.33560794044665,5.115501519756842,0.5575,400,37.46067444049613,36.20454320323767,0.9097476920424488,0.125216001064885,9.224589314031263,-2.955279369119932,4.1243189099261,0.5125,400,71.11025992040376,70.20051222836132,1.5850828657226304,1.0554074491017431,8.971526681097764,-2.644676992217041,5.197086122717288,0.5775,400,52.96744716357611,51.38236429785347,0.0497115493354622,0.0,1.9827138544487584,-0.9556650246305408,0.9535201640464804,0.4425,400,96.95692144569084,96.90720989635538,0.0242288103289212,0.1372563101486918,3.4932605534783696,-2.2779859544556578,2.4480012911831777,0.51,400,9.364449907515318,9.340221097186395,1.215304425080922,0.9417465081760774,4.9134066878097125,-1.1198719649722788,3.273949016192696,0.615,400,29.343525213315512,28.128220788234582,-0.8699152509719685,-0.0689042464519946,9.511880332736975,-4.069477308063482,3.18286989997517,0.4875,400,29.37494846003367,30.24486371100564,-14.308302479333696,-0.032302411585487,153.14346474191169,-7.7548272298697665,6.744566889961964,0.49,400,96.26503541073224,110.57333789006596,0.0,0.0,0.0,0.0,0.0,0.0,400,0.0,0.0,4.153626048338572,4.465495744565512,11.975029896616617,-1.3504114447002884,10.363562091503267,0.6852791878172588,394,45.38318278508349,41.22955673674492,-3.875817779743781,-3.504429105522433,10.616586762732249,-10.0,2.662698412698408,0.3215189873417721,395,30.14037865832783,34.0161964380716,1.9068338786807948,1.3301336344814558,9.77447926031761,-3.868131868131865,8.224534161490677,0.5620253164556962,395,41.86512746209952,39.95829358341872
private,add_a0.5_L24,400,5.0,55.8575,0.0749551413275871,0.0963225835253176,6.475154708676482,-3.6269537035907726,4.0909622066625015,0.51,400,37.54339702674857,37.46844188542099,0.1600297044277207,0.3678047171367313,6.298016821858149,-3.409238776837997,4.174382716049388,0.5025,400,36.36457290766539,36.20454320323767,-0.215681029065002,-0.3418129441268078,7.944744193803831,-3.809186920079615,3.301914965574083,0.46,400,69.98483119929631,70.20051222836132,0.6518955812916194,0.5814826931102814,8.359808955476147,-3.458970566694246,4.969922933799431,0.5425,400,52.034259879145104,51.38236429785347,0.2025893194414965,0.1594865929597091,1.8663712313365028,-0.6751095029518233,1.1823529411764788,0.505,400,97.10979921579688,96.90720989635538,-0.1315776144901781,0.0,3.6128004468176855,-2.4146529450925467,2.3482206336001745,0.49,400,9.208643482696218,9.340221097186395,0.2065327558177654,0.1931779833870344,4.311949961893435,-1.861354258903373,2.353467196638788,0.5275,400,28.33475354405235,28.128220788234582,0.293828562338687,0.4966028954278112,7.994240266639817,-3.190850283355881,4.240110466293738,0.5325,400,30.538692273344324,30.24486371100564,-8.876057074349795,0.6943889013398667,138.60073215055294,-6.37443972400228,7.350819058451457,0.545,400,101.69728081571618,110.57333789006596,0.0,0.0,0.0,0.0,0.0,0.0,400,0.0,0.0,1.0065675356625434,1.5792239023400043,11.901928369384912,-4.770440043272856,7.125371360665478,0.5482233502538071,394,42.23612427240746,41.22955673674492,-2.1357064859524213,-2.333333333333332,10.646718182448478,-7.94949494949495,4.631868131868131,0.4075949367088607,395,31.880489952119184,34.0161964380716,0.664461507044447,0.3232323232323217,9.906198298825188,-6.253374016531911,7.386456336920737,0.5063291139240507,395,40.62275509046317,39.95829358341872
private,add_a1.0,400,5.0,55.8575,2.69022724064444,1.547294336791957,8.062402766984365,-2.073177207764332,6.658953782567659,0.605,400,40.15866912606543,37.46844188542099,2.6714542756154787,1.5779645191409912,7.898330852901739,-2.151300236406618,6.865808823529412,0.6025,400,38.87599747885315,36.20454320323767,3.5744462859634663,1.0462375240100776,10.336195140134294,-1.8812528988778503,5.858191726833306,0.585,400,73.7749585143248,70.20051222836132,2.3334682878786803,1.289542605798168,9.560566464106058,-3.026942141290192,6.5479444128606925,0.5775,400,53.71583258573215,51.38236429785347,0.0833277698887288,0.0,1.9278510000531643,-1.1019536019535998,1.1111111111111145,0.46,400,96.99053766624412,96.90720989635538,0.2707270070510265,0.284788627576896,3.659470510532767,-2.066580226584019,2.5068681318681314,0.5325,400,9.610948104237425,9.340221097186395,2.4195002335934133,1.3608607461126478,5.741694053020762,-1.0739139290040702,5.001825239892275,0.655,400,30.547721021828,28.128220788234582,-3.5528853622679906,-1.2810750531735842,10.771535616563645,-6.009279305645965,2.347543676455712,0.405,400,26.69197834873765,30.24486371100564,-50.54118656273622,-2.317009335714109,163.4548685194374,-13.148521684253009,4.312933764209852,0.4,400,60.03215132732976,110.57333789006596,0.0,0.0,0.0,0.0,0.0,0.0,400,0.0,0.0,9.240294314909043,9.508424908424914,14.134104227501217,2.7911142462850167,15.32198438816086,0.817258883248731,394,50.469851051653976,41.22955673674492,-7.217048750873634,-7.346960405783935,10.82564582817897,-14.604700854700855,-0.0949062379268301,0.2177215189873417,395,26.799147687197976,34.0161964380716,2.799127902564143,2.418809948221714,11.095448784972874,-3.979949874686716,9.41004731702406,0.5772151898734177,395,42.75742148598287,39.95829358341872
private,add_a1.0_L24,400,5.0,55.8575,0.4288235324965023,-0.0208921513269331,6.740638025517799,-3.150057358427844,3.879364839662939,0.4925,400,37.89726541791749,37.46844188542099,0.4704083661440663,0.0,6.5069616133039005,-3.2258064516129057,3.6539424280350423,0.4925,400,36.67495156938174,36.20454320323767,0.7809209671203395,0.0075493612079,8.88145956340955,-3.3018998319181563,3.835035816942325,0.5,400,70.98143319548166,70.20051222836132,0.2887620447912331,-0.1859800687661703,8.444870711993167,-3.499820032978322,4.486754736304306,0.4825,400,51.67112634264471,51.38236429785347,0.1950583612151327,0.0,1.93860169845037,-0.9685248982148345,1.2066447608616215,0.48,400,97.1022682575705,96.90720989635538,-0.1913258501919999,-0.1204093798691676,3.3736859107933737,-2.2515682600530265,1.807205728693238,0.4575,400,9.148895246994396,9.340221097186395,0.6201493826885024,0.6614875760318455,4.404965120437721,-1.4956878053183074,2.6649115940082364,0.5675,400,28.74837017092309,28.128220788234582,-0.7384861253601216,0.010094454350269,9.195270967815894,-4.005243334924965,3.2922887496582245,0.5,400,29.50637758564552,30.24486371100564,-11.912602787498503,-0.1182790489247125,152.63430513760218,-8.658110467648108,5.915812148949224,0.495,400,98.66073510256749,110.57333789006596,0.0,0.0,0.0,0.0,0.0,0.0,400,0.0,0.0,1.4983771947629474,1.8300571804546788,11.722683286626822,-4.550109984982408,8.325501253132828,0.5736040609137056,394,42.72793393150787,41.22955673674492,-1.760638477273048,-0.7272727272727266,11.07274165121885,-8.664799253034545,4.924242424242426,0.4430379746835443,395,32.25555796079856,34.0161964380716,1.087947507910786,1.1891963109354435,10.23094495129514,-4.649114774114771,6.666666666666661,0.5443037974683544,395,41.04624109132951,39.95829358341872
private,add_a2.0,400,5.0,55.8575,4.75944169453065,3.0132158759882337,10.662701187253235,-2.2300891282099258,9.4990140382215,0.64,400,42.22788357995163,37.46844188542099,4.818885438990426,3.131127450980397,10.465163244617186,-2.063492063492064,9.394886363636363,0.63,400,41.0234286422281,36.20454320323767,6.378137061218061,2.478180551277404,14.058964112790472,-2.0103392872417167,8.160023354593022,0.6625,400,76.57864928957937,70.20051222836132,3.3453795102506643,2.6167390261060355,11.435183940413582,-2.7943771369437336,8.323935353510397,0.63,400,54.727743808104144,51.38236429785347,0.2866331225784104,0.2299154334037965,1.9415683584985164,-0.8049180327868832,1.3490737928940142,0.5125,400,97.1938430189338,96.90720989635538,0.4168527131118451,0.2582112937540506,4.369574664463268,-2.660730666246794,3.2617521853959457,0.52,400,9.75707381029824,9.340221097186395,4.342588981418805,2.70434183325818,7.68529815398391,-0.348710873234018,7.470815860266751,0.7225,400,32.47080976965339,28.128220788234582,-6.531191812913485,-2.5550744140683177,14.742719122712314,-8.813271661060757,2.1342491490849214,0.3475,400,23.71367189809215,30.24486371100564,-74.76949809240628,-4.66459777589084,234.8788924856396,-20.188194846089583,3.2265480019239687,0.3525,400,35.80383979765969,110.57333789006596,0.0,0.0,0.0,0.0,0.0,0.0,400,0.0,0.0,16.006032515520552,16.095631234950115,14.740794745087577,6.7365617025717,23.804855275443515,0.8781725888324873,394,57.23558925226548,41.22955673674492,-12.436854703797549,-12.0,12.793354961885653,-21.210901027077497,-4.340867955573836,0.1518987341772152,395,21.57934173427406,34.0161964380716,3.923891878197409,3.333333333333336,14.03873618012873,-4.07728494623656,11.813852813852815,0.6,395,43.88218546161613,39.95829358341872
private,add_a2.0_L24,400,5.0,55.8575,1.5829419892928374,0.8245645223826443,7.918357220956824,-3.1990942791680057,5.056429567472858,0.56,400,39.05138387471382,37.46844188542099,1.6014141139253053,0.8541033434650416,7.702409410821938,-2.874564459930312,5.008992805755398,0.5575,400,37.80595731716298,36.20454320323767,2.8393044321656906,1.0612862151559668,10.61078433681455,-2.6335706730443533,5.269269902324094,0.595,400,73.03981666052701,70.20051222836132,0.9681134281557988,0.3611060617625483,9.255148796262796,-3.358924183466737,4.737193373762766,0.5325,400,52.35047772600928,51.38236429785347,0.0393191913125112,0.0,1.8007811540383958,-0.9709044908285912,1.1764705882352935,0.425,400,96.9465290876679,96.90720989635538,-0.060424486263476,0.0227270617621502,3.6664356567419993,-2.5386843841864835,2.1922782223808133,0.5,400,9.27979661092292,9.340221097186395,1.6433664755563135,1.1207451008796028,5.550735726250907,-1.2927000451879858,3.755063644181496,0.6225,400,29.7715872637909,28.128220788234582,-2.783704646420801,-1.0785342110476837,10.92968063486436,-4.852913752913754,2.6584655142816453,0.4,400,27.46115906458484,30.24486371100564,-41.95510117215596,-2.059369108421871,145.47298030218138,-11.468640188334586,4.416084057191696,0.3975,400,68.61823671791,110.57333789006596,0.0,0.0,0.0,0.0,0.0,0.0,400,0.0,0.0,4.732120688955601,3.850575724360894,12.38632556369816,-1.624627300011758,11.075034620397526,0.6776649746192893,394,45.96167742570052,41.22955673674492,-3.186527759481729,-3.272727272727277,11.876219974593395,-10.12121212121212,3.971783047870004,0.3620253164556962,395,30.82966867858988,34.0161964380716,2.029330670992932,1.312546071059998,11.27324220014874,-3.6237373737373737,8.27012024440722,0.5569620253164557,395,41.98762425441165,39.95829358341872
private,add_a3.0,400,5.0,55.8575,5.761416303671397,4.013933943933612,12.08225332217298,-2.778926318881925,11.641413541462926,0.6425,400,43.229858189092376,37.46844188542099,5.771324592951681,3.827838827838832,11.789115651297797,-2.2222222222222223,11.35448916408669,0.64,400,41.97586779618936,36.20454320323767,8.298352554117619,3.819344736819616,15.787514724986448,-0.8123768464115386,12.025960560571502,0.7075,400,78.49886478247895,70.20051222836132,3.400409223861242,2.12943569173012,12.54406122847499,-3.5989076069253816,8.723850668732684,0.6125,400,54.78277352171472,51.38236429785347,0.219895402118837,0.0,2.100975285199526,-1.0,1.3722248464808615,0.495,400,97.12710529847423,96.90720989635538,0.5410222330260298,0.1017391585218732,4.395633332917123,-2.6294676823953163,3.3834702732529776,0.505,400,9.881243330212426,9.340221097186395,5.220394070645368,3.5856614501170743,9.128112601687272,-0.695969074983763,9.34362723732278,0.7125,400,33.348614858879955,28.128220788234582,-8.409377431997248,-3.766550899132272,16.77735152314574,-12.2567844026613,1.1144404508133432,0.305,400,21.835486279008396,30.24486371100564,-79.732023939835,-6.05665391108192,241.29860373633767,-24.83739297261224,1.7504409513407158,0.305,400,30.84131395023095,110.57333789006596,0.0,0.0,0.0,0.0,0.0,0.0,400,0.0,0.0,19.27675558858233,18.7689393939394,18.09125630126317,9.005189255189254,28.87005442789706,0.883248730964467,394,60.50631232532725,41.22955673674492,-15.023557864701996,-14.727272727272734,14.463134446591786,-25.791777709734365,-4.625,0.1392405063291139,395,18.99263857336961,34.0161964380716,5.287712527382066,4.404761904761905,16.30048965027631,-4.184909665426481,13.83194391815081,0.640506329113924,395,45.24600611080079,39.95829358341872
private,add_a3.0_L24,400,5.0,55.8575,3.021482114144036,1.018078993534612,8.872875694810585,-2.1284205660144355,6.371425826416573,0.57,400,40.489923999565015,37.46844188542099,3.053065176009833,1.17647058823529,8.616958538578462,-1.9634146341463372,6.5952380952381,0.5875,400,39.2576083792475,36.20454320323767,4.907429251324922,1.6957917493944592,12.619047213213584,-1.5122717616834755,7.0123143749253565,0.65,400,75.10794147968623,70.20051222836132,1.8702931800436644,0.4682178355937694,10.099156459039442,-3.3761910124558216,5.679487453635613,0.5375,400,53.25265747789714,51.38236429785347,0.2364648544752939,0.0775193798449649,1.9191307111732177,-0.9630893300248182,1.345482013029926,0.505,400,97.14367475083068,96.90720989635538,0.2229709688773611,-0.0259324972833248,3.777860587748136,-2.221534215520171,2.282773984377584,0.485,400,9.563192066063756,9.340221097186395,2.7985111452666747,1.3850567915108467,6.3129649890749935,-0.5581422015165857,5.2262993066260925,0.69,400,30.92673193350126,28.128220788234582,-4.979015431582197,-1.8988567200013675,13.137731002260631,-6.985673283757319,1.9169480493009887,0.3775,400,25.265848279423444,30.24486371100564,-57.308759592455175,-3.5275059904023784,184.95101590968585,-18.146421868292823,2.8441066793763152,0.355,400,53.2645782976108,110.57333789006596,0.0,0.0,0.0,0.0,0.0,0.0,400,0.0,0.0,7.583358954486795,6.659932659932657,15.04367514928076,0.0,15.11845932705066,0.7411167512690355,394,48.81291569123172,41.22955673674492,-5.095845742201553,-4.952380952380956,11.963503028664,-12.666666666666668,1.6904761904761916,0.3088607594936708,395,28.92035069587005,34.0161964380716,3.6831022626300434,2.6666666666666714,11.94321709461203,-3.4384236453201997,9.493900302595954,0.6253164556962025,395,43.641395846048766,39.95829358341872
private,add_a4.0,400,5.0,55.8575,6.0906561041873735,3.722328325269501,12.426934106424014,-2.433248259240885,12.426376642201944,0.6575,400,43.559097989608354,37.46844188542099,6.13454424010897,4.016129032258068,12.191056200389813,-2.4322289156626526,12.614416475972542,0.665,400,42.33908744334664,36.20454320323767,9.266393088108709,4.151032560792721,16.29649181629101,-0.6480599070478981,12.829003122988324,0.7125,400,79.46690531647002,70.20051222836132,3.003514087352305,1.843093826707093,13.0851865933993,-4.776912101112874,8.13047101336934,0.5825,400,54.38587838520578,51.38236429785347,0.3704454782443072,0.3077651515151487,1.9533651672341557,-0.7208994708994751,1.6054054054053992,0.5375,400,97.27765537459968,96.90720989635538,0.3388446853606882,-0.0939645934782071,4.6226931402024185,-2.6777099382424896,3.342330085711972,0.47,400,9.679065782547084,9.340221097186395,5.751811418826685,4.32825952281174,9.084612265665529,-0.2114595370251111,10.267730932536844,0.735,400,33.88003220706127,28.128220788234582,-9.463359520564968,-4.382134255906839,17.071473155924743,-12.783996631878534,1.1891186290781035,0.305,400,20.781504190440668,30.24486371100564,-81.8677955974772,-7.584972333473933,242.65690087123164,-27.58473284902765,1.7015742514014418,0.2925,400,28.70554229258877,110.57333789006596,0.0,0.0,0.0,0.0,0.0,0.0,400,0.0,0.0,21.117431934531535,20.827718175544263,16.709543120824467,10.923600928641251,30.777115299561125,0.9263959390862944,394,62.346988671276456,41.22955673674492,-17.837150285242206,-17.633477633477636,15.752863441916215,-28.661492374727665,-6.975490196078432,0.1088607594936708,395,16.179046152829397,34.0161964380716,5.779624835672285,5.0,17.123640204586444,-4.348205071502285,13.603775853775854,0.6556962025316456,395,45.73791841909101,39.95829358341872
private,add_a4.0_L24,400,5.0,55.8575,3.73156528247892,2.49200496988359,9.575245197967904,-2.970476068780508,8.067019468174172,0.61,400,41.20000716789991,37.46844188542099,3.785302082077127,2.713392200147169,9.31223394653106,-2.694095133952977,8.123993558776164,0.6075,400,39.9898452853148,36.20454320323767,5.921744479112055,2.473725035887369,13.496176272609818,-1.6666886487901102,7.871381627099957,0.6525,400,76.12225670747337,70.20051222836132,2.316049151599706,1.1842024017727546,10.32217692060316,-3.114819562809956,6.149991778138222,0.5575,400,53.698413449453184,51.38236429785347,0.2814747643800456,0.0,1.979426352356595,-0.9132996632996716,1.3623507228158402,0.465,400,97.18868466073542,96.90720989635538,0.2088907571200161,-0.0348320474328538,4.074892271940218,-2.680694581093746,2.9920392149522037,0.4875,400,9.549111854306414,9.340221097186395,3.5226745253589047,2.1790298453472143,6.925255516364592,-0.7201310748364484,6.4493414169115,0.7025,400,31.65089531359349,28.128220788234582,-6.001732929602372,-2.3394986915380445,14.063083281184666,-8.276967285587972,1.7198423674585133,0.3425,400,24.24313078140327,30.24486371100564,-68.90436766590231,-3.992412217946669,204.74834032442465,-19.72391286421072,2.2932925300018017,0.335,400,41.66897022416365,110.57333789006596,0.0,0.0,0.0,0.0,0.0,0.0,400,0.0,0.0,10.640649749252766,9.93145012881855,16.38139497742945,2.8979593258561884,17.728414276267685,0.8223350253807107,394,51.87020648599768,41.22955673674492,-7.538038002339534,-7.837301587301589,12.986065128270448,-15.167332667332673,0.1132673201638656,0.2531645569620253,395,26.478158435732077,34.0161964380716,3.819043069949788,3.4483490365843323,12.675899860896958,-4.504643206256112,10.917077175697866,0.6075949367088608,395,43.77733665336851,39.95829358341872
private,add_cone_removed_a1.0,400,5.0,55.8575,3.0331574676721345,2.0689773512772813,7.767888843959224,-1.8049356553988571,6.956796223100571,0.635,400,40.50159935309313,37.46844188542099,3.010228692993341,2.0348153375676308,7.611874205615073,-1.649543378995432,6.961577350859455,0.63,400,39.21477189623102,36.20454320323767,3.36925792960346,1.2433474178612445,10.416501930107186,-2.0289750154488964,6.152462271983172,0.6025,400,73.56977015796478,70.20051222836132,2.9122509807029178,2.021081188333408,9.375293364368703,-2.0844388842949044,6.550764030141565,0.64,400,54.29461527855639,51.38236429785347,0.0591135634504062,0.0,1.9122876607716035,-0.9811957569913226,1.116352201257861,0.44,400,96.9663234598058,96.90720989635538,0.4076424218809948,0.3534127247226566,3.605600284887906,-1.8688296098010733,2.862775842167639,0.5475,400,9.74786351906739,9.340221097186395,2.6255150457911403,1.8673742144453591,5.545779008130911,-0.6388260898264049,4.6307099422695055,0.6975,400,30.75373583402573,28.128220788234582,-3.4669795729671398,-1.3432688353244435,10.814327093803753,-6.297186012765275,2.0402457635924005,0.38,400,26.777884138038495,30.24486371100564,-52.62043494463361,-2.330108076442075,181.5076133781352,-12.144471300319417,3.437229872566824,0.3825,400,57.95290294543236,110.57333789006596,0.0,0.0,0.0,0.0,0.0,0.0,400,0.0,0.0,9.870465992984014,9.76107226107226,13.05498670993166,3.2878787878787907,16.90359477124183,0.8248730964467005,394,51.10002272972893,41.22955673674492,-7.012292051143107,-7.581699346405223,11.421098390657065,-13.725145661177246,0.0718285632014064,0.2531645569620253,395,27.003904386928497,34.0161964380716,3.040923499036182,3.0707070707070727,10.855696851850103,-3.333333333333333,9.550264550264554,0.6151898734177215,395,42.999217082454905,39.95829358341872
private,add_gc_removed_a1.0,400,5.0,55.8575,1.8017516705302563,0.9772146972599848,7.413281219482437,-2.6127059652343494,5.169405839258779,0.5825,400,39.27019355595124,37.46844188542099,1.7910276760602577,0.8496240601503722,7.153459046695424,-2.5,5.246829710144926,0.555,400,37.99557087929793,36.20454320323767,2.992301745007595,1.2560165261160918,10.525740769561532,-2.2654003722677096,5.863705344983419,0.59,400,73.19281397336891,70.20051222836132,1.299742668906471,0.4841820890514157,8.89820023771397,-3.573324406149391,4.567188456605059,0.535,400,52.68210696675994,51.38236429785347,0.0587376923815282,0.0,1.896839948159155,-0.9685248982148452,1.0705996131528046,0.445,400,96.96594758873692,96.90720989635538,0.4527847247687158,0.4410133838726073,3.632649137522876,-1.7718932710414046,2.732016942097702,0.5525,400,9.793005821955113,9.340221097186395,1.3489669457615412,0.5203383150011867,5.10114854362206,-1.4521713998916272,3.4792910384822155,0.565,400,29.477187733996125,28.128220788234582,-3.0255752806628937,-1.241883199040409,10.831028148803592,-5.924905467295755,2.536207207791669,0.4125,400,27.219288430342743,30.24486371100564,-41.39165380073512,-2.0265294043946724,172.31342316923076,-12.292496374886417,4.682069169954279,0.41,400,69.18168408933084,110.57333789006596,0.0,0.0,0.0,0.0,0.0,0.0,400,0.0,0.0,-0.7244784597758595,-0.6904761904761934,13.192846038741257,-6.666666666666671,6.35188870147077,0.4441624365482233,394,40.50507827696906,41.22955673674492,4.563770327392586,4.670329670329675,11.065887321993216,-2.1849816849816843,10.601731601731604,0.6455696202531646,395,38.57996676546419,34.0161964380716,1.3878014585683345,0.4891774891774858,10.575960682271557,-4.885038363171358,7.10822510822511,0.529113924050633,395,41.34609504198706,39.95829358341872
private,add_gc_removed_a1.0_L24,400,5.0,55.8575,0.5788163317930177,0.2228863278567061,6.526837916574088,-3.1244789275135285,3.998930515945032,0.515,400,38.047258217214,37.46844188542099,0.6041338982297083,0.2985739750445653,6.287896345944807,-3.0419580419580416,3.809523809523812,0.51,400,36.80867710146738,36.20454320323767,0.9367658233273424,0.0379376521250378,8.547524653829267,-2.797885808109171,4.02917989994587,0.505,400,71.13727805168867,70.20051222836132,0.719302457421274,0.1814571748782327,8.365107956916685,-3.6474112216244015,4.362601734712275,0.5175,400,52.10166675527475,51.38236429785347,0.1426885375726997,0.0,1.9673505408621093,-0.8602484472049632,1.212121212121204,0.47,400,97.04989843392808,96.90720989635538,0.1278559918741935,0.0107977153125384,3.384514931820483,-1.923764341678022,2.65377779100884,0.5025,400,9.46807708906059,9.340221097186395,0.450960339918824,0.1678718450982437,4.56285152812269,-1.8919554725135093,2.344708645773608,0.5175,400,28.57918112815341,28.128220788234582,-0.9919168278479108,-0.1406373733840791,8.548842757420793,-3.8961020913746136,3.01141924022918,0.4825,400,29.25294688315773,30.24486371100564,-14.280435932794097,-0.5005426807883957,138.32047042459072,-8.552356442997109,4.909932314551772,0.4725,400,96.29290195727188,110.57333789006596,0.0,0.0,0.0,0.0,0.0,0.0,400,0.0,0.0,-1.2730087979588938,-1.131636707818819,11.370843110693992,-6.8634910782858105,5.017737139458822,0.434010152284264,394,39.95654793878602,41.22955673674492,2.936946222482263,2.923839726165305,10.796477566592236,-3.290909090909089,8.390977443609028,0.6050632911392405,395,36.95314266055387,34.0161964380716,1.2001354040208072,0.606060606060602,9.851637673161466,-4.853543171654621,7.467948717948719,0.5139240506329114,395,41.15842898743953,39.95829358341872
private,add_own,400,5.0,55.8575,3.3273723501135186,2.0375110255362188,8.907366726538273,-2.2331148898315547,7.797748813825954,0.62,400,40.7958142355345,37.46844188542099,3.3675176160264275,2.101286501939967,8.707773793133466,-2.1447772657450117,7.804661487236405,0.6025,400,39.5720608192641,36.20454320323767,3.6939178137064896,1.2508300940669983,11.346988195405643,-2.2706635533365294,6.56744607619121,0.6,400,73.89443004206781,70.20051222836132,2.839918674149692,1.8715104980765995,10.670545536462928,-2.6457198058669924,7.317723271623709,0.6125,400,54.22228297200317,51.38236429785347,0.2275292468941245,0.1699816617294445,1.843760612378361,-0.7856037151702857,1.25,0.5125,400,97.13473914324952,96.90720989635538,0.558340227496323,0.3283801776312431,3.679434420995519,-1.8067908188913864,2.89591358721794,0.54,400,9.89856132468272,9.340221097186395,2.769032122617196,1.8590617273826255,6.414775367861822,-0.9165836453102356,5.064663151356755,0.6775,400,30.897252910851783,28.128220788234582,-3.786035642803898,-1.1014967701858929,11.817716140255357,-6.792665654583589,2.4418971508048903,0.4325,400,26.458828068201743,30.24486371100564,-54.204539581069575,-1.9414151709283125,184.87305999388067,-13.66977554930351,4.343658139920819,0.415,400,56.36879830899639,110.57333789006596,0.0,0.0,0.0,0.0,0.0,0.0,400,0.0,0.0,9.748425159695856,9.930684554523562,14.339736849058957,1.9624505928853733,16.599828573512774,0.8071065989847716,394,50.97798189644077,41.22955673674492,-7.21184128567571,-7.38095238095238,11.608587561595028,-13.333333333333332,0.0,0.230379746835443,395,26.804355152395896,34.0161964380716,3.838746657419074,2.579365079365082,10.78403144787342,-2.8831168831168803,9.762845849802371,0.6025316455696202,395,43.7970402408378,39.95829358341872
private,add_own_L24,400,5.0,55.8575,0.8151954953211211,0.5922654301550878,7.568304923261698,-3.405780469804146,4.174315798045271,0.5475,400,38.2836373807421,37.46844188542099,0.918503421283272,0.7742257742257692,7.329282320919207,-2.984042553191495,4.238572162300981,0.545,400,37.12304662452095,36.20454320323767,1.210465348712849,0.1946792080792647,10.25061533031494,-2.7810590824083192,4.0459493086804805,0.5225,400,71.41097757707418,70.20051222836132,0.4631580190659271,0.2189639888366059,8.992417931539276,-3.984109572010031,4.578375738517254,0.5075,400,51.84552231691941,51.38236429785347,0.2670920261902293,0.1397545773276221,1.9250586431685208,-0.6896551724137936,1.2549603174603303,0.505,400,97.1743019225456,96.90720989635538,-0.1148117614906959,-0.2243023396812447,3.498817431266456,-2.438091529859717,1.9428152425838752,0.47,400,9.2254093356957,9.340221097186395,0.9300072568118168,0.5668307474350307,5.235310211914155,-1.273049566770088,2.756079702949264,0.5925,400,29.0582280450464,28.128220788234582,-1.2070655599954665,-0.3193963021373687,10.581639282485806,-3.825132275132272,3.062275958002996,0.4625,400,29.03779815101017,30.24486371100564,-20.64158582411749,-0.6935820887989941,163.96891709776048,-8.449760165331279,4.675110890201101,0.4575,400,89.93175206594847,110.57333789006596,0.0,0.0,0.0,0.0,0.0,0.0,400,0.0,0.0,1.7707123679273058,1.6061306405088018,12.75954064061944,-3.830325311942965,8.606504440087651,0.5634517766497462,394,43.00026910467223,41.22955673674492,-2.2472824391428694,-2.197802197802197,10.800005557200958,-8.084967320261438,4.099298634182352,0.4050632911392405,395,31.76891399892873,34.0161964380716,1.1241143549124488,0.4093567251461927,10.363806128715572,-5.074967945710981,7.279868917799947,0.5189873417721519,395,41.08240793833117,39.95829358341872
private,cross_gene_a1.0,400,5.0,55.8575,2.9478275942245387,1.9894252534792043,8.288415025392734,-1.9252071106729964,6.749646227003373,0.6325,400,40.41626947964552,37.46844188542099,3.020509913620882,2.3056478405315666,8.074471931838495,-1.9607843137254897,6.666666666666666,0.64,400,39.22505311685856,36.20454320323767,3.612208612452591,1.3524031144850142,10.83161632152584,-1.7840867403845202,5.922745957348962,0.585,400,73.81272084081392,70.20051222836132,2.4845544137961584,1.5875021126075914,9.701575715768644,-2.8514184699128258,7.183181750961253,0.5975,400,53.86691871164963,51.38236429785347,0.3289125715017008,0.2291666666666714,1.8337454403565143,-0.7999999999999972,1.301128777764294,0.5125,400,97.2361224678571,96.90720989635538,0.3670709121194618,0.3124569166439336,3.905980879522184,-2.107996681954977,2.6752412289324274,0.54,400,9.707292009305858,9.340221097186395,2.580756682105077,1.7361808116099289,5.961642008640756,-0.5893639827355361,4.96056259912755,0.6875,400,30.708977470339665,28.128220788234582,-3.6857154773478658,-1.5134319612497986,11.35369814788769,-5.748920297099163,2.004954541065123,0.4025,400,26.55914823365777,30.24486371100564,-50.503413451300105,-2.872044995192504,169.56428987137423,-13.348562296978262,3.185570074279121,0.3775,400,60.06992443876587,110.57333789006596,0.0,0.0,0.0,0.0,0.0,0.0,400,0.0,0.0,9.07571248269778,8.812719647502261,14.75543434800235,2.5756835762961687,15.847598697598697,0.8096446700507615,394,50.3052692194427,41.22955673674492,-7.161206408314416,-6.62645650719136,10.712693047103103,-13.634491348188986,0.0,0.2050632911392405,395,26.854990029757197,34.0161964380716,3.4020485042741546,3.1475029036004685,11.5699975086355,-3.260073260073259,10.732498869317556,0.6177215189873417,395,43.360342087692885,39.95829358341872
private,panel_other_k5,400,5.0,55.8575,1.98594244444313,1.3993187940250031,7.903283520835557,-2.8198718007394605,5.539473684210529,0.5825,400,39.45438432986411,37.46844188542099,2.0287784584653923,1.4459930313588885,7.743767231429244,-2.4564796905222392,5.642054574638838,0.59,400,38.233321661703066,36.20454320323767,2.9783728652005266,0.8976682469866049,10.63297804466008,-2.35062934693266,5.540973409048227,0.59,400,73.17888509356185,70.20051222836132,1.5805766740499114,0.777732738846936,9.73362707735236,-3.2672485837733465,5.615855119267833,0.5675,400,52.96294097190339,51.38236429785347,0.1831854352763385,0.0,1.996134627474284,-0.9179584519666832,1.17647058823529,0.47,400,97.09039533163173,96.90720989635538,0.0923878330948401,0.2874031669779189,3.488038022520834,-2.1218825180477867,2.391974481801288,0.5175,400,9.432608930281235,9.340221097186395,1.89355461134829,0.9950424164148703,5.860949588601657,-0.926415878500964,4.43941197668268,0.615,400,30.021775399582875,28.128220788234582,-3.1204920321474345,-1.1619412677206542,11.042526990976516,-5.697522740314893,2.407207373670788,0.42,400,27.124371678858207,30.24486371100564,-48.38698804682279,-1.9823787323787376,158.7215807347358,-12.54200733536538,4.20566491574787,0.4125,400,62.18634984324317,110.57333789006596,0.0,0.0,0.0,0.0,0.0,0.0,400,0.0,0.0,8.150956061520686,7.09242643553927,13.74638285292975,0.0567139899438053,15.431699709917332,0.7538071065989848,394,49.380512798265606,41.22955673674492,-5.982340355196955,-5.714285714285708,11.465438948872544,-13.145622198925828,0.8930849851902494,0.2658227848101265,395,28.03385608287465,34.0161964380716,2.043532577665956,1.8701888015557917,11.15116598310708,-4.502120158408186,8.541666666666675,0.5518987341772152,395,42.00182616108468,39.95829358341872
private,panel_same_k5,400,5.0,55.8575,3.433828882458944,2.287904943108561,8.20900653193849,-1.5354244540206723,6.530506504272807,0.6875,400,40.902270767879926,37.46844188542099,3.399283030329816,2.5723738626964376,8.019343528990658,-1.1111111111111145,6.6078431372549,0.6525,400,39.60382623356749,36.20454320323767,3.5900988948301125,1.7508832127753775,10.203883182999752,-2.0157539386615007,6.065340652260812,0.62,400,73.79061112319144,70.20051222836132,2.866005329129262,2.2753322512822365,9.89076399237226,-2.467648333410123,6.780613179671285,0.6325,400,54.248369626982736,51.38236429785347,0.0801524734474901,0.0,1.768595519260889,-0.889880952380949,1.0597439544808085,0.44,400,96.98736236980288,96.90720989635538,0.5147640260774221,0.4209655873965072,3.4881485360763778,-1.6998813363963663,2.92760397839574,0.5525,400,9.854985123263818,9.340221097186395,2.919064856381522,1.84182600593061,6.0287861336818205,-0.2968801305624113,4.908534026057456,0.72,400,31.04728564461611,28.128220788234582,-3.722379817499042,-1.7086349544729131,10.580676939739986,-6.000537110757136,2.3068252905714197,0.3875,400,26.5224838935066,30.24486371100564,-47.3792127106608,-3.4696237787491158,180.71236933735744,-12.355954886048806,3.6658633469787576,0.375,400,63.19412517940518,110.57333789006596,0.0,0.0,0.0,0.0,0.0,0.0,400,0.0,0.0,7.38260871118819,6.666666666666664,13.184237383782934,-0.2822814440461529,14.995459840287426,0.7233502538071066,394,48.61216544793311,41.22955673674492,-4.591476549925372,-3.190391983495431,12.677747265871783,-12.803030303030305,3.2815734989648035,0.3569620253164557,395,29.424719888146235,34.0161964380716,3.2292746863370585,2.421052631578945,10.912054097396028,-3.262578162578162,9.557234432234434,0.5949367088607594,395,43.187568269755786,39.95829358341872
private,random_a0.5,400,5.0,55.8575,-0.3674725015783869,-0.4301225261285175,6.265588151744607,-3.5812968785237125,3.401193603372908,0.4725,400,37.1009693838426,37.46844188542099,-0.2693598540338581,0.0,6.055529083492837,-3.3536585365853675,3.533134772896502,0.48,400,35.93518334920382,36.20454320323767,-0.5682020508058439,-0.3435439537501352,8.385840917582673,-3.859136410664231,2.966269841269847,0.4625,400,69.63231017755547,70.20051222836132,-0.0260620459586406,-0.1117192957737529,7.258424699349265,-4.06718127660492,4.00469970428931,0.4875,400,51.35630225189483,51.38236429785347,0.2263688932338293,0.0,1.828938820709592,-0.8695652173913011,1.2835337650323844,0.48,400,97.13357878958922,96.90720989635538,-0.2481008079090996,-0.0449908525283975,3.2659180579229905,-2.220303897000305,1.575120155785816,0.48,400,9.092120289277297,9.340221097186395,-0.1193716936692873,0.0,4.3923856710127565,-1.8530835325324,2.091444979238536,0.4975,400,28.0088490945653,28.128220788234582,0.5731543719116686,0.3512583217339546,8.495797500152289,-2.719861051702756,3.9961010445317706,0.54,400,30.81801808291731,30.24486371100564,-1.848287524704399,0.1971898696425089,143.62830251830286,-5.795348860591087,7.111332055341332,0.515,400,108.72505036536155,110.57333789006596,0.0,0.0,0.0,0.0,0.0,0.0,400,0.0,0.0,-0.2847995265177038,0.0,10.820015755200709,-5.588563581984627,6.256689468027229,0.4873096446700508,394,40.944757210227216,41.22955673674492,-0.8084700936162003,-0.2894103946735527,10.49187772997974,-7.002217553688137,5.555555555555561,0.4582278481012658,395,33.20772634445541,34.0161964380716,-0.1432278094094828,0.0,9.244922159028937,-5.398262813897496,5.646997929606624,0.4835443037974684,395,39.81506577400924,39.95829358341872
private,random_a1.0,400,5.0,55.8575,-0.2737444108414248,0.1278572266584277,6.947980126429995,-4.023252293196769,3.462391869432751,0.5075,400,37.19469747457956,37.46844188542099,-0.207763046073158,0.0719424460431685,6.7786632100762345,-3.829185520361994,3.35227272727273,0.5025,400,35.996780157164515,36.20454320323767,-0.41124370881008,0.0324105239860088,9.070698452849925,-3.3584034618340013,3.4567094964410003,0.5,400,69.78926851955124,70.20051222836132,-0.2156609939298733,-0.0330109142077184,10.23375831743791,-4.096032828727338,3.855251038163498,0.495,400,51.166703303923605,51.38236429785347,0.1623580767404307,0.0,1.9833446532529515,-0.9090909090909064,1.1799719887955256,0.48,400,97.0695679730958,96.90720989635538,-0.1102255043674605,0.0,3.4188709138737545,-2.3351773787380496,2.0944652204766774,0.49,400,9.229995592818934,9.340221097186395,-0.1635189064739644,0.0291566639990001,4.9795482293450535,-2.213941410118987,2.004528322535836,0.51,400,27.96470188176062,28.128220788234582,0.4715159963781243,0.0799267038845812,9.218502471076082,-3.411951184191846,3.581425535606481,0.5125,400,30.71637970738376,30.24486371100564,10.534526831551196,-0.1459296794449276,152.63696707906178,-7.518591521418385,6.236873080026128,0.4925,400,121.10786472161716,110.57333789006596,0.0,0.0,0.0,0.0,0.0,0.0,400,0.0,0.0,-1.0000532841883405,-0.3193785206390238,11.677684072934394,-6.655677655677653,5.684622963227078,0.4568527918781725,394,40.22950345255658,41.22955673674492,-0.3950779309832281,0.0,11.41915857569759,-7.214285714285712,6.227860374919199,0.4860759493670886,395,33.621118507088376,34.0161964380716,0.6544720231229528,0.7122507122507145,9.704341977749062,-4.706959706959708,6.202027057909412,0.5265822784810127,395,40.61276560654168,39.95829358341872
private,random_a1.0_L24,400,5.0,55.8575,-0.3606788727351444,-0.242049347250802,6.77415325776202,-4.346229082388295,3.129789392672949,0.47,400,37.10776301268584,37.46844188542099,-0.2769506782677992,-0.2800626713670198,6.547958342220264,-3.852357320099255,3.085470085470088,0.455,400,35.927592524969874,36.20454320323767,-0.9980164090024304,-0.723443223443228,9.431170775240933,-3.961079098686216,2.7988596603918428,0.435,400,69.20249581935889,70.20051222836132,0.2162881591738929,-0.0736630733821854,9.478023504101053,-4.2114811009346536,3.946118292914544,0.49,400,51.59865245702736,51.38236429785347,0.2096846782788937,0.0,1.8895725268342327,-0.9836065573770476,1.1478405315614566,0.45,400,97.11689457463429,96.90720989635538,-0.0479178581722075,-0.0232171193618455,3.4638383946874858,-2.157556997325892,2.4233863474326545,0.4875,400,9.292303239014188,9.340221097186395,-0.3127610145629368,-0.116829623439461,4.806402030880192,-2.434565890530375,1.8130709955146544,0.49,400,27.815459773671652,28.128220788234582,0.9237886012297912,0.600094224156468,9.38548709877178,-2.726305323800132,4.200441218053622,0.545,400,31.16865231223544,30.24486371100564,13.941772641478655,1.0142235492085518,152.73837077015233,-5.2036043534527945,8.197714712642423,0.55,400,124.51511053154464,110.57333789006596,0.0,0.0,0.0,0.0,0.0,0.0,400,0.0,0.0,0.0337003114754239,0.0,11.76955543476384,-6.158668730650158,6.239697802197803,0.4720812182741117,394,41.263257048220346,41.22955673674492,-0.9500734536714406,-0.9782608695652176,10.88656220034698,-7.543298771121354,6.04805409187145,0.4556962025316455,395,33.066122984400174,34.0161964380716,-0.193902031584542,-0.4863147605083142,9.761009148743758,-5.909902597402599,5.100225854555578,0.4506329113924051,395,39.76439155183418,39.95829358341872
private,random_a2.0,400,5.0,55.8575,-0.1054545031494464,0.0,6.551659341877231,-3.934666114532056,3.82332980062402,0.4925,400,37.362987382271534,37.46844188542099,-0.0085357006518019,0.0,6.337184434691898,-3.449806949806949,3.708010335917314,0.485,400,36.19600750258587,36.20454320323767,-0.3026136417449047,-0.5591681907471369,8.74653254357394,-3.819124047562422,3.247172202648624,0.455,400,69.8978985866164,70.20051222836132,0.0860090423465142,0.0037604437918474,7.599515403830851,-3.989568403947942,4.317933684103329,0.5,400,51.46837334019999,51.38236429785347,0.1742643675001605,0.0,1.8608935616621851,-0.90909090909091,1.2938288920056138,0.495,400,97.08147426385554,96.90720989635538,-0.10337404754735,-0.0307660304096799,3.25211770405691,-2.298654287943501,2.1234155176598204,0.485,400,9.236847049639046,9.340221097186395,-0.0020804556020966,0.0732018166914461,4.74003557212009,-2.3525838287253658,2.173003951905965,0.5075,400,28.126140332632485,28.128220788234582,0.3590134827548219,0.3809695191409652,9.022965728920228,-3.225507701154047,3.599050825315888,0.53,400,30.603877193760464,30.24486371100564,2.4192709155376373,0.633229481147028,140.3390782830501,-6.530357976628086,7.081998511377615,0.5325,400,112.9926088056036,110.57333789006596,0.0,0.0,0.0,0.0,0.0,0.0,400,0.0,0.0,-0.5617268086397732,-0.170848946711013,11.639966790626085,-6.666666666666671,4.729090354090353,0.467005076142132,394,40.66782992810514,41.22955673674492,0.4028753325230528,0.0,10.856780163923077,-6.649184149184153,7.091535402581911,0.4962025316455696,395,34.419071770594655,34.0161964380716,0.6696562450278696,0.7017543859649109,10.13553139181301,-4.778048038917603,6.6323188770119685,0.5265822784810127,395,40.62794982844659,39.95829358341872
shared_not_private,add_a0.5,400,5.0,139.6125,1.6337702046827305,0.9903173292542392,4.987884375642434,-1.4602921404051283,4.034532020446504,0.5875,400,43.69166248530711,42.05789228062438,1.6351578422699766,1.0076142131979715,4.77444541723023,-1.2680433039294297,3.9702970297029694,0.5925,400,42.40813453246886,40.77297669019888,1.2640651516992687,0.7254073999838084,6.708421503046908,-1.4164094422330926,2.703236468764395,0.6025,400,75.73836449486382,74.47429934316455,0.9296734940638474,0.7719262886614722,4.9402134236270685,-1.9596113530903168,3.56357554568716,0.5625,400,58.40796117469563,57.47828768063178,0.0808489671160731,0.0,1.0894465799769044,-0.576719576719583,0.7306397306397265,0.4925,400,97.17915056739032,97.09830160027424,0.2805549046785054,0.369432355148052,2.209046002140969,-1.1708070890559703,1.7385699759028714,0.5675,400,10.423839802128793,10.143284897450284,1.3532153000042246,0.7363090296544037,3.789094025341477,-0.8944899257213255,3.1372429126993886,0.62,400,33.26782268317832,31.914607383174097,-1.0460477878432133,-0.3045870340686427,7.553857089558424,-2.7589399385143984,2.00715742581758,0.445,400,31.432329816193807,32.47837760403702,-6.8314954799959855,-0.9130263069237116,35.674487736750855,-4.757870455802724,3.197634114694072,0.4375,400,54.90873975738013,61.74023523737611,0.0118123884382224,0.0,0.4229023335251926,-0.2138884950329265,0.2427693786033167,0.4925,400,21.3181203887958,21.30630800035757,4.710208310248976,4.484647772795324,7.26622828299933,0.5684118499380837,8.726871898922802,0.7625,400,50.04724143303495,45.33703312278598,-4.206836524347422,-3.7797619047619087,7.668417179382585,-9.073295985060692,0.2287197773846401,0.2575,400,33.26998708195805,37.47682360630548,1.5423944209601337,1.089073187091671,8.648955492563283,-3.93010752688172,6.584960137901312,0.5591939546599496,397,45.17059255087442,43.62819812991429
shared_not_private,add_a0.5_L24,400,5.0,139.6125,0.1712069170205594,-0.1557173214800791,4.232474738020805,-2.467652545639858,2.5798774048992623,0.48,400,42.229099197644935,42.05789228062438,0.2060290091249145,-0.0816666666666598,4.038118528268413,-2.3054860809047395,2.2912087912087955,0.4725,400,40.9790056993238,40.77297669019888,0.024636314259304,-0.1919796660408081,5.371477091163816,-1.9550882000843668,1.832997760093808,0.48,400,74.49893565742384,74.47429934316455,0.1505240711476581,0.2279867127429327,4.533693617855757,-2.7404713038128605,2.8607802059594487,0.5175,400,57.62881175177943,57.47828768063178,0.0890973437411808,0.0,1.1136604034012276,-0.6158594491927687,0.7349234050804654,0.4625,400,97.18739894401544,97.09830160027424,-0.0935080401884573,-0.1379385880482369,2.217853165576856,-1.4494954223475651,1.4313922490015003,0.46,400,10.049776857261827,10.143284897450284,0.2647149572090166,-0.108077827895137,3.0739927921214223,-1.346599845214012,1.7242885740465184,0.4775,400,32.17932234038312,31.914607383174097,-0.0367719308491917,0.2166563227566822,6.016565151714024,-2.153755366160792,2.027872415170621,0.5225,400,32.44160567318782,32.47837760403702,-1.176941446698159,0.031886905604292,28.375654216845216,-3.93939520583964,3.389018430626919,0.5025,400,60.56329379067796,61.74023523737611,0.0100920881225773,9.271268416100042e-05,0.4128086306278736,-0.2132592742003445,0.2766912771855798,0.5,400,21.316400088480155,21.30630800035757,1.1054808457856329,0.8320436597497176,6.541402158716004,-2.60586444302041,4.975100808240002,0.5625,400,46.44251396857161,45.33703312278598,-2.186248452589824,-2.152108502337388,7.779048820879287,-6.860220144639269,2.755027080353827,0.39,400,35.29057515371565,37.47682360630548,1.0658765844800586,0.5392156862745097,8.17331095210993,-3.602941176470587,4.981549364613876,0.5415617128463476,397,44.69407471439435,43.62819812991429
shared_not_private,add_a1.0,400,5.0,139.6125,3.3110845550463432,2.452397403203104,6.41430230530792,-0.6457897991680586,5.612955638413981,0.7,400,45.36897683567073,42.05789228062438,3.265109295359916,2.5,6.284027192109032,-0.6407504846302938,5.319347319347319,0.6925,400,44.03808598555881,40.77297669019888,3.639233514753124,1.514988945638656,8.409612844654681,-0.6594719381192462,4.49563655237327,0.69,400,78.11353285791768,74.47429934316455,0.8406970650360991,1.2439762305222253,5.925454473072057,-2.0997800458199904,4.091422805790534,0.595,400,58.31898474566788,57.47828768063178,0.0216536527965603,0.0,1.1517519670084024,-0.6700680272108883,0.6958684836686153,0.4525,400,97.11995525307084,97.09830160027424,0.3218746430315772,0.1909775878604529,2.4323069152983123,-1.2011868450526335,1.939015528022601,0.5375,400,10.465159540481862,10.143284897450284,2.9892099120147666,1.950053810546972,5.076878004931024,0.0157749067112078,4.507662124302793,0.7525,400,34.90381729518886,31.914607383174097,-3.5711136349540347,-1.051049589646894,9.25950759210648,-4.3124847833706985,1.04849220753478,0.38,400,28.907263969082987,32.47837760403702,-19.38577218585157,-2.2612590619440223,63.33558777304992,-7.36557229240849,1.4786823606971495,0.355,400,42.35446305152455,61.74023523737611,0.0104884517781098,0.0,0.4352177048821414,-0.2688202512434361,0.2706807666389519,0.4775,400,21.316796452135687,21.30630800035757,9.391907903394726,8.419676261015212,8.5790295827568,3.812911575553796,13.53235112991202,0.895,400,54.7289410261807,45.33703312278598,-7.688336768121262,-7.859319616007735,8.533157304075834,-12.958313737150732,-2.1790566749494755,0.145,400,29.788486838184216,37.47682360630548,2.300042412351035,1.879992894091956,8.774871224577693,-2.8350804045642377,7.214452214452223,0.6045340050377834,397,45.92824054226532,43.62819812991429
shared_not_private,add_a1.0_L24,400,5.0,139.6125,0.6943488882666243,0.3174939703035981,4.410224762855294,-2.180892706650477,2.898002712294069,0.54,400,42.752241168891,42.05789228062438,0.7456855858175628,0.4959016393442645,4.257673759129021,-1.906278434940857,2.749474499391523,0.54,400,41.51866227601645,40.77297669019888,0.7381244881321979,0.3818668146877968,6.169821395992414,-1.6286520894705845,2.3975123105054266,0.5425,400,75.21242383129675,74.47429934316455,0.2278442691072679,0.3081476455261587,5.044766157320848,-2.455234344351778,2.832366953005991,0.5375,400,57.706131949739046,57.47828768063178,0.1368867082782954,0.0844017094017104,1.1658122680910985,-0.5568535825545169,0.9179584519666832,0.5125,400,97.23518830855257,97.09830160027424,-0.0542746878748944,-0.0680873901207057,2.101408204908096,-1.4096058549423924,1.119340215756108,0.4725,400,10.08901020957539,10.143284897450284,0.7486235761415188,0.5197167419087023,3.287856283015571,-1.2720614272887385,2.133541393165398,0.5625,400,32.66323095931561,31.914607383174097,-0.7215360064458803,-0.2200472429024991,7.091078854325247,-2.721086430146041,2.097275974883765,0.475,400,31.756841597591137,32.47837760403702,-5.257616458275017,-0.3512288444728302,36.47544911616856,-4.64322119957286,3.3026747007071373,0.4675,400,56.482618779101095,61.74023523737611,-0.0061550252929222,0.0,0.4293443663236258,-0.2440438550913999,0.2431870056339713,0.48,400,21.30015297506465,21.30630800035757,2.129978772502056,1.8704836832570173,6.774193477813706,-2.7260994182372507,6.648018219152089,0.6075,400,47.46701189528803,45.33703312278598,-2.3050508541675447,-1.923759579895268,7.819044591461218,-6.629102580112206,2.314095175550281,0.3575,400,35.17177275213793,37.47682360630548,0.913620734439984,0.4342671133331137,8.75635851377961,-3.846153846153847,5.223684210526315,0.5264483627204031,397,44.54181886435428,43.62819812991429
shared_not_private,add_a2.0,400,5.0,139.6125,4.125151791469922,2.747638848816898,8.20821614283414,-0.9124162016289166,7.599651754727278,0.6875,400,46.18304407209431,42.05789228062438,4.122867152054124,2.6220690065083687,8.032376067284906,-0.6682206682206644,7.294862385321105,0.7,400,44.89584384225301,40.77297669019888,5.668905061377204,2.437019596790165,11.25596838064866,-0.8031987556196896,7.390080325342637,0.6925,400,80.14320440454175,74.47429934316455,0.0626220306899772,0.902898110968252,7.707861217521819,-3.1693118170694827,4.301947138843346,0.5525,400,57.54090971132175,57.47828768063178,0.1420755068681689,0.174675819984742,1.1650499173506443,-0.6238464377999264,0.9320494186046524,0.5375,400,97.2403771071424,97.09830160027424,0.1055323382026345,-0.048366945018194,2.747200794373715,-1.8568150016971423,1.8277147719757512,0.49,400,10.248817235652918,10.143284897450284,4.019619453267288,2.32511215488789,6.552146371179704,-0.1082315883236191,6.192951397451255,0.735,400,35.93422683644138,31.914607383174097,-5.888009181345625,-1.8511862959467429,12.470423445835308,-6.921226180884045,1.0692838596675385,0.3275,400,26.590368422691395,32.47837760403702,-27.04780737866225,-3.203252919717148,83.43969265092548,-13.1989083315385,1.600516121847427,0.325,400,34.69242785871386,61.74023523737611,-0.0005481973273736,-0.0006069672294914,0.4094935766367459,-0.2434708485168237,0.2220078301926116,0.48,400,21.30575980303021,21.30630800035757,14.75966163860326,13.7526512082639,10.827105847608236,7.4630851374893155,21.50382860207632,0.935,400,60.09669476138922,45.33703312278598,-15.127301659895643,-14.422830698437426,11.285183235007407,-21.957231897248924,-8.44174150470391,0.0625,400,22.349521946409837,37.47682360630548,3.040964889436786,2.8529644268774774,11.624576624867515,-3.234195498150079,9.190476190476184,0.6095717884130982,397,46.66916301935108,43.62819812991429
shared_not_private,add_a2.0_L24,400,5.0,139.6125,1.6564944883414467,0.8065730058075751,5.329627009425357,-1.5535085664848085,4.084108683783015,0.6,400,43.71438676896583,42.05789228062438,1.6863041934630354,0.9135555652136134,5.120933463843616,-1.326386933258238,4.164054336468132,0.5875,400,42.459280883661926,40.77297669019888,2.525360417927209,0.9899150813966529,7.331008259677589,-1.0944564635786058,4.011691548558712,0.625,400,76.99965976109175,74.47429934316455,-0.2938102883318498,-0.1370532299854261,5.750150682144973,-3.3316505456500227,2.950705909625219,0.495,400,57.18447739229993,57.47828768063178,0.1300602758470916,0.1104972375690565,1.154886015835634,-0.6460933888118348,0.8627679403541322,0.515,400,97.22836187612135,97.09830160027424,0.0167135613591056,-0.022510442268345,2.46053901266896,-1.7380067484398416,1.4105243884874907,0.4875,400,10.15999845880939,10.143284897450284,1.639780926982341,0.7848871474047812,4.025856312128732,-0.8657151060869808,3.25841594268869,0.615,400,33.55438831015644,31.914607383174097,-2.710530071979384,-0.9739756086905196,8.529385842663844,-3.7594151874961135,1.4160318079148624,0.41,400,29.76784753205763,32.47837760403702,-13.801462321538857,-1.5539974175857836,52.1063480526535,-6.461758069260546,1.9781396135876104,0.3825,400,47.93877291583726,61.74023523737611,-0.0197743869830072,-0.0082310148726962,0.4478054293289689,-0.247916143665031,0.2528770969745859,0.47,400,21.286533613374573,21.30630800035757,4.589994367276029,3.786079583001129,8.281390152224654,-1.1286875561926308,9.208661659117595,0.7025,400,49.927027490062,45.33703312278598,-4.02212859478805,-3.996482699004833,9.084435865238596,-10.206364120511264,1.9678535373636104,0.315,400,33.45469501151742,37.47682360630548,1.679193008096057,1.2168091168091166,9.230842524727016,-3.3737373737373844,6.315789473684212,0.5591939546599496,397,45.30739113801035,43.62819812991429
shared_not_private,add_a3.0,400,5.0,139.6125,4.488587957633796,2.9142782776741605,9.04682755257898,-0.8192381224847036,8.752858720483408,0.695,400,46.54648023825817,42.05789228062438,4.52659899514655,2.923850574712638,8.823715024957716,-0.76522702104098,8.536016949152543,0.6975,400,45.299575685345445,40.77297669019888,6.757372016698582,2.923011726520066,12.402487668878916,-0.4873343725436747,8.565601709629181,0.72,400,81.23167135986313,74.47429934316455,-0.3823607969719067,0.227387287877935,8.639339580739755,-4.435310826339164,4.346837733518608,0.515,400,57.09592688365987,57.47828768063178,0.2441434752775478,0.3306010928961811,1.2739575506144285,-0.4587448231921023,0.9917582417582445,0.585,400,97.3424450755518,97.09830160027424,-0.1393474847796394,-0.0520424498315885,2.822041432844653,-2.058248419764904,1.7712396343947503,0.4875,400,10.003937412670645,10.143284897450284,4.6279354424134365,2.914578853854876,7.311001135165636,0.2465752919873551,7.6998529158317215,0.7675,400,36.54254282558753,31.914607383174097,-7.026197737949619,-2.555635629435745,13.75697519782326,-7.994844909306333,0.7400807124733122,0.285,400,25.4521798660874,32.47837760403702,-29.509441949049695,-4.413213528523272,89.38520706168836,-13.980759963160368,0.3562029801761959,0.275,400,32.23079328832642,61.74023523737611,-0.0148666341597619,-0.0025728986099817,0.4348595899560906,-0.2987880699809354,0.2292081211123759,0.47,400,21.291441366197816,21.30630800035757,17.131939070257438,16.851408700015217,11.632331043297524,8.312428219852334,25.03232289270625,0.945,400,62.46897219304341,45.33703312278598,-18.637715565722864,-18.86603020298672,11.405545460313348,-27.55328205756772,-10.122587806705791,0.04,400,18.83910804058261,37.47682360630548,2.801235707777738,2.490118577075094,12.463968802947692,-3.8290598290598297,9.530158730158732,0.6171284634760705,397,46.42943383769202,43.62819812991429
shared_not_private,add_a3.0_L24,400,5.0,139.6125,2.547672840668162,1.507208510442421,6.595613756335131,-1.337916033220809,5.134551254525919,0.635,400,44.60556512129255,42.05789228062438,2.589008263349608,1.5400930487137394,6.366820762893272,-1.1505305039787874,5.132054820595799,0.65,400,43.36198495354849,40.77297669019888,4.126264954257517,1.415436386092182,9.34044497544896,-0.708884384322122,4.693004340998321,0.6675,400,78.60056429742207,74.47429934316455,-0.5347137908936225,-0.2230456205117477,6.588575335500493,-3.383359503911029,2.986736840357528,0.4775,400,56.94357388973816,57.47828768063178,0.1641101799635363,0.1324735710839135,1.174630134266589,-0.5614234644133909,0.8809655937846905,0.535,400,97.2624117802378,97.09830160027424,-0.0084416987735124,0.0511352341751485,2.670488554303996,-1.4829442228955672,1.568632142332885,0.5125,400,10.134843198676773,10.143284897450284,2.556114539441675,1.3777105944847463,5.067041184237946,-0.4803690671599421,4.209496887747868,0.6775,400,34.470721922615766,31.914607383174097,-4.522168200329488,-1.3380584369760022,10.528583661894794,-4.980949876442143,0.595373047140793,0.3525,400,27.95620940370753,32.47837760403702,-20.47694866799297,-2.301060494436161,60.53099420842722,-9.441217916904597,0.7322617194749039,0.3225,400,41.26328656938315,61.74023523737611,-0.0077509093753684,0.0,0.4436095348952886,-0.2635419385675526,0.2084776110195338,0.485,400,21.298557090982207,21.30630800035757,7.227722872786573,6.289036441127283,9.784917129607772,1.017143766949122,13.233610289377893,0.795,400,52.56475599557254,45.33703312278598,-7.079598846246829,-6.673400319410458,9.149792621178264,-12.421127536557794,-1.2163811691535509,0.2,400,30.39722476005865,37.47682360630548,1.955364685073088,1.3425675689971754,9.22940702101752,-3.94736842105263,6.620718462823724,0.6020151133501259,397,45.58356281498738,43.62819812991429
shared_not_private,add_a4.0,400,5.0,139.6125,4.188818306421582,2.162967194020517,9.352597569737808,-1.4128933603667375,8.263651116363958,0.6575,400,46.24671058704596,42.05789228062438,4.28240060464336,2.386440677966103,9.117094547292831,-1.158639747349424,8.420734437975817,0.6575,400,45.05537729484224,40.77297669019888,6.970282869108632,3.230977492015114,12.829440204731902,-0.5756250660541262,9.3212810684607,0.7,400,81.44458221227318,74.47429934316455,-0.9242815833996044,-0.3121768062584031,9.130075888584996,-4.548496088521764,4.697690905365388,0.48,400,56.554006097232175,57.47828768063178,0.3485175914596909,0.3448275862068968,1.2508205594557358,-0.399364596384455,1.1883015934706478,0.5825,400,97.44681919173397,97.09830160027424,-0.3939184483533704,-0.3993097212553596,2.905901854821012,-2.3112788825125814,1.53970645349573,0.435,400,9.749366449096916,10.143284897450284,4.5827367547749525,3.3162604569438514,7.56768437080804,-0.2794328045669978,7.324798610672369,0.73,400,36.49734413794905,31.914607383174097,-7.544280941035238,-2.8821242477452724,14.252203269006513,-8.671737417825598,0.6474544050360924,0.2975,400,24.93409666300178,32.47837760403702,-30.3204220797992,-4.894751979973364,90.29559863367062,-14.367150326281784,0.979761099464743,0.2825,400,31.419813157576915,61.74023523737611,0.015553087210202,0.0195558204473327,0.4103666452307773,-0.2151695926220593,0.2635482016137285,0.515,400,21.321861087567772,21.30630800035757,18.23082775332093,17.834299226750474,11.750873154372666,9.147510565854668,26.70209599126826,0.9525,400,63.567860876106906,45.33703312278598,-21.05742965836884,-20.005305152363974,12.560249314765922,-30.63246830145549,-12.311636063508985,0.03,400,16.41939394793664,37.47682360630548,2.457488414528187,2.6923076923076934,13.32010240370894,-4.746014089729329,9.143446852425178,0.5969773299748111,397,46.08568654444248,43.62819812991429
shared_not_private,add_a4.0_L24,400,5.0,139.6125,2.9649614429458,1.9135374368584264,7.488218518236357,-1.4334422926113746,5.552881464484958,0.655,400,45.022853723570186,42.05789228062438,3.005515429790377,1.9215384615384643,7.284231165198887,-1.220487729108422,5.689935064935069,0.6525,400,43.77849211998926,40.77297669019888,5.131090458016308,2.029427389878002,10.533537386527955,-0.3500742232833964,5.98601129745418,0.7125,400,79.60538980118085,74.47429934316455,-0.8781341418692385,0.1492202969206566,7.193810837454697,-4.141794616611168,3.168289390799988,0.515,400,56.60015353876256,57.47828768063178,0.1849629244991296,0.208947081287512,1.2187190198469462,-0.5850150279089767,1.0434782608695663,0.53,400,97.2832645247734,97.09830160027424,-0.1185345601272655,0.0,2.6643572429736286,-1.8453698872918052,1.6034275765150805,0.4975,400,10.024750337323018,10.143284897450284,3.0834960030730656,1.9464151591196452,5.828588686515952,-0.4034294221161181,5.078930071238611,0.7025,400,34.99810338624716,31.914607383174097,-5.661374052729197,-1.7393365204919338,11.718808149371515,-6.225365496173262,0.5028254670413475,0.3175,400,26.81700355130782,32.47837760403702,-24.646001225954134,-3.118716792386106,72.1869826568999,-11.13596663645856,0.697732193024942,0.31,400,37.09423401142199,61.74023523737611,-0.0037037227298675,0.0,0.4245429537637067,-0.242648120641578,0.2380813785936286,0.485,400,21.30260427762771,21.30630800035757,9.906334759230967,9.501111130172816,10.196751326725794,3.0843090258405645,15.278420139486109,0.8425,400,55.24336788201694,45.33703312278598,-10.029649431694295,-10.21522472625414,10.085004800752577,-16.658002153607292,-3.4850482885927603,0.1375,400,27.44717417461118,37.47682360630548,2.232428463732972,1.860869565217385,10.00541853307456,-3.8864241348713335,7.3417649795237665,0.5919395465994962,397,45.86062659364727,43.62819812991429
shared_not_private,add_cone_removed_a1.0,400,5.0,139.6125,3.1703704116229408,2.494830628953668,6.205160293646958,-0.7801965584364172,5.809326513283724,0.6925,400,45.22826269224732,42.05789228062438,3.129217954201873,2.474489795918366,6.029103238516333,-0.7370254266806029,5.689935064935062,0.7,400,43.90219464440076,40.77297669019888,3.471412759577144,1.6105642408881875,8.057735890290628,-0.8117349065581791,4.721068780399538,0.6675,400,77.9457121027417,74.47429934316455,0.8054795428017855,1.385349830442884,6.14469190426457,-2.294889724358203,4.024238202257559,0.58,400,58.28376722343357,57.47828768063178,0.0336675543618782,0.0,1.1126126353891796,-0.6245490916245728,0.8198401311744199,0.4775,400,97.13196915463614,97.09830160027424,0.3684427459749044,0.2284437873099296,2.4371844400613063,-1.1790565056512126,2.114013900713652,0.5475,400,10.511727643425187,10.143284897450284,2.801927665648036,1.705936555364303,4.881404977924462,-0.1083397801522565,4.562247289200286,0.735,400,34.71653504882213,31.914607383174097,-3.2741297366345514,-1.2338110154831696,9.031951474974631,-4.462563848409094,1.4747824247720225,0.385,400,29.204247867402465,32.47837760403702,-18.22867640248347,-2.2082292138569883,57.03215128002656,-8.270877445245414,1.8036674817594716,0.3525,400,43.51155883489264,61.74023523737611,0.0058592367066149,0.0078862969314545,0.4052817484958765,-0.1939100618374611,0.2291102036388328,0.505,400,21.312167237064195,21.30630800035757,9.622486459298775,8.762085707671154,8.684790618222443,4.420887824418916,13.91845515848864,0.905,400,54.95951958208475,45.33703312278598,-8.466595268830487,-8.147905973906536,9.266116497087188,-14.393947086644856,-2.539686028100358,0.1575,400,29.01022833747499,37.47682360630548,2.4855075692238957,1.5476190476190368,9.20188989213196,-3.095238095238095,7.469720330034853,0.5969773299748111,397,46.11370569913818,43.62819812991429
shared_not_private,add_gc_removed_a1.0,400,5.0,139.6125,0.7675981511757591,0.5849722629155103,4.638668203651379,-1.9901216393014869,3.4501844522556446,0.57,400,42.82549043180013,42.05789228062438,0.6811087357618004,0.5644682115270356,4.451896043348457,-2.0753727865796847,3.2591681574239697,0.5475,400,41.454085425960685,40.77297669019888,1.83431813097764,0.5199639648006524,7.1432441332898735,-1.6967548246664883,3.474476959532094,0.5775,400,76.30861747414218,74.47429934316455,-0.8743789042125496,-0.5791636836229657,5.07126063886815,-3.4678940875266075,2.056032554792811,0.455,400,56.60390877641923,57.47828768063178,-0.2087784721080429,-0.231221598503069,1.1902331258286414,-0.910128684101295,0.5784535477925772,0.3775,400,96.88952312816622,97.09830160027424,0.3947901062736879,0.3923124413059726,2.1149268368157847,-0.9860648746124294,1.8360705058751707,0.595,400,10.538075003723971,10.143284897450284,0.3728080449020717,0.104022360606228,3.67169160473438,-1.45751436199643,2.0871163390351093,0.5175,400,32.28741542807617,31.914607383174097,-2.38016004719472,-0.5047044411620067,8.416361911417773,-3.870782521131484,1.5922382504730717,0.4225,400,30.098217556842297,32.47837760403702,-13.922439046517017,-1.2866618559687255,55.66755763055183,-6.735019983718199,2.653859050146795,0.42,400,47.8177961908591,61.74023523737611,-0.0056780837083089,-0.0332991540048386,0.3875243297582237,-0.2597651397028704,0.2325768451911631,0.4275,400,21.300629916649267,21.30630800035757,-1.1830973851035642,-1.31637246466439,7.04416320737389,-5.562620798700502,3.015167636195569,0.42,400,44.1539357376824,45.33703312278598,3.617275760905856,3.682487725040911,7.983479494000935,-1.4801494920038056,8.473615819596446,0.66,400,41.09409936721133,37.47682360630548,0.9405814337018422,1.0548089591567873,8.834316709761346,-4.166666666666664,5.087719298245609,0.5743073047858942,397,44.56877956361613,43.62819812991429
shared_not_private,add_gc_removed_a1.0_L24,400,5.0,139.6125,0.1176766283061736,0.0686144772050063,4.437362410945863,-2.728789870765887,2.600500924093291,0.5125,400,42.17556890893056,42.05789228062438,0.1444210243173082,0.1373652133145846,4.3008596090284845,-2.6334064327485347,2.537577365163573,0.5075,400,40.91739771451619,40.77297669019888,0.5342837837176464,0.2094784397946938,5.532497104854278,-1.9445002346237492,2.458414913371687,0.535,400,75.00858312688219,74.47429934316455,-0.4651706776662353,-0.3029252848632779,5.130113702031536,-3.111727139486785,2.401675974591773,0.48,400,57.01311700296554,57.47828768063178,0.0549984524651157,0.0,1.126738079564535,-0.6510701841712212,0.7529761904761898,0.465,400,97.15330005273938,97.09830160027424,0.1459244045915562,0.1939605307275276,2.343730889078937,-1.268947916200266,1.4400434995990223,0.5375,400,10.28920930204184,10.143284897450284,-0.0282477762853826,-0.1349420266455911,3.170722328121929,-1.6664377435419695,1.618053891738624,0.4675,400,31.886359606888718,31.914607383174097,-0.868456551879876,-0.0441359987924752,6.617779166308919,-2.9778503695733685,2.1733792566341945,0.4975,400,31.60992105215714,32.47837760403702,-5.940158305256222,-0.688005466082144,35.291200342343764,-5.2356107228734,3.163688503260123,0.4575,400,55.80007693211989,61.74023523737611,0.006457665461735,-0.0083060025701975,0.430889034068129,-0.2491837540607129,0.2481269464024289,0.4575,400,21.31276566581931,21.30630800035757,-1.1145562044198478,-1.321827814857901,6.681960361188951,-5.447412341919893,3.024796497845019,0.41,400,44.22247691836613,45.33703312278598,2.578581080308901,2.294886067939343,8.101107498849565,-2.601242212250648,7.695509936905099,0.61,400,40.05540468661437,37.47682360630548,-0.2648291068052512,-1.030652867500805,8.199696403180372,-4.994962643561266,4.551378446115287,0.4458438287153652,397,43.36336902310904,43.62819812991429
shared_not_private,add_own,400,5.0,139.6125,3.329625674256965,2.587219354134625,6.657259263536234,-0.8396221361446559,5.68736372181651,0.6975,400,45.38751795488135,42.05789228062438,3.285635176708384,2.3796224961479204,6.476157124943705,-0.4859605226577805,5.543723280217645,0.7025,400,44.05861186690727,40.77297669019888,3.7034013831265296,1.4986424152563131,8.781649608906989,-0.9658511044229598,5.083154566664994,0.6475,400,78.17770072629108,74.47429934316455,0.904214633669533,1.3485503455001613,6.151702092891746,-2.236853817613237,4.3281010345615325,0.5875,400,58.38250231430131,57.47828768063178,0.0416880140641648,0.0,1.191151963397903,-0.66759776536313,0.7631686402613376,0.4675,400,97.13998961433845,97.09830160027424,0.2798213553497578,0.1867720768328418,2.5380407175645225,-1.422048116492752,1.9859529961971152,0.53,400,10.423106252800045,10.143284897450284,3.049804318907208,1.8920665164504984,5.226777510407203,-0.1048967227981414,4.846243732222675,0.73,400,34.9644117020813,31.914607383174097,-3.533744658553632,-1.172857890512935,9.644544555408064,-4.829516364652204,1.4059754893719711,0.39,400,28.944632945483384,32.47837760403702,-18.86505102499813,-2.047422004405375,62.74783331960756,-8.737806854292106,1.912414264811935,0.3525,400,42.87518421237798,61.74023523737611,-0.018899863963037,-0.0280121043730026,0.4360083817750759,-0.2678965225446283,0.2226862056825984,0.435,400,21.287408136394543,21.30630800035757,9.473288423725425,8.605286318193386,9.050156856716908,3.79241558246299,14.896139939416114,0.875,400,54.8103215465114,45.33703312278598,-8.663614699032847,-8.45646557743332,8.729601569661389,-13.51388888888889,-2.581618464961066,0.145,400,28.813208907272628,37.47682360630548,2.5599049585619573,2.363636363636367,9.162887597433862,-2.7756396027206307,7.427536231884062,0.6146095717884131,397,46.188103088476254,43.62819812991429
shared_not_private,add_own_L24,400,5.0,139.6125,1.1898088721042028,0.5938113119695387,5.310154493219731,-2.0287024216784517,3.6175051331424815,0.5575,400,43.24770115272859,42.05789228062438,1.1903819326573302,0.5241074153188912,5.033113666145443,-1.8941387559808585,3.4170140204622967,0.5525,400,41.96335862285621,40.77297669019888,1.119270139318619,0.3254219054235037,7.352751229443055,-1.5806908974349376,2.746703312857488,0.5475,400,75.59356948248316,74.47429934316455,0.4741440427890728,0.4557692768291659,5.371709630177385,-2.437894596112777,3.182541433207948,0.525,400,57.95243172342085,57.47828768063178,0.0599804688009032,0.0,1.175985392870181,-0.628930817610069,0.7965909090909129,0.4875,400,97.15828206907514,97.09830160027424,0.1153694727150799,-0.0252200089040712,2.2890464657893537,-1.3784930025457198,1.3179772241110477,0.4875,400,10.258654370165369,10.143284897450284,1.074439399389123,0.4359500452438407,4.121148483814008,-1.1731268626090436,2.503374724898734,0.57,400,32.98904678256322,31.914607383174097,-1.0582336489053363,-0.158348945705848,8.25172709364207,-2.5942270837581747,1.8162734157036784,0.47,400,31.420143955131685,32.47837760403702,-7.486374674906232,-0.4735724276048572,46.089791642508,-4.232870609367864,3.4706957178208286,0.4725,400,54.25386056246988,61.74023523737611,-0.0275841643181872,-0.0394266681597228,0.4453949909446885,-0.2633498516754917,0.2289708886023493,0.455,400,21.27872383603939,21.30630800035757,2.7594627658489643,2.022200064008814,7.459991444667156,-1.6964107270711055,7.009530740668579,0.63,400,48.09649588863493,45.33703312278598,-2.5363012631467656,-2.832359532441739,8.692888563163985,-8.223767304210854,2.990487869334297,0.375,400,34.94052234315871,37.47682360630548,0.9526466743048784,0.4558404558404589,8.434154556542484,-4.222222222222221,5.320197044334982,0.5314861460957179,397,44.58084480421917,43.62819812991429
shared_not_private,cross_gene_a1.0,400,5.0,139.6125,3.244721597131274,2.0963576191455573,6.238832133729721,-0.8652510101464443,6.237945012643444,0.6725,400,45.30261387775565,42.05789228062438,3.207612756666724,1.928286552788016,6.076341780745158,-0.7688874009597111,5.950142689273124,0.6775,400,43.98058944686561,40.77297669019888,3.62208057871493,1.4618365942859342,8.401109343304743,-0.6777522612751739,4.706449849942512,0.665,400,78.09637992187947,74.47429934316455,0.8412248429438212,0.9442408955192648,5.984014276268908,-2.535357389053379,4.733494625185159,0.575,400,58.3195125235756,57.47828768063178,0.0307566967717013,0.0,1.180976568898935,-0.7142857142857117,0.8067295483402823,0.485,400,97.12905829704596,97.09830160027424,0.4112694042650027,0.3886121016945356,2.453489394485219,-1.2822572718154357,2.0241049021967434,0.5725,400,10.554554301715289,10.143284897450284,2.833452192866271,1.6567392314047034,4.918824034380982,-0.3181345443532208,4.699816161174475,0.7075,400,34.74805957604037,31.914607383174097,-3.63190031881102,-1.1293138214997054,9.55698274734671,-4.3343091176728,0.9257111883480924,0.3825,400,28.846477285226,32.47837760403702,-18.555867866994543,-2.0012827061256147,55.94076000737829,-8.202523211935748,1.2326588514322545,0.3375,400,43.18436737038157,61.74023523737611,-0.0211248244054351,-0.0274652071767871,0.4570507414118769,-0.2602713578956082,0.2506266844871083,0.4625,400,21.28518317595214,21.30630800035757,9.274916072848296,8.451041051799002,8.650313019715485,3.856950158147338,13.913509524572437,0.9075,400,54.61194919563427,45.33703312278598,-8.22588260793815,-7.765233680938866,8.987844578554045,-13.672029991346744,-2.377896393616288,0.1725,400,29.250940998367327,37.47682360630548,2.9613703477012043,2.7405450500556228,9.42576637290606,-2.2086956521739083,7.367647058823522,0.6347607052896725,397,46.58956847761549,43.62819812991429
shared_not_private,panel_other_k5,400,5.0,139.6125,2.290015183457831,1.473624338772229,5.898501839471142,-1.4391530525815313,4.618085152809309,0.65,400,44.34790746408221,42.05789228062438,2.26391378381712,1.4962686567164134,5.774622181062703,-1.2938288920056085,4.3317409766454364,0.6525,400,43.036890474016,40.77297669019888,2.922740833194172,1.2562393948165962,7.935976442308517,-0.7924880933008787,4.131587693104795,0.6525,400,77.39704017635871,74.47429934316455,0.1798877823114099,0.2172445533449405,5.919402880927681,-2.8216185682691,3.560754371923234,0.52,400,57.65817546294319,57.47828768063178,0.0199005866809723,0.0,1.1364462054486135,-0.6937119675456351,0.7424714434060284,0.455,400,97.11820218695524,97.09830160027424,0.1464139008798773,0.1953581628015976,2.303545494620124,-1.3567433873774903,1.7629514197291825,0.54,400,10.289698798330162,10.143284897450284,2.143601282577953,1.247750126790546,4.634984701145027,-0.6059094945886558,3.67502852265829,0.6825,400,34.05820866575205,31.914607383174097,-3.033282940956734,-0.7502013202016791,8.79779371978612,-4.091931912463499,1.0930751276381496,0.405,400,29.44509466308028,32.47837760403702,-16.260880301233243,-1.354283812368493,50.5161478025533,-6.887438520238985,1.5971874491364062,0.3825,400,45.47935493614287,61.74023523737611,0.0069932930344911,-0.0005467554251135,0.4065046995691264,-0.2046097723550612,0.2492339936482031,0.47,400,21.31330129339207,21.30630800035757,7.906069897267331,7.083468286099873,9.220042951565606,1.940894046491524,12.520000707989666,0.8125,400,53.2431030200533,45.33703312278598,-7.011826404217179,-6.283403363898724,9.240499320339977,-12.80178700295065,-1.3627366997765415,0.215,400,30.4649972020883,37.47682360630548,1.7118071302290363,2.100847650523214,8.586190553518376,-3.712454212454212,7.036363508898347,0.5743073047858942,397,45.34000526014333,43.62819812991429
shared_not_private,panel_same_k5,400,5.0,139.6125,3.289793338506428,2.141447303380769,6.285637766112423,-0.5440542496419685,5.3385413947838085,0.6875,400,45.34768561913081,42.05789228062438,3.227334021332116,2.1588763527515558,6.143461578475872,-0.566372273517997,5.162176533144272,0.7,400,44.000310711531,40.77297669019888,3.453221756787079,1.2346644732540497,7.927738417915346,-0.5543170682527077,4.636672287062524,0.6925,400,77.92752109995163,74.47429934316455,1.0315199811319795,1.0989581405540712,5.854915922354937,-2.0740285401395653,4.327021408498657,0.5775,400,58.50980766176375,57.47828768063178,-0.0100236753473247,0.0,1.204025528878564,-0.6694915254237301,0.7207207207207205,0.4575,400,97.08827792492691,97.09830160027424,0.4446186408495198,0.4245427992586288,2.3760392014163005,-1.0271507771288615,2.032411150481827,0.5875,400,10.587903538299804,10.143284897450284,2.8451746976569074,1.5576447971956,5.020583046612202,-0.2324513206617666,4.705120245113912,0.7175,400,34.759782080831,31.914607383174097,-3.367631702049019,-1.1651883394041036,8.809238461301506,-4.082562186978451,0.9000841042023344,0.3675,400,29.110745901988,32.47837760403702,-16.679404228885964,-2.099163915977911,56.216059221429866,-7.941486696335842,1.285910333573593,0.35,400,45.06083100849015,61.74023523737611,0.0239932494776388,0.0002456080443851,0.4138415349303146,-0.2250316013858793,0.2709152706866788,0.5,400,21.330301249835216,21.30630800035757,6.935936763332406,6.464545885762817,9.761128833113217,0.4543659869287033,13.033382400228774,0.765,400,52.272969886118375,45.33703312278598,-6.102330313746695,-5.750575553846927,11.208706269200244,-13.333333333333336,1.623953371473986,0.29,400,31.374493292558785,37.47682360630548,2.2333304293151364,1.813172043010752,9.228440466873591,-3.055555555555564,7.656565656565661,0.5818639798488665,397,45.86152855922944,43.62819812991429
shared_not_private,random_a0.5,400,5.0,139.6125,-0.0205750979974903,-0.0070787175225994,4.06970035419949,-2.3222880946965976,2.474092389825744,0.4975,400,42.037317182626886,42.05789228062438,0.016921629491896,0.0,3.887344445970557,-2.099353707963637,2.3964013086150477,0.485,400,40.78989831969078,40.77297669019888,-0.3211896704118601,-0.2310712952194222,5.369121799258916,-2.3551089486233536,1.798087302391835,0.4775,400,74.15310967275269,74.47429934316455,0.2505715879363118,0.2717233332852657,4.539454838204538,-2.7564007084584645,3.2089655478857075,0.5275,400,57.728859268568094,57.47828768063178,0.0774053842477048,0.0,1.1436731497244073,-0.6666666666666643,0.7571205383968369,0.495,400,97.17570698452197,97.09830160027424,0.0226311259391147,0.0015234233737579,2.199760332818912,-1.324961866639919,1.397178291770377,0.505,400,10.1659160233894,10.143284897450284,-0.0432062239366053,0.0491186365926648,2.834871127323798,-1.4594881802392423,1.338396251583574,0.5175,400,31.871401159237493,31.914607383174097,0.1963837875285354,0.2254512155772037,6.135655525576684,-2.243271501051888,2.2341000908461317,0.515,400,32.67476139156555,32.47837760403702,0.5107933276753315,0.0726590994919487,31.918658614360464,-3.827934437621529,3.910299324891625,0.505,400,62.25102856505145,61.74023523737611,-0.0087901019432381,-0.0124205776330015,0.4144301473234015,-0.2416569663896313,0.2160156238126096,0.4525,400,21.29751789841433,21.30630800035757,0.1382252411027604,0.1566715645663059,6.272841373944841,-3.529958733437216,3.989409014286821,0.515,400,45.475258363888734,45.33703312278598,-0.8031376104639563,-0.7689456137732016,7.940837600423446,-5.65570745483136,4.165242114658257,0.45,400,36.67368599584152,37.47682360630548,0.314737649634468,0.4188119626475739,8.180002601880533,-4.52079202013099,5.0,0.5239294710327456,397,43.94293577954876,43.62819812991429
shared_not_private,random_a1.0,400,5.0,139.6125,0.0440019285413064,0.1781095749295005,4.346628152668221,-2.9119491235164947,3.064189496380761,0.5075,400,42.101894209165685,42.05789228062438,0.0308252444573832,0.1055955538714137,4.177210034682821,-2.5930070776117624,2.7607894166124503,0.5025,400,40.80380193465626,40.77297669019888,-0.4140266341564404,-0.148788999388806,6.090375832324885,-2.2797460334254467,2.0902735891225817,0.465,400,74.06027270900809,74.47429934316455,0.3795314562814619,0.3992542827313947,5.060146771985491,-2.5742827544710494,3.438000480473292,0.5475,400,57.85781913691324,57.47828768063178,-0.0054892080698644,0.0,1.1710206963853529,-0.6677852348993341,0.696806664352664,0.4825,400,97.0928123922044,97.09830160027424,0.0558948580597531,-0.0381957437481643,2.187170673472709,-1.285659269737561,1.381235625852061,0.48,400,10.199179755510038,10.143284897450284,-0.0118929295184469,0.0433298661561423,3.1046960079554413,-1.6905382979781498,1.6526870884166414,0.505,400,31.902714453655648,31.914607383174097,0.3665042377552694,0.0680445160522502,6.938273553570727,-2.2452885424921964,2.6617986393124475,0.5075,400,32.84488184179229,32.47837760403702,1.6015296361877285,-0.0090902184640384,34.03763243518828,-4.114392790591731,4.284859336011351,0.5,400,63.34176487356385,61.74023523737611,0.0142509273544005,0.0,0.4047822048931906,-0.2076483008350855,0.2593504571501532,0.485,400,21.32055892771198,21.30630800035757,0.1837591258948239,0.0156747631065421,6.519786411900715,-3.895294461161337,4.2873225704506375,0.5025,400,45.5207922486808,45.33703312278598,-0.320320045185117,-0.1251412576713768,7.275236869436368,-4.9441572919833785,4.13640265866721,0.4825,400,37.15650356112036,37.47682360630548,0.1430333916765182,0.0952380952380949,8.521881645010113,-4.083694083694077,5.069169960474305,0.5037783375314862,397,43.77123152159081,43.62819812991429
shared_not_private,random_a1.0_L24,400,5.0,139.6125,-0.3666918947950981,-0.2600987862462389,4.4139071177236175,-2.704508749898377,1.9678694888532355,0.4675,400,41.69120038582929,42.05789228062438,-0.3332542537227707,-0.0969441517386684,4.223357260063096,-2.526220250100847,1.880769230769236,0.475,400,40.43972243647611,40.77297669019888,-0.6795727722237568,-0.2296252559733957,6.413480737697477,-2.293071141874613,1.7677169331312363,0.4725,400,73.79472657094078,74.47429934316455,0.1282080348026749,0.1387518128356326,4.911379286646388,-2.7527592509318826,3.0026672473222966,0.515,400,57.60649571543445,57.47828768063178,0.0641602030159142,0.1141507897736531,1.2005131152109136,-0.6398691685315896,0.8648733187363149,0.5175,400,97.16246180329016,97.09830160027424,-0.1433614370579275,-0.277924287002965,2.192181509125919,-1.5852188269698635,1.242253552275245,0.4475,400,9.999923460392358,10.143284897450284,-0.2233304577371706,-0.0731915014357902,3.224998152146592,-1.6565109957132984,1.437129224667988,0.48,400,31.691276925436924,31.914607383174097,0.6261368193737133,0.1929614673027604,7.2164649574112705,-1.843281283424424,2.5369407131198107,0.525,400,33.10451442341073,32.47837760403702,3.7357745421766175,0.2603395695235271,36.78115211451099,-3.317609701569737,3.9063610183871385,0.515,400,65.47600977955273,61.74023523737611,-0.0137281603438609,0.0017769410666943,0.4379457232169119,-0.2407365844828088,0.2223908637855021,0.5025,400,21.292579840013715,21.30630800035757,-0.0852369894907173,-0.3823472114311474,6.7625452725566495,-4.319102838763963,3.936409139504749,0.4775,400,45.25179613329525,45.33703312278598,-1.2450761077022958,-0.9367133730042988,7.66476390014348,-5.53244365928189,3.1052457339120867,0.42,400,36.231747498603184,37.47682360630548,-0.0150765455949844,0.0928556037799737,8.206520075485777,-4.725274725274723,4.757122032815694,0.5088161209068011,397,43.6131215843193,43.62819812991429
shared_not_private,random_a2.0,400,5.0,139.6125,-0.1675674800592765,-0.1769185779802455,4.423919295047634,-2.626972744341618,2.3632419282940216,0.4925,400,41.890324800565104,42.05789228062438,-0.1435243316338868,-0.1052631578947398,4.284616675932362,-2.4284964576226717,2.316193311956024,0.495,400,40.629452358565,40.77297669019888,-0.3574080689148174,-0.1431820774553713,6.049600496627449,-2.1413784422993203,1.749947134372606,0.48,400,74.11689127424972,74.47429934316455,-0.0403370354918742,0.0341432611941563,4.6286782787288,-2.9993783197354613,2.7871047266917977,0.5025,400,57.43795064513991,57.47828768063178,0.0488416472246559,0.1052631578947398,1.2782733633347745,-0.6666666666666572,0.8763757861635249,0.505,400,97.1471432474989,97.09830160027424,0.0054707601250039,-0.0152496626180829,2.3095072241815733,-1.5079219022295849,1.487394606033443,0.495,400,10.148755657575288,10.143284897450284,-0.1730382401842805,-0.0609412713274277,3.1763045593747603,-1.6365717970354066,1.4865575858373932,0.49,400,31.74156914298982,31.914607383174097,0.2923073804128816,0.1819467263815255,6.583879391282175,-1.7683536345703148,2.142596457423664,0.5225,400,32.7706849844499,32.47837760403702,1.020274507243947,0.265966205687203,30.531517859633865,-3.1498378509988587,3.797201757728693,0.5225,400,62.76050974462006,61.74023523737611,0.0006712887871272,0.0,0.4002412747099778,-0.2182868200022443,0.2632623627822337,0.4775,400,21.306979289144703,21.30630800035757,-0.4009892032563516,0.0385157252987298,7.14342342072724,-4.352116648169281,4.321257610129043,0.5075,400,44.93604391952962,45.33703312278598,0.0332109750968896,0.0033115132845615,8.238533662433161,-4.685315139414241,4.458588840941784,0.5,400,37.51003458140237,37.47682360630548,0.0946661335321142,0.0,8.630053158408835,-4.598427887901565,5.0,0.4937027707808564,397,43.7228642634464,43.62819812991429
