gene,condition,gc,gc3,jsd_plat,jsd_hum
ENSG00000003393,add_a0.5,58.28,67.62762762762762,0.2065143504704773,0.1827701846965439
ENSG00000003393,add_a1.0,61.4,71.8918918918919,0.1903217997425144,0.2008082474122278
ENSG00000003393,add_a2.0,79.14,85.52552552552552,0.2468563254733167,0.4183505637402878
ENSG00000003393,add_a3.0,80.04,87.38738738738739,0.146399117181119,0.385143482702392
ENSG00000003393,add_a4.0,80.36,87.56756756756756,0.1822090865255271,0.4113420250602332
ENSG00000003393,add_gc_removed_a1.0,38.92,39.45945945945946,0.4008478062629381,0.1222026483254808
ENSG00000003393,add_own,70.7,80.96096096096096,0.1394213541721027,0.2889761183102194
ENSG00000003393,random_a1.0,47.0,47.567567567567565,0.3501856542484508,0.1343893485526512
ENSG00000003393,unsteered,43.36,44.32432432432432,0.3880520101074093,0.1523134595312706
ENSG00000004534,add_a0.5,49.5,33.87387387387388,0.2368981371416389,0.2173836804910745
ENSG00000004534,add_a1.0,54.56,56.0960960960961,0.1760448684918709,0.2038140335643986
ENSG00000004534,add_a2.0,82.74,84.38438438438439,0.3884217471420896,0.4740748515722693
ENSG00000004534,add_a3.0,86.6,87.8078078078078,0.4189917006349669,0.5030349431273015
ENSG00000004534,add_a4.0,88.78,90.99099099099098,0.4862054612763418,0.5820337115558033
ENSG00000004534,add_gc_removed_a1.0,42.3,29.48948948948949,0.2291517951884276,0.1818608026297467
ENSG00000004534,add_own,56.220000000000006,42.64264264264264,0.2371732385904909,0.2459746340838727
ENSG00000004534,random_a1.0,34.86,22.7027027027027,0.3759904222092506,0.3484528900900907
ENSG00000004534,unsteered,44.44,32.732732732732735,0.1921292916523231,0.1544749039750582
ENSG00000005175,add_a0.5,38.760000000000005,24.684684684684687,0.2336815374096283,0.2128198319346083
ENSG00000005175,add_a1.0,42.260000000000005,42.04204204204204,0.1973994140330149,0.201765162971342
ENSG00000005175,add_a2.0,56.08,62.46246246246246,0.2483493713427467,0.2881601150768936
ENSG00000005175,add_a3.0,72.52000000000001,78.49849849849849,0.3632213764688788,0.4213885913161815
ENSG00000005175,add_a4.0,85.24,87.62762762762763,0.5008991638354938,0.5424286090278285
ENSG00000005175,add_gc_removed_a1.0,32.78,23.543543543543542,0.2046863203805269,0.171834118806551
ENSG00000005175,add_own,43.58,40.78078078078078,0.1982736607066299,0.2075485811190072
ENSG00000005175,random_a1.0,34.160000000000004,20.84084084084084,0.2127625442863725,0.1712230619000804
ENSG00000005175,unsteered,31.46,19.93993993993994,0.2038766231680143,0.1650111680912185
ENSG00000007908,add_a0.5,56.16,69.42942942942943,0.1004646577735233,0.1033623029394826
ENSG00000007908,add_a1.0,61.36,79.3993993993994,0.1868744138287157,0.2295621409649774
ENSG00000007908,add_a2.0,70.06,87.14714714714714,0.2241207608097276,0.2788011082099021
ENSG00000007908,add_a3.0,78.03999999999999,86.72672672672672,0.3068965747116922,0.3781783027125383
ENSG00000007908,add_a4.0,83.08,92.13213213213211,0.3583411412785828,0.4492488741724926
ENSG00000007908,add_gc_removed_a1.0,39.38,39.21921921921922,0.2105739610396557,0.1744722770857759
ENSG00000007908,add_own,50.44,60.12012012012012,0.1161883564702922,0.1063960272129415
ENSG00000007908,random_a1.0,53.64,64.92492492492492,0.0871537113829101,0.0806633845481862
ENSG00000007908,unsteered,46.68,51.71171171171172,0.1148470535873337,0.0889544158851279
ENSG00000008952,add_a0.5,40.44,43.72372372372372,0.2070056885934963,0.1783016298372073
ENSG00000008952,add_a1.0,48.88,58.25825825825825,0.1428750883941062,0.1517593946187944
ENSG00000008952,add_a2.0,57.46,63.78378378378378,0.2231601878581786,0.258284494971416
ENSG00000008952,add_a3.0,74.82000000000001,86.96696696696696,0.2965137229648934,0.4205954635149789
ENSG00000008952,add_a4.0,82.74,90.09009009009009,0.3945278449984507,0.5141330954920418
ENSG00000008952,add_gc_removed_a1.0,33.980000000000004,30.69069069069069,0.2159870141992726,0.1226067655798126
ENSG00000008952,add_own,63.92,74.95495495495496,0.2032211049893357,0.2813879792395934
ENSG00000008952,random_a1.0,35.94,36.21621621621622,0.2268029625793157,0.148898654439508
ENSG00000008952,unsteered,48.38,56.27627627627628,0.196428533355181,0.1820644370335792
ENSG00000010292,add_a0.5,45.16,53.27327327327328,0.3353325712629775,0.1958312888760101
ENSG00000010292,add_a1.0,46.54,40.18018018018018,0.3744806335560805,0.1859315887541748
ENSG00000010292,add_a2.0,71.16,80.78078078078079,0.1999922992349281,0.2818913532632846
ENSG00000010292,add_a3.0,74.53999999999999,87.8078078078078,0.1601133580771946,0.3204598099876788
ENSG00000010292,add_a4.0,80.3,93.33333333333334,0.1753738669031731,0.3991494351919459
ENSG00000010292,add_gc_removed_a1.0,41.38,38.4984984984985,0.3520814744393329,0.1141680237146837
ENSG00000010292,add_own,48.18624624624624,56.15615615615616,0.2501829308069235,0.155483978339744
ENSG00000010292,random_a1.0,41.38,40.66066066066066,0.3589474963868233,0.1371781215215375
ENSG00000010292,unsteered,40.6,39.21921921921922,0.370053974198509,0.1527866687473132
ENSG00000012171,add_a0.5,71.3,84.32432432432432,0.1410246264112652,0.1457325898316123
ENSG00000012171,add_a1.0,70.00674674674676,78.97897897897897,0.2236652405543193,0.2257448632990525
ENSG00000012171,add_a2.0,83.0,91.05105105105103,0.2733031710965844,0.2590144573132804
ENSG00000012171,add_a3.0,85.78,90.93093093093094,0.3099027539777544,0.2957634338305502
ENSG00000012171,add_a4.0,85.8,92.25225225225223,0.2738526160575719,0.2605498743551007
ENSG00000012171,add_gc_removed_a1.0,61.42,72.01201201201201,0.1575217655846507,0.1724535872045108
ENSG00000012171,add_own,74.97999999999999,81.98198198198199,0.1940351491978534,0.1839539194984919
ENSG00000012171,random_a1.0,75.64,93.27327327327328,0.1530436853721807,0.1516274705649923
ENSG00000012171,unsteered,70.52000000000001,82.46246246246247,0.1312265632207508,0.1327401268425375
ENSG00000012232,add_a0.5,75.26,93.81381381381382,0.1015082248880333,0.2271717875454191
ENSG00000012232,add_a1.0,71.34,97.77777777777776,0.1129029527516893,0.2277853407182208
ENSG00000012232,add_a2.0,72.35365365365365,95.37537537537536,0.0686701052748644,0.2002746937103791
ENSG00000012232,add_a3.0,78.66,90.75075075075074,0.1596594165148636,0.2715297747556377
ENSG00000012232,add_a4.0,82.84,91.17117117117115,0.1924435320928011,0.3370537114900246
ENSG00000012232,add_gc_removed_a1.0,60.98,87.02702702702702,0.156181320249089,0.1298059027947729
ENSG00000012232,add_own,71.58,98.43843843843844,0.0649838428497274,0.2001344249406503
ENSG00000012232,random_a1.0,65.35173173173173,80.36036036036036,0.1678393654680045,0.1682447340239223
ENSG00000012232,unsteered,72.26,92.85285285285286,0.1062806199711338,0.1957755577179767
ENSG00000014138,add_a0.5,46.14,41.14114114114115,0.2536978157233804,0.1502604820225429
ENSG00000014138,add_a1.0,48.32,50.69069069069069,0.2420240516128713,0.1933924874790203
ENSG00000014138,add_a2.0,69.38,88.34834834834835,0.1973129988600869,0.3039350654693986
ENSG00000014138,add_a3.0,74.53999999999999,85.82582582582583,0.2293591003411293,0.3293733346286784
ENSG00000014138,add_a4.0,86.16,93.3933933933934,0.3655154086469635,0.4985899210198945
ENSG00000014138,add_gc_removed_a1.0,42.5,44.08408408408408,0.3329202049392794,0.237462263368187
ENSG00000014138,add_own,62.56,65.04504504504504,0.227685876746821,0.2616910191105928
ENSG00000014138,random_a1.0,44.96,41.44144144144144,0.3209464074471265,0.2439551595600331
ENSG00000014138,unsteered,44.22,42.52252252252252,0.2599754774039423,0.1638938010355039
ENSG00000020426,add_a0.5,47.07142857142857,54.0,0.139538604037419,0.1052946618865541
ENSG00000020426,add_a1.0,57.97619047619048,80.42857142857142,0.1131712164949928,0.2692983443120201
ENSG00000020426,add_a2.0,72.30952380952381,95.85714285714286,0.2189278291213379,0.4847758700690234
ENSG00000020426,add_a3.0,77.38095238095238,92.85714285714286,0.2810634845428384,0.5285584133620457
ENSG00000020426,add_a4.0,80.54761904761905,94.42857142857142,0.2910170792104677,0.5402346695250952
ENSG00000020426,add_gc_removed_a1.0,43.095238095238095,48.5,0.1459835346164568,0.0896687247169425
ENSG00000020426,add_own,66.02380952380953,89.71428571428571,0.1446751642147819,0.3643069301317465
ENSG00000020426,random_a1.0,42.61904761904762,42.92857142857143,0.1509403379423384,0.0299923552871362
ENSG00000020426,unsteered,45.595238095238095,49.642857142857146,0.1556282702997578,0.0855589909433315
ENSG00000020922,add_a0.5,31.8,18.61861861861862,0.1788629520196536,0.1481284990456926
ENSG00000020922,add_a1.0,34.54,22.64264264264264,0.2056067743217463,0.1751359282074531
ENSG00000020922,add_a2.0,50.62,56.996996996997,0.1965284132082413,0.2171498245202927
ENSG00000020922,add_a3.0,60.06,66.30630630630631,0.2182011590879884,0.2473934278620752
ENSG00000020922,add_a4.0,71.48,86.66666666666667,0.3143849583552565,0.3791059966247911
ENSG00000020922,add_gc_removed_a1.0,24.78,7.267267267267267,0.2507460239509371,0.1904364109374355
ENSG00000020922,add_own,29.08,13.333333333333334,0.2094705520282017,0.1639832061819149
ENSG00000020922,random_a1.0,29.26,10.63063063063063,0.2257989127109486,0.1723649797138986
ENSG00000020922,unsteered,28.12,12.252252252252251,0.2279416464548301,0.1827041427980784
ENSG00000021776,add_a0.5,54.760000000000005,67.98798798798799,0.2006041703447282,0.2565828476465253
ENSG00000021776,add_a1.0,62.33345345345346,82.22222222222223,0.1475438341686134,0.321781500718915
ENSG00000021776,add_a2.0,67.96000000000001,91.95195195195194,0.121326949836393,0.3972353227127788
ENSG00000021776,add_a3.0,72.42,86.24624624624624,0.1923900986144457,0.3864733147871853
ENSG00000021776,add_a4.0,79.38,89.36936936936937,0.269166876579305,0.4855053933594632
ENSG00000021776,add_gc_removed_a1.0,44.0,50.45045045045045,0.2030917214052596,0.0811585681821302
ENSG00000021776,add_own,60.34,77.83783783783784,0.1142055112374404,0.2478407936636964
ENSG00000021776,random_a1.0,39.06,36.996996996997,0.2872904183443033,0.0594114558484673
ENSG00000021776,unsteered,41.63121121121121,45.34534534534534,0.266712543387131,0.1091813848356449
ENSG00000022567,add_a0.5,68.94,79.63963963963964,0.252659654702395,0.267544050527906
ENSG00000022567,add_a1.0,69.4,73.15315315315316,0.2628435829715324,0.2704113482490514
ENSG00000022567,add_a2.0,76.94,83.84384384384384,0.2446383255181391,0.2312561804893861
ENSG00000022567,add_a3.0,80.4,90.2102102102102,0.2935854442801705,0.2678277916507111
ENSG00000022567,add_a4.0,86.52000000000001,93.03303303303304,0.3706903004339146,0.3379232768298902
ENSG00000022567,add_gc_removed_a1.0,60.6,73.81381381381382,0.2370216854894574,0.2745398716232232
ENSG00000022567,add_own,62.42,80.3003003003003,0.1675476288512989,0.177654457058673
ENSG00000022567,random_a1.0,63.57265265265265,75.73573573573574,0.2008733092117675,0.2224704629974674
ENSG00000022567,unsteered,65.47999999999999,80.06006006006007,0.2001684735828563,0.2100955585642011
ENSG00000023318,add_a0.5,49.66,47.567567567567565,0.1751612434222612,0.1984870608330865
ENSG00000023318,add_a1.0,56.1,53.75375375375376,0.2046024055884962,0.2345298765124336
ENSG00000023318,add_a2.0,78.72,79.87987987987988,0.4390655377899243,0.5085098474930254
ENSG00000023318,add_a3.0,70.86,70.99099099099098,0.2905315663460933,0.3457535274013759
ENSG00000023318,add_a4.0,82.97999999999999,83.12312312312312,0.4528263429313058,0.515383262810883
ENSG00000023318,add_gc_removed_a1.0,47.8,47.26726726726727,0.1437868437969281,0.166170129302289
ENSG00000023318,add_own,64.47999999999999,65.22522522522522,0.2696459433307193,0.3173042814877602
ENSG00000023318,random_a1.0,52.3,56.816816816816825,0.2223086391314122,0.2547855626730236
ENSG00000023318,unsteered,41.260000000000005,41.68168168168168,0.1496145223311181,0.1663516860823054
ENSG00000023516,add_a0.5,48.68,50.93093093093093,0.1250734938096959,0.1555630394932071
ENSG00000023516,add_a1.0,55.66,62.22222222222221,0.1736126343062201,0.2369309219067871
ENSG00000023516,add_a2.0,65.34,68.76876876876877,0.2385788842546209,0.3423795180487943
ENSG00000023516,add_a3.0,75.76,80.18018018018019,0.375950194852112,0.4956719375667299
ENSG00000023516,add_a4.0,87.88,91.65165165165163,0.5091874323738156,0.6576301049521384
ENSG00000023516,add_gc_removed_a1.0,38.84,37.11711711711712,0.117360701792559,0.0972146069356947
ENSG00000023516,add_own,55.84,55.25525525525526,0.1298294639887554,0.1950776818785408
ENSG00000023516,random_a1.0,44.18,46.306306306306304,0.1416678962203876,0.1596263265132641
ENSG00000023516,unsteered,43.8,42.4024024024024,0.1248537603668312,0.1287082859042187
ENSG00000034677,add_a0.5,31.6,27.86786786786787,0.2591907326668705,0.2042506179288579
ENSG00000034677,add_a1.0,49.28,50.69069069069069,0.1535182583282958,0.1664359060182242
ENSG00000034677,add_a2.0,67.5,78.1981981981982,0.2347922796147315,0.3476001726681555
ENSG00000034677,add_a3.0,85.86,90.87087087087086,0.4368296713142037,0.557352916643383
ENSG00000034677,add_a4.0,81.42,92.01201201201202,0.3851024331356091,0.5260461409549253
ENSG00000034677,add_gc_removed_a1.0,36.58,26.186186186186184,0.2203739941130741,0.1381768867156163
ENSG00000034677,add_own,54.04,59.51951951951952,0.1475723787412634,0.1875391422194941
ENSG00000034677,random_a1.0,40.4,36.51651651651652,0.1464862589850685,0.0961773243312864
ENSG00000034677,unsteered,38.46,34.53453453453453,0.1704932700278669,0.1141515609789461
ENSG00000036257,add_a0.5,68.91666666666667,81.23123123123123,0.3814882181502115,0.4202347046626929
ENSG00000036257,add_a1.0,64.10000000000001,81.28128128128128,0.3353788829376307,0.3774594496304137
ENSG00000036257,add_a2.0,71.18333333333332,89.23923923923924,0.408150037647982,0.4551255430420244
ENSG00000036257,add_a3.0,76.35000000000001,89.13913913913915,0.4523615972808297,0.4953378270654822
ENSG00000036257,add_a4.0,78.01666666666667,93.74374374374374,0.4888864928315362,0.5343799478794297
ENSG00000036257,add_gc_removed_a1.0,53.21666666666667,65.76576576576576,0.2154240966391716,0.2425248769846399
ENSG00000036257,add_own,57.9,69.56956956956957,0.2469768644069616,0.282756859874917
ENSG00000036257,random_a1.0,58.63333333333333,75.32532532532532,0.2887395512903601,0.3270367368853585
ENSG00000036257,unsteered,61.18333333333334,70.22022022022021,0.2983136965464809,0.3343716466093603
ENSG00000040199,add_a0.5,50.56,52.43243243243244,0.1763517971244443,0.1784823783721075
ENSG00000040199,add_a1.0,56.86,59.87987987987988,0.1475851866062738,0.1563759797276722
ENSG00000040199,add_a2.0,68.25403403403404,79.15915915915916,0.2667724530199783,0.3180047018192243
ENSG00000040199,add_a3.0,76.28,87.44744744744744,0.3159348320070106,0.3860258901046832
ENSG00000040199,add_a4.0,86.64,90.15015015015015,0.460432914133251,0.5210762696254114
ENSG00000040199,add_gc_removed_a1.0,40.68,35.01501501501502,0.1626204003766392,0.1286749580955232
ENSG00000040199,add_own,60.46,68.46846846846847,0.1914180301553055,0.2188891611867458
ENSG00000040199,random_a1.0,39.64,36.6966966966967,0.1554329161803061,0.1346121501770207
ENSG00000040199,unsteered,42.86,37.17717717717718,0.1805289643832996,0.1521260352187486
ENSG00000042286,add_a0.5,67.82000000000001,79.15915915915916,0.1661489886382992,0.1447770724288035
ENSG00000042286,add_a1.0,70.97999999999999,77.77777777777779,0.2791768493942291,0.244458389148565
ENSG00000042286,add_a2.0,74.7,88.4084084084084,0.2202091682654581,0.1844424457325501
ENSG00000042286,add_a3.0,84.58,83.3033033033033,0.4008407117071587,0.3722589342375016
ENSG00000042286,add_a4.0,78.76,91.11111111111111,0.2617080659449001,0.2336116585088845
ENSG00000042286,add_gc_removed_a1.0,56.5,65.28528528528528,0.1439672284188365,0.1502674314737598
ENSG00000042286,add_own,73.2,68.82882882882883,0.2709234808491189,0.2625537655701372
ENSG00000042286,random_a1.0,61.42,69.00900900900902,0.1545630973634164,0.1475286685540192
ENSG00000042286,unsteered,64.8,67.2072072072072,0.1866579020933372,0.1821744473058678
ENSG00000054148,add_a0.5,67.16791979949875,90.22556390977444,0.2252790939196239,0.2629620685508543
ENSG00000054148,add_a1.0,68.62155388471179,83.7593984962406,0.2712165435154737,0.2949861531749103
ENSG00000054148,add_a2.0,70.57644110275689,90.52631578947368,0.2692041952328784,0.3110817587395082
ENSG00000054148,add_a3.0,74.73684210526315,90.82706766917292,0.2739048796942449,0.3377619904342217
ENSG00000054148,add_a4.0,78.89724310776943,89.77443609022556,0.3349948901004851,0.3937051016138327
ENSG00000054148,add_gc_removed_a1.0,57.4937343358396,72.4812030075188,0.3314461030787728,0.3153619343164889
ENSG00000054148,add_own,67.36842105263158,90.82706766917292,0.2927070041613396,0.3426672757658712
ENSG00000054148,random_a1.0,64.66165413533835,85.41353383458647,0.2572729436480641,0.266371921993646
ENSG00000054148,unsteered,53.68421052631579,72.03007518796993,0.3352964818544893,0.2963776813520855
ENSG00000056972,add_a0.5,46.86,50.030030030030034,0.2539004380413528,0.1506170822835186
ENSG00000056972,add_a1.0,67.38,76.33633633633633,0.1966284203699156,0.2523957341666104
ENSG00000056972,add_a2.0,75.08,87.98798798798799,0.1660209840478611,0.2949304978724228
ENSG00000056972,add_a3.0,79.26,93.57357357357355,0.2246322138881447,0.3558482553221861
ENSG00000056972,add_a4.0,84.12,88.94894894894895,0.2207381268419574,0.372108031360492
ENSG00000056972,add_gc_removed_a1.0,40.8,36.15615615615616,0.3110072597301447,0.1875508995585351
ENSG00000056972,add_own,54.86,58.318318318318326,0.2537626866504485,0.2178182003307845
ENSG00000056972,random_a1.0,40.98,38.1981981981982,0.2956474548251407,0.1865234803440704
ENSG00000056972,unsteered,45.2,43.84384384384384,0.2721325533982564,0.1761788591675469
ENSG00000061938,add_a0.5,69.88,76.81681681681683,0.1646401390468379,0.1619553446093346
ENSG00000061938,add_a1.0,72.08,81.02102102102103,0.1439865407428081,0.1541686119804258
ENSG00000061938,add_a2.0,77.22,97.5975975975976,0.1435005610546718,0.1799843473146567
ENSG00000061938,add_a3.0,80.4,95.07507507507508,0.2075562482039355,0.2318883762890503
ENSG00000061938,add_a4.0,80.14,95.85585585585586,0.1683881059166057,0.2025105152368292
ENSG00000061938,add_gc_removed_a1.0,61.08,72.55255255255256,0.1192785064733781,0.1098765888883892
ENSG00000061938,add_own,74.34,80.36036036036036,0.2117698352052364,0.2206252802446105
ENSG00000061938,random_a1.0,65.92,68.16816816816817,0.1563516496168049,0.1406418818896253
ENSG00000061938,unsteered,64.4,68.64864864864865,0.3122934791701616,0.2900668613920941
ENSG00000062598,add_a0.5,66.6,88.16816816816817,0.1541931738273869,0.2201204762687446
ENSG00000062598,add_a1.0,65.08,87.74774774774775,0.1416227074317889,0.2132075191632045
ENSG00000062598,add_a2.0,75.72,90.27027027027027,0.2213614544483709,0.3171214282143136
ENSG00000062598,add_a3.0,74.46000000000001,94.11411411411412,0.1527689849467882,0.3129732260445724
ENSG00000062598,add_a4.0,82.94,93.15315315315316,0.2816563715461221,0.4155978171757094
ENSG00000062598,add_gc_removed_a1.0,49.72,61.20120120120121,0.3147040961723298,0.1959137824862608
ENSG00000062598,add_own,70.98,81.68168168168168,0.2231237082983554,0.2799625308270886
ENSG00000062598,random_a1.0,49.4,53.51351351351351,0.3046910136862846,0.1194501578163761
ENSG00000062598,unsteered,49.56,57.41741741741741,0.3251022308551596,0.1260340276577198
ENSG00000064309,add_a0.5,38.16,38.73873873873874,0.2737270393555048,0.1690092757348442
ENSG00000064309,add_a1.0,49.98,50.810810810810814,0.2682385772680417,0.2200590536552475
ENSG00000064309,add_a2.0,58.38,66.006006006006,0.2192918318563396,0.2645175559380799
ENSG00000064309,add_a3.0,76.76,74.65465465465465,0.194402662575086,0.330314530008393
ENSG00000064309,add_a4.0,81.8,84.8048048048048,0.2078795302712177,0.3926091524620173
ENSG00000064309,add_gc_removed_a1.0,34.160000000000004,34.53453453453453,0.2836004746331434,0.1549986828733454
ENSG00000064309,add_own,39.760000000000005,35.13513513513514,0.4253898961602491,0.3215198982158554
ENSG00000064309,random_a1.0,33.48,33.213213213213216,0.3787581422860197,0.2773979979872741
ENSG00000064309,unsteered,43.24,46.786786786786784,0.2979777774315682,0.2184237689867854
ENSG00000066827,add_a0.5,53.260000000000005,52.43243243243243,0.410563852313328,0.3012717535425415
ENSG00000066827,add_a1.0,68.12,67.38738738738739,0.3144549592868696,0.3084698164253582
ENSG00000066827,add_a2.0,61.5,62.94294294294294,0.2567110189231784,0.2230500008608466
ENSG00000066827,add_a3.0,73.88,75.61561561561561,0.2286227301073867,0.2913985973259875
ENSG00000066827,add_a4.0,80.48,83.96396396396396,0.2513143320610388,0.368068875394515
ENSG00000066827,add_gc_removed_a1.0,35.84,35.91591591591592,0.4114643313399921,0.2213014499063271
ENSG00000066827,add_own,53.08,58.55855855855856,0.2961031516871245,0.2020243991864141
ENSG00000066827,random_a1.0,43.52,42.64264264264264,0.4942510208508877,0.346862164671218
ENSG00000066827,unsteered,42.6,43.66366366366366,0.404097265466407,0.2286011351560096
ENSG00000067842,add_a0.5,67.22,69.30930930930931,0.3788832325476506,0.3626848018163203
ENSG00000067842,add_a1.0,75.3,74.65465465465465,0.2882730361821024,0.2437665215009918
ENSG00000067842,add_a2.0,80.44,86.78678678678679,0.3371648970178442,0.262187779228234
ENSG00000067842,add_a3.0,86.0,90.27027027027027,0.389364719185138,0.314188646865284
ENSG00000067842,add_a4.0,84.6,89.7897897897898,0.3840176092441248,0.3207167320896449
ENSG00000067842,add_gc_removed_a1.0,66.02000000000001,63.60360360360361,0.2342425952235735,0.2252435584043165
ENSG00000067842,add_own,66.82000000000001,74.5945945945946,0.3822063482192008,0.3488250429476971
ENSG00000067842,random_a1.0,67.72,68.52852852852853,0.4057335210796788,0.3694155677793495
ENSG00000067842,unsteered,69.0,71.29129129129129,0.3384637101802668,0.3158467265502357
ENSG00000069849,add_a0.5,77.76892430278885,83.66533864541832,0.4267954258683303,0.5226178176770848
ENSG00000069849,add_a1.0,86.08233731739708,83.10756972111554,0.5169419887846887,0.6009806513219229
ENSG00000069849,add_a2.0,86.32138114209828,92.43027888446215,0.5295334941938474,0.635601965500347
ENSG00000069849,add_a3.0,81.46082337317397,83.74501992031873,0.4530194573665015,0.5348528955529563
ENSG00000069849,add_a4.0,84.01062416998671,97.45019920318724,0.5216483132089109,0.6475562751574448
ENSG00000069849,add_gc_removed_a1.0,71.36786188579018,87.88844621513945,0.4282106883071083,0.5170871534706596
ENSG00000069849,add_own,72.00531208499336,91.55378486055776,0.4194890076451848,0.5318071016711773
ENSG00000069849,random_a1.0,75.0597609561753,79.7609561752988,0.4595537805940638,0.5396482056521836
ENSG00000069849,unsteered,79.36254980079681,84.30278884462152,0.483959865960801,0.5933551462618072
ENSG00000070061,add_a0.5,60.1,63.9039039039039,0.4245168847418775,0.4338987713147167
ENSG00000070061,add_a1.0,50.96,53.27327327327328,0.2743726666759542,0.2578178493622764
ENSG00000070061,add_a2.0,70.35999999999999,73.51351351351352,0.3105323793849424,0.3225492337713382
ENSG00000070061,add_a3.0,77.64,79.93993993993993,0.3676371562987991,0.395656434033463
ENSG00000070061,add_a4.0,87.08,88.4084084084084,0.4621576975980684,0.4924216367529407
ENSG00000070061,add_gc_removed_a1.0,33.28,32.432432432432435,0.3099484379174695,0.3083919396388027
ENSG00000070061,add_own,51.48,53.63363363363364,0.2881018915313794,0.2658889587040158
ENSG00000070061,random_a1.0,40.6,39.0990990990991,0.2974371785923036,0.2917511104182554
ENSG00000070061,unsteered,32.44,32.85285285285285,0.2560377703643007,0.2445828820433428
ENSG00000071794,add_a0.5,43.4,42.64264264264264,0.1797341079633161,0.2056808934672208
ENSG00000071794,add_a1.0,50.24,55.31531531531532,0.293016774104336,0.3427755327975282
ENSG00000071794,add_a2.0,75.16,77.47747747747748,0.3697596490202082,0.454288309448143
ENSG00000071794,add_a3.0,77.82000000000001,82.4024024024024,0.4442360966007325,0.5231627875771058
ENSG00000071794,add_a4.0,82.44,85.94594594594595,0.485577526882282,0.5644269413463769
ENSG00000071794,add_gc_removed_a1.0,37.84,39.51951951951952,0.1375056706822539,0.1594946658566818
ENSG00000071794,add_own,49.92,52.31231231231232,0.179672334100968,0.2224290523658288
ENSG00000071794,random_a1.0,48.2,51.59159159159159,0.2204459899839077,0.2701843405672462
ENSG00000071794,unsteered,40.1,36.57657657657658,0.1377602468464595,0.1562952247269621
ENSG00000072201,add_a0.5,54.760000000000005,60.54054054054054,0.3373508923133078,0.2237184766590438
ENSG00000072201,add_a1.0,61.1,64.38438438438439,0.2858566866672177,0.2204083218672909
ENSG00000072201,add_a2.0,85.56,94.23423423423424,0.3493726371978843,0.4445873796007329
ENSG00000072201,add_a3.0,82.64,85.82582582582583,0.2491168145834383,0.3724947530906992
ENSG00000072201,add_a4.0,85.46000000000001,90.09009009009009,0.2191745921617261,0.3616847904517469
ENSG00000072201,add_gc_removed_a1.0,36.5,40.12012012012012,0.4261015169077853,0.2360725824213697
ENSG00000072201,add_own,78.9,83.12312312312312,0.2771037525703841,0.3396034629807277
ENSG00000072201,random_a1.0,57.06,59.45945945945946,0.281930974209439,0.1755156738984738
ENSG00000072201,unsteered,52.220000000000006,55.01501501501501,0.3091570392756801,0.193000800151818
ENSG00000074047,add_a0.5,77.97999999999999,79.93993993993993,0.3570489963789265,0.3168959742243893
ENSG00000074047,add_a1.0,85.92,95.67567567567568,0.4055671729188176,0.3422180190574925
ENSG00000074047,add_a2.0,81.02000000000001,86.96696696696696,0.3154277019417236,0.2755755281410798
ENSG00000074047,add_a3.0,85.72,84.02402402402403,0.3703653484656048,0.3240307962563272
ENSG00000074047,add_a4.0,89.08,93.93393393393394,0.4360727646777405,0.3814428945943129
ENSG00000074047,add_gc_removed_a1.0,62.84,72.43243243243244,0.2106070479438553,0.1747448645403638
ENSG00000074047,add_own,78.92,85.7057057057057,0.3307957425447996,0.2617226530286667
ENSG00000074047,random_a1.0,65.66,69.42942942942943,0.2068293520507667,0.177163938459638
ENSG00000074047,unsteered,65.67999999999999,69.72972972972973,0.2901738045110257,0.2332244212616263
ENSG00000076053,add_a0.5,66.55737704918033,70.98360655737704,0.3594105032979151,0.4264746023967437
ENSG00000076053,add_a1.0,63.02232139519933,66.55737704918033,0.2617121631355866,0.3757712392663564
ENSG00000076053,add_a2.0,79.75409836065573,81.8032786885246,0.3917927401357041,0.5366514339398476
ENSG00000076053,add_a3.0,83.27868852459017,89.26229508196721,0.4328838697007111,0.6007774669848798
ENSG00000076053,add_a4.0,82.89617486338798,92.62295081967213,0.4061750464767277,0.5819744942048793
ENSG00000076053,add_gc_removed_a1.0,56.748633879781416,60.49180327868852,0.2374221051731033,0.2998284164220814
ENSG00000076053,add_own,70.30054644808743,75.73770491803279,0.3294703241401521,0.4282843034135918
ENSG00000076053,random_a1.0,58.60655737704919,43.278688524590166,0.3134302592454936,0.3285466019981734
ENSG00000076053,unsteered,47.841530054644814,48.19672131147541,0.4100980557542956,0.4482193741998406
ENSG00000076242,add_a0.5,75.7,92.49249249249247,0.2558817620200624,0.4336187328501012
ENSG00000076242,add_a1.0,66.36,73.0930930930931,0.2738577165640507,0.326835108843346
ENSG00000076242,add_a2.0,74.6,90.03003003003002,0.2709020371542094,0.4301571202358398
ENSG00000076242,add_a3.0,76.42,91.65165165165163,0.2432086436998842,0.4276243699587948
ENSG00000076242,add_a4.0,75.88,91.8918918918919,0.2172190257419109,0.3994307383015
ENSG00000076242,add_gc_removed_a1.0,68.76,84.32432432432432,0.2121491079216827,0.3501641766040408
ENSG00000076242,add_own,73.1,85.16516516516516,0.3030303721538866,0.4491279867862669
ENSG00000076242,random_a1.0,69.3,89.24924924924925,0.2482078174027395,0.3979430434881782
ENSG00000076242,unsteered,61.84,71.17117117117117,0.3150738414238409,0.3813258319702759
ENSG00000076650,add_a0.5,64.08,80.3003003003003,0.3520714104685155,0.3194684379740488
ENSG00000076650,add_a1.0,53.7,62.46246246246246,0.2711920983549712,0.2545148487525924
ENSG00000076650,add_a2.0,76.94,88.76876876876877,0.4390646097702997,0.4057556223041418
ENSG00000076650,add_a3.0,81.9,93.33333333333331,0.5217578532803785,0.4844290561285191
ENSG00000076650,add_a4.0,82.74,91.29129129129127,0.503059729679158,0.4830570835581068
ENSG00000076650,add_gc_removed_a1.0,42.04,38.55855855855856,0.1474069175767121,0.1496216330464607
ENSG00000076650,add_own,71.46000000000001,87.14714714714714,0.4085949855868489,0.3693947819438619
ENSG00000076650,random_a1.0,40.42,34.11411411411412,0.1349213091173952,0.141822533570645
ENSG00000076650,unsteered,44.66,41.02102102102102,0.2206629795187156,0.2117274357230734
ENSG00000077420,add_a0.5,40.02,37.2972972972973,0.1404831050517378,0.1234484854607314
ENSG00000077420,add_a1.0,43.94784784784785,44.40880639675821,0.1235320871535703,0.1171008897688208
ENSG00000077420,add_a2.0,68.38,72.37237237237237,0.2669801685398062,0.309070952075399
ENSG00000077420,add_a3.0,79.44,85.64564564564564,0.3740896711964654,0.4327355502425636
ENSG00000077420,add_a4.0,80.42,80.78078078078079,0.4064423800321051,0.4589123306347936
ENSG00000077420,add_gc_removed_a1.0,28.32,27.32732732732733,0.2235216813037116,0.1924267098027248
ENSG00000077420,add_own,46.74,47.38738738738739,0.1581072739929416,0.1647791924915452
ENSG00000077420,random_a1.0,23.32,24.324324324324323,0.3449377591693903,0.3140054455147186
ENSG00000077420,unsteered,36.8,35.25525525525525,0.1780569962922039,0.1545466269576047
ENSG00000078403,add_a0.5,65.4,78.85885885885885,0.285522730775135,0.322792565205969
ENSG00000078403,add_a1.0,72.56,83.48348348348348,0.3504789862251226,0.3866421757070948
ENSG00000078403,add_a2.0,75.4,93.69369369369367,0.4265035603473416,0.4677498226822183
ENSG00000078403,add_a3.0,82.22,86.90690690690691,0.3981595470695951,0.4364283466589713
ENSG00000078403,add_a4.0,83.66,87.8078078078078,0.4459352409485576,0.4769089755505993
ENSG00000078403,add_gc_removed_a1.0,53.94,56.57657657657658,0.1394465459770987,0.1556907836348631
ENSG00000078403,add_own,71.62,79.81981981981981,0.2961884589154276,0.3351572179768857
ENSG00000078403,random_a1.0,48.63007007007007,54.62607185498752,0.1369487395243104,0.1613604293530772
ENSG00000078403,unsteered,64.2,65.94594594594594,0.2577286241417365,0.2865823065034428
ENSG00000078808,add_a0.5,64.86707566462168,80.42944785276073,0.2349573657474709,0.2002593935354168
ENSG00000078808,add_a1.0,57.8118609406953,70.49079754601227,0.2652071465450725,0.2484201473951568
ENSG00000078808,add_a2.0,73.10838445807771,97.9754601226994,0.2433034899518117,0.1552279820800204
ENSG00000078808,add_a3.0,83.86503067484662,95.15337423312884,0.3845655034440999,0.3151244380515169
ENSG00000078808,add_a4.0,86.99386503067485,93.55828220858896,0.4526227688173527,0.3894917809915571
ENSG00000078808,add_gc_removed_a1.0,53.96728016359919,64.9079754601227,0.186241191181417,0.1933061461917682
ENSG00000078808,add_own,69.32515337423312,88.46625766871166,0.2249778122983544,0.1745974144990862
ENSG00000078808,random_a1.0,45.79161198359822,54.171779141104295,0.2713458331829856,0.2970006428553408
ENSG00000078808,unsteered,60.04089979550103,82.51533742331289,0.1407151850636702,0.1234760103567165
ENSG00000083307,add_a0.5,52.28,63.12312312312313,0.116266807837528,0.0925951911377718
ENSG00000083307,add_a1.0,52.71125125125125,60.72072072072071,0.1716294341704189,0.1681952744950407
ENSG00000083307,add_a2.0,68.46000000000001,79.75975975975976,0.2481302267327511,0.2601746200817427
ENSG00000083307,add_a3.0,80.1,91.29129129129127,0.3143809952741981,0.3354710417157889
ENSG00000083307,add_a4.0,84.12,83.78378378378378,0.3922483147300625,0.4102510870693471
ENSG00000083307,add_gc_removed_a1.0,45.96916916916917,41.5015015015015,0.1827555009138496,0.1565221981796566
ENSG00000083307,add_own,65.26,73.87387387387386,0.178956468474327,0.1836858419953589
ENSG00000083307,random_a1.0,45.5,47.627627627627625,0.1619638624436903,0.1322530037156389
ENSG00000083307,unsteered,42.34,43.78378378378378,0.1389730126764345,0.1106443018850936
ENSG00000083799,add_a0.5,38.34,33.573573573573576,0.1312487620248346,0.1164774764738277
ENSG00000083799,add_a1.0,57.52,70.63063063063063,0.1926393697120177,0.259945072563209
ENSG00000083799,add_a2.0,74.47999999999999,91.83183183183183,0.3447790196987201,0.4399612691131879
ENSG00000083799,add_a3.0,81.86,91.83183183183183,0.4213280147006374,0.5124154919183491
ENSG00000083799,add_a4.0,85.06,87.26726726726727,0.4676396135446955,0.5402438274627684
ENSG00000083799,add_gc_removed_a1.0,37.2,33.09309309309309,0.1197947092505038,0.1015635876626839
ENSG00000083799,add_own,62.02,78.43843843843844,0.2374828255889367,0.3118672625805525
ENSG00000083799,random_a1.0,40.3,36.27627627627628,0.1298956351826928,0.1089647470832851
ENSG00000083799,unsteered,42.06,42.4024024024024,0.157166850335166,0.155047545495131
ENSG00000083937,add_a0.5,40.72072072072073,38.06949806949808,0.0771103149852211,0.0542834901576755
ENSG00000083937,add_a1.0,44.041184041184046,47.41312741312741,0.1044408915254021,0.0956795421549171
ENSG00000083937,add_a2.0,54.18275418275419,75.52123552123552,0.2657797229847154,0.2783703396094681
ENSG00000083937,add_a3.0,62.57400257400257,86.94980694980696,0.3933483684943684,0.418282386803678
ENSG00000083937,add_a4.0,64.83912483912484,87.41312741312741,0.4238283619955569,0.4545971470973494
ENSG00000083937,add_gc_removed_a1.0,40.02574002574003,36.988416988416986,0.0763423458198614,0.0541778841793924
ENSG00000083937,add_own,40.64350064350064,39.07335907335908,0.072596589734014,0.0542128781732181
ENSG00000083937,random_a1.0,39.84555984555984,37.06563706563707,0.072201850301708,0.0477284514737846
ENSG00000083937,unsteered,40.64350064350064,39.30501930501931,0.0663791052471292,0.0420029104585841
ENSG00000085382,add_a0.5,72.5,76.3963963963964,0.487447734607452,0.545509923281742
ENSG00000085382,add_a1.0,70.96000000000001,80.3003003003003,0.4079576054357257,0.4747372113702218
ENSG00000085382,add_a2.0,70.74,81.44144144144144,0.3789623700693058,0.4541867890017652
ENSG00000085382,add_a3.0,81.7,90.63063063063063,0.45703785929849,0.5259164954577601
ENSG00000085382,add_a4.0,86.41999999999999,93.63363363363364,0.5165863466787629,0.5840276274691057
ENSG00000085382,add_gc_removed_a1.0,51.9,55.73573573573574,0.1971174950634742,0.2218062150090348
ENSG00000085382,add_own,71.34,81.8018018018018,0.4527685581996429,0.5167503929366409
ENSG00000085382,random_a1.0,67.42,76.27627627627628,0.3144600606693343,0.3735044712438363
ENSG00000085382,unsteered,76.14,94.11411411411412,0.6092587419647819,0.6851463978546263
ENSG00000086475,add_a0.5,48.44746746746747,56.42461738847281,0.1412980071594936,0.1467886494378515
ENSG00000086475,add_a1.0,52.47735470941884,58.61861861861862,0.1223960911996202,0.1347895860425341
ENSG00000086475,add_a2.0,71.64,95.07507507507508,0.2647165060993593,0.2721867283517895
ENSG00000086475,add_a3.0,74.84,88.22822822822823,0.2341238524001318,0.2386073554869697
ENSG00000086475,add_a4.0,72.94,88.94894894894895,0.241503355826674,0.2463576588657449
ENSG00000086475,add_gc_removed_a1.0,38.74,40.42042042042042,0.1427907991359449,0.1488508162420534
ENSG00000086475,add_own,62.26646646646647,82.10210210210211,0.1942241726753512,0.1990692597661861
ENSG00000086475,random_a1.0,48.06,52.372372372372375,0.1078924662459595,0.114660678230072
ENSG00000086475,unsteered,40.9,42.82282282282283,0.1669689097580262,0.1737709117008938
ENSG00000087303,add_a0.5,73.0,86.24624624624624,0.1925640543819104,0.2478944761766355
ENSG00000087303,add_a1.0,79.3,95.07507507507508,0.2041435444811486,0.3021221430662262
ENSG00000087303,add_a2.0,82.82000000000001,97.83783783783784,0.2320631122182228,0.331406661933068
ENSG00000087303,add_a3.0,80.4,95.73573573573574,0.218028731719787,0.3075901313965029
ENSG00000087303,add_a4.0,79.04,82.82282282282281,0.2288108130256363,0.2796514277428237
ENSG00000087303,add_gc_removed_a1.0,67.26,87.56756756756756,0.2702716561059227,0.3087480450261882
ENSG00000087303,add_own,76.72,76.87687687687688,0.2395658046046789,0.2781242649455265
ENSG00000087303,random_a1.0,74.97999999999999,84.98498498498499,0.2733978136975362,0.3376084536160931
ENSG00000087303,unsteered,64.64,75.07507507507508,0.1879369667449248,0.2095080256149544
ENSG00000087502,add_a0.5,44.760000000000005,46.306306306306304,0.1200304126054762,0.1527336911537002
ENSG00000087502,add_a1.0,46.72,47.68768768768769,0.138632036730418,0.1789426987447543
ENSG00000087502,add_a2.0,70.4,87.02702702702702,0.3427110061723444,0.4810762344247857
ENSG00000087502,add_a3.0,78.24000000000001,91.47147147147147,0.4081959081654823,0.5479892562466661
ENSG00000087502,add_a4.0,80.86,92.97297297297295,0.4479999402910993,0.591414546451289
ENSG00000087502,add_gc_removed_a1.0,35.86,34.53453453453453,0.115811878504215,0.1028596121425323
ENSG00000087502,add_own,53.620000000000005,57.837837837837846,0.2216037260821281,0.2788267827472158
ENSG00000087502,random_a1.0,39.06,36.57657657657658,0.1430774753779262,0.1538327004313839
ENSG00000087502,unsteered,40.09731731731732,36.27627627627628,0.1840677971561068,0.1798148662268688
ENSG00000090621,add_a0.5,62.48,74.5945945945946,0.1709504261469127,0.1829093665492464
ENSG00000090621,add_a1.0,72.28,91.71171171171171,0.2828174931999427,0.3501280116511642
ENSG00000090621,add_a2.0,67.78,90.09009009009009,0.2144622648661922,0.2891432934565312
ENSG00000090621,add_a3.0,78.74,92.07207207207207,0.3000032741335744,0.382778187845416
ENSG00000090621,add_a4.0,69.38,95.55555555555556,0.1938909298356669,0.2840398045467493
ENSG00000090621,add_gc_removed_a1.0,55.42,62.88288288288288,0.1702060834479409,0.1854280358057547
ENSG00000090621,add_own,73.42,95.37537537537536,0.2692773697982834,0.3532034912675864
ENSG00000090621,random_a1.0,52.7,62.64264264264264,0.0932228608597463,0.0847998293375984
ENSG00000090621,unsteered,56.58,65.10510510510511,0.1301151621659105,0.1274642651942688
ENSG00000090686,add_a0.5,76.6,97.83783783783784,0.4018137674569114,0.4594253557424285
ENSG00000090686,add_a1.0,78.96000000000001,93.81381381381382,0.411808191827563,0.4607191613820105
ENSG00000090686,add_a2.0,83.8,94.35435435435436,0.4640887152878525,0.5171661303809831
ENSG00000090686,add_a3.0,84.44,92.07207207207207,0.4518655326041296,0.5035311444425989
ENSG00000090686,add_a4.0,87.56,92.79279279279278,0.4940892995657554,0.5445646529711042
ENSG00000090686,add_gc_removed_a1.0,65.82188376753507,86.53098882014544,0.3087730432944452,0.3536930959452445
ENSG00000090686,add_own,73.18814814814814,84.3550779695358,0.3747432216946936,0.4258078109098786
ENSG00000090686,random_a1.0,78.36,88.70870870870871,0.4699685189027976,0.5028429119781682
ENSG00000090686,unsteered,69.14686686686687,72.07207207207207,0.4745024527830582,0.5056726986185847
ENSG00000092036,add_a0.5,52.74,54.05405405405405,0.3279038935938182,0.2628441234520298
ENSG00000092036,add_a1.0,60.8,61.44144144144144,0.3000588166420357,0.2628290159734995
ENSG00000092036,add_a2.0,74.56,77.83783783783784,0.2692630182053311,0.3408846731511598
ENSG00000092036,add_a3.0,83.06,84.14414414414414,0.3121397588487187,0.4355181536368649
ENSG00000092036,add_a4.0,84.56,83.96396396396396,0.3536877700222984,0.4641379052577886
ENSG00000092036,add_gc_removed_a1.0,49.5,49.489489489489486,0.3043858062058188,0.1845687548205716
ENSG00000092036,add_own,68.0,70.69069069069069,0.2668916540059937,0.297741838804826
ENSG00000092036,random_a1.0,52.720000000000006,58.85885885885885,0.3202561442265831,0.2333006659617813
ENSG00000092036,unsteered,42.3,41.56156156156156,0.354044157746218,0.2104427350230792
ENSG00000099814,add_a0.5,74.02000000000001,79.15915915915916,0.1840098593393919,0.1617907429756064
ENSG00000099814,add_a1.0,76.04,88.82882882882883,0.2181038499412881,0.2202265768596266
ENSG00000099814,add_a2.0,81.64,84.44444444444444,0.2388093484641918,0.2284660727208784
ENSG00000099814,add_a3.0,80.7,87.2072072072072,0.2108649086848792,0.2019306428771213
ENSG00000099814,add_a4.0,86.66,87.56756756756756,0.3148848991095908,0.3109435659633514
ENSG00000099814,add_gc_removed_a1.0,63.720000000000006,78.85885885885885,0.187529809114605,0.1644673155311543
ENSG00000099814,add_own,77.06,83.42342342342343,0.2354706430806184,0.2172726389224821
ENSG00000099814,random_a1.0,75.96000000000001,80.0,0.3019633723179293,0.3069682623331883
ENSG00000099814,unsteered,73.1,78.1981981981982,0.2616619884042386,0.2455585657280153
ENSG00000100060,add_a0.5,74.94505494505495,96.63003663003664,0.1576737052675273,0.1818706830416885
ENSG00000100060,add_a1.0,76.06837606837607,94.06593406593406,0.1722447334135364,0.1949385551164415
ENSG00000100060,add_a2.0,79.16971916971917,96.11721611721612,0.1869817547366784,0.2134928819807355
ENSG00000100060,add_a3.0,83.95604395604396,93.55311355311356,0.2326089755229478,0.2696134505081877
ENSG00000100060,add_a4.0,86.81318681318682,93.6996336996337,0.2722749565797668,0.3038270972342637
ENSG00000100060,add_gc_removed_a1.0,63.663003663003664,83.51648351648352,0.1420065037425824,0.1407831328300003
ENSG00000100060,add_own,72.08009051529834,85.71428571428571,0.1817908594966248,0.2032825400286327
ENSG00000100060,random_a1.0,69.81684981684982,81.24542124542124,0.159164811653667,0.1564443602504264
ENSG00000100060,unsteered,71.30647130647131,89.81684981684982,0.1456094391611626,0.1599704865507807
ENSG00000100207,add_a0.5,63.14,77.65765765765767,0.2606887337288891,0.2802870432307371
ENSG00000100207,add_a1.0,72.52000000000001,87.98798798798799,0.1556379407452784,0.2985384437599505
ENSG00000100207,add_a2.0,83.46000000000001,93.45345345345343,0.215206336874963,0.4425392317586181
ENSG00000100207,add_a3.0,78.78,89.06906906906906,0.2220097678518581,0.3915492810357304
ENSG00000100207,add_a4.0,84.3,91.35135135135135,0.2394306741459449,0.4445962068652112
ENSG00000100207,add_gc_removed_a1.0,53.4,56.39639639639639,0.3149907041977982,0.1565930592795826
ENSG00000100207,add_own,75.16,91.23123123123123,0.1868775979414605,0.3794767399418396
ENSG00000100207,random_a1.0,57.0,70.57057057057057,0.3412018682059067,0.2782681319164826
ENSG00000100207,unsteered,65.9,74.23423423423424,0.3174847126915111,0.3245365381239916
ENSG00000100239,add_a0.5,61.760000000000005,83.78378378378379,0.0990121581498528,0.0968728830764082
ENSG00000100239,add_a1.0,58.38,75.13513513513513,0.1457625236129322,0.133337650658727
ENSG00000100239,add_a2.0,67.34,92.37237237237235,0.1399651304711981,0.1463666218054396
ENSG00000100239,add_a3.0,73.24,94.23423423423424,0.2143799752608092,0.2130418960558061
ENSG00000100239,add_a4.0,79.14,95.73573573573574,0.2572556703788087,0.2571062609533223
ENSG00000100239,add_gc_removed_a1.0,49.24,60.06006006006006,0.1121596096563977,0.0991122297066029
ENSG00000100239,add_own,61.9,90.45045045045045,0.0934091173744093,0.0932595790081377
ENSG00000100239,random_a1.0,51.17999999999999,61.8018018018018,0.1087470135380449,0.0929546135366569
ENSG00000100239,unsteered,52.52,67.0870870870871,0.0767543611049285,0.0578302314758443
ENSG00000100350,add_a0.5,70.38,97.35735735735736,0.0792381270670108,0.1438410402285142
ENSG00000100350,add_a1.0,74.34,99.5795795795796,0.1248669927421978,0.1979920124408526
ENSG00000100350,add_a2.0,76.08,99.51951951951952,0.1306822975587996,0.2028061419318923
ENSG00000100350,add_a3.0,79.86,99.5795795795796,0.1643396045962902,0.2613810039473271
ENSG00000100350,add_a4.0,77.86,97.53753753753752,0.1313202100839213,0.2088672306951934
ENSG00000100350,add_gc_removed_a1.0,68.67999999999999,96.09609609609608,0.0906864172197942,0.1459295016778352
ENSG00000100350,add_own,74.66,98.7987987987988,0.1180398521881033,0.1894012148123187
ENSG00000100350,random_a1.0,68.56,95.6156156156156,0.0910119581973199,0.1292638386537269
ENSG00000100350,unsteered,66.34,91.53153153153151,0.0763707889148044,0.106157236350227
ENSG00000100412,add_a0.5,64.77057057057057,66.82079670031477,0.2070687633030998,0.1864136703408203
ENSG00000100412,add_a1.0,69.96000000000001,78.13813813813815,0.2365794278321851,0.2699622833307288
ENSG00000100412,add_a2.0,79.02000000000001,88.76876876876877,0.216443684976359,0.2689881528623911
ENSG00000100412,add_a3.0,82.55999999999999,94.71471471471472,0.269115137246059,0.3372125238199829
ENSG00000100412,add_a4.0,81.44,93.81381381381382,0.255407766885697,0.3203318430588414
ENSG00000100412,add_gc_removed_a1.0,58.82000000000001,65.16516516516516,0.1940151685541914,0.1743649794260969
ENSG00000100412,add_own,73.14,84.38438438438439,0.2824381643515871,0.301402058613302
ENSG00000100412,random_a1.0,63.34,63.9039039039039,0.2377604119743964,0.2183002718383568
ENSG00000100412,unsteered,60.4,69.6096096096096,0.2520948022526694,0.2404895392067984
ENSG00000100522,add_a0.5,40.60215053763441,28.516129032258068,0.2444455922693076,0.1712065139654411
ENSG00000100522,add_a1.0,43.18279569892473,37.54838709677419,0.2080147543764404,0.1590337336366797
ENSG00000100522,add_a2.0,49.89247311827957,48.90322580645161,0.2442631980803608,0.2371897429569339
ENSG00000100522,add_a3.0,64.08602150537635,73.29032258064517,0.2535368831747088,0.3737221923455595
ENSG00000100522,add_a4.0,72.98924731182795,79.48387096774194,0.3380457533568875,0.469881062862278
ENSG00000100522,add_gc_removed_a1.0,33.677419354838705,27.35483870967742,0.2425904412610456,0.1356652389213634
ENSG00000100522,add_own,48.38709677419355,41.54838709677419,0.2237737394148677,0.2022148073176105
ENSG00000100522,random_a1.0,35.01075268817205,29.5483870967742,0.233162846526915,0.171669497830484
ENSG00000100522,unsteered,34.70967741935484,25.677419354838708,0.2675173404508171,0.1713349346857554
ENSG00000100554,add_a0.5,47.61467889908257,49.90825688073394,0.2298822768595086,0.2262330861316702
ENSG00000100554,add_a1.0,49.14373088685015,45.87155963302752,0.2102143960969483,0.1841341833287011
ENSG00000100554,add_a2.0,62.018348623853214,66.78899082568807,0.2778450945690776,0.3383510616733817
ENSG00000100554,add_a3.0,68.83792048929664,72.20183486238531,0.324637739156956,0.3939755664094255
ENSG00000100554,add_a4.0,72.93577981651376,76.42201834862385,0.3345522082467516,0.4106997063905606
ENSG00000100554,add_gc_removed_a1.0,41.07033639143731,38.34862385321101,0.2337194935376958,0.1767855202994942
ENSG00000100554,add_own,51.559633027522935,54.95412844036697,0.2535788605631735,0.2629294712808628
ENSG00000100554,random_a1.0,37.10327774421513,31.859383587705576,0.3110529718675919,0.2133792577648501
ENSG00000100554,unsteered,44.281345565749234,38.9908256880734,0.2607793938277077,0.2092238259754003
ENSG00000100629,add_a0.5,65.94,48.94894894894895,0.3679339313574556,0.3668358903770199
ENSG00000100629,add_a1.0,76.66,70.2102102102102,0.4811547324972925,0.4725377348417206
ENSG00000100629,add_a2.0,76.44,68.52852852852853,0.4296649912182438,0.4185126755392507
ENSG00000100629,add_a3.0,82.03999999999999,81.26126126126125,0.4838496939573081,0.4811499145721032
ENSG00000100629,add_a4.0,83.86,83.6036036036036,0.5343068344854375,0.530002983954163
ENSG00000100629,add_gc_removed_a1.0,53.6,47.147147147147145,0.3524104856597131,0.3559832816451306
ENSG00000100629,add_own,73.7,67.98798798798798,0.4260577184803084,0.4092116869090881
ENSG00000100629,random_a1.0,70.0,60.9009009009009,0.3715281187901871,0.3734542153478949
ENSG00000100629,unsteered,66.42,61.56156156156156,0.3615957056528708,0.3661322684187492
ENSG00000101161,add_a0.5,68.94,96.996996996997,0.3819536325341011,0.2998197375511775
ENSG00000101161,add_a1.0,71.67999999999999,99.45945945945944,0.4416115851538337,0.3529018315400285
ENSG00000101161,add_a2.0,73.2,98.43843843843844,0.4220171011267792,0.3359104427305202
ENSG00000101161,add_a3.0,75.1,98.97897897897896,0.4390235275429884,0.354547452609465
ENSG00000101161,add_a4.0,82.96000000000001,96.03603603603604,0.4496571996735957,0.3753388168744628
ENSG00000101161,add_gc_removed_a1.0,71.5,96.6966966966967,0.4075235876226585,0.3242070929406752
ENSG00000101161,add_own,72.08,99.0990990990991,0.4305315332392715,0.3447951335128868
ENSG00000101161,random_a1.0,69.03999999999999,95.91591591591592,0.3661429348687163,0.2852533837984062
ENSG00000101161,unsteered,65.32000000000001,91.65165165165163,0.3355075405889657,0.2597416052651596
ENSG00000101189,add_a0.5,77.35772357723576,81.58536585365854,0.4686621091243846,0.3428221936624811
ENSG00000101189,add_a1.0,74.63414634146342,83.90243902439025,0.4650729613745462,0.3150118265462867
ENSG00000101189,add_a2.0,78.90243902439025,80.48780487804878,0.4910461627733404,0.3622846687262155
ENSG00000101189,add_a3.0,83.41463414634146,94.51219512195122,0.5871969426126469,0.4111767136159914
ENSG00000101189,add_a4.0,79.59349593495935,93.04878048780488,0.5202639632446688,0.3262863008788795
ENSG00000101189,add_gc_removed_a1.0,66.09756097560975,75.0,0.3556599534713398,0.2511016960581502
ENSG00000101189,add_own,78.9430894308943,83.04878048780488,0.5012052145621464,0.36073572520812
ENSG00000101189,random_a1.0,67.19512195121952,70.60975609756098,0.3396150527889067,0.248861451760929
ENSG00000101189,unsteered,79.10569105691056,80.48780487804878,0.4967528785489373,0.3588074806776234
ENSG00000101190,add_a0.5,76.06,95.49549549549548,0.4651851222925725,0.3039237922297494
ENSG00000101190,add_a1.0,81.96000000000001,95.49549549549548,0.4955696717311126,0.3113812228546334
ENSG00000101190,add_a2.0,89.0,97.7777777777778,0.569035785289608,0.3869706686079031
ENSG00000101190,add_a3.0,86.28,98.19819819819818,0.5257896640745999,0.3195443756704517
ENSG00000101190,add_a4.0,89.2,96.27627627627628,0.5432587271542163,0.3347664084699099
ENSG00000101190,add_gc_removed_a1.0,76.44000000000001,85.34534534534535,0.3867342914161904,0.2457372737237991
ENSG00000101190,add_own,80.12,99.45945945945944,0.4878997924463014,0.2831445542881156
ENSG00000101190,random_a1.0,84.7,95.97597597597596,0.5367676176069305,0.344268613849562
ENSG00000101190,unsteered,79.17999999999999,90.8108108108108,0.4527179288378123,0.3098571539601353
ENSG00000101447,add_a0.5,79.12,89.42942942942943,0.2441115201035432,0.2518755681690811
ENSG00000101447,add_a1.0,80.02000000000001,94.11411411411412,0.2594286140673649,0.2707568627813019
ENSG00000101447,add_a2.0,84.42,97.95795795795796,0.3063089737236079,0.3240176681197402
ENSG00000101447,add_a3.0,85.36,94.35435435435434,0.3224044901801724,0.337516913575568
ENSG00000101447,add_a4.0,88.66,93.993993993994,0.3487296707220327,0.3728323854781551
ENSG00000101447,add_gc_removed_a1.0,79.34,90.8108108108108,0.2658757434037982,0.2791633925908172
ENSG00000101447,add_own,82.26,95.13513513513512,0.2594563021785621,0.2794229928122577
ENSG00000101447,random_a1.0,73.53999999999999,87.92792792792793,0.2446485940001804,0.2659331645212312
ENSG00000101447,unsteered,74.34,89.7897897897898,0.1812455667851743,0.1933943653803987
ENSG00000101557,add_a0.5,39.86,36.63663663663664,0.1386922690321751,0.1430739294162363
ENSG00000101557,add_a1.0,36.8,35.49549549549549,0.1218583735428997,0.1205993322517657
ENSG00000101557,add_a2.0,65.94,65.94594594594595,0.2632117297721737,0.2904898893915069
ENSG00000101557,add_a3.0,76.52,89.009009009009,0.4449503722924611,0.4815306747049837
ENSG00000101557,add_a4.0,78.02000000000001,91.53153153153151,0.4491527506103908,0.4943436436616139
ENSG00000101557,add_gc_removed_a1.0,35.44,28.52852852852853,0.1276027001988779,0.1236198360228564
ENSG00000101557,add_own,37.1,33.453453453453456,0.1779139965476855,0.1825050520782558
ENSG00000101557,random_a1.0,34.86,30.630630630630627,0.1756640733162328,0.1643418550575809
ENSG00000101557,unsteered,37.9,32.552552552552555,0.1113393557153082,0.1116023547035167
ENSG00000101986,add_a0.5,78.44,96.57657657657656,0.1148272129916879,0.1471157787985937
ENSG00000101986,add_a1.0,79.8,98.37837837837836,0.1466597775016103,0.180123017780227
ENSG00000101986,add_a2.0,80.06,95.07507507507508,0.1318413031122357,0.1610780810654452
ENSG00000101986,add_a3.0,84.28,94.5945945945946,0.1962946311104468,0.2194782835891109
ENSG00000101986,add_a4.0,83.72,97.7177177177177,0.206744872881917,0.2407087018570443
ENSG00000101986,add_gc_removed_a1.0,72.14,89.42942942942943,0.1307252631600837,0.1273848974127826
ENSG00000101986,add_own,77.9,94.8948948948949,0.1308398061521345,0.1537543860213887
ENSG00000101986,random_a1.0,71.38,89.6096096096096,0.1437124911281173,0.1496905125416693
ENSG00000101986,unsteered,79.46000000000001,88.46846846846847,0.1902668058417074,0.2035866935938929
ENSG00000102098,add_a0.5,40.64,33.51351351351352,0.1673531009617158,0.151681876075326
ENSG00000102098,add_a1.0,42.88,41.86186186186186,0.1936306245665909,0.1755293823495977
ENSG00000102098,add_a2.0,59.74,63.183183183183175,0.1850526862833342,0.2157085185740664
ENSG00000102098,add_a3.0,85.26,87.14714714714714,0.4353483194125944,0.4768968500707075
ENSG00000102098,add_a4.0,88.7,88.64864864864865,0.4729947113185653,0.5197968896990289
ENSG00000102098,add_gc_removed_a1.0,34.660000000000004,29.849849849849853,0.2099506406253499,0.1875413027435411
ENSG00000102098,add_own,35.239999999999995,29.06906906906907,0.2416300119699094,0.2059683655679497
ENSG00000102098,random_a1.0,40.66,31.591591591591587,0.3155464912282142,0.2826315673021722
ENSG00000102098,unsteered,40.18,24.504504504504503,0.2614249525498359,0.2340841679120011
ENSG00000103194,add_a0.5,40.7,31.89189189189189,0.1062622703069618,0.1356499312234099
ENSG00000103194,add_a1.0,52.74,57.71771771771772,0.1815228069089267,0.1634271639207291
ENSG00000103194,add_a2.0,72.81361361361363,83.90390390390391,0.3215564813265097,0.2500716666481096
ENSG00000103194,add_a3.0,77.2,90.69069069069069,0.3967968461350654,0.3153691918710798
ENSG00000103194,add_a4.0,82.52000000000001,90.51051051051051,0.4430169211189207,0.3646791453483026
ENSG00000103194,add_gc_removed_a1.0,36.78,31.111111111111114,0.126952661949426,0.1566853739886624
ENSG00000103194,add_own,44.36,42.58258258258259,0.121443496030898,0.1416969015683751
ENSG00000103194,random_a1.0,37.5,36.3963963963964,0.1701522908268299,0.1975248764487294
ENSG00000103194,unsteered,37.82,34.5945945945946,0.122526084423662,0.1490574402559182
ENSG00000103266,add_a0.5,75.43859649122808,91.203007518797,0.2479336836348639,0.2335774426939264
ENSG00000103266,add_a1.0,76.89223057644111,88.796992481203,0.2633836375196788,0.2551636275901911
ENSG00000103266,add_a2.0,73.0827067669173,96.01503759398496,0.2013872319503248,0.2012335055238769
ENSG00000103266,add_a3.0,78.94736842105263,90.0751879699248,0.2852884038868611,0.2714354164438927
ENSG00000103266,add_a4.0,81.75438596491229,95.0375939849624,0.3150803103769424,0.2932322316518246
ENSG00000103266,add_gc_removed_a1.0,74.3609022556391,82.40601503759399,0.2596454394058733,0.2335719763699278
ENSG00000103266,add_own,74.81203007518796,96.76691729323308,0.212322938095849,0.2159321306945563
ENSG00000103266,random_a1.0,70.17543859649123,90.0,0.2546344034428617,0.252891443465351
ENSG00000103266,unsteered,75.28822055137844,90.0,0.2467606783179233,0.2344832469394904
ENSG00000103460,add_a0.5,77.5,85.46546546546547,0.3468669556374573,0.3484669559336633
ENSG00000103460,add_a1.0,75.53999999999999,86.006006006006,0.3215972565009046,0.3208254080444643
ENSG00000103460,add_a2.0,87.45593593593594,95.6132638662759,0.4965241620046899,0.4914905108045632
ENSG00000103460,add_a3.0,87.47999999999999,93.993993993994,0.4818316324273771,0.4785234165984643
ENSG00000103460,add_a4.0,89.5,93.45345345345343,0.5294738708367037,0.522699680884705
ENSG00000103460,add_gc_removed_a1.0,63.06,75.91591591591592,0.2536638367378198,0.2526193395065027
ENSG00000103460,add_own,75.58,82.64264264264264,0.3382705984050143,0.3270393152309808
ENSG00000103460,random_a1.0,62.620000000000005,76.27627627627628,0.2849573570173401,0.2784637953528492
ENSG00000103460,unsteered,66.6,89.24924924924925,0.3894610882160415,0.3946301467522667
ENSG00000104142,add_a0.5,73.16,84.38438438438439,0.2004378077543491,0.2423876453641862
ENSG00000104142,add_a1.0,77.53999999999999,94.83483483483482,0.1531926000158629,0.2791699014547538
ENSG00000104142,add_a2.0,82.0,95.67567567567566,0.1644593049052887,0.2993739228989599
ENSG00000104142,add_a3.0,82.44,91.77177177177175,0.1547434001350653,0.2663749345664825
ENSG00000104142,add_a4.0,85.86,90.3903903903904,0.2157613629664138,0.3312919458407997
ENSG00000104142,add_gc_removed_a1.0,57.88,69.54954954954955,0.2333680084591503,0.1553717407398492
ENSG00000104142,add_own,81.14,95.43543543543544,0.1436012995093398,0.2881036206591845
ENSG00000104142,random_a1.0,74.28,87.8078078078078,0.179966687224104,0.2423868911689929
ENSG00000104142,unsteered,70.42,86.006006006006,0.189816189647118,0.2343963742223682
ENSG00000105058,add_a0.5,66.92307692307692,80.0,0.4700643219866467,0.3623760614161738
ENSG00000105058,add_a1.0,66.45299145299145,90.8974358974359,0.4630666197158494,0.3029875633230863
ENSG00000105058,add_a2.0,67.22222222222223,94.74358974358977,0.5005596325374525,0.325135492467966
ENSG00000105058,add_a3.0,67.77777777777777,92.05128205128206,0.4692869238515263,0.323959622204245
ENSG00000105058,add_a4.0,73.2905982905983,95.3846153846154,0.490327851421994,0.3204985265473676
ENSG00000105058,add_gc_removed_a1.0,54.23076923076923,71.28205128205128,0.4204415701367029,0.3490546985524723
ENSG00000105058,add_own,68.33333333333334,89.74358974358975,0.4719638822561451,0.3177105100144609
ENSG00000105058,random_a1.0,61.965811965811966,91.02564102564102,0.4717133471529762,0.2967808952302057
ENSG00000105058,unsteered,61.66666666666666,86.41025641025641,0.4551527535771145,0.3361630139834682
ENSG00000105135,add_a0.5,66.76,72.9129129129129,0.2533512917667361,0.2592851453976265
ENSG00000105135,add_a1.0,83.8,89.00900900900902,0.2595614534457223,0.2677983957986528
ENSG00000105135,add_a2.0,82.36,94.35435435435436,0.2446159422905079,0.2443640995750192
ENSG00000105135,add_a3.0,90.88,95.55555555555556,0.3710275901659782,0.3784026488352109
ENSG00000105135,add_a4.0,89.08,91.53153153153151,0.3262164901109321,0.3347077286838278
ENSG00000105135,add_gc_removed_a1.0,66.22,66.24624624624624,0.2528447812869061,0.2755321877756783
ENSG00000105135,add_own,79.72,80.96096096096096,0.2817350532085463,0.2905863887831637
ENSG00000105135,random_a1.0,80.78,88.28828828828829,0.2213402432600703,0.2422659153114347
ENSG00000105135,unsteered,84.7,87.14714714714714,0.29563989617112,0.3146824140170847
ENSG00000105321,add_a0.5,70.66,70.75075075075075,0.1989917010849181,0.2117655380918353
ENSG00000105321,add_a1.0,67.42,76.15615615615616,0.1726645382910606,0.1698894704328076
ENSG00000105321,add_a2.0,80.02000000000001,89.12912912912913,0.1582447966249922,0.2050370512051079
ENSG00000105321,add_a3.0,80.06,89.7897897897898,0.1616179383840935,0.2092113552302882
ENSG00000105321,add_a4.0,85.61999999999999,95.1951951951952,0.2435423348479233,0.3026824063348097
ENSG00000105321,add_gc_removed_a1.0,50.62376376376376,50.63063063063063,0.2615298249765816,0.219811364411937
ENSG00000105321,add_own,64.38,72.13213213213213,0.2141891637085188,0.2108021562409396
ENSG00000105321,random_a1.0,54.760000000000005,65.82582582582583,0.2012413049730909,0.1788646016930209
ENSG00000105321,unsteered,52.04,57.53753753753754,0.2433962061023846,0.2031923366432927
ENSG00000105538,add_a0.5,71.16,94.17417417417415,0.179931759943923,0.1749942722047778
ENSG00000105538,add_a1.0,82.48,95.37537537537536,0.1767458976179541,0.219907914139191
ENSG00000105538,add_a2.0,79.46,91.83183183183182,0.161626464816076,0.1849793353933318
ENSG00000105538,add_a3.0,80.02000000000001,92.73273273273271,0.1481443191051,0.1674795346983191
ENSG00000105538,add_a4.0,85.67999999999999,88.52852852852854,0.178638094303157,0.1849063675079879
ENSG00000105538,add_gc_removed_a1.0,62.2,73.15315315315316,0.2708836523133336,0.2390172241390155
ENSG00000105538,add_own,78.88,89.12912912912913,0.1629571121820091,0.1767651787778583
ENSG00000105538,random_a1.0,79.82000000000001,87.2072072072072,0.29064914617188,0.2825031503592547
ENSG00000105538,unsteered,73.91999999999999,84.2042042042042,0.2218580840553276,0.2127631917212112
ENSG00000105639,add_a0.5,69.28,78.1981981981982,0.1678561788214613,0.1572681302319987
ENSG00000105639,add_a1.0,71.24000000000001,79.81981981981981,0.1574834798827896,0.1307723231926941
ENSG00000105639,add_a2.0,82.28,90.69069069069069,0.2537763282663806,0.2123028302514131
ENSG00000105639,add_a3.0,81.46000000000001,92.55255255255256,0.2500745843652457,0.1969407587460356
ENSG00000105639,add_a4.0,87.72,90.63063063063063,0.3497542454441872,0.2843457022442064
ENSG00000105639,add_gc_removed_a1.0,61.540000000000006,68.22822822822823,0.1315953847634733,0.1397741598741971
ENSG00000105639,add_own,79.84,89.42942942942942,0.2218631857299919,0.168142564396118
ENSG00000105639,random_a1.0,67.28,73.87387387387388,0.2407337801262397,0.2344199024213921
ENSG00000105639,unsteered,63.570530530530526,70.8108108108108,0.1747571604378924,0.1831079539927374
ENSG00000105664,add_a0.5,82.12,88.16816816816817,0.2977721439596189,0.260519990366742
ENSG00000105664,add_a1.0,79.2,87.2072072072072,0.2082664721350831,0.1879479098313964
ENSG00000105664,add_a2.0,86.97999999999999,88.64864864864865,0.3235920248970275,0.2900329162030193
ENSG00000105664,add_a3.0,85.88,88.28828828828829,0.3368175168386394,0.3106881960722502
ENSG00000105664,add_a4.0,88.67999999999999,89.06906906906906,0.3375187766290225,0.3079740600605317
ENSG00000105664,add_gc_removed_a1.0,75.7,76.57657657657657,0.3289898503748007,0.3341758391659256
ENSG00000105664,add_own,79.38,93.87387387387386,0.2059913823221744,0.1863668830983074
ENSG00000105664,random_a1.0,77.17999999999999,78.7987987987988,0.2851353023515898,0.2680740855509036
ENSG00000105664,unsteered,77.96000000000001,84.74474474474474,0.261507390488415,0.2435995692886051
ENSG00000105852,add_a0.5,73.12820512820512,92.8,0.2600831931449618,0.4587639425224184
ENSG00000105852,add_a1.0,80.3076923076923,86.4,0.3448704006668223,0.5120499680386501
ENSG00000105852,add_a2.0,78.99487179487178,95.6923076923077,0.2733566362650036,0.4860309762117046
ENSG00000105852,add_a3.0,82.07179487179488,94.03076923076922,0.2706963169788575,0.4982205814045086
ENSG00000105852,add_a4.0,90.48205128205127,91.93846153846154,0.4074425204834707,0.5910873696857925
ENSG00000105852,add_gc_removed_a1.0,61.85847417469595,68.18461538461538,0.2891603530672194,0.3070630174932877
ENSG00000105852,add_own,78.33846153846153,88.92307692307693,0.2454742382811883,0.4509174772214514
ENSG00000105852,random_a1.0,72.8,88.86153846153846,0.2917059752715304,0.4609053208629667
ENSG00000105852,unsteered,57.72307692307693,70.95384615384614,0.2353450316666217,0.2676985042136348
ENSG00000105976,add_a0.5,53.4,63.3033033033033,0.1267624277017535,0.1340558724360025
ENSG00000105976,add_a1.0,63.260000000000005,82.64264264264264,0.1508844282649396,0.2175401396267736
ENSG00000105976,add_a2.0,76.14,87.32732732732732,0.2638433924228932,0.3515620121124255
ENSG00000105976,add_a3.0,78.26,88.52852852852853,0.2960150882306679,0.3897127985299665
ENSG00000105976,add_a4.0,80.88000000000001,90.69069069069069,0.3283421059583752,0.4286911283649274
ENSG00000105976,add_gc_removed_a1.0,44.84,49.90990990990991,0.1453806980600211,0.1048241924355113
ENSG00000105976,add_own,58.8,75.07507507507508,0.1548402986580431,0.1992804070939541
ENSG00000105976,random_a1.0,44.760000000000005,54.294294294294296,0.1271031915140338,0.0924009640547839
ENSG00000105976,unsteered,50.42,62.16216216216217,0.0924307387321579,0.093820805753005
ENSG00000105982,add_a0.5,40.3,42.58258258258259,0.136726410819261,0.156304818862301
ENSG00000105982,add_a1.0,39.94,29.96996996996997,0.2026595605110627,0.2338134381736709
ENSG00000105982,add_a2.0,58.98,61.08108108108108,0.2080596422319059,0.1881361211021353
ENSG00000105982,add_a3.0,77.76,78.13813813813815,0.4353304379583022,0.3920045320487682
ENSG00000105982,add_a4.0,84.4,87.0870870870871,0.5026856872309164,0.4364604159047564
ENSG00000105982,add_gc_removed_a1.0,30.56,26.366366366366368,0.1756223660703498,0.2334972581054032
ENSG00000105982,add_own,42.58,33.933933933933936,0.2163059088979227,0.2485618279762388
ENSG00000105982,random_a1.0,35.9,30.150150150150147,0.1536441252584325,0.2038667125205701
ENSG00000105982,unsteered,33.760000000000005,29.24924924924925,0.1522143487471771,0.2249756595696124
ENSG00000106624,add_a0.5,79.14,88.70870870870871,0.2393244014635647,0.241250418051788
ENSG00000106624,add_a1.0,80.62,90.5105105105105,0.2781441386517293,0.2612145926287536
ENSG00000106624,add_a2.0,86.44,95.25525525525524,0.2836495778031652,0.2790767538470132
ENSG00000106624,add_a3.0,87.0,94.29429429429428,0.3219869893225632,0.320153755966798
ENSG00000106624,add_a4.0,89.72,95.67567567567568,0.371265200960866,0.3698844232537677
ENSG00000106624,add_gc_removed_a1.0,62.5,69.24924924924925,0.1650224547206693,0.1672272478449997
ENSG00000106624,add_own,80.92,90.8108108108108,0.2641067919049816,0.2632428174631193
ENSG00000106624,random_a1.0,75.03999999999999,85.34534534534535,0.2238218165002451,0.2214354881001918
ENSG00000106624,unsteered,73.62,87.2072072072072,0.2589876276842926,0.2482056941240206
ENSG00000107104,add_a0.5,59.67999999999999,68.46846846846847,0.261311875519463,0.2776574298675666
ENSG00000107104,add_a1.0,67.32,82.22222222222221,0.1556621963408497,0.212133275016386
ENSG00000107104,add_a2.0,76.4,91.95195195195194,0.2934865854958666,0.3671459177246148
ENSG00000107104,add_a3.0,79.42,93.45345345345343,0.2882173897350396,0.3626111641904189
ENSG00000107104,add_a4.0,85.24,89.36936936936937,0.3278569303992424,0.4092156347636374
ENSG00000107104,add_gc_removed_a1.0,41.52,37.23723723723724,0.3098988088111853,0.2803995449967427
ENSG00000107104,add_own,58.6,71.47147147147147,0.1173998366498018,0.1306689110592916
ENSG00000107104,random_a1.0,51.167167167167165,52.43243243243244,0.1645041836781061,0.1612022354143152
ENSG00000107104,unsteered,42.84,46.66666666666666,0.1746453248697179,0.1358821590775884
ENSG00000107186,add_a0.5,50.260000000000005,60.42042042042042,0.1729733338610541,0.1848519816367454
ENSG00000107186,add_a1.0,65.0,74.29429429429429,0.2524186885794708,0.2639499498824978
ENSG00000107186,add_a2.0,74.9,79.15915915915916,0.3500414101608219,0.3555421228705032
ENSG00000107186,add_a3.0,76.16,80.72072072072072,0.384242712542775,0.3853796891230702
ENSG00000107186,add_a4.0,90.22,90.33033033033033,0.5695484611793873,0.5712415119365916
ENSG00000107186,add_gc_removed_a1.0,43.08,44.44444444444444,0.2105170781730848,0.2143950906600551
ENSG00000107186,add_own,55.78,56.63663663663664,0.1914203169967866,0.1983127564056666
ENSG00000107186,random_a1.0,49.78,53.99399399399399,0.1828725186278944,0.1821488026020657
ENSG00000107186,unsteered,42.22,42.94294294294294,0.1360774796182907,0.1370719109708673
ENSG00000107719,add_a0.5,57.28,73.69369369369369,0.1737031710853194,0.2110185875551429
ENSG00000107719,add_a1.0,67.4,81.32132132132132,0.1854756369784489,0.2210738991616209
ENSG00000107719,add_a2.0,75.76,96.15615615615616,0.1743450970673498,0.2150098819674154
ENSG00000107719,add_a3.0,79.6,92.13213213213211,0.2011668527968595,0.2390879028554602
ENSG00000107719,add_a4.0,85.92,94.53453453453452,0.2653412488460623,0.3092654982438715
ENSG00000107719,add_gc_removed_a1.0,41.0,47.327327327327325,0.205227525858705,0.2402282463526222
ENSG00000107719,add_own,64.53999999999999,82.82282282282281,0.1464078165453068,0.1768002121473124
ENSG00000107719,random_a1.0,48.92,53.45345345345345,0.1736810759747883,0.214566328944245
ENSG00000107719,unsteered,52.48,55.85585585585585,0.2236717309886792,0.2562503798444722
ENSG00000107736,add_a0.5,72.2,90.57057057057057,0.2061366517165418,0.2019483049842635
ENSG00000107736,add_a1.0,75.22,80.84084084084084,0.2904381831322363,0.2884394004750694
ENSG00000107736,add_a2.0,79.36,95.1951951951952,0.2895990534289231,0.2771275540780085
ENSG00000107736,add_a3.0,85.96000000000001,96.996996996997,0.3942137932844433,0.3801470810820966
ENSG00000107736,add_a4.0,83.97999999999999,93.75375375375374,0.3612015381539321,0.3558673245515736
ENSG00000107736,add_gc_removed_a1.0,63.2,71.5915915915916,0.1844723502364666,0.2042709115930127
ENSG00000107736,add_own,73.47999999999999,95.55555555555556,0.21005657091151,0.196826268447353
ENSG00000107736,random_a1.0,64.27349349349349,72.97297297297297,0.1806505936989024,0.1914479322697066
ENSG00000107736,unsteered,64.93181181181181,78.91891891891892,0.1242189577908338,0.1287959261622409
ENSG00000107745,add_a0.5,50.3,56.45645645645645,0.1994628503284917,0.2314899330270769
ENSG00000107745,add_a1.0,60.88,68.64864864864865,0.1926627919691814,0.2394499287502824
ENSG00000107745,add_a2.0,76.1926126126126,75.37537537537537,0.3406561318183264,0.3944677450858452
ENSG00000107745,add_a3.0,83.14,82.10210210210211,0.4448595576786996,0.5076811933100661
ENSG00000107745,add_a4.0,88.53999999999999,90.57057057057057,0.4923493503763051,0.5493912788586989
ENSG00000107745,add_gc_removed_a1.0,38.46,38.25825825825826,0.1779932057400736,0.1708961227638301
ENSG00000107745,add_own,78.9,89.66966966966967,0.3983801340258551,0.4593589244911967
ENSG00000107745,random_a1.0,55.84,58.07807807807808,0.2094628351253804,0.2274612404645203
ENSG00000107745,unsteered,57.52,60.54054054054054,0.2031940456014651,0.2268525524748807
ENSG00000107771,add_a0.5,43.14,34.77477477477478,0.1058196752276532,0.0984700896097156
ENSG00000107771,add_a1.0,47.16,43.66366366366366,0.1142957180413246,0.1180964925898123
ENSG00000107771,add_a2.0,73.94,80.6006006006006,0.3547088823536969,0.4256234943629621
ENSG00000107771,add_a3.0,83.82000000000001,91.11111111111111,0.476295666399719,0.5525798315636778
ENSG00000107771,add_a4.0,87.82000000000001,92.43243243243244,0.5468307227174348,0.6105515522824485
ENSG00000107771,add_gc_removed_a1.0,35.480000000000004,24.744744744744747,0.1246011722023576,0.0906901013026868
ENSG00000107771,add_own,50.46,48.168168168168165,0.172265145648561,0.1840535189806832
ENSG00000107771,random_a1.0,42.1,28.58858858858859,0.1145795553825297,0.0965897771014772
ENSG00000107771,unsteered,37.64,25.645645645645647,0.1196029705777954,0.0952833617093086
ENSG00000107833,add_a0.5,70.55555555555556,91.52777777777776,0.306506306947242,0.2987403512365912
ENSG00000107833,add_a1.0,66.29629629629629,91.5277777777778,0.2834677711766394,0.284751425254945
ENSG00000107833,add_a2.0,73.56481481481482,88.8888888888889,0.3122558912139491,0.3143866599794142
ENSG00000107833,add_a3.0,74.02777777777779,88.47222222222223,0.3376787470805096,0.3376383687190866
ENSG00000107833,add_a4.0,79.21296296296296,87.22222222222223,0.3498509012992331,0.3560202855681229
ENSG00000107833,add_gc_removed_a1.0,63.379629629629626,79.30555555555556,0.3038035026361371,0.3029745053344067
ENSG00000107833,add_own,73.24074074074075,86.1111111111111,0.317921487246656,0.3120127259722262
ENSG00000107833,random_a1.0,63.28703703703704,80.83333333333333,0.2780953155273458,0.2737508110796887
ENSG00000107833,unsteered,62.31481481481482,78.47222222222223,0.2838731076557222,0.2756593701002998
ENSG00000107968,add_a0.5,43.72,44.26426426426427,0.1350141307066806,0.1242991461958519
ENSG00000107968,add_a1.0,56.7,65.82582582582583,0.147944597178893,0.1622670423535536
ENSG00000107968,add_a2.0,71.1,84.02402402402403,0.2829449853202002,0.3334152356987085
ENSG00000107968,add_a3.0,82.34,94.89489489489488,0.4008353033912634,0.4510381809759153
ENSG00000107968,add_a4.0,87.14,87.86786786786787,0.4748025142890341,0.502863465020293
ENSG00000107968,add_gc_removed_a1.0,34.52,31.41141141141141,0.1461872743069586,0.1378525648652582
ENSG00000107968,add_own,54.720000000000006,57.35735735735735,0.1580067056797867,0.1843228712223426
ENSG00000107968,random_a1.0,39.84,34.8948948948949,0.1149458376685387,0.1035993269272032
ENSG00000107968,unsteered,39.12,39.33933933933934,0.1374848160072627,0.1333710718040057
ENSG00000108010,add_a0.5,65.19509476031216,67.82608695652173,0.2687743000417913,0.3426353563824613
ENSG00000108010,add_a1.0,63.25529542920847,65.15050167224081,0.239305489096948,0.2938151918441292
ENSG00000108010,add_a2.0,79.99156414237936,88.54907858409463,0.2870894653166719,0.5068216395042482
ENSG00000108010,add_a3.0,80.59688047459787,89.89966555183946,0.2491826898968851,0.50320150849498
ENSG00000108010,add_a4.0,84.88294314381271,91.77257525083613,0.2952253164827401,0.5408218701342377
ENSG00000108010,add_gc_removed_a1.0,51.34003225035834,56.36147336760117,0.2297291262010195,0.2037137187268546
ENSG00000108010,add_own,73.64548494983278,87.35785953177258,0.207012887080277,0.4491215130293972
ENSG00000108010,random_a1.0,50.89026915113872,51.77257525083612,0.252510027507339,0.2028322168572762
ENSG00000108010,unsteered,54.64882943143813,56.32107023411371,0.4400705210996228,0.4320048515202478
ENSG00000108375,add_a0.5,67.8,81.86186186186185,0.1243009068638115,0.1624491726859944
ENSG00000108375,add_a1.0,75.44000000000001,81.14114114114115,0.1544016501275574,0.1948597478432377
ENSG00000108375,add_a2.0,83.38,94.89489489489488,0.240301765898056,0.3163645540930213
ENSG00000108375,add_a3.0,82.08,91.35135135135135,0.2212371080543874,0.2931083741270969
ENSG00000108375,add_a4.0,87.38000000000001,90.99099099099098,0.3162377743478635,0.3948619958441363
ENSG00000108375,add_gc_removed_a1.0,61.14,71.83183183183183,0.1337093197520976,0.1190176187948709
ENSG00000108375,add_own,73.25999999999999,83.36336336336336,0.2268810220768865,0.2759460625856108
ENSG00000108375,random_a1.0,59.44,60.9009009009009,0.1634072844546754,0.1410056707592418
ENSG00000108375,unsteered,62.52,64.50450450450451,0.1525876105084545,0.1298349136775527
ENSG00000108423,add_a0.5,35.64,36.93693693693693,0.1110660387066843,0.1110727263425807
ENSG00000108423,add_a1.0,51.66,56.57657657657658,0.158618641350127,0.1792803404317067
ENSG00000108423,add_a2.0,53.4,53.813813813813816,0.166377739175976,0.1904929009662677
ENSG00000108423,add_a3.0,80.34,90.87087087087087,0.3995426886266479,0.4589178490578177
ENSG00000108423,add_a4.0,85.22,88.04804804804806,0.4767267070220497,0.5335809747619322
ENSG00000108423,add_gc_removed_a1.0,36.4,31.29129129129129,0.0831178637493186,0.0783099415311055
ENSG00000108423,add_own,40.94,41.5015015015015,0.1807654691692584,0.1773059972983943
ENSG00000108423,random_a1.0,32.4,30.99099099099099,0.115844821496441,0.1087011376778234
ENSG00000108423,unsteered,34.0,30.57057057057057,0.1093434418540126,0.1041879567748863
ENSG00000108599,add_a0.5,46.04,52.31231231231232,0.134067284889369,0.1444042806261931
ENSG00000108599,add_a1.0,56.44,62.58258258258259,0.2193256028338782,0.2362141845090733
ENSG00000108599,add_a2.0,72.42,90.87087087087086,0.3486152674787925,0.3927907140949399
ENSG00000108599,add_a3.0,79.36,92.43243243243242,0.4234774312339263,0.466450169933842
ENSG00000108599,add_a4.0,78.5,83.003003003003,0.4189624862981331,0.4641510645750067
ENSG00000108599,add_gc_removed_a1.0,34.46,30.93093093093093,0.1475112326040254,0.1432053467148141
ENSG00000108599,add_own,56.52,65.82582582582583,0.2402634600167931,0.2590637418830553
ENSG00000108599,random_a1.0,41.1,42.04204204204204,0.1616982542519924,0.1661689628254614
ENSG00000108599,unsteered,41.760000000000005,35.1951951951952,0.2674262910281682,0.2591110038074868
ENSG00000109576,add_a0.5,52.620000000000005,55.73573573573574,0.2379017433717076,0.265023423967978
ENSG00000109576,add_a1.0,70.52000000000001,75.13513513513513,0.3398259934571929,0.4569903092832116
ENSG00000109576,add_a2.0,72.36,79.81981981981983,0.2703533129329754,0.4218121141564192
ENSG00000109576,add_a3.0,81.67999999999999,91.23123123123123,0.3643513421034238,0.5697410500602491
ENSG00000109576,add_a4.0,85.82,88.94894894894894,0.3931152885068337,0.5856283616544697
ENSG00000109576,add_gc_removed_a1.0,54.58,61.56156156156156,0.1499040227401795,0.2068867127562913
ENSG00000109576,add_own,60.88,69.24924924924926,0.2355164432643614,0.3511258405866741
ENSG00000109576,random_a1.0,57.6,57.357357357357365,0.3452268136978914,0.4033427992230661
ENSG00000109576,unsteered,53.98,51.231231231231234,0.2793456404239611,0.2978038454258719
ENSG00000109943,add_a0.5,56.34782782782783,63.66366366366367,0.2305934165004927,0.2244431114940442
ENSG00000109943,add_a1.0,63.64,74.8948948948949,0.279091865764194,0.2708260982957561
ENSG00000109943,add_a2.0,74.46000000000001,91.17117117117115,0.3637172668082338,0.3470079586650074
ENSG00000109943,add_a3.0,81.46000000000001,87.92792792792793,0.4965272944773092,0.4743886664136478
ENSG00000109943,add_a4.0,85.9,91.53153153153151,0.5447081075088047,0.519435013429728
ENSG00000109943,add_gc_removed_a1.0,41.36688688688689,42.34234234234234,0.1210111318011378,0.1169176927848217
ENSG00000109943,add_own,64.56,77.05705705705705,0.2450277246973165,0.2442616382117255
ENSG00000109943,random_a1.0,50.5,52.372372372372375,0.1463556322910376,0.1388510300953683
ENSG00000109943,unsteered,55.44,60.12012012012012,0.1885231665093537,0.1981610225651373
ENSG00000110756,add_a0.5,44.94,38.7987987987988,0.2784671181515523,0.0178147729455771
ENSG00000110756,add_a1.0,46.24,45.22522522522522,0.2541606353713673,0.0576068788347587
ENSG00000110756,add_a2.0,74.53999999999999,84.56456456456456,0.1495076847108365,0.3774150781567621
ENSG00000110756,add_a3.0,79.74000000000001,87.44744744744744,0.1886747733898051,0.4560407883731038
ENSG00000110756,add_a4.0,81.17999999999999,88.88888888888889,0.2037583620524034,0.470172620802097
ENSG00000110756,add_gc_removed_a1.0,42.92,39.0990990990991,0.2996360257709222,0.0585076495973807
ENSG00000110756,add_own,71.05999999999999,83.003003003003,0.1378155648738601,0.354665524063149
ENSG00000110756,random_a1.0,41.64,35.7957957957958,0.3126514921549179,0.0351070762103579
ENSG00000110756,unsteered,42.4,36.87687687687688,0.3281052085369604,0.0609560012722928
ENSG00000110851,add_a0.5,62.28000000000001,66.6066066066066,0.2177470155467263,0.240439324728168
ENSG00000110851,add_a1.0,65.92,77.29729729729729,0.1715541169473428,0.2648793313563665
ENSG00000110851,add_a2.0,77.47999999999999,84.02402402402402,0.2347800039662964,0.3614764057640461
ENSG00000110851,add_a3.0,81.66,92.49249249249247,0.289773755790919,0.4520691418918875
ENSG00000110851,add_a4.0,89.44,93.75375375375376,0.3586905828523773,0.5236333131118042
ENSG00000110851,add_gc_removed_a1.0,41.4,40.84084084084084,0.2640779414217788,0.1761341776232235
ENSG00000110851,add_own,62.82000000000001,69.4894894894895,0.1519623111861207,0.2001880285299868
ENSG00000110851,random_a1.0,52.7,55.37537537537537,0.2045436187638182,0.1711520317225345
ENSG00000110851,unsteered,47.44,45.7057057057057,0.2886329691660564,0.2309914851192683
ENSG00000111481,add_a0.5,48.21428571428572,59.32539682539682,0.1627002617034616,0.0785335768958889
ENSG00000111481,add_a1.0,57.34126984126984,85.11904761904762,0.1279362486560074,0.1829225146294595
ENSG00000111481,add_a2.0,65.11243386243386,90.2777777777778,0.1809082776016654,0.2560071439756021
ENSG00000111481,add_a3.0,63.69047619047619,91.56746031746032,0.1745064283022818,0.2715904377559593
ENSG00000111481,add_a4.0,69.47751322751323,91.36904761904762,0.247393993422729,0.315930000534052
ENSG00000111481,add_gc_removed_a1.0,44.08068783068784,50.198412698412696,0.2062707102491716,0.1107001014643488
ENSG00000111481,add_own,53.80291005291006,74.2063492063492,0.1266409911640842,0.115233043054398
ENSG00000111481,random_a1.0,48.51190476190476,59.82142857142857,0.1429515549312885,0.0464054801347146
ENSG00000111481,unsteered,47.91666666666667,57.83730158730158,0.1446902681019059,0.0354116107834126
ENSG00000111669,add_a0.5,74.87878787878788,78.9090909090909,0.2871445426306926,0.2866525868248063
ENSG00000111669,add_a1.0,75.81818181818183,88.0,0.2099913231342875,0.2655160596849312
ENSG00000111669,add_a2.0,76.66666666666667,92.8181818181818,0.2035750512101163,0.2905855826144488
ENSG00000111669,add_a3.0,79.3030303030303,92.54545454545456,0.2139501409357077,0.3073277209390599
ENSG00000111669,add_a4.0,83.03030303030303,94.63636363636364,0.2773702484354968,0.3744361813261296
ENSG00000111669,add_gc_removed_a1.0,60.45454545454545,69.27272727272728,0.1663731465827574,0.084455872523925
ENSG00000111669,add_own,68.24242424242424,86.45454545454545,0.1211953212918904,0.1940063242440863
ENSG00000111669,random_a1.0,66.42424242424242,72.0909090909091,0.2466840716498349,0.1648846833354929
ENSG00000111669,unsteered,57.21212121212121,62.81818181818181,0.2023323249603562,0.0634771140397672
ENSG00000111832,add_a0.5,45.82051282051282,50.69230769230769,0.1305949031393013,0.1382392978702716
ENSG00000111832,add_a1.0,45.58974358974359,49.76923076923077,0.1161992638853566,0.1133249274691609
ENSG00000111832,add_a2.0,62.82051282051282,82.76923076923076,0.2212764624763698,0.3429042246735821
ENSG00000111832,add_a3.0,70.92307692307693,88.46153846153847,0.3432673070052472,0.4707515987967028
ENSG00000111832,add_a4.0,74.48717948717949,92.6923076923077,0.3742832113525926,0.5138410894455566
ENSG00000111832,add_gc_removed_a1.0,38.0,34.69230769230769,0.1050773782449799,0.0905249083359082
ENSG00000111832,add_own,61.89743589743589,77.07692307692307,0.226472263242886,0.3419137146101659
ENSG00000111832,random_a1.0,32.128205128205124,29.846153846153847,0.2017917637026109,0.132104783199212
ENSG00000111832,unsteered,40.35897435897436,37.38461538461538,0.1254529117444294,0.094132291488559
ENSG00000111906,add_a0.5,56.44640234948605,65.37444933920705,0.1174259905306602,0.2018981119796501
ENSG00000111906,add_a1.0,63.91176470588236,76.01613972164827,0.1501317323864035,0.2504709045663038
ENSG00000111906,add_a2.0,72.18795888399413,89.77973568281939,0.1770956782848967,0.3623675871301804
ENSG00000111906,add_a3.0,75.47723935389133,93.12775330396477,0.2118983133990752,0.4028976914625176
ENSG00000111906,add_a4.0,77.59177679882525,89.42731277533039,0.2569482835572539,0.4583125386573616
ENSG00000111906,add_gc_removed_a1.0,46.19676945668135,48.19383259911895,0.1546420864677889,0.1395526083986158
ENSG00000111906,add_own,70.16152716593245,77.18061674008811,0.1952436830231125,0.3622459165280438
ENSG00000111906,random_a1.0,44.93392070484582,44.49339207048458,0.1517163792999626,0.0841812005155997
ENSG00000111906,unsteered,46.178154962425495,48.9298662820163,0.1849616009307865,0.1242044307749089
ENSG00000112306,add_a0.5,44.66019417475728,46.310679611650485,0.2174392353349163,0.1432478195750857
ENSG00000112306,add_a1.0,49.126213592233015,50.67961165048544,0.2150544223633821,0.1755561327323251
ENSG00000112306,add_a2.0,59.74110032362459,81.6504854368932,0.2401901540450882,0.3058547611146054
ENSG00000112306,add_a3.0,62.07119741100323,82.42718446601943,0.2745155039026751,0.3483505465240786
ENSG00000112306,add_a4.0,60.19417475728155,82.23300970873785,0.2551120824557097,0.315046778328349
ENSG00000112306,add_gc_removed_a1.0,44.724919093851135,46.11650485436893,0.2031855458436681,0.1352688892719196
ENSG00000112306,add_own,47.249190938511326,54.271844660194176,0.2231601669468097,0.2090984859264252
ENSG00000112306,random_a1.0,44.85436893203884,45.24271844660194,0.1690939333177984,0.0626836237161335
ENSG00000112306,unsteered,44.919093851132686,44.75728155339806,0.1867983461217456,0.1246436887920882
ENSG00000112320,add_a0.5,38.58,38.91891891891892,0.2172870279845254,0.1875536194476515
ENSG00000112320,add_a1.0,56.6,64.68468468468468,0.1109337295141372,0.1149728721585088
ENSG00000112320,add_a2.0,73.96000000000001,82.94294294294295,0.232091717593199,0.2761271230946328
ENSG00000112320,add_a3.0,82.58,92.97297297297298,0.3579035040519548,0.4023151251516187
ENSG00000112320,add_a4.0,87.16,91.17117117117115,0.3743435939658747,0.4251703295329606
ENSG00000112320,add_gc_removed_a1.0,46.06,46.786786786786784,0.1859791896840441,0.1545345616024
ENSG00000112320,add_own,66.17999999999999,68.94894894894895,0.245635837195279,0.261041155184746
ENSG00000112320,random_a1.0,45.86,42.16216216216216,0.1288051534451216,0.096439211322935
ENSG00000112320,unsteered,48.2,47.567567567567565,0.1713111330727334,0.1497640355884229
ENSG00000112874,add_a0.5,40.02,33.993993993994,0.0776611985825477,0.0603272113891795
ENSG00000112874,add_a1.0,39.760000000000005,33.87387387387388,0.0845293415588482,0.0640638524920107
ENSG00000112874,add_a2.0,68.64,74.65465465465465,0.2734680354754868,0.3087438447642798
ENSG00000112874,add_a3.0,82.79561561561562,85.76576576576576,0.4386737074778043,0.4862708623975628
ENSG00000112874,add_a4.0,80.6,87.62762762762763,0.4069545535013826,0.4608580631457696
ENSG00000112874,add_gc_removed_a1.0,35.14,31.23123123123123,0.0919935180402287,0.0715004910616014
ENSG00000112874,add_own,43.28,38.37837837837838,0.0887693948670152,0.0858986942452206
ENSG00000112874,random_a1.0,37.4,31.591591591591587,0.0728383701296076,0.0491404509795066
ENSG00000112874,unsteered,37.94,33.63363363363364,0.0811183329361383,0.0593007004769009
ENSG00000113558,add_a0.5,42.13930348258707,40.8955223880597,0.1066310122866502,0.0155561738546462
ENSG00000113558,add_a1.0,42.33830845771145,41.64179104477612,0.0995085973619482,0.0190639091842148
ENSG00000113558,add_a2.0,47.61194029850746,56.4179104477612,0.1210512088604585,0.0995896591802551
ENSG00000113558,add_a3.0,56.24378109452736,74.55223880597015,0.1756894810638362,0.2056099451950962
ENSG00000113558,add_a4.0,60.04975124378109,84.32835820895522,0.2387956817988311,0.2935709935236154
ENSG00000113558,add_gc_removed_a1.0,41.56716417910447,38.95522388059702,0.1177636791670854,0.0192356296666023
ENSG00000113558,add_own,43.35820895522388,43.88059701492537,0.1007319420602582,0.0352492261617069
ENSG00000113558,random_a1.0,41.940298507462686,40.373134328358205,0.1063383813458375,0.0138457796654431
ENSG00000113558,unsteered,42.11442786069652,40.59701492537313,0.1109796169584564,0.0135735436531108
ENSG00000113569,add_a0.5,67.6,79.63963963963963,0.2788129006603414,0.3699014525583147
ENSG00000113569,add_a1.0,73.24,87.56756756756756,0.3616144703758989,0.466824503190005
ENSG00000113569,add_a2.0,84.14000000000001,92.49249249249247,0.4476281543766578,0.5604955648661963
ENSG00000113569,add_a3.0,79.9,92.49249249249247,0.3596911736454327,0.4972011206892637
ENSG00000113569,add_a4.0,84.47999999999999,90.57057057057057,0.4053160398003101,0.5253165381861618
ENSG00000113569,add_gc_removed_a1.0,51.58,57.47747747747748,0.2466192427920158,0.280819679987654
ENSG00000113569,add_own,67.32000000000001,76.03603603603604,0.2328910883421693,0.321342690404094
ENSG00000113569,random_a1.0,48.56,45.585585585585584,0.222024183042022,0.2217757991026793
ENSG00000113569,unsteered,58.98,63.96396396396396,0.2184879488957558,0.2796379876946889
ENSG00000113595,add_a0.5,60.66,60.84084084084084,0.2158046697798386,0.2443996357322283
ENSG00000113595,add_a1.0,67.8,81.32132132132134,0.194865986604596,0.3980720598142525
ENSG00000113595,add_a2.0,85.47999999999999,89.54954954954954,0.4008025083409004,0.6040492581359977
ENSG00000113595,add_a3.0,84.46000000000001,88.70870870870871,0.4137149358012376,0.591173984980726
ENSG00000113595,add_a4.0,87.38,87.74774774774775,0.4034958400599164,0.5721416013897741
ENSG00000113595,add_gc_removed_a1.0,58.66,69.72972972972973,0.4047433418634998,0.4225137808754426
ENSG00000113595,add_own,73.34,78.13813813813815,0.4187468779173076,0.5080645466324121
ENSG00000113595,random_a1.0,62.32000000000001,62.82282282282282,0.2872757497863856,0.313358200946131
ENSG00000113595,unsteered,50.34,55.43543543543543,0.2685291487912161,0.2463554534849281
ENSG00000113621,add_a0.5,76.65573770491804,74.88524590163935,0.4347238636033229,0.4171749928711545
ENSG00000113621,add_a1.0,71.49726775956285,69.24590163934427,0.3881341595066759,0.3560168876760968
ENSG00000113621,add_a2.0,77.72677595628416,77.8360655737705,0.3612091643537787,0.3395706770426885
ENSG00000113621,add_a3.0,86.46994535519126,87.08196721311475,0.4823141584735536,0.4700445436169352
ENSG00000113621,add_a4.0,85.68306010928961,85.24590163934427,0.4626384306271416,0.4558642861226571
ENSG00000113621,add_gc_removed_a1.0,51.8688524590164,54.22950819672131,0.2614712492003838,0.235923053916031
ENSG00000113621,add_own,67.89071038251366,70.2295081967213,0.3376629506038663,0.3245460201111019
ENSG00000113621,random_a1.0,58.185792349726775,62.950819672131146,0.2644967883687775,0.2332970283097917
ENSG00000113621,unsteered,63.9344262295082,67.21311475409837,0.2586645285375213,0.2394463850933652
ENSG00000113734,add_a0.5,49.88274706867672,62.110552763819086,0.2019417321271193,0.1954173742690296
ENSG00000113734,add_a1.0,59.731993299832496,82.41206030150754,0.1735836564715008,0.2099819931077154
ENSG00000113734,add_a2.0,72.06030150753769,91.356783919598,0.2735482972758057,0.3518795361522141
ENSG00000113734,add_a3.0,74.90787269681742,93.36683417085428,0.2871321664364582,0.3545822893345637
ENSG00000113734,add_a4.0,77.72194304857621,93.16582914572864,0.300210309763306,0.3659840433421475
ENSG00000113734,add_gc_removed_a1.0,50.98827470686767,60.20100502512563,0.2125826829734904,0.1852648788183609
ENSG00000113734,add_own,56.95142378559464,79.59798994974874,0.1359029092843231,0.1691104305495055
ENSG00000113734,random_a1.0,46.1641541038526,54.673366834170864,0.1762868816630813,0.1286778206217367
ENSG00000113734,unsteered,45.22613065326633,50.05025125628141,0.1905542162100005,0.1437942163549291
ENSG00000114248,add_a0.5,47.4,50.87087087087087,0.4345747736864808,0.4282094938763987
ENSG00000114248,add_a1.0,44.74,43.96396396396396,0.2004290921171814,0.1885082112498889
ENSG00000114248,add_a2.0,70.78,72.67267267267268,0.2743380266982556,0.3536518860486293
ENSG00000114248,add_a3.0,83.16,83.36336336336336,0.3691778953224827,0.4769070623917499
ENSG00000114248,add_a4.0,88.46000000000001,89.30930930930931,0.4588109221394454,0.5722383633026144
ENSG00000114248,add_gc_removed_a1.0,40.12,36.45645645645645,0.1701133503153037,0.1220743194102924
ENSG00000114248,add_own,57.56,64.74474474474474,0.2161247245710703,0.245305001779846
ENSG00000114248,random_a1.0,32.8,33.15315315315316,0.1955782199595236,0.1505995194758894
ENSG00000114248,unsteered,35.84,26.246246246246244,0.3446630357647947,0.3237371302784469
ENSG00000114446,add_a0.5,82.0,90.93093093093094,0.4469806783723705,0.5587267537269526
ENSG00000114446,add_a1.0,86.06,88.70870870870871,0.5402020867265621,0.652616292876339
ENSG00000114446,add_a2.0,83.04,89.42942942942943,0.37358285668477,0.502046272651132
ENSG00000114446,add_a3.0,85.53999999999999,87.74774774774775,0.4253220536828278,0.5409631814637754
ENSG00000114446,add_a4.0,79.93685685685685,95.13513513513512,0.3608607066727588,0.5189375403776649
ENSG00000114446,add_gc_removed_a1.0,70.58,76.63663663663664,0.3147321399355957,0.4105026598233692
ENSG00000114446,add_own,81.9,90.93093093093094,0.437283428210618,0.5709415214908197
ENSG00000114446,random_a1.0,79.74,86.24624624624624,0.3789014920049796,0.4862658110966951
ENSG00000114446,unsteered,69.44,76.87687687687688,0.3891688283109769,0.4610486377230248
ENSG00000114491,add_a0.5,64.42,84.38438438438439,0.136003905529319,0.2726718281846904
ENSG00000114491,add_a1.0,73.1,79.45945945945945,0.1862906740898259,0.3576238376066624
ENSG00000114491,add_a2.0,77.74000000000001,83.54354354354355,0.1945990527710333,0.4039523842217203
ENSG00000114491,add_a3.0,80.78,81.50150150150151,0.2135976438606467,0.4128315875261609
ENSG00000114491,add_a4.0,79.94,89.96996996996998,0.1715152496530816,0.4198312001567854
ENSG00000114491,add_gc_removed_a1.0,48.24,58.55855855855856,0.4333892771672005,0.3345505568744636
ENSG00000114491,add_own,75.02000000000001,88.88888888888889,0.1148227928628614,0.3644005881653512
ENSG00000114491,random_a1.0,57.82000000000001,57.89789789789791,0.286855443344965,0.1905548131688785
ENSG00000114491,unsteered,53.24,52.31231231231232,0.2972876080596723,0.1397798469371764
ENSG00000114541,add_a0.5,72.58,86.84684684684684,0.3663982900800108,0.358632648481644
ENSG00000114541,add_a1.0,74.64,87.38738738738739,0.4347970299586102,0.4272465029100818
ENSG00000114541,add_a2.0,78.92,90.57057057057057,0.4555570529350409,0.4526152452086903
ENSG00000114541,add_a3.0,80.92,94.17417417417415,0.4891524702528308,0.4874247775941738
ENSG00000114541,add_a4.0,87.82000000000001,94.4144144144144,0.5386771336372975,0.54451728209181
ENSG00000114541,add_gc_removed_a1.0,62.8,76.996996996997,0.2925143576627506,0.2854552478923566
ENSG00000114541,add_own,77.67999999999999,86.96696696696696,0.5446227034361186,0.5443598462089034
ENSG00000114541,random_a1.0,68.84,83.90390390390391,0.321454983977702,0.3047692752168786
ENSG00000114541,unsteered,65.88,87.98798798798798,0.4711820768682141,0.4628824228680568
ENSG00000114988,add_a0.5,67.28272827282728,86.13861386138613,0.2105439790983326,0.2854492808064627
ENSG00000114988,add_a1.0,68.31683168316832,85.61056105610561,0.1947582274398987,0.2476234791055237
ENSG00000114988,add_a2.0,74.65346534653466,88.05280528052806,0.2631784918891288,0.3361896475618235
ENSG00000114988,add_a3.0,85.65456545654565,89.90099009900989,0.3684973679392034,0.4313449907416551
ENSG00000114988,add_a4.0,86.90869086908691,91.81518151815182,0.3671530427045043,0.4324530866808621
ENSG00000114988,add_gc_removed_a1.0,49.9009900990099,53.99339933993399,0.3202521928686044,0.2968876776151958
ENSG00000114988,add_own,64.35643564356435,75.24752475247524,0.334638436366112,0.3733277667732857
ENSG00000114988,random_a1.0,59.42794279427943,73.46534653465346,0.1875571190769527,0.2107888539019531
ENSG00000114988,unsteered,62.31023102310231,63.564356435643575,0.2910894787842984,0.3186543924094294
ENSG00000115109,add_a0.5,50.14,54.47447447447448,0.1517421171307577,0.179389037851459
ENSG00000115109,add_a1.0,61.45209209209209,66.18618618618618,0.2215189815228274,0.2984475216757272
ENSG00000115109,add_a2.0,67.16,78.91891891891892,0.2496361603129642,0.3704212192229529
ENSG00000115109,add_a3.0,76.47999999999999,88.70870870870871,0.322519122567913,0.473543369633904
ENSG00000115109,add_a4.0,77.72,90.57057057057057,0.3184826906574663,0.4631567027077714
ENSG00000115109,add_gc_removed_a1.0,50.14,49.54954954954955,0.1716612473681146,0.1947348792323278
ENSG00000115109,add_own,64.96000000000001,67.92792792792793,0.318436882869675,0.3960136551771278
ENSG00000115109,random_a1.0,54.4,54.5945945945946,0.1561195487660527,0.1991095239996672
ENSG00000115109,unsteered,51.04882882882883,54.77477477477478,0.1547648893516325,0.1945332849367571
ENSG00000115137,add_a0.5,64.6065808297568,85.06437768240343,0.1271249835035611,0.3016842231164308
ENSG00000115137,add_a1.0,65.20743919885551,92.01716738197425,0.0827693736592987,0.3497829901912427
ENSG00000115137,add_a2.0,72.23881025287865,91.66826994228208,0.1342170115614731,0.4031169436229305
ENSG00000115137,add_a3.0,74.04864091559371,97.25321888412016,0.1540081095577107,0.4605284413328118
ENSG00000115137,add_a4.0,73.87696709585121,90.98712446351932,0.1718801469700776,0.4033643388846054
ENSG00000115137,add_gc_removed_a1.0,62.63233190271817,87.29613733905579,0.1006981660248919,0.3224761822105614
ENSG00000115137,add_own,73.96280400572246,90.3862660944206,0.1656662420246616,0.3977276460633959
ENSG00000115137,random_a1.0,49.78540772532189,56.137339055794,0.225932545410585,0.1359388394152354
ENSG00000115137,unsteered,53.705293276108726,71.33047210300428,0.1511897715437064,0.2218716636871696
ENSG00000115216,add_a0.5,62.24,65.58558558558559,0.2596314683638067,0.2551375889185721
ENSG00000115216,add_a1.0,68.76,75.73573573573574,0.2814217774102203,0.3019850909795558
ENSG00000115216,add_a2.0,78.5,79.15915915915916,0.3020906797589647,0.3510259331504188
ENSG00000115216,add_a3.0,87.1,89.7897897897898,0.4196362422328478,0.4964080231163004
ENSG00000115216,add_a4.0,82.67999999999999,80.06006006006007,0.4236409083777593,0.4744995572185626
ENSG00000115216,add_gc_removed_a1.0,46.12,37.41741741741741,0.3192236560401095,0.2044307171073006
ENSG00000115216,add_own,65.47999999999999,76.09609609609609,0.1779667817530662,0.2078326130053425
ENSG00000115216,random_a1.0,61.48,59.15915915915916,0.3392914887072752,0.2912917662046904
ENSG00000115216,unsteered,53.0,49.549549549549546,0.3402183341811717,0.272264438661346
ENSG00000115268,add_a0.5,73.47701149425288,95.94827586206895,0.2648023121823127,0.2144598505735996
ENSG00000115268,add_a1.0,71.23563218390805,92.93103448275863,0.260502987243505,0.2306099710918978
ENSG00000115268,add_a2.0,73.64942528735632,97.5,0.2492097821990774,0.2032262016040406
ENSG00000115268,add_a3.0,74.45402298850574,97.5,0.2595955807325542,0.2072882548471425
ENSG00000115268,add_a4.0,77.90229885057472,96.29310344827586,0.2930726259554851,0.240003395473439
ENSG00000115268,add_gc_removed_a1.0,67.44252873563218,94.48275862068964,0.2394711759461064,0.2033781106609026
ENSG00000115268,add_own,73.64942528735632,96.1206896551724,0.3000475227046526,0.2609385150412976
ENSG00000115268,random_a1.0,72.32758620689656,96.8103448275862,0.2798421459260726,0.2365480018007057
ENSG00000115268,unsteered,73.99425287356323,94.56896551724138,0.2981514229063334,0.2570627879451747
ENSG00000115286,add_a0.5,76.94779116465864,81.44578313253012,0.3320812994420844,0.2870441017391905
ENSG00000115286,add_a1.0,78.15261044176707,79.87951807228916,0.3504690862951913,0.3072451110397494
ENSG00000115286,add_a2.0,79.75903614457832,79.51807228915662,0.3300764033147779,0.3014372114693602
ENSG00000115286,add_a3.0,81.56626506024097,86.02409638554217,0.3300348890676329,0.275703537880977
ENSG00000115286,add_a4.0,84.6987951807229,86.02409638554217,0.3702797780424849,0.322887716831023
ENSG00000115286,add_gc_removed_a1.0,65.18072289156626,73.97590361445783,0.2764269232222524,0.2732715076271507
ENSG00000115286,add_own,75.34136546184739,78.19277108433735,0.3215974006865953,0.2716503949583292
ENSG00000115286,random_a1.0,66.74698795180723,69.27710843373494,0.3131361818347654,0.3071884281257031
ENSG00000115286,unsteered,67.95180722891567,67.46987951807229,0.3237912275983534,0.3164358415211784
ENSG00000115474,add_a0.5,43.83838383838384,40.18181818181818,0.1335886756440312,0.1075259995881416
ENSG00000115474,add_a1.0,56.161616161616166,64.18181818181819,0.179803427488105,0.2195519364735851
ENSG00000115474,add_a2.0,73.45454545454545,91.03030303030305,0.2679660781707401,0.3766211489802052
ENSG00000115474,add_a3.0,80.6060606060606,93.15151515151516,0.3475114638929798,0.4604885508337201
ENSG00000115474,add_a4.0,88.42424242424242,90.84848484848484,0.4530611883386194,0.5382165466429696
ENSG00000115474,add_gc_removed_a1.0,36.0,34.24242424242424,0.1895472158813685,0.1494252258597228
ENSG00000115474,add_own,54.6060606060606,63.93939393939394,0.1217859403452182,0.1591368251619172
ENSG00000115474,random_a1.0,39.61616161616162,39.27272727272727,0.2500071245844332,0.2264835504991889
ENSG00000115474,unsteered,40.08080808080808,41.81818181818182,0.1420276105505304,0.113552459707034
ENSG00000115486,add_a0.5,61.17999999999999,63.063063063063055,0.2541925874186564,0.224282751538993
ENSG00000115486,add_a1.0,69.92,75.85585585585586,0.2104412501824034,0.2248693932938822
ENSG00000115486,add_a2.0,71.22,70.2102102102102,0.2224470990578616,0.2313281336703593
ENSG00000115486,add_a3.0,81.7,82.46246246246247,0.2836420499666822,0.3507909756784004
ENSG00000115486,add_a4.0,88.97999999999999,88.58858858858859,0.3672154829137758,0.4522293032272459
ENSG00000115486,add_gc_removed_a1.0,46.36,46.36636636636637,0.3361800412929779,0.2227467832459396
ENSG00000115486,add_own,62.5,64.50450450450451,0.2294181699373495,0.2020631923904329
ENSG00000115486,random_a1.0,40.5,41.44144144144144,0.4715424356965498,0.3927681135658797
ENSG00000115486,unsteered,51.64,53.213213213213216,0.3028878268695573,0.2173017727193313
ENSG00000115568,add_a0.5,79.17999999999999,72.55255255255256,0.288720663240818,0.3452391840751478
ENSG00000115568,add_a1.0,76.22,73.21321321321321,0.20775288135483,0.247052297735334
ENSG00000115568,add_a2.0,82.85999999999999,83.78378378378379,0.2359443812530711,0.3793211169280358
ENSG00000115568,add_a3.0,87.24,87.50750750750751,0.203187909968644,0.3834695057737994
ENSG00000115568,add_a4.0,86.94000000000001,87.8078078078078,0.2020436962014972,0.3881584561720899
ENSG00000115568,add_gc_removed_a1.0,70.82000000000001,69.7897897897898,0.3279408348432005,0.2596471312296438
ENSG00000115568,add_own,81.84,78.01801801801801,0.2609744781201115,0.3648157556191562
ENSG00000115568,random_a1.0,67.38,68.1081081081081,0.2882364465263771,0.1838262381109826
ENSG00000115568,unsteered,65.46000000000001,73.03303303303304,0.2806415997614552,0.2116063576693743
ENSG00000115760,add_a0.5,74.96000000000001,86.84684684684684,0.3345451418336874,0.3756644799748382
ENSG00000115760,add_a1.0,76.22,95.73573573573574,0.3223035184179385,0.3949212688217309
ENSG00000115760,add_a2.0,85.66,89.66966966966967,0.3704988330895119,0.4450178019225578
ENSG00000115760,add_a3.0,87.26,94.11411411411412,0.3833063433687688,0.4575889430890753
ENSG00000115760,add_a4.0,83.53999999999999,87.74774774774775,0.3166887147889127,0.3811314867860241
ENSG00000115760,add_gc_removed_a1.0,61.81207622868605,66.1709902673758,0.3942725054988861,0.405756221925396
ENSG00000115760,add_own,75.7,89.96996996996998,0.3530254697535661,0.4021697232171707
ENSG00000115760,random_a1.0,85.92,86.84684684684684,0.3827795562826638,0.4445157538015797
ENSG00000115760,unsteered,64.46000000000001,67.68768768768768,0.2809247874325895,0.2987829437626442
ENSG00000115761,add_a0.5,41.3,42.58258258258258,0.0479110571119662,0.0471524262290986
ENSG00000115761,add_a1.0,67.6,81.38138138138137,0.3247700685342147,0.3629604316892414
ENSG00000115761,add_a2.0,73.32000000000001,85.34534534534535,0.3712208937600718,0.4121223034517164
ENSG00000115761,add_a3.0,81.26,90.27027027027027,0.4545296880890447,0.4967738375141722
ENSG00000115761,add_a4.0,85.62,93.09309309309307,0.4802562020837054,0.5239240463850967
ENSG00000115761,add_gc_removed_a1.0,46.42,49.249249249249246,0.0874691307685974,0.1020825063899902
ENSG00000115761,add_own,64.03235235235236,81.32132132132132,0.2412935381976618,0.2807824048732177
ENSG00000115761,random_a1.0,40.22,38.4984984984985,0.0343862314028555,0.0270914190378598
ENSG00000115761,unsteered,36.48420420420421,35.55555555555556,0.0815941756471786,0.0729659788521476
ENSG00000115942,add_a0.5,42.94,43.003003003003,0.1599296484526973,0.1383539658692025
ENSG00000115942,add_a1.0,47.24,49.42942942942943,0.155583614113304,0.1731255644715354
ENSG00000115942,add_a2.0,71.12,84.08408408408408,0.2599520939472734,0.4105951799980267
ENSG00000115942,add_a3.0,79.32000000000001,85.04504504504504,0.3467443231797501,0.4827924997017422
ENSG00000115942,add_a4.0,80.0,87.2072072072072,0.3128190918324728,0.4831943128172566
ENSG00000115942,add_gc_removed_a1.0,36.14,30.51051051051051,0.1794735358597444,0.0934897524076418
ENSG00000115942,add_own,58.04,62.82282282282283,0.202301043483926,0.2403501669625709
ENSG00000115942,random_a1.0,30.22,32.312312312312315,0.3156107643250553,0.2611077850569948
ENSG00000115942,unsteered,29.1,22.402402402402405,0.3288392692523608,0.2389423197201386
ENSG00000116096,add_a0.5,78.71906841339157,95.8951965065502,0.1297891188523018,0.1999563430127139
ENSG00000116096,add_a1.0,80.52401746724891,96.85589519650657,0.1446055347855167,0.2294301321793532
ENSG00000116096,add_a2.0,78.80640465793303,98.07860262008734,0.1168325070116007,0.2178440900916579
ENSG00000116096,add_a3.0,79.1848617176128,96.24454148471617,0.1453858264281632,0.2416123046044678
ENSG00000116096,add_a4.0,79.01018922852984,95.02183406113537,0.1445361932877506,0.2386074279852809
ENSG00000116096,add_gc_removed_a1.0,73.65356622998544,91.79039301310044,0.1163464730843806,0.1618258461593697
ENSG00000116096,add_own,78.10771470160117,99.03930131004368,0.1184677828606863,0.2112251636750971
ENSG00000116096,random_a1.0,78.36972343522561,93.97379912663754,0.1278562994349545,0.1939090061766688
ENSG00000116096,unsteered,74.52692867540028,91.87772925764192,0.1275265313073318,0.1741257766508175
ENSG00000116885,add_a0.5,83.76,85.22522522522522,0.4426457410004589,0.4434804281388434
ENSG00000116885,add_a1.0,83.28,85.4054054054054,0.422792137840316,0.4386806738045338
ENSG00000116885,add_a2.0,87.1,93.75375375375376,0.4710046567650958,0.4866642322792857
ENSG00000116885,add_a3.0,79.52000000000001,91.29129129129127,0.3899029673463175,0.4105322768525211
ENSG00000116885,add_a4.0,89.76,89.6096096096096,0.4950113985516943,0.5108758413150551
ENSG00000116885,add_gc_removed_a1.0,57.78,71.41141141141141,0.1834052876144505,0.1799762330545564
ENSG00000116885,add_own,77.1320920920921,91.35135135135135,0.3892540101909127,0.4012443699034864
ENSG00000116885,random_a1.0,73.47999999999999,78.49849849849849,0.3031559357163513,0.3141081198316002
ENSG00000116885,unsteered,74.17999999999999,83.18318318318317,0.3093535928147116,0.3097311068318672
ENSG00000116984,add_a0.5,59.720000000000006,69.36936936936937,0.2060281239249695,0.2175121811018981
ENSG00000116984,add_a1.0,63.1,84.74474474474474,0.1677934784563052,0.3871294477385255
ENSG00000116984,add_a2.0,71.32,93.57357357357355,0.1013809190285577,0.3940317409097065
ENSG00000116984,add_a3.0,73.56,93.27327327327328,0.153930347358136,0.3995476537734128
ENSG00000116984,add_a4.0,74.94,95.37537537537536,0.1544804458084095,0.4254410319120012
ENSG00000116984,add_gc_removed_a1.0,46.98,45.88588588588589,0.2849756347227109,0.0835112986823517
ENSG00000116984,add_own,69.47999999999999,91.53153153153151,0.1067400093586085,0.3591645532312321
ENSG00000116984,random_a1.0,48.06,44.08408408408408,0.2774079297177598,0.0468423559215602
ENSG00000116984,unsteered,43.24,39.27927927927928,0.2979551850583202,0.043764559069984
ENSG00000117118,add_a0.5,58.66666666666666,81.87234042553192,0.1576367509276356,0.1791637288088284
ENSG00000117118,add_a1.0,60.99290780141845,89.70212765957447,0.1680420646530897,0.2162826237197645
ENSG00000117118,add_a2.0,65.3049645390071,88.93617021276596,0.2004476947303785,0.2571302504857876
ENSG00000117118,add_a3.0,67.37588652482269,94.8936170212766,0.230928046908875,0.310851437970763
ENSG00000117118,add_a4.0,75.8014184397163,92.59574468085108,0.3110217546812744,0.3759177212552556
ENSG00000117118,add_gc_removed_a1.0,50.01418439716312,61.61702127659574,0.1217979848411284,0.1215491581339882
ENSG00000117118,add_own,61.900709219858165,91.06382978723404,0.1700108896517689,0.2281954390288115
ENSG00000117118,random_a1.0,53.39007092198582,70.04255319148936,0.0928157493774714,0.0864473380677194
ENSG00000117118,unsteered,52.0,68.17021276595744,0.101613446151695,0.0868146611883123
ENSG00000117143,add_a0.5,56.6,65.1051051051051,0.2204788899101634,0.2240298420439991
ENSG00000117143,add_a1.0,63.58,83.72372372372372,0.1291614202478953,0.2875061016535905
ENSG00000117143,add_a2.0,74.16,95.49549549549548,0.1377046552849257,0.4316422551672902
ENSG00000117143,add_a3.0,81.16,92.01201201201202,0.2255611479506221,0.4613824228524105
ENSG00000117143,add_a4.0,81.74,93.09309309309307,0.204595839493596,0.4658876505491328
ENSG00000117143,add_gc_removed_a1.0,46.14,49.969969969969966,0.2502677628873219,0.1516430823267666
ENSG00000117143,add_own,65.9,79.6996996996997,0.1576402451159605,0.2971183830391108
ENSG00000117143,random_a1.0,57.94,67.26726726726727,0.180527904843435,0.2184344697501647
ENSG00000117143,unsteered,56.120000000000005,59.45945945945946,0.284989560156388,0.2803343530315684
ENSG00000117362,add_a0.5,74.10666666666665,85.67999999999999,0.2560515104450783,0.3710981693790267
ENSG00000117362,add_a1.0,79.36,90.96,0.2138300874453683,0.3442600562870913
ENSG00000117362,add_a2.0,74.47999999999999,89.44,0.2169494779046379,0.3184496664721842
ENSG00000117362,add_a3.0,86.37333333333333,89.76,0.2993874089084903,0.4526602519291828
ENSG00000117362,add_a4.0,83.28,87.76,0.2054246373388108,0.3675474872041344
ENSG00000117362,add_gc_removed_a1.0,67.78666666666666,77.03999999999999,0.2378228008949433,0.3029819288794343
ENSG00000117362,add_own,75.94666666666667,81.84,0.2755839408319898,0.3909500441239851
ENSG00000117362,random_a1.0,64.37333333333333,64.24,0.3169929970245901,0.3486738233741564
ENSG00000117362,unsteered,67.84,76.4,0.3567662512495569,0.4316225093023614
ENSG00000117758,add_a0.5,65.86206896551724,89.56896551724138,0.2104720646155175,0.3295136167613607
ENSG00000117758,add_a1.0,67.72988505747126,87.84482758620689,0.2460782634222957,0.3690155328040962
ENSG00000117758,add_a2.0,75.7183908045977,95.17241379310344,0.2915487514913858,0.4217894508195045
ENSG00000117758,add_a3.0,76.63168775324569,94.48275862068964,0.2807083331413543,0.4113661365632685
ENSG00000117758,add_a4.0,79.39655172413794,95.43103448275862,0.2995706895884447,0.4387981402893975
ENSG00000117758,add_gc_removed_a1.0,54.79885057471264,66.29310344827586,0.2043656112885576,0.1977668497169974
ENSG00000117758,add_own,71.66666666666666,86.98275862068965,0.2656148983432203,0.3510405875700047
ENSG00000117758,random_a1.0,59.6551724137931,80.34482758620689,0.179096546438355,0.2443522281445523
ENSG00000117758,unsteered,63.04597701149426,80.0,0.2130718138858998,0.2872617945001059
ENSG00000118257,add_a0.5,52.760000000000005,58.258258258258266,0.1482740413101432,0.1556497273098692
ENSG00000118257,add_a1.0,55.6,56.45645645645645,0.2281443514694011,0.2274676405854214
ENSG00000118257,add_a2.0,84.62,90.63063063063063,0.3569732881213345,0.3435505057250184
ENSG00000118257,add_a3.0,80.67999999999999,80.6006006006006,0.3053808367702014,0.2998073810471006
ENSG00000118257,add_a4.0,86.62,86.42642642642643,0.4184182059531485,0.4075200401202846
ENSG00000118257,add_gc_removed_a1.0,44.74,47.14714714714715,0.1709306231756545,0.1741589251303535
ENSG00000118257,add_own,70.03999999999999,68.16816816816817,0.278242478881253,0.2781743943028349
ENSG00000118257,random_a1.0,46.82,49.12912912912913,0.2167205566063888,0.2196496424655839
ENSG00000118257,unsteered,49.66,52.732732732732735,0.1643523987451606,0.1756607872132392
ENSG00000118363,add_a0.5,50.058479532163744,59.06432748538011,0.2247374270589001,0.190781434594437
ENSG00000118363,add_a1.0,55.57619091130605,66.3157894736842,0.2179288787580511,0.2192316045876132
ENSG00000118363,add_a2.0,60.42884990253411,71.46198830409357,0.2608153578802455,0.3044889919398783
ENSG00000118363,add_a3.0,68.18713450292398,85.73099415204679,0.2564840450341958,0.3439475455064864
ENSG00000118363,add_a4.0,73.60623781676414,87.953216374269,0.3193727847669839,0.4043298328303664
ENSG00000118363,add_gc_removed_a1.0,41.32553606237816,31.57894736842105,0.3392832578369543,0.1989143454786187
ENSG00000118363,add_own,64.2495126705653,79.41520467836257,0.2668741415764991,0.3292259281711078
ENSG00000118363,random_a1.0,38.79142300194932,39.88304093567252,0.2745307152322949,0.1241537650239038
ENSG00000118363,unsteered,48.61598440545809,50.058479532163744,0.2426347448006133,0.1836594737312081
ENSG00000118689,add_a0.5,83.26,93.87387387387386,0.1998699369919503,0.252808517522085
ENSG00000118689,add_a1.0,90.68,96.63663663663662,0.2624907066896599,0.3361461095754608
ENSG00000118689,add_a2.0,83.96000000000001,94.8948948948949,0.1749385807997596,0.2359973062222414
ENSG00000118689,add_a3.0,88.75999999999999,87.38738738738739,0.2742621697447313,0.2989682913189833
ENSG00000118689,add_a4.0,93.32,95.55555555555556,0.3140391831215957,0.3774564341854843
ENSG00000118689,add_gc_removed_a1.0,75.62,86.30630630630631,0.1177826659389704,0.1354567299025943
ENSG00000118689,add_own,87.96000000000001,97.35735735735736,0.1778415052605351,0.2527779078949029
ENSG00000118689,random_a1.0,84.72,94.5945945945946,0.1426638858250129,0.1909381607876695
ENSG00000118689,unsteered,86.46000000000001,95.1951951951952,0.1744917865354583,0.2326151945830809
ENSG00000118939,add_a0.5,59.182389937106926,63.333333333333336,0.2619014109550432,0.3295793071640792
ENSG00000118939,add_a1.0,63.64779874213837,74.33962264150944,0.2928367443175393,0.3625259456104125
ENSG00000118939,add_a2.0,71.0272536687631,86.1006289308176,0.3791251326584162,0.4579519341553588
ENSG00000118939,add_a3.0,80.39832285115304,86.35220125786164,0.4870881834499239,0.5596006235697
ENSG00000118939,add_a4.0,83.08176100628931,86.41509433962263,0.4921032120853315,0.5776705167296567
ENSG00000118939,add_gc_removed_a1.0,41.9496855345912,45.15723270440251,0.1843943797471093,0.2072471848680731
ENSG00000118939,add_own,59.35010482180294,65.47169811320755,0.2487467564128104,0.3152276571029352
ENSG00000118939,random_a1.0,49.329140461215935,57.61006289308176,0.2432428699493002,0.2754620710739831
ENSG00000118939,unsteered,50.41928721174005,57.86163522012578,0.2699122489904474,0.3073487130823461
ENSG00000119431,add_a0.5,72.36760124610592,91.4018691588785,0.1327132115409349,0.1693357857879452
ENSG00000119431,add_a1.0,74.23676012461058,92.71028037383178,0.1641651375912816,0.2081286285347576
ENSG00000119431,add_a2.0,78.22429906542057,96.54205607476636,0.1845592814782064,0.2630002582281285
ENSG00000119431,add_a3.0,77.25856697819316,95.5140186915888,0.1707887447247585,0.2369065762348733
ENSG00000119431,add_a4.0,77.8816199376947,94.85981308411216,0.1820878328350933,0.2595810830640886
ENSG00000119431,add_gc_removed_a1.0,67.81931464174455,84.39252336448598,0.1513362776723812,0.1659581223538286
ENSG00000119431,add_own,76.44859813084113,94.4859813084112,0.154368339794315,0.2088499173620158
ENSG00000119431,random_a1.0,64.89096573208722,75.88785046728972,0.1090093648208107,0.0961423684623477
ENSG00000119431,unsteered,67.19626168224299,79.90654205607477,0.1041651914365897,0.1033206162880631
ENSG00000119471,add_a0.5,40.0,32.252252252252255,0.0600292226630606,0.0472130712654031
ENSG00000119471,add_a1.0,50.68,52.97297297297297,0.1096139785230953,0.1372887759001706
ENSG00000119471,add_a2.0,64.5,72.7927927927928,0.253016196009228,0.3088425366786221
ENSG00000119471,add_a3.0,73.28,72.73273273273273,0.3245519212437944,0.3955125305260405
ENSG00000119471,add_a4.0,68.8,88.52852852852853,0.319802718674049,0.3930562409812978
ENSG00000119471,add_gc_removed_a1.0,38.38,33.3933933933934,0.0913289481618319,0.0824190999278533
ENSG00000119471,add_own,47.74,50.990990990990994,0.1875973039248456,0.2133684127196344
ENSG00000119471,random_a1.0,40.42,30.090090090090087,0.1221726593260776,0.1163131711928787
ENSG00000119471,unsteered,39.68,29.48948948948949,0.0600916465341573,0.035647916435495
ENSG00000119616,add_a0.5,43.66863905325444,47.100591715976336,0.1271057176369712,0.0353972439089658
ENSG00000119616,add_a1.0,44.18145956607495,48.40236686390533,0.1267107707825259,0.0380854371699365
ENSG00000119616,add_a2.0,58.93491124260355,81.06508875739645,0.156828004924903,0.2505737058125166
ENSG00000119616,add_a3.0,64.06311637080867,89.11242603550296,0.2059266235265295,0.3438131390939891
ENSG00000119616,add_a4.0,67.29783037475345,89.23076923076923,0.2148651756570355,0.3536928274634486
ENSG00000119616,add_gc_removed_a1.0,43.43195266272189,46.3905325443787,0.1314110019743529,0.03439396246224
ENSG00000119616,add_own,46.74556213017751,53.96449704142013,0.1406401716213675,0.0985617066450879
ENSG00000119616,random_a1.0,43.70808678500986,47.100591715976336,0.1245833232210898,0.0339639167264264
ENSG00000119616,unsteered,44.06311637080868,47.92899408284024,0.1235052704608818,0.0380882227564351
ENSG00000119630,add_a0.5,66.30824372759857,70.25089605734767,0.3210778992406509,0.3555168449014933
ENSG00000119630,add_a1.0,72.52090800477897,85.21505376344086,0.2347557503301879,0.2382849303915757
ENSG00000119630,add_a2.0,86.91756272401433,86.4695340501792,0.3142153122317743,0.4031323860326536
ENSG00000119630,add_a3.0,84.9163679808841,91.12903225806453,0.2607832409574275,0.3354831702014316
ENSG00000119630,add_a4.0,82.5268817204301,86.64874551971326,0.2301959519529627,0.299000992290688
ENSG00000119630,add_gc_removed_a1.0,67.1146953405018,67.831541218638,0.2815524041114582,0.3001953801733111
ENSG00000119630,add_own,76.10513739545998,80.46594982078852,0.2372930663136654,0.2864317218799706
ENSG00000119630,random_a1.0,66.33811230585424,69.08602150537634,0.2854535533563868,0.2942039396045346
ENSG00000119630,unsteered,68.45878136200717,72.58064516129032,0.2871863722037803,0.2831723308378645
ENSG00000119698,add_a0.5,56.9,53.75375375375376,0.2928308740384434,0.3104580106536699
ENSG00000119698,add_a1.0,83.96000000000001,87.14714714714714,0.3644165225935502,0.5317429820596244
ENSG00000119698,add_a2.0,76.88,92.85285285285286,0.3130675291609736,0.5091832366424184
ENSG00000119698,add_a3.0,85.38,92.7927927927928,0.4124441686587195,0.5826441635467915
ENSG00000119698,add_a4.0,85.58,91.41141141141142,0.3914821610008466,0.5650609276024923
ENSG00000119698,add_gc_removed_a1.0,64.44,62.70270270270271,0.2236008977975644,0.2941727666830673
ENSG00000119698,add_own,77.62,82.64264264264264,0.2936843000556992,0.4491452193787468
ENSG00000119698,random_a1.0,63.06,65.4054054054054,0.2727468861067528,0.3487642556827656
ENSG00000119698,unsteered,70.34,71.5915915915916,0.2641948790948324,0.3588651203653964
ENSG00000119699,add_a0.5,65.0,79.0990990990991,0.1191751061875154,0.1075111018039261
ENSG00000119699,add_a1.0,65.1,83.18318318318317,0.1554791634117936,0.1441754309076889
ENSG00000119699,add_a2.0,78.92,87.98798798798798,0.2933741261562502,0.2857000979383097
ENSG00000119699,add_a3.0,78.26,95.85585585585584,0.2792862224526087,0.2657634029576866
ENSG00000119699,add_a4.0,83.28,95.49549549549548,0.3221889919422356,0.3084314666434168
ENSG00000119699,add_gc_removed_a1.0,47.32,55.73573573573574,0.0947205803925978,0.1025734892870835
ENSG00000119699,add_own,70.53999999999999,86.18618618618618,0.197045915739873,0.1831244896438578
ENSG00000119699,random_a1.0,59.1,70.87087087087087,0.1349450686837165,0.1218180216478103
ENSG00000119699,unsteered,54.6,65.88588588588588,0.0753189989072521,0.0686049272583824
ENSG00000119725,add_a0.5,45.3,42.64264264264264,0.3417003613009922,0.1337290121847527
ENSG00000119725,add_a1.0,65.52000000000001,72.01201201201202,0.17693979353031,0.2063810568143182
ENSG00000119725,add_a2.0,75.38,79.45945945945945,0.1948399965117239,0.3048606170657827
ENSG00000119725,add_a3.0,80.4,93.69369369369367,0.1786126550344657,0.4244995810993271
ENSG00000119725,add_a4.0,82.66,89.06906906906906,0.2372320153520881,0.420051928719816
ENSG00000119725,add_gc_removed_a1.0,41.64,35.91591591591592,0.3746770013844854,0.1242689658841196
ENSG00000119725,add_own,65.6,72.31231231231232,0.1710587097926043,0.2001586820242368
ENSG00000119725,random_a1.0,32.68,31.05105105105105,0.4586004562505817,0.1699603835848311
ENSG00000119725,unsteered,37.86,30.75075075075075,0.4508390584961059,0.1642351283809692
ENSG00000119820,add_a0.5,59.123630672926446,69.95305164319248,0.3320233619151664,0.3962665008988246
ENSG00000119820,add_a1.0,73.95931142410015,79.34272300469483,0.4064045814738956,0.51024391519196
ENSG00000119820,add_a2.0,78.37245696400626,90.61032863849763,0.4741696694608035,0.5952870602717921
ENSG00000119820,add_a3.0,79.06103286384976,92.20657276995306,0.4713138613581861,0.6039063129028192
ENSG00000119820,add_a4.0,84.69483568075118,90.98591549295774,0.5212001816766983,0.6429170639719327
ENSG00000119820,add_gc_removed_a1.0,44.35054773082942,42.44131455399061,0.1908288369966825,0.195074185219806
ENSG00000119820,add_own,72.6134585289515,89.01408450704226,0.4553666545134624,0.5690389690397616
ENSG00000119820,random_a1.0,49.92175273865415,45.070422535211264,0.2431242910835583,0.2623683786199767
ENSG00000119820,unsteered,56.93270735524256,57.370892018779344,0.3378313386620361,0.3613285091244615
ENSG00000120451,add_a0.5,63.92,70.3903903903904,0.3061205077088561,0.1665593555987499
ENSG00000120451,add_a1.0,59.94,65.04504504504504,0.3576528688052486,0.1562963420564437
ENSG00000120451,add_a2.0,77.3,94.95495495495496,0.1626065112536034,0.3439473207845983
ENSG00000120451,add_a3.0,81.62,93.69369369369367,0.1095700212151078,0.3510627641209752
ENSG00000120451,add_a4.0,80.66,92.79279279279278,0.1125517664354986,0.3429391368789315
ENSG00000120451,add_gc_removed_a1.0,54.42,58.01801801801802,0.4132074501623323,0.1101654390229048
ENSG00000120451,add_own,78.38,94.89489489489488,0.1861914897519959,0.335333945540495
ENSG00000120451,random_a1.0,58.90724724724724,66.66666666666666,0.3556354734749414,0.1563310120767454
ENSG00000120451,unsteered,46.88636636636637,53.213213213213216,0.5338004107110212,0.2545243772359068
ENSG00000120837,add_a0.5,41.14877589453861,27.68361581920904,0.2058366870991286,0.1842403766119388
ENSG00000120837,add_a1.0,39.391086001255495,34.27495291902071,0.1591887368719337,0.1337102387179899
ENSG00000120837,add_a2.0,58.19209039548023,62.05273069679848,0.3162548404483393,0.3237222596962572
ENSG00000120837,add_a3.0,61.61330822347771,67.32580037664783,0.3300983794880344,0.3330436247988561
ENSG00000120837,add_a4.0,80.06905210295041,87.00564971751413,0.5601478171579878,0.5699931518724517
ENSG00000120837,add_gc_removed_a1.0,37.69617074701821,25.329566854990585,0.2080365785778954,0.1787749358170311
ENSG00000120837,add_own,47.39485247959825,41.80790960451977,0.2036985909565174,0.1911480255481424
ENSG00000120837,random_a1.0,33.92969240426868,29.94350282485876,0.2224619058739206,0.1987285285187385
ENSG00000120837,unsteered,35.4676710608914,31.544256120527308,0.1898280413185325,0.1694376051461666
ENSG00000120915,add_a0.5,82.76,95.37537537537536,0.2858272695105994,0.385949953303451
ENSG00000120915,add_a1.0,81.67999999999999,93.33333333333331,0.2694941881685754,0.3684315080578008
ENSG00000120915,add_a2.0,83.82000000000001,90.69069069069069,0.2877265620656989,0.3850929254300049
ENSG00000120915,add_a3.0,83.04,93.93393393393391,0.2693643939172013,0.374517447030083
ENSG00000120915,add_a4.0,81.94,95.31531531531532,0.2428433324643958,0.3494163035272132
ENSG00000120915,add_gc_removed_a1.0,77.74,90.09009009009009,0.2244490761998897,0.3135642947124114
ENSG00000120915,add_own,84.08,94.4144144144144,0.2864543477074986,0.3882453211546547
ENSG00000120915,random_a1.0,81.44,89.96996996996998,0.2599665897406206,0.3546222546188665
ENSG00000120915,unsteered,79.72,84.98498498498499,0.2708302438522939,0.3620570905703353
ENSG00000121940,add_a0.5,38.38,36.33633633633634,0.1172735063952624,0.1016948756752477
ENSG00000121940,add_a1.0,40.56,40.12012012012012,0.1162000431278706,0.1072865879640665
ENSG00000121940,add_a2.0,62.54,63.48348348348348,0.3038823057863409,0.3083617463412355
ENSG00000121940,add_a3.0,75.76,76.6966966966967,0.4298476648481362,0.4413640718311834
ENSG00000121940,add_a4.0,90.28,91.65165165165163,0.6376535588685586,0.6576676002045424
ENSG00000121940,add_gc_removed_a1.0,30.1,28.16816816816817,0.1305284199469238,0.1169995870928009
ENSG00000121940,add_own,35.52,36.27627627627628,0.1332162497122206,0.1272602871311505
ENSG00000121940,random_a1.0,33.8,31.111111111111107,0.1214893402906929,0.1036746410441661
ENSG00000121940,unsteered,34.54574574574575,31.546365642751187,0.1070563423949537,0.0928631982060174
ENSG00000122042,add_a0.5,45.120999219359874,46.72131147540984,0.2674752040021092,0.3274316951290186
ENSG00000122042,add_a1.0,52.14676034348166,63.46604215456674,0.2933426507286913,0.40855430469348
ENSG00000122042,add_a2.0,54.33255269320843,66.39344262295081,0.2788246256831869,0.4049777253425511
ENSG00000122042,add_a3.0,65.6128024980484,78.10304449648712,0.294967982510545,0.4596375144658144
ENSG00000122042,add_a4.0,69.75019516003123,81.9672131147541,0.3269992710229878,0.5206707448455484
ENSG00000122042,add_gc_removed_a1.0,38.13427010148322,38.64168618266979,0.2832452345675247,0.3330237777593429
ENSG00000122042,add_own,47.658079625292736,59.4847775175644,0.3199411337307926,0.3862976156621252
ENSG00000122042,random_a1.0,43.55971896955504,44.6135831381733,0.2690746963247803,0.3086283084064163
ENSG00000122042,unsteered,38.83684621389539,37.00234192037471,0.2913161770081301,0.3243979091110089
ENSG00000122068,add_a0.5,44.61538461538462,45.38461538461538,0.1800939169660416,0.1880057383292681
ENSG00000122068,add_a1.0,43.333333333333336,44.53846153846153,0.1549536976466406,0.1514562113767661
ENSG00000122068,add_a2.0,73.25641025641025,77.38461538461539,0.3239594097782488,0.3636861420139701
ENSG00000122068,add_a3.0,79.38461538461539,87.0,0.3992651638324788,0.450605505263067
ENSG00000122068,add_a4.0,85.25641025641025,90.0,0.4578045981154434,0.5139886440974629
ENSG00000122068,add_gc_removed_a1.0,35.64102564102564,35.84615384615385,0.2100072660183142,0.2068292902482319
ENSG00000122068,add_own,44.35897435897436,44.23076923076923,0.1993156949047323,0.1915430091835185
ENSG00000122068,random_a1.0,33.61538461538461,24.46153846153846,0.2404993064371032,0.2198234034399963
ENSG00000122068,unsteered,38.7948717948718,37.23076923076923,0.2141945654748266,0.1978719393075524
ENSG00000122203,add_a0.5,66.6923076923077,81.61538461538461,0.1664078722950724,0.2345684611233974
ENSG00000122203,add_a1.0,78.66666666666667,83.84615384615384,0.294926771080925,0.3670335641213703
ENSG00000122203,add_a2.0,81.82051282051282,88.61538461538461,0.2430046812090662,0.3613891351075486
ENSG00000122203,add_a3.0,76.7948717948718,93.07692307692308,0.2171141126149248,0.3570238915336624
ENSG00000122203,add_a4.0,83.61538461538461,85.61538461538461,0.2781070682351496,0.3771671059984646
ENSG00000122203,add_gc_removed_a1.0,62.1025641025641,63.15384615384615,0.232961085767452,0.2015043401746534
ENSG00000122203,add_own,74.17948717948718,76.76923076923077,0.247490519608102,0.2974219459426535
ENSG00000122203,random_a1.0,64.51282051282051,69.0,0.2957460163024745,0.282486394298768
ENSG00000122203,unsteered,59.58974358974359,67.6923076923077,0.2152146827989184,0.2008154364633705
ENSG00000122367,add_a0.5,47.82,49.66966966966967,0.3835004494337922,0.4302865082420829
ENSG00000122367,add_a1.0,54.74,54.11411411411412,0.4396665494265425,0.4803337596149299
ENSG00000122367,add_a2.0,73.25999999999999,73.21321321321321,0.2356197162939035,0.2230187040525731
ENSG00000122367,add_a3.0,84.8,86.54654654654655,0.3574033513496364,0.3163298508265355
ENSG00000122367,add_a4.0,85.97999999999999,89.00900900900902,0.3823050946143032,0.3476914669676899
ENSG00000122367,add_gc_removed_a1.0,48.42,50.510510510510514,0.4490137647927985,0.5020059864504918
ENSG00000122367,add_own,58.34,58.37837837837837,0.3531881400571854,0.3907296413936975
ENSG00000122367,random_a1.0,38.52,38.1981981981982,0.5183080418561957,0.5978326629946462
ENSG00000122367,unsteered,44.54,47.02702702702703,0.4086358978365682,0.4884115878048932
ENSG00000122512,add_a0.5,35.480000000000004,35.31531531531532,0.1365741306041779,0.1302756926543841
ENSG00000122512,add_a1.0,45.2,49.249249249249246,0.1296437856359766,0.1010763991048491
ENSG00000122512,add_a2.0,60.98,62.94294294294294,0.2607569762504127,0.189886761137654
ENSG00000122512,add_a3.0,79.53999999999999,85.34534534534535,0.4601917373584642,0.3891543816198439
ENSG00000122512,add_a4.0,85.97999999999999,87.26726726726727,0.5370916520689628,0.4842737831901209
ENSG00000122512,add_gc_removed_a1.0,34.739999999999995,32.85285285285285,0.0972195240011881,0.0942959254298934
ENSG00000122512,add_own,47.88,47.98798798798799,0.1516729837313333,0.1154044302766097
ENSG00000122512,random_a1.0,32.760000000000005,32.072072072072075,0.1284121160874034,0.1250522926336927
ENSG00000122512,unsteered,32.28,32.492492492492495,0.1655771507597456,0.1646617307189148
ENSG00000122694,add_a0.5,54.04444444444445,67.86666666666666,0.1971146140861212,0.0830725623756449
ENSG00000122694,add_a1.0,62.4,79.46666666666667,0.2236219928011935,0.1482805812759946
ENSG00000122694,add_a2.0,64.66666666666667,84.93333333333334,0.2526998800994406,0.1879295589433444
ENSG00000122694,add_a3.0,69.95555555555556,92.93333333333334,0.2630809783788097,0.2175243045813094
ENSG00000122694,add_a4.0,75.24444444444445,95.86666666666667,0.3215135674382465,0.2752126796045137
ENSG00000122694,add_gc_removed_a1.0,53.422222222222224,64.8,0.2299450179123277,0.1559201445057389
ENSG00000122694,add_own,58.0,72.66666666666667,0.2210305069273442,0.1240382228119646
ENSG00000122694,random_a1.0,52.26666666666667,63.333333333333336,0.2062736748980589,0.1120987022936367
ENSG00000122694,unsteered,56.53333333333333,67.2,0.234678013095013,0.1572427687080009
ENSG00000122966,add_a0.5,59.620000000000005,73.21321321321321,0.1853184831723567,0.199961653135873
ENSG00000122966,add_a1.0,63.58,67.86786786786787,0.2179656862655827,0.2313559528293441
ENSG00000122966,add_a2.0,80.78,86.72672672672672,0.3436562499066825,0.3889486968682623
ENSG00000122966,add_a3.0,83.28,93.15315315315316,0.4034127764685615,0.4652728058806715
ENSG00000122966,add_a4.0,88.74000000000001,89.36936936936937,0.4371199594179015,0.5015964111495144
ENSG00000122966,add_gc_removed_a1.0,38.220000000000006,36.45645645645646,0.1767204942039698,0.1461671849541566
ENSG00000122966,add_own,71.5,84.68468468468468,0.2654677158582515,0.299731533308447
ENSG00000122966,random_a1.0,46.78,53.333333333333336,0.1620645822144799,0.1505419780225712
ENSG00000122966,unsteered,53.24000000000001,56.636636636636624,0.2583268543790036,0.2625280143671684
ENSG00000123388,add_a0.5,65.32846715328466,82.4087591240876,0.1943840680611038,0.2121178068047934
ENSG00000123388,add_a1.0,69.07542579075425,84.08759124087592,0.1658784464470118,0.1867044139900111
ENSG00000123388,add_a2.0,80.17031630170317,91.0948905109489,0.1861326127426658,0.2239875819399937
ENSG00000123388,add_a3.0,82.36009732360097,91.45985401459856,0.2003841166761552,0.2430532430340576
ENSG00000123388,add_a4.0,87.51824817518248,94.23357664233576,0.2809240072592211,0.3371060442985029
ENSG00000123388,add_gc_removed_a1.0,69.90267639902677,84.52554744525547,0.2127433105014389,0.2391212895520001
ENSG00000123388,add_own,75.49878345498783,88.17518248175182,0.1648600370549363,0.1991267950705554
ENSG00000123388,random_a1.0,65.76642335766424,83.21167883211679,0.1602875741489674,0.183441929748399
ENSG00000123388,unsteered,64.79318734793188,67.66423357664235,0.2740751560411538,0.298283855163644
ENSG00000123395,add_a0.5,65.75543797766021,76.36684303350971,0.3421189088024363,0.3365344827022591
ENSG00000123395,add_a1.0,71.25220458553792,90.38800705467372,0.2014010684946623,0.2468575943095487
ENSG00000123395,add_a2.0,70.69370958259847,90.38800705467372,0.1751433612166115,0.2287209135244743
ENSG00000123395,add_a3.0,79.39447383891827,86.5079365079365,0.3096339418764453,0.3465564035298802
ENSG00000123395,add_a4.0,79.7472075249853,90.38800705467372,0.3074549928608222,0.3387113643083312
ENSG00000123395,add_gc_removed_a1.0,51.05820105820106,56.966490299823626,0.4247988416153385,0.3226711687480999
ENSG00000123395,add_own,72.8395061728395,81.04056437389771,0.2628582048905215,0.2603619756312775
ENSG00000123395,random_a1.0,61.522633744855966,72.13403880070547,0.2991823829551274,0.2609828236670294
ENSG00000123395,unsteered,57.43680188124633,62.8747795414462,0.3594570786621966,0.2698100701426222
ENSG00000123684,add_a0.5,58.71999999999999,67.32732732732732,0.2689222784062334,0.3069285904543722
ENSG00000123684,add_a1.0,62.14,73.15315315315316,0.2626731258405055,0.3029602978702951
ENSG00000123684,add_a2.0,73.84,89.36936936936937,0.3850879498613124,0.4376322145731053
ENSG00000123684,add_a3.0,79.97999999999999,88.82882882882883,0.4576960899853229,0.5017100949575214
ENSG00000123684,add_a4.0,84.36,92.85285285285286,0.5273030858890081,0.5607615631151688
ENSG00000123684,add_gc_removed_a1.0,40.220000000000006,44.62462462462463,0.1964136145347672,0.2120697261791275
ENSG00000123684,add_own,68.97999999999999,89.48948948948949,0.3837334304973551,0.4320532131123736
ENSG00000123684,random_a1.0,45.08,45.70570570570571,0.2638200559650865,0.2770275043282229
ENSG00000123684,unsteered,50.5,55.7957957957958,0.1492677053655486,0.170287630085296
ENSG00000124145,add_a0.5,62.69005847953216,72.046783625731,0.2806455667757097,0.3546017357423879
ENSG00000124145,add_a1.0,70.4093567251462,85.38011695906434,0.2926782217525055,0.3484476414564863
ENSG00000124145,add_a2.0,76.56920077972708,83.2748538011696,0.3202095378644902,0.402452680070723
ENSG00000124145,add_a3.0,74.77582846003898,86.3157894736842,0.2849807609495271,0.3466203078252057
ENSG00000124145,add_a4.0,82.06627680311891,90.05847953216374,0.331430937766325,0.3995782602638245
ENSG00000124145,add_gc_removed_a1.0,62.76803118908382,66.66666666666666,0.2887591981091063,0.3501419826586098
ENSG00000124145,add_own,66.588693957115,81.87134502923978,0.3023461890995236,0.3610579855720347
ENSG00000124145,random_a1.0,63.62573099415205,78.94736842105263,0.3192516826441612,0.3595114988342709
ENSG00000124145,unsteered,60.00989887914231,69.23976608187135,0.4754030787890803,0.5149715332701258
ENSG00000124214,add_a0.5,57.58,55.1951951951952,0.2130307165283628,0.2020519881696448
ENSG00000124214,add_a1.0,62.38,66.30630630630631,0.2792552664404711,0.2599368472359136
ENSG00000124214,add_a2.0,82.16,92.6126126126126,0.417305810922061,0.3490346051285577
ENSG00000124214,add_a3.0,86.2,92.97297297297298,0.4877430243071569,0.4258406339666953
ENSG00000124214,add_a4.0,88.16,90.33033033033033,0.5101076593283874,0.4453675221726694
ENSG00000124214,add_gc_removed_a1.0,47.6,40.42042042042042,0.1697033707443003,0.1890459846137039
ENSG00000124214,add_own,65.46000000000001,78.85885885885885,0.2911244230220934,0.2501319686657405
ENSG00000124214,random_a1.0,42.4,40.96096096096096,0.158037756919486,0.1780279159338273
ENSG00000124214,unsteered,50.32,50.39039039039039,0.1987917013329725,0.2066851611591201
ENSG00000124641,add_a0.5,60.65573770491803,69.39890710382514,0.2016986106868745,0.1449675806151872
ENSG00000124641,add_a1.0,62.40437158469945,77.92349726775956,0.1349457707118834,0.1231218157130931
ENSG00000124641,add_a2.0,70.41894353369763,90.16393442622952,0.1814405331517513,0.2375097690564732
ENSG00000124641,add_a3.0,69.65391621129326,89.28961748633881,0.1725490059446668,0.2478319745840944
ENSG00000124641,add_a4.0,70.67395264116576,89.39890710382514,0.1829084457937469,0.2514253848569578
ENSG00000124641,add_gc_removed_a1.0,49.14389799635701,55.30054644808744,0.2085714472313728,0.1038732301516645
ENSG00000124641,add_own,61.8943533697632,77.04918032786885,0.1608312203123203,0.1426196252677645
ENSG00000124641,random_a1.0,54.75409836065573,61.20218579234973,0.2013818184678081,0.0936694355064054
ENSG00000124641,unsteered,52.6047358834244,57.704918032786885,0.2147668336235386,0.0998555829502345
ENSG00000124688,add_a0.5,48.08080808080808,51.16883116883117,0.3400533562971259,0.1911550224067687
ENSG00000124688,add_a1.0,50.38961038961039,52.55411255411256,0.3082208967239246,0.170220252850736
ENSG00000124688,add_a2.0,63.54978354978355,71.51515151515152,0.210972213151147,0.2087032948835311
ENSG00000124688,add_a3.0,70.07215007215007,78.008658008658,0.1856692872950664,0.2322476123731567
ENSG00000124688,add_a4.0,86.08946608946609,87.35930735930735,0.2698831816308487,0.4016446037766824
ENSG00000124688,add_gc_removed_a1.0,40.4040404040404,38.35497835497836,0.4361941661433774,0.2300953396432373
ENSG00000124688,add_own,60.69264069264069,66.23376623376623,0.2207500917395818,0.1781002825881999
ENSG00000124688,random_a1.0,44.58874458874459,41.38528138528138,0.3765574303631447,0.1918834527434137
ENSG00000124688,unsteered,40.43290043290043,33.59307359307359,0.4642641661934735,0.251608610583079
ENSG00000124767,add_a0.5,45.15981735159817,41.50684931506849,0.1808982055323521,0.1155659580396257
ENSG00000124767,add_a1.0,62.73972602739726,81.91780821917808,0.3334005038547097,0.3845092852462579
ENSG00000124767,add_a2.0,70.27397260273972,85.61643835616438,0.4366244391391782,0.4750576867304041
ENSG00000124767,add_a3.0,70.22831050228311,83.2876712328767,0.4185644217407369,0.4445751029111753
ENSG00000124767,add_a4.0,81.36986301369862,90.13698630136986,0.5104734991225282,0.5556699916507826
ENSG00000124767,add_gc_removed_a1.0,50.730593607305934,56.3013698630137,0.2639874121024347,0.2758620614644392
ENSG00000124767,add_own,48.721461187214615,58.35616438356165,0.2133244267644802,0.2112582897448441
ENSG00000124767,random_a1.0,35.98173515981735,33.83561643835617,0.21468339424242,0.1493065536373072
ENSG00000124767,unsteered,44.54896920681692,43.83561643835616,0.1527154548835382,0.0916830152639753
ENSG00000125652,add_a0.5,77.29629629629629,95.11111111111111,0.2444025529625041,0.1841592238746842
ENSG00000125652,add_a1.0,73.18518518518519,91.66666666666669,0.2361118452885572,0.1840808241222111
ENSG00000125652,add_a2.0,82.11111111111111,93.55555555555556,0.2901927876567295,0.23495164514858
ENSG00000125652,add_a3.0,82.88888888888889,95.44444444444444,0.2920683414683608,0.219130211299255
ENSG00000125652,add_a4.0,82.81481481481481,93.0,0.2728500260853728,0.2333599844658025
ENSG00000125652,add_gc_removed_a1.0,67.29629629629629,79.77777777777779,0.2560503740554604,0.2330022604029311
ENSG00000125652,add_own,78.07407407407408,91.2222222222222,0.2669174181222068,0.207379129436105
ENSG00000125652,random_a1.0,74.03703703703704,88.11111111111111,0.2294976134924694,0.1756161752295482
ENSG00000125652,unsteered,74.70370370370371,85.0,0.2420988828642059,0.1970783175306164
ENSG00000125703,add_a0.5,46.54,53.33333333333333,0.165687871209646,0.1823877907605969
ENSG00000125703,add_a1.0,57.17999999999999,62.28228228228229,0.173478647186094,0.2644201774241617
ENSG00000125703,add_a2.0,76.36,91.11111111111111,0.2673376907483646,0.5266593722085462
ENSG00000125703,add_a3.0,73.1,88.1081081081081,0.243425811003302,0.489923669044653
ENSG00000125703,add_a4.0,78.58000000000001,93.03303303303304,0.3169737206277997,0.5861936605320084
ENSG00000125703,add_gc_removed_a1.0,34.6,27.147147147147148,0.2096510441445648,0.0782022250212366
ENSG00000125703,add_own,50.22,55.37537537537537,0.1667492577987504,0.204107172149645
ENSG00000125703,random_a1.0,37.09823823823824,29.06906906906907,0.2491597810745533,0.1473828921074789
ENSG00000125703,unsteered,33.42654654654655,31.831831831831835,0.1994964753178638,0.1114693761572571
ENSG00000125734,add_a0.5,78.28,97.11711711711712,0.3500962976077645,0.2976166522367768
ENSG00000125734,add_a1.0,80.76,96.27627627627626,0.3626432566757691,0.3243167627332736
ENSG00000125734,add_a2.0,78.0,98.43843843843844,0.2986996761891554,0.2473804592691825
ENSG00000125734,add_a3.0,79.3,97.5975975975976,0.292078005130212,0.2523551850096925
ENSG00000125734,add_a4.0,84.1,94.71471471471472,0.3679547362955058,0.3262731593038332
ENSG00000125734,add_gc_removed_a1.0,70.1,86.42642642642643,0.2981160387969702,0.2644746305115745
ENSG00000125734,add_own,77.44,92.43243243243244,0.301679035885764,0.2740023637033036
ENSG00000125734,random_a1.0,68.46000000000001,93.33333333333331,0.2077197724520944,0.1626896516552974
ENSG00000125734,unsteered,69.46854854854855,79.21921921921921,0.3206085989114503,0.3027928995862174
ENSG00000127564,add_a0.5,70.39311311311312,72.95433988205073,0.1384798472332245,0.1399304895388659
ENSG00000127564,add_a1.0,80.72,88.34834834834835,0.1845134856482819,0.1964469375915683
ENSG00000127564,add_a2.0,84.3,89.72972972972973,0.194365161676294,0.223010930913295
ENSG00000127564,add_a3.0,85.85999999999999,96.27627627627626,0.2212886767570577,0.2443060812241768
ENSG00000127564,add_a4.0,86.86,89.84984984984985,0.2297399770964991,0.2683182908074921
ENSG00000127564,add_gc_removed_a1.0,61.720000000000006,66.72672672672672,0.1374255467355693,0.1373583144871616
ENSG00000127564,add_own,74.94,88.04804804804806,0.1509726591085954,0.1550989301457214
ENSG00000127564,random_a1.0,65.7,70.3903903903904,0.1616784139920853,0.1626458591390407
ENSG00000127564,unsteered,68.44,79.81981981981983,0.119215087950174,0.1228760674268817
ENSG00000127837,add_a0.5,56.08,59.69969969969971,0.4171215248537243,0.3962330422393935
ENSG00000127837,add_a1.0,64.08,79.27927927927928,0.3098031643488834,0.3450039446966002
ENSG00000127837,add_a2.0,69.78,86.24624624624624,0.2138359211690804,0.2631952516515224
ENSG00000127837,add_a3.0,78.03999999999999,86.24624624624624,0.238823376891556,0.3137422588150246
ENSG00000127837,add_a4.0,78.72,85.82582582582583,0.2530900424127096,0.3203694108586601
ENSG00000127837,add_gc_removed_a1.0,47.2,51.41141141141141,0.4261659387838999,0.3447101026260087
ENSG00000127837,add_own,60.08,66.66666666666667,0.35963239579353,0.3405007464829735
ENSG00000127837,random_a1.0,53.260000000000005,56.21621621621622,0.3568607961980393,0.2677038819225326
ENSG00000127837,unsteered,52.760000000000005,52.91291291291292,0.4163336749645229,0.3493914127911182
ENSG00000128272,add_a0.5,67.3,69.12912912912913,0.2987077001884407,0.3358927939658171
ENSG00000128272,add_a1.0,84.3,88.46846846846847,0.3116240419644315,0.4003951826588475
ENSG00000128272,add_a2.0,86.54,90.33033033033033,0.3838929133759121,0.4730041073784192
ENSG00000128272,add_a3.0,90.82,93.09309309309307,0.4550487704388847,0.5553322854828994
ENSG00000128272,add_a4.0,86.64,88.88888888888889,0.3461511297248007,0.4436231304513283
ENSG00000128272,add_gc_removed_a1.0,58.17999999999999,58.07807807807808,0.2710342845558341,0.2708542188296082
ENSG00000128272,add_own,88.62,91.5915915915916,0.4253428322479438,0.5160101256204026
ENSG00000128272,random_a1.0,63.3,69.12912912912913,0.2246528461669439,0.2593713004704434
ENSG00000128272,unsteered,75.96000000000001,80.66066066066067,0.3647471818859897,0.4327852939768027
ENSG00000128408,add_a0.5,78.72,81.38138138138137,0.3445023760797276,0.3735646229564858
ENSG00000128408,add_a1.0,83.4,87.32732732732732,0.3782406755869542,0.4138021209225454
ENSG00000128408,add_a2.0,83.44,97.53753753753752,0.371821226117429,0.4032767030084916
ENSG00000128408,add_a3.0,82.56,95.49549549549548,0.3308992813548512,0.3665245937966969
ENSG00000128408,add_a4.0,81.97999999999999,92.7927927927928,0.3348206914711654,0.3753753609019615
ENSG00000128408,add_gc_removed_a1.0,65.66,81.8018018018018,0.2236441209186347,0.2158337818225075
ENSG00000128408,add_own,80.44,87.44744744744744,0.3684651178810268,0.402044098528293
ENSG00000128408,random_a1.0,67.92,78.07807807807808,0.2636952893939018,0.2768901325023728
ENSG00000128408,unsteered,68.32000000000001,73.45345345345346,0.272252204312711,0.2794247807135842
ENSG00000128590,add_a0.5,42.40837696335078,49.319371727748695,0.2900932852023176,0.3042845767154568
ENSG00000128590,add_a1.0,57.34729493891798,76.43979057591623,0.3273336434775039,0.3800962590039038
ENSG00000128590,add_a2.0,48.48167539267016,53.82198952879581,0.2657420847071244,0.2791168131298482
ENSG00000128590,add_a3.0,58.77835951134381,62.30366492146597,0.3053311401676634,0.3512814118391312
ENSG00000128590,add_a4.0,81.36125654450261,85.13089005235602,0.4768650904887235,0.5502369038261474
ENSG00000128590,add_gc_removed_a1.0,36.788830715532285,37.06806282722513,0.2222423107539761,0.2080471386196319
ENSG00000128590,add_own,44.25828970331588,46.38743455497382,0.230076665958128,0.2274285281000077
ENSG00000128590,random_a1.0,39.30191972076789,32.35602094240838,0.1794451480663112,0.1595126830041754
ENSG00000128590,unsteered,39.96509598603839,40.0,0.2345988222535493,0.2218822618218017
ENSG00000128805,add_a0.5,70.88000000000001,81.74174174174175,0.3013618676674621,0.2723512774020847
ENSG00000128805,add_a1.0,84.44000000000001,94.05405405405403,0.3622428083712834,0.2849602234434559
ENSG00000128805,add_a2.0,85.17999999999999,84.74474474474475,0.4470537815913394,0.3886757908251159
ENSG00000128805,add_a3.0,83.64,95.43543543543544,0.3357603623736073,0.2703764814372825
ENSG00000128805,add_a4.0,89.0,88.46846846846847,0.4189500973801796,0.367544120186232
ENSG00000128805,add_gc_removed_a1.0,63.620000000000005,70.99099099099098,0.2197575937977023,0.1857951521756095
ENSG00000128805,add_own,80.12,87.50750750750751,0.3511200674755855,0.2868572035930392
ENSG00000128805,random_a1.0,76.42,79.81981981981981,0.2706563614774588,0.2168735682127754
ENSG00000128805,unsteered,71.22,78.67867867867866,0.2228085623861135,0.1723169123913603
ENSG00000128881,add_a0.5,49.74,45.34534534534534,0.345455154809245,0.3077362616614693
ENSG00000128881,add_a1.0,53.08,55.01501501501501,0.2358706595341362,0.2173001617591262
ENSG00000128881,add_a2.0,78.17999999999999,75.37537537537537,0.4110534482728505,0.451821919153431
ENSG00000128881,add_a3.0,78.26,80.3003003003003,0.2686794843579945,0.3698593739545176
ENSG00000128881,add_a4.0,88.12,90.57057057057057,0.4083491069069199,0.5384927979557916
ENSG00000128881,add_gc_removed_a1.0,49.74,47.02702702702703,0.2906419445640834,0.2515947253150826
ENSG00000128881,add_own,83.24,84.8048048048048,0.4588593291569365,0.5385528719690517
ENSG00000128881,random_a1.0,51.18,50.87087087087087,0.4207246246359332,0.3803161605743521
ENSG00000128881,unsteered,49.42,50.69069069069069,0.3482515136918271,0.3181923843325618
ENSG00000130055,add_a0.5,62.86,69.66966966966967,0.2345617735755491,0.17414103813779
ENSG00000130055,add_a1.0,60.08,68.1081081081081,0.2710413265956303,0.2208172529063296
ENSG00000130055,add_a2.0,78.1,93.63363363363364,0.169447770849206,0.3109102094532265
ENSG00000130055,add_a3.0,83.92,91.23123123123123,0.2188003426710692,0.3706604602623772
ENSG00000130055,add_a4.0,85.08,93.87387387387386,0.1975120369533398,0.3680374331432129
ENSG00000130055,add_gc_removed_a1.0,47.66,46.18618618618619,0.3998999867982699,0.1853153092394831
ENSG00000130055,add_own,74.67243243243243,90.25489344766451,0.1578273159740925,0.2843753326332862
ENSG00000130055,random_a1.0,47.14,52.61261261261261,0.3491725646181808,0.1546085979912694
ENSG00000130055,unsteered,48.66626626626627,54.77477477477478,0.3228944156721388,0.1629941215842018
ENSG00000130517,add_a0.5,63.07407407407408,87.0,0.1415439135125953,0.0999085847471977
ENSG00000130517,add_a1.0,60.62962962962963,78.88888888888889,0.1424996397915884,0.1156272568150258
ENSG00000130517,add_a2.0,69.62962962962963,92.55555555555556,0.2154061071670885,0.1573583246269408
ENSG00000130517,add_a3.0,70.44444444444444,94.55555555555556,0.2479089740156372,0.1820994221690078
ENSG00000130517,add_a4.0,77.7037037037037,90.44444444444444,0.3373489488065301,0.2865258526202034
ENSG00000130517,add_gc_removed_a1.0,46.88888888888889,48.0,0.141113434017971,0.1854495646330628
ENSG00000130517,add_own,60.48148148148148,78.88888888888889,0.1630310517511037,0.1431266208109982
ENSG00000130517,random_a1.0,60.22222222222221,80.11111111111111,0.1173580362209985,0.0961383616553096
ENSG00000130517,unsteered,61.96296296296296,83.88888888888889,0.1344446620215268,0.0927715533855279
ENSG00000130560,add_a0.5,81.84,96.15615615615616,0.5004582389718774,0.3286849533522981
ENSG00000130560,add_a1.0,80.66,88.28828828828829,0.5059730236332177,0.3572931315313613
ENSG00000130560,add_a2.0,81.24000000000001,97.29729729729728,0.4901996706576726,0.3131238150249421
ENSG00000130560,add_a3.0,84.1,91.35135135135135,0.5061036154281598,0.3593767046444732
ENSG00000130560,add_a4.0,84.38,95.55555555555556,0.5285689782347676,0.3821790283076721
ENSG00000130560,add_gc_removed_a1.0,77.74,88.46846846846847,0.4622283446209131,0.318458989526526
ENSG00000130560,add_own,80.0,92.25225225225223,0.4582534783248192,0.30405201631287
ENSG00000130560,random_a1.0,79.44,92.49249249249247,0.5258144523578275,0.370697032079996
ENSG00000130560,unsteered,77.3,82.28228228228228,0.4052900128390472,0.3129389562610334
ENSG00000130731,add_a0.5,75.35238095238095,91.65714285714286,0.2144298724322188,0.201364882170642
ENSG00000130731,add_a1.0,76.91428571428571,88.22857142857143,0.2485996899056388,0.2372983189689981
ENSG00000130731,add_a2.0,79.23809523809524,96.8,0.244342345470861,0.2276282839172627
ENSG00000130731,add_a3.0,78.5904761904762,96.0,0.2361150353326139,0.2268953589057735
ENSG00000130731,add_a4.0,83.5047619047619,95.54285714285714,0.3029389125867054,0.2810260083252166
ENSG00000130731,add_gc_removed_a1.0,71.88571428571429,90.05714285714285,0.2329286257855148,0.2318061080927648
ENSG00000130731,add_own,70.70476190476191,87.42857142857143,0.2274746217934708,0.2220078187399833
ENSG00000130731,random_a1.0,72.99047619047619,87.42857142857142,0.2431126017948834,0.2286841895245449
ENSG00000130731,unsteered,72.41904761904762,95.08571428571427,0.2089018681765322,0.2179221774996294
ENSG00000130811,add_a0.5,58.652968036529685,71.0958904109589,0.2698828367498475,0.2809350771460112
ENSG00000130811,add_a1.0,69.46601435094585,78.42465753424658,0.2597154599927955,0.2582070162590579
ENSG00000130811,add_a2.0,74.95433789954338,84.31506849315068,0.2256747673336467,0.2277685072801247
ENSG00000130811,add_a3.0,83.56164383561644,93.97260273972604,0.3136279901315144,0.3123286713855021
ENSG00000130811,add_a4.0,86.36986301369863,88.6986301369863,0.376158914543696,0.3870247419872669
ENSG00000130811,add_gc_removed_a1.0,46.0730593607306,55.61643835616438,0.2101676468564506,0.2321143543696679
ENSG00000130811,add_own,62.625570776255714,58.56164383561644,0.2791001565734398,0.280124559986239
ENSG00000130811,random_a1.0,47.28310502283105,51.3013698630137,0.2134952240308706,0.2314948160925702
ENSG00000130811,unsteered,44.49771689497717,48.49315068493151,0.2875155071359422,0.3144891436940094
ENSG00000131023,add_a0.5,42.78,39.45945945945946,0.1317436966750219,0.110804288244666
ENSG00000131023,add_a1.0,57.24000000000001,62.58258258258259,0.1977598979146308,0.2448579188758971
ENSG00000131023,add_a2.0,63.86,68.64864864864865,0.2167952690731892,0.3016998341373175
ENSG00000131023,add_a3.0,75.02000000000001,88.22822822822823,0.3173276074072761,0.4476099807817692
ENSG00000131023,add_a4.0,82.97999999999999,93.45345345345343,0.4076273456965241,0.5423880426864891
ENSG00000131023,add_gc_removed_a1.0,35.22,31.41141141141141,0.182301320406053,0.1450934495109588
ENSG00000131023,add_own,54.08,59.15915915915916,0.2343662487010504,0.2778523961996605
ENSG00000131023,random_a1.0,33.44,30.87087087087088,0.2528312148687953,0.2144329153110218
ENSG00000131023,unsteered,41.1,36.15615615615616,0.1604075387900373,0.1306748644033756
ENSG00000131149,add_a0.5,74.06,78.37837837837837,0.5747995950807103,0.5459039034768092
ENSG00000131149,add_a1.0,80.36,92.49249249249247,0.356996280031088,0.3310957063876928
ENSG00000131149,add_a2.0,78.62,87.2072072072072,0.3021856135998509,0.2817243984268021
ENSG00000131149,add_a3.0,85.62,92.6126126126126,0.3506147423440566,0.3311187913521811
ENSG00000131149,add_a4.0,88.16,94.8948948948949,0.3215596491772678,0.2991703729198233
ENSG00000131149,add_gc_removed_a1.0,59.45031031031031,76.87687687687688,0.2620938638329712,0.2701871944540578
ENSG00000131149,add_own,77.92,86.24624624624624,0.2540076257729285,0.246245367423107
ENSG00000131149,random_a1.0,79.14,90.99099099099098,0.4048260478821354,0.4087416134978497
ENSG00000131149,unsteered,71.02000000000001,85.1051051051051,0.5390081185025437,0.5024181968635765
ENSG00000131263,add_a0.5,42.58,39.33933933933934,0.318895241994012,0.2182231263924129
ENSG00000131263,add_a1.0,56.06,63.54354354354355,0.3022123626825987,0.3627622694682706
ENSG00000131263,add_a2.0,65.7,71.53153153153153,0.2151247366423749,0.3819411013837714
ENSG00000131263,add_a3.0,76.88,88.64864864864865,0.2361711511454253,0.5276904138299927
ENSG00000131263,add_a4.0,79.96000000000001,84.98498498498499,0.2459769466326812,0.5315102295337599
ENSG00000131263,add_gc_removed_a1.0,33.28,29.30930930930931,0.3995689484068261,0.2238406146229289
ENSG00000131263,add_own,68.12,74.83483483483484,0.1878627097805817,0.3813253007223121
ENSG00000131263,random_a1.0,37.84,35.13513513513514,0.3366479378060963,0.2104500064064073
ENSG00000131263,unsteered,41.82,36.93693693693693,0.3203535978008999,0.2005657940790078
ENSG00000131503,add_a0.5,77.4,96.21621621621622,0.2827247092731507,0.4989450426452908
ENSG00000131503,add_a1.0,80.84,94.83483483483482,0.2784958311325944,0.4800994915511033
ENSG00000131503,add_a2.0,81.62,95.6156156156156,0.2641182083502882,0.4878915777068952
ENSG00000131503,add_a3.0,87.53999999999999,92.6126126126126,0.3161231800064537,0.5062622449644503
ENSG00000131503,add_a4.0,89.36,92.67267267267268,0.3148010191255582,0.5026980577906326
ENSG00000131503,add_gc_removed_a1.0,72.82000000000001,78.01801801801801,0.2215353031563257,0.3326300153579091
ENSG00000131503,add_own,75.42,80.36036036036036,0.2552337518168998,0.3945762119704173
ENSG00000131503,random_a1.0,75.64,92.85285285285286,0.2684520390003785,0.4516481586016866
ENSG00000131503,unsteered,75.24,90.99099099099098,0.2454858544816026,0.4290808363803854
ENSG00000131944,add_a0.5,67.4401473296501,73.8121546961326,0.4075024132745362,0.3436704495634173
ENSG00000131944,add_a1.0,65.2670349907919,71.2707182320442,0.3346856558064707,0.2949460201183917
ENSG00000131944,add_a2.0,69.76058931860037,82.87292817679558,0.4415071842865437,0.3742010028788048
ENSG00000131944,add_a3.0,74.3646408839779,85.85635359116023,0.4657600220305367,0.3776882215601593
ENSG00000131944,add_a4.0,77.53222836095765,90.38674033149172,0.5006561890053366,0.394014591153989
ENSG00000131944,add_gc_removed_a1.0,62.28360957642726,70.1657458563536,0.3462863955332332,0.3033657947167875
ENSG00000131944,add_own,63.05709023941069,70.05524861878453,0.3628696540276409,0.3074060355445747
ENSG00000131944,random_a1.0,64.86187845303867,77.67955801104972,0.3846245394634622,0.3054963779375758
ENSG00000131944,unsteered,63.646408839779006,74.03314917127072,0.4123853039780356,0.3568594515585076
ENSG00000132196,add_a0.5,59.73333333333333,69.89090909090909,0.2183351154249753,0.1567558590587029
ENSG00000132196,add_a1.0,64.0969696969697,81.01818181818182,0.2123147411907084,0.2776684746459559
ENSG00000132196,add_a2.0,74.82771403353927,88.43636363636364,0.1596109604551804,0.3318890485054186
ENSG00000132196,add_a3.0,78.538746690203,92.5818181818182,0.1686124115964792,0.3881680330252954
ENSG00000132196,add_a4.0,83.41818181818181,93.45454545454544,0.2972884895539446,0.4913323218285713
ENSG00000132196,add_gc_removed_a1.0,48.7030303030303,51.34545454545455,0.3768208171773131,0.1412656000070432
ENSG00000132196,add_own,73.55151515151515,90.1090909090909,0.11460389509443,0.3200449821841925
ENSG00000132196,random_a1.0,47.95151515151515,54.03636363636364,0.2797871477145599,0.0308042743439636
ENSG00000132196,unsteered,51.68484848484849,57.67272727272727,0.2787744981470306,0.0770534406673016
ENSG00000132549,add_a0.5,46.63145145145145,52.37237237237237,0.109234399008635,0.1221665271286347
ENSG00000132549,add_a1.0,50.42,54.41441441441441,0.1738690875555415,0.1935610214903804
ENSG00000132549,add_a2.0,67.72,92.85285285285286,0.3565206718808711,0.455958138498268
ENSG00000132549,add_a3.0,70.66,90.27027027027027,0.3755599409604547,0.4775506479668547
ENSG00000132549,add_a4.0,73.32000000000001,91.17117117117115,0.3754800957455517,0.4622746436399735
ENSG00000132549,add_gc_removed_a1.0,40.48,35.07507507507508,0.0679384866722749,0.0519028293797739
ENSG00000132549,add_own,54.89097097097097,67.08708708708708,0.2175614101589754,0.2652118391662526
ENSG00000132549,random_a1.0,41.78,41.62162162162163,0.1116756964138419,0.1028443233658198
ENSG00000132549,unsteered,39.62,34.23423423423424,0.0789451889173861,0.0565322468527941
ENSG00000132561,add_a0.5,79.92,78.7987987987988,0.3809541327045169,0.3825488901403633
ENSG00000132561,add_a1.0,83.94,80.6006006006006,0.4382809762009538,0.4466917499278672
ENSG00000132561,add_a2.0,89.4,91.83183183183183,0.4600629342808669,0.4929418894189157
ENSG00000132561,add_a3.0,90.2,90.75075075075075,0.4625285324746865,0.4862052776332953
ENSG00000132561,add_a4.0,87.4,91.11111111111111,0.4440504125761385,0.4788011706800492
ENSG00000132561,add_gc_removed_a1.0,65.5,67.02702702702703,0.3840017448929793,0.361366739942545
ENSG00000132561,add_own,89.4,84.14414414414414,0.5856163715695571,0.5959070715485302
ENSG00000132561,random_a1.0,79.5,79.81981981981983,0.3684265009539117,0.3719024159372289
ENSG00000132561,unsteered,80.92,81.86186186186185,0.3632557979266489,0.3786826850164365
ENSG00000132780,add_a0.5,44.8,33.573573573573576,0.1725360940600899,0.116343487769664
ENSG00000132780,add_a1.0,39.32,35.49549549549549,0.2197105045946497,0.1687214898438807
ENSG00000132780,add_a2.0,60.67999999999999,61.26126126126125,0.2440885498080537,0.265102952034933
ENSG00000132780,add_a3.0,73.86,86.18618618618618,0.2954876917124218,0.4113189866549855
ENSG00000132780,add_a4.0,77.86,90.2102102102102,0.3456060540569172,0.4681832967300069
ENSG00000132780,add_gc_removed_a1.0,34.86,25.885885885885887,0.2087215189769098,0.1462992803931936
ENSG00000132780,add_own,39.260000000000005,35.37537537537538,0.2493545748596695,0.1943069920734835
ENSG00000132780,random_a1.0,42.88896896896897,34.65465465465466,0.1984423090864137,0.1433401380095507
ENSG00000132780,unsteered,35.92,31.351351351351354,0.2454036361771962,0.1908600027100328
ENSG00000133048,add_a0.5,58.88,78.73873873873875,0.0970987592159394,0.0925476544619268
ENSG00000133048,add_a1.0,61.58,76.75675675675676,0.1470656500892774,0.1344426442701192
ENSG00000133048,add_a2.0,69.92,94.65465465465464,0.1996706347144125,0.1966112725873453
ENSG00000133048,add_a3.0,76.61999999999999,91.89189189189187,0.258184374723804,0.2585231188411502
ENSG00000133048,add_a4.0,78.14,91.5915915915916,0.2701245702232248,0.2733933736402976
ENSG00000133048,add_gc_removed_a1.0,45.36,49.12912912912913,0.1274267831043709,0.1117236542966423
ENSG00000133048,add_own,61.98,81.98198198198199,0.1583439753876689,0.1507439508988887
ENSG00000133048,random_a1.0,50.14,59.21921921921923,0.1437138319590185,0.1233957912747478
ENSG00000133048,unsteered,44.760000000000005,50.39039039039039,0.162274046204751,0.1432801543893744
ENSG00000133131,add_a0.5,81.62,84.08408408408408,0.4353205815783722,0.5131843760575091
ENSG00000133131,add_a1.0,82.26,81.86186186186185,0.4098222070762003,0.5050343725616505
ENSG00000133131,add_a2.0,87.53999999999999,91.65165165165163,0.4463822758736003,0.5423841878807396
ENSG00000133131,add_a3.0,87.53999999999999,88.22822822822823,0.4225134251745501,0.523306219013719
ENSG00000133131,add_a4.0,88.02000000000001,87.98798798798799,0.4422788588571454,0.5337260235450381
ENSG00000133131,add_gc_removed_a1.0,65.62,65.04504504504504,0.4965505715017625,0.5468386055786059
ENSG00000133131,add_own,81.4,85.34534534534535,0.375359316688644,0.4746206476986246
ENSG00000133131,random_a1.0,72.06,68.04804804804806,0.4379238329468831,0.4904311185900042
ENSG00000133131,unsteered,75.62,73.57357357357357,0.3631437680018752,0.4301182096487397
ENSG00000133313,add_a0.5,50.06,56.39639639639639,0.1299147407340216,0.1760185719758556
ENSG00000133313,add_a1.0,66.76,72.25225225225225,0.2227958087537175,0.2257050434836878
ENSG00000133313,add_a2.0,77.03999999999999,86.30630630630631,0.3010180504487755,0.2720675437299068
ENSG00000133313,add_a3.0,74.96000000000001,87.68768768768768,0.2309005228284271,0.2172801169185803
ENSG00000133313,add_a4.0,80.94,90.63063063063063,0.3245682377250535,0.2892714479157671
ENSG00000133313,add_gc_removed_a1.0,35.7,33.27327327327328,0.187866751724109,0.2596624095729266
ENSG00000133313,add_own,62.16,74.35435435435436,0.1437199839154322,0.145118428894786
ENSG00000133313,random_a1.0,39.36,39.69969969969971,0.1939731437561051,0.2530719330072735
ENSG00000133313,unsteered,41.6,41.38138138138138,0.1604860686648761,0.2073674590142455
ENSG00000133935,add_a0.5,57.442348008385736,76.47798742138365,0.2299393393381225,0.2467764875810164
ENSG00000133935,add_a1.0,62.38993710691824,82.26415094339623,0.2635840198382538,0.305678114917839
ENSG00000133935,add_a2.0,62.096436058700206,82.26415094339623,0.2389341505966863,0.2676120189285061
ENSG00000133935,add_a3.0,73.24947589098532,85.53459119496856,0.278358424634239,0.3488857091446875
ENSG00000133935,add_a4.0,75.01048218029351,85.28301886792454,0.2997629916779882,0.3495098869328258
ENSG00000133935,add_gc_removed_a1.0,42.096436058700206,50.56603773584906,0.2914109310761749,0.3033583099945426
ENSG00000133935,add_own,68.46960167714886,84.27672955974842,0.2434018284170268,0.3007741532667618
ENSG00000133935,random_a1.0,59.916142557652,80.0,0.222535971497493,0.2662438755190442
ENSG00000133935,unsteered,56.0167714884696,69.68553459119497,0.1921105568126264,0.2239335786998111
ENSG00000134247,add_a0.5,72.17999999999999,89.54954954954954,0.1150594591923499,0.1225875528772701
ENSG00000134247,add_a1.0,73.03999999999999,91.71171171171171,0.128389766393194,0.1364384020314032
ENSG00000134247,add_a2.0,78.6,87.14714714714714,0.1823162351613734,0.2035623798632916
ENSG00000134247,add_a3.0,76.94,94.35435435435436,0.1474230139076025,0.1849126984210408
ENSG00000134247,add_a4.0,79.03625625625625,91.35135135135135,0.1487051303994656,0.1764498868373332
ENSG00000134247,add_gc_removed_a1.0,62.48,75.55555555555556,0.1523196296363308,0.1189686750016153
ENSG00000134247,add_own,75.13445445445446,90.93093093093094,0.1276818035184427,0.145224018964784
ENSG00000134247,random_a1.0,68.9,87.68768768768768,0.096038055011476,0.0829469454345491
ENSG00000134247,unsteered,71.76,89.42942942942942,0.1384473440768832,0.1478807617668716
ENSG00000134440,add_a0.5,50.98,56.87687687687687,0.1641015461827216,0.1452121578133136
ENSG00000134440,add_a1.0,53.5,62.4024024024024,0.0976724127740455,0.0888289789134087
ENSG00000134440,add_a2.0,70.52000000000001,89.42942942942943,0.3101669564074457,0.3165111947953538
ENSG00000134440,add_a3.0,76.94,92.1921921921922,0.4038801784574231,0.40486998447415
ENSG00000134440,add_a4.0,81.28,89.24924924924925,0.4430248803976416,0.44926191394264
ENSG00000134440,add_gc_removed_a1.0,44.0,44.44444444444444,0.068583683990892,0.0531651574801677
ENSG00000134440,add_own,49.48,57.83783783783783,0.0697554996939452,0.0458110623663962
ENSG00000134440,random_a1.0,42.3,44.74474474474475,0.0853016821355761,0.0666730830974435
ENSG00000134440,unsteered,44.84,46.066066066066064,0.0449062865081718,0.0231414813099163
ENSG00000134748,add_a0.5,57.879858657243815,63.03886925795054,0.2341339049146226,0.1447034556851307
ENSG00000134748,add_a1.0,61.93168433451119,83.25088339222614,0.0984093658784268,0.1947170277909993
ENSG00000134748,add_a2.0,70.2944640753828,89.68197879858658,0.182834922741492,0.3695835162797738
ENSG00000134748,add_a3.0,69.2108362779741,89.82332155477032,0.1648852182019765,0.3333524821521363
ENSG00000134748,add_a4.0,78.9399293286219,93.0035335689046,0.2242080510966853,0.4121330580613415
ENSG00000134748,add_gc_removed_a1.0,46.90223792697292,48.40989399293286,0.2953363369585509,0.1094703228021596
ENSG00000134748,add_own,66.9964664310954,86.92579505300354,0.1663238231692381,0.3017582319923876
ENSG00000134748,random_a1.0,49.23439340400471,46.43109540636043,0.35225199924432,0.1671526506735107
ENSG00000134748,unsteered,50.20023557126031,56.18374558303886,0.2151110297405753,0.0516433284946186
ENSG00000134917,add_a0.5,81.38,88.88888888888889,0.2349953696166858,0.243612001029688
ENSG00000134917,add_a1.0,83.96000000000001,94.83483483483482,0.2003969025070895,0.2362215979966258
ENSG00000134917,add_a2.0,86.28,96.6966966966967,0.241209147792269,0.2769646803821839
ENSG00000134917,add_a3.0,87.03999999999999,95.55555555555556,0.2449423691466345,0.2727525170689252
ENSG00000134917,add_a4.0,86.7,95.1951951951952,0.2340472405227716,0.2615705571757725
ENSG00000134917,add_gc_removed_a1.0,77.78,93.993993993994,0.1406853448948603,0.1739579650728435
ENSG00000134917,add_own,87.12,95.6156156156156,0.3280896108835564,0.3500162078764383
ENSG00000134917,random_a1.0,84.2,95.85585585585586,0.2936151099417169,0.3057024509310586
ENSG00000134917,unsteered,84.47999999999999,95.07507507507508,0.2497445349044003,0.2688905975396129
ENSG00000135272,add_a0.5,84.68553459119497,85.0,0.4538741408943904,0.5403951144738652
ENSG00000135272,add_a1.0,83.27044025157232,84.81132075471699,0.4171295607021369,0.5258518334375109
ENSG00000135272,add_a2.0,79.27672955974842,78.67924528301887,0.3941341683625249,0.4803001228721039
ENSG00000135272,add_a3.0,88.27044025157232,85.9433962264151,0.4946768323693287,0.6070328234261281
ENSG00000135272,add_a4.0,87.32704402515724,86.60377358490567,0.4347503349348406,0.5395559394956917
ENSG00000135272,add_gc_removed_a1.0,66.85534591194968,66.79245283018868,0.2801206078740441,0.3343309347415443
ENSG00000135272,add_own,85.18867924528301,82.16981132075472,0.4785716984483056,0.5700674685970932
ENSG00000135272,random_a1.0,77.9874213836478,79.81132075471699,0.3512734800123919,0.453208737744129
ENSG00000135272,unsteered,77.04402515723271,76.50943396226415,0.3810309525281465,0.4584222276982181
ENSG00000135374,add_a0.5,55.43689320388349,59.22330097087379,0.243421117283171,0.2438337344591501
ENSG00000135374,add_a1.0,63.68932038834952,83.59223300970874,0.2975723812551243,0.2845767086380017
ENSG00000135374,add_a2.0,71.32686084142395,92.71844660194174,0.3908903654618575,0.363554744333627
ENSG00000135374,add_a3.0,77.92880258899677,86.01941747572815,0.4157698763232479,0.4090841611607181
ENSG00000135374,add_a4.0,79.90291262135922,83.3009708737864,0.4303193894016284,0.4379457109227739
ENSG00000135374,add_gc_removed_a1.0,46.05177993527508,49.51456310679612,0.1556441215995449,0.1558827404890594
ENSG00000135374,add_own,53.915857605178,59.51456310679612,0.1906306697584103,0.1913766680417768
ENSG00000135374,random_a1.0,54.271844660194176,67.76699029126215,0.2246715923301403,0.2283565914304635
ENSG00000135374,unsteered,54.14239482200647,59.90291262135922,0.3610723009817567,0.3612565454633222
ENSG00000135409,add_a0.5,65.38,65.1051051051051,0.2311831660239605,0.2017714743119081
ENSG00000135409,add_a1.0,76.0,79.3993993993994,0.1791791117875293,0.223564687328887
ENSG00000135409,add_a2.0,81.6,81.26126126126125,0.1663797305271159,0.2701326830699974
ENSG00000135409,add_a3.0,86.36,87.92792792792793,0.186237228586208,0.3570650352082555
ENSG00000135409,add_a4.0,88.22,87.38738738738739,0.2262970912431165,0.3943080127922786
ENSG00000135409,add_gc_removed_a1.0,62.17999999999999,62.4024024024024,0.2887599837127875,0.2359860152754635
ENSG00000135409,add_own,72.26,72.31231231231232,0.2377346828558776,0.2695537855569733
ENSG00000135409,random_a1.0,68.66,74.71471471471472,0.3025730844971098,0.306231371195809
ENSG00000135409,unsteered,61.44,61.92192192192192,0.2742998233550791,0.2069243715274115
ENSG00000135541,add_a0.5,39.5,35.97597597597597,0.1927275860385837,0.2065463717245551
ENSG00000135541,add_a1.0,52.9,56.93693693693693,0.2328298131272859,0.2892586154692983
ENSG00000135541,add_a2.0,65.12,73.69369369369369,0.3546844754298338,0.4131151116271129
ENSG00000135541,add_a3.0,79.7,89.36936936936937,0.5144022628983955,0.5636115725438586
ENSG00000135541,add_a4.0,84.56,89.9099099099099,0.5783595116223685,0.628038997865677
ENSG00000135541,add_gc_removed_a1.0,33.92,30.21021021021021,0.1228089539689844,0.1349855606535906
ENSG00000135541,add_own,41.44,41.68168168168168,0.1387565763879548,0.1631672091331879
ENSG00000135541,random_a1.0,31.54,32.972972972972975,0.1822998940156366,0.1867934695551509
ENSG00000135541,unsteered,34.14,26.726726726726724,0.1224982768113309,0.1471014099374948
ENSG00000135587,add_a0.5,68.66,89.72972972972973,0.1468320298610256,0.1964319894898167
ENSG00000135587,add_a1.0,70.8,93.93393393393391,0.2109660055886373,0.2718638020604608
ENSG00000135587,add_a2.0,73.7,97.47747747747748,0.196330230881729,0.2704754785490711
ENSG00000135587,add_a3.0,79.97999999999999,97.05705705705704,0.2181829436216253,0.3097586395770823
ENSG00000135587,add_a4.0,82.02000000000001,97.23723723723722,0.2620755734878375,0.3375743406410527
ENSG00000135587,add_gc_removed_a1.0,63.89141141141141,90.93093093093094,0.1717247976055346,0.2114897661801641
ENSG00000135587,add_own,74.28,98.37837837837836,0.1819192666069522,0.2647401611898943
ENSG00000135587,random_a1.0,69.14,91.23123123123123,0.1618978153685016,0.2200962940709362
ENSG00000135587,unsteered,67.6122922922923,83.48348348348348,0.1923903709195107,0.2094569832120567
ENSG00000135686,add_a0.5,69.92,89.84984984984985,0.1707890371299322,0.1615340764557204
ENSG00000135686,add_a1.0,72.24,98.61861861861864,0.113026613495189,0.1023393640980255
ENSG00000135686,add_a2.0,76.7,97.83783783783784,0.1410714883796734,0.1481927490654246
ENSG00000135686,add_a3.0,76.14,96.996996996997,0.1382511701020617,0.1597738936766203
ENSG00000135686,add_a4.0,79.36,93.33333333333331,0.1762875145550626,0.2026655381921224
ENSG00000135686,add_gc_removed_a1.0,61.220000000000006,91.29129129129127,0.0837656256697589,0.0896268081405979
ENSG00000135686,add_own,72.38,97.35735735735736,0.1059920507719514,0.1048980083308401
ENSG00000135686,random_a1.0,69.17999999999999,99.33933933933932,0.1129070595329611,0.0940459193241861
ENSG00000135686,unsteered,70.64,92.97297297297295,0.1278103985510313,0.1102296990812781
ENSG00000136021,add_a0.5,41.44,39.03903903903904,0.11454391897475,0.1124907150988002
ENSG00000136021,add_a1.0,38.1,30.57057057057057,0.0916091996751485,0.0836027347959616
ENSG00000136021,add_a2.0,54.64,58.1981981981982,0.17589821459967,0.2026464872547869
ENSG00000136021,add_a3.0,72.3,80.96096096096096,0.3837299221219559,0.4298654238225051
ENSG00000136021,add_a4.0,80.36,89.9099099099099,0.4824245377315823,0.5386933991370995
ENSG00000136021,add_gc_removed_a1.0,38.16,28.10810810810811,0.0932881603332444,0.084656680979985
ENSG00000136021,add_own,48.3,48.768768768768766,0.1715309605343334,0.1804067176471289
ENSG00000136021,random_a1.0,31.84573146292585,26.066066066066064,0.1337165795108841,0.1209802553619268
ENSG00000136021,unsteered,36.42,32.13213213213213,0.1254977360619935,0.117806719622248
ENSG00000136068,add_a0.5,63.2,83.18318318318317,0.2240095391652895,0.1680150587794042
ENSG00000136068,add_a1.0,59.28,70.69069069069069,0.2548229817428261,0.2222449276980878
ENSG00000136068,add_a2.0,67.8,96.996996996997,0.318378910914919,0.2243987305672669
ENSG00000136068,add_a3.0,69.96000000000001,92.79279279279278,0.2914370930721863,0.2068790391071185
ENSG00000136068,add_a4.0,74.4,95.13513513513512,0.3223614661972258,0.2339746416164216
ENSG00000136068,add_gc_removed_a1.0,49.48,67.68768768768768,0.1962274153130287,0.1865860025668266
ENSG00000136068,add_own,65.2,77.7177177177177,0.2529262000029548,0.2050208992659223
ENSG00000136068,random_a1.0,59.98,79.27927927927928,0.2313766069155339,0.1701303213462083
ENSG00000136068,unsteered,56.16,74.95495495495496,0.17346492995446,0.1346674744186562
ENSG00000136114,add_a0.5,37.5,36.93693693693693,0.2291768520655575,0.1782361483441169
ENSG00000136114,add_a1.0,44.28,41.98198198198198,0.2177633686800762,0.162179538598799
ENSG00000136114,add_a2.0,52.58,54.5945945945946,0.2362118819076162,0.2204621351017182
ENSG00000136114,add_a3.0,71.08,69.36936936936937,0.210025880019146,0.2817218405847716
ENSG00000136114,add_a4.0,83.52000000000001,80.18018018018019,0.3080971795333443,0.4295217438545185
ENSG00000136114,add_gc_removed_a1.0,33.9,31.53153153153153,0.2513461145446394,0.1946505925181538
ENSG00000136114,add_own,50.3,43.78378378378378,0.2002507461741397,0.2070800683614748
ENSG00000136114,random_a1.0,35.44,32.072072072072075,0.3407423827780679,0.3008180135578187
ENSG00000136114,unsteered,35.34,31.111111111111114,0.2582503270776685,0.1940959597575082
ENSG00000136235,add_a0.5,47.42,48.288288288288285,0.2252464451391209,0.2100159040885463
ENSG00000136235,add_a1.0,60.78,63.66366366366367,0.2513314268199856,0.2119054931144397
ENSG00000136235,add_a2.0,70.22,83.84384384384384,0.3397062578643227,0.3107613053535883
ENSG00000136235,add_a3.0,76.8,75.25525525525526,0.379342706171674,0.3462692209472062
ENSG00000136235,add_a4.0,81.06,86.24624624624624,0.4471629370659387,0.4068864385992711
ENSG00000136235,add_gc_removed_a1.0,37.88,34.95495495495496,0.1954602875556618,0.1986323332039411
ENSG00000136235,add_own,55.34,58.258258258258266,0.2219843980215197,0.2083321629086617
ENSG00000136235,random_a1.0,38.58,33.993993993994,0.2181615560660438,0.2226457545371339
ENSG00000136235,unsteered,37.16,36.75675675675676,0.2909050047072241,0.2772008037956077
ENSG00000136297,add_a0.5,63.31797235023041,85.71428571428571,0.1842658089634437,0.1302659565780893
ENSG00000136297,add_a1.0,68.2642089093702,82.85714285714286,0.259676085461833,0.2113953389098011
ENSG00000136297,add_a2.0,72.5652841781874,90.78341013824884,0.313659708320044,0.2360122275341193
ENSG00000136297,add_a3.0,80.43010752688171,89.12442396313364,0.4065325348699178,0.3487093101515815
ENSG00000136297,add_a4.0,84.0552995391705,90.87557603686636,0.4571562170598951,0.4025018923332729
ENSG00000136297,add_gc_removed_a1.0,62.94930875576036,72.25806451612904,0.3213454829312031,0.2759255878353369
ENSG00000136297,add_own,74.77726574500768,83.87096774193549,0.4091955904758513,0.3588582361688822
ENSG00000136297,random_a1.0,72.47311827956989,76.6820276497696,0.2911010564984583,0.2684699569222279
ENSG00000136297,unsteered,67.55760368663594,70.96774193548387,0.2733824822733647,0.2633330496384154
ENSG00000136709,add_a0.5,56.34,55.49549549549549,0.2354149355611663,0.2527672153437145
ENSG00000136709,add_a1.0,51.4,55.25525525525525,0.15947407924064,0.1741747719917941
ENSG00000136709,add_a2.0,75.52000000000001,84.62462462462463,0.353262899095726,0.4007586904274918
ENSG00000136709,add_a3.0,82.64,86.78678678678679,0.4303546573011216,0.470686807999699
ENSG00000136709,add_a4.0,87.5,88.16816816816817,0.4824585825925236,0.5188106872873097
ENSG00000136709,add_gc_removed_a1.0,34.62,28.228228228228225,0.1657413900139018,0.1344021496432091
ENSG00000136709,add_own,52.88,54.47447447447448,0.1681936870091329,0.1914552980213674
ENSG00000136709,random_a1.0,52.04,45.76576576576576,0.1816135431327772,0.1852825515371184
ENSG00000136709,unsteered,39.4,38.13813813813814,0.0954132234038292,0.0865246381632885
ENSG00000136933,add_a0.5,58.39009287925696,64.08668730650155,0.1142267378212152,0.0989888288486739
ENSG00000136933,add_a1.0,60.14447884416925,67.05882352941175,0.1616008224639162,0.1457968541268771
ENSG00000136933,add_a2.0,71.8266253869969,78.69969040247678,0.2167410502282694,0.2422294047561245
ENSG00000136933,add_a3.0,83.87596056256344,87.73993808049536,0.3685502307777247,0.4327718186993109
ENSG00000136933,add_a4.0,84.6233230134159,90.15479876160992,0.364195372518915,0.4432039102731979
ENSG00000136933,add_gc_removed_a1.0,44.726522187822496,44.58204334365325,0.117519122441964,0.0956194575399567
ENSG00000136933,add_own,56.4499484004128,64.02476780185759,0.1199366100235116,0.1257876426139296
ENSG00000136933,random_a1.0,55.47298910864911,57.1517027863777,0.133036346863385,0.1048226324692464
ENSG00000136933,unsteered,51.53766769865841,52.13622291021672,0.1242764720734486,0.1017777292188635
ENSG00000137478,add_a0.5,50.14,60.06006006006006,0.1292608341136497,0.1438201665003004
ENSG00000137478,add_a1.0,50.24,61.8018018018018,0.1010243121940049,0.127620356155952
ENSG00000137478,add_a2.0,65.82000000000001,73.75375375375376,0.2349238154104094,0.3194680906399301
ENSG00000137478,add_a3.0,73.84,84.92492492492492,0.2612214793894879,0.3995374634041892
ENSG00000137478,add_a4.0,78.86,92.37237237237238,0.326802306186493,0.482835939357612
ENSG00000137478,add_gc_removed_a1.0,36.22,34.65465465465466,0.1895855492835963,0.087698569249469
ENSG00000137478,add_own,55.0,63.3033033033033,0.1940217678636108,0.2313735522280772
ENSG00000137478,random_a1.0,37.94,40.0,0.1711641928716116,0.077653464893671
ENSG00000137478,unsteered,44.3,43.96396396396396,0.1285772059079765,0.0503950403731169
ENSG00000137868,add_a0.5,73.03999999999999,86.06606606606606,0.2910858986976271,0.2348913416376795
ENSG00000137868,add_a1.0,81.86,90.69069069069069,0.3578934160711592,0.3131121655071679
ENSG00000137868,add_a2.0,80.03999999999999,96.45645645645644,0.341959007266614,0.2920569450554303
ENSG00000137868,add_a3.0,85.44,92.7927927927928,0.4130412025194601,0.3715306087890791
ENSG00000137868,add_a4.0,87.53999999999999,94.47447447447448,0.4360460328585256,0.3803114582146241
ENSG00000137868,add_gc_removed_a1.0,59.46,72.37237237237237,0.1600491573811757,0.1608985624550447
ENSG00000137868,add_own,76.6,97.05705705705704,0.3247461691929793,0.2511090166632049
ENSG00000137868,random_a1.0,64.16,68.16816816816817,0.2369178139711583,0.2316664085219995
ENSG00000137868,unsteered,66.6501101101101,81.68168168168168,0.2525953871361171,0.2362354650452091
ENSG00000138075,add_a0.5,72.0,78.85885885885885,0.1879032938491425,0.2303581050631549
ENSG00000138075,add_a1.0,79.05999999999999,82.34234234234233,0.2860862840212059,0.3474638301769136
ENSG00000138075,add_a2.0,85.8,91.5915915915916,0.3334966528853501,0.4301908047341059
ENSG00000138075,add_a3.0,86.0,87.08708708708708,0.2917408995328733,0.3699314123944139
ENSG00000138075,add_a4.0,88.4,88.94894894894895,0.3373401926250151,0.4258722363131954
ENSG00000138075,add_gc_removed_a1.0,73.14,78.7987987987988,0.3750275494735096,0.4196104048049511
ENSG00000138075,add_own,86.53999999999999,88.64864864864865,0.3190050960111177,0.4090954057306681
ENSG00000138075,random_a1.0,74.28,84.38438438438439,0.3719951392145811,0.4013090452142577
ENSG00000138075,unsteered,70.96000000000001,73.45345345345345,0.2314716027622844,0.2567183720726461
ENSG00000138083,add_a0.5,58.35393472230472,54.74713806717854,0.3166517393408838,0.3020365159576722
ENSG00000138083,add_a1.0,68.40670859538784,73.64779874213836,0.3779806535033061,0.3909182851842466
ENSG00000138083,add_a2.0,73.83647798742138,76.98113207547169,0.2855818468696935,0.2720860130672132
ENSG00000138083,add_a3.0,81.55136268343816,89.37106918238995,0.2787136072443125,0.2694826803508171
ENSG00000138083,add_a4.0,82.76729559748428,89.0566037735849,0.2587691152021033,0.2589366424807889
ENSG00000138083,add_gc_removed_a1.0,44.44444444444444,45.78616352201258,0.4179707371846771,0.4103917847650623
ENSG00000138083,add_own,63.81551362683437,67.86163522012579,0.3619706930938404,0.3427713748886377
ENSG00000138083,random_a1.0,46.45702306079664,50.69182389937107,0.4007287984057882,0.3876187608743449
ENSG00000138083,unsteered,50.67085953878407,49.937106918239,0.4009389450583854,0.3903285849185965
ENSG00000138439,add_a0.5,78.76,90.2102102102102,0.2247342704034375,0.2769380305674923
ENSG00000138439,add_a1.0,85.52000000000001,91.71171171171171,0.2976060093047665,0.3450330670029558
ENSG00000138439,add_a2.0,86.22,84.74474474474474,0.310227439157711,0.3445953880558554
ENSG00000138439,add_a3.0,88.67999999999999,95.91591591591592,0.3310001608598013,0.379254501379861
ENSG00000138439,add_a4.0,90.4,92.43243243243244,0.325292518853481,0.3547514562816287
ENSG00000138439,add_gc_removed_a1.0,78.0,76.15615615615616,0.3271165017117731,0.3383720043443773
ENSG00000138439,add_own,82.93307307307307,82.82282282282283,0.3795476512811858,0.3861592404132219
ENSG00000138439,random_a1.0,71.16,84.02402402402402,0.5060558682801959,0.5072596262899834
ENSG00000138439,unsteered,68.02000000000001,92.67267267267268,0.3114620026736693,0.3578818075027406
ENSG00000138495,add_a0.5,52.43055555555556,69.09722222222223,0.5167778604243959,0.6140263412708011
ENSG00000138495,add_a1.0,55.208333333333336,72.91666666666667,0.5901998775465488,0.685835300126255
ENSG00000138495,add_a2.0,57.17592592592592,76.38888888888889,0.515277884788128,0.6428065780951268
ENSG00000138495,add_a3.0,60.06944444444444,81.59722222222221,0.4937221643194329,0.6394306630902181
ENSG00000138495,add_a4.0,62.84722222222222,76.38888888888889,0.5595342153171969,0.7122073045896259
ENSG00000138495,add_gc_removed_a1.0,49.65277777777778,67.36111111111111,0.5465418307236815,0.6343083104847064
ENSG00000138495,add_own,53.24074074074074,69.79166666666667,0.4733243172502697,0.579502158694146
ENSG00000138495,random_a1.0,53.00925925925926,65.97222222222223,0.5832434852752135,0.670532561200978
ENSG00000138495,unsteered,51.388888888888886,62.5,0.5605503682192906,0.6398027950349563
ENSG00000140368,add_a0.5,67.2,81.26126126126125,0.2342865537998142,0.1577209284548698
ENSG00000140368,add_a1.0,71.6,87.26726726726727,0.2492418112404097,0.1642108366543886
ENSG00000140368,add_a2.0,76.66,90.27027027027027,0.3109999518581954,0.2129335040804317
ENSG00000140368,add_a3.0,85.88,95.015015015015,0.4250896619911831,0.3128157896365403
ENSG00000140368,add_a4.0,79.94,91.8918918918919,0.3276019392187258,0.2345490474573657
ENSG00000140368,add_gc_removed_a1.0,63.220000000000006,72.43243243243244,0.1764657133665947,0.146967429111209
ENSG00000140368,add_own,77.22,82.4024024024024,0.3244617613228687,0.2599850351934035
ENSG00000140368,random_a1.0,63.74,85.52552552552552,0.2348231867168813,0.1622836965101539
ENSG00000140368,unsteered,59.66,74.83483483483482,0.1485053124540268,0.0909281810489123
ENSG00000140563,add_a0.5,50.46,51.231231231231234,0.2500672127601293,0.2399371615156776
ENSG00000140563,add_a1.0,59.56,68.46846846846847,0.2277793295103251,0.1895115754353702
ENSG00000140563,add_a2.0,76.2,82.16216216216216,0.4080341209654916,0.3383666808047852
ENSG00000140563,add_a3.0,86.34,89.48948948948949,0.5318003603928201,0.4518729689501775
ENSG00000140563,add_a4.0,87.24,90.8108108108108,0.5218847812893218,0.4582131120537581
ENSG00000140563,add_gc_removed_a1.0,44.12,43.96396396396396,0.1948909333332605,0.2037315003723798
ENSG00000140563,add_own,55.78,51.17117117117117,0.2620555226679672,0.2399974254591752
ENSG00000140563,random_a1.0,31.7,36.03603603603604,0.2916846541589816,0.3196427733272047
ENSG00000140563,unsteered,47.66,44.2042042042042,0.2967774860002977,0.284154267742726
ENSG00000140740,add_a0.5,62.760000000000005,62.52252252252252,0.2920065351818804,0.3048569608027346
ENSG00000140740,add_a1.0,65.17999999999999,67.44744744744744,0.3206165019840283,0.3305632970992629
ENSG00000140740,add_a2.0,63.20718718718719,69.48948948948949,0.3043320171049245,0.324323456965096
ENSG00000140740,add_a3.0,83.7,84.98498498498498,0.4153733448927304,0.4666546051057278
ENSG00000140740,add_a4.0,80.08,86.24624624624624,0.3610268237715434,0.4135527924770523
ENSG00000140740,add_gc_removed_a1.0,44.9,35.1951951951952,0.2652472031616623,0.2546967873232394
ENSG00000140740,add_own,54.56,56.336336336336345,0.1940184773226236,0.2016345764633659
ENSG00000140740,random_a1.0,60.67999999999999,53.693693693693696,0.3913206513146602,0.4137938090378378
ENSG00000140740,unsteered,35.22,28.82882882882883,0.3406340743299453,0.332484043059961
ENSG00000140931,add_a0.5,54.78036175710595,72.86821705426357,0.2920729579950675,0.280344212270338
ENSG00000140931,add_a1.0,69.45736434108527,93.95348837209302,0.3482662813182863,0.2720859369593836
ENSG00000140931,add_a2.0,78.03617571059432,92.4031007751938,0.4214617756344586,0.3520994464251562
ENSG00000140931,add_a3.0,81.24031007751938,95.34883720930232,0.4408210540701824,0.385988169375947
ENSG00000140931,add_a4.0,78.29457364341086,91.47286821705426,0.4200812995052551,0.3651433730975963
ENSG00000140931,add_gc_removed_a1.0,56.640826873385016,74.72868217054263,0.2408349679385771,0.2240789835166387
ENSG00000140931,add_own,72.76485788113695,90.85271317829458,0.3684849479403363,0.3007495389428234
ENSG00000140931,random_a1.0,62.7390180878553,75.1937984496124,0.327812534570551,0.2689764992323598
ENSG00000140931,unsteered,66.82170542635659,85.89147286821705,0.3117782877372586,0.2560133436919647
ENSG00000140968,add_a0.5,50.48,58.37837837837837,0.2265123268367784,0.2384286155193886
ENSG00000140968,add_a1.0,63.67999999999999,71.05105105105105,0.2146611264398727,0.1874588830250302
ENSG00000140968,add_a2.0,76.6,93.87387387387386,0.3275730614893958,0.2178648407876126
ENSG00000140968,add_a3.0,77.3,87.92792792792793,0.3211860712151909,0.231163370490508
ENSG00000140968,add_a4.0,77.4,93.2132132132132,0.330518548279435,0.232146774719341
ENSG00000140968,add_gc_removed_a1.0,43.96,43.66366366366366,0.1258664494500914,0.2065041555676945
ENSG00000140968,add_own,57.3,70.0900900900901,0.1384601126627819,0.1251759800198088
ENSG00000140968,random_a1.0,49.54,56.75675675675676,0.1090364178746882,0.1580443726547183
ENSG00000140968,unsteered,52.94,57.65765765765766,0.1361608632529657,0.158699058242231
ENSG00000141030,add_a0.5,50.120000000000005,60.24024024024025,0.1022436233277032,0.1054536635232775
ENSG00000141030,add_a1.0,68.47999999999999,92.67267267267268,0.3610686069464103,0.3550914953081349
ENSG00000141030,add_a2.0,67.8,95.6156156156156,0.3674413949453693,0.3643067736891451
ENSG00000141030,add_a3.0,71.17999999999999,94.83483483483482,0.3880665330195061,0.3895838126896714
ENSG00000141030,add_a4.0,86.42,94.29429429429428,0.535606936284062,0.5253953381424835
ENSG00000141030,add_gc_removed_a1.0,47.36,56.33633633633633,0.0702196601697236,0.0747642266115987
ENSG00000141030,add_own,64.17999999999999,93.45345345345343,0.3441201580933183,0.3367066101468795
ENSG00000141030,random_a1.0,43.78,47.327327327327325,0.0578021987020541,0.0543320953687951
ENSG00000141030,unsteered,57.86,62.34234234234234,0.2102481920268317,0.2016555262837234
ENSG00000141873,add_a0.5,61.45905747976499,60.8421052631579,0.3019380857194154,0.33516096469301
ENSG00000141873,add_a1.0,72.7251461988304,94.10526315789474,0.190702791908264,0.1642491080138199
ENSG00000141873,add_a2.0,76.76615034854896,85.6140350877193,0.280368974946493,0.2700895752621671
ENSG00000141873,add_a3.0,75.3216374269006,92.56140350877192,0.1750733757409321,0.177577899828527
ENSG00000141873,add_a4.0,78.08187134502924,92.35087719298244,0.2067700147486655,0.191804832759488
ENSG00000141873,add_gc_removed_a1.0,62.3859649122807,75.9298245614035,0.1782599138982187,0.2157156523536287
ENSG00000141873,add_own,70.3859649122807,84.49122807017544,0.2008788234214787,0.2006644421177669
ENSG00000141873,random_a1.0,70.4093567251462,78.24561403508771,0.2832620264842984,0.2776706608534427
ENSG00000141873,unsteered,61.16959064327487,67.43859649122808,0.2414049779245584,0.2662289146061428
ENSG00000142751,add_a0.5,79.62848297213623,95.47987616099071,0.1644275595575731,0.2438285275415332
ENSG00000142751,add_a1.0,79.54592363261095,97.15170278637773,0.1921797605751141,0.2723317787044876
ENSG00000142751,add_a2.0,81.40350877192984,96.78018575851394,0.1962665216629476,0.2902605518776672
ENSG00000142751,add_a3.0,81.42414860681114,97.83281733746132,0.1970092398931823,0.2914170446186013
ENSG00000142751,add_a4.0,82.78637770897834,96.3467492260062,0.1916213062624921,0.2823583884816725
ENSG00000142751,add_gc_removed_a1.0,73.70485036119712,92.81733746130033,0.1449161989964328,0.207023787610534
ENSG00000142751,add_own,78.7203302373581,97.3374613003096,0.139861374358465,0.2188633933919016
ENSG00000142751,random_a1.0,75.91331269349845,97.64705882352942,0.1415422619861565,0.2149904246629813
ENSG00000142751,unsteered,79.2156862745098,97.3374613003096,0.175724657275949,0.2617316579776141
ENSG00000143155,add_a0.5,70.95404919460972,91.42857142857142,0.2660839471092547,0.4905500275948391
ENSG00000143155,add_a1.0,75.31972789115646,94.36734693877553,0.3132788719711291,0.5424959913926006
ENSG00000143155,add_a2.0,75.91836734693877,97.71428571428572,0.2950802666935871,0.5380061703165304
ENSG00000143155,add_a3.0,75.29251700680273,91.26530612244898,0.2961458740807347,0.5022161138012351
ENSG00000143155,add_a4.0,81.55102040816327,95.0204081632653,0.3478242306267203,0.5725225689205984
ENSG00000143155,add_gc_removed_a1.0,63.33318504513522,77.14285714285714,0.2413917063420593,0.3783170626737311
ENSG00000143155,add_own,76.68027210884354,97.14285714285714,0.3142368570989043,0.5489267345967275
ENSG00000143155,random_a1.0,69.3061224489796,84.9795918367347,0.3562885520076341,0.5522545168815146
ENSG00000143155,unsteered,74.30202598750672,89.14285714285714,0.3366566096413618,0.5136397634370555
ENSG00000143321,add_a0.5,66.14886731391586,90.29126213592232,0.1480902003756477,0.2004480726784381
ENSG00000143321,add_a1.0,67.63754045307444,91.26213592233007,0.1214618952140043,0.2073060813301121
ENSG00000143321,add_a2.0,73.75404530744336,94.36893203883496,0.1425827216762717,0.2505751093919327
ENSG00000143321,add_a3.0,77.41100323624596,95.33980582524272,0.1892472627992744,0.3058829323728941
ENSG00000143321,add_a4.0,80.64724919093851,96.79611650485438,0.2002826060120626,0.353842236009607
ENSG00000143321,add_gc_removed_a1.0,60.09708737864078,75.24271844660194,0.163110967693254,0.1621069573998208
ENSG00000143321,add_own,72.00647249190938,91.06796116504854,0.1596135910255199,0.2454439820623913
ENSG00000143321,random_a1.0,62.49190938511326,87.18446601941747,0.1466061382377164,0.1849103068681926
ENSG00000143321,unsteered,60.29126213592233,84.36893203883496,0.1652939880333414,0.2048181296650212
ENSG00000143479,add_a0.5,56.06,62.52252252252252,0.1659549754671267,0.1421636926496814
ENSG00000143479,add_a1.0,62.1,69.009009009009,0.183538386737884,0.2064674563904721
ENSG00000143479,add_a2.0,72.08,84.98498498498499,0.2010839752301257,0.3584863470982502
ENSG00000143479,add_a3.0,77.62,90.51051051051051,0.1967536401175911,0.3811674173970542
ENSG00000143479,add_a4.0,86.26,89.4894894894895,0.331602512118742,0.4866492407068927
ENSG00000143479,add_gc_removed_a1.0,37.06,33.57357357357357,0.3404973552970184,0.1164847722533882
ENSG00000143479,add_own,63.620000000000005,68.64864864864865,0.1984545653938524,0.2223001352612463
ENSG00000143479,random_a1.0,47.78,49.729729729729726,0.2823291387484429,0.1726489061239735
ENSG00000143479,unsteered,40.86,39.21921921921922,0.3042672203546919,0.1423155858580876
ENSG00000143502,add_a0.5,69.36708860759494,78.10126582278481,0.23628672595389,0.2362403549177822
ENSG00000143502,add_a1.0,72.0886075949367,84.17721518987341,0.3463081600163862,0.3653683451707087
ENSG00000143502,add_a2.0,70.13622855207873,67.72151898734178,0.2584561653755013,0.2747021712357807
ENSG00000143502,add_a3.0,82.78481012658229,94.81012658227849,0.3509596480202078,0.384099323150098
ENSG00000143502,add_a4.0,83.54430379746836,87.72151898734177,0.352265782238059,0.3806056440111533
ENSG00000143502,add_gc_removed_a1.0,54.957805907173,59.55696202531645,0.2239054658757768,0.2236013099502456
ENSG00000143502,add_own,68.60759493670886,78.10126582278481,0.3095593886046793,0.3219018070266024
ENSG00000143502,random_a1.0,55.28205882221895,54.936708860759495,0.2394937923447101,0.2526521464396351
ENSG00000143502,unsteered,62.55274261603376,74.62025316455696,0.2357799609955617,0.2166579878774717
ENSG00000143653,add_a0.5,69.03999999999999,71.41141141141142,0.2677676237913523,0.2757080188557612
ENSG00000143653,add_a1.0,84.66,94.53453453453452,0.5177976541636745,0.5317827570635465
ENSG00000143653,add_a2.0,78.58,93.51351351351352,0.4020146283459384,0.4243787455251562
ENSG00000143653,add_a3.0,81.94,91.29129129129127,0.431072340238368,0.4526332789679728
ENSG00000143653,add_a4.0,80.72,97.47747747747748,0.4619311840772441,0.4809319502321887
ENSG00000143653,add_gc_removed_a1.0,71.1,72.31231231231232,0.2877267148225356,0.2957743530469329
ENSG00000143653,add_own,84.7,93.75375375375374,0.4930114561822648,0.5184788405959331
ENSG00000143653,random_a1.0,72.7,81.26126126126125,0.4769488511778877,0.485730007163453
ENSG00000143653,unsteered,76.3,78.25825825825825,0.3514011262754516,0.3671602262534225
ENSG00000143819,add_a0.5,55.88,72.01201201201202,0.0770125885183044,0.0608345653712967
ENSG00000143819,add_a1.0,66.28,86.96696696696696,0.1663860149987002,0.1410922446575112
ENSG00000143819,add_a2.0,73.67999999999999,92.07207207207207,0.2500421239785148,0.2178821551023055
ENSG00000143819,add_a3.0,76.67999999999999,94.65465465465464,0.2503663088684538,0.2371013292914917
ENSG00000143819,add_a4.0,76.8,94.83483483483482,0.2758780918979362,0.2622041572785886
ENSG00000143819,add_gc_removed_a1.0,50.74,61.14114114114115,0.091268608294249,0.0927301515311133
ENSG00000143819,add_own,59.64,77.8978978978979,0.1050481058030912,0.0939245301992609
ENSG00000143819,random_a1.0,51.7,66.36636636636636,0.1420034063011648,0.135062983741857
ENSG00000143819,unsteered,52.24,66.96696696696696,0.0495451112646258,0.0467583093683752
ENSG00000144115,add_a0.5,59.120000000000005,62.52252252252252,0.2585569518999815,0.241511071771226
ENSG00000144115,add_a1.0,56.82000000000001,54.77477477477478,0.422544774313945,0.3847287549764036
ENSG00000144115,add_a2.0,80.62,83.6036036036036,0.3852129632233197,0.4465132063369964
ENSG00000144115,add_a3.0,85.84,86.42642642642643,0.3822585588181452,0.4380033364958287
ENSG00000144115,add_a4.0,83.42,84.50450450450451,0.3695911697111862,0.4445577680414105
ENSG00000144115,add_gc_removed_a1.0,36.44,36.63663663663664,0.2826939097091709,0.2068267590583478
ENSG00000144115,add_own,61.06,65.76576576576576,0.3080425744769327,0.3231135857197692
ENSG00000144115,random_a1.0,45.12,45.28528528528528,0.377542974509295,0.3516780737660425
ENSG00000144115,unsteered,47.5,45.4054054054054,0.3918463932921814,0.2988633558078694
ENSG00000144233,add_a0.5,59.09845788849348,68.04270462633453,0.1271533187975116,0.1420635993582479
ENSG00000144233,add_a1.0,58.078291814946624,68.68327402135232,0.1469227596452001,0.1601427684356316
ENSG00000144233,add_a2.0,71.60142348754448,78.64768683274022,0.224172851757713,0.24094806501055
ENSG00000144233,add_a3.0,78.41043890865954,89.9644128113879,0.2896388152424283,0.3144677753825017
ENSG00000144233,add_a4.0,85.88374851720047,88.82562277580071,0.3885011519290257,0.4069609686062095
ENSG00000144233,add_gc_removed_a1.0,52.76393831553973,42.27758007117438,0.1723471529322884,0.1564746970034529
ENSG00000144233,add_own,62.44365361803084,71.67259786476868,0.1748915965387261,0.1907101741256138
ENSG00000144233,random_a1.0,56.59340721267502,58.93238434163701,0.1868170223029171,0.1878405825074711
ENSG00000144233,unsteered,57.87781450142715,60.711743772242,0.1300004515320949,0.134734397549198
ENSG00000144426,add_a0.5,43.52,45.4054054054054,0.1297489215480868,0.1132779841198782
ENSG00000144426,add_a1.0,54.54,64.92492492492492,0.1418053673963097,0.2155459310848672
ENSG00000144426,add_a2.0,60.98,72.79279279279278,0.1908694020884238,0.2800930762630308
ENSG00000144426,add_a3.0,78.92,91.8918918918919,0.353823295761052,0.520046471880172
ENSG00000144426,add_a4.0,81.35999999999999,88.94894894894894,0.3751149207890756,0.5240640103145886
ENSG00000144426,add_gc_removed_a1.0,41.0,36.51651651651652,0.1337896729144984,0.0819601757612461
ENSG00000144426,add_own,64.78,80.78078078078077,0.1776268618390734,0.3150241558682951
ENSG00000144426,random_a1.0,41.16,41.44144144144144,0.1295420229000968,0.0908878667184276
ENSG00000144426,unsteered,39.1,36.45645645645646,0.1568114547147017,0.1103441421056714
ENSG00000144488,add_a0.5,80.52822822822823,86.15796519410978,0.2111927985986838,0.1867877195592159
ENSG00000144488,add_a1.0,81.36,92.97297297297295,0.2172052007989568,0.1706618783249751
ENSG00000144488,add_a2.0,85.1,98.13813813813812,0.2849070982561325,0.2583223720398878
ENSG00000144488,add_a3.0,82.44,95.43543543543544,0.236057860406964,0.2148584776446127
ENSG00000144488,add_a4.0,82.44,86.36636636636636,0.2973208472350547,0.275078072649306
ENSG00000144488,add_gc_removed_a1.0,77.8,93.63363363363364,0.2023680402149138,0.1658904359179514
ENSG00000144488,add_own,83.7,97.4174174174174,0.2470743064878418,0.2096391240910917
ENSG00000144488,random_a1.0,71.84,82.82282282282281,0.1820266275666512,0.1544306963129359
ENSG00000144488,unsteered,76.32000000000001,87.32732732732732,0.1770237384904276,0.1366004457644622
ENSG00000144644,add_a0.5,40.14,36.21621621621622,0.1710104368887234,0.1561286792963983
ENSG00000144644,add_a1.0,36.88,36.0960960960961,0.1363481872461894,0.1247445732297507
ENSG00000144644,add_a2.0,57.28,67.08708708708708,0.2108415492790272,0.2154168338111935
ENSG00000144644,add_a3.0,74.2,82.76276276276276,0.325018360603383,0.3323741226854071
ENSG00000144644,add_a4.0,77.1,84.02402402402403,0.3703140560484093,0.3807315517546947
ENSG00000144644,add_gc_removed_a1.0,35.36,32.672672672672675,0.136680608081903,0.1223367167380246
ENSG00000144644,add_own,47.84,51.59159159159159,0.1559902182815399,0.1436798699648544
ENSG00000144644,random_a1.0,29.525665665665667,30.090090090090094,0.2080353726522439,0.1961832381151988
ENSG00000144644,unsteered,36.32,34.47447447447448,0.1168141384330971,0.1038971494006678
ENSG00000145860,add_a0.5,58.24,79.57957957957959,0.2512771543335214,0.265115555922592
ENSG00000145860,add_a1.0,54.5,60.06006006006006,0.1735680386520548,0.1862912694215676
ENSG00000145860,add_a2.0,74.82000000000001,78.43843843843844,0.3875032389870164,0.4015311969640224
ENSG00000145860,add_a3.0,76.82000000000001,91.77177177177175,0.4328954719431528,0.4498379881338691
ENSG00000145860,add_a4.0,78.1,89.84984984984985,0.4089386466337347,0.4274787998832284
ENSG00000145860,add_gc_removed_a1.0,47.56774774774775,49.60960960960961,0.2007924920341684,0.2028898505644383
ENSG00000145860,add_own,64.96000000000001,80.72072072072072,0.326002209388781,0.3355778464318267
ENSG00000145860,random_a1.0,50.169769769769765,58.258258258258266,0.1636763755153302,0.1727291390488758
ENSG00000145860,unsteered,45.0,48.588588588588586,0.1801289291380525,0.1821413780363056
ENSG00000146090,add_a0.5,70.34,72.31231231231232,0.2125629987967434,0.1793002369084445
ENSG00000146090,add_a1.0,73.58,82.1021021021021,0.2736163147872289,0.2108424380414106
ENSG00000146090,add_a2.0,84.32,89.36936936936937,0.3912076721416711,0.331833963962343
ENSG00000146090,add_a3.0,85.14,85.88588588588588,0.4132813944528891,0.3596736877470586
ENSG00000146090,add_a4.0,84.9,91.35135135135135,0.3782631619377853,0.3036910075510264
ENSG00000146090,add_gc_removed_a1.0,64.7,64.74474474474474,0.2059331107133155,0.2017507293717319
ENSG00000146090,add_own,74.17999999999999,79.0990990990991,0.2566331008538874,0.2112901767046308
ENSG00000146090,random_a1.0,67.32000000000001,69.36936936936937,0.2446353166482869,0.2081683315422461
ENSG00000146090,unsteered,67.34,70.33033033033033,0.2202050989520405,0.1876313441124837
ENSG00000146215,add_a0.5,69.4197215956602,80.22471910112361,0.2271417877418972,0.2618958042121159
ENSG00000146215,add_a1.0,72.28464419475655,69.32584269662922,0.2863197242309349,0.3608554466510781
ENSG00000146215,add_a2.0,76.92883895131087,92.80898876404494,0.2399741375581048,0.321069612148242
ENSG00000146215,add_a3.0,82.88389513108613,92.47191011235957,0.3074985144001111,0.3840233370472356
ENSG00000146215,add_a4.0,80.48689138576779,91.23595505617978,0.2830896905371827,0.3680050399334519
ENSG00000146215,add_gc_removed_a1.0,69.5505617977528,82.80898876404494,0.2989628188359063,0.3370031051946567
ENSG00000146215,add_own,74.23220973782772,86.51685393258427,0.2256035809964859,0.2766202401940106
ENSG00000146215,random_a1.0,74.00749063670412,81.34831460674158,0.2181191076833606,0.2643166004776164
ENSG00000146215,unsteered,66.57559851311564,76.06741573033707,0.2021966181652513,0.2015774266967665
ENSG00000146233,add_a0.5,53.46,60.54054054054054,0.3142714156376541,0.3632687100827193
ENSG00000146233,add_a1.0,56.54,64.02402402402402,0.1734410603593456,0.240304248635599
ENSG00000146233,add_a2.0,69.1,76.27627627627628,0.2907744349689075,0.3850088912876115
ENSG00000146233,add_a3.0,68.3,91.53153153153151,0.3304638139848726,0.4283629681500253
ENSG00000146233,add_a4.0,81.38,89.30930930930931,0.4598923781115019,0.5410230734249457
ENSG00000146233,add_gc_removed_a1.0,41.64,38.43843843843844,0.1255525944558714,0.1307330267208349
ENSG00000146233,add_own,62.4,70.27027027027027,0.270491021441034,0.3340364190111518
ENSG00000146233,random_a1.0,39.12,40.12012012012012,0.1334737321183394,0.1617039848459533
ENSG00000146233,unsteered,41.28,41.86186186186186,0.0855213320801742,0.0991748081021711
ENSG00000146411,add_a0.5,71.64,88.04804804804805,0.2631988505965369,0.3198176845021829
ENSG00000146411,add_a1.0,77.97363363363363,86.24624624624624,0.3811657280156298,0.4260778568250704
ENSG00000146411,add_a2.0,79.85999999999999,97.05705705705704,0.4282060805377167,0.4882011727283236
ENSG00000146411,add_a3.0,83.96000000000001,90.57057057057057,0.4058976108427916,0.4528715165276428
ENSG00000146411,add_a4.0,87.47999999999999,92.25225225225223,0.4401591436398616,0.4862674221381674
ENSG00000146411,add_gc_removed_a1.0,73.52000000000001,81.32132132132132,0.3194499700311987,0.3649266471111853
ENSG00000146411,add_own,79.03999999999999,88.46846846846847,0.3521454038538553,0.401643063198115
ENSG00000146411,random_a1.0,65.58,78.73873873873875,0.2409327746045247,0.2813994901873266
ENSG00000146411,unsteered,64.67999999999999,75.01501501501502,0.2816447169684083,0.3103759919973551
ENSG00000146425,add_a0.5,39.78494623655914,36.635944700460826,0.4374829918982658,0.4138808465362708
ENSG00000146425,add_a1.0,39.86175115207373,35.25345622119816,0.4542829908483306,0.4134345313810094
ENSG00000146425,add_a2.0,42.78033794162826,39.516129032258064,0.4315251679545843,0.40406741974583
ENSG00000146425,add_a3.0,51.19047619047619,58.41013824884793,0.4075638102519967,0.3964332800361138
ENSG00000146425,add_a4.0,63.63287250384025,73.73271889400921,0.4396738723666064,0.4329596670507242
ENSG00000146425,add_gc_removed_a1.0,38.21044546850999,36.52073732718894,0.4158145535541154,0.3755041449077545
ENSG00000146425,add_own,42.08909370199693,40.2073732718894,0.3562109892947286,0.3339903118552718
ENSG00000146425,random_a1.0,38.0184331797235,35.483870967741936,0.4066103540001294,0.3598739085897351
ENSG00000146425,unsteered,34.293394777265746,25.92165898617512,0.4592300716349126,0.4152415201949885
ENSG00000146476,add_a0.5,40.34,43.3033033033033,0.1193316146713679,0.1347374728180442
ENSG00000146476,add_a1.0,45.86,47.74774774774775,0.1163459634922908,0.1479539778412136
ENSG00000146476,add_a2.0,71.0,81.14114114114113,0.3637236800736675,0.4811383440294589
ENSG00000146476,add_a3.0,74.24000000000001,90.09009009009009,0.4157164799445576,0.5398640161162308
ENSG00000146476,add_a4.0,83.0,96.03603603603604,0.5199544886789098,0.6299090089443558
ENSG00000146476,add_gc_removed_a1.0,32.62,26.546546546546544,0.1561608946192121,0.1340413956702705
ENSG00000146476,add_own,51.94,59.33933933933933,0.1631443588376031,0.2240918441453704
ENSG00000146476,random_a1.0,37.5,32.312312312312315,0.1050217547832712,0.0954755255175566
ENSG00000146476,unsteered,33.8,32.07207207207207,0.1555560790248923,0.1332653600784006
ENSG00000146828,add_a0.5,71.32000000000001,73.81381381381382,0.2097083800827789,0.1825435144397217
ENSG00000146828,add_a1.0,71.6,78.73873873873875,0.2063267541056219,0.2085926191988708
ENSG00000146828,add_a2.0,80.17999999999999,84.74474474474474,0.2359532123356854,0.2606959674617785
ENSG00000146828,add_a3.0,78.54,75.85585585585585,0.2545658704309333,0.2529882821900434
ENSG00000146828,add_a4.0,75.67999999999999,90.93093093093093,0.132011244344768,0.1780009657685977
ENSG00000146828,add_gc_removed_a1.0,63.34,63.3033033033033,0.2438409218867619,0.1852993209152791
ENSG00000146828,add_own,77.47999999999999,78.1981981981982,0.2553168917553682,0.2472927328613889
ENSG00000146828,random_a1.0,67.04,75.7957957957958,0.1852680878160022,0.1448537535007071
ENSG00000146828,unsteered,69.14,75.85585585585586,0.1812844919995976,0.1555677941268782
ENSG00000147465,add_a0.5,73.33333333333333,85.9504132231405,0.2543572312926425,0.2212420106681162
ENSG00000147465,add_a1.0,77.74104683195591,92.80991735537192,0.2782236048954661,0.2346331486205603
ENSG00000147465,add_a2.0,85.37190082644628,97.19008264462808,0.3905056395697624,0.3479291176588844
ENSG00000147465,add_a3.0,82.06611570247934,97.76859504132231,0.3181998097659538,0.2761233271292459
ENSG00000147465,add_a4.0,88.48484848484848,92.56198347107438,0.4035873000874742,0.3729980141977236
ENSG00000147465,add_gc_removed_a1.0,61.680440771349865,73.96694214876034,0.2015909477937852,0.1942490318782718
ENSG00000147465,add_own,76.33608815426997,90.9090909090909,0.3145975892065172,0.2762862008421203
ENSG00000147465,random_a1.0,64.04958677685951,76.36363636363636,0.227501945026042,0.2020925822277711
ENSG00000147465,unsteered,68.23691460055096,76.36363636363636,0.1935845959029299,0.1760199586333293
ENSG00000147642,add_a0.5,59.86,67.68768768768768,0.1294156896047712,0.1386303048029504
ENSG00000147642,add_a1.0,71.8,84.02402402402402,0.1999011166503496,0.2323447911430853
ENSG00000147642,add_a2.0,74.4,92.49249249249247,0.2521915767568909,0.2947625808672587
ENSG00000147642,add_a3.0,81.26,94.95495495495496,0.3396663165894412,0.3929378947686677
ENSG00000147642,add_a4.0,80.5,95.43543543543544,0.3024807041901403,0.3513631158470048
ENSG00000147642,add_gc_removed_a1.0,53.32988988988989,59.33933933933933,0.1538713444296828,0.1534589610433143
ENSG00000147642,add_own,73.8,90.69069069069069,0.2276737468426012,0.2730679558690357
ENSG00000147642,random_a1.0,42.24,43.24324324324324,0.1741685931244897,0.1655029393429641
ENSG00000147642,unsteered,53.58,56.63663663663664,0.1499821499685946,0.1340905967695544
ENSG00000147677,add_a0.5,45.08474576271186,53.15254237288136,0.1272690244219248,0.107827432282964
ENSG00000147677,add_a1.0,53.35593220338983,59.389830508474574,0.1799875920422567,0.1784948211275343
ENSG00000147677,add_a2.0,69.74011299435028,87.2542372881356,0.2191933848826892,0.2908850900702277
ENSG00000147677,add_a3.0,70.30508474576271,84.94915254237289,0.2418888410980309,0.3096444947441585
ENSG00000147677,add_a4.0,79.61581920903954,90.84745762711864,0.3591363740354829,0.4302126098851437
ENSG00000147677,add_gc_removed_a1.0,36.63276836158192,36.40677966101695,0.1595148526570831,0.094872670350365
ENSG00000147677,add_own,46.57627118644068,56.47457627118644,0.1255853957398205,0.1099999410595542
ENSG00000147677,random_a1.0,40.54237288135593,41.15254237288136,0.1243061656265406,0.0748277527981329
ENSG00000147677,unsteered,37.559322033898304,38.237288135593225,0.1507856160840145,0.0876629777531263
ENSG00000147679,add_a0.5,52.372372372372375,65.31531531531532,0.176377876491562,0.2241454840738917
ENSG00000147679,add_a1.0,66.42642642642643,87.47747747747748,0.2060264195594337,0.3441372941710215
ENSG00000147679,add_a2.0,70.60060060060059,84.95495495495496,0.2713971246726175,0.3984088942347555
ENSG00000147679,add_a3.0,70.45045045045045,94.86486486486488,0.2494042023897572,0.4073688470783712
ENSG00000147679,add_a4.0,74.08408408408408,92.88288288288288,0.2573759478015096,0.4075758058464808
ENSG00000147679,add_gc_removed_a1.0,56.93693693693693,73.42342342342343,0.1561267275886453,0.2383062008191939
ENSG00000147679,add_own,69.54954954954955,85.94594594594595,0.2926709689649544,0.4113686967611279
ENSG00000147679,random_a1.0,54.02402402402403,65.85585585585586,0.1404572141011414,0.1747956700287724
ENSG00000147679,unsteered,58.03824877509088,72.70270270270271,0.2360947382098968,0.2985094840784084
ENSG00000147813,add_a0.5,75.58,98.73873873873872,0.1607189994922187,0.150355890273742
ENSG00000147813,add_a1.0,74.22,98.97897897897896,0.1709018253983058,0.1617660096343077
ENSG00000147813,add_a2.0,74.7,99.03903903903904,0.1562879476874303,0.1492839015820068
ENSG00000147813,add_a3.0,77.34,99.2192192192192,0.1640157070538995,0.1621722595990215
ENSG00000147813,add_a4.0,76.08,97.23723723723722,0.1513021786953278,0.1460184717054186
ENSG00000147813,add_gc_removed_a1.0,71.64,95.97597597597596,0.1534250686722365,0.1528457860544685
ENSG00000147813,add_own,73.97999999999999,98.55855855855854,0.1638339166107909,0.1580568953597702
ENSG00000147813,random_a1.0,74.1,98.61861861861864,0.1663780868622887,0.1434868451645715
ENSG00000147813,unsteered,73.74,98.73873873873872,0.1710687668975123,0.1522783487817297
ENSG00000147912,add_a0.5,66.38,84.98498498498499,0.1384024677945905,0.1270065277315302
ENSG00000147912,add_a1.0,68.88000000000001,85.94594594594595,0.1624231557175998,0.1689970123905007
ENSG00000147912,add_a2.0,75.72,94.77477477477478,0.2166528434882174,0.2662154855733092
ENSG00000147912,add_a3.0,79.72,98.07807807807808,0.2427297298259068,0.3004299403363935
ENSG00000147912,add_a4.0,84.6,94.05405405405403,0.3108891081243253,0.3671761822091784
ENSG00000147912,add_gc_removed_a1.0,57.08,68.28828828828829,0.0878788231949452,0.0542846278628641
ENSG00000147912,add_own,73.08,91.5915915915916,0.1855633639950389,0.2142070861984708
ENSG00000147912,random_a1.0,58.720000000000006,70.8108108108108,0.0843968176688099,0.0418503443146134
ENSG00000147912,unsteered,57.98,68.76876876876877,0.096847936233642,0.0671383976789316
ENSG00000148225,add_a0.5,63.87281281281281,70.03003003003003,0.2469299598122346,0.2602490460090241
ENSG00000148225,add_a1.0,64.76,74.5945945945946,0.2023948931903511,0.2332359863123657
ENSG00000148225,add_a2.0,79.06,86.6066066066066,0.3504644985009267,0.3963744352345179
ENSG00000148225,add_a3.0,77.53999999999999,86.42642642642643,0.3227221981954036,0.3688272253892679
ENSG00000148225,add_a4.0,83.42,85.7057057057057,0.4200194468661676,0.4539681878345899
ENSG00000148225,add_gc_removed_a1.0,41.4,43.36336336336336,0.1626215312786104,0.1243189381029018
ENSG00000148225,add_own,71.08,81.92192192192192,0.2486653053023705,0.294563898857186
ENSG00000148225,random_a1.0,51.58,56.15615615615616,0.1839882559119134,0.1725348827056048
ENSG00000148225,unsteered,35.2,34.29429429429429,0.2931649234633195,0.2551648072785967
ENSG00000148384,add_a0.5,85.16,84.32432432432432,0.4054141295274838,0.3191463416787928
ENSG00000148384,add_a1.0,90.18,85.7057057057057,0.4815594671981019,0.3861453229129146
ENSG00000148384,add_a2.0,93.0,91.53153153153151,0.4983137725189678,0.3894647558980916
ENSG00000148384,add_a3.0,92.14,93.33333333333331,0.4486104832904776,0.3205793554628672
ENSG00000148384,add_a4.0,93.52,93.75375375375376,0.4871681611864871,0.3601239877583936
ENSG00000148384,add_gc_removed_a1.0,87.78,85.94594594594595,0.3803126732668211,0.2637015518223787
ENSG00000148384,add_own,90.94,94.89489489489488,0.4599781309146265,0.3234196161641166
ENSG00000148384,random_a1.0,89.53999999999999,87.74774774774775,0.4421746858725193,0.3347964862279317
ENSG00000148384,unsteered,91.34,90.99099099099098,0.5310830875502258,0.4254793048327027
ENSG00000148935,add_a0.5,39.88304093567252,40.0,0.1202541919174424,0.1386857107928476
ENSG00000148935,add_a1.0,47.3170577871016,51.578947368421055,0.0961512692514597,0.1131465086099478
ENSG00000148935,add_a2.0,62.22222222222221,63.578947368421055,0.1748298362284912,0.1931193076345882
ENSG00000148935,add_a3.0,76.35087719298245,86.66666666666667,0.3583163496139313,0.3697943070904387
ENSG00000148935,add_a4.0,82.19883040935672,84.35087719298245,0.4036200670625142,0.4167516771509575
ENSG00000148935,add_gc_removed_a1.0,33.239766081871345,34.175438596491226,0.1373305181270324,0.1583116552179295
ENSG00000148935,add_own,44.60818713450293,49.26315789473684,0.1956676668060969,0.2044679136260438
ENSG00000148935,random_a1.0,34.643274853801174,33.6140350877193,0.1237390517232354,0.1469722742649724
ENSG00000148935,unsteered,41.16959064327485,42.10526315789473,0.0972644286353589,0.1155612728878823
ENSG00000149573,add_a0.5,53.63984674329502,49.770114942528735,0.3302389808865172,0.289641328266612
ENSG00000149573,add_a1.0,53.29501915708812,52.8735632183908,0.2413455825792781,0.2118911816046393
ENSG00000149573,add_a2.0,74.25287356321839,72.98850574712644,0.3754197535611293,0.3849071983700743
ENSG00000149573,add_a3.0,79.3103448275862,82.29885057471265,0.3584168896887241,0.3812260108208739
ENSG00000149573,add_a4.0,78.1992337164751,83.2183908045977,0.3655244185192868,0.3929294019533534
ENSG00000149573,add_gc_removed_a1.0,47.93103448275862,53.79310344827586,0.2759036883568368,0.2218205613735237
ENSG00000149573,add_own,54.75095785440613,57.241379310344826,0.2963227099435654,0.2711863314552225
ENSG00000149573,random_a1.0,44.78927203065134,41.03448275862068,0.4122672069973115,0.3694457714027753
ENSG00000149573,unsteered,55.28735632183909,57.58620689655172,0.2933388518849862,0.2733722954079188
ENSG00000149823,add_a0.5,76.0,93.993993993994,0.1296354339307185,0.1481019406945452
ENSG00000149823,add_a1.0,79.17999999999999,93.2132132132132,0.1375993485953396,0.17325442461791
ENSG00000149823,add_a2.0,82.78,93.15315315315316,0.2018537086844796,0.2298070088078016
ENSG00000149823,add_a3.0,84.0,98.31831831831832,0.1365105167755611,0.1890480096596139
ENSG00000149823,add_a4.0,85.58,97.29729729729728,0.1782854597203282,0.2307991517382868
ENSG00000149823,add_gc_removed_a1.0,66.13129129129129,92.07207207207207,0.1595162588345143,0.1679086002426583
ENSG00000149823,add_own,77.36,98.55855855855856,0.1126924761841139,0.1724716672418285
ENSG00000149823,random_a1.0,79.02000000000001,98.49849849849848,0.1520288533702163,0.1929904989949759
ENSG00000149823,unsteered,70.2,79.3993993993994,0.2234031376851812,0.2125401442480223
ENSG00000152382,add_a0.5,65.38126361655773,83.33333333333333,0.1888804336093698,0.3126771603247726
ENSG00000152382,add_a1.0,64.4880174291939,83.52941176470588,0.1735780830779474,0.3144104904776064
ENSG00000152382,add_a2.0,71.85185185185185,93.59477124183006,0.1432512028088599,0.3642235034510393
ENSG00000152382,add_a3.0,79.65141612200435,92.87581699346406,0.2163430216018622,0.4180533593446328
ENSG00000152382,add_a4.0,86.7755991285403,94.18300653594773,0.3189924437683918,0.5135259647443713
ENSG00000152382,add_gc_removed_a1.0,57.18954248366013,66.01307189542483,0.2527540575455217,0.2249672292385648
ENSG00000152382,add_own,71.48148148148148,87.38562091503267,0.1757561071948252,0.3482343165636604
ENSG00000152382,random_a1.0,61.91721132897603,70.7843137254902,0.2397939088608876,0.2553225529275004
ENSG00000152382,unsteered,62.35294117647059,69.2156862745098,0.3068392812396975,0.3415334084283581
ENSG00000152642,add_a0.5,51.92546583850932,63.54037267080745,0.0670174894194372,0.0356820391254063
ENSG00000152642,add_a1.0,59.93788819875776,84.84472049689441,0.2052390719524251,0.1229953182737539
ENSG00000152642,add_a2.0,64.22360248447205,93.22981366459626,0.2875993660478174,0.1853352334463273
ENSG00000152642,add_a3.0,64.94824016563146,92.2360248447205,0.2844044860485158,0.1936192699066499
ENSG00000152642,add_a4.0,68.4265010351967,92.2360248447205,0.3053731436244012,0.2158326630927836
ENSG00000152642,add_gc_removed_a1.0,49.50310559006211,57.51552795031056,0.0495769167003074,0.037194462830906
ENSG00000152642,add_own,53.85093167701864,69.44099378881988,0.0882458568368496,0.0429375686079267
ENSG00000152642,random_a1.0,49.85507246376811,57.63975155279503,0.0430910228725871,0.025356089959312
ENSG00000152642,unsteered,47.80538302277433,56.7080745341615,0.0674567464232042,0.0481004996201567
ENSG00000153391,add_a0.5,70.34188034188034,76.41025641025641,0.2769275352366624,0.297857464322669
ENSG00000153391,add_a1.0,73.16239316239316,75.76923076923076,0.3556620558426301,0.3673407479987799
ENSG00000153391,add_a2.0,70.04273504273505,77.3076923076923,0.3101285884524284,0.3339949905196588
ENSG00000153391,add_a3.0,76.58119658119658,89.48717948717949,0.3647706986282336,0.3807740232067417
ENSG00000153391,add_a4.0,83.2051282051282,89.74358974358975,0.4359976402937747,0.4487220089000843
ENSG00000153391,add_gc_removed_a1.0,59.14529914529915,70.51282051282051,0.2489333804514488,0.2600712512298734
ENSG00000153391,add_own,70.38461538461539,89.35897435897435,0.3329785111160072,0.3587725642102694
ENSG00000153391,random_a1.0,65.64102564102564,76.15384615384616,0.310388313178416,0.3212047672308498
ENSG00000153391,unsteered,62.47863247863247,69.1025641025641,0.3176184264382164,0.3128608874029567
ENSG00000153879,add_a0.5,55.25383707201889,64.46280991735537,0.1546281919437661,0.1464574194512779
ENSG00000153879,add_a1.0,63.08539944903581,77.33175914994096,0.3078439032106667,0.3012468317613909
ENSG00000153879,add_a2.0,71.82211727666274,88.90200708382527,0.3663184605854937,0.3810954890250179
ENSG00000153879,add_a3.0,79.5749704840614,92.79811097992916,0.4526222996700478,0.470191026741051
ENSG00000153879,add_a4.0,81.38528138528139,91.38134592680048,0.4275958874242186,0.4517461855455539
ENSG00000153879,add_gc_removed_a1.0,49.42935852026761,49.23258559622196,0.2459451555938776,0.2374111147419922
ENSG00000153879,add_own,56.94608421881149,65.99763872491145,0.2750248394522421,0.2716672796018261
ENSG00000153879,random_a1.0,53.01062573789847,56.90672963400236,0.2110803224360493,0.2058572484657588
ENSG00000153879,unsteered,49.90161353797718,46.989374262101535,0.175050944337429,0.1855917408219477
ENSG00000153975,add_a0.5,36.44,29.72972972972973,0.2017034354626647,0.1793266903747103
ENSG00000153975,add_a1.0,40.18,36.75675675675676,0.2371912726060741,0.244825898149673
ENSG00000153975,add_a2.0,58.65999999999999,58.37837837837837,0.3063385621850984,0.3513918470467004
ENSG00000153975,add_a3.0,81.92,86.84684684684684,0.4674537157933243,0.5505918025051864
ENSG00000153975,add_a4.0,83.4,86.42642642642643,0.4754524733484054,0.5798166580230586
ENSG00000153975,add_gc_removed_a1.0,30.96,18.67867867867868,0.2018389866468968,0.1554494878661378
ENSG00000153975,add_own,42.2,45.52552552552553,0.1630882795055045,0.1776648396988698
ENSG00000153975,random_a1.0,33.980000000000004,26.306306306306304,0.2882609572819305,0.2571778258449064
ENSG00000153975,unsteered,28.34,30.090090090090094,0.3199738164290179,0.2898778199987949
ENSG00000155052,add_a0.5,55.46,51.95195195195195,0.2761304774575516,0.2701395894324386
ENSG00000155052,add_a1.0,50.84,52.07207207207207,0.1729408162524385,0.1717647885013428
ENSG00000155052,add_a2.0,66.97999999999999,74.95495495495496,0.2685723689548236,0.237764360891135
ENSG00000155052,add_a3.0,80.22,84.38438438438439,0.4033171659083374,0.3728211256270174
ENSG00000155052,add_a4.0,82.72,83.72372372372372,0.4204775496861964,0.3901851117913795
ENSG00000155052,add_gc_removed_a1.0,45.4,45.7057057057057,0.2509610524185869,0.2540673096903887
ENSG00000155052,add_own,53.56,56.15615615615616,0.2094964743848312,0.2047240821998636
ENSG00000155052,random_a1.0,38.52,40.42042042042042,0.2264898697928302,0.2332413680909997
ENSG00000155052,unsteered,35.260000000000005,28.04804804804805,0.3223802553536189,0.3406092544549268
ENSG00000155099,add_a0.5,54.41520467836258,53.07017543859649,0.2679324867858647,0.2665852657961933
ENSG00000155099,add_a1.0,70.99415204678363,76.40350877192982,0.321591002299779,0.3771322350544989
ENSG00000155099,add_a2.0,79.73684210526315,88.15789473684211,0.3932262308621517,0.4546031339495103
ENSG00000155099,add_a3.0,79.18128654970761,87.28070175438596,0.4260056228855136,0.497418456327196
ENSG00000155099,add_a4.0,84.2982456140351,87.01754385964912,0.423832621458122,0.4812829616550209
ENSG00000155099,add_gc_removed_a1.0,45.93567251461988,48.6842105263158,0.2150178061061046,0.2285590423798645
ENSG00000155099,add_own,66.37426900584795,67.36842105263159,0.2804298131724601,0.3110152656127696
ENSG00000155099,random_a1.0,55.70175438596491,52.19298245614035,0.3040848580912713,0.3108416013622581
ENSG00000155099,unsteered,55.6140350877193,46.49122807017544,0.3209117585566604,0.3504543515172127
ENSG00000155189,add_a0.5,83.28,90.3903903903904,0.454238627862054,0.4617868650260077
ENSG00000155189,add_a1.0,78.3,94.17417417417415,0.4170921485719421,0.4336439993961178
ENSG00000155189,add_a2.0,80.55999999999999,97.65765765765768,0.4755844084595463,0.4850881923093252
ENSG00000155189,add_a3.0,83.72,91.29129129129127,0.4736792197011225,0.455897480814021
ENSG00000155189,add_a4.0,86.46000000000001,93.993993993994,0.4988667217389991,0.4962996534591298
ENSG00000155189,add_gc_removed_a1.0,71.35999999999999,76.45645645645645,0.3602838201266982,0.3702801575761981
ENSG00000155189,add_own,82.56,99.15915915915916,0.5076788694208002,0.5234234897405898
ENSG00000155189,random_a1.0,73.3,81.44144144144144,0.4007004460551537,0.4025453206648667
ENSG00000155189,unsteered,72.31221221221222,77.5975975975976,0.3895984443307864,0.389498378049942
ENSG00000155363,add_a0.5,73.52000000000001,89.24924924924925,0.2604177783953889,0.2265921377007695
ENSG00000155363,add_a1.0,74.55133133133134,84.26426426426426,0.2418931059198531,0.2209729403032275
ENSG00000155363,add_a2.0,81.74,95.73573573573574,0.3532960784383971,0.3128857289576837
ENSG00000155363,add_a3.0,79.62,94.71471471471472,0.2939647270901009,0.2580520520801266
ENSG00000155363,add_a4.0,88.26,88.28828828828829,0.4281619661323816,0.3742778478222405
ENSG00000155363,add_gc_removed_a1.0,48.28,55.67567567567568,0.178670152664169,0.1721822765557133
ENSG00000155363,add_own,75.22,87.8078078078078,0.2517529459405636,0.2216588389190125
ENSG00000155363,random_a1.0,69.66,76.57657657657657,0.2073627353100324,0.1845154970877684
ENSG00000155363,unsteered,62.620000000000005,64.68468468468468,0.2588627473020313,0.2407226707116255
ENSG00000155792,add_a0.5,70.94,70.27027027027027,0.3332453172399082,0.3356708440613718
ENSG00000155792,add_a1.0,69.32000000000001,67.98798798798798,0.4309286346596339,0.4348494555430475
ENSG00000155792,add_a2.0,81.86,86.72672672672672,0.4190756270953845,0.4376129684779511
ENSG00000155792,add_a3.0,86.03999999999999,88.28828828828829,0.3955498710762212,0.42264370450258
ENSG00000155792,add_a4.0,87.14,88.58858858858859,0.4122266836031786,0.4376460907910297
ENSG00000155792,add_gc_removed_a1.0,60.120000000000005,62.16216216216217,0.2349949244542656,0.2329227016253152
ENSG00000155792,add_own,75.28,82.70270270270271,0.3015385118659676,0.3263189130354793
ENSG00000155792,random_a1.0,64.53999999999999,67.2072072072072,0.3840690103195118,0.3804295886434951
ENSG00000155792,unsteered,64.17999999999999,73.63363363363364,0.4066798386626282,0.394296767468573
ENSG00000156467,add_a0.5,39.24506387921022,38.53658536585366,0.3472899964739355,0.34369057415354
ENSG00000156467,add_a1.0,44.22764227642277,45.85365853658536,0.3609950746215217,0.3343917004469355
ENSG00000156467,add_a2.0,51.34146341463414,57.6829268292683,0.3787931466150031,0.3617148289720681
ENSG00000156467,add_a3.0,59.51219512195122,68.65853658536585,0.4487348117190088,0.4129484451342435
ENSG00000156467,add_a4.0,67.43902439024392,75.48780487804878,0.433705262553052,0.4414141994296555
ENSG00000156467,add_gc_removed_a1.0,39.14634146341464,41.46341463414634,0.3546884103308064,0.3419813947127977
ENSG00000156467,add_own,38.21138211382114,36.34146341463415,0.3389212635354256,0.3042946947498458
ENSG00000156467,random_a1.0,41.95121951219512,38.78048780487805,0.3889056288957946,0.3733509598018905
ENSG00000156467,unsteered,39.14634146341464,38.170731707317074,0.3615132071579157,0.3508127966013422
ENSG00000157064,add_a0.5,68.77697841726619,81.65467625899281,0.2439649931400179,0.236343315117267
ENSG00000157064,add_a1.0,69.92805755395683,92.0863309352518,0.2492137083431428,0.222676374681499
ENSG00000157064,add_a2.0,70.98321342925661,87.12230215827337,0.2527767290693964,0.2372322678300407
ENSG00000157064,add_a3.0,78.41070241046059,91.57364361218606,0.3106763456781011,0.2822459925775578
ENSG00000157064,add_a4.0,80.2158273381295,92.44604316546764,0.3639053052781575,0.3308208812441068
ENSG00000157064,add_gc_removed_a1.0,53.812949640287776,68.99280575539568,0.2479500019220341,0.2476076302123089
ENSG00000157064,add_own,71.51079136690647,79.13669064748201,0.2363633716194197,0.2284672493133785
ENSG00000157064,random_a1.0,62.92565947242207,71.72661870503597,0.1807950285931099,0.1761634336224803
ENSG00000157064,unsteered,66.13908872901678,86.40287769784172,0.2255992112632878,0.2209039373066626
ENSG00000158715,add_a0.5,71.47999999999999,91.83183183183182,0.2430228885618826,0.265898081294996
ENSG00000158715,add_a1.0,74.67999999999999,96.45645645645644,0.0927385751130814,0.1637149391998082
ENSG00000158715,add_a2.0,79.14,95.015015015015,0.1022729655426469,0.1781283489742379
ENSG00000158715,add_a3.0,84.26,96.63663663663664,0.1888944413761198,0.2754011111928062
ENSG00000158715,add_a4.0,78.28,96.75675675675674,0.0891461316716081,0.1763571014256111
ENSG00000158715,add_gc_removed_a1.0,58.46,64.8048048048048,0.2357248757659071,0.150394988926911
ENSG00000158715,add_own,74.78,81.92192192192192,0.1869169172076038,0.1902206353310728
ENSG00000158715,random_a1.0,67.72,76.93693693693693,0.194151953750442,0.1689654826099744
ENSG00000158715,unsteered,63.06,73.03303303303304,0.1845721973445842,0.1349816045453379
ENSG00000158747,add_a0.5,66.007326007326,71.20879120879121,0.2903607550404632,0.2669416713369915
ENSG00000158747,add_a1.0,66.44688644688644,72.96703296703296,0.302225547715676,0.2696128915987957
ENSG00000158747,add_a2.0,75.93406593406594,86.15384615384616,0.2677859213598655,0.2510078499159019
ENSG00000158747,add_a3.0,76.7032967032967,88.24175824175825,0.2834659931022499,0.2806338110252633
ENSG00000158747,add_a4.0,81.20879120879121,89.45054945054946,0.3321816819926088,0.3273952003337927
ENSG00000158747,add_gc_removed_a1.0,55.860805860805854,62.087912087912095,0.29928694919864,0.2871108482738146
ENSG00000158747,add_own,65.42124542124542,79.23076923076924,0.2517476851667812,0.2275836743038059
ENSG00000158747,random_a1.0,62.38095238095239,66.04395604395604,0.2743659976179342,0.2671666309663434
ENSG00000158747,unsteered,63.00366300366301,68.24175824175823,0.2888512400986786,0.2783771225817359
ENSG00000159079,add_a0.5,75.58109833971903,92.03065134099616,0.2759043490635844,0.3771574532551193
ENSG00000159079,add_a1.0,77.19029374201787,93.5632183908046,0.2841726716623596,0.4010932217773895
ENSG00000159079,add_a2.0,79.84674329501915,91.49425287356324,0.3296830568472184,0.4208257274599149
ENSG00000159079,add_a3.0,81.58365261813537,98.31417624521072,0.3199198148394687,0.4489168404713216
ENSG00000159079,add_a4.0,85.77266922094508,95.55555555555556,0.3657217825935586,0.4644208727344788
ENSG00000159079,add_gc_removed_a1.0,59.20817369093231,65.6704980842912,0.1910688655079026,0.2021915408546216
ENSG00000159079,add_own,81.99233716475096,93.1800766283525,0.3440672621030484,0.4395294755204828
ENSG00000159079,random_a1.0,59.96073858495589,75.01915708812261,0.1902573075394415,0.2564938785732061
ENSG00000159079,unsteered,67.37124901601487,87.1918656056587,0.2985894588550652,0.3764030709102554
ENSG00000159335,add_a0.5,68.64035087719299,86.51315789473684,0.3358996434272992,0.3987564793826539
ENSG00000159335,add_a1.0,71.41812865497076,88.37719298245615,0.3584904358951189,0.4310871586018636
ENSG00000159335,add_a2.0,73.24561403508773,92.65350877192982,0.3718245082506712,0.4606302836092293
ENSG00000159335,add_a3.0,72.47807017543859,92.76315789473684,0.3549597220590424,0.4630695345511239
ENSG00000159335,add_a4.0,77.52192982456141,93.0921052631579,0.3778976936974962,0.4847930242233256
ENSG00000159335,add_gc_removed_a1.0,61.6593567251462,72.69736842105263,0.3623850437213,0.3976513145712878
ENSG00000159335,add_own,68.60380116959065,91.44736842105264,0.3691324698585056,0.4498998052180228
ENSG00000159335,random_a1.0,66.22807017543859,76.42543859649123,0.2909339450240014,0.3213290737498771
ENSG00000159335,unsteered,70.97953216374269,86.29385964912281,0.3448893472874677,0.3987691964804654
ENSG00000160049,add_a0.5,81.3840830449827,90.17301038062284,0.316345169064253,0.4064260824886733
ENSG00000160049,add_a1.0,78.10841983852364,90.1038062283737,0.336790113626346,0.4083511881464722
ENSG00000160049,add_a2.0,78.73125720876587,95.57093425605537,0.2612748433497312,0.3657434395830408
ENSG00000160049,add_a3.0,81.49942329873126,95.36332179930795,0.2946855732410805,0.4009623803143018
ENSG00000160049,add_a4.0,83.20645905420992,94.53287197231836,0.3418082614116754,0.4369233264264179
ENSG00000160049,add_gc_removed_a1.0,67.65859284890426,80.48442906574394,0.2221049080473734,0.2694093741229945
ENSG00000160049,add_own,83.41407151095731,92.2491349480969,0.4118284948494245,0.48936784721365
ENSG00000160049,random_a1.0,66.159169550173,80.48442906574394,0.2460286772237109,0.2929692277604319
ENSG00000160049,unsteered,60.77448449832317,69.27335640138408,0.3568666750526763,0.3770887474238459
ENSG00000160075,add_a0.5,61.93121693121694,75.47619047619047,0.2409778382150202,0.2391296339646687
ENSG00000160075,add_a1.0,64.62962962962962,76.42857142857143,0.2690012857284315,0.2732334203244103
ENSG00000160075,add_a2.0,67.75132275132275,85.0,0.2965977778994066,0.2941358491155377
ENSG00000160075,add_a3.0,69.57671957671958,85.47619047619048,0.301466780621652,0.313429131177197
ENSG00000160075,add_a4.0,70.95238095238095,85.55555555555556,0.3312626562258492,0.3344130041406236
ENSG00000160075,add_gc_removed_a1.0,44.338624338624335,55.31746031746032,0.1908724143751399,0.1879449598642423
ENSG00000160075,add_own,62.27513227513228,79.60317460317461,0.2371094861865122,0.2275625472914742
ENSG00000160075,random_a1.0,52.645502645502646,63.968253968253975,0.1669043750157645,0.1555949446342992
ENSG00000160075,unsteered,52.010582010582006,60.79365079365079,0.1820839572602585,0.1788251041050056
ENSG00000160111,add_a0.5,78.97999999999999,87.32732732732732,0.4783968560648264,0.3495980096266632
ENSG00000160111,add_a1.0,92.82,93.15315315315316,0.6276030539799102,0.4987470943493226
ENSG00000160111,add_a2.0,86.8,91.83183183183183,0.5251356791609012,0.3740877510211381
ENSG00000160111,add_a3.0,85.53999999999999,92.6126126126126,0.5042057978536736,0.333209824363501
ENSG00000160111,add_a4.0,87.46,87.38738738738739,0.5038519227044552,0.3654572899760728
ENSG00000160111,add_gc_removed_a1.0,67.66,74.35435435435436,0.3743034300871518,0.302977456775814
ENSG00000160111,add_own,78.1,76.93693693693693,0.5995362801375221,0.5390594563032283
ENSG00000160111,random_a1.0,84.1,83.36336336336336,0.5770872699621036,0.4553702598296144
ENSG00000160111,unsteered,74.28,73.21321321321321,0.4256447609492436,0.363982868866138
ENSG00000160888,add_a0.5,69.84423676012462,72.05607476635514,0.2914323043631057,0.2922749901921774
ENSG00000160888,add_a1.0,71.27725856697819,90.09345794392524,0.2603868799585838,0.2157704752933084
ENSG00000160888,add_a2.0,81.61993769470405,91.86915887850468,0.3290635859812258,0.2766014759466352
ENSG00000160888,add_a3.0,78.3177570093458,93.3644859813084,0.2482834668352703,0.2053212397172127
ENSG00000160888,add_a4.0,87.41433021806854,86.16822429906543,0.3576447075481382,0.3368755956195442
ENSG00000160888,add_gc_removed_a1.0,65.95015576323988,72.33644859813084,0.2445079890825207,0.2512193285430943
ENSG00000160888,add_own,71.8380062305296,80.37383177570094,0.2535162518034881,0.221553817498174
ENSG00000160888,random_a1.0,67.63239875389408,88.97196261682242,0.2235450095162163,0.1950561060865659
ENSG00000160888,unsteered,71.49532710280373,83.83177570093457,0.2500944004700383,0.2379434884285333
ENSG00000161031,add_a0.5,69.47999999999999,75.07507507507508,0.1196728581351493,0.129930089178419
ENSG00000161031,add_a1.0,74.3,86.48648648648648,0.1438342496477331,0.1709531902508105
ENSG00000161031,add_a2.0,79.72,79.51951951951952,0.2404318673063876,0.2727679619483011
ENSG00000161031,add_a3.0,81.7,93.87387387387386,0.2228129177019417,0.2859075827563017
ENSG00000161031,add_a4.0,85.38,93.03303303303304,0.2649478779459181,0.3240826374010999
ENSG00000161031,add_gc_removed_a1.0,58.260000000000005,64.56456456456456,0.1409049379004064,0.1142608184633653
ENSG00000161031,add_own,73.75999999999999,87.62762762762762,0.1723282759519949,0.2091532949837468
ENSG00000161031,random_a1.0,66.8,75.7957957957958,0.2183945804686235,0.2154634542349201
ENSG00000161031,unsteered,66.66,73.3933933933934,0.1231487375743788,0.108994840799617
ENSG00000161618,add_a0.5,66.1,70.63063063063063,0.1437806551572468,0.1311243128464389
ENSG00000161618,add_a1.0,73.53999999999999,84.92492492492492,0.1248635578808283,0.1325529561229365
ENSG00000161618,add_a2.0,78.56,87.92792792792793,0.1612613617811178,0.1645828236584467
ENSG00000161618,add_a3.0,79.4,85.58558558558559,0.2050770112672448,0.2123446939927789
ENSG00000161618,add_a4.0,81.28,90.8108108108108,0.1703352488497006,0.1751395432125321
ENSG00000161618,add_gc_removed_a1.0,52.080000000000005,57.297297297297305,0.2281476708464,0.205755578491581
ENSG00000161618,add_own,70.08,83.72372372372372,0.1068528709932856,0.1124802549387834
ENSG00000161618,random_a1.0,62.24,76.27627627627628,0.1015526759606098,0.0890751129015923
ENSG00000161618,unsteered,58.84,63.42342342342342,0.173426537957381,0.152999794580279
ENSG00000161654,add_a0.5,58.85671827029852,59.60219478737997,0.1652735791957235,0.1971679702917082
ENSG00000161654,add_a1.0,69.66163694558756,77.84636488340192,0.1812847001748743,0.2992855680172705
ENSG00000161654,add_a2.0,76.08596250571559,93.20987654320987,0.2479664369592324,0.3955122622250209
ENSG00000161654,add_a3.0,80.70416095107453,94.23868312757202,0.291842044754007,0.4551668777238429
ENSG00000161654,add_a4.0,84.38500228623685,90.74074074074076,0.3144584244746731,0.482656326393067
ENSG00000161654,add_gc_removed_a1.0,53.92083339614204,54.6639231824417,0.1325312480217843,0.1345243986836608
ENSG00000161654,add_own,86.51120256058528,86.28257887517147,0.3532961762244519,0.5130862641840109
ENSG00000161654,random_a1.0,58.66483767718336,60.01371742112483,0.1834444781159296,0.2112314952881596
ENSG00000161654,unsteered,68.90717878372199,69.75308641975307,0.2795442341925562,0.3261432789198046
ENSG00000161980,add_a0.5,74.79861910241657,84.81012658227849,0.3321470838349414,0.4456519640988807
ENSG00000161980,add_a1.0,72.5354813962409,82.50863060989644,0.3308064791162788,0.4138642936816422
ENSG00000161980,add_a2.0,73.41772151898735,88.72266973532797,0.3050263408512478,0.4293720321007289
ENSG00000161980,add_a3.0,76.02608362102033,92.28998849252014,0.3111296562344718,0.4793198178044571
ENSG00000161980,add_a4.0,77.71384733410049,95.2819332566168,0.3110257125430717,0.4935650430229504
ENSG00000161980,add_gc_removed_a1.0,59.68546221710778,71.3463751438435,0.3465252290878431,0.3817734557074786
ENSG00000161980,add_own,69.23667050249328,86.30609896432681,0.2888050732277997,0.4041899896172006
ENSG00000161980,random_a1.0,65.4392021480629,76.98504027617952,0.3019400990553528,0.3086567780004172
ENSG00000161980,unsteered,70.08055235903338,84.57997698504028,0.2923344366257756,0.3828726044369686
ENSG00000162191,add_a0.5,72.05992509363296,79.40074906367042,0.2585629969714414,0.3162082651359669
ENSG00000162191,add_a1.0,75.68039950062422,91.01123595505618,0.1923673250622314,0.3048631571874264
ENSG00000162191,add_a2.0,76.5792759051186,93.55805243445693,0.2192437724137821,0.3525073438920739
ENSG00000162191,add_a3.0,79.67540574282148,96.55430711610488,0.1933312272889739,0.3437638763035336
ENSG00000162191,add_a4.0,84.49438202247191,91.83520599250936,0.1979763243936588,0.3429916778287248
ENSG00000162191,add_gc_removed_a1.0,63.54556803995007,71.98501872659176,0.1907230602265333,0.2274841134931512
ENSG00000162191,add_own,64.24469413233457,79.40074906367042,0.1660482415379736,0.212137713049178
ENSG00000162191,random_a1.0,57.16738451935081,62.62172284644195,0.1989948849836951,0.2091838827482368
ENSG00000162191,unsteered,64.59425717852685,80.2996254681648,0.2039843849959388,0.258309196038525
ENSG00000162384,add_a0.5,80.20356234096691,78.32061068702289,0.4451805206267812,0.4776354183472271
ENSG00000162384,add_a1.0,66.66666666666666,76.6412213740458,0.3351585795136362,0.3609425662700329
ENSG00000162384,add_a2.0,82.03562340966921,92.36641221374046,0.3820453388308863,0.4703629080000354
ENSG00000162384,add_a3.0,81.62849872773538,89.61832061068702,0.384748536847733,0.4663088811712282
ENSG00000162384,add_a4.0,77.81170483460559,93.4351145038168,0.3341060737371122,0.4345234915622202
ENSG00000162384,add_gc_removed_a1.0,71.14503816793894,72.21374045801527,0.3387598909116082,0.3528818950502399
ENSG00000162384,add_own,86.05597964376591,83.96946564885496,0.4527533954786177,0.524738152679724
ENSG00000162384,random_a1.0,80.25445292620864,80.91603053435115,0.4492997402693278,0.4994721650670014
ENSG00000162384,unsteered,67.27735368956743,70.22900763358778,0.3448461958783989,0.332079726800869
ENSG00000162670,add_a0.5,50.8,58.1981981981982,0.2907704939993238,0.2950453261031724
ENSG00000162670,add_a1.0,58.41237237237237,56.6966966966967,0.2237272673736091,0.2251315712394933
ENSG00000162670,add_a2.0,77.7,77.05705705705705,0.3792561297507155,0.3832026405694374
ENSG00000162670,add_a3.0,76.8,82.76276276276276,0.3328935460313328,0.355684546518428
ENSG00000162670,add_a4.0,85.5,89.96996996996997,0.4707602732690987,0.4904866662212409
ENSG00000162670,add_gc_removed_a1.0,41.1,46.12612612612613,0.344960783942729,0.3380512509264991
ENSG00000162670,add_own,48.28,43.72372372372372,0.1956279653980195,0.1834745468386968
ENSG00000162670,random_a1.0,45.64,44.38438438438438,0.1910842303025758,0.1813678220740891
ENSG00000162670,unsteered,46.8,44.98498498498498,0.1925047461891088,0.1851748886123261
ENSG00000163235,add_a0.5,64.08602150537635,83.2258064516129,0.2267258083351893,0.2946809752347442
ENSG00000163235,add_a1.0,68.7741935483871,81.29032258064515,0.242683020972261,0.2942576075569227
ENSG00000163235,add_a2.0,74.10752688172043,87.2258064516129,0.2536211905293432,0.3477401770184752
ENSG00000163235,add_a3.0,83.74193548387098,93.80645161290322,0.2718557480334342,0.4080633942048203
ENSG00000163235,add_a4.0,84.3010752688172,88.25806451612902,0.3072972284410655,0.4556278086510023
ENSG00000163235,add_gc_removed_a1.0,57.20430107526882,69.93548387096774,0.2888322012252081,0.3020433580115201
ENSG00000163235,add_own,76.25806451612904,91.48387096774194,0.2554240034421836,0.3523714398422382
ENSG00000163235,random_a1.0,61.67741935483871,76.25806451612902,0.2371340339805314,0.2427443513184891
ENSG00000163235,unsteered,60.38709677419355,72.25806451612902,0.3633555217022774,0.4066018266906286
ENSG00000163462,add_a0.5,61.55999999999999,65.34534534534535,0.250092831224337,0.2532029939516972
ENSG00000163462,add_a1.0,62.7,72.9129129129129,0.227298750708772,0.2437318171814674
ENSG00000163462,add_a2.0,71.8,82.52252252252252,0.2490751563630536,0.3058398678559742
ENSG00000163462,add_a3.0,83.68,85.4054054054054,0.2657728343346754,0.352902948911342
ENSG00000163462,add_a4.0,80.05999999999999,80.72072072072072,0.2656503255567705,0.3415076387759165
ENSG00000163462,add_gc_removed_a1.0,51.52,38.85885885885886,0.3697359858529597,0.3165305050095822
ENSG00000163462,add_own,68.72,68.22822822822823,0.2304346708988672,0.2638481997570311
ENSG00000163462,random_a1.0,61.52,61.08108108108108,0.2742546967997954,0.2665478877757318
ENSG00000163462,unsteered,58.9,61.44144144144144,0.3000741537630133,0.2891990235716623
ENSG00000163719,add_a0.5,75.03999999999999,84.38438438438439,0.2881057062216953,0.2662856510507686
ENSG00000163719,add_a1.0,77.82000000000001,83.78378378378378,0.3930169137211561,0.3752715457646566
ENSG00000163719,add_a2.0,82.65251251251252,91.29129129129127,0.3948196612845575,0.3700108517622341
ENSG00000163719,add_a3.0,80.84,87.0870870870871,0.3470660338970727,0.3245839777745579
ENSG00000163719,add_a4.0,84.76,90.75075075075075,0.4188259217600301,0.3928581712416449
ENSG00000163719,add_gc_removed_a1.0,58.58,68.76876876876877,0.2158669887130154,0.2131939732760318
ENSG00000163719,add_own,77.97999999999999,81.74174174174175,0.356007086492118,0.3383068106929574
ENSG00000163719,random_a1.0,71.64000000000001,81.2012012012012,0.2792562096274922,0.260445407784922
ENSG00000163719,unsteered,68.58,74.53453453453453,0.2519070973755776,0.2391360622194665
ENSG00000163728,add_a0.5,67.34,68.70870870870871,0.3593131177224626,0.4165270314462138
ENSG00000163728,add_a1.0,82.1,84.74474474474474,0.4765746855226334,0.5498748730696377
ENSG00000163728,add_a2.0,78.86,82.16216216216216,0.3918744346148112,0.4662464578285319
ENSG00000163728,add_a3.0,79.74,87.02702702702703,0.3846384293603295,0.4717484958921947
ENSG00000163728,add_a4.0,87.78,89.1891891891892,0.4575601693108987,0.545960176351099
ENSG00000163728,add_gc_removed_a1.0,54.28,49.42942942942943,0.1703233366070082,0.1981939011411415
ENSG00000163728,add_own,63.32000000000001,57.29729729729729,0.2841079199464018,0.3325121746226652
ENSG00000163728,random_a1.0,53.84,59.21921921921921,0.2047251611140806,0.2483775396799696
ENSG00000163728,unsteered,54.260000000000005,48.46846846846847,0.2615225222590638,0.2788020912910963
ENSG00000163870,add_a0.5,59.85232067510549,80.0,0.0766557977675628,0.0843384212852886
ENSG00000163870,add_a1.0,64.3605612215346,80.0632911392405,0.1363579292576111,0.1298362076629711
ENSG00000163870,add_a2.0,72.25738396624472,90.0,0.2290642417339917,0.2321743426685656
ENSG00000163870,add_a3.0,77.86919831223629,85.44303797468355,0.2552935042140599,0.2440795985276569
ENSG00000163870,add_a4.0,89.40928270042194,94.74683544303798,0.4134271896690534,0.3860431704466425
ENSG00000163870,add_gc_removed_a1.0,55.88607594936709,68.67088607594937,0.1192645169084245,0.1181604066235202
ENSG00000163870,add_own,64.83122362869199,83.16455696202532,0.1245310571850539,0.1273219142053094
ENSG00000163870,random_a1.0,58.83966244725739,78.54430379746836,0.0821115353724415,0.0841589078466834
ENSG00000163870,unsteered,56.26582278481012,63.03797468354431,0.1678288773202129,0.1712096279113153
ENSG00000163930,add_a0.5,70.16,88.1081081081081,0.2306344351065963,0.1989122803350849
ENSG00000163930,add_a1.0,71.03999999999999,90.39039039039038,0.1934632829535133,0.16118099152376
ENSG00000163930,add_a2.0,75.02000000000001,91.4114114114114,0.2731399739814259,0.2317461936147211
ENSG00000163930,add_a3.0,83.1,94.5945945945946,0.3391106785910194,0.2998657078219797
ENSG00000163930,add_a4.0,79.82000000000001,96.33633633633632,0.3085433294110131,0.261823432563019
ENSG00000163930,add_gc_removed_a1.0,58.3,71.47147147147146,0.1535663536683888,0.1368592937884764
ENSG00000163930,add_own,68.82000000000001,96.996996996997,0.2371643679947322,0.1906807601600499
ENSG00000163930,random_a1.0,63.28000000000001,79.33933933933933,0.113867570623566,0.0853155814528465
ENSG00000163930,unsteered,62.42,71.47147147147146,0.1827935788981358,0.1624474714583939
ENSG00000163933,add_a0.5,57.56,68.4084084084084,0.1288070761238306,0.0954702482928696
ENSG00000163933,add_a1.0,67.8,91.47147147147146,0.2930633268289873,0.2500727955580218
ENSG00000163933,add_a2.0,76.46000000000001,94.4144144144144,0.4113568709757164,0.3703051830256702
ENSG00000163933,add_a3.0,74.78,96.8168168168168,0.3989307501404163,0.3597203241856063
ENSG00000163933,add_a4.0,76.46000000000001,92.73273273273271,0.3880231328241147,0.355090567268948
ENSG00000163933,add_gc_removed_a1.0,52.48,60.24024024024025,0.1429733396287591,0.1300842543733235
ENSG00000163933,add_own,71.52000000000001,89.42942942942943,0.3312507988654114,0.2956418267976327
ENSG00000163933,random_a1.0,50.96,57.53753753753754,0.0806593808237762,0.0576500205530349
ENSG00000163933,unsteered,51.5,62.64264264264264,0.0706744779313747,0.0414068233078676
ENSG00000163946,add_a0.5,87.16,91.8918918918919,0.5744278955119391,0.5907580750980237
ENSG00000163946,add_a1.0,88.62,94.77477477477478,0.5926472955943111,0.6096719569924408
ENSG00000163946,add_a2.0,87.94,90.57057057057057,0.5111393552249692,0.5361848532105907
ENSG00000163946,add_a3.0,89.86,91.47147147147147,0.5423342461163749,0.5692434284660457
ENSG00000163946,add_a4.0,87.86,87.8078078078078,0.4886472591539147,0.5173212921814896
ENSG00000163946,add_gc_removed_a1.0,64.22,76.81681681681683,0.4426419028366847,0.4419312246609633
ENSG00000163946,add_own,89.32000000000001,86.06606606606606,0.5447410854348682,0.567632602299017
ENSG00000163946,random_a1.0,70.16,76.09609609609609,0.3430753164092058,0.3548662244908618
ENSG00000163946,unsteered,84.36,85.52552552552552,0.5400005722245766,0.5537372068879336
ENSG00000164080,add_a0.5,71.4,97.17717717717716,0.6134777110338488,0.623877640821336
ENSG00000164080,add_a1.0,76.12,95.43543543543544,0.4558476550073941,0.4583845309588924
ENSG00000164080,add_a2.0,81.9,93.87387387387388,0.4775455695851803,0.4770503834664027
ENSG00000164080,add_a3.0,93.48,95.1951951951952,0.5861198518686339,0.5647854543873093
ENSG00000164080,add_a4.0,83.32000000000001,94.4144144144144,0.4040135252780391,0.3920275807584335
ENSG00000164080,add_gc_removed_a1.0,54.72616616616617,65.58558558558558,0.2841702471239332,0.2940648178190476
ENSG00000164080,add_own,80.1,93.45345345345343,0.3856415517066217,0.3925982838996882
ENSG00000164080,random_a1.0,54.46,75.25525525525526,0.5971746706704791,0.6071771359209253
ENSG00000164080,unsteered,66.53999999999999,83.72372372372372,0.389763292659749,0.3991750754539255
ENSG00000164342,add_a0.5,49.66,58.61861861861862,0.2177311685575507,0.1987273901648024
ENSG00000164342,add_a1.0,43.44,42.04204204204204,0.4639179074500082,0.4123869033143277
ENSG00000164342,add_a2.0,65.87385385385386,76.33633633633633,0.1882918335970302,0.3420765553734405
ENSG00000164342,add_a3.0,76.1,76.996996996997,0.3237779427095243,0.4526814827052944
ENSG00000164342,add_a4.0,84.8,84.74474474474475,0.3772615331456103,0.5464662624531472
ENSG00000164342,add_gc_removed_a1.0,37.62,38.4984984984985,0.3893849180289043,0.1909855984153712
ENSG00000164342,add_own,58.44,56.03603603603604,0.4561949837811005,0.4774020112152787
ENSG00000164342,random_a1.0,52.86,56.27627627627628,0.3191189596374374,0.3037154098608399
ENSG00000164342,unsteered,44.78,41.8018018018018,0.5221563152918022,0.4273511519782088
ENSG00000164548,add_a0.5,50.355731225296445,42.60869565217392,0.0817630862606485,0.0901060616186466
ENSG00000164548,add_a1.0,51.72595520421608,55.25691699604742,0.2211899571943017,0.2291900862782141
ENSG00000164548,add_a2.0,74.01844532279316,87.66798418972333,0.4096256015373084,0.4344019636159101
ENSG00000164548,add_a3.0,77.31225296442688,91.85770750988142,0.4617893331279276,0.4795493668717941
ENSG00000164548,add_a4.0,85.48089591567853,92.09486166007903,0.5496392248400331,0.5507793720151024
ENSG00000164548,add_gc_removed_a1.0,49.32806324110672,39.68379446640317,0.0933932444430299,0.0996204686659221
ENSG00000164548,add_own,56.258234519104086,55.8893280632411,0.1002246445502418,0.1239254557191657
ENSG00000164548,random_a1.0,45.69169960474308,35.96837944664031,0.0848759764194866,0.0768378689243842
ENSG00000164548,unsteered,50.64558629776021,44.901185770750985,0.0938795298789181,0.0937037308233204
ENSG00000164761,add_a0.5,54.36,61.08108108108108,0.1421016352342745,0.1860053775781983
ENSG00000164761,add_a1.0,68.58,79.51951951951952,0.195611859259526,0.2893125346342519
ENSG00000164761,add_a2.0,73.5,76.75675675675676,0.2301526235935196,0.332437750905442
ENSG00000164761,add_a3.0,79.72,88.88888888888889,0.3411316614486962,0.445215508490029
ENSG00000164761,add_a4.0,83.8,87.92792792792793,0.3499991806392886,0.4744899155015547
ENSG00000164761,add_gc_removed_a1.0,41.27119119119119,43.06306306306307,0.2154255455933503,0.2135633157209428
ENSG00000164761,add_own,57.620000000000005,69.06906906906906,0.1674768020757501,0.2254647736739975
ENSG00000164761,random_a1.0,44.720000000000006,41.5015015015015,0.1959879611397785,0.1932492391960795
ENSG00000164761,unsteered,41.120000000000005,42.34234234234235,0.1541185628525329,0.1414852689875891
ENSG00000164880,add_a0.5,75.46000000000001,94.29429429429428,0.1606899963480301,0.1845994322097297
ENSG00000164880,add_a1.0,72.8,82.34234234234233,0.2962936110505085,0.3140072602672883
ENSG00000164880,add_a2.0,86.4,96.87687687687688,0.2553127660564649,0.2928217662670228
ENSG00000164880,add_a3.0,89.2,93.993993993994,0.297995162794607,0.3317315791371003
ENSG00000164880,add_a4.0,90.46,94.89489489489488,0.3271561508845806,0.3630776722423513
ENSG00000164880,add_gc_removed_a1.0,60.17999999999999,69.42942942942943,0.195650835649022,0.1952876148338971
ENSG00000164880,add_own,77.52000000000001,96.87687687687688,0.1871826438804668,0.2110285448502548
ENSG00000164880,random_a1.0,72.8,84.74474474474474,0.1545012724334827,0.163038917513995
ENSG00000164880,unsteered,62.44,70.87087087087087,0.1822862652170755,0.1739741888133096
ENSG00000164935,add_a0.5,47.1,48.648648648648646,0.1529612913149488,0.1323354269602628
ENSG00000164935,add_a1.0,66.46000000000001,75.07507507507508,0.3493993542541428,0.3449140493528806
ENSG00000164935,add_a2.0,77.42,87.8078078078078,0.3429211644751756,0.3560324319698019
ENSG00000164935,add_a3.0,81.27607607607607,81.68168168168168,0.4106454532018297,0.4066723484542646
ENSG00000164935,add_a4.0,82.6,91.4114114114114,0.416496132558782,0.4265725950680109
ENSG00000164935,add_gc_removed_a1.0,39.7,43.66366366366366,0.1618034773578477,0.1595927132353481
ENSG00000164935,add_own,54.64,60.84084084084084,0.2068441816985961,0.2139540556313705
ENSG00000164935,random_a1.0,54.08,53.213213213213216,0.2742838019570786,0.2561077713394704
ENSG00000164935,unsteered,44.86,39.45945945945946,0.2355756897138416,0.2288576877316509
ENSG00000164961,add_a0.5,47.84,50.15015015015015,0.1765595400716918,0.160633030489749
ENSG00000164961,add_a1.0,53.120000000000005,56.6966966966967,0.1533846290247301,0.1792269219419958
ENSG00000164961,add_a2.0,65.66,83.003003003003,0.2294553522868306,0.38975241146023
ENSG00000164961,add_a3.0,68.0,89.54954954954954,0.1983922575395007,0.3817258356340943
ENSG00000164961,add_a4.0,78.8,91.29129129129127,0.274708356727476,0.4754520179447489
ENSG00000164961,add_gc_removed_a1.0,37.760000000000005,35.91591591591592,0.1738323493657373,0.085239613375822
ENSG00000164961,add_own,62.17999999999999,82.76276276276276,0.1638659362764381,0.297561994934148
ENSG00000164961,random_a1.0,39.8,38.07807807807808,0.1666971596131582,0.0866327172318133
ENSG00000164961,unsteered,37.78,35.1951951951952,0.179659578220287,0.0917418553803142
ENSG00000164975,add_a0.5,79.14,95.25525525525524,0.4256442320524091,0.3933256269628916
ENSG00000164975,add_a1.0,82.17999999999999,96.27627627627628,0.4611426192696813,0.4277086466523806
ENSG00000164975,add_a2.0,80.255995995996,96.3963963963964,0.4650071224743743,0.4265777914634144
ENSG00000164975,add_a3.0,85.14,96.15615615615616,0.501862064165963,0.4652848951445337
ENSG00000164975,add_a4.0,87.52000000000001,90.75075075075075,0.5218938809870906,0.4884457057155364
ENSG00000164975,add_gc_removed_a1.0,65.96000000000001,78.61861861861863,0.272396631175591,0.2655833883116556
ENSG00000164975,add_own,68.75999999999999,85.46546546546547,0.2956893606198702,0.2774007803832542
ENSG00000164975,random_a1.0,57.720000000000006,71.95195195195195,0.2156245260760768,0.2128653395527868
ENSG00000164975,unsteered,67.29215215215216,82.94294294294295,0.3410228797229493,0.310126205834207
ENSG00000165124,add_a0.5,75.86,91.8918918918919,0.341707966916978,0.3033753049560547
ENSG00000165124,add_a1.0,80.34,95.07507507507508,0.3859107429910385,0.3429711362131301
ENSG00000165124,add_a2.0,80.67999999999999,89.66966966966967,0.3479782244714951,0.3083286239751444
ENSG00000165124,add_a3.0,78.9,90.8108108108108,0.3298221404586522,0.2940348451923871
ENSG00000165124,add_a4.0,80.64,93.27327327327328,0.3253551628771424,0.2959797634395242
ENSG00000165124,add_gc_removed_a1.0,70.53999999999999,86.06606606606606,0.2725790572469065,0.2415939699970874
ENSG00000165124,add_own,73.97999999999999,93.69369369369367,0.3394993430090135,0.3062732352351515
ENSG00000165124,random_a1.0,74.14,91.05105105105103,0.3178166898358127,0.272409598883406
ENSG00000165124,unsteered,76.7,91.17117117117115,0.3059041058100974,0.2811095352726332
ENSG00000165282,add_a0.5,67.19173173173174,80.58630920076703,0.1653309193987454,0.1708251582988207
ENSG00000165282,add_a1.0,73.3,92.31231231231232,0.1274739603408366,0.263022747561199
ENSG00000165282,add_a2.0,74.94,94.47447447447448,0.1088129859396422,0.2650423465561012
ENSG00000165282,add_a3.0,83.496996996997,94.77477477477478,0.1606083236888199,0.3563473090372498
ENSG00000165282,add_a4.0,80.86,95.97597597597596,0.1373051017808849,0.3352645394580125
ENSG00000165282,add_gc_removed_a1.0,57.82000000000001,78.07807807807808,0.1804162088484839,0.1286667822189685
ENSG00000165282,add_own,79.72,95.49549549549548,0.1179174786624885,0.3051464865985916
ENSG00000165282,random_a1.0,69.25115115115116,85.32616954303701,0.1614634545389218,0.2209253121313778
ENSG00000165282,unsteered,63.52,79.63963963963964,0.1435201821151754,0.1255911928735115
ENSG00000165724,add_a0.5,72.05387205387206,83.03030303030303,0.2338243469746956,0.2720127238111377
ENSG00000165724,add_a1.0,76.43097643097643,92.12121212121212,0.2453808860227611,0.2853704534913155
ENSG00000165724,add_a2.0,78.14814814814815,91.31313131313132,0.2789675362577861,0.3402234043470451
ENSG00000165724,add_a3.0,78.95622895622895,94.24242424242424,0.2718765147872322,0.3335729630889398
ENSG00000165724,add_a4.0,74.81481481481481,93.83838383838383,0.24601326764424,0.3186521771616221
ENSG00000165724,add_gc_removed_a1.0,69.15824915824916,90.9090909090909,0.2118236613863535,0.2739605228103864
ENSG00000165724,add_own,71.51515151515152,92.82828282828282,0.2436652370601841,0.3051492956395267
ENSG00000165724,random_a1.0,69.52861952861953,81.31313131313132,0.2553041368149098,0.2877446801114861
ENSG00000165724,unsteered,69.22558922558923,86.76767676767676,0.3204042032954813,0.3572322363193211
ENSG00000165929,add_a0.5,28.8,30.51051051051051,0.1645950497739156,0.1529497757183849
ENSG00000165929,add_a1.0,30.84,28.34834834834835,0.1885180523415526,0.1678072547699204
ENSG00000165929,add_a2.0,56.9,56.996996996997,0.217056828171106,0.2204817516869727
ENSG00000165929,add_a3.0,70.6,65.94594594594595,0.3444078051239135,0.3540615327698765
ENSG00000165929,add_a4.0,84.22,85.82582582582583,0.4979854307732313,0.5155123265618269
ENSG00000165929,add_gc_removed_a1.0,26.14,27.027027027027025,0.2467635213562005,0.227416815534203
ENSG00000165929,add_own,44.18,43.9039039039039,0.1574271939410703,0.1507014701569432
ENSG00000165929,random_a1.0,26.94,22.22222222222222,0.1949594214882666,0.1894004568059442
ENSG00000165929,unsteered,28.82,21.8018018018018,0.2751255732149205,0.2558014765368755
ENSG00000166192,add_a0.5,51.74757023386915,58.79781420765028,0.176286080734661,0.1660789757931288
ENSG00000166192,add_a1.0,59.89071038251366,74.86338797814207,0.1589463057202056,0.186989323150418
ENSG00000166192,add_a2.0,62.69581056466302,83.82513661202185,0.1686833196873537,0.2275865944224935
ENSG00000166192,add_a3.0,65.61020036429872,82.07650273224044,0.2221183792431429,0.2726170052422195
ENSG00000166192,add_a4.0,64.99089253187614,80.32786885245902,0.218545282277017,0.2666958691049112
ENSG00000166192,add_gc_removed_a1.0,45.93806921675774,52.89617486338798,0.1472182902457079,0.1245205791324806
ENSG00000166192,add_own,59.96357012750455,77.59562841530055,0.1548294338763895,0.1980815622814041
ENSG00000166192,random_a1.0,48.48816029143898,54.97267759562842,0.1343132035301708,0.1266391037049719
ENSG00000166192,unsteered,52.38615664845173,65.46448087431693,0.159687199020318,0.1582008572146205
ENSG00000166342,add_a0.5,40.82,43.72372372372372,0.2328786587757604,0.2194504962927624
ENSG00000166342,add_a1.0,53.260000000000005,54.8948948948949,0.2155185468190084,0.2195442337068999
ENSG00000166342,add_a2.0,68.44,67.62762762762763,0.2542038957899382,0.2759862087742125
ENSG00000166342,add_a3.0,85.36,88.64864864864865,0.4575265292039333,0.4903022654947104
ENSG00000166342,add_a4.0,85.3,85.52552552552552,0.4313486490365624,0.4670252404440851
ENSG00000166342,add_gc_removed_a1.0,37.64,37.65765765765766,0.1983552378389766,0.1900950473894959
ENSG00000166342,add_own,58.1,62.76276276276276,0.2356695738013,0.2450767634787555
ENSG00000166342,random_a1.0,33.760000000000005,31.111111111111107,0.1838813308996449,0.1668987968361902
ENSG00000166342,unsteered,35.82,33.27327327327328,0.1886182503304969,0.1783251475905032
ENSG00000166780,add_a0.5,67.87878787878789,70.23923444976076,0.2482010853861749,0.3385193000808911
ENSG00000166780,add_a1.0,65.03987240829346,72.4401913875598,0.2420101863558525,0.3380402191976658
ENSG00000166780,add_a2.0,77.54385964912281,90.52631578947368,0.2495497273045624,0.3618370558637748
ENSG00000166780,add_a3.0,80.54226475279106,88.61244019138755,0.3371947642939247,0.4577128994555061
ENSG00000166780,add_a4.0,80.7017543859649,89.377990430622,0.3033497785057327,0.4356924413960898
ENSG00000166780,add_gc_removed_a1.0,57.799043062200965,68.51674641148325,0.2560431870668817,0.2825846738821088
ENSG00000166780,add_own,75.69377990430623,95.88516746411484,0.3613581866634985,0.3847326206184257
ENSG00000166780,random_a1.0,66.85805422647528,83.25358851674642,0.255291725867693,0.302361692536448
ENSG00000166780,unsteered,56.58692185007974,72.05741626794259,0.2485671991006027,0.2335647228046575
ENSG00000166889,add_a0.5,41.48,39.51951951951952,0.3295801918790219,0.2754363662511626
ENSG00000166889,add_a1.0,55.54974974974975,51.891891891891895,0.1728800583921688,0.1681072089908468
ENSG00000166889,add_a2.0,66.76,78.91891891891892,0.2425911673455974,0.342941872802817
ENSG00000166889,add_a3.0,76.88,77.2972972972973,0.2459527907764081,0.3436231634146188
ENSG00000166889,add_a4.0,85.3,94.17417417417415,0.2916098921315133,0.4744996167554971
ENSG00000166889,add_gc_removed_a1.0,41.9,42.22222222222222,0.2483673507785977,0.1832454304900914
ENSG00000166889,add_own,68.62,71.47147147147146,0.2192856005372006,0.2991101370291182
ENSG00000166889,random_a1.0,44.08,38.4984984984985,0.1978369084579079,0.1143396156216007
ENSG00000166889,unsteered,39.760000000000005,36.0960960960961,0.2399361344480663,0.1536005160238739
ENSG00000167085,add_a0.5,56.625514403292186,65.59670781893004,0.1069074565356274,0.0210488709294755
ENSG00000167085,add_a1.0,60.74074074074074,77.20164609053498,0.0773398906661162,0.0776326973485098
ENSG00000167085,add_a2.0,66.14540466392319,90.53497942386832,0.059911116782449,0.1456895849771517
ENSG00000167085,add_a3.0,67.21536351165982,94.15637860082305,0.0711824010967574,0.182187424110149
ENSG00000167085,add_a4.0,68.09327846364883,92.59259259259258,0.0718545170092825,0.1786828913327933
ENSG00000167085,add_gc_removed_a1.0,53.88203017832648,58.51851851851852,0.1534913266146363,0.0375973469360484
ENSG00000167085,add_own,62.35939643347051,81.48148148148148,0.0648179668026228,0.084528871145398
ENSG00000167085,random_a1.0,55.41838134430727,62.05761316872429,0.1255816458948155,0.0265157116106857
ENSG00000167085,unsteered,55.00685871056241,61.31687242798354,0.1310239118427837,0.0294691520505879
ENSG00000167693,add_a0.5,75.3,81.62162162162163,0.2002750798085681,0.1934450716535573
ENSG00000167693,add_a1.0,84.25999999999999,92.49249249249247,0.2733131089775986,0.2657148536434305
ENSG00000167693,add_a2.0,87.24,91.47147147147146,0.2955293584740669,0.2765662886067269
ENSG00000167693,add_a3.0,87.16,96.03603603603604,0.2796903673827718,0.2489733939323398
ENSG00000167693,add_a4.0,89.88,91.53153153153151,0.3423389910562474,0.3248902648772945
ENSG00000167693,add_gc_removed_a1.0,69.43215215215216,72.49249249249249,0.3138016063963664,0.2965800433289475
ENSG00000167693,add_own,85.58,85.52552552552552,0.3742131786120088,0.3469425905751894
ENSG00000167693,random_a1.0,72.23285285285286,92.25225225225223,0.2181276593967124,0.2091917278574102
ENSG00000167693,unsteered,73.38794794794795,83.18318318318317,0.3322882420042295,0.3118768835445481
ENSG00000167992,add_a0.5,89.3,89.6096096096096,0.4140730043269903,0.425796624141732
ENSG00000167992,add_a1.0,85.61999999999999,89.12912912912913,0.336864686856075,0.3399605270881353
ENSG00000167992,add_a2.0,86.08,91.23123123123123,0.3219080892041756,0.3154944657551422
ENSG00000167992,add_a3.0,85.84,93.63363363363364,0.3356128603239438,0.3203841319989112
ENSG00000167992,add_a4.0,85.96,93.2132132132132,0.3172726664716897,0.3124164748863423
ENSG00000167992,add_gc_removed_a1.0,70.5,72.55255255255256,0.2223264087922349,0.2342379614138038
ENSG00000167992,add_own,90.58,89.96996996996998,0.3574187796836781,0.3663554946724397
ENSG00000167992,random_a1.0,72.97999999999999,75.61561561561561,0.2514744550312592,0.246072049459268
ENSG00000167992,unsteered,81.12,84.74474474474475,0.3564462343044585,0.3582607818163257
ENSG00000168016,add_a0.5,56.260000000000005,67.68768768768768,0.1249461103711888,0.1372773666161622
ENSG00000168016,add_a1.0,60.7,69.36936936936937,0.1765999347356139,0.2143063650987355
ENSG00000168016,add_a2.0,72.4,88.34834834834835,0.1866130990187719,0.2914069490775205
ENSG00000168016,add_a3.0,77.47999999999999,93.15315315315316,0.2136030782287473,0.3521831616732817
ENSG00000168016,add_a4.0,81.3,89.6096096096096,0.2891843838998973,0.3992556107996176
ENSG00000168016,add_gc_removed_a1.0,41.2,44.2042042042042,0.2691615865463964,0.1882189864360715
ENSG00000168016,add_own,57.86,67.44744744744744,0.1627601292835617,0.1774927983952354
ENSG00000168016,random_a1.0,49.38,56.75675675675676,0.1924776748366474,0.1570551512645459
ENSG00000168016,unsteered,47.34,51.53153153153153,0.183470063357512,0.110361492169286
ENSG00000168038,add_a0.5,50.02,59.69969969969971,0.2101967950957685,0.2326984466590168
ENSG00000168038,add_a1.0,58.220000000000006,64.8048048048048,0.2662164612793424,0.2724475000019821
ENSG00000168038,add_a2.0,64.76,85.4054054054054,0.3997729691051281,0.4074013805875277
ENSG00000168038,add_a3.0,75.8,90.99099099099098,0.4786442173672224,0.4762579018065537
ENSG00000168038,add_a4.0,73.97999999999999,91.83183183183182,0.4737033615155976,0.4781658636439412
ENSG00000168038,add_gc_removed_a1.0,43.760000000000005,47.687687687687685,0.1785942960423317,0.1976343679618881
ENSG00000168038,add_own,54.02,65.34534534534535,0.2461025495481825,0.2620982904396201
ENSG00000168038,random_a1.0,45.12,47.087087087087085,0.1525180978536621,0.1678982305740201
ENSG00000168038,unsteered,43.38,47.087087087087085,0.1790337440698799,0.2016056052954648
ENSG00000168143,add_a0.5,39.84,35.7957957957958,0.112579939337116,0.0923768403560718
ENSG00000168143,add_a1.0,53.71999999999999,65.64564564564564,0.244092458372344,0.3005963025644931
ENSG00000168143,add_a2.0,75.4,90.15015015015015,0.3627037397660404,0.4524389062664058
ENSG00000168143,add_a3.0,75.28,92.07207207207207,0.3633854286959682,0.4571544095540524
ENSG00000168143,add_a4.0,77.89353353353354,85.0918991280437,0.3548317114380886,0.4302697329989932
ENSG00000168143,add_gc_removed_a1.0,35.4,33.57357357357357,0.1161986568893557,0.0901534290711822
ENSG00000168143,add_own,47.260000000000005,45.88588588588589,0.109921546426514,0.1121294582490378
ENSG00000168143,random_a1.0,36.54,23.783783783783782,0.2718841957715395,0.2444582507516156
ENSG00000168143,unsteered,37.6,33.63363363363364,0.0782559746968818,0.0596388031925682
ENSG00000168237,add_a0.5,63.48,74.47447447447448,0.1956910325490934,0.2098634682369999
ENSG00000168237,add_a1.0,67.58,79.63963963963964,0.1521139608026593,0.1891530357382158
ENSG00000168237,add_a2.0,71.8,85.46546546546547,0.1946616840613234,0.2454120614730831
ENSG00000168237,add_a3.0,81.82,94.95495495495496,0.2021804628978443,0.2765249509248115
ENSG00000168237,add_a4.0,84.08,88.94894894894895,0.2686970244713605,0.3376995911754436
ENSG00000168237,add_gc_removed_a1.0,52.6,57.477477477477485,0.19524729323871,0.1623217852973499
ENSG00000168237,add_own,68.86,79.3993993993994,0.1533566800291052,0.1842854550887087
ENSG00000168237,random_a1.0,60.3,64.56456456456456,0.1843416632268454,0.1838190903227293
ENSG00000168237,unsteered,53.64,59.45945945945946,0.1728050398355461,0.1551616688725433
ENSG00000168280,add_a0.5,52.4,56.27627627627628,0.2209145230713668,0.1559559179870225
ENSG00000168280,add_a1.0,69.26,86.12612612612612,0.2421487413791798,0.3279528320997067
ENSG00000168280,add_a2.0,77.46000000000001,90.75075075075075,0.2995705179290293,0.4057238857171123
ENSG00000168280,add_a3.0,85.34,83.78378378378379,0.4239717071380893,0.4695142233858144
ENSG00000168280,add_a4.0,75.72,90.69069069069069,0.2582019218622602,0.3719178091470947
ENSG00000168280,add_gc_removed_a1.0,55.44,56.0960960960961,0.2898035956935655,0.2173055978906503
ENSG00000168280,add_own,79.38,87.26726726726727,0.3548078423229318,0.4315858392883832
ENSG00000168280,random_a1.0,59.28,61.92192192192192,0.2320570717280885,0.2004716569730945
ENSG00000168280,unsteered,74.03999999999999,73.87387387387386,0.4214889814559093,0.4291752720895739
ENSG00000168874,add_a0.5,79.2894461859979,94.1692789968652,0.2635462866124761,0.2026871013165562
ENSG00000168874,add_a1.0,73.98119122257053,83.8871473354232,0.2479050863926937,0.1729401747596025
ENSG00000168874,add_a2.0,77.04835106220187,95.16610476922774,0.2954676908174863,0.1996774386188471
ENSG00000168874,add_a3.0,85.91431556948798,95.98746081504704,0.3313981674948927,0.2473783420660556
ENSG00000168874,add_a4.0,88.23406478578893,96.1755485893417,0.4217593838960276,0.3363496507221876
ENSG00000168874,add_gc_removed_a1.0,62.99574157386883,68.96551724137932,0.2780794340169137,0.2338362052243967
ENSG00000168874,add_own,78.64158829676072,92.2257053291536,0.309969980052405,0.2187884104471689
ENSG00000168874,random_a1.0,83.00940438871473,89.15360501567399,0.3215371708072987,0.2372796103251685
ENSG00000168874,unsteered,76.44723092998954,88.58934169278997,0.3253439808671687,0.243379508682527
ENSG00000169679,add_a0.5,46.6,45.94594594594595,0.1478204718923158,0.1486089885651575
ENSG00000169679,add_a1.0,50.32,60.84084084084084,0.2083201651960793,0.227258795426629
ENSG00000169679,add_a2.0,70.36,82.70270270270271,0.3052334100757546,0.3517975613151557
ENSG00000169679,add_a3.0,74.5,95.73573573573574,0.415007171542383,0.4705749187362089
ENSG00000169679,add_a4.0,83.88,92.43243243243244,0.4519217673781447,0.5074607375301081
ENSG00000169679,add_gc_removed_a1.0,34.160000000000004,28.888888888888893,0.1251004257278578,0.1011921090307756
ENSG00000169679,add_own,49.95117117117117,46.24624624624624,0.1730311619805331,0.1825073528342768
ENSG00000169679,random_a1.0,38.18,34.65465465465466,0.114664811109047,0.0970503636117349
ENSG00000169679,unsteered,33.34,30.45045045045045,0.1772653837743296,0.1609876841802828
ENSG00000169744,add_a0.5,45.48,47.62762762762763,0.1969969781337175,0.1970679052748183
ENSG00000169744,add_a1.0,57.46,62.10210210210211,0.2309076776466576,0.2165485231751882
ENSG00000169744,add_a2.0,81.38,80.0,0.4414167188487089,0.3994036247764411
ENSG00000169744,add_a3.0,87.16,88.1081081081081,0.538689315225183,0.4899896445565408
ENSG00000169744,add_a4.0,87.1,89.96996996996998,0.5152000360596596,0.4529074775936889
ENSG00000169744,add_gc_removed_a1.0,40.4,34.8948948948949,0.195302972792333,0.2076803727993754
ENSG00000169744,add_own,59.66,70.990990990991,0.2582390742034884,0.2379509148649373
ENSG00000169744,random_a1.0,42.68,38.97897897897898,0.3219026827992277,0.3340027358497672
ENSG00000169744,unsteered,42.82,45.52552552552552,0.2395150200575703,0.2541416969990326
ENSG00000170385,add_a0.5,69.8,93.33333333333331,0.227249509063902,0.2431368850220813
ENSG00000170385,add_a1.0,70.64,89.7897897897898,0.2458250708586979,0.2574556278224786
ENSG00000170385,add_a2.0,75.58,98.13813813813812,0.2438005481424301,0.2640717182617494
ENSG00000170385,add_a3.0,74.86,89.7897897897898,0.2438945161342568,0.2469792434073472
ENSG00000170385,add_a4.0,75.66,91.95195195195194,0.2235648669674697,0.2303283103349834
ENSG00000170385,add_gc_removed_a1.0,65.47999999999999,85.82582582582583,0.1611296907672952,0.174521061943879
ENSG00000170385,add_own,72.42,93.69369369369367,0.2224509398314775,0.2425481945611499
ENSG00000170385,random_a1.0,68.67999999999999,94.29429429429428,0.1990943461706527,0.2202679252412069
ENSG00000170385,unsteered,73.02,91.4114114114114,0.257128173545455,0.2643929831074308
ENSG00000170502,add_a0.5,63.99551066217733,70.84175084175084,0.3927918280856107,0.4175598456479024
ENSG00000170502,add_a1.0,65.0280583613917,72.39057239057239,0.2757807962256299,0.3017652678055372
ENSG00000170502,add_a2.0,76.79012345679013,76.36363636363637,0.3911937287850724,0.4234326788263027
ENSG00000170502,add_a3.0,77.30639730639732,80.0,0.3597164300746346,0.3964183104272902
ENSG00000170502,add_a4.0,79.68574635241302,89.0909090909091,0.4083217553574442,0.4482641929354408
ENSG00000170502,add_gc_removed_a1.0,55.42087542087542,58.04713804713805,0.2775723285460779,0.2935382337847808
ENSG00000170502,add_own,67.04826038159372,69.4949494949495,0.3574561474801184,0.3730335511987692
ENSG00000170502,random_a1.0,44.84848484848485,46.5993265993266,0.4171393234170382,0.4035932166702592
ENSG00000170502,unsteered,43.72615039281706,41.61616161616162,0.3941198428246186,0.373538669188881
ENSG00000170955,add_a0.5,75.05291005291005,77.46031746031747,0.2449161637655172,0.2064497515426215
ENSG00000170955,add_a1.0,72.6984126984127,88.01587301587301,0.2467019719161411,0.257663335041366
ENSG00000170955,add_a2.0,83.33333333333334,95.3968253968254,0.1263558111238694,0.1922492196857584
ENSG00000170955,add_a3.0,80.63492063492063,89.44444444444444,0.1615227726543764,0.2015964851876731
ENSG00000170955,add_a4.0,80.50264550264549,93.73015873015872,0.1167744758383275,0.1805538768970168
ENSG00000170955,add_gc_removed_a1.0,59.28571428571429,67.85714285714286,0.3568993550660324,0.2685291581719678
ENSG00000170955,add_own,75.60846560846561,94.92063492063492,0.1280775488531235,0.1696632458579204
ENSG00000170955,random_a1.0,70.37037037037037,82.93650793650794,0.2536731754505812,0.2428765919649054
ENSG00000170955,unsteered,63.20105820105821,69.84126984126985,0.3958671683798153,0.3224402985278051
ENSG00000171357,add_a0.5,70.30054644808743,81.22950819672131,0.16257804912097,0.1913116458877089
ENSG00000171357,add_a1.0,80.62841530054645,92.1311475409836,0.1624311574458662,0.2877176766067653
ENSG00000171357,add_a2.0,79.20765027322405,90.1639344262295,0.1594341997289622,0.2682685388995373
ENSG00000171357,add_a3.0,85.05464480874316,93.52459016393442,0.1865745415156003,0.318588984516596
ENSG00000171357,add_a4.0,86.20218579234972,92.70491803278688,0.2151666221846142,0.3665227699424166
ENSG00000171357,add_gc_removed_a1.0,56.93989071038252,60.1639344262295,0.2382998026648216,0.1795130246603207
ENSG00000171357,add_own,77.07650273224044,90.65573770491804,0.134149944323614,0.2302769046607565
ENSG00000171357,random_a1.0,68.82513661202185,80.24590163934427,0.1961875603631125,0.2192675757394604
ENSG00000171357,unsteered,66.91256830601093,78.0327868852459,0.1470122954207757,0.1503028029368097
ENSG00000171848,add_a0.5,79.64,82.88288288288288,0.4701857872357992,0.4273675709325283
ENSG00000171848,add_a1.0,81.84,86.24624624624624,0.433699938246634,0.3811908945867161
ENSG00000171848,add_a2.0,83.46000000000001,90.5105105105105,0.496960767383254,0.453966468336282
ENSG00000171848,add_a3.0,86.42,95.07507507507508,0.5212383863486649,0.4629246224455282
ENSG00000171848,add_a4.0,86.8,96.03603603603604,0.5220621755643963,0.4707977828724242
ENSG00000171848,add_gc_removed_a1.0,78.56,82.94294294294295,0.4485029855265823,0.4046476320657222
ENSG00000171848,add_own,86.36,88.76876876876877,0.5619639161323796,0.5281792209757222
ENSG00000171848,random_a1.0,85.56,86.24624624624624,0.5268542588286406,0.493828717733768
ENSG00000171848,unsteered,68.61307307307308,76.45645645645645,0.2677902057990119,0.2266589294207107
ENSG00000172244,add_a0.5,39.44,32.972972972972975,0.0733080104615853,0.0674371105520957
ENSG00000172244,add_a1.0,50.67203203203203,51.47147147147148,0.1326460864910458,0.1502060977736914
ENSG00000172244,add_a2.0,61.120000000000005,66.18618618618618,0.2405467757596057,0.2758930881758576
ENSG00000172244,add_a3.0,80.72,87.44744744744744,0.4595332274800284,0.5099715143695637
ENSG00000172244,add_a4.0,84.52000000000001,87.0870870870871,0.4964972986023744,0.542945769557136
ENSG00000172244,add_gc_removed_a1.0,33.32000000000001,28.648648648648653,0.0877967710136783,0.0728740620314137
ENSG00000172244,add_own,45.4,45.70570570570571,0.1018406939052156,0.1144167155875685
ENSG00000172244,random_a1.0,31.78,25.645645645645647,0.1271073235947223,0.1128846680769794
ENSG00000172244,unsteered,34.5,29.369369369369373,0.094753614005798,0.0792451054674772
ENSG00000172500,add_a0.5,72.89760348583877,97.12418300653596,0.2026114320417506,0.238410246616247
ENSG00000172500,add_a1.0,71.52505446623094,96.47058823529412,0.1654766690752788,0.1884939765264858
ENSG00000172500,add_a2.0,74.40087145969498,96.1437908496732,0.1759996156901919,0.203314598728886
ENSG00000172500,add_a3.0,77.36383442265796,97.25490196078432,0.1994390437243944,0.221200075161105
ENSG00000172500,add_a4.0,84.61873638344227,95.88235294117648,0.32344150435184,0.3437004521604588
ENSG00000172500,add_gc_removed_a1.0,58.69281045751634,80.58823529411765,0.1604813124999145,0.1579712871390016
ENSG00000172500,add_own,68.77995642701525,97.64705882352942,0.1344901632277159,0.1754499275900623
ENSG00000172500,random_a1.0,66.68845315904139,88.16993464052287,0.1587574140100492,0.162213400862026
ENSG00000172500,unsteered,66.07843137254902,94.11764705882354,0.129736688862725,0.154574737311077
ENSG00000172671,add_a0.5,37.36,35.61561561561562,0.151985356231399,0.1082909797385486
ENSG00000172671,add_a1.0,47.03305305305305,42.16216216216217,0.1692919763953329,0.1632132839737338
ENSG00000172671,add_a2.0,76.36,84.92492492492492,0.3174535922824664,0.4454602510036703
ENSG00000172671,add_a3.0,84.17999999999999,90.8108108108108,0.3797890171058758,0.5404854933449142
ENSG00000172671,add_a4.0,86.22,87.0870870870871,0.3937356310689399,0.539203123347176
ENSG00000172671,add_gc_removed_a1.0,38.32,33.993993993994,0.1367385895375255,0.0812327674828071
ENSG00000172671,add_own,47.46,50.15015015015015,0.1112177610454713,0.1201450658384648
ENSG00000172671,random_a1.0,38.08,38.7987987987988,0.1864207146813374,0.1486565607784354
ENSG00000172671,unsteered,42.52,37.47747747747748,0.0988410317418069,0.0711288127120981
ENSG00000173627,add_a0.5,46.8,40.12012012012012,0.1616470562790129,0.1257186622325143
ENSG00000173627,add_a1.0,51.42,54.174174174174176,0.2007266037942781,0.1806449924634858
ENSG00000173627,add_a2.0,61.2,71.95195195195194,0.1732016773339138,0.241816998414553
ENSG00000173627,add_a3.0,72.72,73.75375375375376,0.286296580494733,0.3402022212237273
ENSG00000173627,add_a4.0,83.47999999999999,88.1081081081081,0.355963414336349,0.4490489635852432
ENSG00000173627,add_gc_removed_a1.0,30.46,28.28828828828829,0.3006246172266878,0.2210867826212764
ENSG00000173627,add_own,51.23185185185186,55.015015015015024,0.1425362721337296,0.1473865445678951
ENSG00000173627,random_a1.0,36.6,34.47447447447448,0.1916470634762035,0.1395856726249179
ENSG00000173627,unsteered,38.68,34.53453453453453,0.1905794018537934,0.1423114293676333
ENSG00000173653,add_a0.5,82.96052631578947,93.22368421052632,0.2920104908310335,0.3453553039421481
ENSG00000173653,add_a1.0,82.21491228070175,95.59210526315788,0.2720175987314645,0.3461155750068474
ENSG00000173653,add_a2.0,81.16228070175438,87.82894736842105,0.2560580070927748,0.3202293625080704
ENSG00000173653,add_a3.0,84.14473684210526,92.10526315789474,0.2696305432891929,0.3304964193139655
ENSG00000173653,add_a4.0,86.20614035087719,96.05263157894736,0.2239164665337591,0.3099945876330247
ENSG00000173653,add_gc_removed_a1.0,76.75438596491229,93.15789473684212,0.2225003168266818,0.2896442936958616
ENSG00000173653,add_own,82.74122807017544,95.1315789473684,0.2095467019676538,0.2920854447460569
ENSG00000173653,random_a1.0,86.57894736842105,96.1184210526316,0.3431220007074345,0.4204801432651147
ENSG00000173653,unsteered,74.91228070175438,91.1184210526316,0.2146485577867025,0.2702640185955698
ENSG00000173744,add_a0.5,47.06,39.81981981981982,0.033498339160745,0.0257610197727992
ENSG00000173744,add_a1.0,73.72,87.74774774774775,0.4142703019029982,0.4014295942519394
ENSG00000173744,add_a2.0,76.72,95.91591591591592,0.484425071427211,0.47374635151174
ENSG00000173744,add_a3.0,81.4,92.79279279279278,0.4891848642565618,0.4785229793544107
ENSG00000173744,add_a4.0,75.56,96.93693693693692,0.4988407647837406,0.4900330328587189
ENSG00000173744,add_gc_removed_a1.0,61.34000000000001,56.87687687687687,0.2343981738852572,0.2224922047812405
ENSG00000173744,add_own,55.760000000000005,59.63963963963964,0.1956545852435395,0.1886310263118598
ENSG00000173744,random_a1.0,54.88,47.807807807807805,0.1450174742084449,0.1362697462930271
ENSG00000173744,unsteered,45.32,35.37537537537538,0.0298684805778792,0.0214002117446716
ENSG00000173818,add_a0.5,70.79710144927536,87.6086956521739,0.1866060648327236,0.2090386006423916
ENSG00000173818,add_a1.0,74.6376811594203,87.3913043478261,0.2547777774642408,0.2345472643337583
ENSG00000173818,add_a2.0,86.59420289855072,95.43478260869566,0.3069261309100976,0.3659329473043753
ENSG00000173818,add_a3.0,81.26811594202898,93.47826086956522,0.2295439076167763,0.2789188461886932
ENSG00000173818,add_a4.0,82.82608695652173,90.8695652173913,0.2611464426273634,0.3041169582280637
ENSG00000173818,add_gc_removed_a1.0,67.97101449275362,86.41304347826087,0.1828059527206339,0.1712413457898356
ENSG00000173818,add_own,80.68840579710145,93.3695652173913,0.2138980501899272,0.2566129000284974
ENSG00000173818,random_a1.0,66.08695652173913,84.56521739130434,0.1343047789553776,0.0889231075791756
ENSG00000173818,unsteered,71.23188405797102,87.5,0.1613906891585846,0.1577260593487614
ENSG00000174417,add_a0.5,44.64,44.02402402402403,0.3302131441518391,0.336007289386678
ENSG00000174417,add_a1.0,57.120000000000005,64.02402402402403,0.2004955370895368,0.2030323865597414
ENSG00000174417,add_a2.0,78.8,86.90690690690691,0.4330424061813631,0.4479808181557185
ENSG00000174417,add_a3.0,73.32000000000001,75.31531531531532,0.3991465083363908,0.4207649329868752
ENSG00000174417,add_a4.0,83.64,85.4054054054054,0.4670549708170931,0.4875982751861356
ENSG00000174417,add_gc_removed_a1.0,45.88,44.26426426426426,0.1955051532916845,0.1991009925533291
ENSG00000174417,add_own,64.72,74.11411411411412,0.3617030463624207,0.3653027989514458
ENSG00000174417,random_a1.0,41.64,36.93693693693693,0.2715235198491285,0.2645803535847625
ENSG00000174417,unsteered,47.14,52.55255255255256,0.1715276750959131,0.1876831083191673
ENSG00000174796,add_a0.5,36.29629629629629,37.67195767195767,0.4023662719884195,0.1621685433292858
ENSG00000174796,add_a1.0,56.507936507936506,51.85185185185185,0.280778177088854,0.2537892597516683
ENSG00000174796,add_a2.0,68.35978835978835,78.73015873015873,0.2533491280222902,0.4023174961278888
ENSG00000174796,add_a3.0,80.84656084656085,79.89417989417989,0.3360913887311433,0.5237783397320641
ENSG00000174796,add_a4.0,82.18694885361552,83.17460317460318,0.3270243103155448,0.5494857782684465
ENSG00000174796,add_gc_removed_a1.0,41.69312169312169,39.04761904761905,0.3684750675825072,0.1659806448714661
ENSG00000174796,add_own,47.47795414462081,46.34920634920635,0.2956634895959081,0.1564218095401193
ENSG00000174796,random_a1.0,41.8694885361552,37.24867724867725,0.3571563975176458,0.1105057934084945
ENSG00000174796,unsteered,35.90828924162257,34.70899470899471,0.3919815112136181,0.1437887734305975
ENSG00000175224,add_a0.5,50.92,52.852852852852855,0.0746453227314941,0.0608802799065799
ENSG00000175224,add_a1.0,67.16,78.55855855855856,0.1676880569586311,0.2396178720402083
ENSG00000175224,add_a2.0,74.44000000000001,91.05105105105103,0.250461862651237,0.3531471256297406
ENSG00000175224,add_a3.0,80.16,84.68468468468468,0.3315800331996232,0.4184764240112111
ENSG00000175224,add_a4.0,77.85999999999999,90.93093093093094,0.2583767448645853,0.3742600109808508
ENSG00000175224,add_gc_removed_a1.0,43.96,44.56456456456456,0.1196749730699917,0.0862063554994542
ENSG00000175224,add_own,68.44,77.83783783783784,0.1903543481317951,0.2533038254633828
ENSG00000175224,random_a1.0,43.98,42.94294294294294,0.1196743509502609,0.0989657850212634
ENSG00000175224,unsteered,49.3,52.01201201201202,0.1165803068656295,0.1055825757612406
ENSG00000175595,add_a0.5,79.92,97.83783783783784,0.4944616967165601,0.5156145525922935
ENSG00000175595,add_a1.0,74.14,89.1891891891892,0.3834787099326847,0.4151321514664888
ENSG00000175595,add_a2.0,80.0,91.29129129129127,0.4554735892728486,0.4848226416249989
ENSG00000175595,add_a3.0,81.2,97.47747747747748,0.490049479980051,0.5243062509840064
ENSG00000175595,add_a4.0,79.2,94.35435435435436,0.4225715107416844,0.4666961200165619
ENSG00000175595,add_gc_removed_a1.0,54.46,65.76576576576576,0.2659258470702005,0.2844275813466674
ENSG00000175595,add_own,81.46000000000001,96.75675675675674,0.5289246364221221,0.5635992302984535
ENSG00000175595,random_a1.0,72.25999999999999,86.48648648648648,0.4001693477589102,0.4205189982883802
ENSG00000175595,unsteered,68.06,81.2012012012012,0.478822122306708,0.4888087844440884
ENSG00000175600,add_a0.5,53.220000000000006,66.54654654654655,0.2675818349022064,0.3064151823227358
ENSG00000175600,add_a1.0,62.74,83.84384384384384,0.2405236504254153,0.3354402708578373
ENSG00000175600,add_a2.0,80.67999999999999,94.17417417417415,0.4628120378576648,0.5522373192041659
ENSG00000175600,add_a3.0,72.96000000000001,95.79579579579578,0.3332596944540975,0.4519017326456724
ENSG00000175600,add_a4.0,90.48,95.015015015015,0.5106991732174779,0.6076008898048793
ENSG00000175600,add_gc_removed_a1.0,44.98,44.92492492492492,0.1239410093733645,0.1318560405676599
ENSG00000175600,add_own,64.1,67.2072072072072,0.21899562121807,0.2733935443027023
ENSG00000175600,random_a1.0,56.82000000000001,66.06606606606606,0.2432035473849595,0.2875867012967165
ENSG00000175600,unsteered,57.58,72.55255255255256,0.2136831355960211,0.267255622646936
ENSG00000177000,add_a0.5,52.36,60.36036036036036,0.1898727926828626,0.1164081301446602
ENSG00000177000,add_a1.0,64.02000000000001,82.10210210210211,0.0973689742891789,0.0892897517395836
ENSG00000177000,add_a2.0,72.25607607607608,94.29429429429428,0.1003124514368274,0.1701105547487899
ENSG00000177000,add_a3.0,79.72,94.53453453453452,0.2235076045674925,0.295629226439038
ENSG00000177000,add_a4.0,77.4,92.49249249249247,0.2191625147793436,0.2875920659397823
ENSG00000177000,add_gc_removed_a1.0,56.58,70.99099099099098,0.1003495821244991,0.0299908202165694
ENSG00000177000,add_own,67.0,88.88888888888889,0.0765223857976649,0.1076936986592572
ENSG00000177000,random_a1.0,54.08,62.4024024024024,0.2160048523667798,0.1303505956687445
ENSG00000177000,unsteered,59.52,61.56156156156156,0.2570099476119086,0.1745483188521406
ENSG00000177548,add_a0.5,77.67999999999999,93.69369369369367,0.1716883263122552,0.1911709671945097
ENSG00000177548,add_a1.0,74.34,89.66966966966967,0.1578000017718126,0.1665481944489331
ENSG00000177548,add_a2.0,79.06,94.95495495495496,0.1615086434413948,0.1922120858595177
ENSG00000177548,add_a3.0,84.1,94.23423423423424,0.2273241211065523,0.2719262508852558
ENSG00000177548,add_a4.0,86.67999999999999,95.13513513513512,0.2659668586674977,0.3150452185505404
ENSG00000177548,add_gc_removed_a1.0,66.12,75.67567567567568,0.1469618438824639,0.1451646204637001
ENSG00000177548,add_own,75.9,89.7897897897898,0.1969037547158596,0.2166573520320278
ENSG00000177548,random_a1.0,75.46000000000001,85.82582582582583,0.2057782051501066,0.220887695615099
ENSG00000177548,unsteered,66.38,67.74774774774775,0.1973329212704898,0.1842954983105786
ENSG00000177694,add_a0.5,56.31337337337338,56.57657657657658,0.1800357508769555,0.1840448839726948
ENSG00000177694,add_a1.0,55.16,60.48048048048048,0.1363080547606465,0.1440441391306043
ENSG00000177694,add_a2.0,64.82000000000001,69.1891891891892,0.2175100005434428,0.229535038798345
ENSG00000177694,add_a3.0,81.33453453453453,87.50750750750751,0.4484248040679214,0.4740818125215186
ENSG00000177694,add_a4.0,87.02000000000001,90.99099099099098,0.5163917501990006,0.5551640441987471
ENSG00000177694,add_gc_removed_a1.0,36.68,34.71471471471472,0.0808234649671578,0.0713569413676064
ENSG00000177694,add_own,49.24,50.3903903903904,0.0947959345353692,0.0934794470659854
ENSG00000177694,random_a1.0,40.04,37.77777777777778,0.0588526792166557,0.0503864393915025
ENSG00000177694,unsteered,39.98,38.07807807807808,0.0540022748153805,0.0345418771126634
ENSG00000177706,add_a0.5,80.2,91.47147147147146,0.338867299996715,0.192831998550185
ENSG00000177706,add_a1.0,77.24000000000001,95.07507507507508,0.3671672544680066,0.2064045852643263
ENSG00000177706,add_a2.0,80.74,91.17117117117115,0.4312948023450628,0.2540269669504368
ENSG00000177706,add_a3.0,84.44,88.82882882882883,0.429714860078862,0.2948503491790463
ENSG00000177706,add_a4.0,84.72,96.57657657657656,0.407471915180705,0.2248935016282202
ENSG00000177706,add_gc_removed_a1.0,72.1,91.23123123123123,0.3226900657782685,0.181590626590888
ENSG00000177706,add_own,81.08,86.18618618618618,0.3697470552943931,0.2217337759891708
ENSG00000177706,random_a1.0,75.84,89.12912912912913,0.3308117728438003,0.200717542745006
ENSG00000177706,unsteered,75.0,97.77777777777776,0.3640467477724695,0.2043232811187874
ENSG00000177731,add_a0.5,67.92,82.28228228228228,0.3005630254648819,0.2995968250677909
ENSG00000177731,add_a1.0,71.72,83.24324324324326,0.3626137134966721,0.3621268580036854
ENSG00000177731,add_a2.0,82.9,95.1951951951952,0.3486969825938403,0.3613378435655078
ENSG00000177731,add_a3.0,80.32000000000001,92.25225225225223,0.3458746373318125,0.3507266274858803
ENSG00000177731,add_a4.0,83.58,90.93093093093094,0.3687258167481875,0.3630652673484773
ENSG00000177731,add_gc_removed_a1.0,64.74,91.17117117117115,0.1846759185334944,0.1855606139230528
ENSG00000177731,add_own,65.34,78.91891891891892,0.2640542239387108,0.2594927984810867
ENSG00000177731,random_a1.0,66.66,77.83783783783784,0.3202690050895133,0.3134885434626185
ENSG00000177731,unsteered,65.96000000000001,81.38138138138137,0.2637659803638518,0.2572730471864152
ENSG00000177791,add_a0.5,53.98907103825136,48.9344262295082,0.162062798210468,0.1472568475925457
ENSG00000177791,add_a1.0,68.5792349726776,78.44262295081967,0.19536718813536,0.1902997759052071
ENSG00000177791,add_a2.0,78.00546448087432,84.8360655737705,0.2746992941213212,0.2997248872304227
ENSG00000177791,add_a3.0,79.75409836065573,88.60655737704917,0.2698661400872288,0.3065792604778877
ENSG00000177791,add_a4.0,83.14207650273224,91.14754098360656,0.3093832439121308,0.3461153454220603
ENSG00000177791,add_gc_removed_a1.0,50.16393442622951,44.59016393442623,0.1871908190694465,0.1466178438340018
ENSG00000177791,add_own,60.19125683060109,63.77049180327869,0.178179210131326,0.179056959573594
ENSG00000177791,random_a1.0,44.42622950819672,41.393442622950815,0.2378883033072324,0.2101578121566731
ENSG00000177791,unsteered,54.18032786885247,41.72131147540984,0.2336971667013398,0.2091726257216995
ENSG00000177943,add_a0.5,72.62,74.7147147147147,0.1384825274325523,0.1175560567829675
ENSG00000177943,add_a1.0,76.16,74.35435435435436,0.2147023121872187,0.2048073477772673
ENSG00000177943,add_a2.0,76.82000000000001,81.8018018018018,0.134384535613073,0.1647999859423396
ENSG00000177943,add_a3.0,84.53999999999999,85.28528528528528,0.2044198810269362,0.264839589376299
ENSG00000177943,add_a4.0,87.67553553553553,87.92792792792793,0.2238681999454999,0.3112059929094984
ENSG00000177943,add_gc_removed_a1.0,68.72,66.96696696696696,0.2104822801419959,0.1555139824624684
ENSG00000177943,add_own,81.5,81.98198198198199,0.2689623868329949,0.2925639929161053
ENSG00000177943,random_a1.0,71.7,71.71171171171171,0.1536644297938673,0.1156320136524466
ENSG00000177943,unsteered,67.86,67.62762762762763,0.1728903517510645,0.1314125345245984
ENSG00000177954,add_a0.5,48.446969696969695,50.79545454545455,0.2842117588008128,0.0983357877840589
ENSG00000177954,add_a1.0,55.30303030303031,57.72727272727273,0.3835560641896075,0.3052078693104421
ENSG00000177954,add_a2.0,67.5,73.4090909090909,0.4280013124560285,0.4832467006930868
ENSG00000177954,add_a3.0,66.5909090909091,80.22727272727273,0.358235612939162,0.4424587364989583
ENSG00000177954,add_a4.0,66.51515151515152,79.77272727272728,0.3546251735990453,0.4408911428337362
ENSG00000177954,add_gc_removed_a1.0,45.87121212121212,45.11363636363637,0.4425425658243163,0.2844603084411555
ENSG00000177954,add_own,48.82575757575758,50.11363636363637,0.3876565198899588,0.2284249969654135
ENSG00000177954,random_a1.0,46.51515151515152,49.77272727272727,0.3101497924286697,0.1097538877810785
ENSG00000177954,unsteered,45.60606060606061,47.84090909090909,0.3208284599437647,0.1304414288906734
ENSG00000178031,add_a0.5,74.46000000000001,89.36936936936937,0.4784920670713504,0.462643543420428
ENSG00000178031,add_a1.0,71.66,91.17117117117115,0.3973710842447844,0.3673819227612876
ENSG00000178031,add_a2.0,82.64,93.27327327327328,0.4920835207098225,0.4643087223189474
ENSG00000178031,add_a3.0,85.03999999999999,95.6156156156156,0.5088396305296126,0.4880697770727017
ENSG00000178031,add_a4.0,88.32000000000001,95.7957957957958,0.5583418941379429,0.5417081941400144
ENSG00000178031,add_gc_removed_a1.0,64.36,75.31531531531532,0.3011658936591517,0.2856439669120469
ENSG00000178031,add_own,75.12,85.88588588588588,0.4266370079320582,0.405838111635976
ENSG00000178031,random_a1.0,71.72,81.68168168168168,0.3847756544605033,0.3562750325566269
ENSG00000178031,unsteered,66.06804804804804,80.66066066066067,0.338257870882433,0.3193770855906959
ENSG00000178057,add_a0.5,80.51282051282051,82.94871794871794,0.4576691036268238,0.3975638882456159
ENSG00000178057,add_a1.0,85.34188034188034,87.56410256410257,0.5072625504343471,0.4608621503747517
ENSG00000178057,add_a2.0,82.43589743589743,80.12820512820512,0.4348220747816737,0.3674764431165589
ENSG00000178057,add_a3.0,85.38461538461539,85.38461538461539,0.4204181591995172,0.366822788654787
ENSG00000178057,add_a4.0,82.43589743589743,85.12820512820512,0.3872942991393667,0.3328159051008133
ENSG00000178057,add_gc_removed_a1.0,70.0,70.64102564102565,0.3148784274613828,0.2930158318619629
ENSG00000178057,add_own,68.88888888888889,66.53846153846153,0.3728538569819262,0.3446725727538355
ENSG00000178057,random_a1.0,76.23931623931624,81.66666666666666,0.3516589958471477,0.3092877811029192
ENSG00000178057,unsteered,78.63247863247864,82.43589743589743,0.4188055455009866,0.3690260916848727
ENSG00000178409,add_a0.5,67.66,84.86486486486487,0.1258412916438119,0.1226011298411972
ENSG00000178409,add_a1.0,74.53999999999999,90.03003003003002,0.1448152815777442,0.1789658416338646
ENSG00000178409,add_a2.0,85.58,92.37237237237235,0.2317395586562179,0.3124244608573621
ENSG00000178409,add_a3.0,90.54,96.63663663663664,0.2593724147427734,0.3664954858112724
ENSG00000178409,add_a4.0,85.1,90.87087087087087,0.2382433097335285,0.3286549726800072
ENSG00000178409,add_gc_removed_a1.0,59.0,64.2042042042042,0.2018868829645989,0.1711347546907286
ENSG00000178409,add_own,79.96000000000001,93.09309309309307,0.2060844438447324,0.2632210825885971
ENSG00000178409,random_a1.0,55.38,59.63963963963964,0.2273114704426415,0.1922985319173332
ENSG00000178409,unsteered,65.12,76.15615615615616,0.1646099569236145,0.1458219850698178
ENSG00000178460,add_a0.5,40.28,37.71771771771772,0.0965911152941291,0.1080544741739822
ENSG00000178460,add_a1.0,45.68,46.90690690690691,0.1572508860664863,0.1711968280220555
ENSG00000178460,add_a2.0,66.4,84.14414414414414,0.374178854996965,0.3964170185589379
ENSG00000178460,add_a3.0,74.86,89.6096096096096,0.4827249997745086,0.4993560816785212
ENSG00000178460,add_a4.0,78.72,91.23123123123123,0.5412751684323086,0.5556018436665437
ENSG00000178460,add_gc_removed_a1.0,29.660000000000004,26.246246246246244,0.1348760752210084,0.1413755046937038
ENSG00000178460,add_own,61.2,73.93393393393393,0.3368365493953781,0.3522545832315815
ENSG00000178460,random_a1.0,40.89995995995996,33.99399399399399,0.1164724401298513,0.1224092160024846
ENSG00000178460,unsteered,31.0,25.045045045045043,0.1077515708232095,0.1102592375290415
ENSG00000178741,add_a0.5,46.46153846153846,44.76923076923077,0.076530723005109,0.0538258326887803
ENSG00000178741,add_a1.0,52.333333333333336,59.07692307692308,0.1531206364200302,0.1500909634457529
ENSG00000178741,add_a2.0,60.38461538461539,77.6923076923077,0.3155620272902081,0.3114855650040412
ENSG00000178741,add_a3.0,64.94871794871796,89.46153846153847,0.3968715424195827,0.3821092266686937
ENSG00000178741,add_a4.0,66.56410256410257,85.38461538461539,0.3955570671971142,0.3792038205979117
ENSG00000178741,add_gc_removed_a1.0,45.56410256410257,43.38461538461539,0.1052790886635666,0.1169731712427215
ENSG00000178741,add_own,47.38461538461539,48.30769230769231,0.1089608006730662,0.0927133130967142
ENSG00000178741,random_a1.0,44.82051282051282,40.61538461538461,0.0674846501955974,0.0341852744439329
ENSG00000178741,unsteered,45.15384615384615,41.76923076923077,0.0673835962446189,0.0356930477334158
ENSG00000179241,add_a0.5,78.3225806451613,84.12903225806451,0.2728426759805818,0.2531753181770604
ENSG00000179241,add_a1.0,83.6774193548387,85.61290322580645,0.3432175330542337,0.3343985362608474
ENSG00000179241,add_a2.0,80.58064516129032,80.45161290322581,0.3054644556055885,0.3000610441812537
ENSG00000179241,add_a3.0,85.89247311827957,87.41935483870968,0.3699023897259769,0.3490011555092198
ENSG00000179241,add_a4.0,80.38709677419355,88.64516129032259,0.2724872069434795,0.2498301056187765
ENSG00000179241,add_gc_removed_a1.0,65.2258064516129,65.87096774193549,0.1505558609620662,0.1580959051624326
ENSG00000179241,add_own,81.65591397849462,83.61290322580645,0.2932581493964711,0.2736986638010334
ENSG00000179241,random_a1.0,66.23655913978494,66.7741935483871,0.1932196066008338,0.2033156916405834
ENSG00000179241,unsteered,61.80645161290322,68.64516129032259,0.1230228947949562,0.118789485292231
ENSG00000179562,add_a0.5,74.86,97.1771771771772,0.1291680509902302,0.284429118275347
ENSG00000179562,add_a1.0,73.64,92.31231231231232,0.1183441949956867,0.2394076723412649
ENSG00000179562,add_a2.0,80.56,98.85885885885884,0.1756153071887198,0.3479517624074438
ENSG00000179562,add_a3.0,79.74,97.17717717717716,0.1859896328534675,0.3321356157102696
ENSG00000179562,add_a4.0,81.86,95.73573573573574,0.1929669054672372,0.33990913843896
ENSG00000179562,add_gc_removed_a1.0,58.16,69.9099099099099,0.1513862527168775,0.1317107687039816
ENSG00000179562,add_own,75.2,95.31531531531532,0.14180665562834,0.276886947017476
ENSG00000179562,random_a1.0,61.6,74.5945945945946,0.095310249198966,0.0732524537884534
ENSG00000179562,unsteered,61.88,76.75675675675676,0.1055956141862339,0.0978834106979414
ENSG00000179943,add_a0.5,72.61351351351351,88.52852852852853,0.1340474934976574,0.1520932625648492
ENSG00000179943,add_a1.0,76.12,97.1771771771772,0.0868699459204877,0.1337341863516911
ENSG00000179943,add_a2.0,80.22,96.63663663663662,0.0995920857798979,0.1244430782408754
ENSG00000179943,add_a3.0,82.66,93.57357357357355,0.1082343272163098,0.1212236358572053
ENSG00000179943,add_a4.0,80.84,95.015015015015,0.0952959866797179,0.115804109328578
ENSG00000179943,add_gc_removed_a1.0,63.82000000000001,80.72072072072072,0.167110063405171,0.1768783421775338
ENSG00000179943,add_own,73.79513513513514,89.90448279604905,0.1133187353766775,0.1373782443716597
ENSG00000179943,random_a1.0,69.12,82.16216216216216,0.1597821370045881,0.1568850978281241
ENSG00000179943,unsteered,70.32000000000001,83.72372372372372,0.1314651448664618,0.1530038966179828
ENSG00000179958,add_a0.5,68.78306878306879,82.38095238095238,0.1944606898749476,0.2388146109299719
ENSG00000179958,add_a1.0,71.05820105820105,87.3015873015873,0.1808256348687185,0.2394142746758448
ENSG00000179958,add_a2.0,74.07407407407408,88.57142857142858,0.1651657446915211,0.2605127212376574
ENSG00000179958,add_a3.0,77.35449735449735,93.4920634920635,0.2069033199459616,0.3075701512923684
ENSG00000179958,add_a4.0,73.43915343915344,88.73015873015872,0.1795669782228249,0.2605468927292766
ENSG00000179958,add_gc_removed_a1.0,70.95238095238095,88.25396825396825,0.1787844330553596,0.2745543333803965
ENSG00000179958,add_own,73.96825396825398,86.82539682539682,0.1883254902763994,0.2575984571866231
ENSG00000179958,random_a1.0,71.37566137566138,85.71428571428571,0.1721919330314433,0.2627406658890477
ENSG00000179958,unsteered,71.26984126984128,86.82539682539684,0.1604065088106654,0.257236971800888
ENSG00000179988,add_a0.5,81.61425576519916,93.20754716981132,0.3604937752171955,0.5323855335595586
ENSG00000179988,add_a1.0,77.40041928721175,86.85534591194968,0.2842685857713393,0.4359096727138264
ENSG00000179988,add_a2.0,79.74842767295597,91.38364779874216,0.3031055222024502,0.4692931652348006
ENSG00000179988,add_a3.0,81.33760539925778,87.04402515723271,0.2876276293768541,0.4631446389512271
ENSG00000179988,add_a4.0,82.53668763102726,90.31446540880503,0.3216785605679682,0.4836055861954748
ENSG00000179988,add_gc_removed_a1.0,73.47260444233261,90.75471698113208,0.2868925748784023,0.4221919240667146
ENSG00000179988,add_own,81.98681863078306,95.8490566037736,0.3205450491274184,0.506093417343109
ENSG00000179988,random_a1.0,70.88890648751268,74.27672955974842,0.3413646979403389,0.4552863644744155
ENSG00000179988,unsteered,74.84276729559748,86.54088050314466,0.3567133397374187,0.4875989602797491
ENSG00000180198,add_a0.5,60.24,73.3933933933934,0.3671054100235973,0.3800756453838784
ENSG00000180198,add_a1.0,64.24000000000001,70.63063063063063,0.2815398696998073,0.308171820568147
ENSG00000180198,add_a2.0,74.22,75.1951951951952,0.2910015073340805,0.3420152084377127
ENSG00000180198,add_a3.0,85.14,91.95195195195194,0.2296689210276324,0.3541992544544922
ENSG00000180198,add_a4.0,89.22,92.07207207207207,0.3001817817581824,0.4293963970247897
ENSG00000180198,add_gc_removed_a1.0,46.14,51.95195195195195,0.3207069929577844,0.258981311453841
ENSG00000180198,add_own,71.66,75.61561561561561,0.2181546348406167,0.2637715622111087
ENSG00000180198,random_a1.0,59.6,68.04804804804806,0.3009862743751038,0.2870092030848536
ENSG00000180198,unsteered,56.3,57.17717717717718,0.4257604220165854,0.4074975296687362
ENSG00000180875,add_a0.5,75.73435504469987,94.40613026819923,0.3124758497093221,0.3236826758331843
ENSG00000180875,add_a1.0,75.68326947637291,91.34099616858238,0.31085555161357,0.3293682371472008
ENSG00000180875,add_a2.0,75.27458492975734,96.16858237547892,0.2694876876234988,0.2879701577410707
ENSG00000180875,add_a3.0,78.87611749680715,92.26053639846742,0.3289899235330626,0.3616881060380259
ENSG00000180875,add_a4.0,77.31800766283524,94.71264367816092,0.2838165298632549,0.3167340438111796
ENSG00000180875,add_gc_removed_a1.0,70.21711366538952,90.03831417624521,0.2857994401477341,0.2972542520062115
ENSG00000180875,add_own,70.52362707535121,92.1072796934866,0.2869529484815702,0.2877350067948581
ENSG00000180875,random_a1.0,74.61047254150702,96.7816091954023,0.2894089422888502,0.2912076437240697
ENSG00000180875,unsteered,70.57471264367817,96.32183908045975,0.2763707112866418,0.276108195179319
ENSG00000181004,add_a0.5,40.17999999999999,36.996996996997,0.329753600833505,0.2916678707122103
ENSG00000181004,add_a1.0,49.8,50.030030030030034,0.2124776508949787,0.2753277187132639
ENSG00000181004,add_a2.0,70.6,70.99099099099098,0.2717933384807871,0.4358775089835557
ENSG00000181004,add_a3.0,77.26,76.996996996997,0.2731200186187825,0.49141317422238
ENSG00000181004,add_a4.0,82.7,87.56756756756756,0.3272616991985194,0.5717356404698218
ENSG00000181004,add_gc_removed_a1.0,27.4,25.525525525525527,0.3558741439626406,0.248118547161587
ENSG00000181004,add_own,46.2,38.738738738738746,0.281802214602938,0.2452264115813999
ENSG00000181004,random_a1.0,29.54,26.906906906906908,0.3142340193760109,0.2047737007604876
ENSG00000181004,unsteered,30.880000000000003,26.606606606606608,0.3040908166668359,0.2007842451945665
ENSG00000181544,add_a0.5,45.32,46.54654654654655,0.1489859575937407,0.1624343368636659
ENSG00000181544,add_a1.0,44.28,43.6036036036036,0.0994847021493341,0.1167534938146728
ENSG00000181544,add_a2.0,67.86,73.21321321321321,0.2592990494699111,0.3575337572045288
ENSG00000181544,add_a3.0,80.42,88.4084084084084,0.4018937101110921,0.5282631375911716
ENSG00000181544,add_a4.0,85.7,90.45045045045045,0.4961075577271349,0.6183990150882487
ENSG00000181544,add_gc_removed_a1.0,37.08,31.77177177177177,0.1375663189258869,0.1085428341738699
ENSG00000181544,add_own,48.88,52.732732732732735,0.1083006754122639,0.1570684456280079
ENSG00000181544,random_a1.0,34.06,27.80780780780781,0.2031671351612728,0.1723728988954584
ENSG00000181544,unsteered,33.239999999999995,32.192192192192195,0.1554353344615673,0.1124528080522061
ENSG00000181827,add_a0.5,59.84000000000001,64.44444444444444,0.1285427817988894,0.1920726289743461
ENSG00000181827,add_a1.0,65.9,82.28228228228228,0.1724661017878012,0.2934620782720508
ENSG00000181827,add_a2.0,82.17999999999999,95.43543543543544,0.3401972532178324,0.5097623025227718
ENSG00000181827,add_a3.0,81.82000000000001,92.49249249249247,0.2916476731532934,0.4542376152586671
ENSG00000181827,add_a4.0,88.36,93.57357357357355,0.4212729858367104,0.5690251702399763
ENSG00000181827,add_gc_removed_a1.0,45.0,44.86486486486486,0.1037030298065763,0.0813423613916958
ENSG00000181827,add_own,69.78,86.42642642642643,0.2089125539743156,0.350968762533269
ENSG00000181827,random_a1.0,48.54,49.96996996996997,0.0958273709073076,0.0937144256013523
ENSG00000181827,unsteered,55.98,58.07807807807808,0.2078064406017062,0.2132556105474555
ENSG00000182747,add_a0.5,76.48,94.83483483483482,0.1804143841216891,0.1414467764229433
ENSG00000182747,add_a1.0,78.67999999999999,96.93693693693692,0.1832211999136671,0.1590557004453404
ENSG00000182747,add_a2.0,80.53593593593594,98.67867867867866,0.1909915573904679,0.1642088856395884
ENSG00000182747,add_a3.0,79.15475475475475,96.39386374326132,0.1847771086399055,0.1510559375916241
ENSG00000182747,add_a4.0,83.72,96.15615615615616,0.2654244326910825,0.2461268443277866
ENSG00000182747,add_gc_removed_a1.0,67.76,89.24924924924925,0.1323140634453337,0.1163885467946685
ENSG00000182747,add_own,75.86,98.61861861861864,0.1526418684926827,0.1106319870199928
ENSG00000182747,random_a1.0,70.23209209209209,93.03303303303304,0.1352319066666586,0.1042280455628038
ENSG00000182747,unsteered,76.06,95.015015015015,0.2332485255322329,0.203452211582248
ENSG00000183032,add_a0.5,58.66666666666667,70.37037037037037,0.2461671540266268,0.2763981041518807
ENSG00000183032,add_a1.0,64.39506172839506,78.59259259259258,0.2741526849113261,0.3263663271069634
ENSG00000183032,add_a2.0,80.09876543209876,86.74074074074073,0.4209467035506168,0.4923987454315482
ENSG00000183032,add_a3.0,76.88888888888889,81.92592592592592,0.4051853936906869,0.4516661754691815
ENSG00000183032,add_a4.0,80.64197530864197,91.1851851851852,0.4090950760803453,0.4859463381701364
ENSG00000183032,add_gc_removed_a1.0,48.44444444444444,53.85185185185185,0.1649119923624405,0.1662492508241465
ENSG00000183032,add_own,62.19753086419753,69.03703703703704,0.2437778633075658,0.2754850008310859
ENSG00000183032,random_a1.0,52.81481481481482,59.40740740740741,0.2508485417084626,0.2657865859380336
ENSG00000183032,unsteered,50.641975308641975,54.44444444444444,0.222145481981133,0.2108247730333266
ENSG00000183036,add_a0.5,47.24702380952381,46.875,0.2705417558202054,0.2166228618939156
ENSG00000183036,add_a1.0,46.205357142857146,43.75,0.3236568562157303,0.2569626098805895
ENSG00000183036,add_a2.0,51.5625,58.705357142857146,0.3385652281484378,0.3072320340303722
ENSG00000183036,add_a3.0,56.02678571428572,63.61607142857143,0.3742565387435516,0.3387441841697123
ENSG00000183036,add_a4.0,58.92857142857143,64.73214285714286,0.4628018000031256,0.4391835334938384
ENSG00000183036,add_gc_removed_a1.0,45.08928571428572,41.74107142857143,0.3209482767264109,0.2647466873439594
ENSG00000183036,add_own,46.65178571428572,40.40178571428572,0.2978656897610893,0.2359464025532818
ENSG00000183036,random_a1.0,46.35416666666666,41.29464285714286,0.2783864433309626,0.202966598018749
ENSG00000183036,unsteered,45.833333333333336,41.29464285714286,0.266183920083206,0.1929115070720243
ENSG00000183208,add_a0.5,53.31288343558282,58.8957055214724,0.3878377351283714,0.1937315646915124
ENSG00000183208,add_a1.0,63.23108384458078,67.11656441717791,0.3073109078838506,0.1732264250591376
ENSG00000183208,add_a2.0,70.83844580777097,80.24539877300614,0.2320576342927841,0.222438897294755
ENSG00000183208,add_a3.0,83.33333333333334,93.61963190184048,0.1511119882503417,0.2936139631458137
ENSG00000183208,add_a4.0,83.78323108384458,84.96932515337423,0.2294801750274541,0.3155620718228348
ENSG00000183208,add_gc_removed_a1.0,41.30879345603272,39.877300613496935,0.4821603473713144,0.2126127731398164
ENSG00000183208,add_own,64.86707566462168,74.23312883435582,0.2347293274291252,0.174436898951168
ENSG00000183208,random_a1.0,50.32719836400818,50.06134969325153,0.4088487517889788,0.2014195373910402
ENSG00000183208,unsteered,43.10838445807771,41.22699386503068,0.5245694831761942,0.2730291978332294
ENSG00000183479,add_a0.5,75.260663507109,93.64928909952609,0.1919821607548559,0.1303773006605439
ENSG00000183479,add_a1.0,76.52448657187993,93.8388625592417,0.1973996525135017,0.1463205723339607
ENSG00000183479,add_a2.0,79.65244865718799,91.4691943127962,0.2399619325018825,0.180571935180383
ENSG00000183479,add_a3.0,76.65086887835703,96.2085308056872,0.2085841875773989,0.1631434020030452
ENSG00000183479,add_a4.0,83.28593996840442,93.27014218009478,0.2538996918115583,0.2259059003699068
ENSG00000183479,add_gc_removed_a1.0,69.0995260663507,88.5308056872038,0.1508209732786154,0.1239112084540691
ENSG00000183479,add_own,79.5260663507109,96.39810426540284,0.2168663815653659,0.153619216684807
ENSG00000183479,random_a1.0,74.50236966824644,88.81516587677724,0.1963096374619597,0.1494752846842278
ENSG00000183479,unsteered,74.59715639810426,89.57345971563981,0.2110252889326764,0.1503841050316633
ENSG00000183495,add_a0.5,80.3,78.91891891891892,0.3401047796382222,0.2790958909420715
ENSG00000183495,add_a1.0,81.76,87.32732732732732,0.3471358429377398,0.280823590872255
ENSG00000183495,add_a2.0,83.5,83.72372372372372,0.3654142655721812,0.3083189317189788
ENSG00000183495,add_a3.0,89.05999999999999,89.12912912912913,0.419278564880056,0.3462476388186379
ENSG00000183495,add_a4.0,92.6,92.67267267267268,0.4718913863147042,0.414039541735667
ENSG00000183495,add_gc_removed_a1.0,72.4,74.2942942942943,0.2184141475889525,0.1729317520097196
ENSG00000183495,add_own,77.16,75.43543543543544,0.2672636451466854,0.2145092001887509
ENSG00000183495,random_a1.0,74.12,77.17717717717719,0.3009272860403657,0.2544403024085612
ENSG00000183495,unsteered,79.74,78.07807807807808,0.3253964193132301,0.2779274780056596
ENSG00000183751,add_a0.5,71.53999999999999,83.48348348348348,0.1611350260818724,0.1590736996227507
ENSG00000183751,add_a1.0,72.1,91.95195195195194,0.1185736267065693,0.1421776803130411
ENSG00000183751,add_a2.0,80.08,91.23123123123123,0.2065702207981891,0.2553289847092527
ENSG00000183751,add_a3.0,78.1,93.87387387387386,0.1335093076099521,0.1904102426004755
ENSG00000183751,add_a4.0,83.72,94.83483483483482,0.2018196319360722,0.2820681030854111
ENSG00000183751,add_gc_removed_a1.0,58.52,68.1081081081081,0.2227695347360352,0.1742480465451318
ENSG00000183751,add_own,75.06,92.67267267267268,0.1440186350809041,0.1789017116570646
ENSG00000183751,random_a1.0,54.572132132132126,63.66366366366367,0.2499859298948448,0.1963274925528027
ENSG00000183751,unsteered,64.27345345345346,77.58656246608055,0.1219615210909172,0.1058391907651714
ENSG00000185015,add_a0.5,50.085470085470085,54.95726495726496,0.2174960177841429,0.2268891459262516
ENSG00000185015,add_a1.0,42.99145299145299,46.495726495726494,0.2496384019513524,0.2599718898736221
ENSG00000185015,add_a2.0,64.3019943019943,72.56410256410257,0.2557177817899393,0.2902516770534433
ENSG00000185015,add_a3.0,70.68376068376068,88.54700854700855,0.3361243015424073,0.3662267710568033
ENSG00000185015,add_a4.0,81.05413105413106,88.8034188034188,0.4163005241724916,0.4586823662167216
ENSG00000185015,add_gc_removed_a1.0,45.04273504273504,42.820512820512825,0.1559993300360969,0.1476492379349024
ENSG00000185015,add_own,47.06552706552706,51.36752136752136,0.1958779105215013,0.2065626851247996
ENSG00000185015,random_a1.0,48.034188034188034,53.07692307692308,0.2461478394165157,0.2694608996413677
ENSG00000185015,unsteered,49.23076923076923,56.49572649572649,0.1799912456455429,0.2060982299135853
ENSG00000185187,add_a0.5,72.04,72.43243243243244,0.2551804229432991,0.2180669975986839
ENSG00000185187,add_a1.0,75.74,78.61861861861863,0.2346475715191565,0.1979148113295998
ENSG00000185187,add_a2.0,81.66,86.30630630630631,0.2484374466733437,0.243423006217884
ENSG00000185187,add_a3.0,81.2,82.34234234234233,0.2616247494587945,0.2548833778718874
ENSG00000185187,add_a4.0,87.76,88.52852852852854,0.3180907107097891,0.3389930459673668
ENSG00000185187,add_gc_removed_a1.0,62.58,62.34234234234234,0.3023321877770175,0.228332387506732
ENSG00000185187,add_own,74.08,75.43543543543544,0.2521399625092519,0.2131872433862477
ENSG00000185187,random_a1.0,59.74,63.003003003003,0.2658306861903117,0.196572222999223
ENSG00000185187,unsteered,63.4,60.96096096096096,0.2880147356567669,0.2427066515038826
ENSG00000185633,add_a0.5,61.637931034482754,80.49568965517241,0.4769625741385032,0.4881926108351928
ENSG00000185633,add_a1.0,61.206896551724135,73.8146551724138,0.5175414952940044,0.4972577126274774
ENSG00000185633,add_a2.0,65.80459770114943,81.68103448275862,0.4589849792366015,0.4523477215001272
ENSG00000185633,add_a3.0,69.89942528735632,83.51293103448276,0.4875528209043039,0.4878197077963004
ENSG00000185633,add_a4.0,70.00718390804597,83.40517241379311,0.4557463358579426,0.4663981617257902
ENSG00000185633,add_gc_removed_a1.0,51.07758620689656,64.54741379310344,0.5166493623434402,0.5076827616469222
ENSG00000185633,add_own,53.125,62.71551724137931,0.509655846200095,0.5019389278548627
ENSG00000185633,random_a1.0,57.6867816091954,74.67672413793103,0.4973488363260931,0.4972290708392454
ENSG00000185633,unsteered,60.27298850574713,77.69396551724138,0.5013350096911268,0.5065309430609115
ENSG00000186132,add_a0.5,41.98167239404353,42.09621993127148,0.3510773353101071,0.2343255277390568
ENSG00000186132,add_a1.0,35.28064146620847,36.25429553264605,0.4474080585551769,0.272349512305581
ENSG00000186132,add_a2.0,55.38373424971363,69.58762886597938,0.2799269793473558,0.3510758145312969
ENSG00000186132,add_a3.0,64.66208476517755,79.55326460481099,0.2850366305808563,0.4870289652953649
ENSG00000186132,add_a4.0,68.95761741122566,85.73883161512028,0.2874879815790361,0.5302065445881955
ENSG00000186132,add_gc_removed_a1.0,35.56701030927835,33.161512027491405,0.4189553533383456,0.2090279945498661
ENSG00000186132,add_own,49.026345933562425,53.95189003436426,0.3084733500427456,0.2880897297605752
ENSG00000186132,random_a1.0,34.02061855670103,32.98969072164949,0.3642879788123727,0.1346815809068574
ENSG00000186132,unsteered,33.90607101947308,31.95876288659794,0.3946897898506025,0.199565786942041
ENSG00000186532,add_a0.5,43.570930930930935,46.42642642642643,0.1551555138187487,0.1329171320545552
ENSG00000186532,add_a1.0,48.9,55.49549549549549,0.1881243889069798,0.1787421982930636
ENSG00000186532,add_a2.0,59.17999999999999,64.2042042042042,0.1478762561709329,0.1794042967624532
ENSG00000186532,add_a3.0,76.24,80.78078078078077,0.248177298670511,0.3432877647554039
ENSG00000186532,add_a4.0,78.72,84.62462462462463,0.2396751048236209,0.3464728855644918
ENSG00000186532,add_gc_removed_a1.0,37.04,27.56756756756757,0.2507094628469168,0.184484690591653
ENSG00000186532,add_own,55.75999999999999,59.75975975975975,0.2434385469352654,0.250120496665532
ENSG00000186532,random_a1.0,43.408588588588586,42.60573826838887,0.1616256433582058,0.1323873188311076
ENSG00000186532,unsteered,35.38,33.933933933933936,0.2054066504673741,0.1439259417518344
ENSG00000186871,add_a0.5,48.1,56.51651651651652,0.1850384648783547,0.1566425667059164
ENSG00000186871,add_a1.0,62.17999999999999,77.71771771771772,0.1330600095186698,0.2537119812264026
ENSG00000186871,add_a2.0,75.5,90.99099099099098,0.2465110305871579,0.4277917448259863
ENSG00000186871,add_a3.0,75.42,88.58858858858858,0.2532067992837484,0.4236134927417406
ENSG00000186871,add_a4.0,82.62,94.05405405405403,0.3355750438273593,0.52551335697493
ENSG00000186871,add_gc_removed_a1.0,42.48,45.04504504504504,0.1656133683979296,0.0805652991054278
ENSG00000186871,add_own,70.4,79.27927927927928,0.2322397176041962,0.3594210280821797
ENSG00000186871,random_a1.0,48.04,49.42942942942943,0.1980169595647979,0.12533959240056
ENSG00000186871,unsteered,45.4,47.567567567567565,0.1854182851772843,0.1153981288711462
ENSG00000187231,add_a0.5,43.16,40.18018018018018,0.0478197644020749,0.0336712820735579
ENSG00000187231,add_a1.0,52.02,57.95795795795796,0.0966801892450334,0.1230080192871347
ENSG00000187231,add_a2.0,65.76,80.0,0.2364829937603199,0.2918414949680401
ENSG00000187231,add_a3.0,71.28,78.55855855855856,0.3305470997987629,0.3916411523694614
ENSG00000187231,add_a4.0,81.84,91.4114114114114,0.474022989295541,0.5313604263286127
ENSG00000187231,add_gc_removed_a1.0,39.78,36.21621621621622,0.0818514940250975,0.0791439830430175
ENSG00000187231,add_own,56.220000000000006,65.76576576576576,0.1502551120135242,0.1838985654218969
ENSG00000187231,random_a1.0,41.24,38.67867867867868,0.0713669245921339,0.0495484854688838
ENSG00000187231,unsteered,39.66,36.87687687687688,0.0835441898517454,0.0759034725085073
ENSG00000187535,add_a0.5,62.67999999999999,70.33033033033033,0.2231099211868631,0.2128812488778151
ENSG00000187535,add_a1.0,57.4,59.87987987987988,0.2299149879135562,0.1920326191560157
ENSG00000187535,add_a2.0,73.8,81.38138138138137,0.2112455590287358,0.240479041113518
ENSG00000187535,add_a3.0,78.3,88.34834834834835,0.2015089103695921,0.2775293713975849
ENSG00000187535,add_a4.0,85.46000000000001,88.70870870870871,0.2946956141820328,0.3521974387505266
ENSG00000187535,add_gc_removed_a1.0,56.120000000000005,52.91291291291292,0.3375763836716564,0.2730550489135199
ENSG00000187535,add_own,64.96000000000001,72.31231231231232,0.1891396783108292,0.2068465368306428
ENSG00000187535,random_a1.0,41.44,39.03903903903904,0.2747117270547455,0.1944795217459798
ENSG00000187535,unsteered,49.1,47.44744744744745,0.2544926219793192,0.1876849265503294
ENSG00000187550,add_a0.5,70.22222222222221,87.86666666666667,0.1236322662592609,0.1186236635534178
ENSG00000187550,add_a1.0,74.17777777777778,86.13333333333334,0.1408640965703424,0.1403955293768408
ENSG00000187550,add_a2.0,83.53333333333333,93.0,0.1898754981200047,0.1960664021715172
ENSG00000187550,add_a3.0,82.53333333333333,93.8,0.1673078396558978,0.1631664112097475
ENSG00000187550,add_a4.0,86.62222222222222,90.46666666666668,0.3111093625960536,0.3152730650440009
ENSG00000187550,add_gc_removed_a1.0,63.95555555555556,69.33333333333334,0.1966459721028932,0.2027173231718881
ENSG00000187550,add_own,75.26666666666667,83.2,0.1636577166573316,0.1640284268343146
ENSG00000187550,random_a1.0,65.72515140279322,71.4,0.194886544933473,0.2013992597797876
ENSG00000187550,unsteered,64.44444444444444,75.26666666666667,0.1733555664292137,0.1715873864647886
ENSG00000187796,add_a0.5,70.17999999999999,90.99099099099098,0.2555438541351956,0.1993823057743735
ENSG00000187796,add_a1.0,77.5,83.36336336336336,0.3782601812763025,0.3286173145814264
ENSG00000187796,add_a2.0,80.62,97.53753753753752,0.29550459104524,0.2074816553097962
ENSG00000187796,add_a3.0,80.53999999999999,97.05705705705704,0.3379360028581428,0.249970464967995
ENSG00000187796,add_a4.0,86.97999999999999,93.15315315315316,0.4342236758039586,0.3677057343205105
ENSG00000187796,add_gc_removed_a1.0,52.48,60.48048048048048,0.2964212796641801,0.3426958873075526
ENSG00000187796,add_own,77.67999999999999,84.44444444444444,0.3400598721280219,0.296806528824315
ENSG00000187796,random_a1.0,60.29063063063063,64.6591772495387,0.3447785074967021,0.3700169399433338
ENSG00000187796,unsteered,67.8,83.36336336336336,0.2272381040484975,0.2159735065826559
ENSG00000187837,add_a0.5,61.77514792899409,79.88165680473372,0.0864885149077824,0.1337063929157403
ENSG00000187837,add_a1.0,64.65483234714004,84.61538461538461,0.0851208846153061,0.1505946192521306
ENSG00000187837,add_a2.0,69.11242603550296,87.57396449704143,0.1210833165164858,0.2113815017029074
ENSG00000187837,add_a3.0,71.67652859960552,88.87573964497042,0.1582179227020155,0.2550732590057906
ENSG00000187837,add_a4.0,76.21301775147928,85.56213017751479,0.279653410967446,0.3408035563396087
ENSG00000187837,add_gc_removed_a1.0,52.623274161735694,61.18343195266273,0.1531339641194197,0.1121514481454406
ENSG00000187837,add_own,61.341222879684416,82.72189349112426,0.0931394516680762,0.1451799651135775
ENSG00000187837,random_a1.0,60.98619329388559,75.7396449704142,0.1137231358174749,0.1547961297155975
ENSG00000187837,unsteered,58.81656804733727,73.49112426035502,0.1217398656469345,0.1495078462255381
ENSG00000188026,add_a0.5,66.84700700700701,85.28528528528528,0.2584327704441535,0.2307162395859718
ENSG00000188026,add_a1.0,78.66,87.32732732732732,0.3229669413015296,0.2847974716504863
ENSG00000188026,add_a2.0,80.03999999999999,92.9129129129129,0.346798446795759,0.3113311032814533
ENSG00000188026,add_a3.0,81.14,94.47447447447448,0.3278401657351394,0.2825255135981638
ENSG00000188026,add_a4.0,83.92,94.77477477477478,0.3715438899686324,0.3293772225435551
ENSG00000188026,add_gc_removed_a1.0,66.72,83.96396396396396,0.2644743474638063,0.2468116642373308
ENSG00000188026,add_own,78.36,96.63663663663664,0.2759092219649227,0.2353135573624625
ENSG00000188026,random_a1.0,78.53999999999999,83.54354354354355,0.4409618526422546,0.4216653964449069
ENSG00000188026,unsteered,68.16136136136136,83.24324324324326,0.2535299517936032,0.2301855637835372
ENSG00000188647,add_a0.5,55.17999999999999,67.98798798798799,0.1868885677989901,0.1993842634956666
ENSG00000188647,add_a1.0,67.61405405405405,83.42342342342343,0.2563630585928565,0.2922274670855339
ENSG00000188647,add_a2.0,75.38,95.07507507507508,0.3795140852341619,0.4313621601971474
ENSG00000188647,add_a3.0,79.4,96.03603603603604,0.4349995773446506,0.4867671580893976
ENSG00000188647,add_a4.0,86.12,92.67267267267268,0.4935856000902109,0.5413115665438394
ENSG00000188647,add_gc_removed_a1.0,38.4,37.17717717717717,0.0952886648463444,0.0805556315773369
ENSG00000188647,add_own,66.32000000000001,89.42942942942943,0.2981767299338114,0.3342122913276553
ENSG00000188647,random_a1.0,49.14,54.174174174174176,0.1292063584839763,0.1317880470562147
ENSG00000188647,unsteered,42.92,43.96396396396396,0.092327030629961,0.090692104739994
ENSG00000188716,add_a0.5,71.91919191919192,74.18181818181817,0.3431465641788612,0.3174514865239605
ENSG00000188716,add_a1.0,79.1919191919192,86.06060606060606,0.4094821739365981,0.3310907328221464
ENSG00000188716,add_a2.0,75.63636363636364,82.78787878787878,0.3354814374208089,0.2783074228269303
ENSG00000188716,add_a3.0,78.3030303030303,90.42424242424242,0.3590420704538123,0.2365979744843401
ENSG00000188716,add_a4.0,77.89898989898991,91.75757575757576,0.3503727680327027,0.2374452925360216
ENSG00000188716,add_gc_removed_a1.0,62.86868686868687,62.54545454545455,0.2664099915667697,0.3134263779429849
ENSG00000188716,add_own,69.73737373737374,80.72727272727272,0.2741150772684311,0.202617305235739
ENSG00000188716,random_a1.0,71.15151515151516,73.81818181818181,0.3245569115012141,0.3129936918469254
ENSG00000188716,unsteered,67.27272727272728,70.42424242424242,0.3242357028532026,0.3211969763197525
ENSG00000188811,add_a0.5,52.8714859437751,57.34939759036145,0.4108288157134764,0.40735469467219
ENSG00000188811,add_a1.0,57.30923694779117,57.46987951807229,0.3742958629431467,0.3829897398491735
ENSG00000188811,add_a2.0,67.63052208835342,71.50602409638554,0.3661667594832529,0.4212769929413411
ENSG00000188811,add_a3.0,80.8433734939759,83.13253012048193,0.4110052539944719,0.4895315100986869
ENSG00000188811,add_a4.0,77.04819277108433,79.1566265060241,0.367783019078531,0.4441417429014745
ENSG00000188811,add_gc_removed_a1.0,49.1566265060241,50.18072289156627,0.4011238725711286,0.4120975585888008
ENSG00000188811,add_own,66.18473895582329,68.55421686746988,0.3820450064515743,0.432897425562751
ENSG00000188811,random_a1.0,40.70281124497992,40.66265060240964,0.4623129692087268,0.4295837858909744
ENSG00000188811,unsteered,45.88353413654619,46.566265060240966,0.3742415832595589,0.3406676044769725
ENSG00000189306,add_a0.5,56.40387275242047,66.22406639004149,0.1634034971010057,0.1284228827669315
ENSG00000189306,add_a1.0,60.304287690179805,73.44398340248964,0.1406955222597469,0.1234441679135266
ENSG00000189306,add_a2.0,69.46058091286307,82.73858921161825,0.1784738772556626,0.1642850801599831
ENSG00000189306,add_a3.0,76.48686030428769,89.95850622406638,0.1837931872981231,0.1998906802807077
ENSG00000189306,add_a4.0,80.22130013831259,90.0414937759336,0.2457790961495845,0.2648239161079792
ENSG00000189306,add_gc_removed_a1.0,46.41183387910214,50.62240663900415,0.2283160373075374,0.1809607567301445
ENSG00000189306,add_own,63.81742738589212,81.90871369294607,0.1299776350004871,0.1281135905820736
ENSG00000189306,random_a1.0,55.656984785615485,66.30705394190872,0.164534912226431,0.1392949305252739
ENSG00000189306,unsteered,46.97095435684647,53.52697095435684,0.224020996977885,0.1848776074529458
ENSG00000196639,add_a0.5,64.92,89.84984984984985,0.0976324545581477,0.1439888810756894
ENSG00000196639,add_a1.0,71.82000000000001,96.8168168168168,0.1508547247848963,0.229637184846307
ENSG00000196639,add_a2.0,70.91331331331331,95.43543543543544,0.1462578810702603,0.2256362488080098
ENSG00000196639,add_a3.0,73.32000000000001,94.35435435435436,0.1597794553683464,0.2305213791987116
ENSG00000196639,add_a4.0,73.78,94.83483483483482,0.1878003516883456,0.2426759937916195
ENSG00000196639,add_gc_removed_a1.0,57.0,80.72072072072072,0.1105585195210117,0.1235956616385236
ENSG00000196639,add_own,75.74,97.47747747747748,0.1821033730391845,0.2603654873457937
ENSG00000196639,random_a1.0,59.46,80.72072072072072,0.0826283215989406,0.0876987751328538
ENSG00000196639,unsteered,60.120000000000005,82.82282282282281,0.1021202237939333,0.1064242609981932
ENSG00000197217,add_a0.5,55.56,55.37537537537537,0.2096111488983287,0.2067637587957035
ENSG00000197217,add_a1.0,61.34,64.98498498498499,0.2119227244997035,0.2115196254482595
ENSG00000197217,add_a2.0,66.86,69.72972972972973,0.2214997338084753,0.2445018070785955
ENSG00000197217,add_a3.0,79.52,86.36636636636636,0.3472776344785461,0.3714366798003475
ENSG00000197217,add_a4.0,82.64,89.06906906906906,0.4030807826436809,0.4232240943771381
ENSG00000197217,add_gc_removed_a1.0,38.7,37.35735735735736,0.1460313584177082,0.1367780858184081
ENSG00000197217,add_own,65.3,67.92792792792793,0.2364969933335228,0.2538813879398095
ENSG00000197217,random_a1.0,42.78,42.04204204204204,0.1443352325227841,0.1389475354408093
ENSG00000197217,unsteered,43.86,37.95795795795796,0.1430167571196119,0.130436139981591
ENSG00000197448,add_a0.5,68.63198458574182,93.41040462427743,0.1476339378997513,0.2240859778230415
ENSG00000197448,add_a1.0,68.2466281310212,94.10404624277456,0.1567631376023132,0.2278722329598947
ENSG00000197448,add_a2.0,73.56454720616571,94.33526011560691,0.1446995813364814,0.2330841667848936
ENSG00000197448,add_a3.0,75.29865125240848,95.14450867052024,0.1626787771699258,0.2468717944269354
ENSG00000197448,add_a4.0,75.6840077071291,93.0635838150289,0.2285512896360392,0.2913891725908616
ENSG00000197448,add_gc_removed_a1.0,60.616570327552985,80.8092485549133,0.1425271727950107,0.1386680741198099
ENSG00000197448,add_own,66.28131021194605,85.08670520231213,0.1342966013897601,0.1581865735881736
ENSG00000197448,random_a1.0,57.30250481695568,76.18497109826589,0.1584361254089099,0.1188648539374747
ENSG00000197448,unsteered,59.614643545279385,78.72832369942196,0.1754621482327461,0.1604788454145917
ENSG00000198363,add_a0.5,39.74,39.93993993993994,0.2288275377501983,0.2263828179352672
ENSG00000198363,add_a1.0,60.74,64.62462462462463,0.294755047662625,0.2935502045873877
ENSG00000198363,add_a2.0,81.8,88.1081081081081,0.5230080647563373,0.5314308401713794
ENSG00000198363,add_a3.0,79.72,88.82882882882883,0.5001949238152741,0.5082767895378144
ENSG00000198363,add_a4.0,87.8,92.55255255255256,0.6323287244115441,0.6298753770156257
ENSG00000198363,add_gc_removed_a1.0,36.720000000000006,34.414414414414416,0.1709056541956374,0.1833505891423895
ENSG00000198363,add_own,52.120000000000005,51.17117117117117,0.2454055854033185,0.245576839709844
ENSG00000198363,random_a1.0,33.08,25.765765765765764,0.1627021994939513,0.171000179728071
ENSG00000198363,unsteered,37.54,37.05705705705706,0.2524580479255237,0.2751401727028549
ENSG00000198570,add_a0.5,62.18253968253968,69.04761904761905,0.2731132033073414,0.277574552216619
ENSG00000198570,add_a1.0,74.8015873015873,89.88095238095238,0.3635242459729292,0.2776856601615527
ENSG00000198570,add_a2.0,77.73809523809523,89.16666666666666,0.3605726584135283,0.2770383388336125
ENSG00000198570,add_a3.0,82.26190476190476,83.92857142857143,0.3936667387597589,0.3187202853817982
ENSG00000198570,add_a4.0,82.53968253968254,91.1904761904762,0.3950970683338214,0.296658368186344
ENSG00000198570,add_gc_removed_a1.0,57.02380952380952,69.76190476190476,0.2446222309763525,0.2848140697002043
ENSG00000198570,add_own,68.25396825396825,82.5,0.2722746625487386,0.2452600360723774
ENSG00000198570,random_a1.0,67.93650793650794,83.57142857142858,0.2671830848596778,0.2281006528444882
ENSG00000198570,unsteered,61.38888888888889,70.0,0.2201707794476309,0.2375865329670579
ENSG00000198746,add_a0.5,60.64,43.84384384384384,0.4970035977416861,0.4415198215181309
ENSG00000198746,add_a1.0,79.05999999999999,89.30930930930931,0.258292186554279,0.345433904324475
ENSG00000198746,add_a2.0,78.03999999999999,84.92492492492492,0.2601097709215049,0.3280865493971509
ENSG00000198746,add_a3.0,82.08,85.76576576576576,0.2447962930925856,0.3384736062374174
ENSG00000198746,add_a4.0,89.55999999999999,90.99099099099098,0.2864130065009954,0.4164534125730365
ENSG00000198746,add_gc_removed_a1.0,49.7,49.54954954954955,0.3382469659066074,0.2015297048451876
ENSG00000198746,add_own,80.1,78.61861861861863,0.2420116324011001,0.309705065654447
ENSG00000198746,random_a1.0,64.44,81.68168168168168,0.3562951553582834,0.3698092510109242
ENSG00000198746,unsteered,49.84,49.36936936936937,0.4358264292689474,0.3145063447021786
ENSG00000198774,add_a0.5,43.1,44.74474474474474,0.0873952443929798,0.0475252286726318
ENSG00000198774,add_a1.0,51.46,58.91891891891892,0.1665501642512045,0.1238940345718847
ENSG00000198774,add_a2.0,65.97999999999999,70.27027027027027,0.3504819072211033,0.2961054758229632
ENSG00000198774,add_a3.0,81.24,90.45045045045045,0.5364980595932479,0.4690441528245852
ENSG00000198774,add_a4.0,88.0,94.47447447447448,0.660296094634868,0.589912525752502
ENSG00000198774,add_gc_removed_a1.0,40.34,36.6966966966967,0.0958910002730501,0.0839373087491785
ENSG00000198774,add_own,61.96,67.50750750750751,0.288769500851612,0.2427673404323985
ENSG00000198774,random_a1.0,41.58,39.15915915915916,0.1000240707811964,0.0692997646368316
ENSG00000198774,unsteered,36.28,34.77477477477477,0.1123040527919553,0.0776932576377886
ENSG00000198894,add_a0.5,66.86,77.53753753753753,0.180814461970036,0.2049161581823092
ENSG00000198894,add_a1.0,65.6,76.93693693693695,0.1566895191862309,0.1903649239230546
ENSG00000198894,add_a2.0,84.52000000000001,93.87387387387386,0.3429428430172108,0.4101342942878375
ENSG00000198894,add_a3.0,86.42,89.96996996996998,0.3969567612837773,0.4545969677595848
ENSG00000198894,add_a4.0,84.34,82.46246246246247,0.3576557039962927,0.4174821219963226
ENSG00000198894,add_gc_removed_a1.0,48.32,50.45045045045045,0.186779844194073,0.1563929463734679
ENSG00000198894,add_own,74.24,81.38138138138137,0.2194279868127078,0.2657402050619225
ENSG00000198894,random_a1.0,58.98,55.7957957957958,0.2292494421082928,0.2093723415229931
ENSG00000198894,unsteered,57.58,58.01801801801802,0.1421366426897506,0.1202620605587994
ENSG00000198948,add_a0.5,48.78,39.15915915915916,0.426598764243534,0.3105790971388412
ENSG00000198948,add_a1.0,57.86,51.891891891891895,0.3467602303914626,0.279530244645
ENSG00000198948,add_a2.0,61.82000000000001,66.30630630630631,0.3065155559086364,0.2756626918166929
ENSG00000198948,add_a3.0,73.14,75.37537537537537,0.2418992846621986,0.2711439218435207
ENSG00000198948,add_a4.0,80.96000000000001,85.04504504504504,0.2495962140827327,0.3321634251550512
ENSG00000198948,add_gc_removed_a1.0,36.58,40.12012012012012,0.3650139064238812,0.2308374947351212
ENSG00000198948,add_own,51.74,53.213213213213216,0.2868402277697177,0.1918138743128375
ENSG00000198948,random_a1.0,46.6,46.18618618618619,0.2898337935915282,0.1792832033655152
ENSG00000198948,unsteered,44.3,42.22222222222222,0.3720674455412256,0.2529842769037465
ENSG00000204311,add_a0.5,40.97007223942209,42.78637770897833,0.1004055955584712,0.0946847298689438
ENSG00000204311,add_a1.0,44.39628482972137,47.36842105263158,0.1059531025297663,0.1087333811691328
ENSG00000204311,add_a2.0,64.21052631578948,76.47058823529412,0.2493659165985386,0.3136530600822648
ENSG00000204311,add_a3.0,77.21362229102166,92.19814241486068,0.4178176708732352,0.5050670009417803
ENSG00000204311,add_a4.0,80.16511867905056,95.6656346749226,0.456901264804351,0.5524644869518254
ENSG00000204311,add_gc_removed_a1.0,41.65118679050568,39.5046439628483,0.1206221570907686,0.1192378614305676
ENSG00000204311,add_own,57.81217750257999,73.86996904024768,0.2077858198278159,0.2613361619339329
ENSG00000204311,random_a1.0,37.00722394220846,34.55108359133127,0.1257334874128179,0.0991611197039079
ENSG00000204311,unsteered,36.40866873065016,31.76470588235294,0.1124637069073138,0.0945025145184544
ENSG00000204767,add_a0.5,48.42,49.729729729729726,0.1467697985980508,0.124722907987689
ENSG00000204767,add_a1.0,55.120000000000005,60.60060060060059,0.1088294945385855,0.1094122040170465
ENSG00000204767,add_a2.0,74.58,88.1081081081081,0.2447658794975165,0.3108449921521237
ENSG00000204767,add_a3.0,79.24,93.57357357357355,0.3096621694712178,0.3864242734486621
ENSG00000204767,add_a4.0,84.16,91.8918918918919,0.3349410146621251,0.4038103639100027
ENSG00000204767,add_gc_removed_a1.0,39.14,33.3933933933934,0.1642965414542831,0.1172966777886855
ENSG00000204767,add_own,56.92,63.84384384384384,0.1249649335370847,0.1364504572389099
ENSG00000204767,random_a1.0,39.88,36.0960960960961,0.1842587423959811,0.1421659818254748
ENSG00000204767,unsteered,46.96,45.825825825825824,0.1219222635842847,0.1055118107728554
ENSG00000204859,add_a0.5,70.42,92.07207207207207,0.1920591890161478,0.2527007602520363
ENSG00000204859,add_a1.0,76.9,98.7987987987988,0.196812423627899,0.2850794462429629
ENSG00000204859,add_a2.0,78.84,98.91891891891892,0.2057846221018158,0.3028325505096254
ENSG00000204859,add_a3.0,80.92,98.25825825825824,0.2229793561646317,0.3174116063943829
ENSG00000204859,add_a4.0,82.6,95.55555555555556,0.2632503499759188,0.3387191651269708
ENSG00000204859,add_gc_removed_a1.0,61.120000000000005,78.49849849849849,0.1754618394634017,0.1865574536613574
ENSG00000204859,add_own,71.76,98.018018018018,0.1834532590303731,0.2631439514298729
ENSG00000204859,random_a1.0,65.17999999999999,86.24624624624624,0.1531541839380896,0.1861702850277287
ENSG00000204859,unsteered,72.66,96.27627627627626,0.1725929608168523,0.250664583036689
ENSG00000204923,add_a0.5,44.182389937106926,50.31446540880503,0.2555615960982326,0.2764547753635009
ENSG00000204923,add_a1.0,53.9832285115304,68.86792452830188,0.2636660547631883,0.3368338930149132
ENSG00000204923,add_a2.0,63.25995807127882,82.70440251572326,0.3493992725282286,0.4305092282260429
ENSG00000204923,add_a3.0,67.45283018867924,87.26415094339622,0.3892831223737822,0.4922499758831865
ENSG00000204923,add_a4.0,77.93501048218029,91.0377358490566,0.4921531274162958,0.5800104512740744
ENSG00000204923,add_gc_removed_a1.0,43.34381551362683,49.0566037735849,0.251173284987832,0.2350553802380104
ENSG00000204923,add_own,42.138364779874216,44.9685534591195,0.2779696344109776,0.2656835507551067
ENSG00000204923,random_a1.0,45.91194968553459,52.35849056603774,0.2605496583640657,0.2469249771331025
ENSG00000204923,unsteered,39.15094339622642,38.20754716981132,0.2685953186602179,0.2287317948724964
ENSG00000205177,add_a0.5,71.34986225895317,94.3801652892562,0.2605507146724303,0.2242646418796488
ENSG00000205177,add_a1.0,75.31680440771349,98.84297520661156,0.2526508455632148,0.1921912857520847
ENSG00000205177,add_a2.0,74.38016528925621,97.5206611570248,0.2696882417520432,0.2226659584704503
ENSG00000205177,add_a3.0,80.05509641873277,98.34710743801654,0.3090905251157697,0.2466978838830114
ENSG00000205177,add_a4.0,79.88980716253442,92.23140495867769,0.2695639541124956,0.2267687374707549
ENSG00000205177,add_gc_removed_a1.0,64.68319559228651,78.67768595041323,0.3004093088731764,0.2900100537336247
ENSG00000205177,add_own,71.62534435261708,94.7107438016529,0.2581852495760454,0.2321359383167835
ENSG00000205177,random_a1.0,69.14600550964187,91.07438016528926,0.2831073828755761,0.245362202467342
ENSG00000205177,unsteered,73.71900826446281,89.58677685950413,0.3254823495724241,0.2835208403794468
ENSG00000205730,add_a0.5,79.14,75.97597597597597,0.2462628684925323,0.2539830091878582
ENSG00000205730,add_a1.0,76.53999999999999,96.6966966966967,0.1234400367335023,0.2006396826355632
ENSG00000205730,add_a2.0,78.22,97.83783783783784,0.1099386122918973,0.2066658673177415
ENSG00000205730,add_a3.0,80.3,96.93693693693692,0.0995725845086444,0.1878063641549858
ENSG00000205730,add_a4.0,87.22,93.81381381381382,0.1661317986331767,0.2512050889863148
ENSG00000205730,add_gc_removed_a1.0,58.540000000000006,74.11411411411412,0.2708991087829182,0.1860131866429657
ENSG00000205730,add_own,81.56,82.7027027027027,0.1944748905148937,0.2271657179277278
ENSG00000205730,random_a1.0,73.78,84.08408408408408,0.3506781878271061,0.3445140916466914
ENSG00000205730,unsteered,70.2,86.96696696696696,0.2138694355117589,0.2278987564650297
ENSG00000213024,add_a0.5,55.0,53.51351351351351,0.2957046388574847,0.2475854502034987
ENSG00000213024,add_a1.0,73.44,76.6966966966967,0.1480720899338858,0.1532070577700675
ENSG00000213024,add_a2.0,80.16,91.23123123123123,0.2399256811564898,0.2450082170712668
ENSG00000213024,add_a3.0,82.32000000000001,87.56756756756756,0.3298870557070797,0.3065944293928845
ENSG00000213024,add_a4.0,88.53999999999999,91.47147147147147,0.4087888732739316,0.381174242260492
ENSG00000213024,add_gc_removed_a1.0,47.54,27.207207207207205,0.2620124975554832,0.2283369282193632
ENSG00000213024,add_own,73.3,82.58258258258259,0.1732735031117454,0.1873923253304327
ENSG00000213024,random_a1.0,55.98,38.55855855855856,0.1740424078820654,0.1690744371970942
ENSG00000213024,unsteered,46.08,35.37537537537538,0.2793814180954684,0.2539802782837702
ENSG00000213563,add_a0.5,73.5686274509804,90.82352941176472,0.2557926791912597,0.2486973037656162
ENSG00000213563,add_a1.0,74.90196078431373,90.23529411764706,0.2313196137558417,0.2226887828801569
ENSG00000213563,add_a2.0,77.17647058823529,93.29411764705884,0.1973061008289162,0.1856700775491376
ENSG00000213563,add_a3.0,74.19607843137254,91.41176470588236,0.1860242060025929,0.1860466935262026
ENSG00000213563,add_a4.0,77.17647058823529,93.17647058823528,0.1854600141088101,0.1719531877360275
ENSG00000213563,add_gc_removed_a1.0,66.0,80.35294117647058,0.2488579296058382,0.2620199863077313
ENSG00000213563,add_own,76.7843137254902,95.05882352941175,0.1858096012323156,0.1632682212353061
ENSG00000213563,random_a1.0,66.72468122809046,86.35294117647058,0.2407506895452281,0.2093148275634501
ENSG00000213563,unsteered,71.41176470588235,90.11764705882354,0.24185500125316,0.2198993800842235
ENSG00000215906,add_a0.5,69.04,76.93693693693693,0.1557003066904426,0.1509145601583167
ENSG00000215906,add_a1.0,74.42,83.96396396396396,0.1462836832334245,0.1479884635254748
ENSG00000215906,add_a2.0,78.64,94.77477477477478,0.1622244769761362,0.1666986181061062
ENSG00000215906,add_a3.0,79.36,88.4084084084084,0.1564102340428871,0.1598055514957791
ENSG00000215906,add_a4.0,87.0,91.29129129129127,0.2709821550958388,0.2609252980879884
ENSG00000215906,add_gc_removed_a1.0,57.51101101101101,61.56156156156156,0.1535949909417251,0.1584057925678216
ENSG00000215906,add_own,74.16,84.2042042042042,0.1538952418633269,0.1576622916263855
ENSG00000215906,random_a1.0,62.10996996996996,69.1891891891892,0.1919576405767441,0.2044693432983497
ENSG00000215906,unsteered,62.545165165165166,71.11111111111111,0.1245253721761045,0.1251837663397302
ENSG00000217930,add_a0.5,57.39087301587301,67.70833333333333,0.187672296274587,0.0898345000588536
ENSG00000217930,add_a1.0,63.93849206349206,81.99404761904762,0.2520834905551907,0.1482459385453655
ENSG00000217930,add_a2.0,68.84920634920636,91.36904761904762,0.2717050315423417,0.2032465066689313
ENSG00000217930,add_a3.0,71.62698412698413,93.89880952380952,0.3137611519113954,0.2637537186947863
ENSG00000217930,add_a4.0,74.34427022841656,94.64285714285714,0.3570099467785437,0.2986086798605995
ENSG00000217930,add_gc_removed_a1.0,58.58134920634921,69.19642857142857,0.2130454646412991,0.1372177990777414
ENSG00000217930,add_own,62.05357142857143,80.35714285714286,0.2263226113553367,0.1162686208991048
ENSG00000217930,random_a1.0,58.58134920634921,69.94047619047619,0.1938272639383458,0.1033298681997436
ENSG00000217930,unsteered,57.83730158730158,69.19642857142857,0.1846702299634382,0.0843163559363359
ENSG00000223802,add_a0.5,74.25867507886434,85.04731861198738,0.3281369712809856,0.2975060236313692
ENSG00000223802,add_a1.0,76.9926393270242,85.99369085173501,0.2942947907550965,0.2615372011906703
ENSG00000223802,add_a2.0,85.15247108307045,97.72870662460568,0.3337653988349835,0.2895801150430481
ENSG00000223802,add_a3.0,86.24605678233438,93.05993690851736,0.3591513567045467,0.3269537154829009
ENSG00000223802,add_a4.0,87.42376445846477,91.60883280757098,0.3735004982092578,0.3496480098268785
ENSG00000223802,add_gc_removed_a1.0,67.50788643533124,73.24921135646687,0.3308033864962135,0.3019670736363774
ENSG00000223802,add_own,86.22502628811777,92.93375394321768,0.3710224115791128,0.3285167636616929
ENSG00000223802,random_a1.0,67.3186119873817,72.6813880126183,0.3792722764491293,0.3474237272645238
ENSG00000223802,unsteered,62.58675078864353,68.58044164037855,0.2993678339584269,0.2848017373681727
ENSG00000235118,add_a0.5,61.11856823266218,68.59060402684563,0.2709948177068856,0.2565603018501295
ENSG00000235118,add_a1.0,65.59284116331096,71.81208053691276,0.2686277526393459,0.3032308173786168
ENSG00000235118,add_a2.0,74.36241610738254,80.53691275167785,0.2961208183953522,0.3832466800307048
ENSG00000235118,add_a3.0,75.57046979865773,84.96644295302013,0.2893053254842962,0.4051296336017175
ENSG00000235118,add_a4.0,82.5503355704698,86.5771812080537,0.3558865651183281,0.4899685465950293
ENSG00000235118,add_gc_removed_a1.0,56.06263982102909,62.55033557046979,0.2236581869903295,0.1766670362208438
ENSG00000235118,add_own,56.46532438478747,69.39597315436242,0.2391407578655936,0.2335526106659944
ENSG00000235118,random_a1.0,59.01565995525728,63.758389261744966,0.2922946238479467,0.2617017057978392
ENSG00000235118,unsteered,56.286353467561526,59.46308724832216,0.2710974657963624,0.2162808320665682
ENSG00000248098,add_a0.5,65.24,70.93093093093094,0.2401811025813441,0.2010267031595533
ENSG00000248098,add_a1.0,71.24,87.0870870870871,0.1358145256881579,0.1323615424158248
ENSG00000248098,add_a2.0,78.72,76.6966966966967,0.3039021036231325,0.285906708780317
ENSG00000248098,add_a3.0,85.02000000000001,94.5945945945946,0.255833871803691,0.2895113585810052
ENSG00000248098,add_a4.0,84.42,95.43543543543544,0.2238398477823101,0.2653519799177232
ENSG00000248098,add_gc_removed_a1.0,49.5,50.09009009009009,0.3331219720873521,0.2208456019242125
ENSG00000248098,add_own,71.8,80.54054054054055,0.1725781207622988,0.1591781621820518
ENSG00000248098,random_a1.0,57.5,61.44144144144144,0.2369242807812293,0.157497223464696
ENSG00000248098,unsteered,52.14406406406406,62.23741814103259,0.2488715806214002,0.1773643198069506
ENSG00000248487,add_a0.5,64.82866043613707,73.55140186915887,0.1746045292925187,0.1737478910428362
ENSG00000248487,add_a1.0,67.53894080996885,73.92523364485982,0.1971855397866543,0.1798220524856512
ENSG00000248487,add_a2.0,79.96884735202492,87.47663551401868,0.317235399772551,0.3074370142906913
ENSG00000248487,add_a3.0,82.71028037383178,93.55140186915888,0.3468727841998995,0.3249081573515924
ENSG00000248487,add_a4.0,83.30218068535825,92.71028037383178,0.3121277218489074,0.2929090371898262
ENSG00000248487,add_gc_removed_a1.0,58.8785046728972,67.4766355140187,0.143469423959284,0.1511700803013851
ENSG00000248487,add_own,63.39563862928348,76.54205607476635,0.139926880335231,0.1133637675095469
ENSG00000248487,random_a1.0,63.39563862928348,70.2803738317757,0.1347390043496956,0.1170084030005716
ENSG00000248487,unsteered,64.42367601246106,71.86915887850468,0.1562757154110836,0.154005156354724
ENSG00000255072,add_a0.5,45.67099567099567,59.74025974025974,0.46823231713678,0.1801474283078581
ENSG00000255072,add_a1.0,49.63924963924964,68.83116883116882,0.4261485746149623,0.270980499317048
ENSG00000255072,add_a2.0,57.07070707070707,83.11688311688312,0.3294447516444853,0.3794490823582696
ENSG00000255072,add_a3.0,60.6060606060606,84.84848484848486,0.3573918278018676,0.4211629330906953
ENSG00000255072,add_a4.0,62.698412698412696,80.95238095238095,0.346045334451854,0.4610534007867971
ENSG00000255072,add_gc_removed_a1.0,45.74314574314575,59.30735930735931,0.4719291641126826,0.2610158885358453
ENSG00000255072,add_own,46.39249639249639,58.44155844155844,0.4661263109954826,0.2320744870180337
ENSG00000255072,random_a1.0,43.50649350649351,50.43290043290044,0.5161204170984491,0.2489394691134012
ENSG00000255072,unsteered,43.650793650793645,50.0,0.5395073768021249,0.2308634831797472
ENSG00000256061,add_a0.5,63.54,77.47747747747748,0.2503500579036319,0.3697282690303125
ENSG00000256061,add_a1.0,66.58,73.69369369369369,0.2786673649276456,0.3822753318570918
ENSG00000256061,add_a2.0,74.86,90.3903903903904,0.3916257288251377,0.5341728393877867
ENSG00000256061,add_a3.0,77.76,91.77177177177175,0.3958690057974013,0.5429895067624286
ENSG00000256061,add_a4.0,83.16,90.57057057057057,0.4698419653010082,0.5877599333570425
ENSG00000256061,add_gc_removed_a1.0,46.04,55.79579579579579,0.1503414728726385,0.1908017373510294
ENSG00000256061,add_own,69.06,87.2072072072072,0.3105737634122649,0.4668826924610191
ENSG00000256061,random_a1.0,51.82000000000001,56.75675675675676,0.2392436635005528,0.3014740178910533
ENSG00000256061,unsteered,52.86,56.63663663663664,0.2338229618577115,0.30860047867051
ENSG00000262919,add_a0.5,69.62264150943396,87.64150943396226,0.3186624257635492,0.2107649307983403
ENSG00000262919,add_a1.0,71.16352201257862,87.64150943396227,0.344727841627941,0.238172173305222
ENSG00000262919,add_a2.0,77.67295597484276,94.15094339622642,0.3919293649613861,0.2631980117923417
ENSG00000262919,add_a3.0,85.03144654088051,91.0377358490566,0.4861564968769991,0.3814903893341611
ENSG00000262919,add_a4.0,79.87421383647799,96.88679245283018,0.4263516145718638,0.3051883050046742
ENSG00000262919,add_gc_removed_a1.0,60.28301886792453,77.9245283018868,0.1879969946302733,0.1037837017498766
ENSG00000262919,add_own,71.98113207547169,82.16981132075472,0.3109782991391979,0.2298343892315632
ENSG00000262919,random_a1.0,58.52201257861636,73.11320754716982,0.1487795395617802,0.0822120793101275
ENSG00000262919,unsteered,71.38364779874215,71.0377358490566,0.3466690246289324,0.3262425056941403
ENSG00000293543,add_a0.5,62.567567567567565,67.7027027027027,0.1974586126739053,0.2088128586418723
ENSG00000293543,add_a1.0,64.05405405405405,73.64864864864865,0.2266561197530242,0.2131909607258791
ENSG00000293543,add_a2.0,72.83783783783784,91.35135135135135,0.2447462206361498,0.1962416845922609
ENSG00000293543,add_a3.0,75.45045045045045,77.97297297297297,0.2735901447973671,0.2896953660105072
ENSG00000293543,add_a4.0,80.22522522522522,90.13513513513512,0.3090140298572347,0.2784094138336986
ENSG00000293543,add_gc_removed_a1.0,56.21621621621622,58.91891891891892,0.2012425947567406,0.280964634534592
ENSG00000293543,add_own,62.567567567567565,63.24324324324325,0.3032047998786317,0.3373894208898728
ENSG00000293543,random_a1.0,64.72972972972973,67.29729729729729,0.2443803628594816,0.2618021828232194
ENSG00000293543,unsteered,55.18018018018019,57.97297297297298,0.2801489554011119,0.3458311912768935
