site_set,condition,n_genes_total,n_samples_median,n_sites_mean,d_A_cov,d_A_cov_median,d_A_cov_sd,d_A_cov_q25,d_A_cov_q75,d_A_cov_frac_improved,d_A_cov_n_genes,lvl_A_cov,base_A_cov,d_A_all,d_A_all_median,d_A_all_sd,d_A_all_q25,d_A_all_q75,d_A_all_frac_improved,d_A_all_n_genes,lvl_A_all,base_A_all,d_L,d_L_median,d_L_sd,d_L_q25,d_L_q75,d_L_frac_improved,d_L_n_genes,lvl_L,base_L,d_C,d_C_median,d_C_sd,d_C_q25,d_C_q75,d_C_frac_improved,d_C_n_genes,lvl_C,base_C,d_K,d_K_median,d_K_sd,d_K_q25,d_K_q75,d_K_frac_improved,d_K_n_genes,lvl_K,base_K,d_excess,d_excess_median,d_excess_sd,d_excess_q25,d_excess_q75,d_excess_frac_improved,d_excess_n_genes,lvl_excess,base_excess,d_A_null,d_A_null_median,d_A_null_sd,d_A_null_q25,d_A_null_q75,d_A_null_frac_improved,d_A_null_n_genes,lvl_A_null,base_A_null,d_A_M,d_A_M_median,d_A_M_sd,d_A_M_q25,d_A_M_q75,d_A_M_frac_improved,d_A_M_n_genes,lvl_A_M,base_A_M,d_C_M,d_C_M_median,d_C_M_sd,d_C_M_q25,d_C_M_q75,d_C_M_frac_improved,d_C_M_n_genes,lvl_C_M,base_C_M,d_frac_M_eq_P,d_frac_M_eq_P_median,d_frac_M_eq_P_sd,d_frac_M_eq_P_q25,d_frac_M_eq_P_q75,d_frac_M_eq_P_frac_improved,d_frac_M_eq_P_n_genes,lvl_frac_M_eq_P,base_frac_M_eq_P,d_gc_up_A,d_gc_up_A_median,d_gc_up_A_sd,d_gc_up_A_q25,d_gc_up_A_q75,d_gc_up_A_frac_improved,d_gc_up_A_n_genes,lvl_gc_up_A,base_gc_up_A,d_gc_down_A,d_gc_down_A_median,d_gc_down_A_sd,d_gc_down_A_q25,d_gc_down_A_q75,d_gc_down_A_frac_improved,d_gc_down_A_n_genes,lvl_gc_down_A,base_gc_down_A,d_gc_neutral_A,d_gc_neutral_A_median,d_gc_neutral_A_sd,d_gc_neutral_A_q25,d_gc_neutral_A_q75,d_gc_neutral_A_frac_improved,d_gc_neutral_A_n_genes,lvl_gc_neutral_A,base_gc_neutral_A
platy_not_human,add_a0.5,398,5.0,196.39698492462315,1.5164966908592024,1.0841413839861858,4.900998215730073,-1.207550732817486,3.948799598895612,0.6206030150753769,398,42.38218117398085,40.865684483121655,1.5246219682403817,1.0506790937241313,4.671887802504118,-1.1337652439024346,3.711642849230083,0.6155778894472361,398,41.101577271854936,39.57695530361456,1.1961361383177558,0.5123772688989376,7.0728749209602135,-1.2397983105505048,2.6902690368665567,0.5603015075376885,398,74.55959297597575,73.36345683765799,0.9525521268125884,0.959807865629024,4.293405772427049,-1.6374179971684324,3.2229979283897343,0.585427135678392,398,57.37475780715218,56.42220568033959,0.0779877832467178,7.105427357601002e-15,0.996908802323161,-0.4659294194177867,0.7313267033432069,0.5,398,97.12896651783257,97.05097873458584,0.2551388570674527,0.3449954514811626,2.211154359441011,-1.07458074614176,1.6633520596778697,0.5678391959798995,398,11.446351440502742,11.191212583435288,1.26135783379175,0.6682198094571099,3.52772013455526,-0.5714438062751421,2.6250598436952077,0.6532663316582915,398,30.93582973347812,29.674471899686367,-1.0849725400479906,-0.2387493550302242,7.696934460301964,-2.513612412940229,1.6319841766837628,0.4648241206030151,398,30.69854494716165,31.783517487209643,-7.79103889884037,-0.6920599035699251,44.42885109776715,-4.266379110412686,2.559357733292347,0.4447236180904522,398,60.787937665860845,68.57897656470122,0.0090900257387544,0.0010109146501371,0.3052426779251177,-0.1525665593816143,0.1797431719910234,0.5025125628140703,398,15.335643261973742,15.326553236234984,4.605029153978231,4.566007614726313,6.955828143940873,0.4494649426648713,8.199825542208208,0.7688442211055276,398,49.05199117984666,44.44696202586844,-3.9563562308790496,-3.723431777062688,6.898258926270132,-8.080780143779428,0.071978065027455,0.2537688442211055,398,32.44758372678474,36.40393995766379,1.489035085823469,0.9864836565169526,7.052835862053005,-2.443611490605866,5.527704043982029,0.5703517587939698,398,43.75274309308294,42.263708007259474
platy_not_human,add_a0.5_L24,398,5.0,196.39698492462315,0.1260596901874728,-0.0608016780263174,4.2086069158864365,-2.246090694074704,2.377357900517719,0.4974874371859296,398,40.99174417330913,40.865684483121655,0.1826051797883278,0.0720395071784949,4.023290701155234,-2.112854251012145,2.3044096728307206,0.5025125628140703,398,39.759560483402886,39.57695530361456,-0.0389774353806745,-0.1734603220648054,5.765527425005405,-2.037664234614166,1.6758593213878452,0.4723618090452261,398,73.32447940227732,73.36345683765799,0.1918972327813619,0.0357536728513672,3.975607319516844,-2.081316332652639,2.3988235792161703,0.5050251256281407,398,56.61410291312095,56.42220568033959,0.1211836756327971,0.0714667889627733,0.9385536966288424,-0.4515285599356282,0.7193069074152412,0.507537688442211,398,97.17216241021865,97.05097873458584,-0.1465048128534956,-0.1570019232048496,2.1615961380649056,-1.5777203016436188,1.3497150761618482,0.4673366834170854,398,11.044707770581793,11.191212583435288,0.2725645030409685,0.0206031728233693,2.921308246061154,-1.133463008857149,1.5923502001309942,0.5025125628140703,398,29.94703640272733,29.674471899686367,0.0633203490555861,0.2122278021856516,6.24990560269863,-1.896123494489947,2.1641849565320577,0.5251256281407035,398,31.846837836265237,31.783517487209643,-0.8423717671364706,0.0386654349262354,37.4031383646516,-3.469119195041605,3.512214994527178,0.5050251256281407,398,67.73660479756475,68.57897656470122,0.0105265827801363,0.0,0.285644145792396,-0.151824982718892,0.1852284799717363,0.4899497487437186,398,15.33707981901512,15.326553236234984,1.0895173889721217,1.0526174121872849,6.2520577666889,-2.43586288358952,4.816038422968957,0.5778894472361809,398,45.53647941484055,44.44696202586844,-2.0484221165176737,-1.8305004630344184,6.893263656618053,-6.182837622735322,2.335935799486311,0.3768844221105528,398,34.35551784114612,36.40393995766379,0.7130787618189819,0.4475052391561611,6.811607577216821,-3.372230429079524,4.564138832625471,0.542713567839196,398,42.97678676907845,42.263708007259474
platy_not_human,add_a1.0,398,5.0,196.39698492462315,3.147576876321126,2.1211791256003885,6.166195570355152,-0.4407308220286428,4.980039782572437,0.7010050251256281,398,44.01326135944279,40.865684483121655,3.1101692780831063,2.163555307885204,6.029624448666732,-0.5347644376899687,4.844328023094198,0.7135678391959799,398,42.68712458169766,39.57695530361456,3.586418087878839,1.2574184889673743,8.544792553543207,-0.6889429477021167,4.251483223873198,0.6683417085427136,398,76.94987492553683,73.36345683765799,0.9512283575094056,1.0079553053033727,5.357925289152864,-1.6806530575803065,3.735975622844165,0.6155778894472361,398,57.373434037849,56.42220568033959,0.0195606271308654,0.0500370535052567,0.98497567201169,-0.5684315684315671,0.5246069719753912,0.5050251256281407,398,97.07053936171673,97.05097873458584,0.3949064240808128,0.2764650787326443,2.3283361695339586,-1.0758280063683512,2.028816595208079,0.5628140703517588,398,11.586119007516102,11.191212583435288,2.7526704522403134,1.688448864531054,4.673040075333197,0.0299035756040222,4.330943308763534,0.7537688442211056,398,32.42714235192668,29.674471899686367,-3.618769619378445,-1.0213996153977192,9.336963545230592,-4.073577761905921,1.1667837785922748,0.371859296482412,398,28.1647478678312,31.783517487209643,-24.03671715268829,-1.981685093504403,78.98300841580375,-7.436842739047208,1.4982437390845131,0.3542713567839196,398,44.542259412012925,68.57897656470122,0.0095258749368553,0.0,0.311634102882849,-0.1666045095062789,0.1873130896157446,0.4824120603015075,398,15.33607911117184,15.326553236234984,9.444178453066742,8.421511600938832,8.369546734445949,4.032316673484042,13.805063189356352,0.9095477386934674,398,53.89114047893517,44.44696202586844,-7.537978496306199,-7.227259576268093,7.334254694891072,-12.445757929316922,-2.71617289454011,0.1457286432160804,398,28.86596146135759,36.40393995766379,2.575118028830087,1.7697623770916024,7.32262938251599,-2.110167628325007,6.090800134010141,0.6155778894472361,398,44.83882603608957,42.263708007259474
platy_not_human,add_a1.0_L24,398,5.0,196.39698492462315,0.6290378234908376,0.3092339028297992,4.368019696188671,-1.99889463098895,2.647332709867525,0.542713567839196,398,41.494722306612495,40.865684483121655,0.6837438920930916,0.4093383584589674,4.164261248146723,-1.819184763674368,2.6388888888888946,0.550251256281407,398,40.26069919570765,39.57695530361456,0.7247359011045311,0.3099067658066019,6.576547795712153,-1.5145060216912185,2.095426095844463,0.5577889447236181,398,74.08819273876252,73.36345683765799,0.2513572535341963,0.1777029240720864,4.158082669620846,-1.9973692905577565,2.466673356292345,0.5276381909547738,398,56.67356293387379,56.42220568033959,0.1373615780323633,0.1246118012422385,1.0425990372629557,-0.5105297438124268,0.8015246828019897,0.5226130653266332,398,97.1883403126182,97.05097873458584,-0.0920624012250309,-0.1925530010711993,2.1320465760989302,-1.446915539981018,1.2646423249304417,0.457286432160804,398,11.099150182210256,11.191212583435288,0.7211002247158685,0.4634028926265241,2.970705657559309,-0.7957123124371392,1.8078254802567928,0.592964824120603,398,30.39557212440224,29.674471899686367,-0.7278735492951958,-0.1317964360798384,7.296401787621178,-2.4335239155743045,2.0096992872482087,0.4773869346733668,398,31.055643937914446,31.783517487209643,-6.190742961166902,-0.4149699224882095,47.49849374214853,-4.093852220358151,3.1146819703572675,0.4723618090452261,398,62.38823360353432,68.57897656470122,-0.0059785278987558,-0.0014820644479121,0.3190432804527496,-0.1764324039236866,0.1581092057759998,0.4723618090452261,398,15.320574708336231,15.326553236234984,2.0260193620107967,2.128387558652058,6.433207464630784,-2.553037240537238,6.023460641874902,0.6055276381909548,398,46.47298138787922,44.44696202586844,-2.04424975628298,-1.9889480505453427,7.000270612117226,-6.081068610974762,2.2951492162018496,0.3768844221105528,398,34.359690201380815,36.40393995766379,0.9494747999109768,1.1860984954683715,6.986927104288794,-3.041593822843824,4.3699998217910565,0.585427135678392,398,43.21318280717044,42.263708007259474
platy_not_human,add_a2.0,398,5.0,196.39698492462315,4.354922531509096,2.6660902148989827,8.246619681677668,-0.8166744196414211,7.6329498340150685,0.6984924623115578,398,45.22060701463075,40.865684483121655,4.367829161822886,2.700551024906325,8.061416506156508,-0.6166314305849205,7.530737704918032,0.7060301507537688,398,43.94478446543744,39.57695530361456,5.903266799463318,2.225323627585702,11.719418809750072,-0.6979930314417935,7.391184920363212,0.6884422110552764,398,79.26672363712132,73.36345683765799,0.5305859903319567,0.7149240656284448,6.97981149099629,-2.8218696409591413,4.436937975203277,0.5477386934673367,398,56.95279167067154,56.42220568033959,0.1670715112910893,0.20909985064295,1.078757874827872,-0.477409393791639,0.8888888888888928,0.5628140703517588,398,97.21805024587692,97.05097873458584,0.2370032221403986,0.0444549398797313,2.7827929313551,-1.8172899890574092,2.1881082224767487,0.5,398,11.428215805575688,11.191212583435288,4.1179193093686965,2.5025722596296376,6.287215246981926,-0.0122184419333502,6.3885555942227885,0.7487437185929648,398,33.79239120905507,29.674471899686367,-6.164418819873454,-1.825581653444278,12.85407037690331,-7.749083282143813,1.2464489291392225,0.3366834170854271,398,25.619098667336196,31.783517487209643,-34.56743681210093,-3.120130316349792,110.46224156033672,-15.067654860681111,1.8433635494279093,0.321608040201005,398,34.01153975260029,68.57897656470122,-0.0007068615351323,-0.0034677651109489,0.3006165115012534,-0.1791434019518765,0.1621290725657296,0.4899497487437186,398,15.325846374699852,15.326553236234984,15.116885074939416,13.996260229626792,10.678384455888306,7.592226394937796,21.980453331231388,0.9346733668341708,398,59.56384710080784,44.44696202586844,-14.405269067770078,-13.831026891502669,9.537839823852195,-21.106368434693845,-8.143611873250443,0.0628140703517587,398,21.998670889893717,36.40393995766379,3.523219670052492,3.3055554668847087,10.18286833910103,-2.7062485056391115,9.357379925395833,0.6457286432160804,398,45.78692767731196,42.263708007259474
platy_not_human,add_a2.0_L24,398,5.0,196.39698492462315,1.634896204303269,1.065099746292926,5.407259761375633,-1.4997706689359909,4.024446546412301,0.5904522613065326,398,42.50058068742492,40.865684483121655,1.6633896721922636,1.1090686274509771,5.204328834470956,-1.3812164209946278,3.698304123061403,0.6030150753768844,398,41.24034497580683,39.57695530361456,2.585933583558974,0.7630294399769824,7.862645355830852,-1.0951407105510214,3.653981592199736,0.6206030150753769,398,75.94939042121698,73.36345683765799,-0.2032826145221039,0.027061680949604,4.800451605800491,-2.7943422650942047,2.345889988739316,0.5,398,56.218923065817485,56.42220568033959,0.1029922588282719,0.0630047824102462,1.0079623969425338,-0.561150979468561,0.7814720090934948,0.5100502512562815,398,97.1539709934141,97.05097873458584,0.028002682310311,-0.0219697667630915,2.394591938846724,-1.5733060818631557,1.4322125037963862,0.4974874371859296,398,11.219215265745598,11.191212583435288,1.6068935219929583,0.6379616149386145,3.839287508593155,-0.5758102980114721,3.094969062992787,0.6105527638190955,398,31.28136542167932,29.674471899686367,-2.706576370571674,-0.7284802740974623,8.816842276755347,-3.0207521066596863,1.3426826567907462,0.3994974874371859,398,29.07694111663797,31.783517487209643,-17.711984308943546,-1.2111739010341438,66.96234073251618,-6.187865063457756,2.153349357338005,0.3819095477386934,398,50.86699225575767,68.57897656470122,-0.0054481575276171,0.0,0.3259622930553035,-0.1838914631667991,0.1771640651141028,0.4924623115577889,398,15.32110507870737,15.326553236234984,4.662380944460642,4.17708537484841,8.06197971210802,-0.4853513919068515,8.760166816584194,0.7311557788944724,398,49.109342970329074,44.44696202586844,-3.7204926705181474,-3.3129322312401577,7.807926601142267,-8.848793963932051,1.6038961038961048,0.3090452261306532,398,32.68344728714565,36.40393995766379,1.809303169769479,1.5887295631198122,7.718942960896098,-2.4670619228847244,5.75528051530868,0.6080402010050251,398,44.07301117702895,42.263708007259474
platy_not_human,add_a3.0,398,5.0,196.39698492462315,4.8746543629990144,2.916736247131116,9.253071881545944,-0.7990443223289034,8.869959588529596,0.7010050251256281,398,45.740338846120665,40.865684483121655,4.904056334400906,2.9218125018247605,9.00385326945678,-0.5998942917547598,8.76050420168067,0.7010050251256281,398,44.48101163801546,39.57695530361456,7.212619322616061,2.999046634839303,13.007361101979436,-0.3352558680445447,9.065774632089711,0.7236180904522613,398,80.57607616027406,73.36345683765799,0.1618203359897742,0.3021314237114758,7.858975281334381,-3.3136584428216924,4.467843909357921,0.5251256281407035,398,56.58402601632937,56.42220568033959,0.2159869556904942,0.2974347633790373,1.1702071587891358,-0.4037748771251301,0.93255813953488,0.5979899497487438,398,97.26696569027632,97.05097873458584,0.0584333789771709,-0.0066376463331332,2.940491793939674,-2.152539243432583,1.963154761903636,0.5,398,11.24964596241246,11.191212583435288,4.816220984021844,2.967463802825062,7.131159571544864,0.3368570011893466,7.501116023497574,0.7839195979899497,398,34.490692883708206,29.674471899686367,-7.549166444763453,-2.4868064378423504,14.203208725544007,-8.530253385278062,0.2983500859560264,0.271356783919598,398,24.234351042446196,31.783517487209643,-37.53739114614723,-4.210333530448278,115.85660323511352,-14.22486157163318,0.3042926215443433,0.2663316582914573,398,31.041585418554,68.57897656470122,-0.0074164663588268,-0.0014561375156567,0.3203262995081322,-0.221419809941763,0.1891204390135561,0.4949748743718593,398,15.31913676987616,15.326553236234984,17.578674768920717,16.816830384053276,11.751161881179948,8.457040725706861,25.4590721574632,0.9472361809045228,398,62.02563679478914,44.44696202586844,-17.56729562900796,-17.34022702925747,10.87550601359969,-25.76986844203684,-9.345996338167057,0.0376884422110552,398,18.83664432865583,36.40393995766379,3.794872802827709,3.356151072869338,11.75592900891158,-2.8566811460643637,10.018952828039229,0.6557788944723618,398,46.05858081008719,42.263708007259474
platy_not_human,add_a3.0_L24,398,5.0,196.39698492462315,2.717918800528326,1.403834283309859,6.554681080559497,-1.6222144772614886,5.299147599837949,0.6231155778894473,398,43.58360328364998,40.865684483121655,2.7695354388894806,1.3333333333333286,6.307731150203355,-1.394511920827714,5.323529411764701,0.635678391959799,398,42.34649074250404,39.57695530361456,4.327357603230144,1.4209344274452036,9.84215338326716,-0.6907715653590714,4.771516573792948,0.678391959798995,398,77.69081444088813,73.36345683765799,-0.1935883684825619,-0.227572951119793,5.592956753176326,-2.785029536357012,2.70310635908233,0.4798994974874372,398,56.22861731185702,56.42220568033959,0.1774248610234906,0.2127659574467983,1.0585581863632725,-0.5057106598984653,0.8173400673400764,0.5577889447236181,398,97.22840359560934,97.05097873458584,0.0686839956141801,-0.1466450157657588,2.633893572646376,-1.6393703880954842,1.608036041227337,0.4874371859296482,398,11.25989657904947,11.191212583435288,2.649234804914146,1.3908148361344992,4.766409325376011,-0.1714043417578352,3.878336354721584,0.7085427135678392,398,32.32370670460052,29.674471899686367,-4.625775672220204,-1.3078313012890224,10.880472462563246,-4.555312048407819,0.7102909948221843,0.3366834170854271,398,27.157741814989443,31.783517487209643,-25.223196288529834,-1.9004120179412836,77.86966189934061,-8.974630384106476,1.096000973567009,0.314070351758794,398,43.35578027617139,68.57897656470122,-0.0028718797660005,-0.0040556737182189,0.3315507225601309,-0.1822435212119642,0.1626904636854385,0.4748743718592965,398,15.323681356468985,15.326553236234984,7.411044659489597,6.124204693821884,9.437894667739153,0.7854683917461838,12.967282238354118,0.7889447236180904,398,51.85800668535801,44.44696202586844,-6.412538012456137,-5.954319716889095,8.040918805449875,-11.546394660042504,-1.0983347792558291,0.1959798994974874,398,29.991401945207656,36.40393995766379,2.727082121582223,1.8195026852868423,8.244058273548156,-2.117147055211621,6.48162154397852,0.635678391959799,398,44.990790128841695,42.263708007259474
platy_not_human,add_a4.0,398,5.0,196.39698492462315,4.754112482352191,2.782698623472782,9.64711161441484,-1.4995677763099984,9.257679310742995,0.6758793969849246,398,45.619796965473846,40.865684483121655,4.844421940827006,2.8020188863562367,9.39856575835085,-1.200644160801625,9.206450696220514,0.6809045226130653,398,44.421377244441565,39.57695530361456,7.570736505213285,3.162693635106443,13.572122171515568,-0.2791651504917176,9.595277948486912,0.7286432160804021,398,80.93419334287128,73.36345683765799,-0.2902332854050317,-0.1162780924973034,8.271842466852807,-4.139288131421655,4.556738132864423,0.4924623115577889,398,56.13197239493456,56.42220568033959,0.3365110461428876,0.3759398496240607,1.1523326952087871,-0.3947064262598303,1.035012504465886,0.6030150753768844,398,97.38748978072874,97.05097873458584,-0.1368211718479113,-0.3161029292605768,3.0449634331773856,-2.1796862280990705,1.7739625641790884,0.4597989949748743,398,11.054391411587378,11.191212583435288,4.890933654200103,3.1022890136487344,7.410848394143314,0.2596377120413375,7.71549553196263,0.7613065326633166,398,34.56540555388647,29.674471899686367,-8.142322198134652,-2.8364857661083054,14.80749482201824,-9.623860847552711,0.2546286633036727,0.2638190954773869,398,23.641195289075,31.783517487209643,-38.53343555945582,-5.0889479278476255,117.42986767948584,-16.601686061450934,0.395312779846571,0.2638190954773869,398,30.045541005245404,68.57897656470122,0.0112907225421612,0.0190839212879403,0.3102465841000426,-0.1449209511234594,0.1666840334866397,0.5376884422110553,398,15.33784395877715,15.326553236234984,18.90238532046041,18.448577775166257,11.86180596332703,9.936737343528014,27.258382045710377,0.9623115577889448,398,63.34934734632884,44.44696202586844,-20.054618035081187,-19.10716374232284,12.070869581640526,-29.471655036154484,-10.9714353898326,0.0326633165829145,398,16.349321922582607,36.40393995766379,3.8035759626179657,3.869261940978044,12.416075857163738,-2.7667084377610696,9.9473346973347,0.6557788944723618,398,46.06728396987744,42.263708007259474
platy_not_human,add_a4.0_L24,398,5.0,196.39698492462315,3.239025372549764,2.052362722710498,7.389936801834104,-1.381121099979671,5.7822883460555445,0.6507537688442211,398,44.104709855671416,40.865684483121655,3.2875419011501044,1.9863945578231323,7.165159574176247,-1.3983516483516496,5.700348432055744,0.6633165829145728,398,42.86449720476466,39.57695530361456,5.342616432092308,1.7443530695495824,10.997329954423574,-0.7612318152369468,5.788322880475199,0.7085427135678392,398,78.7060732697503,73.36345683765799,-0.3546556436558299,0.1559407698486552,6.284358112851535,-3.357437620282852,2.953206075098894,0.5201005025125628,398,56.06755003668376,56.42220568033959,0.1953674538926594,0.2133348503811589,1.0606957811898237,-0.4421474023840268,0.8525991147942413,0.5402010050251256,398,97.2463461884785,97.05097873458584,0.0314772860197899,0.0264101935165324,2.7004822249885936,-1.822290013779828,1.7007643341929102,0.5,398,11.22268986945508,11.191212583435288,3.207548086529974,1.856169847021638,5.447677811017949,-0.1595450254085975,5.036253801737017,0.7286432160804021,398,32.88201998621634,29.674471899686367,-5.7923567929588495,-1.5920030875284894,12.04613798743504,-5.707301976216408,0.5878136878396676,0.314070351758794,398,25.9911606942508,31.783517487209643,-30.87368309662597,-2.8712098837753928,92.45554963767484,-13.215756373938326,0.8406706892256359,0.3190954773869346,398,37.70529346807524,68.57897656470122,-0.0050938895036829,-0.0098114522516929,0.3117131301347667,-0.1776827459798911,0.1917521217376618,0.4648241206030151,398,15.321459346731306,15.326553236234984,10.144586414334428,9.443992308472868,9.952971631222969,3.1910954934567304,15.399636247210363,0.871859296482412,398,54.59154844020285,44.44696202586844,-9.127330988109636,-9.610883681535851,9.057619937757648,-15.499142544017316,-2.9973209021550358,0.1532663316582914,398,27.276608969554157,36.40393995766379,3.0212544254071947,2.0495026044967446,9.160208467686076,-2.9643553327763854,7.328221897842326,0.6180904522613065,398,45.284962432666674,42.263708007259474
platy_not_human,add_cone_removed_a1.0,398,5.0,196.39698492462315,3.1197361260680507,2.280565773219088,5.963885597569208,-0.5507780989712527,5.417732283833576,0.7085427135678392,398,43.9854206091897,40.865684483121655,3.092190766233973,2.235394574844122,5.796062635882106,-0.4504776269482118,5.291693088142043,0.6984924623115578,398,42.66914606984854,39.57695530361456,3.4476262593925084,1.5254636573670697,8.264015460393479,-0.7669589868494242,4.271489899653339,0.6608040201005025,398,76.8110830970505,73.36345683765799,1.0061616992625395,1.2211063059227882,5.486065532529015,-1.950980217737282,4.122638871663604,0.6206030150753769,398,57.428367379602136,56.42220568033959,0.0472970121041566,0.0,0.9886244470990726,-0.5706168831168803,0.7103645147123459,0.4899497487437186,398,97.09827574669,97.05097873458584,0.4364650332566309,0.4098734757286921,2.2847021988269387,-1.086921911170501,1.9243034146467344,0.5804020100502513,398,11.62767761669192,11.191212583435288,2.68327109281142,1.6647231965387306,4.477995047520064,0.1377619062280812,3.966233475180756,0.7788944723618091,398,32.35774299249778,29.674471899686367,-3.4013372709146976,-1.1138214687272967,9.151444204948518,-4.367447206965359,1.2637008063515314,0.3743718592964824,398,28.382180216294948,31.783517487209643,-23.14505359026587,-2.270584589450028,72.75296361539095,-7.797220999726542,1.635907409768988,0.3517587939698492,398,45.43392297443535,68.57897656470122,0.0056635488198743,0.0026768328913666,0.3001130855437223,-0.147619643629524,0.1637319105819719,0.5050251256281407,398,15.33221678505486,15.326553236234984,9.693872451362068,8.840713482917792,8.195859191682636,4.871517841181525,13.978050457502512,0.9120603015075376,398,54.14083447723049,44.44696202586844,-8.00803745716096,-7.37720210088631,7.928929314704621,-13.333670623692754,-2.789560585507416,0.1407035175879397,398,28.39590250050283,36.40393995766379,2.720152372865576,2.255865191523421,7.515829241652854,-2.0,6.387292007877068,0.6306532663316583,398,44.98386038012504,42.263708007259474
platy_not_human,add_gc_removed_a1.0,398,5.0,196.39698492462315,0.92768375548718,0.69629099842847,4.781740118489764,-1.8311183567439449,3.019781619733777,0.5628140703517588,398,41.79336823860883,40.865684483121655,0.8756725751518268,0.659340659340657,4.566175401952572,-1.8610793832095904,2.794333170493408,0.5628140703517588,398,40.45262787876639,39.57695530361456,2.110215842365495,0.6000978985479506,7.670869868456045,-1.339003919546048,3.192640481907258,0.5678391959798995,398,75.47367268002348,73.36345683765799,-0.738030300043339,-0.348782101247739,4.111923344183201,-2.9834435703052584,1.6782876135279832,0.4623115577889447,398,55.684175380296246,56.42220568033959,-0.1300440185295708,-0.119799139167867,1.0414557836954956,-0.7007343941248401,0.4686627926064552,0.414572864321608,398,96.92093471605628,97.05097873458584,0.4891505708214141,0.5364268345323882,2.135878407343652,-0.9718298479988294,1.892202973536801,0.6030150753768844,398,11.6803631542567,11.191212583435288,0.4385331846657661,0.2086952281793479,3.492572931928746,-1.2212761949797803,1.781039616573021,0.5276381909547738,398,30.11300508435213,29.674471899686367,-2.524318664881763,-0.6039203114011205,8.6630249628935,-3.566656472463551,1.4215149038472834,0.4271356783919598,398,29.25919882232788,31.783517487209643,-18.203345952687148,-1.0859023953084763,71.89324537939446,-6.936044133914105,2.264245532605964,0.4396984924623116,398,50.37563061201408,68.57897656470122,-0.0122970863883236,-0.0030867358372492,0.2945419157208509,-0.1885424173245633,0.141516032528838,0.4723618090452261,398,15.314256149846663,15.326553236234984,-1.0218663979047156,-1.267253151968344,6.745500056511629,-5.115108775371554,3.015475514657738,0.3944723618090452,398,43.425095627963714,44.44696202586844,3.96611661467346,3.80590846448138,7.305704636852629,-0.7343995082232135,8.33872211408801,0.6884422110552764,398,40.370056572337255,36.40393995766379,1.048424590224914,0.8978057349795492,7.600482322226496,-3.495463536291707,4.757120160751327,0.5552763819095478,398,43.31213259748439,42.263708007259474
platy_not_human,add_gc_removed_a1.0_L24,398,5.0,196.39698492462315,0.2550862669670048,0.0865796368176745,4.376148928363537,-2.323938832374136,2.4240072390996428,0.507537688442211,398,41.12077075008866,40.865684483121655,0.2799728510305669,0.0515463917525735,4.1756777784253725,-2.152994323179019,2.256063046980451,0.5,398,39.856928154645125,39.57695530361456,0.6266551983145434,0.287760693722646,5.953402260213158,-1.815236971654027,2.252470006875633,0.5376884422110553,398,73.99011203597254,73.36345683765799,-0.2477060781548333,-0.3575376073478153,4.350771899016792,-2.7387786153636178,2.282707255455195,0.4773869346733668,398,56.17449960218475,56.42220568033959,0.0510328842328516,0.0,0.9719469618534156,-0.5790133779264295,0.6497022832762873,0.4974874371859296,398,97.10201161881872,97.05097873458584,0.2121271988500906,0.198539573259179,2.256255593590585,-1.2969051440140815,1.5912153076492397,0.5577889447236181,398,11.40333978228538,11.191212583435288,0.0429590681169143,-0.0854740158063496,2.9710409337577084,-1.460296918997117,1.366869835264383,0.4849246231155779,398,29.71743096780328,29.674471899686367,-0.8559547616508831,-0.2015420777531211,6.695080132899937,-2.6016477181924724,1.9264513021717145,0.4748743718592965,398,30.92756272555876,31.783517487209643,-7.274730246199375,-0.6294012954695081,42.15719322028395,-4.602452822955109,2.778613866206076,0.457286432160804,398,61.30424631850184,68.57897656470122,0.002719885338772,-0.0004347256382715,0.3164832204643934,-0.1802853551900802,0.1785783213307872,0.4723618090452261,398,15.329273121573758,15.326553236234984,-1.10564083381387,-1.3874304089821337,6.340799904244705,-5.083516456329271,2.6569651127656417,0.4045226130653266,398,43.34132119205456,44.44696202586844,2.816497838260893,2.5687660792100075,7.380160201019543,-2.3363313310681697,7.45383656039929,0.6381909547738693,398,39.22043779592468,36.40393995766379,0.3446840365979076,0.151837622194904,6.79442222639581,-3.8462292607029376,4.180426223872392,0.5050251256281407,398,42.608392043857386,42.263708007259474
platy_not_human,add_own,398,5.0,196.39698492462315,3.463824710607277,2.624881403340808,6.690464737461425,-0.7818453560669738,5.514699710449907,0.6884422110552764,398,44.32950919372893,40.865684483121655,3.4357431802358698,2.5027825753214383,6.50604551500022,-0.7220342356687937,5.461858974358975,0.7010050251256281,398,43.01269848385042,39.57695530361456,3.832003174532031,1.3438368465265853,9.15863343064546,-0.8409888748694136,4.972744021037862,0.635678391959799,398,77.19546001219003,73.36345683765799,1.2232315241090184,1.2904462314472234,5.265933613537952,-1.551944069996729,4.138701440849021,0.6231155778894473,398,57.64543720444861,56.42220568033959,0.0624808100553407,0.0,1.0621758189454278,-0.578402637845759,0.7638620245003125,0.4974874371859296,398,97.1134595446412,97.05097873458584,0.4535675689088324,0.4283859455682965,2.446282706898061,-1.2714809376319032,2.097742444264349,0.5653266331658291,398,11.644780152344122,11.191212583435288,3.0102571416984447,1.7669804152232178,5.064737820495959,-0.0726399249466611,4.467313533295086,0.7361809045226131,398,32.684729041384806,29.674471899686367,-3.7494547018279056,-1.0983484454975176,9.978988639272108,-4.61136374057385,1.4483480126433603,0.3793969849246231,398,28.03406278538174,31.783517487209643,-24.260195461898903,-1.9456397565400945,79.96540244028857,-8.798212591467458,1.938204072116664,0.3743718592964824,398,44.31878110280231,68.57897656470122,-0.0180547210095837,-0.0140750122489609,0.3280386335983893,-0.1888332823906975,0.1692490273975515,0.4773869346733668,398,15.308498515225404,15.326553236234984,9.638513808137322,8.802849798192149,8.885251170244667,4.206758812820512,13.936287872683575,0.8768844221105527,398,54.08547583400576,44.44696202586844,-8.123117860040669,-7.47902101833215,7.786020273767672,-12.861059014554623,-3.2618839945975706,0.1306532663316583,398,28.280822097623123,36.40393995766379,3.113279349251026,2.377264434733611,7.955317311744206,-1.7216059601613054,7.1958598252908,0.635678391959799,398,45.3769873565105,42.263708007259474
platy_not_human,add_own_L24,398,5.0,196.39698492462315,1.0799564313417886,0.4773349130997406,5.143753529695291,-1.6168919000041644,3.025654161319883,0.5552763819095478,398,41.945640914463446,40.865684483121655,1.119712945614303,0.5280585569884906,4.943624866422245,-1.510381953345297,3.070744516527647,0.5753768844221105,398,40.69666824922886,39.57695530361456,1.095406855094277,0.485392126623644,7.861480446462623,-1.588520710286538,2.293740649485784,0.5376884422110553,398,74.45886369275227,73.36345683765799,0.4483529883093151,0.1129035018018242,4.3519725455449,-1.9331078716254044,2.7110344202070795,0.5100502512562815,398,56.8705586686489,56.42220568033959,0.1153535902882007,0.1377505989156517,1.000474926078066,-0.4379735787678029,0.7573996244299366,0.5201005025125628,398,97.16633232487403,97.05097873458584,0.1107645032257392,-0.0216145590699756,2.2330950965608287,-1.476825347487368,1.454601293052182,0.4949748743718593,398,11.301977086661028,11.191212583435288,0.9691919281160494,0.4331500447163758,3.7075299886927,-0.8113101237285223,2.1400931831389887,0.5778894472361809,398,30.643663827802417,29.674471899686367,-1.1146927753009217,-0.3978639745037409,8.64471198091704,-2.5636262150864795,1.639615887850019,0.4472361809045226,398,30.668824711908726,31.783517487209643,-9.544880697633994,-0.7931976061334822,54.26339456896476,-4.386895809524792,2.7236887822860165,0.4371859296482412,398,59.03409586706722,68.57897656470122,-0.0245509471129635,-0.032499283273939,0.3278559475457714,-0.2041655419150183,0.1654336868168773,0.4497487437185929,398,15.302002289122022,15.326553236234984,2.675527548168714,2.055420896128272,7.370107893843508,-1.635157119391458,7.2657516673129985,0.6381909547738693,398,47.12248957403714,44.44696202586844,-2.3193297649027707,-2.485382977992927,7.414577728742989,-7.42470759810908,2.861942365846585,0.3793969849246231,398,34.08461019276102,36.40393995766379,1.0179813071075416,0.9227610795451112,7.39909580983758,-3.2492982497028926,5.466547596215918,0.542713567839196,398,43.28168931436701,42.263708007259474
platy_not_human,cross_gene_a1.0,398,5.0,196.39698492462315,3.2290374618280837,1.9917175149601647,6.11906079736703,-0.7183945144831565,5.785120434865441,0.6633165829145728,398,44.09472194494973,40.865684483121655,3.2283299192862223,2.0977845683728056,5.942679559152059,-0.5480390008764235,5.720238095238093,0.6758793969849246,398,42.80528522290079,39.57695530361456,3.645214747047889,1.3636688685952052,8.674596342772679,-0.5251095879385019,3.996923626288972,0.6859296482412061,398,77.00867158470588,73.36345683765799,1.0410940226083805,0.98366298195781,5.159649431160107,-1.84790778507886,3.9108530036815097,0.5879396984924623,398,57.46329970294797,56.42220568033959,0.1020567489695695,0.1355947784519173,1.010772802254257,-0.5056461160185783,0.766473971562867,0.5452261306532663,398,97.1530354835554,97.05097873458584,0.507699448548494,0.4355542962164795,2.3626540823497093,-1.0039513825812765,2.007245547016322,0.5904522613065326,398,11.69891203198378,11.191212583435288,2.7213380132795897,1.6310173740824483,4.588861315944626,-0.1265675896443223,4.24219028838291,0.7261306532663316,398,32.39580991296596,29.674471899686367,-3.731733546585127,-1.1097750468589016,9.636442496920994,-3.943542262344089,0.9757417576262056,0.3567839195979899,398,28.05178394062452,31.783517487209643,-22.995025377067467,-1.9218757792250096,72.6174374559617,-7.797475570107025,1.4744164963605426,0.3316582914572864,398,45.58395118763375,68.57897656470122,-0.0272397874701651,-0.0141781226814527,0.3433707429546096,-0.2008535150492623,0.1614438939596185,0.4748743718592965,398,15.299313448764815,15.326553236234984,9.312170597978172,8.107904676255433,8.230440512836513,3.9649081667167945,13.031750465582151,0.914572864321608,398,53.7591326238466,44.44696202586844,-7.749887226446289,-7.397657551013024,8.078034195627065,-13.280215211680254,-2.665194951984712,0.1582914572864321,398,28.654052731217504,36.40393995766379,3.3013841562698443,2.982462186506304,8.075359472344372,-1.7969355558470834,7.850446740279683,0.6557788944723618,398,45.56509216352932,42.263708007259474
platy_not_human,panel_other_k5,398,5.0,196.39698492462315,2.2814906338624525,1.3206526573038566,5.817813827534311,-1.0356533142608448,4.626206270319834,0.6331658291457286,398,43.14717511698411,40.865684483121655,2.27931391963506,1.38547408722928,5.678082861495568,-1.0748462064251552,4.538401525658809,0.6432160804020101,398,41.85626922324962,39.57695530361456,2.95972208444281,0.9336690211914344,8.25427883985269,-1.0987220319783866,4.213599703325919,0.635678391959799,398,76.32317892210081,73.36345683765799,0.3407383021002286,0.1987538296895437,5.196783357149184,-2.3697284422506097,3.0266115862399694,0.5376884422110553,398,56.76294398243982,56.42220568033959,0.0554011989124323,0.0,0.9918784884984024,-0.619684663162932,0.6772509475792106,0.4824120603015075,398,97.10637993349826,97.05097873458584,0.1675171865479761,0.1330614393322053,2.2498678940471826,-1.3362928119070203,1.7554958319595668,0.5175879396984925,398,11.358729769983263,11.191212583435288,2.113973447314476,1.1755296753054445,4.40924900927689,-0.3962066001452413,3.810177784650533,0.6708542713567839,398,31.78844534700084,29.674471899686367,-3.079688325054049,-0.7551279553751797,9.056816885940586,-3.603712219688422,1.3956827959084557,0.4195979899497487,398,28.7038291621556,31.783517487209643,-19.93609966651504,-1.5742765804837386,62.60884985065909,-6.454128052605453,1.952147037243952,0.4070351758793969,398,48.64287689818618,68.57897656470122,0.0016616194965115,0.0,0.314203503367769,-0.1553027680441761,0.1949751059687001,0.4874371859296482,398,15.328214855731495,15.326553236234984,8.029341044998322,7.063290568018328,8.980105708895982,1.78705649069229,12.70806620728126,0.8316582914572864,398,52.47630307086675,44.44696202586844,-6.581050818025519,-6.427910285716038,8.222418882757164,-11.357010024289435,-1.5089441307208649,0.1909547738693467,398,29.82288913963828,36.40393995766379,1.8507719464904488,1.4883643588059314,7.549330742880297,-2.7044304218029165,6.418086979407733,0.5979899497487438,398,44.11447995374992,42.263708007259474
platy_not_human,panel_same_k5,398,5.0,196.39698492462315,3.409947647094804,2.1868582063821336,6.225337563595932,-0.30454271898512,5.078159409219985,0.7135678391959799,398,44.27563213021645,40.865684483121655,3.3551250727682027,2.0115037519420795,6.053627945976906,-0.2829269243514059,4.895591004763489,0.7135678391959799,398,42.93208037638276,39.57695530361456,3.5046622322408414,1.3678037150805764,8.179430651872575,-0.6569270356430152,4.505346913004608,0.6733668341708543,398,76.86811906989882,73.36345683765799,1.3846957407661151,1.199081677507678,5.3507095293843765,-1.494238132884842,3.720681061410108,0.6180904522613065,398,57.80690142110571,56.42220568033959,0.015085059034697,0.0,1.0526049112661102,-0.6189624329159216,0.6357619608503029,0.4824120603015075,398,97.06606379362054,97.05097873458584,0.5764929528121576,0.5251474327675254,2.341995601500925,-1.1742948352731188,2.2002721240590697,0.592964824120603,398,11.767705536247446,11.191212583435288,2.833454694282646,1.5925144526517805,4.768751296466307,-0.046680539332339,4.162514898869947,0.7386934673366834,398,32.50792659396901,29.674471899686367,-3.48338970906879,-1.0363112506271293,8.973500565115424,-4.008065512412759,0.9645063966783588,0.3668341708542713,398,28.30012777814085,31.783517487209643,-20.084862432589045,-1.9429557855192403,75.24289028825982,-7.876342790411272,1.4006563090241446,0.3341708542713568,398,48.49411413211217,68.57897656470122,0.0108770034097416,0.0052514491602551,0.2897355175161852,-0.1674432868985333,0.204879077701872,0.5150753768844221,398,15.337430239644725,15.326553236234984,7.084355278144987,6.293510033541445,9.31817177617565,0.825485517941134,12.156150161001346,0.7814070351758794,398,51.53131730401341,44.44696202586844,-5.623339821543215,-4.451365986902577,10.39818053383332,-12.30211512438249,1.6054553698669558,0.3040201005025125,398,30.780600136120576,36.40393995766379,2.63322566606494,1.8191311612364205,7.853182528202599,-2.3924901937825656,7.404407402346584,0.6180904522613065,398,44.89693367332441,42.263708007259474
platy_not_human,random_a0.5,398,5.0,196.39698492462315,-0.0725272084440114,-0.0912461025468083,3.998351236792728,-2.2977982268264663,2.118195542668234,0.4824120603015075,398,40.79315727467764,40.865684483121655,-0.018583907971619,-0.0341296928327672,3.8031773552639834,-1.933403208901076,2.069859603921479,0.4773869346733668,398,39.558371395642936,39.57695530361456,-0.3087076049335258,-0.2006203705031879,5.761500898955361,-2.1755166427753743,1.6634529488098495,0.4723618090452261,398,73.05474923272446,73.36345683765799,0.2122502866842641,0.2625569719274168,3.802861829610966,-2.29155741735638,2.702565233466455,0.542713567839196,398,56.634455967023854,56.42220568033959,0.1128400901073925,0.1023345896147418,0.9918215290700182,-0.4868214004720776,0.7440980629539986,0.5175879396984925,398,97.16381882469322,97.05097873458584,-0.0289085907164317,-0.0272469398511336,2.1154876490475654,-1.1393608678466811,1.0737034929147975,0.4924623115577889,398,11.162303992718856,11.191212583435288,-0.04361861772758,0.0216727066880721,2.676820678439467,-1.2261402296465995,1.2294059208038073,0.507537688442211,398,29.630853281958785,29.674471899686367,0.2236368017427064,0.3536099131131944,6.389570495581738,-1.881282249251086,1.935111327198664,0.5276381909547738,398,32.00715428895236,31.783517487209643,1.1533780476790192,0.4194927788236935,34.342130560494766,-3.598014104153199,3.646653824370365,0.5301507537688442,398,69.73235461238023,68.57897656470122,-0.0091392810000869,-0.0264091886082455,0.3095480690817885,-0.1778992305043805,0.1578889014210784,0.4396984924623116,398,15.317413955234898,15.326553236234984,0.1217235529562098,0.4432937278627928,5.99135593154905,-3.510015326109004,3.928738172416,0.5251256281407035,398,44.56868557882464,44.44696202586844,-0.6066039827809063,-0.5835236078176909,7.204343323798259,-4.805043526648572,3.678985745740474,0.4547738693467337,398,35.797335974882884,36.40393995766379,0.2232661018494108,0.3136922074488133,6.5872702016404405,-3.064435432221803,3.964700901901214,0.5201005025125628,398,42.486974109108886,42.263708007259474
platy_not_human,random_a1.0,398,5.0,196.39698492462315,-0.0429711299286419,0.2651535675031162,4.333927894628505,-2.3745736122277368,2.634383418870586,0.5326633165829145,398,40.82271335319301,40.865684483121655,-0.0342566369725561,0.2395295467584617,4.129006006887814,-2.114374794880213,2.5115030674846643,0.5251256281407035,398,39.542698666642,39.57695530361456,-0.4168792677642752,-0.0470115698011852,6.564090684477053,-2.110922999566622,1.8683918332095395,0.4974874371859296,398,72.94657756989372,73.36345683765799,0.2677929940771236,0.3670313836430523,4.077324676511656,-2.2072124378017186,2.850598652650355,0.542713567839196,398,56.68999867441671,56.42220568033959,0.0292484633293486,0.0,1.043765545354809,-0.5856643356643332,0.6308296514482024,0.4974874371859296,398,97.08022719791518,97.05097873458584,0.0297796051402593,0.0572537885451825,2.1066997557618508,-1.3672699434372062,1.4874403656705386,0.5100502512562815,398,11.220992188575549,11.191212583435288,-0.0727507350689009,0.1097790014079294,2.9608446659692147,-1.3697036272777865,1.30191859473939,0.535175879396985,398,29.601721164617462,29.674471899686367,0.3598779063646058,0.108837655687882,7.201360095215684,-1.9960083336085812,2.174421614570412,0.5125628140703518,398,32.143395393574245,31.783517487209643,2.982354036657887,-0.0089541211668322,41.84735561079606,-3.5772014363642377,3.569400280961119,0.5,398,71.5613306013591,68.57897656470122,0.0057744521346743,0.0,0.3157353554230086,-0.1672878971900679,0.1904202506847077,0.4824120603015075,398,15.33232768836966,15.326553236234984,0.0426808815839046,0.3102208003766709,6.307005715095453,-3.679229907421332,3.843426840561813,0.5201005025125628,398,44.489642907452335,44.44696202586844,-0.3691115856878083,-0.1093596178020579,6.787455855773303,-4.52009398863208,3.660597439190086,0.4874371859296482,398,36.03482837197598,36.40393995766379,0.3631422905679615,0.470448207045905,6.931375952107476,-3.342813809815242,4.375487828994856,0.5301507537688442,398,42.62685029782744,42.263708007259474
platy_not_human,random_a1.0_L24,398,5.0,196.39698492462315,-0.319498642563384,-0.4414917779013549,4.556970027696311,-2.545030160104292,2.066156767225392,0.4396984924623116,398,40.546185840558266,40.865684483121655,-0.2780247028061809,-0.2923602219376811,4.3344243851292505,-2.4484368215371166,1.865065425485195,0.4472361809045226,398,39.298930600808376,39.57695530361456,-0.6969046008856677,-0.1592196545000135,6.946971324727773,-2.223312125316681,1.453849665542183,0.4698492462311557,398,72.66655223677233,73.36345683765799,0.1972317280197682,0.0240488442276145,4.092052479435393,-2.4058906879962905,2.4658716491938204,0.5,398,56.61943740835935,56.42220568033959,0.0872518566349056,0.1256038647342876,1.0592873388380324,-0.58246701319473,0.7729528535980208,0.535175879396985,398,97.13823059122076,97.05097873458584,-0.1131390202965979,-0.1437258829605836,2.178506159149943,-1.5078632027423693,1.1927320772843348,0.4748743718592965,398,11.07807356313869,11.191212583435288,-0.2063596222667858,-0.1541258897055932,3.155638916724479,-1.36097372922473,1.3186529993692613,0.4597989949748743,398,29.46811227741958,29.674471899686367,0.6738040621654051,0.342703535769342,7.542536879879768,-1.4856768652769068,2.3113339493933367,0.550251256281407,398,32.457321549375045,31.783517487209643,5.4862385007119485,0.4799093528769216,47.99958010429523,-2.4912515085979576,4.002751991829587,0.5376884422110553,398,74.06521506541316,68.57897656470122,-0.0105500826749512,0.0,0.3197991933721131,-0.1862007723279208,0.1807939933517373,0.4924623115577889,398,15.316003153560034,15.326553236234984,-0.0260372338243969,-0.0681207789177591,6.498424368910202,-4.116746156756461,4.0392814641066,0.4974874371859296,398,44.420924792044026,44.44696202586844,-1.0826069806388967,-0.9030961791831352,6.984404128391232,-5.241374896269226,3.412263613007565,0.4271356783919598,398,35.321332977024895,36.40393995766379,-0.0207465530261682,0.2307273154544766,7.0364696426606566,-3.9537861056378105,3.632386152659258,0.5150753768844221,398,42.24296145423331,42.263708007259474
platy_not_human,random_a2.0,398,5.0,196.39698492462315,-0.1262092872629676,-0.2198108494652473,4.495159677099621,-2.396674020326824,2.344889372001779,0.4648241206030151,398,40.73947519585868,40.865684483121655,-0.0891798844657868,-3.552713678800501e-15,4.30944884313822,-2.242679680567875,2.460405448210324,0.4798994974874372,398,39.487775419148775,39.57695530361456,-0.3001294169904603,-0.2411637316212562,6.461800795910532,-1.8530487717020063,1.6311208821279983,0.4698492462311557,398,73.06332742066753,73.36345683765799,0.023363416482937,0.0319098141169718,3.890630276109984,-2.5292000379279447,2.6037590539255278,0.5025125628140703,398,56.44556909682253,56.42220568033959,0.0710161370885971,0.0990317440862824,1.1092859014530891,-0.5879655109154314,0.8256974708533598,0.5175879396984925,398,97.12199487167442,97.05097873458584,0.0087470707641212,-0.1009024241632969,2.2157085718382303,-1.4347112720627182,1.4457206794773914,0.4798994974874372,398,11.199959654199407,11.191212583435288,-0.1349563580270882,-0.0455648749385986,3.0869436811069497,-1.3491746074891022,1.2524836231919032,0.4849246231155779,398,29.53951554165928,29.674471899686367,0.2659834053393305,0.2608620090306299,6.916042207952704,-1.5010017108601748,2.162308635361531,0.550251256281407,398,32.04950089254898,31.783517487209643,1.321958975487112,0.4383346157860543,37.29375190022478,-2.9013418283536474,4.042126990601867,0.5376884422110553,398,69.90093554018833,68.57897656470122,-0.0014745586806454,-0.0065814075746915,0.2936408195322643,-0.1590491199541726,0.1814302703653032,0.4648241206030151,398,15.32507867755434,15.326553236234984,-0.3606878836936165,0.1979133358491562,6.921229270431044,-4.286956024615499,3.6863528618639103,0.5150753768844221,398,44.086274142174815,44.44696202586844,0.1490024177579398,0.0529289004779656,7.531090138972262,-4.750399101378826,4.682663016557193,0.5025125628140703,398,36.55294237542173,36.40393995766379,0.3202380846888775,0.4644254607065257,7.318801986531912,-3.2494090190217326,3.8471373175905192,0.5276381909547738,398,42.58394609194836,42.263708007259474
private,add_a0.5,398,5.0,56.11557788944724,1.213682002565528,0.5710115120183978,6.848372757648135,-2.498102344851567,5.180420686108812,0.5552763819095478,398,38.7243648019836,37.51068279941807,1.2243063403889691,0.7643622200584197,6.613486443137499,-2.3914392059553364,5.079787234042559,0.5552763819095478,398,37.47169362289632,36.24738728250736,0.889791889585615,0.125216001064885,9.21196757591268,-2.924402954693491,4.109203350607015,0.5125628140703518,398,71.14432978360752,70.25453789402191,1.5595645253456958,1.0495856010835638,8.98572456409196,-2.6700255524626275,5.124802070222536,0.5753768844221105,398,52.96603707882371,51.40647255347801,0.0432312771497826,0.0,1.9833059240188868,-0.9622331691297248,0.9495798319327696,0.4422110552763819,398,96.94611631297,96.9028850358202,0.0161498372931648,0.1372563101486918,3.498262572239011,-2.288503317912427,2.4428225142940447,0.5100502512562815,398,9.388326061633006,9.37217622433984,1.197532165272363,0.9417465081760774,4.888499620568823,-1.0958083626751876,3.2694205478037457,0.6155778894472361,398,29.3360387403506,28.13850657507823,-0.8497592854946798,-0.0689042464519946,9.50098277687495,-4.053570692892162,3.1598058510617504,0.4874371859296482,398,29.343316829897446,30.193076115392124,-14.4505069370961,-0.042317870157353,153.51507604421934,-7.79983522496285,6.286586601778604,0.4874371859296482,398,96.4847991500724,110.93530608716848,0.0,0.0,0.0,0.0,0.0,0.0,398,0.0,0.0,4.117420058789279,4.465495744565512,11.982830440046172,-1.3799380774877896,10.306372549019608,0.6836734693877551,392,45.397095707456366,41.27967564866709,-3.877194643820965,-3.575743964525925,10.630049977621232,-10.0,2.664682539682536,0.3223350253807107,394,30.098433764905646,33.97562840872661,1.923959411566363,1.3301336344814558,9.780933984715828,-3.73626373626373,8.234782608695646,0.5623409669211196,393,41.950955082771785,40.02699567120542
private,add_a0.5_L24,398,5.0,56.11557788944724,0.0931291202622318,0.1245008831640177,6.486274053659558,-3.5955117679255606,4.094684066474814,0.5125628140703518,398,37.60381191968031,37.51068279941807,0.1754157115569338,0.4566683964711977,6.310081103938115,-3.435263500325311,4.189814814814822,0.5050251256281407,398,36.42280299406429,36.24738728250736,-0.2380767700581499,-0.3418129441268078,7.936797006677485,-3.7836324294503,3.252768034074212,0.4597989949748743,398,70.01646112396375,70.25453789402191,0.7046817062732018,0.6029179191054084,8.320361935717612,-3.441473311374871,4.973397940765558,0.5452261306532663,398,52.11115425975121,51.40647255347801,0.1991206369117696,0.1594865929597091,1.869347851612272,-0.6770139021138881,1.1764705882353006,0.5050251256281407,398,97.10200567273196,96.9028850358202,-0.134831135245772,-0.0151072124756337,3.621411157648865,-2.422106793913407,2.348883607646485,0.4899497487437186,398,9.237345089094068,9.37217622433984,0.2279602555080038,0.2289929368876713,4.311628425331251,-1.7903315182850237,2.368658106381969,0.5301507537688442,398,28.36646683058623,28.13850657507823,0.3166170045040645,0.4966028954278112,7.986368419957839,-3.151442805383021,4.245192045480985,0.5326633165829145,398,30.509693119896188,30.193076115392124,-8.960609173246327,0.6787594657440401,138.94404554750403,-6.456652505340176,7.329144360617223,0.542713567839196,398,101.97469691392214,110.93530608716848,0.0,0.0,0.0,0.0,0.0,0.0,398,0.0,0.0,1.0196750230893932,1.5792239023400043,11.92619625113738,-4.7625298534741205,7.169209370738455,0.548469387755102,392,42.29935067175648,41.27967564866709,-2.0618123399776813,-2.272893772893772,10.558348012454465,-7.906926406926409,4.649267399267398,0.4086294416243655,394,31.91381606874893,33.97562840872661,0.6911678421099828,0.3684210526315752,9.918923423422228,-6.115694642010432,7.428571428571431,0.5089058524173028,393,40.7181635133154,40.02699567120542
private,add_a1.0,398,5.0,56.11557788944724,2.6759283107697174,1.4730099086091215,8.075552841144301,-2.080712642368752,6.6306685568607,0.6030150753768844,398,40.1866111101878,37.51068279941807,2.652349953956691,1.5655637254901968,7.91089796661992,-2.198581560283687,6.857585139318887,0.6005025125628141,398,38.89973723646404,36.24738728250736,3.510151806902742,1.0358655841153777,10.267946834452392,-1.9018649660788287,5.789259707279047,0.5829145728643216,398,73.76468970092465,70.25453789402191,2.352703761815965,1.3039087415859711,9.580239198640845,-3.0314642917498134,6.559459731823127,0.5804020100502513,398,53.75917631529398,51.40647255347801,0.0770164234344725,0.0,1.9282920067623404,-1.1080586080586097,1.1111111111111107,0.4597989949748743,398,96.97990145925468,96.9028850358202,0.2629519852311505,0.284788627576896,3.664753563088227,-2.0742830456283983,2.4930488932197,0.5326633165829145,398,9.635128209570992,9.37217622433984,2.4129763255385672,1.3608607461126478,5.741373230208245,-1.0490367051242115,4.995822701694817,0.6557788944723618,398,30.5514829006168,28.13850657507823,-3.488482536857038,-1.2751576596248535,10.70809406005389,-5.962239447915222,2.4092264592537083,0.4070351758793969,398,26.70459357853509,30.193076115392124,-50.74475005660901,-2.317009335714109,163.8394220450291,-13.035641287756896,4.349681434159848,0.4020100502512563,398,60.19055603055947,110.93530608716848,0.0,0.0,0.0,0.0,0.0,0.0,398,0.0,0.0,9.236418265495317,9.508424908424914,14.168973923053686,2.710161865332635,15.358614424790895,0.8163265306122449,392,50.5160939141624,41.27967564866709,-7.171914356840318,-7.340146869558636,10.802134297571278,-14.487179487179487,-0.047453118963415,0.2182741116751269,394,26.80371405188629,33.97562840872661,2.7889877561819416,2.35249042145594,11.122314545244729,-3.999999999999997,9.523809523809526,0.5750636132315522,393,42.81598342738737,40.02699567120542
private,add_a1.0_L24,398,5.0,56.11557788944724,0.4677695229684876,0.0,6.73347840657496,-3.129282930018416,3.88096588527578,0.4949748743718593,398,37.978452322386566,37.51068279941807,0.505300942284058,0.0,6.501332192851402,-3.19710144927536,3.727784730913642,0.4949748743718593,398,36.75268822479141,36.24738728250736,0.7333974783214706,0.0075493612079,8.787097160897778,-3.295578384420237,3.7766178081982087,0.5,398,70.98793537234339,70.25453789402191,0.3787136487492651,-0.1642121970091601,8.289240283957685,-3.4455901476616067,4.495584912101435,0.4849246231155779,398,51.78518620222728,51.40647255347801,0.1893084750187981,0.0,1.9394443348926875,-0.970090823676788,1.1977321048901466,0.4798994974874372,398,97.092193510839,96.9028850358202,-0.1980203168556432,-0.123293380481221,3.3798746367632955,-2.2776860693399663,1.7838866169787777,0.457286432160804,398,9.174155907484195,9.37217622433984,0.665789839824131,0.667894822669556,4.368021658706513,-1.484980258886191,2.7169570042469235,0.5703517587939698,398,28.804296414902364,28.13850657507823,-0.6907493961503973,0.010094454350269,9.105507430409803,-3.9890368342715217,3.290129470470037,0.5,398,29.50232671924173,30.193076115392124,-12.00805975292982,-0.2041494498469589,153.01149547570344,-8.769292171971639,5.8903273035987,0.4949748743718593,398,98.92724633423866,110.93530608716848,0.0,0.0,0.0,0.0,0.0,0.0,398,0.0,0.0,1.549867639634187,1.840988206876954,11.727000488016316,-4.469696969696967,8.395118230358502,0.576530612244898,392,42.82954328830128,41.27967564866709,-1.765107102849883,-0.7390942390942392,11.086463528018262,-8.711484593837532,4.962121212121213,0.4441624365482233,394,32.210521305876725,33.97562840872661,1.1433145011656332,1.25,10.224250493114583,-4.5,6.666666666666664,0.5470737913486005,393,41.170310172371046,40.02699567120542
private,add_a2.0,398,5.0,56.11557788944724,4.714412566888904,3.0132158759882337,10.640415402067456,-2.239489560296107,9.429566576852446,0.6381909547738693,398,42.22509536630698,37.51068279941807,4.769070075080112,3.125000000000004,10.442350587788168,-2.1164021164021163,9.375,0.628140703517588,398,41.01645735758747,36.24738728250736,6.321949188110996,2.456641048254589,14.038268378131871,-2.017968399484904,8.136918263167434,0.6608040201005025,398,76.5764870821329,70.25453789402191,3.3207630875933933,2.6167390261060355,11.445983057825396,-2.79778397953935,8.288384262195576,0.628140703517588,398,54.7272356410714,51.40647255347801,0.2813434110622933,0.2299154334037965,1.9426868126973675,-0.8147540983606554,1.3445692883895113,0.5125628140703518,398,97.18422844688249,96.9028850358202,0.4301891748591567,0.2657662189586416,4.3736136062793145,-2.6435085984716418,3.310129620337092,0.5226130653266332,398,9.802365399198996,9.37217622433984,4.284223392029747,2.661729774887668,7.633242817980708,-0.3501062455627037,7.452230523136497,0.7211055276381909,398,32.422729967107976,28.13850657507823,-6.475773059161675,-2.5320656680818896,14.726937761300723,-8.755049298527561,2.160558926107569,0.3492462311557789,398,23.717303056230453,30.193076115392124,-75.13370830057582,-4.66459777589084,235.41296269167236,-20.48601203864361,3.1849882014079727,0.3517587939698492,398,35.80159778659266,110.93530608716848,0.0,0.0,0.0,0.0,0.0,0.0,398,0.0,0.0,16.02950079366096,16.095631234950115,14.7654277073746,6.766217735279893,23.878199006875484,0.8775510204081632,392,57.309176442328045,41.27967564866709,-12.476880561759808,-12.0,12.784833456559747,-21.240371148459385,-4.419055944055945,0.149746192893401,394,21.4987478469668,33.97562840872661,3.8717657978489655,3.333333333333336,14.002309528452985,-4.166666666666664,11.80952380952381,0.6005089058524173,393,43.89876146905438,40.02699567120542
private,add_a2.0_L24,398,5.0,56.11557788944724,1.6258928822756442,0.8257450815953078,7.91478341567576,-3.1689324694535657,5.083387675341061,0.5628140703517588,398,39.13657568169372,37.51068279941807,1.638625096550917,0.8633540372670758,7.703723439716939,-2.832512315270934,5.026978417266193,0.5603015075376885,398,37.886012379058265,36.24738728250736,2.797488302248361,1.0612862151559668,10.492400412597028,-2.60114897000539,5.266590558432291,0.5954773869346733,398,73.05202619627028,70.25453789402191,1.0482804255215017,0.395775192122187,9.165789026830906,-3.3301891280216616,4.77750730026836,0.535175879396985,398,52.45475297899952,51.40647255347801,0.0305433365667736,0.0,1.7965642400466664,-0.9772296015180296,1.17647058823529,0.4246231155778894,398,96.93342837238698,96.9028850358202,-0.0636943468867989,0.0227270617621502,3.675128977531587,-2.543787239599768,2.194079740102756,0.5,398,9.308481877453042,9.37217622433984,1.6895872291624432,1.1371429890562652,5.525302070744629,-1.2625825972855322,3.770204871810124,0.6256281407035176,398,29.82809380424068,28.13850657507823,-2.741609120595206,-1.0785342110476837,10.816170562808834,-4.743583042973288,2.6404864886004376,0.3994974874371859,398,27.45146699479692,30.193076115392124,-42.2274362701735,-2.059369108421871,145.78376843172788,-11.6396441953318,4.352396390046577,0.3969849246231156,398,68.70786981699497,110.93530608716848,0.0,0.0,0.0,0.0,0.0,0.0,398,0.0,0.0,4.810473345531905,3.880650721827198,12.355389274956494,-1.5268215110295031,11.088436461907024,0.6811224489795918,392,46.09014899419899,41.27967564866709,-3.1470265609017334,-3.243506493506493,11.865310301947916,-10.000000000000002,4.013230127360562,0.3629441624365482,394,30.82860184782488,33.97562840872661,2.078886212999681,1.312546071059998,11.236284211912206,-3.6111111111111134,8.373057826275748,0.5572519083969466,393,42.105881884205104,40.02699567120542
private,add_a3.0,398,5.0,56.11557788944724,5.677302817760199,3.9318363083094745,12.024445062951225,-2.7812234010902195,11.487491707209196,0.6407035175879398,398,43.18798561717828,37.51068279941807,5.680306482507073,3.8047619047619072,11.724671047234978,-2.222222222222224,11.11111111111111,0.6381909547738693,398,41.92769376501443,36.24738728250736,8.213676890953337,3.819344736819616,15.706230910941844,-0.8230162020081622,11.897278754239892,0.7060301507537688,398,78.46821478497523,70.25453789402191,3.3376704929928724,2.1195351660432777,12.536994901803642,-3.6560214717021946,8.573656952695188,0.6105527638190955,398,54.74414304647088,51.40647255347801,0.2097836058624349,0.0,2.0954075155232648,-1.0,1.3683063511830582,0.4949748743718593,398,97.11266864168265,96.9028850358202,0.5332968522077033,0.1017391585218732,4.402863005372145,-2.6297542885371943,3.3722765463695605,0.5050251256281407,398,9.905473076547544,9.37217622433984,5.144005965552495,3.5364495383075347,9.032795389249827,-0.7157361832508844,9.319226802068153,0.7110552763819096,398,33.28251254063073,28.13850657507823,-8.32525968279216,-3.766550899132272,16.706312030781156,-12.208660316918824,1.140112796290297,0.3065326633165829,398,21.86781643259996,30.193076115392124,-80.066209152263,-5.812487495512711,241.8590403951472,-25.17884558450337,1.8889845366813471,0.3065326633165829,398,30.86909693490548,110.93530608716848,0.0,0.0,0.0,0.0,0.0,0.0,398,0.0,0.0,19.29299541301387,18.83033968719453,18.135035483068293,8.932422969187671,28.91671486408329,0.8826530612244898,392,60.57267106168096,41.27967564866709,-15.077551666389056,-14.779408996800305,14.441608034937705,-25.793893670828652,-4.6687023883820205,0.1370558375634517,394,18.89807674233755,33.97562840872661,5.178913778581635,4.404761904761905,16.184561261295304,-4.340080953288499,13.81773399014778,0.638676844783715,393,45.20590944978705,40.02699567120542
private,add_a3.0_L24,398,5.0,56.11557788944724,3.008847781623582,1.018078993534612,8.879650483566826,-2.145500458031746,6.354466428326026,0.5703517587939698,398,40.51953058104166,37.51068279941807,3.034756817238885,1.17647058823529,8.624914605272577,-1.9878048780487791,6.548289738430587,0.585427135678392,398,39.28214409974623,36.24738728250736,4.810574385155461,1.6957917493944592,12.472660101319212,-1.5368152850504266,6.966671378068192,0.6482412060301508,398,75.06511227917737,70.25453789402191,1.9092292070312007,0.5161580367539109,10.1064932155834,-3.3634947331816445,5.691122011342603,0.5402010050251256,398,53.31570176050921,51.40647255347801,0.2286796814539924,0.0775193798449649,1.9166117189021823,-0.9661910669975208,1.3417366946778664,0.5050251256281407,398,97.13156471727416,96.9028850358202,0.2257988719673566,-0.0259324972833248,3.78707617699608,-2.236604549770145,2.3057424579915877,0.4874371859296482,398,9.5979750963072,9.37217622433984,2.783048909656225,1.3850567915108467,6.307557803726171,-0.5516286920149839,5.205977684798373,0.6909547738693468,398,30.92155548473445,28.13850657507823,-4.882520294961768,-1.8988567200013675,13.000312380525887,-6.947532223207594,1.9273283243871464,0.3793969849246231,398,25.310555820430352,30.193076115392124,-57.54099582156299,-3.5275059904023784,185.3863423214572,-17.866225656165433,2.8584236453192364,0.3567839195979899,398,53.39431026560548,110.93530608716848,0.0,0.0,0.0,0.0,0.0,0.0,398,0.0,0.0,7.6371962450709105,6.666666666666661,15.06128284963926,0.0,15.189255189255192,0.7423469387755102,392,48.916871893738005,41.27967564866709,-5.124642304999019,-5.0565755382828605,11.964999265933027,-12.66666666666667,1.666666666666667,0.3071065989847715,394,28.85098610372759,33.97562840872661,3.6615574056120455,2.6666666666666714,11.85320650808149,-3.333333333333336,9.487179487179487,0.6259541984732825,393,43.68855307681746,40.02699567120542
private,add_a4.0,398,5.0,56.11557788944724,6.0201616744644575,3.640466526251956,12.405135027181696,-2.439675878521646,12.381086363053,0.6557788944723618,398,43.53084447388253,37.51068279941807,6.061054871609876,4.000000000000004,12.16611575799716,-2.47740963855422,12.365900383141764,0.6633165829145728,398,42.30844215411723,36.24738728250736,9.175365151963764,4.087028778282331,16.227683719090155,-0.6612465721372978,12.788741881739316,0.7110552763819096,398,79.42990304598568,70.25453789402191,2.968468034668504,1.7976831490155476,13.107493019266226,-4.788131082472514,8.114165091071776,0.5804020100502513,398,54.37494058814651,51.40647255347801,0.3734286931385714,0.3077651515151487,1.9469600593254976,-0.7081280788177402,1.5968253968253912,0.5376884422110553,398,97.27631372895878,96.9028850358202,0.3247442000115396,-0.1218400837043187,4.624635879683831,-2.6956706991815502,3.312992351437872,0.4698492462311557,398,9.69692042435138,9.37217622433984,5.695417474452918,4.305421625417717,9.037803530264815,-0.2499446231452244,10.244989746598655,0.7336683417085427,398,33.83392404953115,28.13850657507823,-9.373321365487644,-4.29626581740682,17.010687150634354,-12.737861629292668,1.2093622076297383,0.3065326633165829,398,20.81975474990448,30.193076115392124,-82.19753326379617,-7.558744269689583,243.22248359627636,-27.84943664232106,1.7713894208709895,0.2939698492462311,398,28.737772823372296,110.93530608716848,0.0,0.0,0.0,0.0,0.0,0.0,398,0.0,0.0,21.10160888317711,20.827718175544263,16.743197974399795,10.786369641409962,30.771858946007555,0.9260204081632653,392,62.38128453184419,41.27967564866709,-17.86429316123811,-17.664000250956775,15.763641309981864,-28.68259803921568,-6.933823529411766,0.1091370558375634,394,16.1113352474885,33.97562840872661,5.731641586320319,5.0,17.133000889894504,-4.50593395252838,13.57142857142857,0.6539440203562341,393,45.75863725752574,40.02699567120542
private,add_a4.0_L24,398,5.0,56.11557788944724,3.722873100361681,2.49200496988359,9.594524424063708,-2.9787515034716545,8.044103425288545,0.6080402010050251,398,41.23355589977976,37.51068279941807,3.771794985576438,2.645258028239411,9.331428929972274,-2.7059413158374284,8.05124223602484,0.6055276381909548,398,40.01918226808379,36.24738728250736,5.858776456633316,2.4315771594247053,13.453333041856824,-1.6765941023201556,7.849348338261482,0.6507537688442211,398,76.11331435065522,70.25453789402191,2.35090636198104,1.2256778369834684,10.330856833287708,-3.1101020845527625,6.20127056854745,0.5577889447236181,398,53.75737891545905,51.40647255347801,0.2739157718105268,0.0,1.977459620041296,-0.921717171717173,1.346846846846848,0.4648241206030151,398,97.17680080763073,96.9028850358202,0.1966298587949431,-0.0854064730072785,4.077120360402727,-2.6924572515494867,2.9647352797878543,0.4874371859296482,398,9.568806083134785,9.37217622433984,3.526243241566738,2.1790298453472143,6.926850587197767,-0.7071681976480306,6.434875636076512,0.7035175879396985,398,31.66474981664497,28.13850657507823,-5.939166859136146,-2.313132084289085,14.025139303425265,-8.20400322649198,1.7327472070462218,0.3442211055276382,398,24.253909256255977,30.193076115392124,-69.26580083675275,-4.009903505996284,205.1994909853561,-20.00507192596548,2.2546949842835176,0.3341708542713568,398,41.66950525041572,110.93530608716848,0.0,0.0,0.0,0.0,0.0,0.0,398,0.0,0.0,10.71167985001426,9.97902097902098,16.379608276929265,3.004972796727888,17.76486591986219,0.8239795918367347,392,51.991355498681344,41.27967564866709,-7.525444190162731,-7.775793650793648,13.000160903711114,-15.175241425241431,0.1193959297407536,0.2538071065989847,394,26.45018421856388,33.97562840872661,3.775925392612807,3.4483490365843323,12.621265475461543,-4.494134897360709,10.834154351395732,0.6081424936386769,393,43.80292106381823,40.02699567120542
private,add_cone_removed_a1.0,398,5.0,56.11557788944724,3.0347897497542395,2.0689773512772813,7.783338118887012,-1.858258975080041,6.957345191040842,0.635678391959799,398,40.54547254917231,37.51068279941807,3.0051652334462875,2.0348153375676308,7.629041883202137,-1.6609589041095916,6.971688574317496,0.628140703517588,398,39.252552515953646,36.24738728250736,3.3289832027601176,1.2004695016030595,10.414007712753705,-2.112566071987711,6.11867526256858,0.6005025125628141,398,73.58352109678202,70.25453789402191,2.9496296233250376,2.030327452911724,9.382659769929312,-1.9953364902289152,6.600494765177075,0.6432160804020101,398,54.35610217680305,51.40647255347801,0.0504371779113917,0.0,1.9089547580332524,-0.9828029572484702,1.103603603603606,0.4396984924623116,398,96.95332221373158,96.9028850358202,0.4122084243200554,0.3905953241207243,3.613917784270828,-1.877492862636947,2.8740745738598723,0.550251256281407,398,9.784384648659897,9.37217622433984,2.622581325434184,1.8673742144453591,5.555384924642178,-0.6396094485450385,4.616660324976869,0.6959798994974874,398,30.76108790051241,28.13850657507823,-3.4271959096582867,-1.314014756070364,10.81425666166142,-6.294114910434226,2.053385725090452,0.3819095477386934,398,26.76588020573384,30.193076115392124,-52.89448267853913,-2.330108076442075,181.9215730519097,-12.294288022707985,3.408215937643278,0.3819095477386934,398,58.04082340862936,110.93530608716848,0.0,0.0,0.0,0.0,0.0,0.0,398,0.0,0.0,9.908867605193118,9.825397813161992,13.076127204291629,3.318181818181825,16.956784636931697,0.826530612244898,392,51.18854325386021,41.27967564866709,-6.970868088497955,-7.546802054154991,11.405870322211689,-13.674239921545649,0.0969901566300666,0.2538071065989847,394,27.00476032022865,33.97562840872661,3.0320138645953145,3.0707070707070727,10.868695278356208,-3.333333333333333,9.523809523809526,0.6157760814249363,393,43.059009535800726,40.02699567120542
private,add_gc_removed_a1.0,398,5.0,56.11557788944724,1.802729604265872,0.9772146972599848,7.431137216432595,-2.6589286383783968,5.190757200316021,0.5804020100502513,398,39.31341240368395,37.51068279941807,1.7876893370311275,0.7984111221449801,7.171141896370691,-2.5,5.3238224637681135,0.5527638190954773,398,38.035076619538486,36.24738728250736,2.982811038294304,1.2560165261160918,10.52377149716787,-2.2407582621451425,5.834109339472175,0.5904522613065326,398,73.23734893231621,70.25453789402191,1.3027220529808994,0.4841820890514157,8.913776759153475,-3.560454364837099,4.515356127248705,0.535175879396985,398,52.7091946064589,51.40647255347801,0.0523027776985926,0.0,1.897047456964136,-0.9700908236767916,1.0610302351623735,0.4447236180904522,398,96.9551878135188,96.9028850358202,0.4515703543180841,0.4410133838726073,3.64141372013798,-1.7843493183790866,2.744005647365901,0.5527638190954773,398,9.823746578657923,9.37217622433984,1.351159249947788,0.5203383150011867,5.111476133172284,-1.5242701909602854,3.505015123765124,0.5653266331658291,398,29.48966582502602,28.13850657507823,-3.016251777646363,-1.241883199040409,10.830659970126286,-5.896446690564341,2.526750383329329,0.4120603015075377,398,27.176824337745764,30.193076115392124,-41.64702433909728,-2.137697787114781,172.70904881228387,-12.549545338493802,4.632397992295715,0.4070351758793969,398,69.2882817480712,110.93530608716848,0.0,0.0,0.0,0.0,0.0,0.0,398,0.0,0.0,-0.7042589621216545,-0.5602240896358559,13.223019355452134,-6.743835874270658,6.389787707226918,0.4464285714285714,392,40.57541668654543,41.27967564866709,4.516131842605934,4.620879120879126,11.03932723119114,-2.187728937728939,10.446428571428571,0.6446700507614214,394,38.49176025133254,33.97562840872661,1.3704789893159257,0.4891774891774858,10.585794383022789,-4.901960784313729,7.095238095238095,0.5292620865139949,393,41.39747466052135,40.02699567120542
private,add_gc_removed_a1.0_L24,398,5.0,56.11557788944724,0.5957833437498622,0.2228863278567061,6.534252434454851,-3.101608846861525,3.999643505315016,0.5150753768844221,398,38.106466143167935,37.51068279941807,0.6206299048970506,0.2985739750445653,6.294283465944575,-3.008021390374333,3.809523809523816,0.5100502512562815,398,36.8680171874044,36.24738728250736,0.892717506095917,0.0379376521250378,8.502514275955102,-2.815284953444513,4.021239846001379,0.5050251256281407,398,71.14725540011783,70.25453789402191,0.7775428502439222,0.1814571748782327,8.285028713045358,-3.6154358440607934,4.417793817692736,0.5175879396984925,398,52.184015403721936,51.40647255347801,0.1434055653996981,0.0,1.97227372490393,-0.8664596273291956,1.212121212121204,0.4698492462311557,398,97.04629060121992,96.9028850358202,0.1179546939151981,0.0107977153125384,3.386858935767812,-1.9289728834969688,2.6509982838510333,0.5025125628140703,398,9.49013091825504,9.37217622433984,0.4778286498346639,0.1944879123147416,4.557468129828868,-1.8534438616483888,2.348655851850737,0.5201005025125628,398,28.6163352249129,28.13850657507823,-0.94814565134272,-0.1406373733840791,8.50413295135111,-3.8819352008516814,3.017101760038405,0.4824120603015075,398,29.244930464049403,30.193076115392124,-14.345915510345822,-0.5005426807883957,138.66443579663505,-8.655438700614795,4.876044034904179,0.4723618090452261,398,96.58939057682264,110.93530608716848,0.0,0.0,0.0,0.0,0.0,0.0,398,0.0,0.0,-1.2680772952273915,-1.131636707818819,11.376033309805411,-6.853551531100831,5.012261586168821,0.4336734693877551,392,40.011598353439695,41.27967564866709,3.0205425326916098,2.958028102669152,10.681437578679464,-3.271252727135078,8.481203007518802,0.6065989847715736,394,36.99617094141822,33.97562840872661,1.2136645070098868,0.6060606060606091,9.87435312148504,-4.912968696250424,7.5,0.5165394402035624,393,41.24066017821531,40.02699567120542
private,add_own,398,5.0,56.11557788944724,3.3645073870487616,2.0827103545115264,8.9129278129361,-2.219496073493538,7.80967391947248,0.6231155778894473,398,40.87519018646684,37.51068279941807,3.3978999730344577,2.183238448298688,8.715387311829904,-2.142857142857146,7.884572697003332,0.6030150753768844,398,39.64528725554181,36.24738728250736,3.747626182715304,1.272903639572256,11.348825786919749,-1.839894356105532,6.611429137664537,0.6030150753768844,398,74.0021640767372,70.25453789402191,2.8858957720575984,1.8799231144817237,10.668516543536574,-2.6250905257610064,7.341700908862986,0.6155778894472361,398,54.292368325535605,51.40647255347801,0.2174558116667439,0.1699816617294445,1.836064378432662,-0.7881836945304421,1.25,0.5125628140703518,398,97.12034084748696,96.9028850358202,0.5529452314312571,0.3283801776312431,3.6860802579291714,-1.813293700254448,2.860944373870075,0.5402010050251256,398,9.925121455771098,9.37217622433984,2.811562155617505,1.8747951361453143,6.402532127788242,-0.8530022423270154,5.067982812979753,0.6809045226130653,398,30.95006873069574,28.13850657507823,-3.8402069154765184,-1.1444743272763531,11.82138067408038,-6.830113357729408,2.3968096536943917,0.4296482412060301,398,26.35286919991561,30.193076115392124,-54.60412269454228,-1.9621551188125608,185.2497445548124,-13.72856191142196,4.243719907753532,0.4120603015075377,398,56.33118339262619,110.93530608716848,0.0,0.0,0.0,0.0,0.0,0.0,398,0.0,0.0,9.843602073775935,10.0,14.296681170344923,2.015151515151516,16.702675347412182,0.8086734693877551,392,51.12327772244302,41.27967564866709,-7.198419563050523,-7.349450549450546,11.620278256955856,-13.333333333333334,0.0,0.2309644670050761,394,26.77720884567609,33.97562840872661,3.849800499611198,2.579365079365082,10.805429466003986,-2.857142857142854,9.76943346508564,0.6030534351145038,393,43.87679617081662,40.02699567120542
private,add_own_L24,398,5.0,56.11557788944724,0.7944654415766231,0.5922654301550878,7.575128268050073,-3.4070475433312986,4.103282343952289,0.5452261306532663,398,38.3051482409947,37.51068279941807,0.8928336610169282,0.754985754985757,7.334875960451139,-2.994680851063832,4.192458855318107,0.542713567839196,398,37.14022094352429,36.24738728250736,1.1481256196683336,0.1907109541110188,10.206487569532271,-2.842160109276506,4.000052765964558,0.5201005025125628,398,71.40266351369024,70.25453789402191,0.4674613284554572,0.2189639888366059,9.013099919883324,-3.984576932488832,4.581680801727975,0.507537688442211,398,51.87393388193347,51.40647255347801,0.25946075855443,0.1397545773276221,1.9227009922317797,-0.6896551724137936,1.2500000000000109,0.5050251256281407,398,97.16234579437464,96.9028850358202,-0.1151768321594296,-0.2327264522071006,3.507614415804226,-2.5041841339184505,1.9463260408866756,0.4723618090452261,398,9.256999392180411,9.37217622433984,0.9096422737360524,0.564108366297857,5.2312715849157785,-1.2926763320987709,2.7405775071167504,0.5904522613065326,398,29.04814884881429,28.13850657507823,-1.1447087465855368,-0.3124712233007418,10.54052546344728,-3.804772815161456,3.062355300169319,0.4648241206030151,398,29.048367368806588,30.193076115392124,-20.72544139648453,-0.6700208913315677,164.37712945167908,-8.488628187936206,4.675634896756924,0.4597989949748743,398,90.20986469068394,110.93530608716848,0.0,0.0,0.0,0.0,0.0,0.0,398,0.0,0.0,1.761411155518772,1.6061306405088018,12.790053443262316,-3.876838235294123,8.64942528735632,0.5612244897959183,392,43.04108680418585,41.27967564866709,-2.2445259647921323,-2.1703296703296697,10.813598167480276,-8.127450980392156,4.101328903654482,0.4060913705583756,394,31.73110244393448,33.97562840872661,1.089546658669425,0.3809523809523796,10.37365421516584,-5.084279325765394,7.25204552790759,0.5165394402035624,393,41.11654232987485,40.02699567120542
private,cross_gene_a1.0,398,5.0,56.11557788944724,2.9411793241787656,1.9894252534792043,8.300831240451787,-1.9465485377822669,6.711169383194665,0.6331658291457286,398,40.45186212359683,37.51068279941807,3.0076463597051224,2.3056478405315666,8.088252446478883,-1.96078431372549,6.666666666666664,0.6381909547738693,398,39.25503364221248,36.24738728250736,3.5780153558987515,1.290375414580467,10.84176559444664,-1.7917491081452148,5.8483861598137885,0.5829145728643216,398,73.83255324992066,70.25453789402191,2.511934160355512,1.606623429067156,9.717386217393615,-2.832965459378645,7.210807661972254,0.6005025125628141,398,53.91840671383352,51.40647255347801,0.3215919598724918,0.2291666666666714,1.8310523951019984,-0.7999999999999972,1.2966066191872692,0.5125628140703518,398,97.2244769956927,96.9028850358202,0.37324018845858,0.330065359477124,3.914356150048472,-2.121993307126675,2.6871746475144973,0.542713567839196,398,9.74541641279842,9.37217622433984,2.5679391357201853,1.7361808116099289,5.966285651408914,-0.5916033243011949,4.942681539593307,0.6859296482412061,398,30.706445710798416,28.13850657507823,-3.651891602024656,-1.4591376022561846,11.3661699170942,-5.740272798955576,2.015757038722933,0.4045226130653266,398,26.54118451336747,30.193076115392124,-50.73243071852911,-2.855440376895036,169.95993070617942,-13.634705950844603,3.205929106972806,0.3793969849246231,398,60.20287536863936,110.93530608716848,0.0,0.0,0.0,0.0,0.0,0.0,398,0.0,0.0,9.11643678107889,8.896898042206967,14.781841617870109,2.613056586270874,15.879785247432304,0.8112244897959183,392,50.396112429745976,41.27967564866709,-7.147656170772067,-6.554771593976229,10.722923900996136,-13.64618146672792,0.0,0.2055837563451776,394,26.82797223795454,33.97562840872661,3.379073348231445,3.1475029036004685,11.56911955150098,-3.333333333333332,10.71041898405636,0.6183206106870229,393,43.40606901943686,40.02699567120542
private,panel_other_k5,398,5.0,56.11557788944724,2.0069892956834523,1.4711726592448289,7.916015857667864,-2.803040312751744,5.565789473684218,0.585427135678392,398,39.51767209510152,37.51068279941807,2.0434600444016864,1.4724480578139136,7.760205656580307,-2.5209542230818807,5.690208667736751,0.592964824120603,398,38.290847326909045,36.24738728250736,2.940620611113236,0.8976682469866049,10.596392390059409,-2.3214388854416868,5.4758848108227305,0.5904522613065326,398,73.19515850513514,70.25453789402191,1.6372749535797149,0.8065364948178662,9.714518943558426,-3.208230015337012,5.615921317058886,0.5703517587939698,398,53.04374750705773,51.40647255347801,0.1751325264801679,0.0,1.9938806057971148,-0.9190129705789332,1.1722080136402369,0.4698492462311557,398,97.07801756230036,96.9028850358202,0.0895119802979169,0.2874031669779189,3.496257570777418,-2.123041859979728,2.3981302484574485,0.5175879396984925,398,9.461688204637758,9.37217622433984,1.9174773153855351,1.0074639293924823,5.86239057948788,-0.9142296304433416,4.444331524844828,0.6180904522613065,398,30.05598389046377,28.13850657507823,-3.0834539447282188,-1.1619412677206542,11.009820284882045,-5.696737164550044,2.399348474664428,0.4195979899497487,398,27.1096221706639,30.193076115392124,-48.65933980537347,-2.006896036307804,159.07411276173278,-12.589918272486775,4.057887165786073,0.4095477386934673,398,62.27596628179501,110.93530608716848,0.0,0.0,0.0,0.0,0.0,0.0,398,0.0,0.0,8.190150990405996,7.20919829477441,13.77044177625238,0.1220792664892052,15.499226006191948,0.7551020408163265,392,49.46982663907309,41.27967564866709,-5.949935127672075,-5.567927170868344,11.461890778154649,-13.104063191371576,0.9229608111187062,0.266497461928934,394,28.025693281054533,33.97562840872661,2.0931603940069192,1.904761904761901,11.144151434189776,-4.465024630541869,8.571428571428577,0.55470737913486,393,42.120156065212335,40.02699567120542
private,panel_same_k5,398,5.0,56.11557788944724,3.4356051223564403,2.287904943108561,8.226714970974955,-1.5532787580282186,6.551247249630691,0.6884422110552764,398,40.94628792177451,37.51068279941807,3.4006613370148906,2.5723738626964376,8.036434024300966,-1.1111111111111145,6.6470588235294095,0.6532663316582915,398,39.64804861952224,36.24738728250736,3.597296687792886,1.7508832127753775,10.2249209592533,-2.042441990731209,6.038186763033863,0.6206030150753769,398,73.8518345818148,70.25453789402191,2.8796969687348417,2.2753322512822365,9.895485914944793,-2.457922570320028,6.7724112655004856,0.6331658291457286,398,54.28616952221285,51.40647255347801,0.0827986093513899,0.0,1.7723656473840057,-0.8840579710144922,1.0739687055476566,0.4422110552763819,398,96.9856836451716,96.9028850358202,0.5050372280908925,0.4209655873965072,3.4898792177006404,-1.7047903870538832,2.8667945961601484,0.5527638190954773,398,9.877213452430734,9.37217622433984,2.930567894265548,1.84589259580191,6.0415922537877496,-0.3122442088762502,4.91212995832198,0.7211055276381909,398,31.06907446934378,28.13850657507823,-3.7302423387164336,-1.7086349544729131,10.602733007573429,-5.990823550690722,2.3226299054472417,0.3869346733668342,398,26.46283377667569,30.193076115392124,-47.7285324562755,-3.5322300898628107,181.09771144129147,-12.373432679458984,3.199811978380149,0.371859296482412,398,63.206773630892975,110.93530608716848,0.0,0.0,0.0,0.0,0.0,0.0,398,0.0,0.0,7.389184520939151,6.846405228758169,13.217585865213016,-0.3376305067481553,15.022468473555431,0.7219387755102041,392,48.66886016960623,41.27967564866709,-4.621259122749693,-3.202338848890573,12.680023215260627,-12.815656565656568,3.223529839090478,0.3553299492385787,394,29.35436928597692,33.97562840872661,3.237226889999503,2.421052631578945,10.92465811586539,-3.251082251082245,9.531135531135533,0.5954198473282443,393,43.264222561204924,40.02699567120542
private,random_a0.5,398,5.0,56.11557788944724,-0.3418005519572206,-0.4008160541289811,6.2647143924699895,-3.5508631579077043,3.4981362718568523,0.4748743718592965,398,37.16888224746085,37.51068279941807,-0.2471581447576464,0.0,6.053481655765373,-3.333333333333336,3.5405807892777377,0.4798994974874372,398,36.000229137749706,36.24738728250736,-0.5471281678354974,-0.3435439537501352,8.383668535996755,-3.840811836328662,2.956595497966488,0.4623115577889447,398,69.7074097261864,70.25453789402191,0.045557108632139,-0.0809408593124061,7.1653735568938695,-4.046361625525968,4.040419286114632,0.4899497487437186,398,51.45202966211015,51.40647255347801,0.2230197060497925,0.0,1.8318306499394463,-0.8695652173913082,1.2765957446808578,0.4798994974874372,398,97.12590474187,96.9028850358202,-0.2476400996773275,-0.0449908525283975,3.274038896076973,-2.2236227117399987,1.6063786479730835,0.4824120603015075,398,9.124536124662514,9.37217622433984,-0.0941604522798932,0.0010748364503303,4.3786182149972666,-1.834980749368752,2.0979509474925555,0.5,398,28.04434612279834,28.13850657507823,0.5521053749770298,0.3512583217339546,8.49421608767268,-2.705021706802179,3.9803715064219336,0.5402010050251256,398,30.745181490369152,30.193076115392124,-1.968808651294204,0.1971898696425089,143.96593440822383,-5.810262825793689,7.051646733326328,0.5150753768844221,398,108.96649743587426,110.93530608716848,0.0,0.0,0.0,0.0,0.0,0.0,398,0.0,0.0,-0.2328405955305492,0.0,10.80683039176936,-5.553569533832685,6.26676272810049,0.4897959183673469,392,41.04683505313653,41.27967564866709,-0.7682208637353616,-0.2485867354382307,10.47463939048851,-6.914027149321258,5.5555555555555625,0.4593908629441624,394,33.20740754499125,33.97562840872661,-0.1842450840968932,0.0,9.233188054440822,-5.539215686274524,5.606060606060602,0.4834605597964376,393,39.842750587108526,40.02699567120542
private,random_a1.0,398,5.0,56.11557788944724,-0.2600895012045906,0.1278572266584277,6.958931982940902,-3.965981934731933,3.4773629463765685,0.507537688442211,398,37.25059329821348,37.51068279941807,-0.199833642858881,0.0719424460431685,6.787396660927684,-3.820028011204485,3.390151515151519,0.5025125628140703,398,36.04755363964847,36.24738728250736,-0.3875864027284844,0.1236009924584706,9.082323568092187,-3.342091288787444,3.507060026254514,0.5025125628140703,398,69.86695149129342,70.25453789402191,-0.1876932099797721,-0.0330109142077184,10.225807658934595,-4.047246923857468,3.8204521638206863,0.4949748743718593,398,51.21877934349824,51.40647255347801,0.1564438675065348,0.0,1.9842942126983507,-0.9090909090909064,1.1764705882353006,0.4798994974874372,398,97.05932890332674,96.9028850358202,-0.1163628742944886,-0.0040081170823045,3.4254622215889845,-2.3528606353793804,2.0878967559325643,0.4899497487437186,398,9.255813350045353,9.37217622433984,-0.1437266269101021,0.0315831957549477,4.981870415039279,-2.2106892320547766,2.0224875531200803,0.5125628140703518,398,27.99477994816813,28.13850657507823,0.4481615661134535,0.075314932741378,9.230833760966725,-3.4414221187998457,3.477590450624936,0.5100502512562815,398,30.641237681505576,30.193076115392124,10.52760383884064,-0.2488469034139377,153.01943791100302,-7.570578454879064,6.15444023865218,0.4899497487437186,398,121.46290992600912,110.93530608716848,0.0,0.0,0.0,0.0,0.0,0.0,398,0.0,0.0,-0.9916033009444032,-0.3193785206390238,11.704088072257807,-6.666666666666665,5.7141079532383845,0.4566326530612244,392,40.28807234772269,41.27967564866709,-0.3960806668486678,0.0,11.433660124772034,-7.249999999999998,6.254955828485239,0.4873096446700508,394,33.579547741877946,33.97562840872661,0.6811275211201859,0.7272727272727337,9.72110471947114,-4.65201465201465,6.242735042735042,0.5292620865139949,393,40.70812319232561,40.02699567120542
private,random_a1.0_L24,398,5.0,56.11557788944724,-0.3499285153117029,-0.242049347250802,6.771930723948804,-4.326941022682858,3.1172445898055647,0.4698492462311557,398,37.160754284106375,37.51068279941807,-0.2727339910803437,-0.2800626713670198,6.537932814045606,-3.842062193126024,3.0769230769230784,0.4547738693467337,398,35.97465329142701,36.24738728250736,-0.9779807173510906,-0.723443223443228,9.435575703955507,-3.953971417042929,2.854833083186952,0.4346733668341708,398,69.27655717667082,70.25453789402191,0.2810116699043671,-0.0736630733821854,9.373816284590887,-4.157741525334966,3.910222899967147,0.4899497487437186,398,51.68748422338237,51.40647255347801,0.1995215718524416,0.0,1.882195876315513,-0.9836065573770548,1.1318681318681314,0.4497487437185929,398,97.10240660767263,96.9028850358202,-0.0541160176254139,-0.0574227495024892,3.470423246000555,-2.1580716576202787,2.4239570653058333,0.4874371859296482,398,9.318060206714428,9.37217622433984,-0.295812497686289,-0.116829623439461,4.79554079083076,-2.4245772797014284,1.7980479047984606,0.4899497487437186,398,27.842694077391943,28.13850657507823,0.9033799055192924,0.600094224156468,9.38952178871543,-2.749125278754109,4.165339969957029,0.5452261306532663,398,31.09645602091141,30.193076115392124,13.935968854800276,1.0142235492085518,153.11560394069917,-5.176690487061615,8.16500109445576,0.550251256281407,398,124.87127494196876,110.93530608716848,0.0,0.0,0.0,0.0,0.0,0.0,398,0.0,0.0,0.0697459763298905,0.0,11.758908299219176,-6.123065015479879,6.25,0.4719387755102041,392,41.34942162499698,41.27967564866709,-0.9524848076147692,-1.0843685300207038,10.90029836730403,-7.56494815668203,6.059741331650013,0.4568527918781725,394,33.02314360111185,33.97562840872661,-0.2192738824662276,-0.5204678362573105,9.773372186548116,-5.910714285714285,5.089340598000042,0.4503816793893129,393,39.80772178873919,40.02699567120542
private,random_a2.0,398,5.0,56.11557788944724,-0.0911782515500538,0.0,6.529917002252732,-3.898668141901336,3.788872980454526,0.4924623115577889,398,37.419504547868016,37.51068279941807,0.0026382046571983,0.0,6.309204500272464,-3.422492401215803,3.698830409356728,0.4849246231155779,398,36.25002548716455,36.24738728250736,-0.2820746100331658,-0.5591681907471369,8.744786617557793,-3.771772379667123,3.181391388822611,0.4547738693467337,398,69.97246328398874,70.25453789402191,0.166865692236267,0.0037604437918474,7.3759730257120575,-3.9846606810117375,4.26557252165585,0.5,398,51.57333824571428,51.40647255347801,0.1728967081839373,0.0,1.8652054175972028,-0.9090909090909172,1.3008415147265069,0.4949748743718593,398,97.07578174400412,96.9028850358202,-0.1158331737334776,-0.0536730096577555,3.2511515434005878,-2.299013785158468,2.11099783380876,0.4849246231155779,398,9.256343050606365,9.37217622433984,0.0246549221834235,0.0732018166914461,4.709381584813995,-2.34309829338438,2.196554076343123,0.507537688442211,398,28.16316149726165,28.13850657507823,0.3387578673295649,0.3809695191409652,9.022773198089338,-3.1979558091644646,3.562441417989092,0.5301507537688442,398,30.53183398272169,30.193076115392124,2.357135461894729,0.633229481147028,140.68153868575482,-6.564269877244327,6.941603161067652,0.5326633165829145,398,113.2924415490632,110.93530608716848,0.0,0.0,0.0,0.0,0.0,0.0,398,0.0,0.0,-0.5398797515409965,-0.170848946711013,11.623184658081872,-6.666666666666671,4.671601546601544,0.4668367346938775,392,40.739795897126086,41.27967564866709,0.4292785694076292,0.0,10.857878751164302,-6.583253347959236,7.100254880778135,0.4974619289340101,394,34.40490697813424,33.97562840872661,0.6486790927548985,0.7017543859649109,10.126399245306631,-4.615384615384613,6.625816993464049,0.5267175572519084,393,40.67567476396032,40.02699567120542
shared_not_private,add_a0.5,398,5.0,140.28140703517587,1.6180509355509616,0.9903173292542392,4.979326471446942,-1.4612710213086846,4.02387589594265,0.5879396984924623,398,43.68800429248382,42.06995335693286,1.61944554619141,1.0076142131979715,4.764407362570666,-1.2753942796043791,3.943270002675941,0.592964824120603,398,42.39802645043532,40.77858090424391,1.273408384095939,0.7254073999838084,6.701528024033879,-1.4045223180319724,2.6840397966954903,0.6030150753768844,398,75.77572526404116,74.50231687994523,0.9045085367475856,0.7719262886614722,4.822072822224643,-1.951690837422852,3.5551258930585874,0.5628140703517588,398,58.37457362615975,57.47006508941217,0.0812552433327367,0.0,1.0921721794230188,-0.5873015873015817,0.7373737373737406,0.4949748743718593,398,97.16497544461338,97.08372020128068,0.2931815265972057,0.380979220874698,2.201681367042693,-1.159681614665616,1.74122697976083,0.5703517587939698,398,10.45939570924645,10.166214182649243,1.3248694089537554,0.7158869863159918,3.7695417844155137,-0.8986217746684542,3.12098436898611,0.6180904522613065,398,33.22860858323737,31.903739174283608,-1.0662600404262972,-0.3045870340686427,7.50480355658752,-2.7549479811289928,1.9855520416787675,0.4447236180904522,398,31.41380359607896,32.48006363650526,-6.885453999995963,-0.9130263069237116,35.70652839542581,-4.710106662384481,3.135065441361246,0.4371859296482412,398,54.904355283799134,61.78980928379509,0.0118717471740929,0.0,0.4239654072830119,-0.2165705476366026,0.244304840638275,0.4949748743718593,398,21.233813264642823,21.22194151746873,4.677345035426106,4.445041551680433,7.260962132430353,0.5273324772554311,8.703532254174993,0.7613065326633166,398,50.10401149048739,45.42666645506129,-4.165162336027559,-3.7476080682602415,7.652179823151666,-9.026831294060452,0.2534107941422263,0.2587939698492462,398,33.19376842407845,37.35893076010601,1.562072184649427,1.1716775685128944,8.65099393905798,-3.8724841466776976,6.596108767393597,0.5606060606060606,396,45.20574556236653,43.64367337771712
shared_not_private,add_a0.5_L24,398,5.0,140.28140703517587,0.1780495457014476,-0.1557173214800791,4.187810736119933,-2.4558602888663383,2.569976837339896,0.4798994974874372,398,42.24800290263431,42.06995335693286,0.2156638761245851,-0.0816666666666598,3.995197878415024,-2.2945412517780928,2.281296023564069,0.4723618090452261,398,40.9942447803685,40.77858090424391,0.0322379803515379,-0.1919796660408081,5.368933238108292,-1.9459263883881877,1.7777253052084347,0.4798994974874372,398,74.53455486029677,74.50231687994523,0.1643667381718507,0.2279867127429327,4.477810557607369,-2.716287772428819,2.851289149591219,0.5175879396984925,398,57.63443182758403,57.47006508941217,0.0947795749492604,0.0,1.1111018814807745,-0.6135654885654773,0.7388016288539774,0.4648241206030151,398,97.17849977622993,97.08372020128068,-0.0771527324219959,-0.1379385880482369,2.1985319272900448,-1.442035551407202,1.4337430584181008,0.4623115577889447,398,10.089061450227248,10.166214182649243,0.2552022781234434,-0.108077827895137,3.047418778499023,-1.3370123713456152,1.701168441895625,0.4773869346733668,398,32.15894145240705,31.903739174283608,-0.0193837304538419,0.2166563227566822,6.018057836704786,-2.1259933171307823,2.0388886090907645,0.5226130653266332,398,32.46067990605141,32.48006363650526,-1.1770977688758717,0.031886905604292,28.446793573019765,-3.9886852893505687,3.431319825665426,0.5025125628140703,398,60.61271151491922,61.78980928379509,0.01537730799589,0.0013062460077852,0.4002528352215191,-0.2120547409909527,0.2790873990230702,0.5025125628140703,398,21.23731882546462,21.22194151746873,1.1110360259152088,0.8320436597497176,6.515572624782492,-2.592888542482904,4.936154025888168,0.5628140703517588,398,46.53770248097649,45.42666645506129,-2.1579758317485664,-2.152108502337388,7.768571436529069,-6.8434021196690695,2.7596122013877817,0.3919597989949748,398,35.20095492835744,37.35893076010601,1.0843510202994526,0.5473856209150298,8.175346625002431,-3.6017842451665967,4.983636770935156,0.5429292929292929,396,44.72802439801655,43.64367337771712
shared_not_private,add_a1.0,398,5.0,140.28140703517587,3.294820562621356,2.452397403203104,6.386052282973587,-0.6354188197538999,5.609331890595845,0.7010050251256281,398,45.3647739195542,42.06995335693286,3.253848777341863,2.5,6.264774816731747,-0.6364371650995828,5.307853066473754,0.6934673366834171,398,44.032429681585775,40.77858090424391,3.630974697765762,1.5079353320222495,8.42995636853555,-0.671759607561917,4.426419076303173,0.6884422110552764,398,78.13329157771099,74.50231687994523,0.8382663730920354,1.2439762305222253,5.851613621766253,-2.071139023367955,4.078448825790947,0.5954773869346733,398,58.30833146250421,57.47006508941217,0.0269969709848177,0.0,1.149793215884275,-0.6632653061224545,0.6963011031797528,0.4547738693467337,398,97.11071717226548,97.08372020128068,0.3335872219987136,0.1985984783541408,2.428597039030072,-1.1990747229529526,1.9526926125189503,0.5402010050251256,398,10.49980140464796,10.166214182649243,2.9612333406226417,1.950053810546972,5.041453188565388,0.0143014782501822,4.483685157764698,0.7512562814070352,398,34.86497251490625,31.903739174283608,-3.5726824041174785,-1.051049589646894,9.278681201029793,-4.271195154377072,1.09343450023521,0.3793969849246231,398,28.90738123238778,32.48006363650526,-19.441611194203546,-2.2612590619440223,63.48767852412495,-7.296663932744472,1.484425096680269,0.3567839195979899,398,42.34819808959155,61.78980928379509,0.0115880587384688,0.0,0.4357838794532571,-0.2660790974732285,0.271530937186542,0.4798994974874372,398,21.2335295762072,21.22194151746873,9.40874328649386,8.419676261015212,8.566721170056011,3.8170193890864432,13.493580873798964,0.8969849246231156,398,54.83540974155514,45.42666645506129,-7.751050353220701,-7.901512741313091,8.47223819430156,-13.052812359911588,-2.192992632076839,0.14321608040201,398,29.607880406885304,37.35893076010601,2.3058506002610124,1.8923773994269268,8.78520750228053,-2.8432220681290605,7.2268648018648065,0.6060606060606061,396,45.94952397797813,43.64367337771712
shared_not_private,add_a1.0_L24,398,5.0,140.28140703517587,0.7037455924191963,0.3174939703035981,4.398974561962521,-2.165156332933652,2.889621195123988,0.5402010050251256,398,42.77369894935205,42.06995335693286,0.7569106150834563,0.4959016393442645,4.246499279339263,-1.90314769975787,2.7428868841082554,0.5402010050251256,398,41.53549151932737,40.77858090424391,0.7498349725186005,0.3874283637794704,6.1829206152705085,-1.6228415411030426,2.4157508892908126,0.5452261306532663,398,75.25215185246381,74.50231687994523,0.2357940728046244,0.3081476455261587,5.0112409397682125,-2.4470144127559266,2.8220157873318303,0.5376884422110553,398,57.70585916221679,57.47006508941217,0.1401918341155398,0.0865946918578473,1.16722248391817,-0.5539215686274517,0.9190129705789332,0.5150753768844221,398,97.2239120353962,97.08372020128068,-0.0422089468950841,-0.0680873901207057,2.0925107958644125,-1.406987188450776,1.1200400471835272,0.4748743718592965,398,10.12400523575416,10.166214182649243,0.7459545393142806,0.5197167419087023,3.286471611742383,-1.2661600412710283,2.1268646228964494,0.5628140703517588,398,32.64969371359789,31.903739174283608,-0.7250870368683173,-0.2200472429024991,7.0745821380883545,-2.7132458613185,2.081683183986545,0.4748743718592965,398,31.75497659963694,32.48006363650526,-5.286653894413751,-0.3512288444728302,36.55284152169549,-4.57277798020592,3.274240004174024,0.4673366834170854,398,56.50315538938134,61.78980928379509,-0.0072328562407928,0.0,0.4298995809776542,-0.2461548663833337,0.241666491484418,0.4798994974874372,398,21.21470866122793,21.22194151746873,2.121837962313624,1.8704836832570173,6.785038530123969,-2.7315915087722864,6.621272307429059,0.6080402010050251,398,47.54850441737491,45.42666645506129,-2.258007558627348,-1.8894395136595925,7.810136228332753,-6.569978267346688,2.328135773182212,0.3592964824120603,398,35.10092320147866,37.35893076010601,0.9474935140724082,0.4944787550351179,8.741353910314631,-3.80636604774536,5.226485746029089,0.5277777777777778,396,44.59116689178951,43.64367337771712
shared_not_private,add_a2.0,398,5.0,140.28140703517587,4.139151118490949,2.747638848816898,8.219090598701039,-0.9019135365545008,7.618582632791265,0.6884422110552764,398,46.20910447542381,42.06995335693286,4.13685499847507,2.6220690065083687,8.042597907248435,-0.6024744486282927,7.324587155963298,0.7010050251256281,398,44.915435902718976,40.77858090424391,5.670845598895492,2.437019596790165,11.27531988750164,-0.7698880280241625,7.349367215203994,0.6934673366834171,398,80.17316247884071,74.50231687994523,0.0846599135912669,0.902898110968252,7.664990777897612,-3.159850531235838,4.293742212014424,0.5527638190954773,398,57.55472500300344,57.47006508941217,0.1427894541388632,0.1770050125313247,1.1679371132373366,-0.6312292358803973,0.935683139534884,0.5402010050251256,398,97.22650965541952,97.08372020128068,0.112792730426194,-0.048366945018194,2.7505504001012397,-1.8512919978444835,1.842331006124395,0.4924623115577889,398,10.279006913075438,10.166214182649243,4.026358388064756,2.32511215488789,6.563043065214192,-0.0999522649090289,6.182790252343419,0.7361809045226131,398,35.930097562348365,31.903739174283608,-5.89591135717914,-1.8511862959467429,12.493042175076768,-6.862858357562766,1.061538588231297,0.3266331658291457,398,26.58415227932612,32.48006363650526,-27.14211168709774,-3.203252919717148,83.62899389294033,-13.02552913338784,1.5963250052489464,0.3241206030150754,398,34.64769759669735,61.78980928379509,-0.0005509520878127,-0.0008728926447298,0.410523748931301,-0.2468456803930609,0.2239328982433401,0.4824120603015075,398,21.22139056538092,21.22194151746873,14.741703489383507,13.7526512082639,10.824087952229242,7.407232947823815,21.473278196979635,0.9346733668341708,398,60.16836994444479,45.42666645506129,-15.077690110447882,-14.422830698437426,11.15144984459257,-21.9333734584694,-8.473222467855626,0.0628140703517587,398,22.281240649658123,37.35893076010601,3.0644269219858686,2.8550536420101675,11.62986656460338,-3.147895972512625,9.216461969403138,0.6111111111111112,396,46.70810029970298,43.64367337771712
shared_not_private,add_a2.0_L24,398,5.0,140.28140703517587,1.646722146693964,0.8065730058075751,5.310476123654746,-1.5279780420961178,4.0622904147163705,0.6005025125628141,398,43.71667550362681,42.06995335693286,1.6772050999149914,0.9135555652136134,5.100996246688558,-1.314890362060174,4.124953652206157,0.5879396984924623,398,42.4557860041589,40.77858090424391,2.484359596863909,0.983411052816642,7.322024168228978,-1.1080561572093082,3.9942467566152544,0.6231155778894473,398,76.98667647680914,74.50231687994523,-0.2667586649901339,-0.1370532299854261,5.646115882785813,-3.322506762398076,2.934994528703127,0.4949748743718593,398,57.203306424422045,57.47006508941217,0.1333310980037771,0.1120668006027187,1.1562738779636608,-0.6340852130325771,0.8641658900279481,0.5175879396984925,398,97.21705129928444,97.08372020128068,0.0336227465202784,-0.022510442268345,2.4435522970588908,-1.7301927353780564,1.4113113941443816,0.4899497487437186,398,10.199836929169525,10.166214182649243,1.6130994001736856,0.7699651815668425,4.004288454067888,-0.8664212037053574,3.2414054742022635,0.6130653266331658,398,33.51683857445729,31.903739174283608,-2.6774141666220186,-0.9739756086905196,8.506361460978162,-3.713399863608699,1.4373937887572623,0.4095477386934673,398,29.80264946988324,32.48006363650526,-13.766051507648523,-1.5287935825574124,52.2189738529276,-6.432262906951253,2.0410143976359345,0.3844221105527638,398,48.02375777614657,61.78980928379509,-0.0177799534167576,-0.0082310148726962,0.4470657173245008,-0.2466545730205549,0.2536001218610928,0.4723618090452261,398,21.204161564051976,21.22194151746873,4.564902211667699,3.7729714483124432,8.294406687819114,-1.1333142056404597,9.183983533348329,0.7010050251256281,398,49.99156866672897,45.42666645506129,-4.026636778681457,-3.996482699004833,8.885588762932796,-10.134919693683928,1.9066910156747736,0.314070351758794,398,33.33229398142455,37.35893076010601,1.6834333944801383,1.21869867605162,9.24213259159866,-3.3862143603523,6.332080200501254,0.5606060606060606,396,45.32710677219724,43.64367337771712
shared_not_private,add_a3.0,398,5.0,140.28140703517587,4.496561838253636,2.9142782776741605,9.023809656631924,-0.799259183933362,8.719424509433944,0.6959798994974874,398,46.56651519518649,42.06995335693286,4.5347638860051465,2.923850574712638,8.798937114804415,-0.7616459627329206,8.483433734939757,0.6984924623115578,398,45.313344790249054,40.77858090424391,6.775625142410634,2.923011726520066,12.42902331285667,-0.5052583571742382,8.736926600396085,0.7211055276381909,398,81.27794202235586,74.50231687994523,-0.3735888603211312,0.227387287877935,8.531171404905136,-4.410939411661916,4.335307234099037,0.5150753768844221,398,57.09647622909104,57.47006508941217,0.2453703269121083,0.3361581920903944,1.277044325745301,-0.4629924604438749,0.9972527472527482,0.5879396984924623,398,97.32909052819276,97.08372020128068,-0.1265875654641027,-0.0520424498315885,2.816957294659082,-2.049710008205765,1.7796668911344744,0.4899497487437186,398,10.039626617185142,10.166214182649243,4.623149403717738,2.914578853854876,7.294321878291874,0.2693386053126652,7.683490195947742,0.7688442211055276,398,36.52688857800135,31.903739174283608,-7.0592619046155525,-2.555635629435745,13.75297086399202,-7.93478657620749,0.7082441481534145,0.2839195979899497,398,25.4208017318897,32.48006363650526,-29.651337027042054,-4.413213528523272,89.57367744928015,-13.883047749481486,0.351286070956764,0.2738693467336683,398,32.13847225675304,61.78980928379509,-0.0149413408640824,-0.0053331400740717,0.4359522946448854,-0.2988861614843657,0.2325910796914874,0.4723618090452261,398,21.207000176604645,21.22194151746873,17.11857360494885,16.82975337232619,11.659824620003429,8.305400601585996,25.07994015534312,0.9447236180904522,398,62.54524006001014,45.42666645506129,-18.59004076957072,-18.86603020298672,11.238377420946131,-27.49860948586279,-10.130848672104976,0.0402010050251256,398,18.76888999053529,37.35893076010601,2.8319837777468733,2.520569492619177,12.46465079134286,-3.814407814407815,9.60682650682651,0.6186868686868687,396,46.47565715546397,43.64367337771712
shared_not_private,add_a3.0_L24,398,5.0,140.28140703517587,2.5956211846868342,1.507208510442421,6.545624538982864,-1.3224406682391816,5.163035473542058,0.635678391959799,398,44.66557454161969,42.06995335693286,2.637164323060148,1.5400930487137394,6.313520669844249,-1.134796238244519,5.170600552012948,0.6507537688442211,398,43.41574522730406,40.77858090424391,4.1238185709216495,1.3667447824261174,9.362157231039964,-0.710711124057422,4.684456964958976,0.6658291457286433,398,78.62613545086687,74.50231687994523,-0.4604535586870579,-0.2230456205117477,6.407190420381867,-3.3505116200671026,3.024065380032683,0.4773869346733668,398,57.00961153072511,57.47006508941217,0.1649348542347098,0.1380360797753397,1.1775272836676167,-0.579298017549565,0.8818904920458728,0.5376884422110553,398,97.24865505551536,97.08372020128068,0.0184361964946752,0.056405391425454,2.622595791097711,-1.4618226240725014,1.5792508294701149,0.5150753768844221,398,10.18465037914392,10.166214182649243,2.57718498819216,1.3777105944847463,5.064139687244111,-0.4796915545027858,4.226029809178719,0.678391959798995,398,34.480924162475766,31.903739174283608,-4.542275410716403,-1.3380584369760022,10.51691636662264,-4.965349490939942,0.5907749495387069,0.3517587939698492,398,27.937788225788854,32.48006363650526,-20.56152713701136,-2.301060494436161,60.65586748677675,-9.366482810942063,0.7274001778336645,0.321608040201005,398,41.22828214678373,61.78980928379509,-0.0077898586687119,0.0,0.4447251935094429,-0.2644298699264489,0.2102391851942808,0.4874371859296482,398,21.21415165880002,21.22194151746873,7.220073238981481,6.289036441127283,9.805323407007306,0.9807124229981632,13.300241700204731,0.7939698492462312,398,52.64673969404276,45.42666645506129,-6.942436026378723,-6.648433544433429,8.829359994684202,-12.323879539350242,-1.182169621131929,0.2010050251256281,398,30.41649473372728,37.35893076010601,2.007650959530343,1.375790148447674,9.182021375710532,-3.906655155116528,6.6249639808076335,0.6035353535353535,396,45.65132433724745,43.64367337771712
shared_not_private,add_a4.0,398,5.0,140.28140703517587,4.223327802577326,2.162967194020517,9.341913703147473,-1.367303145104087,8.267777808975305,0.6582914572864321,398,46.29328115951017,42.06995335693286,4.31738036360424,2.386440677966103,9.10457129842731,-1.1367024448419798,8.434617107030896,0.6582914572864321,398,45.09596126784816,40.77858090424391,6.958572756701663,3.19758308387351,12.857366268988228,-0.6217391257958305,9.263940025266905,0.6984924623115578,398,81.4608896366469,74.50231687994523,-0.8651400216028569,-0.3121768062584031,9.032789340771783,-4.524365457580558,4.752680562512641,0.4798994974874372,398,56.60492506780932,57.47006508941217,0.3502689361403929,0.3555639762536415,1.2537220423777802,-0.4033918023984206,1.1993133825625009,0.585427135678392,398,97.43398913742108,97.08372020128068,-0.3813161002833587,-0.3993097212553596,2.9004382728008875,-2.2986345659170366,1.541379616763234,0.4371859296482412,398,9.784898082365888,10.166214182649243,4.604643902860683,3.3162604569438514,7.568299036912484,-0.2526636300741955,7.3511898091300605,0.7311557788944724,398,36.508383077144295,31.903739174283608,-7.554897691396983,-2.8821242477452724,14.267294303085077,-8.642777141304675,0.6353316938176707,0.2964824120603015,398,24.925165945108272,32.48006363650526,-30.39939075978862,-4.894751979973364,90.50689542669612,-14.330126099356477,0.9708567409013202,0.2814070351758794,398,31.390418524006478,61.78980928379509,0.0156312434273387,0.0204869114822248,0.4113975272524462,-0.2151825686423354,0.2643369003586873,0.5175879396984925,398,21.237572760896064,21.22194151746873,18.249156871009312,17.93782249742002,11.77664749808948,9.13346137635768,26.730275659211703,0.9522613065326632,398,63.6758233260706,45.42666645506129,-20.919841365194813,-19.969952643814125,12.328489012257563,-30.573257830338974,-12.09508135070011,0.0301507537688442,398,16.439089394911196,37.35893076010601,2.447911365069925,2.630211817168341,13.335583999565436,-4.853976970459053,9.202027325866332,0.5959595959595959,396,46.09158474278703,43.64367337771712
shared_not_private,add_a4.0_L24,398,5.0,140.28140703517587,3.013062469579411,1.9135374368584264,7.439864909713215,-1.4188747158707518,5.566752181182945,0.6557788944723618,398,45.08301582651227,42.06995335693286,3.0553905970613977,1.9215384615384643,7.233276059131277,-1.2030447542186362,5.706168831168833,0.6532663316582915,398,43.83397150130531,40.77858090424391,5.139227069554557,2.029427389878002,10.558596108570496,-0.3731805963798713,5.998354793574823,0.7110552763819096,398,79.64154394949979,74.50231687994523,-0.8139748494498209,0.1492202969206566,7.007687915883366,-4.094807824022052,3.1644197460111982,0.5150753768844221,398,56.65609023996235,57.47006508941217,0.1885096393626093,0.2275950999355345,1.220192520767765,-0.5835872723407256,1.0434782608695734,0.5326633165829145,398,97.27222984064326,97.08372020128068,-0.1000616541121118,0.0014347936546368,2.644541461351666,-1.8375019707154905,1.6124766375791195,0.5,398,10.066152528537131,10.166214182649243,3.1131241236915232,1.9464151591196452,5.809528839711627,-0.3964332202513958,5.105923793244882,0.7035175879396985,398,35.01686329797513,31.903739174283608,-5.650190481326306,-1.7393365204919338,11.725887769829091,-6.218199913303308,0.4998067737848304,0.3165829145728643,398,26.829873155178948,32.48006363650526,-24.702587078010847,-3.118716792386106,72.3547797670693,-10.866343488789814,0.6830760006608312,0.3090452261306532,398,37.08722220578424,61.78980928379509,-0.0047692355744061,0.0,0.4250863722525763,-0.2428540688518867,0.236822246633138,0.4849246231155779,398,21.217172281894324,21.22194151746873,9.880215000902144,9.501111130172816,10.207614109174676,3.078771931592346,15.25215454898824,0.8417085427135679,398,55.30688145596342,45.42666645506129,-9.836645157481708,-10.161220499930185,9.59080122741323,-16.423727817881044,-3.4596921506053717,0.1381909547738693,398,27.522285602624304,37.35893076010601,2.285414394196944,1.8828157349896413,9.962150183617783,-3.8562214183332175,7.366086778616397,0.5934343434343434,396,45.92908777191405,43.64367337771712
shared_not_private,add_cone_removed_a1.0,398,5.0,140.28140703517587,3.166934249537294,2.494830628953668,6.214562535062835,-0.8027752641520802,5.794147878774327,0.6909547738693468,398,45.23688760647015,42.06995335693286,3.1266218970203083,2.474489795918366,6.038617035152031,-0.7565308254963412,5.659213098729227,0.6984924623115578,398,43.90520280126422,40.77858090424391,3.4685920292471897,1.6105642408881875,8.0599984701387,-0.8073202861697837,4.70440829139811,0.6683417085427136,398,77.9709089091924,74.50231687994523,0.8068725364363482,1.385349830442884,6.099154676201515,-2.274125134218208,4.017752194545356,0.5804020100502513,398,58.27693762584852,57.47006508941217,0.0364539909834622,0.0,1.1141004620985568,-0.6213600032132298,0.833504133360659,0.4798994974874372,398,97.12017419226412,97.08372020128068,0.3714158968879154,0.2487142712443688,2.4429016310530334,-1.1880926032854315,2.12207072932936,0.550251256281407,398,10.53763007953716,10.166214182649243,2.7955183526493776,1.705936555364303,4.886051747516749,-0.1111834888397069,4.547656276612123,0.7336683417085427,398,34.69925752693299,31.903739174283608,-3.3151848274384106,-1.2338110154831696,9.00129520478774,-4.450487422612083,1.4649940403235542,0.3844221105527638,398,29.16487880906685,32.48006363650526,-18.327793046286327,-2.2082292138569883,57.13777989897788,-8.247250476563373,1.7640860587546392,0.3517587939698492,398,43.46201623750876,61.78980928379509,0.0079824824522092,0.0122624144268028,0.4041067277315527,-0.1935894805796465,0.2296030003306817,0.507537688442211,398,21.22992399992094,21.22194151746873,9.60959694401887,8.729701583577747,8.70469771253906,4.411752411819361,13.944144551037434,0.9045226130653268,398,55.03626339908015,45.42666645506129,-8.438475144553252,-8.030036227570816,9.280227244813494,-14.378795353253558,-2.4920947213723403,0.1582914572864321,398,28.920455615552758,37.35893076010601,2.499675517631026,1.549671592775038,9.209193898099649,-2.9594570908222515,7.473613776937904,0.5984848484848485,396,46.143348895348126,43.64367337771712
shared_not_private,add_gc_removed_a1.0,398,5.0,140.28140703517587,0.7418430808658024,0.562756913647064,4.62684153045951,-2.0003208571667823,3.4263096878901216,0.5678391959798995,398,42.81179643779865,42.06995335693286,0.6564893970326781,0.5191698672596168,4.441301135368289,-2.0881873252562926,3.2548685951975784,0.5452261306532663,398,41.4350703012766,40.77858090424391,1.8353849366130863,0.5199639648006524,7.146714966514678,-1.6947196610672783,3.459901764626196,0.5778894472361809,398,76.33770181655831,74.50231687994523,-0.903636670900385,-0.5791636836229657,4.986848150790738,-3.4580854059783945,2.039410097401907,0.4547738693467337,398,56.56642841851179,57.47006508941217,-0.2045931042961906,-0.231221598503069,1.1894591476389316,-0.9076246334310908,0.5792912792158802,0.3793969849246231,398,96.87912709698446,97.08372020128068,0.40350405512072,0.4042518432991233,2.11451840087966,-0.979162696472824,1.8374792340698447,0.5979899497487438,398,10.569718237769964,10.166214182649243,0.3383390257450828,0.0785288436478648,3.643133181569468,-1.457891116986997,2.0802931971121783,0.5150753768844221,398,32.24207820002869,31.903739174283608,-2.4185175157257293,-0.5047044411620067,8.367041356204584,-3.8485080741463538,1.5789875200090373,0.4221105527638191,398,30.06154612077953,32.48006363650526,-14.024518484175992,-1.2866618559687255,55.76524028246153,-6.703850326539536,2.647111589389068,0.4195979899497487,398,47.7652907996191,61.78980928379509,-0.0046597156197409,-0.0332991540048386,0.3879498225897804,-0.2563322547631363,0.2338511684507818,0.4296482412060301,398,21.21728180184899,21.22194151746873,-1.2356297002715888,-1.352356532141911,7.01324784057921,-5.591885839367491,2.9656091071437505,0.4170854271356783,398,44.19103675478969,45.42666645506129,3.666860061211916,3.741480931848969,7.960357098968448,-1.3983532807062158,8.505453909249454,0.6633165829145728,398,41.02579082131792,37.35893076010601,0.9429566393425036,1.0670956717086106,8.845365396911335,-4.170676468664443,5.093567251461984,0.5757575757575758,396,44.58663001705961,43.64367337771712
shared_not_private,add_gc_removed_a1.0_L24,398,5.0,140.28140703517587,0.1268675134926846,0.0686144772050063,4.400467321186823,-2.7131540700891428,2.583733766617802,0.5125628140703518,398,42.19682087042553,42.06995335693286,0.1537463034536239,0.1373652133145846,4.262019812595776,-2.625242284180704,2.518313382169021,0.507537688442211,398,40.93232720769754,40.77858090424391,0.5294907613338395,0.1941582329634954,5.545839180384898,-1.9715613509439545,2.4895049112549934,0.5326633165829145,398,75.03180764127906,74.50231687994523,-0.441597414739935,-0.3029252848632779,5.042074169421615,-3.102211565225341,2.3943997503582324,0.4798994974874372,398,57.02846767467224,57.47006508941217,0.0552748265981062,0.0,1.129565866112043,-0.6523975443836001,0.7589285714285694,0.4673366834170854,398,97.13899502787878,97.08372020128068,0.1623612106447801,0.2127516814451504,2.3275266857146906,-1.2552905327560382,1.4644350176201937,0.5402010050251256,398,10.328575393294026,10.166214182649243,-0.0354936971520954,-0.1349420266455911,3.149530402147285,-1.6593863375264295,1.6075793663618905,0.4673366834170854,398,31.868245477131516,31.903739174283608,-0.855247671188198,-0.0441359987924752,6.587432806595173,-2.9572650768117037,2.16973795574102,0.4974874371859296,398,31.62481596531706,32.48006363650526,-5.957968983507091,-0.688005466082144,35.3685076293295,-5.204195310069389,3.150523326692616,0.457286432160804,398,55.831840300288,61.78980928379509,0.0064901160419447,-0.0105763280375974,0.4319727889624575,-0.249902358891159,0.2484485163007712,0.4597989949748743,398,21.22843163351068,21.22194151746873,-1.1588923327502658,-1.3267510959143962,6.664548337299446,-5.470315675675856,2.9687602579191115,0.4070351758793969,398,44.26777412231101,45.42666645506129,2.677908120913468,2.3864468864468837,7.991853738537523,-2.5195361791565354,7.735625513759826,0.6130653266331658,398,40.03683888101947,37.35893076010601,-0.2102579681860725,-1.0065888478069311,8.137565583106948,-4.957531869681531,4.567379988432618,0.4469696969696969,396,43.43341540953103,43.64367337771712
shared_not_private,add_own,398,5.0,140.28140703517587,3.2993964661113315,2.587219354134625,6.620505736019745,-0.7847657349894934,5.670560418718928,0.6984924623115578,398,45.36934982304419,42.06995335693286,3.2598959660625053,2.3796224961479204,6.448510681496754,-0.4700193423597767,5.525674125071712,0.7035175879396985,398,44.038476870306425,40.77858090424391,3.712140657844324,1.4986424152563131,8.802726094751682,-0.9948255531100544,5.0925445236493445,0.6457286432160804,398,78.21445753778954,74.50231687994523,0.8598157959827801,1.3485503455001613,6.0386787183176125,-2.2345130770237045,4.316004979807378,0.5879396984924623,398,58.32988088539496,57.47006508941217,0.0497492603659947,0.0,1.1834957000349036,-0.664473684210531,0.7705185790118385,0.4698492462311557,398,97.13346946164664,97.08372020128068,0.2969310104017666,0.2158169759687811,2.52313489255866,-1.4145827443123435,1.9911962511285195,0.5326633165829145,398,10.463145193051012,10.166214182649243,3.002465455709565,1.8760214166012477,5.17229315818093,-0.1240019481133565,4.774785488166808,0.7286432160804021,398,34.90620462999318,31.903739174283608,-3.572963643437485,-1.172857890512935,9.623919052029729,-4.804978059530805,1.3955365977010237,0.3894472361809045,398,28.90709999306777,32.48006363650526,-18.98602280569327,-2.047422004405375,62.87567965011106,-8.75462648580821,1.8975762490341213,0.3517587939698492,398,42.80378647810182,61.78980928379509,-0.0158541346362181,-0.0280121043730026,0.4327044689243008,-0.2672142582419052,0.2242149395317101,0.4371859296482412,398,21.20608738283251,21.22194151746873,9.45991089486642,8.605286318193386,9.042844628855269,3.814753338435272,14.781369527974944,0.8743718592964824,398,54.886577349927705,45.42666645506129,-8.722853968877233,-8.486809206287706,8.70844586445715,-13.541666666666668,-2.73519596987451,0.14321608040201,398,28.63607679122877,37.35893076010601,2.582152193305801,2.448210326259112,9.163736896171065,-2.709621363130754,7.433397271952263,0.6161616161616161,396,46.2258255710229,43.64367337771712
shared_not_private,add_own_L24,398,5.0,140.28140703517587,1.2077523959889096,0.5938113119695387,5.297099417702121,-2.021478771757314,3.5997769994662185,0.5577889447236181,398,43.27770575292176,42.06995335693286,1.2083283362433086,0.5241074153188912,5.017897781601622,-1.88712121212121,3.3739105721864373,0.5527638190954773,398,41.986909240487215,40.77858090424391,1.1088172015166786,0.3009523864695325,7.3681710870448125,-1.5854473323134035,2.7301839889832245,0.5452261306532663,398,75.6111340814619,74.50231687994523,0.509765788397728,0.4557692768291659,5.275366359882447,-2.4337042505645545,3.1536208801592647,0.5251256281407035,398,57.9798308778099,57.47006508941217,0.0602818781918625,0.0,1.1789361260802815,-0.628930817610069,0.7988636363636452,0.4899497487437186,398,97.14400207947251,97.08372020128068,0.1316527363970652,-0.0252200089040712,2.2723931775410504,-1.3767126771366365,1.3468943198320693,0.4899497487437186,398,10.29786691904631,10.166214182649243,1.076099659591844,0.4359500452438407,4.12430102729623,-1.1667826900107905,2.465746467556197,0.5703517587939698,398,32.97983883387545,31.903739174283608,-1.0571952202446546,-0.158348945705848,8.25014985917531,-2.5668262277504037,1.8127492184477176,0.4698492462311557,398,31.4228684162606,32.48006363650526,-7.513002185835408,-0.4735724276048572,46.1966485855803,-4.210825389678509,3.413611424021272,0.4723618090452261,398,54.27680709795969,61.78980928379509,-0.0277227782092333,-0.0407334765315736,0.4465111693429237,-0.2635538285307577,0.2303425757042259,0.457286432160804,398,21.194218739259497,21.22194151746873,2.76181350001571,2.022200064008814,7.464623108251149,-1.69238934882169,6.995695908413264,0.6306532663316583,398,48.18847995507699,45.42666645506129,-2.470528907685192,-2.556566654408209,8.662010233278366,-8.114953102453104,3.0801626231114323,0.3768844221105528,398,34.88840185242081,37.35893076010601,0.9866180042904968,0.464762333183387,8.417584769552956,-4.156045751633982,5.323481116584569,0.5328282828282829,396,44.630291382007606,43.64367337771712
shared_not_private,cross_gene_a1.0,398,5.0,140.28140703517587,3.2464448930249703,2.0963576191455573,6.237581341220842,-0.8500781941762483,6.225826781364841,0.6733668341708543,398,45.31639824995783,42.06995335693286,3.209149575975171,1.928286552788016,6.074237798459347,-0.761279807857262,5.94496670583627,0.678391959798995,398,43.987730480219085,40.77858090424391,3.6047621274474055,1.439820021510002,8.417638047184255,-0.6912387905719299,4.654598156401228,0.6633165829145728,398,78.10707900739263,74.50231687994523,0.860295666514489,0.9442408955192648,5.922038981775684,-2.511714987108705,4.704913338637118,0.5753768844221105,398,58.33036075592666,57.47006508941217,0.0309112530368857,0.0,1.1839455611197298,-0.7142857142857189,0.8094503899873082,0.4874371859296482,398,97.11463145431756,97.08372020128068,0.4346480014149346,0.3990358218292975,2.4186226583760657,-1.2532399644115184,2.0269557703450154,0.5753768844221105,398,10.60086218406418,10.166214182649243,2.8117968916100358,1.6514318569251074,4.919104691674877,-0.3429284928238374,4.614581688336808,0.7060301507537688,398,34.715536065893644,31.903739174283608,-3.634821449869893,-1.1293138214997054,9.55277371249611,-4.322546377660428,0.9217731778004684,0.3819095477386934,398,28.84524218663536,32.48006363650526,-18.59568408503879,-2.0012827061256147,56.0679707353226,-8.189661462064286,1.2177652839469155,0.3366834170854271,398,43.1941251987563,61.78980928379509,-0.0212309793019448,-0.0302497218399881,0.4581980908399832,-0.2605719663650041,0.2509522322404693,0.4648241206030151,398,21.200710538166785,21.22194151746873,9.263944126815712,8.414383910490695,8.670367838538187,3.820642744651227,13.955167776741597,0.907035175879397,398,54.69061058187698,45.42666645506129,-8.212256389887587,-7.765233680938866,9.002243460752926,-13.583795204574749,-2.3239474997300977,0.1733668341708542,398,29.14667437021842,37.35893076010601,3.000414212215601,2.7412604910164298,9.405491360605588,-2.08239369326326,7.370973389355738,0.6363636363636364,396,46.64408758993271,43.64367337771712
shared_not_private,panel_other_k5,398,5.0,140.28140703517587,2.317226315032996,1.473624338772229,5.863136025638824,-1.4278498137022329,4.609946871216817,0.6507537688442211,398,44.387179671965846,42.06995335693286,2.2909937525800204,1.4962686567164134,5.737982595894264,-1.28621327306349,4.322969046820875,0.6532663316582915,398,43.06957465682394,40.77858090424391,2.915742163057076,1.2180057744941948,7.95531695027057,-0.7959578862221228,4.083786889040805,0.6507537688442211,398,77.41805904300229,74.50231687994523,0.2268553926077822,0.2172445533449405,5.797270251373636,-2.805913906160761,3.5557948275325195,0.5201005025125628,398,57.69692048201995,57.47006508941217,0.0200005896291179,0.0,1.1393043141400607,-0.7018255578093182,0.7459328487365902,0.457286432160804,398,97.1037207909098,97.08372020128068,0.1662182061965745,0.1983806951398792,2.276372911019357,-1.353434851789968,1.7669253400572174,0.542713567839196,398,10.33243238884582,10.166214182649243,2.151008108836421,1.247750126790546,4.628545336083639,-0.5773682726103422,3.672747529221458,0.6834170854271356,398,34.05474728312003,31.903739174283608,-3.0466561024212218,-0.7502013202016791,8.801100297221002,-4.033791142454418,1.0903694559277533,0.4045226130653266,398,29.43340753408404,32.48006363650526,-16.31249485886088,-1.354283812368493,50.63100503273939,-6.8386148046289925,1.5819979375765083,0.3819095477386934,398,45.47731442493421,61.78980928379509,0.0070284352105438,-0.0011005306714295,0.4075270507135642,-0.2054345354429489,0.2502740415012683,0.4723618090452261,398,21.22896995267928,21.22194151746873,7.90287594365226,7.013284639153564,9.243115592813954,1.927899890839404,12.528555583088488,0.8115577889447236,398,53.32954239871354,45.42666645506129,-6.921433572077566,-6.283403363898724,9.077863360259688,-12.656724449152955,-1.358638331450062,0.2160804020100502,398,30.43749718802844,37.35893076010601,1.747695532073049,2.1095781212580107,8.567186607417497,-3.655386280386283,7.040093144494271,0.5757575757575758,396,45.39136890979015,43.64367337771712
shared_not_private,panel_same_k5,398,5.0,140.28140703517587,3.307035360547259,2.141447303380769,6.291202486698337,-0.5419172325407224,5.379880437317697,0.6884422110552764,398,45.37698871748012,42.06995335693286,3.247664606268219,2.1588763527515558,6.144289920530678,-0.5596634370219284,5.163948954271536,0.7010050251256281,398,44.02624551051213,40.77858090424391,3.4464959029685884,1.2346644732540497,7.928256365723908,-0.5498862248408507,4.607750622755676,0.6934673366834171,398,77.9488127829138,74.50231687994523,1.0674375259043585,1.1100342653154982,5.846415434863306,-1.9990095432395376,4.333440717716032,0.5804020100502513,398,58.53750261531653,57.47006508941217,0.0030122190814156,0.0,1.178449601028946,-0.6666666666666714,0.7207207207207205,0.4597989949748743,398,97.08673242036208,97.08372020128068,0.4490962650318219,0.4275571867697394,2.380961877058975,-1.0354367165780245,2.0454413114777474,0.5904522613065326,398,10.61531044768107,10.166214182649243,2.857939095515437,1.5576447971956,5.021296674325647,-0.2180776702515174,4.722315075300939,0.7185929648241206,398,34.76167826979905,31.903739174283608,-3.3653737493672846,-1.1651883394041036,8.821052961467625,-4.05154258554958,0.8799487370777488,0.3668341708542713,398,29.11468988713797,32.48006363650526,-16.737646030466873,-2.099163915977911,56.3335929934208,-7.885656582922564,1.2294747737834726,0.3492462311557789,398,45.052163253328224,61.78980928379509,0.01835586212158,0.0002456080443851,0.3989251765354147,-0.2258603080895653,0.2698902476088154,0.5,398,21.24029737959031,21.22194151746873,6.940168857620509,6.464545885762817,9.744182245294413,0.4695885528747254,12.96540494282973,0.7663316582914573,398,52.36683531268178,45.42666645506129,-6.164402325373563,-5.787944105862067,11.193690288049238,-13.33333333333334,1.6171835357399562,0.2889447236180904,398,31.194528434732444,37.35893076010601,2.2784272233285585,1.8742935590658547,9.196210502884451,-3.0539288680060075,7.65945322793149,0.5833333333333334,396,45.92210060104567,43.64367337771712
shared_not_private,random_a0.5,398,5.0,140.28140703517587,-0.0247913164846756,-0.0070787175225994,4.067585451967613,-2.312246859349914,2.4579712783297065,0.4974874371859296,398,42.04516204044818,42.06995335693286,0.0128938367709891,0.0,3.884229504319237,-2.089460784313733,2.3771121351766524,0.4849246231155779,398,40.7914747410149,40.77858090424391,-0.318316969545301,-0.2310712952194222,5.382102257420221,-2.375881202554865,1.7988120470824782,0.4798994974874372,398,74.18399991039993,74.50231687994523,0.2492134887132111,0.2717233332852657,4.541690120166613,-2.7475033063316445,3.182147214907639,0.5276381909547738,398,57.71927857812539,57.47006508941217,0.0777943560278441,0.0,1.146537090088698,-0.6666666666666785,0.7619276529263281,0.4974874371859296,398,97.16151455730852,97.08372020128068,0.026109889673195,0.0096819408215598,2.204231742453651,-1.318972611893698,1.4011926903787817,0.507537688442211,398,10.19232407232244,10.166214182649243,-0.0509012061578708,0.0491186365926648,2.8276110517111297,-1.4559973250732003,1.3298089771980637,0.5175879396984925,398,31.85283796812574,31.903739174283608,0.1790498702129334,0.2254512155772037,6.140742255287947,-2.2655461767523786,2.215378614525915,0.5150753768844221,398,32.65911350671819,32.48006363650526,0.4696520043638168,0.0473235262621685,31.992452554320487,-3.896808035855507,3.8739256449318376,0.5025125628140703,398,62.2594612881589,61.78980928379509,-0.008834273309787,-0.0134498705409402,0.4154722697414182,-0.2425288575043387,0.2191336999086224,0.4547738693467337,398,21.21310724415894,21.22194151746873,0.1368260379592231,0.1566715645663059,6.280170964404028,-3.4906080532341277,3.9699923976442095,0.5150753768844221,398,45.563492493020505,45.42666645506129,-0.8150252366471924,-0.7689456137732016,7.952077778950507,-5.685071082442795,4.133165079845563,0.4497487437185929,398,36.54390552345881,37.35893076010601,0.3234238558204136,0.4406157760674603,8.188517057606745,-4.5878907567983145,5.032604580293654,0.5252525252525253,396,43.96709723353752,43.64367337771712
shared_not_private,random_a1.0,398,5.0,140.28140703517587,0.0247805934131339,0.137640336541569,4.349003532324386,-2.9134559715089576,3.037948106017973,0.5050251256281407,398,42.09473395034599,42.06995335693286,0.0115376948363268,0.0366300366300365,4.178750150563248,-2.612969572318672,2.738152035623413,0.5,398,40.790118599080245,40.77858090424391,-0.4340540472498324,-0.1549460818731844,6.093838174275306,-2.323535909859068,2.0854796233387347,0.4648241206030151,398,74.06826283269538,74.50231687994523,0.3722782642694759,0.3992542827313947,5.0616294862106415,-2.569312401995445,3.423107959737574,0.5477386934673367,398,57.84234335368165,57.47006508941217,-0.0055167920300145,0.0,1.1739666000811646,-0.6700223713646594,0.6973851671873206,0.4849246231155779,398,97.07820340925063,97.08372020128068,0.0572974165711804,-0.0381957437481643,2.192525814413915,-1.2931159409450466,1.3973754347293754,0.4824120603015075,398,10.223511599220426,10.166214182649243,-0.0325168231580467,0.0090063860245841,3.0987716954607536,-1.704105711999742,1.619487365240004,0.5025125628140703,398,31.871222351125567,31.903739174283608,0.378067192766722,0.0680445160522502,6.898320504521759,-2.237022912525088,2.6581958375853523,0.507537688442211,398,32.85813082927198,32.48006363650526,1.6292069207916868,-0.0090902184640384,34.100112319161795,-4.0663910861680055,4.237420035887732,0.5,398,63.419016204586775,61.78980928379509,0.0143225400546739,0.0,0.4057992595610053,-0.2078623077226815,0.2602480555125628,0.4874371859296482,398,21.236264057523407,21.22194151746873,0.1742135268624696,0.0156747631065421,6.528095273480504,-3.9019173258337343,4.2846682817511255,0.5025125628140703,398,45.60087998192375,45.42666645506129,-0.3297814524473539,-0.1251412576713768,7.271195642026555,-4.899868247694332,4.108464927807709,0.4824120603015075,398,37.02914930765865,37.35893076010601,0.1276117588272165,0.0714285714285658,8.527113512980536,-4.102323440659303,5.062576153823295,0.5025252525252525,396,43.77128513654432,43.64367337771712
shared_not_private,random_a1.0_L24,398,5.0,140.28140703517587,-0.3677120024262771,-0.2600987862462389,4.423489819209123,-2.7132579109681565,1.976546180248281,0.4673366834170854,398,41.702241354506576,42.06995335693286,-0.3330594318343234,-0.0969441517386684,4.232792043845317,-2.533615705257498,1.9089743589743584,0.4748743718592965,398,40.44552147240958,40.77858090424391,-0.6902412403301695,-0.2413911144681293,6.427242578835325,-2.300787531461417,1.756553671712652,0.4698492462311557,398,73.81207563961506,74.50231687994523,0.1498650983898623,0.1387518128356326,4.899030612086595,-2.70655152924507,3.015588095513035,0.5150753768844221,398,57.61993018780205,57.47006508941217,0.072334374890366,0.1208640962537614,1.1928101270137024,-0.6364371650995828,0.86800125117297,0.5201005025125628,398,97.15605457617104,97.08372020128068,-0.1395951269785344,-0.277924287002965,2.196135102246016,-1.5734332709795344,1.256140217680172,0.4497487437185929,398,10.026619055670707,10.166214182649243,-0.2281168754477426,-0.0880113863518339,3.231986557476527,-1.6784908068358275,1.433532975260917,0.4798994974874372,398,31.675622298835865,31.903739174283608,0.6150005124119636,0.178776852135206,7.231577321070796,-1.8676203021020443,2.5279061496742017,0.5226130653266332,398,33.095064148917224,32.48006363650526,3.696668599459631,0.2116806487193727,36.86459251926168,-3.321300609766875,3.890197234332999,0.5125628140703518,398,65.48647788325472,61.78980928379509,-0.0106564425566441,0.0024481223073067,0.4346296790886036,-0.2381373913940807,0.2240421045069838,0.5050251256281407,398,21.21128507491209,21.22194151746873,-0.1052947130559973,-0.3991739433007542,6.771563192091721,-4.320944879928256,3.897525088240922,0.4748743718592965,398,45.32137174200529,45.42666645506129,-1.2497624198013022,-0.9367133730042988,7.681166276821176,-5.567091609371017,3.1954364498565635,0.4195979899497487,398,36.10916834030471,37.35893076010601,0.0164510388858363,0.1123814560789355,8.192793047736673,-4.722985347985352,4.758317715087964,0.51010101010101,396,43.66012441660294,43.64367337771712
shared_not_private,random_a2.0,398,5.0,140.28140703517587,-0.1784298674919746,-0.1769185779802455,4.419955563536991,-2.614462718524773,2.3585727472799807,0.4924623115577889,398,41.89152348944088,42.06995335693286,-0.1532189980527218,-0.1052631578947398,4.281492318520344,-2.419561903233572,2.2934427716306924,0.4949748743718593,398,40.62536190619119,40.77858090424391,-0.3715425674664353,-0.1494103482952837,6.061329951058401,-2.150862378539223,1.688764364634224,0.4773869346733668,398,74.13077431247879,74.50231687994523,-0.0363521294725703,0.0341432611941563,4.6110259841542325,-2.984100331904015,2.7813239648784425,0.5025125628140703,398,57.4337129599396,57.47006508941217,0.0517043355691684,0.1055416318574202,1.2803143095287146,-0.6666666666666572,0.8791273584905746,0.507537688442211,398,97.13542453684984,97.08372020128068,0.0133500101758833,-0.0152496626180829,2.309966925855893,-1.499110698875156,1.4885735387450385,0.4974874371859296,398,10.17956419282513,10.166214182649243,-0.1917798776678578,-0.0695868536380732,3.165529968033728,-1.6519609515442983,1.4799416164878538,0.4874371859296482,398,31.711959296615756,31.903739174283608,0.2844289298239059,0.1819467263815255,6.588229997782986,-1.7633405219701466,2.1296373092155703,0.5226130653266332,398,32.76449256632917,32.48006363650526,0.9871896220207174,0.2514450007911275,30.60474143045288,-3.150600383350307,3.737033546334112,0.5201005025125628,398,62.77699890581581,61.78980928379509,-0.000372239074914,0.0,0.400703261210636,-0.2193877417541174,0.2609957954271262,0.4773869346733668,398,21.22156927839382,21.22194151746873,-0.4173991155005209,0.0385157252987298,7.149002838072027,-4.415324303482207,4.2990895201769845,0.507537688442211,398,45.009267339560765,45.42666645506129,0.0255261056250147,0.0033115132845615,8.257798018103498,-4.724442827028705,4.486877633936458,0.5,398,37.38445686573103,37.35893076010601,0.1185794318491145,0.0,8.627790645084396,-4.578178400546821,5.00744724411752,0.494949494949495,396,43.76225280956621,43.64367337771712
