gene,condition,sample,gc1,gc2,gc3,n_codons,syn_per_100,nonsyn_per_100,frac_diff_syn,syn_site_frac,pS,pN,pN_over_pS
ENSG00000003393,add_a0.5,2.0,57.71771771771771,49.54954954954955,67.65060240963855,304.2,8.02265494012957,27.028319458973147,0.2289748230525333,0.267080790454996,0.1000828062590098,0.1229456177373429,1.243508181470362
ENSG00000003393,add_a1.0,2.0,58.258258258258266,54.05405405405405,71.92771084337349,311.0,8.888240014121049,24.807262586854456,0.2652210884353742,0.2664549082899531,0.1111789592399864,0.1127233274398536,1.0564203682577775
ENSG00000003393,add_a2.0,2.0,79.15915915915916,72.67267267267268,85.48192771084338,314.4,7.521412808283912,27.065601931709978,0.2200383698435867,0.2674787388111516,0.0937025836525492,0.1231890736594577,1.3484119325286117
ENSG00000003393,add_a3.0,2.0,80.66066066066067,72.01201201201201,87.34939759036145,312.0,8.02091296542062,31.60221654926112,0.2012000006269582,0.2676636370745106,0.0999222044878245,0.1438476510242053,1.5256140485310257
ENSG00000003393,add_a4.0,2.0,77.5975975975976,75.85585585585586,87.53012048192771,310.0,8.908772559118844,30.786405094434663,0.224811327057839,0.2673220962175645,0.1110523735250156,0.1400620621871227,1.2726127015509403
ENSG00000003393,add_gc_removed_a1.0,2.0,40.36036036036036,36.81681681681682,39.51807228915662,299.2,8.636980737789106,20.556397356578387,0.2948705544505878,0.2688230721126414,0.1068864730984151,0.0936819145232503,0.927636245528352
ENSG00000003393,add_own,2.0,69.12912912912913,61.92192192192192,80.96385542168676,309.4,8.533697481525772,28.43833919155432,0.2310389228939998,0.2678293473722762,0.1061838645251143,0.1294682220447021,1.2244883964325064
ENSG00000003393,random_a1.0,2.0,46.12612612612613,47.327327327327325,47.53012048192771,305.0,7.730623163551431,22.281219838485296,0.2562538801471488,0.2652787290934515,0.0971910884669326,0.1010843043285839,1.0549355142993078
ENSG00000003393,unsteered,2.0,43.3033033033033,42.52252252252252,44.21686746987952,299.4,7.873281244128085,21.99548791466385,0.269527788116278,0.2686995438445623,0.0977022164634083,0.1002891075346276,1.0524111494929649
ENSG00000004534,add_a0.5,2.0,54.83483483483484,59.93993993993994,33.91566265060241,300.4,7.225681097275549,25.60324625572013,0.2197600240685624,0.2217674076013883,0.1084650387701363,0.1096555598303996,1.057025905667426
ENSG00000004534,add_a1.0,2.0,60.42042042042042,47.14714714714715,56.14457831325301,300.6,7.434515663495818,25.374969648544987,0.2269634546489907,0.2219401142080514,0.1117092029817783,0.1087108000149144,0.9961518298169922
ENSG00000004534,add_a2.0,2.0,85.70570570570571,78.07807807807808,84.33734939759036,312.6,9.081671967574035,21.88101365592165,0.2930144332616819,0.2219282392328049,0.1362303350886448,0.0937357784500901,0.7269462993625209
ENSG00000004534,add_a3.0,2.0,86.96696696696696,84.98498498498499,87.7710843373494,316.8,10.440890757763968,17.848927210037793,0.368288493732945,0.2222287502316796,0.1566069088297473,0.0764880371176228,0.5371252274633955
ENSG00000004534,add_a4.0,2.0,90.2102102102102,85.1051051051051,90.96385542168676,313.2,10.548127121643065,18.89919404288552,0.3575508478981078,0.2224304176902696,0.158064622711722,0.0810196202051068,0.5231066334524164
ENSG00000004534,add_gc_removed_a1.0,2.0,47.327327327327325,49.969969969969966,29.397590361445783,303.0,7.524157964133283,25.21508215780172,0.228710237526046,0.2193649512750738,0.1145609636111337,0.1076407372706332,0.973731579182156
ENSG00000004534,add_own,2.0,66.12612612612614,59.81981981981983,42.71084337349397,305.6,8.580712578458236,24.640899556355883,0.2578303079176696,0.2225871274067031,0.1285867448954417,0.1056559967287788,0.838626233095715
ENSG00000004534,random_a1.0,2.0,44.8048048048048,37.05705705705706,22.650602409638555,306.4,6.4980613147034685,21.21929705851865,0.2398905648267009,0.2217705637776753,0.0975927618111494,0.0908790555739771,0.9361495644700109
ENSG00000004534,unsteered,2.0,53.93393393393394,46.60660660660661,32.77108433734939,297.2,6.93496292535985,25.93764173169123,0.2111413152913696,0.2213976062210516,0.1043681312041179,0.1110403931606261,1.0730805541329904
ENSG00000005175,add_a0.5,2.0,55.79579579579579,35.73573573573574,24.63855421686747,299.2,6.208541862399343,26.79558762149488,0.1889666954100168,0.2058891418392343,0.1005728266013317,0.1124751263780449,1.2131235259349211
ENSG00000005175,add_a1.0,2.0,41.2012012012012,43.6036036036036,41.98795180722892,295.2,6.771737631722648,27.429501598493523,0.198935810076046,0.2086607551290813,0.1082240471383993,0.1155372956672875,1.0890224076633146
ENSG00000005175,add_a2.0,2.0,58.07807807807808,47.627627627627625,62.46987951807229,308.2,8.901753761120009,24.135300702147145,0.2708497363213754,0.2064846654134066,0.1436861623667583,0.101363743829645,0.7108315813163971
ENSG00000005175,add_a3.0,2.0,70.3903903903904,68.70870870870871,78.43373493975903,312.4,7.923794835763809,21.57953382194909,0.266895052546858,0.2062987228979667,0.1282109941794245,0.090629958633262,0.7671261415841665
ENSG00000005175,add_a4.0,2.0,84.32432432432432,83.84384384384384,87.65060240963855,315.0,8.059425523444315,16.684239759346802,0.3321859348403754,0.2073657507210071,0.1295738826432289,0.0702048353556313,0.5511642723340591
ENSG00000005175,add_gc_removed_a1.0,2.0,39.93993993993994,34.95495495495495,23.554216867469883,291.0,6.597114856008808,28.112607028105003,0.1898525817426012,0.208563611581776,0.1054908009729048,0.1184184477725958,1.1457955544406413
ENSG00000005175,add_own,2.0,47.74774774774775,42.16216216216216,40.8433734939759,299.4,6.872079589824909,26.484608441491087,0.2051474778590681,0.2052781617380715,0.1114434994196684,0.1110694951418343,1.098624568987999
ENSG00000005175,random_a1.0,2.0,48.16816816816817,33.3933933933934,20.903614457831324,296.6,7.6680258755900415,28.821282321649857,0.2107932464197738,0.2074955524349179,0.1233460670892499,0.1212382728613096,1.0391624448682664
ENSG00000005175,unsteered,2.0,39.27927927927928,35.13513513513514,19.93975903614458,293.8,6.460724747067947,29.31041621127442,0.1799747899159663,0.2058951238628067,0.104562573128066,0.1230400747072403,1.1893760383803067
ENSG00000007908,add_a0.5,2.0,49.729729729729726,49.36936936936937,69.33734939759036,318.0,20.36297910351357,17.184724107872718,0.5372073815823952,0.2109533106082196,0.3214751273171465,0.0726007243087272,0.2530532259257142
ENSG00000007908,add_a1.0,2.0,55.85585585585586,48.82882882882883,79.33734939759037,318.2,19.6948909752248,16.311640600616236,0.5338863718823118,0.2123425581463006,0.3096506882384536,0.0690386996481078,0.264604689964419
ENSG00000007908,add_a2.0,2.0,63.72372372372372,59.33933933933933,87.10843373493977,315.8,16.48176696410258,18.83097853467914,0.4622250858238245,0.210383510413744,0.2608975686216543,0.0794853772234904,0.3241765598149702
ENSG00000007908,add_a3.0,2.0,76.3963963963964,70.99099099099098,86.74698795180723,315.0,9.651504936996616,23.69731237792348,0.2901633106072617,0.2124935101869006,0.1513704794953706,0.1003039557302771,0.6850058625072621
ENSG00000007908,add_a4.0,2.0,81.02102102102103,76.03603603603604,92.16867469879516,315.0,9.522209467850065,24.5151692030496,0.2800823073205759,0.2118497000611784,0.149816527475569,0.1036807423295015,0.732403354851243
ENSG00000007908,add_gc_removed_a1.0,2.0,40.78078078078078,38.13813813813814,39.21686746987952,302.2,12.966663319539364,21.705048220169097,0.3632875490418762,0.2116401997325901,0.2044159585473162,0.0917916377353318,0.6836865702830626
ENSG00000007908,add_own,2.0,45.28528528528528,46.06606606606607,60.12048192771084,317.2,19.867586574248,15.199244090668168,0.5511030467490872,0.2109764995639348,0.3134653538626598,0.0642031034542999,0.2428182922971446
ENSG00000007908,random_a1.0,2.0,48.588588588588586,47.38738738738739,64.81927710843374,326.8,23.43709921706808,15.789533401244176,0.5971588316373617,0.2114111327334726,0.3695037788018427,0.0667422060439045,0.181529826613892
ENSG00000007908,unsteered,2.0,44.14414414414414,44.14414414414414,51.74698795180723,307.2,16.60880164644817,19.69032067957753,0.4494683171046918,0.2134207778376819,0.2596456456326883,0.0834628439608911,0.3739733932501521
ENSG00000008952,add_a0.5,2.0,46.72672672672672,30.69069069069069,43.73493975903615,305.0,7.38373063014059,24.48814002524476,0.2276007756611204,0.2072218964773725,0.1186988499745372,0.1029636991191616,0.9779228257123984
ENSG00000008952,add_a1.0,2.0,54.8948948948949,33.51351351351352,58.13253012048192,300.0,7.612378548894616,26.377610351122108,0.2209640939496655,0.2069435562205561,0.1227546267854113,0.1108762997412766,0.9926725686335088
ENSG00000008952,add_a2.0,2.0,60.78078078078077,47.807807807807805,63.73493975903615,307.0,6.981690301908936,22.402905002455064,0.2395098453757824,0.2070788932902443,0.1123983773502454,0.094182767421195,0.8495723204926362
ENSG00000008952,add_a3.0,2.0,75.13513513513513,62.34234234234234,86.98795180722891,316.2,7.345384099542993,22.27626992486036,0.2485014953315983,0.2068287505557165,0.1184345721273278,0.0936338628007864,0.8023025811391316
ENSG00000008952,add_a4.0,2.0,83.6036036036036,74.53453453453453,90.12048192771086,316.0,7.150063159688608,21.97502213451176,0.2494655295185855,0.2063189153291031,0.1154665858298774,0.0922726425295665,0.8136689981606533
ENSG00000008952,add_gc_removed_a1.0,2.0,39.0990990990991,32.07207207207207,30.72289156626506,295.2,6.838779339557982,25.30424152537612,0.2116160569980603,0.2069486069028777,0.1101458999844641,0.1063637127682997,0.9801298737613235
ENSG00000008952,add_own,2.0,66.42642642642643,50.39039039039039,74.93975903614458,314.0,7.440259262005858,23.503647973850992,0.2386616320148124,0.2061653929512437,0.1203337954818996,0.0986933692446148,0.8460399210876309
ENSG00000008952,random_a1.0,2.0,38.13813813813814,33.453453453453456,36.20481927710844,302.0,7.545411226704539,23.134265607597047,0.2449267226866676,0.2060344565229157,0.1221204610164785,0.0971283640796032,0.8275965776417822
ENSG00000008952,unsteered,2.0,61.74174174174175,27.147147147147148,56.38554216867469,309.2,6.157925007870487,25.745978114350457,0.1928257411081513,0.2069183156750269,0.0991301761412647,0.1082049674717523,1.12142154231378
ENSG00000010292,add_a0.5,2.0,46.96696696696697,35.1951951951952,53.373493975903614,300.8,8.40450000796987,25.934517546908587,0.2444439000210264,0.2556828984726578,0.1096483402429868,0.1161456742592104,1.178523646337911
ENSG00000010292,add_a1.0,2.0,57.23723723723724,42.22222222222222,40.18072289156627,305.0,9.665264610179346,22.27249954062407,0.3020290476591625,0.2556177211030356,0.1260481891023059,0.0997195682484403,0.8165605293551852
ENSG00000010292,add_a2.0,2.0,73.81381381381382,58.798798798798806,80.72289156626506,311.4,7.325577603027812,26.519538997330663,0.2137209977246998,0.2556935896996398,0.0954267436426363,0.1187794080106916,1.3316354104646544
ENSG00000010292,add_a3.0,2.0,78.25825825825825,57.47747747747748,87.7710843373494,311.0,7.215543595592711,30.27312175317704,0.1932915530627714,0.2575270319194944,0.0933279443749652,0.1359004512176027,1.5205142518887798
ENSG00000010292,add_a4.0,2.0,84.02402402402403,63.54354354354355,93.3132530120482,311.0,6.6124323077890965,31.97169616942228,0.1704250543387677,0.2563139630673919,0.086045559835765,0.1433023340678991,1.8273608498459004
ENSG00000010292,add_gc_removed_a1.0,2.0,52.13213213213213,33.453453453453456,38.55421686746988,302.2,10.045221704605314,21.25196310258016,0.3212348435369634,0.2566260640962131,0.1304332677312269,0.0952821376323855,0.7540535707461409
ENSG00000010292,add_own,2.0,50.71077101197583,37.77777777777778,56.08433734939759,302.6,8.132851936906228,23.25982328022454,0.2647697061316109,0.2577124114950266,0.1052213255639158,0.1044131572224975,0.997960652713384
ENSG00000010292,random_a1.0,2.0,47.627627627627625,35.97597597597598,40.5421686746988,303.8,8.239435957214216,21.582175500947287,0.2774683166296069,0.2571787347719955,0.1068387026278239,0.0968545981275703,0.9245486146322032
ENSG00000010292,unsteered,2.0,45.34534534534534,37.23723723723724,39.27710843373494,298.8,8.898389084978046,21.122016902128543,0.2984088840976988,0.2583536215657611,0.1147286670618937,0.0948958765719107,0.8775556279634508
ENSG00000012171,add_a0.5,2.0,74.65465465465465,55.01501501501501,84.27710843373494,309.8,6.594584590473647,28.8604713270248,0.1854984806386675,0.2322036173643647,0.0945806098026996,0.1252929471772919,1.3660850735409205
ENSG00000012171,add_a1.0,2.0,75.97597597597597,54.97268352690039,79.03614457831324,307.2,5.471126072148143,27.317778654247327,0.1680253660194571,0.2339608480599943,0.0779925579055757,0.1188807940455572,1.6218812508060676
ENSG00000012171,add_a2.0,2.0,88.16816816816817,69.72972972972973,91.02409638554217,316.2,6.254179542511997,25.563925931570324,0.1967962009724383,0.2311403849841485,0.0901094837322717,0.1108233690942741,1.290165955550672
ENSG00000012171,add_a3.0,2.0,88.52852852852854,77.83783783783784,90.90361445783132,310.4,6.060259405268694,26.806335901416546,0.1836569289972196,0.2328049965969781,0.0868302911502035,0.1164640411111961,1.3732768278976786
ENSG00000012171,add_a4.0,2.0,85.46546546546547,79.63963963963964,92.289156626506,316.6,8.08424458455272,27.225527170780985,0.2290100390520125,0.232966416334945,0.1156722398356772,0.1183179550523493,1.0301732035977147
ENSG00000012171,add_gc_removed_a1.0,2.0,60.84084084084084,51.59159159159159,71.92771084337349,307.8,5.0711272438513895,26.3075409151508,0.162894801827386,0.2329089951056039,0.072526650667518,0.1143296453364025,1.612836633275053
ENSG00000012171,add_own,2.0,80.54054054054055,62.34234234234234,82.04819277108433,313.6,6.44043897403683,28.44630853818734,0.1842428543899132,0.2333487457787292,0.092077552272197,0.1236765286034193,1.3830108531206702
ENSG00000012171,random_a1.0,2.0,75.91591591591592,57.65765765765766,93.25301204819276,308.6,7.338879494838286,27.239446066239072,0.2110596275594281,0.2324569754273491,0.1051996898436827,0.1183009175573144,1.1661331728141566
ENSG00000012171,unsteered,2.0,69.12912912912913,60.0,82.40963855421687,309.4,6.062672227902461,27.73846918548617,0.1773503333806213,0.2307653096340972,0.0876168374129515,0.1202061872755529,1.4797305917067134
ENSG00000012232,add_a0.5,2.0,76.87687687687688,55.07507507507508,93.79518072289156,317.0,7.515691546238019,30.976641507415145,0.1952286575445959,0.2693384474837572,0.0930116931581921,0.1413170166212822,1.5928180981099218
ENSG00000012232,add_a1.0,2.0,68.64864864864865,47.50750750750751,97.7710843373494,316.4,9.127180750525724,24.805896285344364,0.2631862951630394,0.2685124878325918,0.1133062450457936,0.1130497523101558,1.2003378610563138
ENSG00000012232,add_a2.0,2.0,73.49849849849849,48.22822822822823,95.42168674698796,316.2,8.584955583657292,28.63065604437067,0.2378545059355088,0.268900017787655,0.106539766918367,0.1305701436470757,1.3551045643219894
ENSG00000012232,add_a3.0,2.0,78.43843843843844,66.72672672672672,90.72289156626506,316.8,8.39670093406682,30.061192028444168,0.2197571782630207,0.2699144367551858,0.1036755008514079,0.1372724566761099,1.319434220997214
ENSG00000012232,add_a4.0,2.0,83.84384384384384,73.45345345345345,91.144578313253,316.0,7.283330817579468,32.96806821778591,0.1801103918179048,0.270609050321419,0.0897138402772695,0.1506655161250716,1.7530044676253804
ENSG00000012232,add_gc_removed_a1.0,2.0,57.297297297297305,38.55855855855856,87.04819277108433,317.4,10.536603316935562,22.50850294009636,0.3298997590205716,0.2698862915774067,0.1302519790686682,0.1028130636679549,0.867137752290847
ENSG00000012232,add_own,2.0,70.33033033033033,45.88588588588589,98.49397590361446,318.2,8.339549676100276,26.16490176598477,0.2504562318568313,0.2687906550229787,0.1033735992761571,0.1192573436554849,1.2013190517511392
ENSG00000012232,random_a1.0,2.0,67.56756756756758,48.19693187163067,80.48192771084338,317.8,8.35842310384243,27.114559644244338,0.2396145577704693,0.2695707918064261,0.1033593527483767,0.1237619690719728,1.3059149223350783
ENSG00000012232,unsteered,2.0,69.9099099099099,53.93393393393394,92.83132530120484,319.4,9.058100909795842,24.12160102997396,0.2845884439891099,0.2689787291137483,0.1122523102689694,0.1099914295631125,1.056003665559896
ENSG00000014138,add_a0.5,2.0,55.01501501501501,42.16216216216216,41.14457831325301,297.0,6.535061774427698,23.429362697415904,0.2177177128428238,0.2437829307807644,0.0893894971225209,0.1032776199397295,1.1988557829624384
ENSG00000014138,add_a1.0,2.0,53.03303303303303,41.2012012012012,50.72289156626506,298.4,7.54186957531501,23.937487818592395,0.2388845032864864,0.2428007558469574,0.1035391364649457,0.1053795250807848,1.0643078506624208
ENSG00000014138,add_a2.0,2.0,72.25225225225225,47.44744744744745,88.3132530120482,309.8,6.6059987164657485,27.903443787774684,0.1879205731025924,0.241816842164074,0.0910696976114489,0.1226769075257535,1.490718011074398
ENSG00000014138,add_a3.0,2.0,77.53753753753753,60.24024024024025,85.78313253012047,310.6,8.176615351288001,24.38793872675756,0.2498850096352408,0.244190951806259,0.1115619217557303,0.1075621173767513,0.9847298251783266
ENSG00000014138,add_a4.0,2.0,87.14714714714714,77.89789789789789,93.3734939759036,314.0,7.968558463050762,26.451661843979583,0.2322974226522398,0.2423944034718654,0.10955768653366,0.1163811051042671,1.0853590873930936
ENSG00000014138,add_gc_removed_a1.0,2.0,52.55255255255256,30.81081081081081,44.09638554216868,297.0,7.820504199241741,23.448146014591195,0.2487269578897538,0.242259720637351,0.1077041718703515,0.103125691328823,0.9829792223285544
ENSG00000014138,add_own,2.0,73.09309309309309,49.42942942942943,65.0,305.4,8.30562910659998,26.982993917076698,0.2309160988869843,0.2438478361000081,0.1136057814517815,0.1189475007162873,1.1293684881932429
ENSG00000014138,random_a1.0,2.0,61.38138138138138,31.95195195195195,41.50602409638554,296.6,7.348574110034255,23.66809031747423,0.2394957181109205,0.2441761777639522,0.1002834322099981,0.1043742389630207,1.0677112685944363
ENSG00000014138,unsteered,2.0,52.1921921921922,37.8978978978979,42.46987951807229,299.2,7.710505868400605,23.688521517468885,0.2446143228174025,0.2433131547897634,0.1056260246552701,0.1043431249489911,1.0011896523925907
ENSG00000020426,add_a0.5,2.0,57.57142857142858,29.74910394265233,54.05017921146954,279.0,39.426523297491045,6.881720430107526,0.8509179463152167,0.222620469932298,0.5903398926654736,0.0295081967213114,0.0502923420917029
ENSG00000020426,add_a1.0,2.0,61.0,32.473118279569896,80.3584229390681,273.2,26.27536255130595,15.000436670778589,0.6185288955835255,0.222308506883926,0.3941447652715403,0.064305320247912,0.2478617814363896
ENSG00000020426,add_a2.0,2.0,71.5,49.60573476702509,95.84229390681004,266.6,12.789697384044263,20.68806640951238,0.3792764640225176,0.2225512137330423,0.1912853903301921,0.0886824091940318,0.549488719955724
ENSG00000020426,add_a3.0,2.0,77.92857142857142,61.29032258064516,92.831541218638,265.0,9.900010776233112,22.84007755315012,0.2984515786323015,0.2226440476440477,0.1481647815167913,0.0979357846504301,0.7901311732605645
ENSG00000020426,add_a4.0,2.0,80.5,66.66666666666666,94.40860215053765,263.4,6.976166702025617,25.6150489241368,0.2158666713455576,0.2238324338467304,0.1038610181097933,0.1100253651916139,1.1315808055406138
ENSG00000020426,add_gc_removed_a1.0,2.0,51.42857142857142,29.390681003584227,48.45878136200717,269.6,30.55614801299361,11.872751915578425,0.6944508174927192,0.2228253338984727,0.4573448868945807,0.0509230223229223,0.1571245216024452
ENSG00000020426,add_own,2.0,69.57142857142857,38.63799283154122,89.6774193548387,268.8,17.964079381653203,18.70824667770799,0.4860346415586665,0.2213058158907932,0.2704736824986772,0.0800741227191663,0.3387800750349082
ENSG00000020426,random_a1.0,2.0,56.21428571428571,28.81720430107527,43.01075268817205,278.8,39.01884943657977,7.103736365746113,0.8436805299963195,0.222700692492601,0.5840671706388131,0.0304644808743169,0.0539844290244085
ENSG00000020426,unsteered,2.0,57.78571428571429,29.390681003584227,49.749103942652326,278.6,39.39935043929454,7.109713649832434,0.8450752502686045,0.2224605957613218,0.590268077521536,0.0304778604022308,0.0532237763893546
ENSG00000020922,add_a0.5,2.0,47.98798798798799,28.76876876876877,18.614457831325304,298.0,8.66797584512336,26.64178705927361,0.2430698718987329,0.2067007034282591,0.1399880695524194,0.1119337008158412,0.8559659344550947
ENSG00000020922,add_a1.0,2.0,51.291291291291294,29.72972972972973,22.53012048192771,300.6,8.80291139281685,26.948046829728327,0.2424728075502069,0.2070554696330968,0.1418710963566657,0.1132860398201966,0.8638490871667358
ENSG00000020922,add_a2.0,2.0,60.0,34.77477477477477,56.98795180722893,303.0,8.371783582570405,27.134456035978666,0.2380465449392188,0.2081361575634296,0.134013056235371,0.114213637329008,0.8766521226100842
ENSG00000020922,add_a3.0,2.0,69.30930930930931,44.50450450450451,66.26506024096386,309.0,8.474325150678817,22.98920568581276,0.2701304457030032,0.2071144899068633,0.1364437092852279,0.0966530370934446,0.7375263461293426
ENSG00000020922,add_a4.0,2.0,74.65465465465465,53.09309309309309,86.62650602409639,312.8,8.50840384642007,20.65301590708463,0.2912666223464351,0.2071462808640867,0.1369136733601128,0.0868258417196042,0.6609258127467823
ENSG00000020922,add_gc_removed_a1.0,2.0,41.38138138138138,25.765765765765764,7.168674698795181,295.4,7.630962401858324,26.54306871130048,0.2226971731260059,0.2082386458057053,0.1222679485161856,0.1117510178941389,0.9940520691870932
ENSG00000020922,add_own,2.0,47.86786786786787,26.066066066066064,13.313253012048191,296.0,7.760462787951229,25.77896900361584,0.2311149076384364,0.2074376337947502,0.1247849876847199,0.1084213714571705,0.8827790581414483
ENSG00000020922,random_a1.0,2.0,46.00600600600601,31.05105105105105,10.662650602409638,296.4,7.562840656315062,26.63097643576716,0.2214277168950231,0.2067969632516352,0.1219614342300702,0.1119254781489716,0.9227581006423756
ENSG00000020922,unsteered,2.0,45.825825825825824,26.186186186186188,12.289156626506024,298.8,8.903240586802031,25.99644572791064,0.2543629923191002,0.2083578655310534,0.142411750218044,0.1094519615334617,0.7769951111001063
ENSG00000021776,add_a0.5,2.0,59.51951951951952,36.6966966966967,68.07228915662651,312.2,13.487014128769776,20.182324199434746,0.3852795234032527,0.2221462469674677,0.2022323427259506,0.0864817701762382,0.6821191257020768
ENSG00000021776,add_a1.0,2.0,62.70270270270271,42.02521798907341,82.16867469879517,308.2,7.945266016111189,28.003511294535407,0.2213884110673662,0.2238243090540716,0.1182314941076695,0.120248930144841,1.089598640752773
ENSG00000021776,add_a2.0,2.0,66.96696696696696,44.86486486486486,91.92771084337348,315.4,10.12384114823671,23.814321631749976,0.2988613915072569,0.2238438685986695,0.1507367366904796,0.1022789249708662,0.9037101499010648
ENSG00000021776,add_a3.0,2.0,72.43243243243242,58.55855855855856,86.26506024096386,312.8,6.403256481851708,28.213229288621694,0.1816851909102548,0.2234440571924019,0.0953913796049523,0.121128971067238,1.43499662209888
ENSG00000021776,add_a4.0,2.0,81.56156156156156,67.14714714714714,89.33734939759037,313.4,6.253221749385817,29.933504694372715,0.1737963058556544,0.2227890459121995,0.0936439922596286,0.1283983532967839,1.4841002125633227
ENSG00000021776,add_gc_removed_a1.0,2.0,48.528528528528525,33.15315315315316,50.60240963855422,316.0,22.310259554465773,17.682119748745116,0.5320638067278878,0.2233517341111678,0.3332727489469244,0.0759060799673721,0.3241181527493488
ENSG00000021776,add_own,2.0,62.22222222222221,40.9009009009009,77.7710843373494,316.0,10.91428741497277,24.426633092731247,0.3107718302405339,0.2222371966151293,0.1638389495212013,0.1046966342773672,0.6851492154967512
ENSG00000021776,random_a1.0,2.0,50.330330330330334,29.849849849849853,37.04819277108434,317.8,26.89105079529128,14.451162299437396,0.5926455893832944,0.2218567897139886,0.4029457518140592,0.0618717589862094,0.3403834692930749
ENSG00000021776,unsteered,2.0,43.78378378378379,35.82799667137017,45.42168674698795,300.0,11.790012530676387,21.53858736767421,0.3516632921827781,0.2234874141067437,0.1761019884837243,0.0924692257074762,0.5537190811042852
ENSG00000022567,add_a0.5,2.0,73.51351351351352,53.63363363363364,79.63855421686746,309.0,5.696026194739465,27.585335115895937,0.1720127591706539,0.2368929695305034,0.080139599171368,0.1204746044606645,1.5131403703629211
ENSG00000022567,add_a1.0,2.0,73.93393393393393,61.08108108108108,73.07228915662651,308.0,8.1848684798496,27.300528775795364,0.2305100426768927,0.2368846021868973,0.1151820523447777,0.1192682640421001,1.0915338922122633
ENSG00000022567,add_a2.0,2.0,83.78378378378378,63.12312312312313,83.79518072289156,311.8,5.775036432126683,27.384277571297947,0.1742721953946994,0.2370412807243082,0.0812513834742739,0.1196427353615431,1.4861664592331023
ENSG00000022567,add_a3.0,2.0,81.74174174174173,69.24924924924925,90.24096385542168,312.0,5.890293327556055,27.921563940946392,0.1752313340102297,0.2361277536766668,0.0831789619680233,0.121863496228429,1.5916051360759147
ENSG00000022567,add_a4.0,2.0,88.34834834834835,78.13813813813815,93.01204819277108,315.0,6.046676743433527,26.80837424000763,0.1833975434858748,0.2374809669265467,0.084800347267014,0.117193786413616,1.4501358191836788
ENSG00000022567,add_gc_removed_a1.0,2.0,58.01801801801802,49.969969969969966,73.79518072289156,307.2,7.883153451674727,28.09346818558217,0.2208265713289294,0.2359740667048692,0.1113556160023464,0.1225758141829145,1.129323426161978
ENSG00000022567,add_own,2.0,64.68468468468468,42.34234234234234,80.24096385542168,307.8,6.771787658329844,25.209157540714635,0.2126191882882785,0.2368216785846342,0.0952744490109775,0.1101107980122901,1.1801049476062733
ENSG00000022567,random_a1.0,2.0,65.44086254929628,49.609609609609606,75.66265060240964,309.2,6.798970874838799,25.57635289328105,0.2089587005317787,0.2363035843359269,0.0958848473932552,0.1116338426774627,1.2016367516034954
ENSG00000022567,unsteered,2.0,70.63063063063063,45.825825825825824,80.0,309.0,6.741242135505592,28.750205178277906,0.1891318146656486,0.2345200778913755,0.0958056401861593,0.125199495781098,1.331891023921073
ENSG00000023318,add_a0.5,2.0,52.1921921921922,49.30930930930931,47.53012048192771,302.6,6.52902012902013,25.468867268867267,0.2053313553578465,0.2038409338409342,0.1067558181748452,0.1066110018782469,1.017426272974158
ENSG00000023318,add_a1.0,2.0,55.43543543543544,59.03903903903904,53.73493975903614,304.8,6.420423272327119,23.64371027306071,0.2189601326249957,0.2033431720016406,0.105279907023677,0.0989336880066016,0.9567558688302654
ENSG00000023318,add_a2.0,2.0,79.81981981981981,76.45645645645645,79.87951807228916,315.6,7.547093720759969,18.46670312058843,0.2932892741744054,0.2048309308549834,0.1227889437928343,0.0773988257993626,0.6453203646550314
ENSG00000023318,add_a3.0,2.0,71.77177177177177,69.72972972972973,70.90361445783132,312.6,6.5855807822991945,21.63068798218954,0.2337444869858132,0.2034568706284936,0.1079423142405996,0.0905223690001669,0.8662021345294451
ENSG00000023318,add_a4.0,2.0,84.14414414414415,81.62162162162163,83.13253012048193,314.4,7.261261431532871,20.24400155552528,0.2623611762989764,0.203773573383831,0.1187588921274926,0.0847408610035146,0.734862548909401
ENSG00000023318,add_gc_removed_a1.0,2.0,47.627627627627625,48.40840840840841,47.28915662650603,298.4,6.180420530240635,26.734430628140803,0.1870247525408591,0.204049925304134,0.1009838185900744,0.1119626299455022,1.1883514091097631
ENSG00000023318,add_own,2.0,59.93993993993994,68.22822822822823,65.18072289156626,305.2,8.146834574369782,23.34902942702531,0.2575648538166218,0.2021916499245166,0.1343469579607009,0.0975532089028725,0.7380075548048114
ENSG00000023318,random_a1.0,2.0,47.44744744744745,52.67267267267268,56.86746987951807,305.2,5.889358641919002,25.07978905087306,0.190750829704318,0.2030941772322775,0.096762664295644,0.104908445486168,1.169563732977127
ENSG00000023318,unsteered,2.0,39.6996996996997,42.4024024024024,41.74698795180723,297.8,5.105015240128493,26.167001003430137,0.1660643262106617,0.2034593703892063,0.083616301386787,0.109513398441294,1.3852972963898444
ENSG00000023516,add_a0.5,2.0,52.01201201201201,43.06306306306307,50.90361445783133,301.6,7.1706134122367775,27.30962913077355,0.206098939538527,0.2271013691904587,0.1051506956849715,0.1177955664964098,1.2032184579380547
ENSG00000023516,add_a1.0,2.0,61.38138138138138,43.36336336336336,62.16867469879518,302.8,7.542836887317461,25.14431069240969,0.2314739780868099,0.2266207746768041,0.110968260769183,0.1083885848773653,0.9756116572141544
ENSG00000023516,add_a2.0,2.0,66.96696696696696,60.24024024024025,68.73493975903615,304.4,9.445858309367887,24.87970502292598,0.2756375241474439,0.2267275876583424,0.1388468614610839,0.1072366561575304,0.8010246765502662
ENSG00000023516,add_a3.0,2.0,77.41741741741741,69.7897897897898,80.12048192771084,313.2,6.338911200426074,21.115435946573665,0.2389651037538361,0.2272896162887579,0.0928613964860914,0.0910613965257289,1.0586552801266986
ENSG00000023516,add_a4.0,2.0,87.32732732732732,84.62462462462463,91.6265060240964,318.4,8.190368823218071,17.301649051158517,0.3198921635496908,0.2266767212646688,0.1205137707512228,0.0745681006664203,0.6347295054011491
ENSG00000023516,add_gc_removed_a1.0,2.0,44.2042042042042,35.1951951951952,37.10843373493976,292.6,7.56854482732123,26.13771153058265,0.2253007544496627,0.2263175717071997,0.1114516749157642,0.112599095924256,1.0466536110196083
ENSG00000023516,add_own,2.0,58.97897897897898,53.27327327327328,55.18072289156627,302.0,8.216008170833243,23.70655161577875,0.2586942720768824,0.2283272925857941,0.1199597113117282,0.102407323892163,0.8780823547939749
ENSG00000023516,random_a1.0,2.0,50.270270270270274,35.7957957957958,46.385542168674704,300.0,7.520433064559192,27.10881852108957,0.2182874281224319,0.2284423071725188,0.1097490102166035,0.1171198240838581,1.129735235939481
ENSG00000023516,unsteered,2.0,49.54954954954955,39.45945945945946,42.34939759036145,297.4,7.133111885024446,26.359613642351285,0.2095327758895121,0.2264705708000201,0.1050144814582219,0.1135907647173648,1.1910895100771464
ENSG00000034677,add_a0.5,2.0,35.07507507507508,31.95195195195195,27.951807228915666,299.0,11.69926503082596,19.944649105648647,0.3452246385429028,0.2162210171963709,0.1799118717805966,0.0848096813589346,0.7248299603365884
ENSG00000034677,add_a1.0,2.0,48.288288288288285,48.82882882882883,50.72289156626506,296.6,7.71453303181449,26.56268561820259,0.2240029142319706,0.2155713405354458,0.1189839234760293,0.1128747200414928,1.108848782965104
ENSG00000034677,add_a2.0,2.0,67.32732732732732,56.87687687687687,78.25301204819277,308.6,8.428560207509245,24.44875568185784,0.2565013764627674,0.2160648642434714,0.1300052806935728,0.1039658087834604,0.8060456935849734
ENSG00000034677,add_a3.0,2.0,85.46546546546547,81.2012012012012,90.8433734939759,315.6,8.998535027433608,19.287926465113,0.3181176111470229,0.2143809515546659,0.1399276799812041,0.0818297345867739,0.6071836629600489
ENSG00000034677,add_a4.0,2.0,82.7027027027027,69.48948948948949,91.98795180722892,315.8,7.661665113178577,21.47228599853869,0.2623776930837838,0.2156675113522682,0.1182473132488359,0.0912370932645073,0.8471210356427861
ENSG00000034677,add_gc_removed_a1.0,2.0,47.74774774774775,35.73573573573574,26.204819277108435,293.2,9.060246396147916,24.972822335692864,0.2658097353808329,0.2185835938777365,0.1381934048590504,0.1065320304437728,0.785527816260706
ENSG00000034677,add_own,2.0,53.87387387387387,48.70870870870871,59.51807228915662,301.0,7.45644222831682,25.475969081620057,0.2231827447190583,0.2154318702111899,0.1153773196860241,0.1082271786771361,1.0333199180016768
ENSG00000034677,random_a1.0,2.0,44.92492492492492,39.81981981981982,36.62650602409639,305.8,13.826750443625468,18.52241346127999,0.4035394322709982,0.2162076666371712,0.2135766359855809,0.0787910933006561,0.6012898395355296
ENSG00000034677,unsteered,2.0,41.74174174174174,39.15915915915916,34.45783132530121,293.8,8.44375680525118,23.938262854860376,0.2587887602847865,0.2169158203299814,0.1296981454368458,0.1018903428429975,0.8227139367704165
ENSG00000036257,add_a0.5,2.5,65.51551551551552,60.06006006006006,81.27510040160642,311.0,7.459944770318434,21.72550035424742,0.2579766400955181,0.2016080359713434,0.1234619754725488,0.0906913149015102,0.7526249889905001
ENSG00000036257,add_a1.0,2.5,64.01401401401401,46.8968968968969,81.22489959839358,310.0,7.529164884813319,25.384634756620912,0.2285293532810038,0.2014897278314777,0.1245549275808338,0.105977793867132,0.8564278628368296
ENSG00000036257,add_a2.0,2.5,72.17217217217217,52.052052052052055,89.20682730923694,311.0,7.126753280968704,21.41949447347164,0.2520769230641799,0.2014965498842686,0.1178693962919657,0.0894213976052625,0.7610572580321672
ENSG00000036257,add_a3.0,2.5,76.87687687687688,62.96296296296296,89.10642570281125,314.1666666666667,7.05637807683467,19.11221767159552,0.2691742818650825,0.2021153385746423,0.1163869962985097,0.0798374966946198,0.7143395048872222
ENSG00000036257,add_a4.0,2.5,78.87887887887888,61.36136136136136,93.72489959839358,315.1666666666667,6.929919275686845,19.93723783128195,0.2579286526683856,0.200712376793207,0.1150392223973942,0.0831405707172478,0.7415645097510298
ENSG00000036257,add_gc_removed_a1.0,2.5,50.45045045045045,43.39339339339339,65.71285140562249,303.8333333333333,6.936872430714203,24.958780436771857,0.2151974639983015,0.2016829634630044,0.1144992583418426,0.1042089553639253,1.0089383913235108
ENSG00000036257,add_own,2.5,59.30930930930932,44.84484484484485,69.6285140562249,305.8333333333333,7.47331834736089,24.403695061672536,0.2352387943180013,0.2023446070843898,0.1231622209304623,0.1019839583804179,0.845112567458214
ENSG00000036257,random_a1.0,2.5,58.95895895895896,41.64164164164164,75.40160642570281,304.5,6.444448060123267,28.16191557272394,0.188071392624023,0.202501978132594,0.1059412454524064,0.1177100194754185,1.1485723049858991
ENSG00000036257,unsteered,2.5,71.17117117117117,42.04204204204204,70.23092369477912,307.5,6.38133773929638,24.76255313849951,0.2074835314486273,0.2033191545837537,0.1047015508412416,0.1036196463248962,1.0374626182180482
ENSG00000040199,add_a0.5,2.0,53.09309309309309,46.18618618618618,52.46987951807229,300.4,7.647599082263649,27.268063099490995,0.2194316984171553,0.233404830781926,0.1092273130501485,0.1185638735034176,1.1044037460215437
ENSG00000040199,add_a1.0,2.0,58.13813813813814,52.61261261261261,59.81927710843373,301.2,8.445027603740208,24.675152192337496,0.2566367019931398,0.2349348474828629,0.1196210181215037,0.1074802500386143,0.9427278936082526
ENSG00000040199,add_a2.0,2.0,70.97452874561309,54.5945945945946,79.21686746987953,305.8,9.543495581472024,24.46709714756781,0.2801193331701612,0.235245333613952,0.1353128493314785,0.1066426190204441,0.806728234458429
ENSG00000040199,add_a3.0,2.0,78.43843843843844,62.94294294294294,87.40963855421687,308.8,8.422496683963393,23.02300038010194,0.2702230147453475,0.2346539773432207,0.1196200594806766,0.1002455299028181,0.8611160928013497
ENSG00000040199,add_a4.0,2.0,87.56756756756756,82.16216216216216,90.12048192771084,317.2,8.515717568822476,19.33328131347967,0.3101864373122281,0.23566406202404,0.1204667593805416,0.0842965553762963,0.6988792705624679
ENSG00000040199,add_gc_removed_a1.0,2.0,50.45045045045045,36.51651651651652,35.06024096385543,297.0,7.078881206788185,25.251414204902577,0.2176989019972231,0.2356983229076256,0.1002889158389422,0.1101416107788866,1.1966719304289188
ENSG00000040199,add_own,2.0,58.13813813813814,54.77477477477478,68.49397590361446,305.4,8.358966237588286,24.131614430215585,0.2501323395556881,0.2346315593654138,0.1185342279651044,0.1051088249899496,0.9695136538172482
ENSG00000040199,random_a1.0,2.0,44.2042042042042,37.95795795795796,36.807228915662655,297.4,10.362505048345907,25.16051937147548,0.2884981506214094,0.2349182565752123,0.1467528058853642,0.1096193100206743,0.792787549604721
ENSG00000040199,unsteered,2.0,48.16816816816817,43.3033033033033,37.10843373493976,297.0,7.858385184560629,26.36594001187272,0.231255120309216,0.2365344427402869,0.1108785031452143,0.1151347642786795,1.097703908950531
ENSG00000042286,add_a0.5,2.0,69.96996996996998,54.35435435435436,79.09638554216868,312.8,14.549201562605154,21.85419216336859,0.374839551828486,0.2330167040989542,0.2082468648281725,0.0949812848643983,0.7407045715915892
ENSG00000042286,add_a1.0,2.0,69.009009009009,66.18618618618618,77.71084337349397,314.8,12.224293973079565,22.62235506065328,0.3305020983393172,0.2335283372440252,0.1748208924929576,0.0984008780526604,0.8302860157834729
ENSG00000042286,add_a2.0,2.0,78.13813813813813,57.47747747747748,88.43373493975903,313.4,12.512481608064016,22.489927042799145,0.3503605573276626,0.2342738685061924,0.1779036473257647,0.0978901247668958,0.7041044427527429
ENSG00000042286,add_a3.0,2.0,85.1051051051051,85.34534534534535,83.3132530120482,314.6,7.893260947471492,23.659948164664875,0.249242044941537,0.2342424551932719,0.1122446237825699,0.1029990631167467,0.9267800914373858
ENSG00000042286,add_a4.0,2.0,82.70270270270271,62.4024024024024,91.0843373493976,317.6,10.07519307559262,22.41566090278728,0.3091796858481611,0.2344682327436397,0.1432738860712993,0.0976063224733615,0.6896777492705889
ENSG00000042286,add_gc_removed_a1.0,2.0,54.174174174174176,50.030030030030034,65.3012048192771,310.4,14.058798889026118,21.215026640668373,0.373164509046862,0.2332334805149824,0.2010245163855904,0.0922237944861003,0.6721826199424127
ENSG00000042286,add_own,2.0,74.77477477477478,75.91591591591592,68.79518072289156,311.4,8.157265156027739,22.418219781821826,0.2673737415240573,0.2336381711157337,0.1164043926893478,0.09749621924707,0.8382495244263997
ENSG00000042286,random_a1.0,2.0,58.97897897897898,56.27627627627628,69.09638554216868,315.2,15.339302834543014,19.25800193664456,0.4337177280601552,0.232866742471326,0.2196191126616301,0.0836827073074375,0.5994167946005671
ENSG00000042286,unsteered,2.0,63.3033033033033,63.84384384384384,67.2289156626506,305.6,7.438056879414866,26.290456835642665,0.2204822518276276,0.2337701657292698,0.1059962125706315,0.1143814718878071,1.1720195687944746
ENSG00000054148,add_a0.5,3.0,64.21052631578947,47.2644376899696,90.27355623100304,87.42857142857143,4.753376939085477,28.46161921945337,0.1435753707613313,0.2140141257818506,0.073992031107172,0.1206834210547078,1.737909807358816
ENSG00000054148,add_a1.0,3.0,69.17293233082707,52.7355623100304,83.58662613981764,88.14285714285714,5.545815365489079,25.76353348086798,0.1751837516615841,0.2173596314653563,0.0854257384360464,0.1097436233899132,1.663157401298905
ENSG00000054148,add_a2.0,3.0,70.07518796992481,51.21580547112462,90.72948328267478,88.57142857142857,4.373004733227213,29.29349022904213,0.1306852696253617,0.2134653555650359,0.0681303989694163,0.1241654595208233,3.0959719320943573
ENSG00000054148,add_a3.0,3.0,80.90225563909773,52.27963525835867,90.72948328267478,89.42857142857143,6.092230450808057,27.939090704799185,0.1778890080733398,0.2170936766026149,0.0934792101182193,0.1189461499079432,1.3525117237025
ENSG00000054148,add_a4.0,3.0,80.6015037593985,66.41337386018238,89.8176291793313,88.71428571428571,7.230562637039834,28.231832058666164,0.2131455353402358,0.2154223653672873,0.1118360187160142,0.1199450460687654,1.2316629833263932
ENSG00000054148,add_gc_removed_a1.0,3.0,59.69924812030075,39.81762917933131,72.49240121580547,86.28571428571429,5.993672291453633,27.42729287503412,0.1844832259839272,0.2183899560002207,0.091236532974584,0.1169029018769624,1.3845482549874646
ENSG00000054148,add_own,3.0,65.11278195488721,46.20060790273556,90.88145896656536,88.85714285714286,3.847181059501865,31.38009446320179,0.1085705373485446,0.2156062929374309,0.0593196406475394,0.1333391665425561,3.235007572670712
ENSG00000054148,random_a1.0,3.0,63.909774436090224,44.52887537993921,85.41033434650456,87.14285714285714,5.576928919441365,30.29995075536761,0.1569073328283854,0.2152741831601764,0.0863636898228921,0.1287041216064738,1.5187313984462647
ENSG00000054148,unsteered,3.0,52.631578947368425,36.62613981762918,72.34042553191489,85.85714285714286,4.51785836126212,27.380680109086647,0.146139320136515,0.2145828445400773,0.0700668695311318,0.1161285763445247,3.140309272139283
ENSG00000056972,add_a0.5,2.0,52.1921921921922,38.43843843843844,50.0,302.8,7.1960187299749805,24.107592717485325,0.2274052467035202,0.2545178301564139,0.0943318307837616,0.107785954368095,1.2196295932619976
ENSG00000056972,add_a1.0,2.0,68.46846846846847,57.297297297297305,76.32530120481928,310.0,8.369095957081393,25.88827140586849,0.2440977806240518,0.2529705803505699,0.1103208913824339,0.1155243522069044,1.0833269956128158
ENSG00000056972,add_a2.0,2.0,74.41441441441441,62.82282282282282,87.95180722891567,310.8,9.450807138548509,26.38899059052469,0.2631115856188588,0.254531343632496,0.1236844478366982,0.1180028096692576,0.9763857811334944
ENSG00000056972,add_a3.0,2.0,79.81981981981983,64.32432432432432,93.55421686746988,312.6,9.925595839255248,25.73072668557869,0.2784620039960662,0.2520641384096308,0.1313095651144898,0.1146737773188123,0.8834898631639586
ENSG00000056972,add_a4.0,2.0,83.72372372372372,79.63963963963964,88.9156626506024,313.6,9.43594577742428,23.647710367784605,0.2901807375370398,0.2538148208155429,0.1239166632912717,0.105634432302573,0.8545474491470667
ENSG00000056972,add_gc_removed_a1.0,2.0,48.40840840840841,37.83783783783784,36.265060240963855,299.6,7.340175968285169,23.630431374415195,0.2367058846950151,0.2536682089750287,0.0964433893867115,0.1055263188473987,1.1136834765114272
ENSG00000056972,add_own,2.0,57.357357357357365,48.768768768768766,58.25301204819277,299.6,9.744244518192886,23.77492405284839,0.289430801476685,0.2551598255548591,0.1273515689400262,0.1063599023635099,0.9194310266102038
ENSG00000056972,random_a1.0,2.0,45.46546546546547,39.21921921921922,38.13253012048193,293.4,6.471705907697502,24.421492639098663,0.2097800974731164,0.2541184112124391,0.0849251017611973,0.1091334995679186,1.2968489732792918
ENSG00000056972,unsteered,2.0,52.55255255255255,39.21921921921922,43.97590361445784,300.0,7.18561688192419,22.738569399960983,0.2389329519686662,0.2539205535774301,0.0942873809351851,0.1015787541627498,1.102975812323774
ENSG00000061938,add_a0.5,2.0,70.15015015015015,62.702702702702695,76.74698795180723,313.4,11.151344851236086,21.814677025421023,0.3519236320853571,0.2407366258680345,0.1544926618829355,0.095784153176264,0.9654404196088446
ENSG00000061938,add_a1.0,2.0,70.45045045045046,64.8048048048048,80.96385542168676,311.4,7.00409690587995,27.20495040069272,0.2055778190180845,0.2422854618800199,0.096260715505469,0.1196624098309263,1.340113347368258
ENSG00000061938,add_a2.0,2.0,77.05705705705705,56.93693693693695,97.59036144578312,316.0,10.004833448202366,25.96985346420497,0.280873432767982,0.2414875210056823,0.1380993502439152,0.1141378559870754,0.8306938907607844
ENSG00000061938,add_a3.0,2.0,80.24024024024024,65.82582582582583,95.06024096385542,315.8,7.464730982024266,27.344742571588625,0.2181932288217196,0.2404694606582182,0.1036335322069483,0.1200336457885526,1.3205820534903645
ENSG00000061938,add_a4.0,2.0,79.75975975975976,64.74474474474474,95.8433734939759,312.6,7.993916199826103,28.73580842062744,0.2160132272310915,0.243691305692443,0.1093260626899325,0.1266475420550816,1.2265825629643448
ENSG00000061938,add_gc_removed_a1.0,2.0,61.98198198198198,48.648648648648646,72.59036144578313,314.0,15.698890424019297,17.163688850039087,0.4849978868801767,0.2414089251805634,0.2172886753317338,0.0754909278605804,0.6603422574002524
ENSG00000061938,add_own,2.0,67.74774774774775,74.95495495495496,80.36144578313254,313.0,7.470857644256053,26.974129720855977,0.217408785143961,0.2424598647025911,0.1027253961448713,0.118706926768177,1.1777102159738888
ENSG00000061938,random_a1.0,2.0,67.44744744744744,62.04204204204204,68.19277108433735,307.6,8.77463143988867,25.03666357648344,0.2616187434623114,0.2412056987094414,0.1212472514754333,0.1099897773879614,0.9246283252002367
ENSG00000061938,unsteered,2.0,64.44444444444444,60.06006006006006,68.61445783132531,308.4,7.143031456461344,24.32842383691693,0.2264382888194711,0.2419047768317883,0.0985759832794921,0.1069523447083261,1.1033378684187554
ENSG00000062598,add_a0.5,2.0,63.12312312312313,48.46846846846847,88.19277108433735,315.4,9.745444239457663,26.84538036481688,0.2664844166148533,0.2392736520496666,0.135784647539099,0.1176359816960477,1.4659914809112844
ENSG00000062598,add_a1.0,2.0,63.48348348348348,44.08408408408408,87.71084337349399,310.2,7.243402780206244,28.877360294024747,0.2011323823823823,0.239043675741686,0.1011021701493544,0.1265113385775315,1.3307923186843902
ENSG00000062598,add_a2.0,2.0,75.7957957957958,61.08108108108108,90.3012048192771,317.0,5.4291598850644,27.04389883430212,0.1678505383804898,0.2393893130176216,0.0755209452692983,0.1185020211512623,1.891318841427855
ENSG00000062598,add_a3.0,2.0,75.43543543543544,53.75375375375376,94.09638554216868,313.4,4.977451854144127,30.7013549991238,0.1388455430579537,0.2373248335221186,0.0699678416338261,0.1341875443546416,2.010184517954385
ENSG00000062598,add_a4.0,2.0,83.84384384384384,71.8918918918919,93.13253012048192,310.8,4.758495765957755,30.53180369603863,0.1356463419382853,0.2388793117192731,0.0663787985452013,0.1336993390879109,2.052294220287579
ENSG00000062598,add_gc_removed_a1.0,2.0,51.71171171171172,36.27627627627628,61.20481927710844,308.8,7.105221098246773,24.752558961383603,0.2242187751488814,0.2381427585919498,0.0994635197205093,0.1083010147325078,1.29349470458925
ENSG00000062598,add_own,2.0,71.17117117117117,60.0,81.6867469879518,312.0,5.385816586228243,30.970307217967324,0.1478731899994382,0.2404588092831284,0.074645274170663,0.1359154034388738,1.857118816342759
ENSG00000062598,random_a1.0,2.0,54.77477477477478,39.87987987987988,53.493975903614455,308.4,10.373369500083488,22.11420656364593,0.3219719169719169,0.2381596624370504,0.1451374434318055,0.0967483231840915,0.6755451154094596
ENSG00000062598,unsteered,2.0,49.18918918918919,42.04204204204204,57.59036144578313,310.4,12.009667530715536,23.51476131633661,0.336444947484576,0.2386805374372766,0.1675387597451964,0.1029368677306249,0.7664803219587645
ENSG00000064309,add_a0.5,2.0,36.996996996997,38.738738738738746,38.795180722891565,291.0,6.968898960249481,23.36766746053518,0.2289895999961265,0.2581383250915662,0.090018548226937,0.1049953534375786,1.2041827180049447
ENSG00000064309,add_a1.0,2.0,48.88888888888889,50.330330330330334,50.78313253012048,301.4,8.830292369105313,24.449671154693227,0.2657495706164701,0.2580727279850082,0.1141096043809415,0.1098450803980123,0.9663659358173796
ENSG00000064309,add_a2.0,2.0,50.030030030030034,59.03903903903904,66.02409638554217,306.0,8.621383423656743,24.21915503134516,0.2641533511552882,0.2576076336920123,0.1116780340410642,0.1087476685043046,1.0008692601419218
ENSG00000064309,add_a3.0,2.0,77.35735735735736,78.25825825825827,74.63855421686746,307.4,8.840838231535907,25.65942584547236,0.2567050961497926,0.2559498537638076,0.1151180873733573,0.1149372885684396,1.0262850219416009
ENSG00000064309,add_a4.0,2.0,83.78378378378378,76.75675675675674,84.81927710843374,312.0,7.870925184037979,27.438151002115056,0.2215430979376637,0.2574152252237046,0.102032081343623,0.1231687360256841,1.2865110738458363
ENSG00000064309,add_gc_removed_a1.0,2.0,33.933933933933936,33.933933933933936,34.57831325301205,292.4,8.213304899413066,20.768205214217183,0.2831629676601142,0.2563459500684923,0.1067869829231805,0.0930840894921762,0.8994589294809044
ENSG00000064309,add_own,2.0,38.4984984984985,45.76576576576576,35.12048192771084,301.0,7.594832592152278,21.337605919768908,0.2633347035262341,0.2579709633005571,0.0981227985757388,0.0958477224598603,0.9761656468969436
ENSG00000064309,random_a1.0,2.0,33.813813813813816,33.3933933933934,33.31325301204819,305.8,7.327131643934225,20.15934861141809,0.2513612614214612,0.2583767472973719,0.0942660534867917,0.0906403388070889,1.1641150176725403
ENSG00000064309,unsteered,2.0,41.8018018018018,41.08108108108108,46.68674698795181,299.8,8.730139235230663,24.00790222902072,0.2671731510419025,0.2575768822301377,0.1128922378410458,0.107801106282851,0.9850425758581508
ENSG00000066827,add_a0.5,2.0,59.0990990990991,48.10810810810811,52.53012048192771,304.4,7.880324804346787,22.039983898734928,0.2667952051407423,0.236838897393302,0.1109388748129079,0.0962635455358729,0.8779299622597971
ENSG00000066827,add_a1.0,2.0,70.63063063063063,66.30630630630631,67.28915662650601,307.8,6.300174684637391,25.225347473096104,0.2019804304709965,0.2366767836984279,0.0888316715846468,0.1101694304589167,1.3345110872998511
ENSG00000066827,add_a2.0,2.0,63.48348348348348,58.07807807807808,62.95180722891566,304.6,6.1180766265364905,26.2443070507627,0.1915940509270154,0.2373059690435371,0.0861280589839917,0.1147410894523371,1.4961021433351376
ENSG00000066827,add_a3.0,2.0,72.55255255255256,73.45345345345345,75.66265060240964,308.0,7.0129797491114605,30.65899032395953,0.1866568003167172,0.2370854399606792,0.0986015066152435,0.1339563200854189,1.3991158562219763
ENSG00000066827,add_a4.0,2.0,77.89789789789789,79.51951951951952,83.97590361445783,312.0,7.636413903889128,28.01012676503611,0.2132779992887885,0.2362592139031374,0.1076411734959625,0.1222581206229179,1.239643559149521
ENSG00000066827,add_gc_removed_a1.0,2.0,34.77477477477478,36.81681681681682,35.8433734939759,295.4,7.237563346778364,21.403569253398604,0.2562483569905338,0.2382461960012214,0.1013145632919995,0.0936717958273583,0.9960446699151588
ENSG00000066827,add_own,2.0,50.93093093093093,49.66966966966967,58.493975903614455,299.6,6.404783958861101,24.80404417166316,0.2092879860013554,0.2388958078542374,0.0893129292724848,0.1086328890305973,1.2555490070555635
ENSG00000066827,random_a1.0,2.0,45.04504504504505,42.94294294294294,42.59036144578313,304.4,6.7529641745633,22.17641849241816,0.2373710243598635,0.2363458468812718,0.0953792065634052,0.0968344564795344,1.079188974620498
ENSG00000066827,unsteered,2.0,42.82282282282282,41.32132132132132,43.6144578313253,299.2,7.952829770514366,22.325392602483014,0.2627370303275194,0.2368533044737328,0.111928829083077,0.0975228755884116,0.8978275005304767
ENSG00000067842,add_a0.5,2.0,60.30030030030029,72.13213213213213,69.21686746987953,310.0,8.462779745211929,22.78124805785008,0.2707562159574315,0.2291202284680241,0.1230864238442532,0.0985126620610861,0.8032286454234523
ENSG00000067842,add_a1.0,2.0,77.41741741741741,73.75375375375376,74.63855421686746,310.2,10.686302811750688,21.649090438935247,0.3266719930021795,0.2290765126553123,0.155622239204962,0.0936217921292146,0.6594371828795008
ENSG00000067842,add_a2.0,2.0,78.97897897897897,75.49549549549549,86.74698795180723,317.8,11.446946644891122,19.24860210432116,0.3725964632927503,0.2283123955407293,0.1672040990135811,0.0831423661321737,0.5900340858217638
ENSG00000067842,add_a3.0,2.0,87.26726726726727,80.42042042042041,90.24096385542168,316.6,8.154451625121009,22.04174875172212,0.2710117356079124,0.2302264325523962,0.1180384604396888,0.095446151262931,0.8385400205149198
ENSG00000067842,add_a4.0,2.0,84.38438438438439,79.57957957957959,89.81927710843374,314.4,8.972376747456366,22.41434706482477,0.2885632044367409,0.2285808870986689,0.1309034761129332,0.0968523534734969,0.7589338644747657
ENSG00000067842,add_gc_removed_a1.0,2.0,66.90690690690691,67.56756756756758,63.67469879518072,307.0,9.061498387723791,24.06759731761809,0.2735277226443565,0.2278522260666557,0.1326148851764075,0.1039014864262508,0.7913902721382283
ENSG00000067842,add_own,2.0,72.07207207207207,53.813813813813816,74.51807228915662,311.2,7.712474644780457,25.445675352668733,0.2315763875003338,0.230299795259858,0.1115573459523079,0.1101877923301831,1.0335068555464866
ENSG00000067842,random_a1.0,2.0,63.48348348348348,71.17117117117117,68.61445783132531,308.8,9.2551901612083,23.644748943432976,0.2799666967713856,0.2289189646901103,0.1348167388208664,0.1022177127068468,0.7790030494787491
ENSG00000067842,unsteered,2.0,67.2072072072072,68.46846846846847,71.32530120481928,314.2,14.975040619431889,19.792726197846616,0.3854643684415546,0.2278765024448221,0.2193310968182185,0.0854601681024654,0.7090895142286225
ENSG00000069849,add_a0.5,2.0,76.09561752988047,73.6,83.67999999999999,237.0,8.262151187217754,21.20640485417968,0.2796223620881155,0.2204337792013714,0.1249736774191832,0.0906712356835496,0.7429884906884723
ENSG00000069849,add_a1.0,2.0,87.80876494023904,87.28,83.12,238.2,7.640587247468559,17.727415494861145,0.3083039370852607,0.2203570713878112,0.1156175652518743,0.0758143930485044,0.6934880851930665
ENSG00000069849,add_a2.0,2.0,82.94820717131475,83.52000000000001,92.4,237.0,9.043143350822156,16.767352882835254,0.3482067303924664,0.220229306927803,0.1369903856843461,0.0716569012314207,0.5409917625069289
ENSG00000069849,add_a3.0,2.0,86.45418326693228,74.16,83.76,237.2,7.926467068190718,17.626206693647706,0.3105050661703887,0.2209973285682821,0.1195189780589187,0.0754272184052358,0.6337783588266601
ENSG00000069849,add_a4.0,2.0,80.0,74.56,97.44,236.2,8.660008068069038,17.20926510149669,0.3346585628231794,0.2216513676742694,0.1302771674099299,0.0737142780763586,0.5803908593951509
ENSG00000069849,add_gc_removed_a1.0,2.0,66.93227091633466,59.28,87.84,233.8,8.270608161839055,20.53389127659157,0.2890612598280142,0.2206451574554046,0.1251576151401077,0.0877879914117939,0.7205769740126211
ENSG00000069849,add_own,2.0,59.68127490039841,64.72,91.6,234.0,7.940517355403133,19.322588162676592,0.2980985363842506,0.2206968684762838,0.1198818985729889,0.0826262777346057,0.7404644446806641
ENSG00000069849,random_a1.0,2.0,82.23107569721115,63.120000000000005,79.84,232.4,8.271468025222504,22.910902002280043,0.2651111111111111,0.2216467190133746,0.1243524363121129,0.0981076511086236,0.7963601242972305
ENSG00000069849,unsteered,2.0,77.68924302788845,76.0,84.4,236.4,7.6170679993773955,19.671656788661423,0.2840899156792155,0.220317757480225,0.1153265613442604,0.0840984450441119,0.7424606877722706
ENSG00000070061,add_a0.5,2.0,60.42042042042042,56.03603603603604,63.915662650602414,306.2,5.894724799635641,23.47101031441475,0.2030357412475624,0.2254527186457207,0.0870204713730933,0.1010012447169701,1.2688823268977771
ENSG00000070061,add_a1.0,2.0,52.37237237237237,47.207207207207205,53.19277108433735,304.8,7.15242625644466,24.647355279477296,0.2254520189776149,0.2244164386224388,0.1061977214013281,0.105931914298662,1.0531288236580516
ENSG00000070061,add_a2.0,2.0,75.31531531531532,62.28228228228228,73.43373493975903,309.4,7.763658243789342,23.305701270057217,0.251968069891078,0.2236461595359216,0.1157388659323495,0.1000743595996076,0.9087222282104566
ENSG00000070061,add_a3.0,2.0,77.95795795795796,74.95495495495496,79.87951807228916,313.8,6.769903922753533,22.76899549281911,0.2287158389713484,0.2224447386810848,0.1014371064813421,0.0976155369936603,0.991385120712812
ENSG00000070061,add_a4.0,2.0,89.90990990990991,82.88288288288288,88.37349397590361,314.0,5.995146768168921,23.126995541018765,0.2060106876240418,0.2239355475113534,0.0892301248658988,0.0993418623474849,1.1694749086804288
ENSG00000070061,add_gc_removed_a1.0,2.0,33.3933933933934,33.99399399399399,32.40963855421687,292.2,7.168693765156405,24.197370545186946,0.2277398989898989,0.2249022234932899,0.1063252840292656,0.1040368586907921,1.016401781347139
ENSG00000070061,add_own,2.0,50.270270270270274,50.45045045045045,53.55421686746988,304.2,6.851899492730081,23.790300446285222,0.2297733664185277,0.2246905963340459,0.1016662498353943,0.1022754035921943,0.996383730233331
ENSG00000070061,random_a1.0,2.0,39.75975975975976,42.88288288288288,39.09638554216868,303.4,5.337552836854113,23.412895701459504,0.1858886896831564,0.2234236637906591,0.0796056860297358,0.1005205862965451,1.2909882178744654
ENSG00000070061,unsteered,2.0,32.31231231231231,32.13213213213213,32.95180722891566,286.4,6.817079767948589,24.45107956568793,0.2165422057079849,0.2259860499222067,0.1007600074849428,0.1052867475753145,1.1240665930007054
ENSG00000071794,add_a0.5,2.0,44.44444444444444,43.003003003003,42.71084337349397,300.6,6.253447076136887,28.057448075538275,0.182807239057239,0.2095235065680601,0.0995193078504895,0.1183177604729888,1.2017958939490612
ENSG00000071794,add_a1.0,2.0,52.01201201201202,43.42342342342342,55.24096385542168,307.6,6.268438956972252,23.958600242447904,0.2054971936265531,0.2081312558893851,0.1004603861511732,0.1008371449112535,1.0971197644500186
ENSG00000071794,add_a2.0,2.0,79.87987987987988,68.1081081081081,77.53012048192771,314.4,7.888012150139069,19.25524516480469,0.2953725594959816,0.2090065574283058,0.1257168341330064,0.0811527438168834,0.6448078465211882
ENSG00000071794,add_a3.0,2.0,79.33933933933933,71.65165165165165,82.40963855421687,315.0,7.69362802074941,16.36045233782819,0.3392188461753679,0.2087546726958743,0.122892171302107,0.068920286659621,0.5629398290681555
ENSG00000071794,add_a4.0,2.0,82.76276276276276,78.55855855855856,85.90361445783132,316.2,8.283870678624494,18.610073945137145,0.3118123451913337,0.2086502954561533,0.1322711227145247,0.0783768934930876,0.5978503571133476
ENSG00000071794,add_gc_removed_a1.0,2.0,39.81981981981982,34.174174174174176,39.51807228915662,297.0,6.134846976710212,30.236452328644525,0.1658703683706879,0.207634185260218,0.0988494303189976,0.1272124085178829,1.4427298212345383
ENSG00000071794,add_own,2.0,51.47147147147148,46.006006006006,52.34939759036145,302.4,7.389814475997786,23.65393095899252,0.2397007104093543,0.2098045645545268,0.1174998803847499,0.0997966056551046,0.8891617743130975
ENSG00000071794,random_a1.0,2.0,54.77477477477478,38.25825825825826,51.506024096385545,305.6,6.102628980199431,24.636236604095195,0.2004314991917112,0.2071503265721533,0.0982771736916002,0.1035545508794362,1.1102006949151075
ENSG00000071794,unsteered,2.0,44.32432432432432,39.3993993993994,36.62650602409639,291.4,6.242526327876639,27.445209453568825,0.1860743899254191,0.2088077264223604,0.099676906162443,0.1156305120434735,1.1763390756241043
ENSG00000072201,add_a0.5,2.0,57.05705705705706,46.60660660660661,60.54216867469879,306.4,8.044146548937023,23.47205093169178,0.2611094838242324,0.2637641399164413,0.1016513021927764,0.1062756689809422,1.121758557019417
ENSG00000072201,add_a1.0,2.0,65.04504504504504,53.87387387387388,64.27710843373494,310.4,8.309174348809695,26.454445470655067,0.24298208341627,0.2639614311225567,0.1049350942163617,0.1198014360411181,1.1444304555389997
ENSG00000072201,add_a2.0,2.0,82.1021021021021,80.3003003003003,94.21686746987952,315.0,8.705129179114923,27.699228496503213,0.2425947890818858,0.2635485862237753,0.1101743587437525,0.1253690747024853,1.184089301647078
ENSG00000072201,add_a3.0,2.0,81.14114114114115,80.9009009009009,85.8433734939759,312.8,8.501134365830541,29.09600990514905,0.2274343743619184,0.2649356702457222,0.1069662953108522,0.1319176553418633,1.2709806141673297
ENSG00000072201,add_a4.0,2.0,85.82582582582583,80.42042042042041,90.06024096385542,311.0,8.112235719254397,31.395264377838203,0.2058290119039449,0.2638606145099422,0.102599295369951,0.142170799881508,1.4144447610210396
ENSG00000072201,add_gc_removed_a1.0,2.0,38.31831831831832,31.111111111111107,40.24096385542169,297.6,6.950274574886647,19.18372397606358,0.2753093673329269,0.2642413286890633,0.0878284790736691,0.0868816280322542,1.0238396026843584
ENSG00000072201,add_own,2.0,79.51951951951952,73.993993993994,83.07228915662651,312.8,8.248412321827228,28.14521635823082,0.2273371690299589,0.2650019606452685,0.1037945739562186,0.1276675258851365,1.2524350378995546
ENSG00000072201,random_a1.0,2.0,59.45945945945946,52.252252252252255,59.51807228915664,302.6,7.74228962056605,26.772930677770702,0.2269569849248713,0.2654782416699118,0.0972117746168897,0.1214965320240544,1.2613296424985203
ENSG00000072201,unsteered,2.0,53.09309309309309,48.58858858858859,55.0,301.0,7.441628455789578,24.224504317747016,0.2423138367644592,0.2645226139929088,0.0938393645674737,0.109834211509901,1.1955874690573507
ENSG00000074047,add_a0.5,2.0,85.70570570570571,68.28828828828829,79.87951807228916,307.6,8.203735635937697,26.936541216531023,0.2312229835936732,0.2436128274686887,0.1123702982214002,0.1187082592668052,1.122441181955828
ENSG00000074047,add_a1.0,2.0,88.28828828828829,73.75375375375376,95.72289156626506,312.0,7.873737735655555,24.619042841012337,0.2436026575852321,0.2425802818098244,0.1080817304426687,0.1083413367344388,1.1372783170716525
ENSG00000074047,add_a2.0,2.0,80.0,76.03603603603604,86.98795180722891,312.6,9.404586062182275,25.39701497387845,0.2689246195376855,0.2426319241001588,0.1292610195062759,0.1117817618485869,0.8995987460662909
ENSG00000074047,add_a3.0,2.0,88.22822822822823,84.86486486486487,84.03614457831324,314.8,7.942157692082409,22.810960462671385,0.259370665742025,0.2422666286835786,0.1093430482314206,0.1003494381794776,0.9681382823192431
ENSG00000074047,add_a4.0,2.0,86.66666666666666,86.66666666666666,93.9156626506024,314.2,8.536872408127158,22.53640949371721,0.2733578527415736,0.2429426775303857,0.1172262499479494,0.099210678242545,0.8684073581316418
ENSG00000074047,add_gc_removed_a1.0,2.0,61.62162162162163,54.41441441441441,72.40963855421687,300.6,7.973724764866196,27.88751315208906,0.223628021116499,0.2437442180020332,0.1090345353661037,0.1229128239634927,1.246834127375923
ENSG00000074047,add_own,2.0,82.88288288288288,68.1081081081081,85.66265060240964,313.8,9.698719366910302,23.66333217968623,0.2905562200956938,0.2422647070082636,0.1334277896794833,0.1041059327427932,0.7864301222197564
ENSG00000074047,random_a1.0,2.0,66.72672672672672,60.78078078078079,69.51807228915663,304.0,7.358886404428949,27.542858414070743,0.2134319885851713,0.2431221403561848,0.1008306525098449,0.1212804423544807,1.2376165522241578
ENSG00000074047,unsteered,2.0,66.006006006006,61.38138138138138,69.6987951807229,310.2,7.476702508960574,26.56090862542475,0.2200995801011601,0.2430709036085384,0.1025213275643581,0.1169767910706764,1.1423712448439007
ENSG00000076053,add_a0.5,2.0,76.31147540983606,52.34567901234568,71.02880658436213,225.6,7.711940505933846,25.86214479324682,0.2258969101074364,0.2138530927363622,0.1200684595853366,0.1096608746924054,0.9799101402295984
ENSG00000076053,add_a1.0,2.0,65.13323888551575,57.36625514403293,66.66666666666666,227.2,10.903271120831183,23.6921882499012,0.3168240118185336,0.2141999879010956,0.1697159561309281,0.1005062825684508,0.633947751322682
ENSG00000076053,add_a2.0,2.0,79.59016393442623,77.77777777777779,81.72839506172839,229.8,7.832957839591323,21.785632407281035,0.2733989993746091,0.2123415642246358,0.1231103227239542,0.092189880411506,0.8160685057221716
ENSG00000076053,add_a3.0,2.0,84.34426229508196,76.21399176954733,89.21810699588477,227.6,10.900384450187142,19.006592175535623,0.3623727640684162,0.2141187686632508,0.1695438798992821,0.0806187907387889,0.5042492264936941
ENSG00000076053,add_a4.0,2.0,83.60655737704919,72.42798353909464,92.59259259259258,229.2,10.470991890205864,19.54653903516234,0.3497958207762129,0.2152356377247205,0.1621497793838062,0.0830150629179828,0.5211728607620328
ENSG00000076053,add_gc_removed_a1.0,2.0,57.04918032786885,52.83950617283951,60.49382716049382,226.2,11.788841194989848,23.35903147786153,0.3343430981441946,0.2131521475719228,0.1841079856703224,0.0989149160800627,0.5661697233697686
ENSG00000076053,add_own,2.0,73.0327868852459,61.97530864197531,75.7201646090535,230.8,12.056545785698102,18.504484532612672,0.3941445429332753,0.2151027741673524,0.1868828602191267,0.0785776150077978,0.4326792215236626
ENSG00000076053,random_a1.0,2.0,69.75409836065573,62.63374485596707,43.37448559670782,224.8,10.509193404292228,21.334186943353423,0.3282655730410374,0.2140449213348256,0.1639171639361325,0.0904957877045362,0.5866327072005847
ENSG00000076053,unsteered,2.0,52.45901639344262,42.79835390946502,48.065843621399175,229.6,7.114447823161674,21.64664648587784,0.2487993487993487,0.2131882590776128,0.1113111226823082,0.0916869553432315,0.8224105359778356
ENSG00000076242,add_a0.5,2.0,78.91891891891892,55.61561561561562,92.46987951807228,321.0,11.923524575977847,21.360786604361373,0.3442789729465153,0.2323966225657994,0.1710421767182935,0.0927673347184785,1.167183401414073
ENSG00000076242,add_a1.0,2.0,68.52852852852853,57.41741741741741,73.19277108433735,314.4,10.743965763786855,21.291175133461024,0.328328419364073,0.2325526395695684,0.1541119523850544,0.0924837753310543,0.8063119019305363
ENSG00000076242,add_a2.0,2.0,79.0990990990991,54.65465465465466,90.12048192771084,318.4,12.859078674141454,20.75176155368775,0.3834926267356321,0.2332630433053951,0.183898583124246,0.09023255359265,0.604074307695261
ENSG00000076242,add_a3.0,2.0,82.76276276276276,54.83483483483484,91.6265060240964,318.6,10.408402775938558,23.494214200883555,0.3081881671490766,0.2328931587987302,0.149137367737899,0.1020996529664727,0.832502220217575
ENSG00000076242,add_a4.0,2.0,78.25825825825825,57.53753753753754,91.86746987951808,318.2,11.16729683718122,22.39898361558816,0.3324561268232521,0.23305633189879,0.15990437374656,0.0973644734248734,0.6572648408890673
ENSG00000076242,add_gc_removed_a1.0,2.0,72.55255255255256,49.30930930930931,84.27710843373494,320.0,16.45145342511169,18.9412332407674,0.4645274867209293,0.2330506858846822,0.2354082743617573,0.0823131342856812,0.3520768047765422
ENSG00000076242,add_own,2.0,78.73873873873873,55.37537537537537,85.12048192771084,319.4,12.75770013868524,21.17974231371566,0.3758414710308191,0.2333528460755093,0.1821187067052845,0.0920813525914943,0.5541428669356231
ENSG00000076242,random_a1.0,2.0,72.43243243243242,46.18618618618618,89.27710843373494,320.6,16.47007054557877,17.851383325182205,0.4795740495274652,0.2337968884932928,0.2348039184148898,0.0776619936991112,0.3362441714143441
ENSG00000076242,unsteered,2.0,65.16516516516516,49.18918918918919,71.20481927710844,312.8,13.678140498541676,18.7441845358398,0.4118255084861019,0.2338315330266646,0.1951050477033739,0.0815471707726102,0.4696910657011474
ENSG00000076650,add_a0.5,2.0,67.68768768768768,44.2042042042042,80.24096385542168,308.0,10.386288480106437,23.13459841558693,0.3103936862521307,0.2280623142276302,0.1517893470804464,0.0998977133481535,0.6740671808096123
ENSG00000076650,add_a1.0,2.0,62.94294294294294,35.55555555555556,62.4698795180723,304.2,7.25610275936437,23.00872217036981,0.2400491588260293,0.2282738774461519,0.1061433092306497,0.0993725804104906,1.0291329357398449
ENSG00000076650,add_a2.0,2.0,78.55855855855856,63.42342342342342,88.73493975903615,314.4,9.408487502150468,18.060203432700103,0.341806342558375,0.2283004992618948,0.137433242174166,0.0780085780118906,0.5747933377799045
ENSG00000076650,add_a3.0,2.0,85.04504504504504,67.26726726726727,93.3132530120482,315.0,9.979232069250454,16.442492444929737,0.3766561604390622,0.2270169616988432,0.1465709701279592,0.0709030567270323,0.4915164816421143
ENSG00000076650,add_a4.0,2.0,84.44444444444444,72.43243243243244,91.26506024096383,311.8,12.24339799576861,15.540244614854975,0.4411636892173824,0.2277840405596227,0.1789711464881926,0.0670686850935623,0.4240538178245647
ENSG00000076650,add_gc_removed_a1.0,2.0,47.62762762762763,39.87987987987988,38.55421686746988,300.4,6.847397304045036,24.514957118848223,0.2214838779097433,0.225384839111112,0.1011594447145443,0.1054545123810626,1.0794295570033423
ENSG00000076650,add_own,2.0,71.95195195195194,55.1951951951952,87.10843373493977,311.4,8.993390471266334,20.74607774129417,0.3014368377499981,0.2275716882951471,0.1316212348721897,0.0895325811829513,0.6868940945489921
ENSG00000076650,random_a1.0,2.0,46.42642642642643,40.72072072072072,34.1566265060241,296.2,7.15021923888919,26.177837297991505,0.2168585043913441,0.2282248741319208,0.1044597328194226,0.1130624056655986,1.1329061486459415
ENSG00000076650,unsteered,2.0,56.15615615615616,36.75675675675676,41.08433734939759,297.6,6.457319977379145,25.685602846684283,0.2044746981480568,0.2279567834283097,0.0944413982906318,0.1108848209353405,1.350072033635891
ENSG00000077420,add_a0.5,2.0,44.02402402402403,38.67867867867868,37.28915662650603,298.0,9.09133549463012,25.122229382091056,0.2611817200650746,0.208947594822925,0.1453507972549523,0.1058623170886012,0.825723643901717
ENSG00000077420,add_a1.0,2.0,45.88588588588589,41.56156156156156,44.36173697812397,299.2,8.258383887644133,24.916205406048352,0.2470487442585156,0.2097764779263901,0.131238897103161,0.1050797731605047,0.873636837791491
ENSG00000077420,add_a2.0,2.0,70.2102102102102,62.46246246246246,72.40963855421687,312.2,7.871779367866331,21.004254510101543,0.2708019279299561,0.2099738855039651,0.1249200315592854,0.0886199188786293,0.7489033381343525
ENSG00000077420,add_a3.0,2.0,78.61861861861863,73.993993993994,85.60240963855422,315.8,8.8022527237499,19.87135319832145,0.3108147766506179,0.2096275257131057,0.1399662183528713,0.0838042819371876,0.5997666134771361
ENSG00000077420,add_a4.0,2.0,81.02102102102103,79.45945945945945,80.78313253012047,314.8,6.857298023524503,19.66078809794179,0.2592866147571375,0.2095847637271264,0.1090646387709316,0.0829124532919913,0.7929289785217979
ENSG00000077420,add_gc_removed_a1.0,2.0,28.94894894894896,28.648648648648653,27.289156626506024,293.2,7.026229993663863,24.54786728931417,0.2218200809077063,0.2083287922780275,0.1125016860318438,0.1033422460344774,0.9329684135103744
ENSG00000077420,add_own,2.0,46.00600600600601,46.90690690690691,47.34939759036145,302.2,8.85731939758272,22.627282363214704,0.282186765615337,0.2108189479642704,0.1399236327666059,0.0956062977607245,0.685357852521426
ENSG00000077420,random_a1.0,2.0,26.186186186186188,19.45945945945946,24.397590361445783,301.0,5.550925579879989,21.981834862680984,0.193334834001842,0.2097564897206671,0.0883953743919907,0.0926993526830702,1.15703195839736
ENSG00000077420,unsteered,2.0,46.60660660660661,28.52852852852853,35.24096385542169,302.2,8.548577249883168,21.338021896921106,0.2813768780411262,0.2091307500174433,0.1362445528803847,0.0899398598326875,0.7416362447556628
ENSG00000078403,add_a0.5,2.0,63.66366366366367,53.57357357357357,78.855421686747,305.0,7.6280805344072675,23.606987927073497,0.2607474754418026,0.2170624976377166,0.1172290558600088,0.1005093944894049,0.9719739117206564
ENSG00000078403,add_a1.0,2.0,71.65165165165165,62.52252252252252,83.43373493975903,309.4,7.646705920959654,21.475341721058403,0.2724532502723049,0.2181458706083044,0.1168359436413468,0.0915736135175655,0.7944084957646559
ENSG00000078403,add_a2.0,2.0,74.71471471471472,57.777777777777786,93.73493975903617,312.0,9.042066180169645,18.98195835401193,0.3229344468470058,0.2176692148492664,0.1384324759702676,0.0808763742758918,0.5887748564159275
ENSG00000078403,add_a3.0,2.0,80.12012012012012,79.57957957957959,86.86746987951807,312.0,9.817358051615797,17.830652534316187,0.3684108292917032,0.2165364668981735,0.1511347950723182,0.0758882055252608,0.5333054614710268
ENSG00000078403,add_a4.0,2.0,84.68468468468468,78.43843843843844,87.7710843373494,316.2,10.684792133946535,17.469445799338178,0.380434994089122,0.2173756432047669,0.1638743502747469,0.0744085349604517,0.4635862288964539
ENSG00000078403,add_gc_removed_a1.0,2.0,55.07507507507508,50.21021021021021,56.506024096385545,303.6,8.934280701773051,22.52245606762808,0.2878430132558572,0.2177397319578775,0.1367286014091156,0.0959483250044833,0.7275041406127098
ENSG00000078403,add_own,2.0,71.41141141141141,63.54354354354355,79.81927710843374,309.0,8.67375518649395,22.52945073838977,0.2845110726035359,0.2177576309608647,0.1326614046080359,0.0959866256258966,0.7714133212602431
ENSG00000078403,random_a1.0,2.0,47.86786786786787,43.36336336336336,54.54955774760674,298.8,7.551939832803486,25.875463126496328,0.2249934479934479,0.2177857821909982,0.1156096909562867,0.1102803291111673,0.9990463713176172
ENSG00000078403,unsteered,2.0,63.18318318318319,63.48348348348348,65.96385542168676,310.8,7.556507123880834,21.277457378972912,0.2726642501401866,0.2173601062970305,0.1159061864367306,0.090616673950535,0.784754631636198
ENSG00000078808,add_a0.5,2.0,65.2760736196319,48.86153846153847,80.43076923076924,303.4,4.960891611996543,27.222318501624688,0.1541109019584891,0.1920485140592006,0.0860999273064348,0.1123045245511082,1.4152438104526353
ENSG00000078808,add_a1.0,2.0,57.17791411042945,45.78461538461538,70.46153846153845,304.0,7.4722016149076,23.603452708762568,0.2402085996428843,0.1920982707008774,0.1297513588664708,0.0973941686879758,0.8736838112050623
ENSG00000078808,add_a2.0,2.0,71.41104294478528,49.84615384615385,97.96923076923076,303.4,7.256729100203252,28.22370033812374,0.2054133638582869,0.1929317589452372,0.1253304567967829,0.1165742992318705,0.9480216157524916
ENSG00000078808,add_a3.0,2.0,84.7239263803681,71.6923076923077,95.2,309.8,5.554608740894431,26.37986899567157,0.1719848237411732,0.191383045795312,0.0966881148119593,0.108746005503041,1.226098497618747
ENSG00000078808,add_a4.0,2.0,87.48466257668711,79.93846153846154,93.53846153846152,308.4,5.328599952019768,26.972418625456207,0.1648830377543249,0.1915178507141373,0.0928052549009852,0.111209573974106,1.284303936433311
ENSG00000078808,add_gc_removed_a1.0,2.0,54.5398773006135,42.58461538461538,64.98461538461538,304.0,13.23597755959716,22.3817116742293,0.3557448833137592,0.190692943241458,0.2305347715955394,0.092179633289603,0.5493396025983978
ENSG00000078808,add_own,2.0,72.57668711656441,46.83076923076924,88.43076923076923,312.4,7.615267020244862,25.86946020873672,0.2208461697153811,0.1923488374635791,0.1323531539111538,0.1067677166181966,0.940603763147794
ENSG00000078808,random_a1.0,2.0,44.49042000943841,38.64615384615384,54.27692307692307,297.8,8.282235487078975,25.373947795811088,0.2477726578805045,0.1937508836346659,0.1423805355110672,0.1049262834190103,0.7698833931830128
ENSG00000078808,unsteered,2.0,56.62576687116565,40.92307692307692,82.52307692307693,313.2,16.75699208772012,17.242770391723788,0.4671076583125919,0.1915746941468197,0.2916712939429503,0.0711000950989799,0.5103808525669257
ENSG00000083307,add_a0.5,2.0,55.07507507507508,38.61861861861862,63.0722891566265,305.6,7.372202495391855,26.194120360802685,0.2167141271426985,0.20847762912492,0.1179845928013139,0.1103105960771632,1.072308174624872
ENSG00000083307,add_a1.0,2.0,54.45095698107747,42.94294294294294,60.662650602409634,305.8,8.06213449975367,23.328921717631623,0.2512448009506833,0.211545218779328,0.1269690763782341,0.0986203352738981,1.050064236224254
ENSG00000083307,add_a2.0,2.0,68.22822822822823,57.357357357357365,79.75903614457832,314.6,7.934368258514216,24.249162615061792,0.2480651732157516,0.2109177846943257,0.1252882311083021,0.1024188149759338,0.910367002251348
ENSG00000083307,add_a3.0,2.0,81.68168168168168,67.32732732732732,91.26506024096386,313.0,6.695017483959366,23.993821049142955,0.2183535983005652,0.2100297980011198,0.1063608086271613,0.1012615619772824,1.0212827959042805
ENSG00000083307,add_a4.0,2.0,86.24624624624626,82.28228228228228,83.73493975903615,315.0,6.095259968269522,21.716159503977973,0.2191922112974744,0.2114979073179715,0.0960723629740021,0.0918039370574241,0.9585494284318422
ENSG00000083307,add_gc_removed_a1.0,2.0,53.0044502333659,43.36336336336336,41.566265060240966,301.8,10.307336010484445,25.323913093819897,0.2884265008741552,0.2082926575019331,0.1647473790841893,0.1066102637223947,0.7784862272220693
ENSG00000083307,add_own,2.0,65.94594594594595,55.85585585585586,73.855421686747,309.6,6.974472931248566,23.813322590677835,0.2297286619984505,0.2095138375955911,0.1109217586104283,0.1004055428580539,0.9449089350072596
ENSG00000083307,random_a1.0,2.0,48.10810810810811,40.72072072072072,47.65060240963855,304.0,12.842873866174273,20.479094024992484,0.354022139525418,0.2108553770258606,0.2036611486671317,0.0865390074111548,0.8079039539645765
ENSG00000083307,unsteered,2.0,45.4054054054054,37.83783783783784,43.795180722891565,309.4,17.180680338186026,18.34817966972342,0.4544291703071985,0.2098083076089367,0.2733335489363776,0.0774154419686463,0.57471998043833
ENSG00000083799,add_a0.5,2.0,44.08408408408409,37.23723723723724,33.674698795180724,292.2,6.169810730756064,30.008730512335195,0.1716074296718653,0.2184617090000239,0.0941492091414701,0.1280030617424415,1.4014359781823642
ENSG00000083799,add_a1.0,2.0,61.98198198198198,39.87987987987988,70.60240963855422,303.8,7.891511343913021,24.86581529876757,0.2415650516716333,0.2203925746447616,0.1192285771055668,0.1063086713080059,0.9681827273336392
ENSG00000083799,add_a2.0,2.0,75.13513513513513,56.39639639639639,91.80722891566263,313.6,7.655652633221765,20.193462952600026,0.2792481384621094,0.220728517160829,0.1155787275596229,0.0863703578652859,0.7466650665250312
ENSG00000083799,add_a3.0,2.0,85.28528528528528,68.46846846846847,91.80722891566263,314.0,8.969521719910498,18.73411160837751,0.328746097004524,0.2201078191406508,0.1357990192479377,0.0800775094721204,0.6122705389800901
ENSG00000083799,add_a4.0,2.0,82.70270270270271,85.22522522522522,87.2289156626506,313.2,7.861339794675534,19.80648252256244,0.283312331740216,0.2217305004613931,0.1181842220169313,0.0848287677297149,0.7319757724574096
ENSG00000083799,add_gc_removed_a1.0,2.0,47.26726726726727,31.17117117117117,33.19277108433735,290.6,7.323044852034073,28.19195373789102,0.206580590437291,0.2206627955118627,0.1105963756428259,0.1205559648203239,1.1379352427805391
ENSG00000083799,add_own,2.0,64.68468468468468,42.94294294294294,78.37349397590361,306.2,7.980992896341725,21.69082590674141,0.2693666953961071,0.2197678841194784,0.1209770028956689,0.0926528525358903,0.7981655866682511
ENSG00000083799,random_a1.0,2.0,47.38738738738739,37.23723723723724,36.32530120481928,296.4,8.304476744498501,25.153756305977986,0.2495612260390585,0.2209426064401595,0.125238440099162,0.1076192477800145,0.8694178920571828
ENSG00000083799,unsteered,2.0,42.82282282282282,40.78078078078078,42.40963855421687,293.6,6.34620866698099,26.262466899234965,0.194573724952776,0.2229579593463827,0.0949795545580217,0.1126609424471951,1.2396343152998164
ENSG00000083937,add_a0.5,3.0,50.27027027027027,33.69565217391305,38.12111801242236,182.57142857142856,29.249615119180337,3.6904003518910353,0.888881215188223,0.2065743205494756,0.4720582097678688,0.0155099294082778,0.0369191396586524
ENSG00000083937,add_a1.0,3.0,50.424710424710426,34.161490683229815,47.36024844720497,181.28571428571428,32.16884884523918,3.774532115940141,0.8856890697892962,0.2056384090960522,0.5204916737100594,0.0158016228908579,0.0428326895104439
ENSG00000083937,add_a2.0,3.0,52.58687258687259,34.3944099378882,75.62111801242236,181.8571428571429,44.82968697148685,5.18386912001641,0.889038204201083,0.2060664897523981,0.7254300549502173,0.0217683977259778,0.0344706923604919
ENSG00000083937,add_a3.0,3.0,62.00772200772201,38.66459627329193,87.03416149068323,177.42857142857142,27.702743987145904,13.589796160973464,0.6475476192194458,0.2054031636341797,0.4496877347495501,0.0570072375150042,0.1746958161884935
ENSG00000083937,add_a4.0,3.0,63.32046332046332,43.6335403726708,87.34472049689441,176.14285714285714,21.296968956698,13.9700578878174,0.5850912360764576,0.2060806127746936,0.3452621767804602,0.0586738381663262,0.2223906179097617
ENSG00000083937,add_gc_removed_a1.0,3.0,48.88030888030888,33.92857142857143,37.18944099378882,182.42857142857144,29.76533614706917,3.0531075854871803,0.9058817611101984,0.2063857684212025,0.4807481174745049,0.0128229555658244,0.0275647162984909
ENSG00000083937,add_own,3.0,49.11196911196911,33.69565217391305,39.20807453416149,182.8571428571429,31.09062474707521,2.104781821714924,0.9379862532862966,0.2065967592390562,0.5016425392551815,0.0088438036192341,0.0175944652097627
ENSG00000083937,random_a1.0,3.0,48.41698841698842,33.92857142857143,37.18944099378882,182.7142857142857,29.32764338807512,2.0271560567864406,0.9348786958111396,0.2064976303343066,0.4734117043115348,0.0085161957414364,0.0187634936803315
ENSG00000083937,unsteered,3.0,48.88030888030888,33.38509316770186,39.440993788819874,182.0,31.16169544740973,0.7849293563579278,0.9756248218777492,0.2063492063492062,0.5033812341504652,0.0032967032967032,0.0065357209419927
ENSG00000085382,add_a0.5,2.0,75.25525525525526,65.88588588588588,76.32530120481928,304.4,6.53637997420668,23.26177413594652,0.2186843423871725,0.2217501172728888,0.0981970136689499,0.0996405249106326,1.0241687759046685
ENSG00000085382,add_a1.0,2.0,76.33633633633633,56.15615615615616,80.3012048192771,312.6,7.223134225580961,21.797831741016484,0.249269769714288,0.2236479272938085,0.1076058966032961,0.093587151180207,0.8978429136950739
ENSG00000085382,add_a2.0,2.0,74.5945945945946,56.21621621621622,81.44578313253012,308.8,7.34470119314159,23.86806650828237,0.2391631235625911,0.2213686170853463,0.1104175776183639,0.1021419863078128,0.994349890878761
ENSG00000085382,add_a3.0,2.0,84.38438438438439,70.0900900900901,90.66265060240964,313.2,7.096400732463631,21.05897775242126,0.2553194658915113,0.2224570099504816,0.1061605641267925,0.090317271033145,0.8813627151757446
ENSG00000085382,add_a4.0,2.0,87.98798798798799,77.5975975975976,93.61445783132532,313.8,6.886998096246311,21.18650158110359,0.2455943544358272,0.2222221183358793,0.1033409405750809,0.090800563661886,0.9016581454941311
ENSG00000085382,add_gc_removed_a1.0,2.0,53.33333333333333,46.786786786786784,55.72289156626506,301.0,6.840399750200478,24.239693269799613,0.2225005297270852,0.2200336534570692,0.1036195564209351,0.1035750841954381,1.001667815052551
ENSG00000085382,add_own,2.0,69.72972972972973,62.46246246246246,81.80722891566265,310.8,8.767688553557775,23.24393142668384,0.2710675458779066,0.2232332868236281,0.130840096843168,0.0997561242571358,0.8230628250322596
ENSG00000085382,random_a1.0,2.0,67.62762762762762,58.37837837837837,76.26506024096386,303.8,7.841428116020088,24.3085855239616,0.2438087682225613,0.2247972557832974,0.1161774138989212,0.1045111231516012,0.9409286032972364
ENSG00000085382,unsteered,2.0,87.2072072072072,47.02702702702703,94.09638554216868,316.8,6.272121333484493,20.101346932356183,0.2354885639628172,0.2236889470441743,0.0935039780444048,0.0863084216596087,0.9535886836262636
ENSG00000086475,add_a0.5,2.0,51.47147147147148,37.5975975975976,56.4139336803407,305.2,9.65894067967817,24.177918299561867,0.2853055348974954,0.2244127341458744,0.1433710308332338,0.1038893800568256,0.769486957185088
ENSG00000086475,add_a1.0,2.0,56.72455588118239,42.12905676761098,58.493975903614455,306.6,10.197759745092153,25.18696586968001,0.28656517726719,0.2250326564998713,0.1510820746500115,0.1083336514854557,0.7319234351332681
ENSG00000086475,add_a2.0,2.0,67.68768768768768,52.07207207207207,95.06024096385542,318.2,17.747649819539,18.597284475598304,0.437654742306529,0.2254226299505342,0.2622191338125298,0.0800386303916065,0.5322099954230212
ENSG00000086475,add_a3.0,2.0,78.7987987987988,57.41741741741741,88.25301204819277,312.6,9.5248070952839,23.99917637393505,0.2836914778856526,0.2254126800211625,0.1408502919711091,0.1032755936397149,0.7515413520272309
ENSG00000086475,add_a4.0,2.0,76.93693693693693,52.91291291291291,88.9156626506024,313.4,9.247726425345547,23.86556049721417,0.2778936193087136,0.2252042822979719,0.1368407551633748,0.1026788312939582,0.7648265403406543
ENSG00000086475,add_gc_removed_a1.0,2.0,43.48348348348348,32.372372372372375,40.54216867469879,297.0,10.91412724843845,25.097869844076182,0.3042658313952208,0.2263352938901394,0.1607339740485251,0.1081290585156413,0.673781770438508
ENSG00000086475,add_own,2.0,60.130431636455725,44.50450450450451,82.16867469879517,309.2,10.155673429646532,25.36668048307132,0.2870534774564046,0.2284853596948817,0.1481582940782928,0.1096228413381193,0.7426538557039561
ENSG00000086475,random_a1.0,2.0,52.13213213213213,39.75975975975976,52.46987951807229,303.2,15.068127023129472,20.73824888073609,0.407224650402979,0.2267229175731669,0.2219493879445367,0.089426651964631,0.7236494839091696
ENSG00000086475,unsteered,2.0,48.048048048048045,31.89189189189189,42.83132530120482,313.4,17.167811068354546,18.690573146007928,0.4498729656442904,0.2253619584307994,0.2536450877467843,0.0804260036807533,0.5121466979511698
ENSG00000087303,add_a0.5,2.0,69.7897897897898,62.94294294294294,86.26506024096386,312.8,7.865055959305161,29.3494872184968,0.2111661705244257,0.2441049588600178,0.1073640254189867,0.1294264488141814,1.2591360512983183
ENSG00000087303,add_a1.0,2.0,77.95795795795796,64.92492492492492,95.06024096385542,316.4,9.408343074823172,24.155633789345195,0.2782391375298274,0.2440673213812501,0.1286039306717616,0.106518743270629,0.8892102864132143
ENSG00000087303,add_a2.0,2.0,82.88288288288288,67.74774774774775,97.83132530120484,313.8,6.941661883141779,28.254657363146485,0.2002189653590135,0.2448855591358509,0.0944643567584047,0.1247159886255393,1.419254714759489
ENSG00000087303,add_a3.0,2.0,84.2042042042042,61.32132132132132,95.72289156626506,311.4,7.954751175664211,28.94228081480396,0.2177919825140123,0.2434014407632751,0.108900947226876,0.127520395550312,1.1763184671229292
ENSG00000087303,add_a4.0,2.0,83.84384384384384,70.3903903903904,82.7710843373494,312.0,7.256088620496266,28.19862340685814,0.2030285907088293,0.2442933464885865,0.0990380311191356,0.124386360143693,1.3408160775862767
ENSG00000087303,add_gc_removed_a1.0,2.0,63.3033033033033,50.93093093093093,87.53012048192771,314.4,10.11509922987259,21.8862062693613,0.3119571304655233,0.2430661857485599,0.1387011598242013,0.0963630659594526,0.793448156293885
ENSG00000087303,add_own,2.0,82.4024024024024,70.87087087087087,76.86746987951807,312.2,7.37198809494474,27.830366324847283,0.2094167065722464,0.2445023820539384,0.1005119407482411,0.1227893448619347,1.226554394885083
ENSG00000087303,random_a1.0,2.0,74.53453453453453,65.4054054054054,85.06024096385542,311.6,10.91769444198761,22.163570062104068,0.3254952420851038,0.2445027868290644,0.148986141639152,0.0978109419026779,0.7582026911047972
ENSG00000087303,unsteered,2.0,61.62162162162163,57.17717717717718,75.0,301.6,9.147431719878067,28.501771119565014,0.2447411015570804,0.244984037094974,0.1244330094468716,0.125821401318316,1.1048013725550827
ENSG00000087502,add_a0.5,2.0,46.72672672672672,41.26126126126126,46.3855421686747,298.8,6.472049433620787,26.8930336221302,0.1933926827828392,0.2188149263223276,0.0986164986862347,0.1147583976258324,1.303303236792288
ENSG00000087502,add_a1.0,2.0,49.78978978978979,42.76276276276276,47.65060240963855,298.8,6.222510029652886,26.477319902319906,0.190226574500768,0.218646864158769,0.0949194712200148,0.1129534539162927,1.218608202073014
ENSG00000087502,add_a2.0,2.0,68.1081081081081,56.0960960960961,86.98795180722891,311.0,8.100747810905979,21.752234659442102,0.2727481899543755,0.2188666242817143,0.1233917448869942,0.0928268790111059,0.7622050299885981
ENSG00000087502,add_a3.0,2.0,80.84084084084084,62.46246246246246,91.44578313253012,314.6,7.684938869157153,20.95307710754805,0.2721550130358425,0.2200398563942597,0.1164320849519628,0.089545297707466,0.7827178535073779
ENSG00000087502,add_a4.0,2.0,84.02402402402403,65.52552552552552,92.95180722891568,315.2,8.122124213868071,18.215756796399365,0.305932429562896,0.2196164055715184,0.1232324429517132,0.0778162111287854,0.6516850940726302
ENSG00000087502,add_gc_removed_a1.0,2.0,39.45945945945946,33.51351351351352,34.51807228915662,299.2,7.549420528044324,26.777715675555623,0.2199476154847691,0.2200831119278611,0.1142676115991468,0.1144523221229832,1.0361201990344608
ENSG00000087502,add_own,2.0,57.17717717717718,45.76576576576576,57.89156626506024,304.6,6.529635361737043,24.386353512259888,0.2155158589490386,0.2193954059110333,0.0992279474216084,0.1041573898508595,1.1400041443022515
ENSG00000087502,random_a1.0,2.0,45.52552552552552,35.01501501501501,36.62650602409639,296.6,8.103617648258098,27.000449876692976,0.2296293082072898,0.2189239997084327,0.1231850940848424,0.1152151368313844,0.9840437688666972
ENSG00000087502,unsteered,2.0,47.50569846955389,36.45645645645645,36.3855421686747,308.2,6.296477750770114,23.973882395598327,0.2098793604341762,0.2186784592884412,0.0959595251302108,0.1022607801250377,1.0846451846159162
ENSG00000090621,add_a0.5,2.0,60.9009009009009,52.01201201201201,74.51807228915662,323.8,28.832003107906083,11.004501832710243,0.6846383928442492,0.2162843329078154,0.4452853222628755,0.0468568958523844,0.2380205306185051
ENSG00000090621,add_a1.0,2.0,65.94594594594595,59.21921921921921,91.6867469879518,326.8,27.765825176942144,9.963226732905929,0.6847827081758293,0.216130028272724,0.4289722522113298,0.0424061362653987,0.2070239577174381
ENSG00000090621,add_a2.0,2.0,65.58558558558559,47.74774774774775,90.18072289156626,330.6,32.653874134496604,8.391853247831103,0.764193020016035,0.2153647924446972,0.5050518685897896,0.035639066029397,0.1344172302142703
ENSG00000090621,add_a3.0,2.0,76.75675675675676,67.44744744744744,92.1686746987952,324.0,20.915149703888247,14.29937893927418,0.5406232834762644,0.2152922528231714,0.3236264802627748,0.0607312627607551,0.3682619033117099
ENSG00000090621,add_a4.0,2.0,65.28528528528528,47.26726726726727,95.5421686746988,324.4,24.49693748924096,14.139484275610736,0.6253570795720919,0.2159897351657068,0.3781361799813764,0.0601177779546796,0.1740692553927366
ENSG00000090621,add_gc_removed_a1.0,2.0,57.71771771771772,45.76576576576576,62.83132530120482,324.2,32.21156379889824,9.070210110773024,0.7236458411289579,0.2164489945243261,0.4973498956296101,0.0386287882576198,0.1897723657912368
ENSG00000090621,add_own,2.0,68.34834834834835,56.63663663663664,95.36144578313254,328.0,29.278314473127256,11.3364617611361,0.6735044367219697,0.2158606471416804,0.4525486744540737,0.048209931230542,0.2670016524636122
ENSG00000090621,random_a1.0,2.0,53.93393393393394,41.68168168168169,62.53012048192771,329.6,34.79872277340631,7.889345041243774,0.7878103891187622,0.215969344872299,0.5378954370626736,0.0335823818695368,0.1914558374820576
ENSG00000090621,unsteered,2.0,58.67867867867868,46.066066066066064,65.0,330.2,36.05241605241605,6.837997872480631,0.802759072160006,0.2154903074443309,0.5575671045117064,0.0290499382363286,0.1405073159618969
ENSG00000090686,add_a0.5,2.0,79.75975975975976,52.252252252252255,97.83132530120484,312.4,5.944998554252242,24.28869402315136,0.1977438948087826,0.2085016871849878,0.0950677694328483,0.1022972358521814,1.1592368339916508
ENSG00000090686,add_a1.0,2.0,77.11711711711712,65.88588588588588,93.855421686747,315.4,7.421261624122859,20.09898636548869,0.2694626260386977,0.2074745036001954,0.1192945277957926,0.0845469085834825,0.7239277500315435
ENSG00000090686,add_a2.0,2.0,86.96696696696696,70.0900900900901,94.33734939759036,315.8,7.683168217682095,20.21898547651785,0.2703130080271886,0.2091374683579912,0.1223516626693002,0.0852232587643002,0.7384596733196783
ENSG00000090686,add_a3.0,2.0,84.50450450450451,76.6966966966967,92.04819277108432,315.6,7.15942588538546,20.22318771562409,0.2641602872746028,0.2097012673474248,0.113835664778479,0.0853079428029506,0.7637247721512938
ENSG00000090686,add_a4.0,2.0,87.44744744744744,82.4024024024024,92.7710843373494,317.0,5.861282926273169,19.630344797072578,0.2307157008455571,0.207644670922748,0.0940983630448775,0.0825890412908873,0.8893307467625181
ENSG00000090686,add_gc_removed_a1.0,2.0,65.85875031658165,45.1051051051051,86.6110362901758,308.6,7.244535871330816,23.383806396934595,0.2372625224469847,0.2081798634513386,0.115978751559139,0.0984299386579413,0.8636429840192719
ENSG00000090686,add_own,2.0,73.09309309309309,62.10210210210211,84.30786590470645,312.2,6.530991675584121,21.201236854305684,0.23315714255456,0.207064561330563,0.1050134432744978,0.0891440762493236,0.87688806375285
ENSG00000090686,random_a1.0,2.0,77.89789789789789,68.46846846846847,88.73493975903615,313.6,6.903109946973215,21.50927260344095,0.2418673643356038,0.2076865704492463,0.110900462670641,0.0904888663136881,0.8492352299576474
ENSG00000090686,unsteered,2.0,78.39918231484496,56.996996996997,72.04819277108433,310.0,5.8651062813470265,23.486458084547408,0.1993624518940974,0.2085191023361556,0.0937191623044874,0.098904587639155,1.0800941671839102
ENSG00000092036,add_a0.5,2.0,54.23423423423424,49.969969969969966,54.03614457831325,302.2,7.053039271313077,25.74418048723173,0.2146487260105483,0.2368742986767852,0.0991243460386591,0.1124740847759254,1.2353836230774324
ENSG00000092036,add_a1.0,2.0,61.62162162162163,59.3993993993994,61.385542168674704,307.2,5.99801409991001,28.87857979849209,0.1722802933526002,0.2380774250988609,0.0839435175535592,0.1263578692546244,1.5134962083935442
ENSG00000092036,add_a2.0,2.0,73.3933933933934,72.37237237237237,77.83132530120483,310.8,5.943778550112835,30.739111321994905,0.1629619922407015,0.2376889603008063,0.0831998710020094,0.1343938773076173,1.8418100419663588
ENSG00000092036,add_a3.0,2.0,84.2042042042042,80.78078078078079,84.21686746987952,311.4,6.037262452118823,30.76494693844,0.1618278018278018,0.2374341730019383,0.0846855175904095,0.134495715195506,1.707105399893417
ENSG00000092036,add_a4.0,2.0,86.18618618618618,83.48348348348348,83.9156626506024,314.0,5.291618313522176,31.414981364305493,0.14370144537398,0.2364474292926964,0.07455750032231,0.1371454744404666,1.8708070642622183
ENSG00000092036,add_gc_removed_a1.0,2.0,49.249249249249246,49.729729729729726,49.51807228915662,301.6,7.167863035389898,25.927963347177485,0.2172684624320107,0.2383661853601106,0.1002711027614189,0.1135017514294164,1.35051837884586
ENSG00000092036,add_own,2.0,69.6096096096096,63.72372372372372,70.66265060240963,311.4,6.366760028925276,25.39240889782462,0.2008607025146264,0.237784665230648,0.0892016679513748,0.1110549517943954,1.366200613812742
ENSG00000092036,random_a1.0,2.0,57.47747747747748,41.8018018018018,58.795180722891565,307.4,4.638954891076972,26.52205551616612,0.1483654346906226,0.2385623513512419,0.0647738122040768,0.1160970516331348,1.9016813882241703
ENSG00000092036,unsteered,2.0,43.54354354354355,41.86186186186186,41.506024096385545,298.2,7.865362126747728,21.78617714508324,0.2697143987955027,0.2385126162004943,0.1099548552690364,0.095343933664285,0.9167050602075733
ENSG00000099814,add_a0.5,2.0,74.47447447447448,68.46846846846847,79.21686746987952,308.4,7.781044258358875,29.576050068541328,0.2102055738105324,0.2321630821520442,0.1117710734328913,0.1283944897561477,1.3477589045828793
ENSG00000099814,add_a1.0,2.0,73.993993993994,65.22522522522522,88.855421686747,315.8,8.577387639205151,26.918766420868952,0.2407638069795016,0.2325932430369137,0.1231911317658967,0.1169489008209422,1.0591367778693908
ENSG00000099814,add_a2.0,2.0,81.50150150150151,78.91891891891892,84.45783132530121,314.8,6.649506086083072,30.011510461883688,0.1811760409813925,0.2311847621150816,0.0958731572322495,0.1301158644043811,1.5037791738930593
ENSG00000099814,add_a3.0,2.0,82.70270270270271,72.1921921921922,87.2289156626506,312.2,7.37044537026736,30.431082785166133,0.19421961767163,0.2316247456752922,0.1059342982949184,0.1320263817020257,1.3453658761544622
ENSG00000099814,add_a4.0,2.0,88.4084084084084,84.02402402402403,87.53012048192771,314.6,6.740175271180694,29.62912679179894,0.1858038595824377,0.2325491105591458,0.0965931499920314,0.1286919613970565,1.3692028791738398
ENSG00000099814,add_gc_removed_a1.0,2.0,64.26426426426426,48.048048048048045,78.855421686747,312.6,9.465969514616132,25.149163721003635,0.2714063586686537,0.2310707703771904,0.1372500909872162,0.1090703198229549,1.2123872030612768
ENSG00000099814,add_own,2.0,77.17717717717719,70.57057057057057,83.37349397590361,311.6,7.349338245420428,27.152617483955417,0.2161457105953667,0.2335731437403379,0.1049838292931466,0.1181067200731888,1.2190206095785072
ENSG00000099814,random_a1.0,2.0,76.63663663663664,71.29129129129129,80.12048192771084,311.8,8.581468882164437,27.40699452707047,0.2346744147825627,0.2307001397777621,0.1239692974497592,0.1187591920753647,1.0592584539488736
ENSG00000099814,unsteered,2.0,73.57357357357357,67.56756756756756,78.19277108433735,312.0,7.1723953126302735,28.72450782231917,0.2005504135391228,0.2319916447786976,0.1033080487944771,0.124697107236508,1.4661759651591648
ENSG00000100060,add_a0.5,2.0,74.65201465201466,53.45588235294118,96.61764705882354,251.4,6.1885949833740925,28.961413442618685,0.1725742112709531,0.2469743413387465,0.0834709140026141,0.1281991417462215,1.74725494201834
ENSG00000100060,add_a1.0,2.0,76.92307692307693,57.35294117647059,94.0441176470588,253.6,7.9662610762355,29.88512084675768,0.209071554363328,0.2471076042772549,0.1073360640541304,0.132303935501065,1.325870309099105
ENSG00000100060,add_a2.0,2.0,82.41758241758242,58.89705882352941,96.10294117647058,255.0,8.643247941927369,30.023818042746434,0.2242297605131231,0.246804256648891,0.1166900513510681,0.1328772329081307,1.171292313778847
ENSG00000100060,add_a3.0,2.0,85.12820512820512,73.08823529411765,93.52941176470588,255.2,6.110955651481881,27.43408151629305,0.1824611312640468,0.2479204610582208,0.0821606352933194,0.1216021244647388,1.5214421066925468
ENSG00000100060,add_a4.0,2.0,88.13186813186813,78.52941176470588,93.67647058823528,255.8,6.098051352111392,27.59058728300854,0.1813337809724204,0.2480268540123364,0.0819719060936828,0.1223058246015288,1.509874715287387
ENSG00000100060,add_gc_removed_a1.0,2.0,61.31868131868132,46.10294117647059,83.67647058823529,251.8,7.1431708521616,29.40702538935049,0.196464756115212,0.2487782625349769,0.0956609580930985,0.1304807073005342,1.3938973848493244
ENSG00000100060,add_own,2.0,70.96046110751993,59.63235294117648,85.66176470588235,253.6,6.69170330076774,27.41315154561868,0.199590207819138,0.2472959489108011,0.090215252731843,0.1214116458224473,1.4733712135078252
ENSG00000100060,random_a1.0,2.0,72.82051282051282,55.36764705882352,81.32352941176471,251.8,8.030060992556908,28.483460654382327,0.222156862745098,0.2467676290236982,0.1083901804101542,0.1260622623403267,1.2620810452747857
ENSG00000100060,unsteered,2.0,73.69963369963371,50.44117647058823,89.85294117647058,254.0,7.479199282785911,27.71513506641519,0.2115886513661177,0.2467109007452447,0.101089076428687,0.1226385639771072,1.2344700547313798
ENSG00000100207,add_a0.5,2.0,68.34834834834835,43.42342342342342,77.59036144578313,307.4,5.747977018967333,27.01883099179833,0.1784920143495995,0.2308016268261484,0.0830716179739099,0.1171172576351057,1.6032023100082895
ENSG00000100207,add_a1.0,2.0,71.47147147147146,58.13813813813814,87.95180722891567,312.2,6.345682582098266,27.23273990506188,0.1893411200958371,0.2313370566942891,0.0913503024743947,0.1181092945822737,1.3038856728234136
ENSG00000100207,add_a2.0,2.0,83.42342342342343,73.45345345345345,93.49397590361446,313.6,6.369012053347496,29.563690792330032,0.183101814518911,0.2317954130375022,0.0915499490519726,0.1282865416996998,2.0880235051648115
ENSG00000100207,add_a3.0,2.0,80.84084084084084,66.42642642642643,89.03614457831324,312.6,7.171867790393364,28.417047432188145,0.2025882451946772,0.2326799254509635,0.1027091454511438,0.1234505882780958,1.2168169380004457
ENSG00000100207,add_a4.0,2.0,86.72672672672672,74.77477477477478,91.32530120481928,313.4,7.721314343991041,29.737604046696696,0.206175851055253,0.2327318804911068,0.1106161595468211,0.1292001446657031,1.1696491293233289
ENSG00000100207,add_gc_removed_a1.0,2.0,54.35435435435436,49.489489489489486,56.385542168674704,303.0,8.33534903076039,24.54227437197223,0.2540735059832038,0.2319078280691668,0.1197562304346195,0.10649136284166,0.9392462558390156
ENSG00000100207,add_own,2.0,76.6966966966967,57.47747747747748,91.26506024096386,311.4,7.331798090971159,30.950654914315567,0.1918135014591707,0.2308349119625648,0.1059894813871649,0.1341387350147249,1.310932599972235
ENSG00000100207,random_a1.0,2.0,60.54054054054054,39.87987987987988,70.60240963855422,305.6,6.960486195108968,25.62115506125574,0.2118579168841254,0.2314049923762494,0.1001789965972711,0.1111274133662971,1.157979996214964
ENSG00000100207,unsteered,2.0,66.12612612612614,57.357357357357365,74.21686746987952,311.6,6.443466006350784,25.902234882099425,0.2044120645912094,0.230487218300893,0.0932011295515849,0.1122581914352311,1.4531189777614066
ENSG00000100239,add_a0.5,2.0,61.38138138138138,40.0,83.73493975903615,328.4,23.765882269066985,13.115794497729883,0.6273478268100006,0.2320233399206621,0.3412170181407478,0.0569177336084441,0.2422187162367652
ENSG00000100239,add_a1.0,2.0,59.93993993993994,39.93993993993994,75.12048192771084,318.0,15.945356820970073,18.42438162848948,0.4603577929845678,0.23359114100021,0.2279817477219978,0.0801648068217797,0.4219926102437774
ENSG00000100239,add_a2.0,2.0,69.1891891891892,40.36036036036036,92.34939759036143,318.4,18.688638490532384,19.06371617069582,0.4918564788081415,0.2312258838047605,0.2693058203937027,0.082657996362982,0.3212602488412249
ENSG00000100239,add_a3.0,2.0,75.07507507507508,50.45045045045045,94.27710843373494,321.8,13.408287047641805,22.32810115581238,0.3661873024719227,0.2327101537680551,0.1921279895252366,0.0969910174832834,0.610678405128305
ENSG00000100239,add_a4.0,2.0,83.36336336336336,58.25825825825825,95.72289156626506,316.2,7.579936548699204,25.63341793193485,0.2260361298006146,0.2327659146246776,0.1083808728364304,0.1113588668745142,1.1480928079704238
ENSG00000100239,add_gc_removed_a1.0,2.0,55.01501501501501,32.61261261261261,60.06024096385543,322.4,22.993127917599217,17.07786450820039,0.5456086533109975,0.2327942796670956,0.3297850203328561,0.0742329655939668,0.4694984411281039
ENSG00000100239,add_own,2.0,62.82282282282282,32.432432432432435,90.42168674698794,329.2,26.05567354496987,12.934692519733057,0.6655298492297707,0.232009294894128,0.3744034494131278,0.0561442304764936,0.1561055157490926
ENSG00000100239,random_a1.0,2.0,55.73573573573574,35.85585585585586,61.807228915662655,323.6,27.27013802810768,12.207963931440805,0.672341744913928,0.23240489972463,0.3913328617944273,0.0530233962473093,0.2075371270000103
ENSG00000100239,unsteered,2.0,57.11711711711712,33.213213213213216,66.98795180722891,331.8,31.09222593699036,9.77710977582418,0.7597475978135788,0.2322686693709389,0.4462174536807405,0.0424509181625781,0.0991519627438516
ENSG00000100350,add_a0.5,2.0,66.48648648648648,47.327327327327325,97.40963855421688,326.8,15.446975583327736,15.508590885502098,0.4967334161424519,0.2481945452097819,0.2073867368710277,0.0687564152264061,0.3693682293132219
ENSG00000100350,add_a1.0,2.0,75.1951951951952,48.22822822822823,99.57831325301206,321.2,12.638379181309238,19.74681769112899,0.3932051590837905,0.2486640140207095,0.1695103168089302,0.087628605667621,0.6114205914670255
ENSG00000100350,add_a2.0,2.0,77.11711711711712,51.59159159159159,99.51807228915663,322.0,11.176280547841015,24.15904369296228,0.3151137483930828,0.2487160026550501,0.149416809063607,0.1071507760628458,1.1507924698947831
ENSG00000100350,add_a3.0,2.0,83.66366366366367,56.33633633633633,99.57831325301206,315.0,7.920316050405004,26.812757718535075,0.2283050587606402,0.2502487995066307,0.1056267578734509,0.1192248696063338,1.1818823336611113
ENSG00000100350,add_a4.0,2.0,79.63963963963964,56.336336336336345,97.5301204819277,317.2,6.977903649233687,28.27674812019473,0.1989215864215864,0.2494864216201406,0.0932684167722766,0.1256017850060034,1.5059208148296186
ENSG00000100350,add_gc_removed_a1.0,2.0,66.006006006006,43.84384384384384,96.0843373493976,320.0,11.268289050468804,23.595997839125307,0.3277574554069119,0.2481936147814578,0.1513578402413935,0.1046054619722633,0.7841669849772457
ENSG00000100350,add_own,2.0,75.37537537537537,49.84984984984985,98.79518072289156,317.8,9.87681712153997,24.968384875410333,0.2895140560248445,0.2488793664395909,0.1322540580199518,0.1108139287182994,0.9328624361481956
ENSG00000100350,random_a1.0,2.0,65.1051051051051,45.04504504504504,95.66265060240964,325.0,15.54131128665922,18.04776681039231,0.460145809410114,0.2484096329400991,0.2085348264500298,0.0800393824086166,0.5906414851180809
ENSG00000100350,unsteered,2.0,63.78378378378379,43.72372372372372,91.50602409638554,328.4,17.246133498793075,15.824635287401245,0.5209290391307071,0.248617225611907,0.2312766775113062,0.0702095654901318,0.3606704894119368
ENSG00000100412,add_a0.5,2.0,67.02702702702703,60.54054054054054,66.84144432715757,303.8,6.480212717580959,26.899734095110183,0.1920148115478618,0.2417007971718036,0.0894091422153097,0.1182422065981768,1.5790960543010435
ENSG00000100412,add_a1.0,2.0,66.06606606606606,65.76576576576576,78.19277108433735,310.6,6.750961885124013,28.40662433028275,0.192351587385356,0.2408987238449434,0.0934529965231631,0.1247111167449998,1.394896782593633
ENSG00000100412,add_a2.0,2.0,80.18018018018019,68.04804804804806,88.79518072289156,310.2,7.03081933708035,28.621066450690662,0.200795968323563,0.2391976363100383,0.0979472373055985,0.1253925097717142,1.340392746333425
ENSG00000100412,add_a3.0,2.0,84.32432432432432,68.64864864864865,94.6987951807229,317.2,6.493123805637265,27.50112632829001,0.1910239049984035,0.2401638344008876,0.090119891107572,0.1206490676597114,1.3500542849752395
ENSG00000100412,add_a4.0,2.0,82.28228228228228,68.22822822822823,93.79518072289156,312.6,8.054596997365644,28.392676768648027,0.2215452777556603,0.2399391044303191,0.1119812320163931,0.1245275608748876,1.1304537774065502
ENSG00000100412,add_gc_removed_a1.0,2.0,62.64264264264264,48.70870870870871,65.06024096385542,306.2,7.208031686550761,26.8299956998322,0.2090953607864464,0.240168043322004,0.09994820135735,0.1177156860628053,1.2606305625970131
ENSG00000100412,add_own,2.0,67.56756756756756,67.56756756756758,84.39759036144578,314.4,8.124627280999658,24.99681513137584,0.2558297676434142,0.2397494398494956,0.1129475093905162,0.1095875519114714,1.0326237911956475
ENSG00000100412,random_a1.0,2.0,63.96396396396396,62.16216216216217,63.97590361445784,306.8,6.840608988365675,28.028551330751505,0.1954524648392573,0.24119005215856,0.0945402414024459,0.1231246460934197,1.321029317706639
ENSG00000100412,unsteered,2.0,58.61861861861862,52.97297297297298,69.63855421686746,305.8,7.171907367333868,25.849755456796704,0.2266723034471513,0.2413369201572142,0.0991362706889249,0.1136167375620046,1.2233518878191592
ENSG00000100522,add_a0.5,2.0,53.032258064516135,40.0,28.571428571428573,139.0,12.822849170899069,23.4450838439018,0.3511157119852772,0.2415952154225202,0.1767669124806632,0.103042504053357,0.6077765866780735
ENSG00000100522,add_a1.0,2.0,51.354838709677416,40.909090909090914,37.66233766233766,139.4,12.514214755970064,21.225220789674413,0.3684503459006824,0.2397585704198691,0.1738637345310977,0.0930458432443998,0.6056934299302437
ENSG00000100522,add_a2.0,2.0,54.83870967741935,45.71428571428571,48.7012987012987,141.4,14.900486783389727,21.343075394108457,0.407541125167307,0.2417192971553958,0.2052504453636161,0.0938188105578223,0.4759340050409202
ENSG00000100522,add_a3.0,2.0,65.80645161290323,53.11688311688312,73.11688311688312,146.8,20.706919463918634,15.92717713012955,0.5131444511591416,0.2416070048778402,0.2860456625187336,0.0700091932562795,0.3692393325709207
ENSG00000100522,add_a4.0,2.0,75.87096774193549,63.50649350649351,79.35064935064935,144.4,10.52831061239186,21.16786189719586,0.3356677286299135,0.2416209770390211,0.1452452956238838,0.0930264509565976,0.7087620500761299
ENSG00000100522,add_gc_removed_a1.0,2.0,42.064516129032256,31.55844155844156,27.53246753246753,142.0,16.32199209576438,20.25755416746972,0.4384042033235581,0.2415150293133121,0.2259389333510498,0.0890890641581568,0.5887164819273665
ENSG00000100522,add_own,2.0,56.64516129032258,47.142857142857146,41.42857142857143,141.2,11.617227344884656,23.50919264588329,0.3340716563741909,0.2404708314725368,0.1611895872345819,0.1032388877489643,0.6582242324969556
ENSG00000100522,random_a1.0,2.0,42.70967741935484,32.98701298701299,29.35064935064935,136.6,11.852296314209138,27.98159486162025,0.2952045767915229,0.2440248341179359,0.1616164228468631,0.1233377078127302,0.8077432770400591
ENSG00000100522,unsteered,2.0,42.96774193548387,35.324675324675326,25.584415584415584,140.6,13.114901098542628,24.87631762828445,0.3445238095238095,0.2432710423030017,0.1795077267085788,0.1095609888634421,0.6242214523058685
ENSG00000100554,add_a0.5,2.0,58.34862385321101,34.65437788018433,49.953917050691246,202.0,6.737912837174306,23.64694908692321,0.2212574154493761,0.2286023382391818,0.0980688487371549,0.1021976322787685,1.061415533499038
ENSG00000100554,add_a1.0,2.0,60.27522935779816,41.474654377880185,45.89861751152074,196.8,8.061278118169778,27.159885579017235,0.2276198124460839,0.228348046164219,0.1175807235286064,0.1173285846142486,1.063256557278641
ENSG00000100554,add_a2.0,2.0,67.43119266055047,51.70506912442397,66.72811059907835,201.6,8.9571728457803,24.22384157273504,0.2651168358053604,0.2287088649273045,0.1305125460227441,0.1046851742102216,0.8554965596529025
ENSG00000100554,add_a3.0,2.0,68.62385321100916,65.6221198156682,72.07373271889401,200.6,7.194816551897921,26.60424861740705,0.2129155366984515,0.2284099680769077,0.1050173714828068,0.114941740185676,1.2048621544110216
ENSG00000100554,add_a4.0,2.0,69.81651376146789,72.53456221198157,76.40552995391705,203.2,7.195306618179752,25.604979378856108,0.218283564831357,0.2281173266537555,0.1051808621152774,0.1105633356353732,1.1588060872741357
ENSG00000100554,add_gc_removed_a1.0,2.0,48.99082568807339,35.944700460829495,38.3410138248848,196.8,5.599827663202258,25.844276659978487,0.1763059416439574,0.2277506599369561,0.082035059556184,0.1115505233367266,1.4048167215948986
ENSG00000100554,add_own,2.0,49.54128440366973,50.23041474654378,54.83870967741935,199.4,6.629575331747955,27.02175650559525,0.197328767793164,0.2290205267000165,0.0965448429941171,0.1168317807839309,1.2143437554580063
ENSG00000100554,random_a1.0,2.0,44.22018348623853,35.39170506912443,31.545058883768565,194.0,8.063860415155752,23.605229276677328,0.254714670815046,0.23096627894119,0.1162728990347183,0.1023138801118609,0.90107574270713
ENSG00000100554,unsteered,2.0,52.56880733944954,41.29032258064516,39.07834101382489,196.4,8.156658661637337,24.51843617300735,0.2497360331277798,0.2288315276163759,0.1188680815617477,0.1059540026439134,0.9215352526448576
ENSG00000100629,add_a0.5,2.0,67.26726726726727,81.62162162162163,48.855421686746986,305.0,8.717072211015168,23.545200163141427,0.2688416028642629,0.2143548520786216,0.1356885013930245,0.0999043384342209,0.7865629988933545
ENSG00000100629,add_a1.0,2.0,87.92792792792793,71.77177177177177,70.12048192771084,309.2,8.272428720900654,24.32625854518457,0.2520710034770239,0.2136672025163498,0.1290029621056989,0.1031248873607082,0.8323977861857657
ENSG00000100629,add_a2.0,2.0,80.9009009009009,79.81981981981981,68.55421686746988,311.2,6.8194005822494175,21.68628826564916,0.2390983832434882,0.2149928936393642,0.1057841545063419,0.0920718647104843,0.9313497257067198
ENSG00000100629,add_a3.0,2.0,80.78078078078077,84.08408408408408,81.26506024096386,311.6,7.964360144094646,22.04363606884197,0.265317796978306,0.2148773184358511,0.1235208397217824,0.0935903543439106,0.7659880082108672
ENSG00000100629,add_a4.0,2.0,76.75675675675676,91.29129129129127,83.6144578313253,314.6,7.901841760145021,19.66525174532432,0.2850150532467606,0.2152417120882074,0.1223377603355657,0.0835445342843228,0.6995273913895155
ENSG00000100629,add_gc_removed_a1.0,2.0,57.23723723723724,56.396396396396405,47.108433734939766,305.2,7.007805201710562,25.226998003960023,0.2181869217595743,0.2145800565542211,0.1088306670065359,0.1070451495318595,1.02504797784284
ENSG00000100629,add_own,2.0,69.12912912912914,83.90390390390391,67.89156626506023,308.8,7.7214553127479935,24.050300550462016,0.2434996100391822,0.2151059273066952,0.1196234930002501,0.1021428620468267,0.881647676074723
ENSG00000100629,random_a1.0,2.0,70.93093093093094,78.25825825825825,60.90361445783133,308.2,8.565617897948746,23.76264832615983,0.2645102733753026,0.214647806685003,0.1331416592157916,0.100856384768295,0.7909643044293805
ENSG00000100629,unsteered,2.0,65.7057057057057,71.95195195195194,61.506024096385545,302.0,7.829862710055854,25.476875994973646,0.2364734299516908,0.2140611083527895,0.1219192416977219,0.1080332539177932,0.9367389015299926
ENSG00000101161,add_a0.5,2.0,66.36636636636636,43.36336336336336,96.98795180722892,313.4,45.21302828764848,6.809792529327486,0.8664266097258974,0.2198683605984047,0.6851404204140719,0.0290821484243899,0.0447743943344841
ENSG00000101161,add_a1.0,2.0,70.27027027027027,45.34534534534534,99.4578313253012,312.2,29.57105731492416,14.455191800833353,0.649604435001786,0.2207947532317258,0.4466783198466866,0.0618393756231228,0.1996226720750663
ENSG00000101161,add_a2.0,2.0,74.5945945945946,46.60660660660661,98.43373493975903,314.8,26.824860355316964,15.97144144429854,0.6146541313536104,0.2208093969345664,0.404696464829058,0.0683111975916636,0.215337294809335
ENSG00000101161,add_a3.0,2.0,75.55555555555556,50.750750750750754,98.97590361445783,312.0,14.415559070369875,21.157743332524905,0.4017557936135011,0.2222329182085312,0.2165427689769726,0.0906842733123847,0.45218198779114
ENSG00000101161,add_a4.0,2.0,84.44444444444444,68.4084084084084,96.02409638554217,315.2,13.585753277221844,18.9657363856202,0.4191693290997065,0.2215844007026242,0.2043427246809709,0.0812136841379195,0.4121997698098802
ENSG00000101161,add_gc_removed_a1.0,2.0,71.53153153153153,46.306306306306304,96.6867469879518,313.0,29.59427301766,14.41823525103174,0.6511168716730165,0.221308066241713,0.4453700618528403,0.061705970272586,0.1888008965044567
ENSG00000101161,add_own,2.0,73.33333333333334,43.84384384384384,99.09638554216868,311.0,21.46385891592511,19.37607110083203,0.4969224493429365,0.2202877947742817,0.324845463228939,0.0828252883500501,0.3767029930676678
ENSG00000101161,random_a1.0,2.0,67.26726726726727,43.9039039039039,95.96385542168676,307.8,37.05344503224382,10.259363539156938,0.7422162081776891,0.2214342289686345,0.5571099918694543,0.0439000354939917,0.2134940785285284
ENSG00000101161,unsteered,2.0,66.06606606606606,38.1981981981982,91.6265060240964,309.4,18.51128671019693,20.770947025919213,0.4466175368547059,0.2198549176407809,0.28007828824983,0.0887317496911055,0.4570524112807398
ENSG00000101189,add_a0.5,2.0,78.04878048780488,72.39263803680981,81.59509202453987,156.0,14.172110148755523,15.97171149542263,0.4161575622445188,0.2049664083159562,0.2298757103350568,0.0669489725531964,0.502153269714296
ENSG00000101189,add_a1.0,2.0,75.0,64.78527607361964,83.8036809815951,157.0,19.351502561840668,13.145801221399628,0.5325416325416326,0.2060957345632462,0.3130482538872951,0.0552082978177648,0.2989250626134592
ENSG00000101189,add_a2.0,2.0,85.2439024390244,70.79754601226993,80.49079754601227,156.2,13.136300284476013,14.91774379339532,0.4441118669690098,0.2070071398316618,0.2117983393563011,0.0627163338255986,0.4346553553268761
ENSG00000101189,add_a3.0,2.0,85.36585365853658,70.1840490797546,94.60122699386504,157.4,11.654585560823566,14.737920509450763,0.4197590232265155,0.2068323053603201,0.1881395851621844,0.0619516773556814,0.4492602542592571
ENSG00000101189,add_a4.0,2.0,79.26829268292684,66.25766871165645,93.00613496932516,155.8,16.427373913558103,12.603963802474,0.5476818103680912,0.2072602338149354,0.2643300106333981,0.0530196920791257,0.2415872589758937
ENSG00000101189,add_gc_removed_a1.0,2.0,62.5609756097561,60.98159509202454,74.84662576687117,155.4,11.981877771351456,17.241697395619937,0.3588433706084882,0.2065053845341827,0.1938542304783328,0.0724362604810776,0.5928927217323344
ENSG00000101189,add_own,2.0,77.92682926829268,75.70552147239263,83.06748466257667,155.8,11.986226705649424,16.31005372922651,0.3653100653100653,0.20753458097649,0.1928480602630845,0.0686106578693495,0.6029735393324845
ENSG00000101189,random_a1.0,2.0,70.85365853658536,60.0,70.67484662576688,157.4,17.619876568399707,15.964234099878215,0.4697622027095711,0.2066913873154476,0.2843688778370822,0.0670775121318722,0.4123445613455084
ENSG00000101189,unsteered,2.0,79.14634146341464,77.66871165644173,80.3680981595092,154.6,7.913092465907219,17.376296729480462,0.3130319432120674,0.2068298522298613,0.1276218454416514,0.0730323725756876,0.5820693374120434
ENSG00000101190,add_a0.5,2.0,79.51951951951952,53.09309309309309,95.5421686746988,313.8,8.482637158881218,19.791812758776,0.3015429687252348,0.2218587948066336,0.1274938287937741,0.0847774825515805,0.6687998063302611
ENSG00000101190,add_a1.0,2.0,81.32132132132132,69.00900900900902,95.48192771084338,317.2,6.684371847823488,19.304360770485424,0.2565783284323243,0.2208933343627243,0.1009294139174331,0.0825903424873949,0.8346904801832619
ENSG00000101190,add_a2.0,2.0,91.23123123123123,78.01801801801801,97.7710843373494,319.8,6.709766317086803,14.68738667802251,0.3191476590636254,0.2211080250896482,0.1011711478826901,0.0628563628759989,0.6292194768223835
ENSG00000101190,add_a3.0,2.0,88.22822822822823,72.43243243243244,98.19277108433737,318.0,7.358327243214317,18.424938246346773,0.2980076142440299,0.2215956231286562,0.1107063473787328,0.0789099140591363,0.744887141901754
ENSG00000101190,add_a4.0,2.0,89.54954954954955,81.74174174174175,96.26506024096386,318.6,6.735174395898572,16.344253390383273,0.2893705624839054,0.2221506715703964,0.1010611611500266,0.0700373004870534,0.725003333067348
ENSG00000101190,add_gc_removed_a1.0,2.0,76.81681681681681,67.0870870870871,85.3012048192771,312.6,6.795177696642014,21.65022676211152,0.2379251012690594,0.2220004503838312,0.1020383000754097,0.092750851595428,0.9320513811820272
ENSG00000101190,add_own,2.0,79.15915915915916,61.74174174174175,99.4578313253012,314.4,9.126167236467056,20.04319512376859,0.3064746309795815,0.222366333544238,0.1367739583337482,0.0859128952621419,0.6988427058359472
ENSG00000101190,random_a1.0,2.0,85.2852852852853,72.85285285285286,95.96385542168676,316.0,7.035181406302719,20.2623584609162,0.2565846766649979,0.2217986890870819,0.1057549528511414,0.0867928542604111,0.8445059183140499
ENSG00000101190,unsteered,2.0,78.49849849849849,68.16816816816818,90.78313253012048,315.4,8.060020977141445,20.06167297840187,0.2873981054787506,0.2225770306919798,0.1207333296004078,0.0860230924999699,0.7362066576201567
ENSG00000101447,add_a0.5,2.0,78.25825825825825,69.72972972972973,89.51807228915662,310.6,6.185219755647553,26.47829877327356,0.1902324004193163,0.2356281273990974,0.0874306475134575,0.1154662977773713,1.341093288448055
ENSG00000101447,add_a1.0,2.0,81.32132132132134,64.62462462462463,94.21686746987952,309.0,7.054441330670582,25.247120663030465,0.2181634218574252,0.2348128474279434,0.1001783360345319,0.109990560435508,1.1368481796140084
ENSG00000101447,add_a2.0,2.0,86.12612612612612,69.1891891891892,97.95180722891568,316.0,6.647437836014618,25.601777368710664,0.2073042504552315,0.2339019757496959,0.094731557784284,0.1113918812318599,1.1818622381955872
ENSG00000101447,add_a3.0,2.0,87.92792792792793,73.75375375375376,94.33734939759036,316.6,5.878866779125702,26.65917761337944,0.1813400167752287,0.2353507418838389,0.0832542552809968,0.1162120926668796,1.4365692796751728
ENSG00000101447,add_a4.0,2.0,86.84684684684684,85.1051051051051,93.97590361445783,315.2,5.832812018660258,24.04933483378049,0.1952370367887912,0.234906540966208,0.0826944141493364,0.1047765095821548,1.2982492257771532
ENSG00000101447,add_gc_removed_a1.0,2.0,82.52252252252252,64.68468468468468,90.78313253012048,313.0,6.525914744939153,24.261654747132773,0.2141714971946157,0.2345021977650072,0.0927768959931395,0.1056372707829184,1.1724221972697917
ENSG00000101447,add_own,2.0,84.14414414414415,67.50750750750751,95.18072289156626,313.2,8.062594208748726,24.353193151764696,0.2488456165903288,0.2349402676936605,0.1142937895902217,0.1061174039441412,0.9423914777104472
ENSG00000101447,random_a1.0,2.0,71.53153153153153,61.20120120120121,87.89156626506023,306.6,6.726040010343796,24.733153667391715,0.2185078570435266,0.2366720340138431,0.0946881247266347,0.1079917112156305,1.1897359856317853
ENSG00000101447,unsteered,2.0,73.87387387387388,59.33933933933933,89.75903614457832,312.0,5.963676003165286,28.09770175525107,0.1747247989383211,0.235026873554393,0.0845261038553721,0.1224287965306274,1.5062291264249266
ENSG00000101557,add_a0.5,2.0,45.7057057057057,37.23723723723724,36.62650602409639,303.2,8.540247419343732,23.08138829828648,0.2641072026540567,0.2173731914077596,0.1307922014859959,0.0983040014097408,0.8438528706621741
ENSG00000101557,add_a1.0,2.0,44.26426426426427,30.69069069069069,35.42168674698795,301.2,7.042157195731204,26.698154794538645,0.2085095060450029,0.2196475770635323,0.1066963321564096,0.1140460100760598,1.1151526732777104
ENSG00000101557,add_a2.0,2.0,70.87087087087087,60.96096096096096,65.8433734939759,310.4,10.434068639735376,19.58978233587172,0.332939442057134,0.2183046216406086,0.159701375752067,0.083534408208699,0.6296397423838822
ENSG00000101557,add_a3.0,2.0,78.7987987987988,61.74174174174175,88.97590361445783,310.2,7.287711541026501,20.27153886295402,0.2632783435157763,0.2179621952554909,0.1114123487344809,0.0863959102137086,0.8117516823495446
ENSG00000101557,add_a4.0,2.0,80.54054054054055,61.98198198198198,91.50602409638554,313.6,8.860998634355228,18.569009477513525,0.3297546368463896,0.2190445400385105,0.1348120550117996,0.0792703050233335,0.5936203467289014
ENSG00000101557,add_gc_removed_a1.0,2.0,46.786786786786784,30.93093093093093,28.55421686746988,299.2,9.306644782825945,25.37086182255265,0.2665313988927457,0.2213353946917799,0.1400967954161099,0.1086198068615055,0.8558242115621827
ENSG00000101557,add_own,2.0,44.62462462462462,33.213213213213216,33.49397590361446,303.6,10.524362898147675,24.17802919009758,0.2980523260191603,0.2191614021226273,0.1598562338912358,0.1031977335141651,0.7672297103297268
ENSG00000101557,random_a1.0,2.0,43.66366366366366,30.330330330330334,30.5421686746988,298.0,8.812725978615347,26.303411202407933,0.25579515437271,0.2196205215978805,0.1338783667254489,0.1123514490008051,0.889554384308909
ENSG00000101557,unsteered,2.0,45.16516516516516,35.97597597597598,32.46987951807229,307.0,10.6184518761099,25.19291020435552,0.2917237179019684,0.2198560930489382,0.1611409284487151,0.1076525778747331,0.8762455218401213
ENSG00000101986,add_a0.5,2.0,80.54054054054055,58.1981981981982,96.56626506024097,315.0,6.224641917743501,28.26383481877366,0.1808119835456283,0.2755668889815909,0.0753421585282317,0.1300668189881145,1.769132189348617
ENSG00000101986,add_a1.0,2.0,81.98198198198199,58.97897897897898,98.3734939759036,314.6,6.5541470726838895,29.88432036317021,0.1777960689591731,0.2759070050994557,0.0791483570657228,0.1375757291742353,1.818383174089944
ENSG00000101986,add_a2.0,2.0,81.74174174174175,63.3033033033033,95.18072289156626,310.8,7.855847522871736,29.356090140576832,0.2102596979123968,0.2764802286720886,0.0946995296188081,0.1352398965747229,1.472163658129449
ENSG00000101986,add_a3.0,2.0,86.36636636636636,71.8918918918919,94.57831325301206,313.6,6.884601073574991,29.47450710546272,0.190806380756601,0.2756579452434757,0.0832412435488343,0.1356302728923777,1.7257674727099177
ENSG00000101986,add_a4.0,2.0,87.86786786786787,65.58558558558559,97.710843373494,313.6,5.936061742346415,30.03792120402712,0.1642673612588752,0.275221531630254,0.0718451761547587,0.1381502383233846,2.0004987086907784
ENSG00000101986,add_gc_removed_a1.0,2.0,75.61561561561561,51.291291291291294,89.39759036144578,311.8,7.3174107551511485,29.142542406287923,0.20070856125387,0.274815521120995,0.0887220854020402,0.1339294295414306,1.6463043707828224
ENSG00000101986,add_own,2.0,78.1981981981982,60.54054054054054,94.93975903614458,313.8,7.489542224693883,27.868369775444755,0.2357653048697447,0.2758265368508169,0.0904223225237746,0.1282554121625494,1.8001486591102396
ENSG00000101986,random_a1.0,2.0,71.17117117117117,53.3933933933934,89.63855421686746,313.8,5.983380220048719,28.13988586088641,0.1752944651252373,0.2758344496570631,0.0723945471007791,0.1295326258154038,1.9031964629532048
ENSG00000101986,unsteered,2.0,82.76276276276276,67.0870870870871,88.49397590361446,314.4,6.486610860662124,26.653342397065124,0.1962549121105925,0.2761517970147675,0.0783171718526972,0.1227498899960662,1.588091002546809
ENSG00000102098,add_a0.5,2.0,52.7927927927928,35.61561561561562,33.43373493975904,297.2,6.600733986380204,25.908467238485105,0.2030344258915687,0.2238650815565649,0.0982034921498503,0.1112589419369756,1.1505478916444318
ENSG00000102098,add_a1.0,2.0,52.852852852852855,33.933933933933936,41.86746987951807,296.6,6.480525940799578,26.439736508790013,0.1965336967889978,0.2252951208555043,0.0959437469308197,0.1137602399380179,1.1975204384165845
ENSG00000102098,add_a2.0,2.0,61.5015015015015,54.47447447447447,63.13253012048193,304.0,8.718062429704307,23.96897025309475,0.2700245707468302,0.2240042828466998,0.1299295680830494,0.1029749288691136,0.8734836399191307
ENSG00000102098,add_a3.0,2.0,85.28528528528528,83.3033033033033,87.10843373493977,317.0,8.57618461343009,15.754346141291569,0.3590173350041771,0.225593367312164,0.1268057777437589,0.0678086421812751,0.5470406339379572
ENSG00000102098,add_a4.0,2.0,89.12912912912913,88.28828828828829,88.61445783132531,316.4,8.852262929882752,17.983727500145477,0.3330397858073025,0.2246662534342157,0.1313592992427847,0.0773101878741671,0.5975293610643229
ENSG00000102098,add_gc_removed_a1.0,2.0,45.4054054054054,28.64864864864865,29.87951807228916,297.8,6.364334399383388,25.8104187729638,0.1978482972136223,0.2272504587344303,0.0933942352021082,0.1113404355038637,1.259227747886121
ENSG00000102098,add_own,2.0,41.26126126126126,35.31531531531532,29.096385542168672,296.6,6.603137128718127,25.42121097924704,0.2081359678828861,0.2243429504237125,0.09808361911242,0.109246035630734,1.1469866064040963
ENSG00000102098,random_a1.0,2.0,51.47147147147147,38.97897897897898,31.44578313253012,298.2,5.701238678829396,27.833563193095337,0.17084145377721,0.2248322999275513,0.084554067127265,0.1197012140958974,1.4442477538162453
ENSG00000102098,unsteered,2.0,55.43543543543543,40.42042042042042,24.518072289156628,299.8,6.524774942242931,28.49505853377168,0.1878753656654463,0.2250600792849461,0.0966097881881397,0.1225483662255606,1.3057977222238248
ENSG00000103194,add_a0.5,2.0,49.66966966966967,40.48048048048048,31.927710843373497,296.4,5.813768393930151,29.28070674815448,0.1662177120982056,0.2390259317862782,0.0810566303484824,0.1282600957090856,1.606049266400151
ENSG00000103194,add_a1.0,2.0,53.87387387387387,46.66666666666666,57.71084337349398,300.4,7.716152265006235,25.665226441669752,0.233407268170426,0.2371692646992289,0.1083481937538008,0.112130785728157,1.0800782808641167
ENSG00000103194,add_a2.0,2.0,73.91674807337458,60.54054054054054,83.855421686747,313.4,9.695937681065306,21.33888826949193,0.3144647336829425,0.2371885147079071,0.1362358802498436,0.0932553934985983,0.6943934771787001
ENSG00000103194,add_a3.0,2.0,77.89789789789789,62.94294294294294,90.66265060240964,312.8,8.568684563389244,20.419033366632327,0.3003616964737853,0.2363746236038222,0.1208926437223966,0.0891551693162686,0.7622734108053614
ENSG00000103194,add_a4.0,2.0,84.74474474474474,72.25225225225225,90.48192771084338,311.8,8.780444461285963,18.5504872716053,0.3228204991826911,0.2362597068984591,0.1238328664475058,0.0809534112484358,0.6927276832205264
ENSG00000103194,add_gc_removed_a1.0,2.0,45.04504504504505,34.29429429429429,31.14457831325301,294.0,8.035641348053778,26.78342866537741,0.230381893967367,0.237041007097286,0.1131129924673851,0.1170088198656279,1.052143316645642
ENSG00000103194,add_own,2.0,50.45045045045045,40.0,42.53012048192771,297.0,7.663353145092079,28.88029781995926,0.2122562525194104,0.2372123235136622,0.1077788794457719,0.1262452548445294,1.2479009707330389
ENSG00000103194,random_a1.0,2.0,44.38438438438438,31.77177177177177,36.3855421686747,300.4,6.603244467239672,26.003370047769987,0.2025400636479912,0.2356628178662059,0.0934103277366827,0.113405819390491,1.2375940818577469
ENSG00000103194,unsteered,2.0,43.36336336336336,35.49549549549549,34.45783132530121,297.4,7.932072645749718,27.98522499410329,0.2204902754624116,0.2365686343511892,0.1116018923872048,0.122185024236939,1.1705136308156672
ENSG00000103266,add_a0.5,2.0,81.50375939849623,53.58490566037735,91.32075471698111,252.8,7.352630911572037,28.80147931220249,0.2035061238571675,0.2117642902269556,0.1156711811598741,0.1218041040847914,1.1055246852898992
ENSG00000103266,add_a1.0,2.0,79.02255639097744,62.86792452830189,88.83018867924528,250.4,7.536760995249095,28.187010992419783,0.2083640324816795,0.2114050351404536,0.1187474273072448,0.119151384326864,1.1572685129632947
ENSG00000103266,add_a2.0,2.0,74.51127819548871,48.67924528301887,96.1509433962264,250.8,6.31519327518524,28.46755275815506,0.1805002477361845,0.2122069887420807,0.0992076177889005,0.1204565793566145,1.2718416373271366
ENSG00000103266,add_a3.0,2.0,81.80451127819549,64.83018867924528,90.0377358490566,251.0,6.365534319137342,29.407668640345303,0.1783338995779987,0.2114292568550376,0.100470740359664,0.1243204317662893,1.2870699778288457
ENSG00000103266,add_a4.0,2.0,81.8796992481203,68.22641509433961,95.01886792452832,251.8,5.526467608764664,29.48071408999836,0.1612295128745197,0.2122509384770688,0.0867096657669932,0.124733013993479,1.8202098742325976
ENSG00000103266,add_gc_removed_a1.0,2.0,81.72932330827068,58.86792452830189,82.49056603773586,251.6,6.3683466231634975,29.178923237690785,0.1777577520573406,0.2116259638469875,0.1003699332986537,0.1233691194202967,1.3275821607758065
ENSG00000103266,add_own,2.0,74.73684210526315,52.981132075471706,96.75471698113208,252.2,6.982766974555626,29.09878102272452,0.1930125648224706,0.2119221461385053,0.1098720835105638,0.1230783743977891,1.133097710914519
ENSG00000103266,random_a1.0,2.0,68.27067669172932,52.22641509433962,90.0377358490566,252.6,6.579061231747583,27.63277996038741,0.1941058428154035,0.2117440460182459,0.1034755573955157,0.1168369845686628,1.1883547689055294
ENSG00000103266,unsteered,2.0,75.11278195488721,60.60377358490566,89.9622641509434,253.0,7.429423943490439,27.577639751552795,0.213324958530566,0.2120311137190931,0.116755997833865,0.1166845587712847,1.003185319792462
ENSG00000103460,add_a0.5,2.0,76.75675675675674,70.33033033033033,85.48192771084337,310.8,7.339809164757716,23.496895460328226,0.2384195091835159,0.2366668616296735,0.103406214000607,0.1026127537084298,1.0111152701500674
ENSG00000103460,add_a1.0,2.0,74.77477477477478,65.76576576576576,85.96385542168676,310.6,8.768225948534681,25.132802574793185,0.2574074074074074,0.2343278672682113,0.1246912487193337,0.1094388691029461,0.8992805847097014
ENSG00000103460,add_a2.0,2.0,87.92792792792793,78.85885885885887,95.66028464310412,315.6,9.839078340013671,19.67675878186516,0.3344390530545999,0.2349696796117189,0.139550335685692,0.0857451566914934,0.627183307813203
ENSG00000103460,add_a3.0,2.0,86.78678678678679,81.62162162162163,93.97590361445783,316.4,9.101749152663624,21.187483983731703,0.298415299037751,0.2352181932613468,0.1289336019712161,0.0923515837378903,0.7529573283258502
ENSG00000103460,add_a4.0,2.0,89.96996996996998,85.10510510510511,93.43373493975903,315.8,8.444526575988341,20.782045332925826,0.2860320402935416,0.2353885525166589,0.1195648588944956,0.0906009663215286,0.7835899601430706
ENSG00000103460,add_gc_removed_a1.0,2.0,61.74174174174173,51.47147147147148,75.90361445783132,305.8,8.44470600937726,24.17182240122856,0.2607334691370206,0.2356764402746149,0.119397317401217,0.1053998922972378,0.9193861918731872
ENSG00000103460,add_own,2.0,70.45045045045045,73.63363363363364,82.59036144578313,311.8,8.20936410809342,23.29198045377658,0.2617688108032741,0.2353435491740225,0.11628203043058,0.101533023409368,0.8816101739856469
ENSG00000103460,random_a1.0,2.0,62.102102102102094,49.42942942942943,76.26506024096385,306.4,7.649052563841525,25.480826940025395,0.2333332806431605,0.2360913860228475,0.108109733622707,0.1112090829928151,1.15728324709466
ENSG00000103460,unsteered,2.0,72.13213213213213,38.43843843843844,89.21686746987952,312.8,8.198888989766017,23.751542042651657,0.2556920773462127,0.2345779888512869,0.1164671157369652,0.1034394245652731,0.9039432713077158
ENSG00000104142,add_a0.5,2.0,72.49249249249249,62.58258258258259,84.33734939759037,311.6,4.803819613015696,30.99884766024024,0.1327789283866671,0.2569538970947261,0.0622769418750312,0.1390747293211528,2.392839225933706
ENSG00000104142,add_a1.0,2.0,74.8948948948949,62.94294294294294,94.87951807228916,313.6,5.172311120252672,29.46023812294721,0.1507449663766799,0.2580785627335749,0.0667772299901067,0.1323432876519963,2.062066310153844
ENSG00000104142,add_a2.0,2.0,84.32432432432432,65.94594594594595,95.66265060240964,315.6,5.63498035777279,29.913863596990552,0.1575269893297465,0.2576407353609328,0.0728841406819973,0.1343234445493114,1.906076588842651
ENSG00000104142,add_a3.0,2.0,84.50450450450451,70.99099099099098,91.86746987951808,313.4,6.571674086296338,31.279415183039724,0.1731329958728218,0.2572480100380296,0.085170757769122,0.140366606155533,1.8524341744467376
ENSG00000104142,add_a4.0,2.0,85.2852852852853,81.86186186186187,90.42168674698794,311.4,6.283338887507325,31.909098861749392,0.1634664350888485,0.2574670725539908,0.0813237426090307,0.1432582648111788,1.847560781246217
ENSG00000104142,add_gc_removed_a1.0,2.0,56.6966966966967,47.44744744744745,69.6987951807229,306.2,7.467010256969805,27.360059532389016,0.2169277888083316,0.258437584897348,0.0963150175799307,0.1229692488990316,1.3321473825918069
ENSG00000104142,add_own,2.0,81.56156156156156,66.36636636636636,95.42168674698794,314.4,7.3792281635416925,32.889302533749884,0.1830456021701038,0.2576341971922225,0.0955371971727317,0.1476750963021507,1.6354445420158654
ENSG00000104142,random_a1.0,2.0,74.83483483483482,60.24024024024023,87.83132530120483,308.4,5.775901023532692,30.852381010019325,0.1586336714336714,0.2581075151162637,0.074586965261925,0.1386134721336907,1.923124650587869
ENSG00000104142,unsteered,2.0,70.57057057057057,54.5945945945946,86.02409638554217,310.4,5.668642474283547,29.34640695131516,0.1606084237001888,0.2568423684541899,0.073647498497564,0.1315977438331404,1.8446529512243792
ENSG00000105058,add_a0.5,6.0,67.43589743589743,53.32464146023468,80.1825293350717,56.0,9.587822850615076,18.28456363327035,0.3336594589422643,0.1937632611433571,0.1647666669727335,0.0756069404056537,0.748065815987384
ENSG00000105058,add_a1.0,6.0,65.8974358974359,42.37288135593221,90.8735332464146,55.23076923076923,7.056712851421772,20.521970816191114,0.2617087726250622,0.1929422253223576,0.1212575112091313,0.0846958128722388,1.122759688409829
ENSG00000105058,add_a2.0,6.0,63.71794871794872,42.503259452412,94.91525423728814,56.30769230769231,9.013877401708465,21.096916599315936,0.2715502634620281,0.1933617441132453,0.1552946027606999,0.0871845335085358,1.295810766926292
ENSG00000105058,add_a3.0,6.0,65.76923076923077,45.241199478487616,91.91655801825291,55.53846153846154,7.108121747510434,25.98770181369949,0.2117361740426755,0.1937622578961361,0.1221397146055415,0.1074769035365196,1.0936996991324597
ENSG00000105058,add_a4.0,6.0,72.94871794871794,51.10821382007824,95.30638852672752,55.23076923076923,6.954649870768868,20.47923305307294,0.2588938924852237,0.1954726575280281,0.1185787051731061,0.0848490721599294,0.7707244084494178
ENSG00000105058,add_gc_removed_a1.0,6.0,54.61538461538461,37.02737940026076,71.4471968709257,55.46153846153846,5.686955840878383,27.378661832485072,0.1727932198520433,0.1938805409979413,0.0979769665322279,0.1132624641649798,1.333674286859737
ENSG00000105058,add_own,6.0,68.58974358974359,46.9361147327249,89.83050847457626,54.84615384615385,6.846641732164557,21.0161209853378,0.2424148606811145,0.1955905583929222,0.1163188154732891,0.0870969200463254,0.887534526585148
ENSG00000105058,random_a1.0,6.0,55.8974358974359,38.983050847457626,91.1342894393742,55.76923076923077,9.91692964156758,19.3462688097454,0.314401998257497,0.1919140206551873,0.1719057750269194,0.0797727368402008,0.8880160738728804
ENSG00000105058,unsteered,6.0,60.0,38.46153846153846,86.70143415906128,55.15384615384615,5.438317559060593,24.272857345612763,0.1793760455495392,0.1950939233274973,0.0927969280426846,0.1005258394852164,1.269255531642384
ENSG00000105135,add_a0.5,2.0,70.69069069069069,56.63663663663664,72.89156626506023,310.8,9.907634558952742,24.130362610383035,0.290082339264426,0.2727190584483606,0.121066220492953,0.1105925894036251,0.9251200002474556
ENSG00000105135,add_a1.0,2.0,85.28528528528528,77.11711711711712,88.97590361445783,316.0,9.116028929826983,27.281632341230043,0.249349012775842,0.2732832573457415,0.1112354397560314,0.1251396809571862,1.1554478108831816
ENSG00000105135,add_a2.0,2.0,84.98498498498499,67.6876876876877,94.39759036144578,315.0,10.943134380306224,26.784682346734627,0.2887652443374925,0.2725862036002106,0.1338727621671399,0.1227505244502014,0.9634274517538122
ENSG00000105135,add_a3.0,2.0,90.2102102102102,86.84684684684684,95.5421686746988,315.8,10.774695679292169,23.51297237258332,0.3135877908947624,0.2727563785016283,0.1316411985858009,0.1077869049095673,0.8512607329005881
ENSG00000105135,add_a4.0,2.0,88.94894894894894,86.72672672672672,91.50602409638554,315.0,10.040165713957093,28.197218116415304,0.2627517206388307,0.2738737236460644,0.1221569019669249,0.1294369790988152,1.071422631073692
ENSG00000105135,add_gc_removed_a1.0,2.0,64.44444444444444,68.04804804804806,66.26506024096386,307.8,9.045785649568096,25.518879808340923,0.2608569635124804,0.271525798681706,0.1110789716127436,0.1167664199511407,1.0928900974296396
ENSG00000105135,add_own,2.0,78.25825825825825,79.93993993993993,80.96385542168676,310.4,11.01081710859097,25.775659073837563,0.2991824901559415,0.2727566951147513,0.1345289725792396,0.1181475625415151,0.9026266465117802
ENSG00000105135,random_a1.0,2.0,80.18018018018017,73.87387387387388,88.37349397590361,317.8,12.571959333440144,20.84926606651556,0.3699544926577579,0.2727913091542154,0.153641133147515,0.0955873646161171,0.8593811984280257
ENSG00000105135,unsteered,2.0,85.22522522522522,81.68168168168168,87.16867469879517,313.6,9.93621296944119,23.28598717171553,0.2980990752542476,0.2728993952588551,0.1213058139843668,0.1067785965034643,0.9166055674449678
ENSG00000105321,add_a0.5,2.0,74.95495495495496,66.18618618618618,70.66265060240964,313.8,8.463197561458177,26.84477656387069,0.2401101465664095,0.2502005328483933,0.1127923779065086,0.1193488098670118,1.1038997275963085
ENSG00000105321,add_a1.0,2.0,67.38738738738739,58.67867867867868,76.144578313253,305.4,7.788542380471116,30.61993883151405,0.2025097839527735,0.252073911891894,0.1030901045107495,0.1364822477580837,1.383545592405199
ENSG00000105321,add_a2.0,2.0,78.97897897897897,71.8918918918919,89.1566265060241,309.8,9.67319717295909,27.795949023027003,0.2599937138881072,0.2514069884665553,0.1282544173348664,0.1237480531857287,0.978601253937371
ENSG00000105321,add_a3.0,2.0,82.52252252252252,67.98798798798798,89.75903614457832,311.8,8.89848692482955,30.110117952246007,0.228677102876798,0.2511704777343788,0.1180746050869055,0.1340294326321253,1.1923793248246122
ENSG00000105321,add_a4.0,2.0,84.44444444444444,77.17717717717719,95.18072289156626,314.4,9.34431481658974,29.203714993521363,0.2415654826734369,0.2505662397465845,0.124224353726397,0.1298933002450119,1.071888416407654
ENSG00000105321,add_gc_removed_a1.0,2.0,55.38984767900431,45.825825825825824,50.60240963855422,302.8,9.109948903470098,24.737179377374325,0.2697517619781243,0.2502715961703776,0.1213605919840497,0.1100086308070244,0.948837382412418
ENSG00000105321,add_own,2.0,63.06306306306307,57.89789789789789,72.16867469879517,304.4,8.599473596156352,26.589716348115104,0.2436314838812563,0.2512201434430213,0.1140526632118232,0.1183525876221525,1.1796013128753544
ENSG00000105321,random_a1.0,2.0,55.55555555555556,42.82282282282282,65.78313253012047,307.6,9.048129310981844,26.935017505757525,0.2529651955270297,0.2524803340910614,0.1196070377798724,0.1201164825715026,1.0659661444858464
ENSG00000105321,unsteered,2.0,55.13513513513514,43.42342342342342,57.59036144578313,307.4,7.55701185936978,23.915933593307205,0.2422632173079045,0.2514984323077932,0.1001745650010338,0.1065146459321582,1.130954400521755
ENSG00000105538,add_a0.5,2.0,68.46846846846847,50.810810810810814,94.1566265060241,309.8,9.073329009703045,28.890775546032057,0.2385926837488583,0.2803868895676346,0.1077704667531193,0.1338238212089046,1.3364575678124548
ENSG00000105538,add_a1.0,2.0,85.82582582582583,66.18618618618618,95.36144578313254,316.0,9.1418152312721,27.06058364977428,0.2496776854687439,0.2803726543187114,0.1087014908940436,0.1253417717194558,1.2033159588060862
ENSG00000105538,add_a2.0,2.0,81.68168168168168,64.8048048048048,91.86746987951808,313.6,9.694551511744947,28.82161349063483,0.2505095579960071,0.2802609663933997,0.1153512144922722,0.1334652577236882,1.1794495840256292
ENSG00000105538,add_a3.0,2.0,81.32132132132132,66.006006006006,92.7710843373494,312.8,8.887691777305317,28.42773084667764,0.2380271015057097,0.2795560068214727,0.1058878017123813,0.1315276540883615,1.2849072369229226
ENSG00000105538,add_a4.0,2.0,89.30930930930931,79.15915915915916,88.55421686746988,312.4,9.34916480991475,30.161536221461468,0.2366118094051763,0.2796265299928117,0.1114616228248341,0.1395651440739274,1.2597403538061231
ENSG00000105538,add_gc_removed_a1.0,2.0,58.91891891891892,54.47447447447447,73.19277108433735,309.0,8.105637966129212,24.70569062213735,0.2592507097867818,0.2806014490808134,0.0963254247649851,0.1144960624127395,1.2503302594528716
ENSG00000105538,add_own,2.0,81.2012012012012,66.24624624624626,89.1566265060241,313.6,9.631241047935312,27.35361985326722,0.260994510413156,0.280343674485584,0.1144981932019791,0.1267114624689444,1.1051773951019777
ENSG00000105538,random_a1.0,2.0,76.51651651651653,75.73573573573574,87.28915662650601,311.0,8.501481894140284,30.440306806444788,0.2155538134915395,0.2801666931559314,0.1009744069238943,0.1409608454850534,1.461217444855377
ENSG00000105538,unsteered,2.0,74.53453453453453,62.94294294294294,84.21686746987952,311.6,10.076348065291665,29.71130243814114,0.2528156069829227,0.2801361131575574,0.1198806839425425,0.1375629742948715,1.1729738043514764
ENSG00000105639,add_a0.5,2.0,69.24924924924925,60.36036036036036,78.13253012048192,306.6,5.743706474615243,30.345588369057246,0.1584029928633067,0.2344131841696556,0.0816217493055543,0.1321366502262417,1.642663206797636
ENSG00000105639,add_a1.0,2.0,71.23123123123123,62.58258258258259,79.81927710843374,309.4,5.435917481793855,29.08486606029301,0.1582871900378052,0.2337032639467395,0.0775576613905498,0.1265070862157736,1.6940429914160935
ENSG00000105639,add_a2.0,2.0,79.51951951951952,76.63663663663664,90.66265060240964,311.6,6.102999694428796,28.88415043136458,0.1748732460064797,0.2335689348613722,0.0870604249723495,0.1256231613323251,1.5130046289190149
ENSG00000105639,add_a3.0,2.0,79.51951951951952,72.31231231231232,92.53012048192772,311.6,6.543221379503953,27.66574160658152,0.1909122064805309,0.2342056154074109,0.0931435138774577,0.1204213349886041,1.3098759719580115
ENSG00000105639,add_a4.0,2.0,88.16816816816818,84.38438438438439,90.60240963855422,311.6,6.105261781206051,27.537375550672884,0.1809908817572066,0.23342023213655,0.0871767789907352,0.1197422017735257,1.4004503659621683
ENSG00000105639,add_gc_removed_a1.0,2.0,63.18318318318319,53.213213213213216,68.19277108433735,304.8,6.708120393141418,28.343831366085983,0.1912191853317832,0.2338643404639515,0.0957483657826767,0.123327762922049,1.3459519400611817
ENSG00000105639,add_own,2.0,82.46246246246247,67.56756756756756,89.45783132530121,312.2,5.952125609776282,28.826945488519986,0.170831657229741,0.2335382926103795,0.0850152787405155,0.125375647726436,1.6485777830025932
ENSG00000105639,random_a1.0,2.0,60.54054054054054,67.50750750750751,73.91566265060241,307.0,6.307684661009821,28.89313208964291,0.1795165955832264,0.2337110369666123,0.0900743274807756,0.1256973544457585,1.42639841252117
ENSG00000105639,unsteered,2.0,61.71153080791635,58.1981981981982,70.78313253012048,305.6,5.347107390634688,28.25660409058248,0.1600974149289435,0.2340181891911342,0.0761920650439035,0.122982327428267,1.7082772882046942
ENSG00000105664,add_a0.5,2.0,80.78078078078077,77.41741741741741,88.13253012048193,312.4,8.391167179803265,28.4770808436675,0.22916697884241,0.2222211282776416,0.1258618764893037,0.1220622574421474,1.1064998457292383
ENSG00000105664,add_a1.0,2.0,78.1981981981982,72.1921921921922,87.2289156626506,315.0,8.278784435579658,27.46289175486961,0.2372089603312064,0.2229483327858276,0.1240217138959332,0.1178381385498373,1.0777632780810231
ENSG00000105664,add_a2.0,2.0,84.44444444444444,87.92792792792793,88.67469879518072,315.8,7.097838298163204,29.011759071112685,0.1967956357470423,0.2225747608593169,0.106283319936797,0.1243901256406124,1.1838748412856277
ENSG00000105664,add_a3.0,2.0,85.16516516516518,84.2042042042042,88.25301204819277,312.0,6.46375919250107,30.546920771571934,0.1744156005893728,0.22200377979907,0.0969782208012467,0.1308845225979792,1.4148136726095943
ENSG00000105664,add_a4.0,2.0,88.76876876876877,88.28828828828829,89.03614457831324,313.8,8.165703661101348,26.12966046246872,0.2375477096077753,0.2236370471388598,0.1217217290912783,0.1121921606004715,0.9349042571745156
ENSG00000105664,add_gc_removed_a1.0,2.0,80.6006006006006,69.84984984984985,76.62650602409637,310.4,7.842244584990576,26.96874380586785,0.2268761305966194,0.2219887019691303,0.1176657859446042,0.11553370275122,1.0102643593388352
ENSG00000105664,add_own,2.0,77.71771771771772,66.48648648648648,93.9156626506024,313.4,7.280672421180538,27.463689559183425,0.2135826217932604,0.2222352260594384,0.1091631772994665,0.1177475768157112,1.1069607969241984
ENSG00000105664,random_a1.0,2.0,76.3963963963964,76.33633633633633,78.79518072289156,310.2,6.76997711135723,27.979061706750635,0.1956378038946846,0.2213514596680386,0.1019465798186541,0.1197704696498262,1.2243496018600633
ENSG00000105664,unsteered,2.0,76.3963963963964,72.67267267267268,84.6987951807229,312.4,8.50283934318039,27.145291054315223,0.2397490310894463,0.2226711731778761,0.1274027119538762,0.1164089991919484,0.9563084438966886
ENSG00000105852,add_a0.5,2.0,70.95384615384616,55.55555555555556,92.8395061728395,304.2,5.011674410714047,29.497674103948647,0.1441729570351438,0.2461143784910127,0.0678756484045963,0.1304267097415983,1.9755556875865328
ENSG00000105852,add_a1.0,2.0,80.86153846153846,73.64197530864197,86.41975308641975,305.4,7.491587465429939,29.399255167385263,0.2008999075254159,0.2474239351024411,0.1007558059701726,0.1302179984598249,1.3778501288188587
ENSG00000105852,add_a2.0,2.0,82.4,58.82716049382716,95.679012345679,306.0,6.096028966067846,28.844826930398323,0.1693839261663438,0.2458333464344421,0.0824796593802569,0.1274787953893276,1.8336339709240288
ENSG00000105852,add_a3.0,2.0,82.09230769230768,70.06172839506173,94.07407407407408,307.4,5.793630128508141,28.234366149150304,0.1736435450067011,0.2476085398255705,0.0779934893488693,0.1251108313037216,1.7336044115366502
ENSG00000105852,add_a4.0,2.0,90.15384615384616,89.32098765432099,91.97530864197532,309.2,7.179519655811473,28.627314560750456,0.2032380841717483,0.2461596352134846,0.0972064256248889,0.1265968448755529,1.325730801417459
ENSG00000105852,add_gc_removed_a1.0,2.0,55.87692307692307,61.64430684554522,68.20987654320987,297.6,6.719934131809458,26.83893813702563,0.2021785847523619,0.2474919631656322,0.0905145796984974,0.1189027101440498,1.3231942265685444
ENSG00000105852,add_own,2.0,81.23076923076923,64.81481481481481,88.95061728395062,306.8,4.888878058258457,26.4736392081251,0.1533468073678077,0.2473611349461915,0.0658637986295296,0.1172471962560061,2.049565122144481
ENSG00000105852,random_a1.0,2.0,74.8923076923077,54.62962962962963,88.82716049382717,305.4,6.34679630917846,28.548421731724424,0.1796213334309531,0.2478319307373832,0.0852306258145637,0.1265248170227205,1.5732497462269723
ENSG00000105852,unsteered,2.0,53.35384615384616,48.88888888888889,70.98765432098766,300.2,7.286124350593925,24.48435513398668,0.2300173629951167,0.2483602428342033,0.097773045031156,0.1085801465193335,1.1617756068296867
ENSG00000105976,add_a0.5,2.0,52.252252252252255,44.56456456456457,63.313253012048186,307.6,11.371564179829354,24.314066690950032,0.3179198025247392,0.2243284533581565,0.1691949252517343,0.1044893961188293,0.6618920888285649
ENSG00000105976,add_a1.0,2.0,60.24024024024025,46.96696696696696,82.65060240963855,314.2,11.507061025727811,23.13677084357713,0.3320287476944045,0.2247047364744906,0.1708513155795722,0.0994918427512066,0.7267650022780436
ENSG00000105976,add_a2.0,2.0,73.21321321321321,67.86786786786787,87.34939759036145,312.2,7.684242988023551,24.73457912085404,0.2365359519305892,0.224571853188729,0.1140489800782338,0.1063281850283333,0.9861227562590992
ENSG00000105976,add_a3.0,2.0,78.91891891891892,67.32732732732732,88.55421686746988,313.6,5.871723363325128,25.9061422780026,0.1846320142793213,0.2251189592563628,0.0869980891836572,0.1114364266002509,1.3978618975373551
ENSG00000105976,add_a4.0,2.0,80.6006006006006,71.29129129129129,90.72289156626506,313.8,7.594123135306331,22.964559841195765,0.2488158803400115,0.2244077303924042,0.1128256009744259,0.0986841586937485,0.8900474784612704
ENSG00000105976,add_gc_removed_a1.0,2.0,47.26726726726727,37.2972972972973,50.0,305.8,12.462827382394597,23.086387332891366,0.3225017008364713,0.2247770891200287,0.1845211636819042,0.0992643705179399,0.941871635789478
ENSG00000105976,add_own,2.0,55.25525525525526,46.00600600600601,75.18072289156626,310.6,8.423018338124757,25.12293692752611,0.2538371281234206,0.2238291383754732,0.1252126241769572,0.1078659006974078,1.038865495546175
ENSG00000105976,random_a1.0,2.0,46.306306306306304,33.693693693693696,54.33734939759036,311.8,18.342304381529825,21.62152303245337,0.4373498597737789,0.2237272761870994,0.2730586003025327,0.0928293357807258,0.5550699335236384
ENSG00000105976,unsteered,2.0,52.732732732732735,36.45645645645645,62.108433734939766,313.8,20.05556402419524,21.437818896697003,0.4682277491248783,0.2241934226935685,0.297900767727544,0.0920875877151052,0.4425176503234024
ENSG00000105982,add_a0.5,2.0,44.92492492492492,33.33333333333333,42.65060240963855,298.0,6.244683895670182,23.920273546184006,0.2070708362396342,0.2128413500922152,0.0977628351687079,0.1013038002059121,1.043395620140212
ENSG00000105982,add_a1.0,2.0,54.174174174174176,35.67567567567568,29.87951807228916,298.6,5.980669924717825,27.824050103586508,0.177313827749019,0.212895731737774,0.0937100472474126,0.117824091015172,1.3255282184023764
ENSG00000105982,add_a2.0,2.0,60.0,55.85585585585585,61.14457831325301,301.4,6.910490966030698,24.01712516825163,0.2264144001714975,0.2150461872887291,0.1071794655760137,0.1019624780079388,0.9768803916695038
ENSG00000105982,add_a3.0,2.0,79.93993993993993,75.13513513513513,78.13253012048192,310.6,6.656589595221973,19.57340717597877,0.2537743464462854,0.2130822562577874,0.104128384593058,0.0829236870797037,0.8246111284260322
ENSG00000105982,add_a4.0,2.0,84.68468468468468,81.44144144144144,87.04819277108433,314.0,6.941654688490132,17.331223628691983,0.2852148916462235,0.2146508125411082,0.1077794253703288,0.0735637711063688,0.6990749686434782
ENSG00000105982,add_gc_removed_a1.0,2.0,35.31531531531532,30.090090090090087,26.385542168674696,292.4,6.4292520361138745,25.725241817841912,0.201243428064295,0.2128738365766834,0.1006513147865491,0.1089203635530512,1.1291137502062614
ENSG00000105982,add_own,2.0,52.13213213213213,41.62162162162162,33.85542168674699,298.6,7.047761976288948,26.84905056295533,0.2074435146754734,0.2136797796736648,0.1098264505808582,0.1138232920096942,1.0678436318572109
ENSG00000105982,random_a1.0,2.0,45.585585585585584,32.012012012012015,30.24096385542169,291.4,5.55998126312147,27.22577687349829,0.1705874434977521,0.2139205729728501,0.0866313382585676,0.1154528554756407,1.368584856420828
ENSG00000105982,unsteered,2.0,39.81981981981982,32.192192192192195,29.21686746987952,285.2,5.312958911175865,26.961433966985908,0.1645248571862402,0.2148529763460335,0.0823764958316034,0.1144509580804626,1.4358149476706976
ENSG00000106624,add_a0.5,2.0,84.44444444444444,64.20420420420422,88.79518072289156,315.4,7.870466193588018,26.369069901443417,0.2288866589955699,0.2194029011002966,0.1196376391205495,0.1125988542551189,0.9919577983873528
ENSG00000106624,add_a1.0,2.0,81.02102102102103,70.3903903903904,90.48192771084337,316.2,8.387608606338045,23.70883884663501,0.2808334268334268,0.2204717765899894,0.1268735319496644,0.1014044643175637,0.8482277364283988
ENSG00000106624,add_a2.0,2.0,86.36636636636636,77.65765765765767,95.24096385542168,311.2,9.222544561864945,24.86960783824527,0.2698309493760695,0.2203668919135444,0.1394627382908399,0.1063241254823857,0.783933290593011
ENSG00000106624,add_a3.0,2.0,85.7057057057057,80.96096096096096,94.27710843373494,317.8,7.558122911920637,25.119423382504667,0.2307923152000822,0.2207466937192777,0.1141366960054943,0.1074531296644457,0.9623945802522098
ENSG00000106624,add_a4.0,2.0,89.30930930930931,84.14414414414414,95.66265060240964,318.2,7.723294107576566,24.5630321981556,0.2374768681878773,0.2205474005047533,0.1168502162031407,0.1050474101144615,0.9846974209656076
ENSG00000106624,add_gc_removed_a1.0,2.0,67.50750750750751,50.750750750750754,69.39759036144578,311.2,8.876205317346727,23.97916258432509,0.2688069864216653,0.2201590379778482,0.1343748377910071,0.10249672897507,0.782214785136445
ENSG00000106624,add_own,2.0,77.95795795795796,74.05405405405405,90.78313253012048,313.8,7.859843349995794,25.78016734010567,0.2324019509190005,0.220887278161538,0.1185963479600713,0.1103026141717888,0.95473219334265
ENSG00000106624,random_a1.0,2.0,74.41441441441441,65.28528528528528,85.36144578313254,314.4,8.226928500325453,25.91039436427937,0.2386275664199202,0.2191283524695873,0.1252310140186262,0.1106201519727173,0.93876678041098
ENSG00000106624,unsteered,2.0,76.87687687687688,56.6966966966967,87.2289156626506,312.4,8.969572565796351,24.789735083990404,0.2654402095460025,0.2192352322149283,0.1364340225445369,0.1058358378097548,0.8085776059574581
ENSG00000107104,add_a0.5,2.0,57.95795795795796,52.55255255255255,68.43373493975903,310.0,8.982362427071687,23.919563022514943,0.2678041018724256,0.2415653877939147,0.1238966275763047,0.1051206757733372,0.975403313907829
ENSG00000107104,add_a1.0,2.0,64.32432432432432,55.37537537537538,82.16867469879517,305.8,10.516530260976037,26.514263793631955,0.2782130518224351,0.2410255341945556,0.1453807012302608,0.1164399690422162,0.9771140908335942
ENSG00000107104,add_a2.0,2.0,78.61861861861863,58.55855855855856,91.92771084337348,314.0,6.939821904160093,26.82111201998312,0.2039827493405893,0.241901521061207,0.0955854432353005,0.1179387042901175,1.303217294886288
ENSG00000107104,add_a3.0,2.0,80.48048048048048,64.26426426426426,93.43373493975903,311.6,8.595236676874059,27.73824034457157,0.2330727558313044,0.2409791825212561,0.1187093626908469,0.1218211588481189,1.1121386941615825
ENSG00000107104,add_a4.0,2.0,84.26426426426426,82.04204204204204,89.33734939759036,312.2,8.27255941329277,25.04770917977483,0.2472623273108982,0.2413672001263248,0.1143161716903535,0.1100461692414049,0.9884733031361124
ENSG00000107104,add_gc_removed_a1.0,2.0,46.90690690690691,40.36036036036036,37.28915662650603,296.0,7.16683155776362,23.630119429644008,0.2338745892661555,0.2431907348681573,0.0982783173680032,0.1040815468958688,1.0655647605527636
ENSG00000107104,add_own,2.0,57.71771771771772,46.60660660660661,71.38554216867469,312.0,10.222682816632751,22.8872811787496,0.3048053942732823,0.2415366480681988,0.141137710417866,0.1005863553147106,0.9576715077200908
ENSG00000107104,random_a1.0,2.0,57.20467455407214,43.84384384384384,52.5301204819277,303.8,7.773166887409698,23.698660163568576,0.2500732600732601,0.240653129916739,0.1077049196925842,0.1040355113526603,1.0257607277128342
ENSG00000107104,unsteered,2.0,47.807807807807805,34.054054054054056,46.68674698795181,300.4,10.820923548017642,24.80207680416184,0.3041600953630233,0.2417942914875535,0.1493096575784786,0.1090712489762515,0.7974665911452375
ENSG00000107186,add_a0.5,2.0,55.61561561561562,34.77477477477478,60.48192771084338,299.8,7.993124343567453,27.492625010319653,0.2256618213914488,0.2378792557212698,0.1121649748794089,0.1202613877251059,1.1329724728742447
ENSG00000107186,add_a1.0,2.0,66.78678678678679,53.87387387387387,74.21686746987953,306.2,8.458806369057521,23.112846715213948,0.269799202479593,0.2376293771791607,0.1187969051674579,0.1010703355689131,0.9220238659997247
ENSG00000107186,add_a2.0,2.0,78.13813813813815,67.32732732732732,79.09638554216868,312.0,10.452876724302907,20.3458252560958,0.3430670952333668,0.2393185941728843,0.1454932738419928,0.0891533488199726,0.6185770932060402
ENSG00000107186,add_a3.0,2.0,80.48048048048048,67.32732732732732,80.66265060240964,311.0,10.79539273717764,19.650566151357232,0.3561880370959143,0.2375132953449755,0.1514467668804321,0.0859176273895317,0.5701482932512782
ENSG00000107186,add_a4.0,2.0,90.99099099099098,89.30930930930931,90.36144578313254,316.8,10.418942703447986,15.675576873924744,0.3968004441688652,0.2388367298599649,0.1455512539115739,0.0686457180243915,0.5150507762425124
ENSG00000107186,add_gc_removed_a1.0,2.0,42.76276276276276,42.04204204204204,44.39759036144578,299.0,6.932018921173944,25.274700330729434,0.2232653738666397,0.2382528103474227,0.096900191007918,0.1105896446626713,1.2599647280449626
ENSG00000107186,add_own,2.0,58.318318318318326,52.372372372372375,56.62650602409639,306.4,7.861063337731771,24.125729533956186,0.2434296054974191,0.2384775101597483,0.1099376211004338,0.1056068094907393,1.0075876781715225
ENSG00000107186,random_a1.0,2.0,53.87387387387387,41.44144144144144,54.09638554216868,301.8,6.685600194020433,26.779004263834032,0.1999961509530498,0.2369607338531643,0.0940742398228965,0.1169735882874851,1.2782010688207597
ENSG00000107186,unsteered,2.0,45.46546546546547,38.1981981981982,42.89156626506024,295.6,6.974847429012208,25.319795438273253,0.2163735971852768,0.2388819466022436,0.0972115594121427,0.1108558163748044,1.167357668567606
ENSG00000107719,add_a0.5,2.0,54.294294294294296,43.9039039039039,73.73493975903615,306.6,6.781167976169169,24.705253504470345,0.2154454503090782,0.2413274810251027,0.0936424544896266,0.1085532752296916,1.1892713054419215
ENSG00000107719,add_a1.0,2.0,63.9039039039039,57.05705705705706,81.38554216867469,312.0,6.980517281496492,25.7103291741525,0.211813816615687,0.2421675094482926,0.096151070138949,0.1130730181834708,1.2482898050074405
ENSG00000107719,add_a2.0,2.0,74.41441441441441,56.75675675675675,96.144578313253,310.0,7.3642584971865315,27.67671189536,0.2096554925119869,0.2406359928318466,0.1020984291939337,0.1214950075505006,1.2443732830065648
ENSG00000107719,add_a3.0,2.0,80.66066066066067,66.06606606606607,92.1686746987952,312.2,7.624609330636891,27.74529731446654,0.2150604827999951,0.2405175198390502,0.1057279959595186,0.1217844205515678,1.188401594281021
ENSG00000107719,add_a4.0,2.0,84.74474474474474,78.49849849849849,94.51807228915663,314.6,5.912226463625292,26.956893139391514,0.17992256607639,0.240587118368511,0.0819026489916917,0.1183212737132796,1.446596217895158
ENSG00000107719,add_gc_removed_a1.0,2.0,40.3003003003003,35.37537537537538,47.40963855421687,298.8,5.969875394709475,22.013137443984345,0.2155200587755629,0.2405085643815012,0.0828196731796335,0.0965996635548714,1.244463275427765
ENSG00000107719,add_own,2.0,61.26126126126125,49.60960960960961,82.83132530120483,307.4,6.83447330543722,27.69471926167592,0.1995728927307874,0.2420313428549315,0.094199817813753,0.1218086592400498,1.3754437746826405
ENSG00000107719,random_a1.0,2.0,49.84984984984985,43.48348348348348,53.493975903614455,297.8,6.568370058070744,27.217369028775828,0.1968195095192673,0.24037200895042,0.0909179455318895,0.119441036098858,1.4512152385908144
ENSG00000107719,unsteered,2.0,52.97297297297298,48.528528528528525,55.72289156626506,294.8,7.897384177102156,26.46352319053031,0.2308828014501628,0.2425799516709142,0.1082993574309029,0.1164333110155153,1.1256553311180957
ENSG00000107736,add_a0.5,2.0,72.79279279279278,53.27327327327328,90.60240963855422,311.2,5.145173423384483,27.74724924977168,0.156908709755247,0.2345813177929125,0.0731186281275441,0.1208409748438853,1.807383894862248
ENSG00000107736,add_a1.0,2.0,74.83483483483482,69.96996996996998,80.8433734939759,314.4,6.4227568362170215,26.341739520344674,0.1970508961229934,0.2357241301100602,0.0907740940237195,0.1148998692686011,1.347329377071493
ENSG00000107736,add_a2.0,2.0,78.91891891891892,63.9039039039039,95.18072289156626,315.6,5.95992020229402,25.942450922930107,0.1872931027518183,0.2361618222542558,0.0841248830589293,0.1132021052768026,1.3462895914832331
ENSG00000107736,add_a3.0,2.0,87.14714714714714,73.69369369369369,96.98795180722892,315.0,6.028048352806077,25.50921138806526,0.1959394824115541,0.2357640258443696,0.085184515329231,0.1112461981256592,1.362842576210848
ENSG00000107736,add_a4.0,2.0,83.6036036036036,74.5945945945946,93.73493975903614,314.4,6.298766968030467,26.138639873179454,0.1935653922307065,0.2350184016255481,0.0892966260545169,0.113905490245476,1.3038972637425956
ENSG00000107736,add_gc_removed_a1.0,2.0,63.36336336336336,54.71471471471472,71.6867469879518,310.2,8.641469035249726,24.49797128824515,0.2598159675208413,0.2343221139394072,0.1227857776219021,0.1066403432326579,1.5891445924391896
ENSG00000107736,add_own,2.0,72.61261261261261,52.31231231231232,95.5421686746988,309.4,6.60373246891575,28.49249501638341,0.1887759803549277,0.2363732952255857,0.093116297069064,0.1243853844413393,1.3886647264013934
ENSG00000107736,random_a1.0,2.0,63.42342342342342,56.37324071059011,72.89156626506023,314.8,11.579875760130538,23.092569317410085,0.3351154002048325,0.2350477262218243,0.1643831742697187,0.1006229814709221,1.0028566681065172
ENSG00000107736,unsteered,2.0,64.47827345417707,51.35135135135136,79.03614457831326,311.8,11.648827604962367,23.41738667236488,0.3207924909980985,0.236663701167445,0.1645245959684145,0.1023062490779201,1.249893497158732
ENSG00000107745,add_a0.5,2.0,50.45045045045045,43.96396396396396,56.506024096385545,298.4,6.010649536080604,24.50217292123053,0.1984472297077339,0.2162546920724337,0.0927619637254944,0.1041540753116253,1.1421714872107387
ENSG00000107745,add_a1.0,2.0,60.06006006006006,53.99399399399399,68.67469879518072,303.0,7.009020955625171,26.591994890355544,0.20832157605905,0.2167766366689087,0.107790033567729,0.1131713405272175,1.074098206994682
ENSG00000107745,add_a2.0,2.0,79.86251311552516,73.27327327327328,75.36144578313252,311.6,6.525962619966518,24.46585787847118,0.2195176977147569,0.2159779689781433,0.1009210494187127,0.1040555022903733,1.1262052070150783
ENSG00000107745,add_a3.0,2.0,84.50450450450451,82.76276276276276,82.04819277108433,314.6,6.797087643292973,20.35458453370697,0.2535253658775518,0.2150104347952629,0.1053599187532041,0.0864269674886627,0.8302494114635186
ENSG00000107745,add_a4.0,2.0,89.90990990990991,85.1051051051051,90.60240963855422,313.6,7.654785086699109,20.334544161762004,0.2738595652060431,0.215614251982877,0.1183699744301152,0.0864234660821654,0.7362699719890105
ENSG00000107745,add_gc_removed_a1.0,2.0,42.94294294294294,34.11411411411412,38.19277108433735,293.0,6.104673754224289,26.88697185004036,0.1868390977476358,0.2166235237459789,0.0938057086073047,0.1143771748948144,1.314570505196652
ENSG00000107745,add_own,2.0,78.25825825825825,68.70870870870871,89.63855421686746,310.8,7.269761443048466,22.41091437818805,0.2479147494914626,0.2147102021456262,0.1128711937957776,0.0951195786724004,0.8522386158661762
ENSG00000107745,random_a1.0,2.0,58.258258258258266,51.231231231231234,58.01204819277109,301.6,7.096022700608036,26.660508410663617,0.2104679542442451,0.2142657456247638,0.1103356644579168,0.1131159688176375,1.0272858804111888
ENSG00000107745,unsteered,2.0,57.17717717717718,54.8948948948949,60.48192771084338,306.6,6.260139710772487,26.48975955960524,0.1926722248150819,0.2159896711394552,0.0966093790115955,0.1126143580404474,1.1787564649061857
ENSG00000107771,add_a0.5,2.0,48.648648648648646,46.00600600600601,34.81927710843373,300.6,8.57158362757882,24.54190068864363,0.2607132126789851,0.2333692622317285,0.1223891242733326,0.1066977857295846,0.8834511277429608
ENSG00000107771,add_a1.0,2.0,47.50750750750751,50.270270270270274,43.795180722891565,305.4,8.433233186118382,23.995605375458247,0.2617587992917542,0.2323172241792072,0.1209808624553618,0.1041731652021537,0.8794334044964123
ENSG00000107771,add_a2.0,2.0,77.11711711711712,64.02402402402403,80.54216867469879,313.4,10.655088424026909,18.7110016099026,0.3660261101308582,0.2334832203364512,0.1520847302552454,0.0813501098142155,0.544085694995579
ENSG00000107771,add_a3.0,2.0,79.51951951951952,80.9009009009009,91.0843373493976,316.0,11.321270024672586,14.81976031368318,0.4335484148492279,0.2331946528148028,0.1618394353900845,0.0644249475050537,0.4072822266117538
ENSG00000107771,add_a4.0,2.0,87.32732732732732,83.66366366366366,92.40963855421688,317.0,12.046442813778093,14.701691036909178,0.4463810649803812,0.2334355129403045,0.1719651909687982,0.0639283236230712,0.3874338642508951
ENSG00000107771,add_gc_removed_a1.0,2.0,40.42042042042042,41.2012012012012,24.69879518072289,300.0,8.1374902158889,24.464693295887983,0.2468574876813565,0.2322118426931488,0.116974390291615,0.1061902927947317,0.9510347514617352
ENSG00000107771,add_own,2.0,53.15315315315316,49.969969969969966,48.13253012048192,305.4,8.900476899417503,21.670525115849124,0.2927215870927656,0.2340691693946883,0.1267111156963571,0.0943075782152898,0.7641436669869017
ENSG00000107771,random_a1.0,2.0,47.567567567567565,50.15015015015015,28.674698795180724,303.8,8.74687703600747,26.74066223631441,0.2476090384771628,0.2338439064960806,0.1248820409357787,0.1163649726499681,1.0100941616291128
ENSG00000107771,unsteered,2.0,45.88588588588589,41.38138138138138,25.72289156626506,299.4,9.481529910275608,24.709299080597333,0.2758962244381699,0.2345523950565428,0.1347262110732194,0.1076021486958527,0.8128112469115104
ENSG00000107833,add_a0.5,2.5,66.38888888888889,53.78151260504202,91.5966386554622,111.66666666666669,6.291588546537846,28.191506330086725,0.1796932665199072,0.2208739803701981,0.0950901853615395,0.1206104699996153,2.60096549068867
ENSG00000107833,add_a1.0,2.5,65.0,42.436974789915965,91.45658263305324,108.5,7.702081553401133,31.04929217328559,0.1990611617684418,0.2237531365343759,0.1146515073498168,0.1333156540965215,1.261694737710669
ENSG00000107833,add_a2.0,2.5,77.77777777777777,54.06162464985994,88.93557422969188,111.33333333333331,7.198261901238923,26.511796714307973,0.2099991919844861,0.224860040380836,0.1065889922174344,0.1140237827521562,1.1599687345472358
ENSG00000107833,add_a3.0,2.5,74.72222222222221,58.8235294117647,88.37535014005601,112.0,7.128634986537842,25.765972152352976,0.2176296542008616,0.2235648250599061,0.1063643423163954,0.1106327224382224,1.08156350860466
ENSG00000107833,add_a4.0,2.5,82.63888888888889,67.6470588235294,87.11484593837535,112.83333333333331,6.197924548235533,24.38376722083657,0.2016643147157853,0.2225840279873959,0.0926575223016432,0.1045407284245563,1.3282680559618216
ENSG00000107833,add_gc_removed_a1.0,2.5,61.38888888888889,49.43977591036415,79.41176470588236,110.5,7.088183913489725,26.39668939363129,0.2121107419072535,0.224401812800131,0.1053522268778165,0.1134210019193199,1.1064869870217156
ENSG00000107833,add_own,2.5,80.41666666666667,53.22128851540615,86.1344537815126,113.33333333333331,7.057500523322922,22.83943355848018,0.2422317367492806,0.2243318136227382,0.1049417956142163,0.0981171332545263,0.9506522824992564
ENSG00000107833,random_a1.0,2.5,63.333333333333336,45.65826330532212,80.67226890756302,110.33333333333331,5.320951381091807,30.87088584587812,0.1515869842561101,0.2250976641847336,0.0786963462291227,0.132782082000656,1.8874421464344
ENSG00000107833,unsteered,2.5,64.02777777777779,43.977591036414566,78.8515406162465,109.33333333333331,6.421444723331516,28.393377756585306,0.1832192396268548,0.2226830890352904,0.0963136064338824,0.121728173709201,1.3835547809843831
ENSG00000107968,add_a0.5,2.0,48.94894894894895,37.89789789789789,44.27710843373494,296.4,7.150253183147354,26.17629217263096,0.2133663349984228,0.216803528641241,0.1099210131150154,0.1114173335376334,1.032502749466547
ENSG00000107968,add_a1.0,2.0,58.61861861861862,45.7057057057057,65.72289156626506,303.0,6.138209164316949,24.631502221113628,0.2001033300903581,0.2196645456090299,0.0931595763592248,0.1052306020145792,1.1352236775405251
ENSG00000107968,add_a2.0,2.0,76.996996996997,52.1921921921922,83.97590361445783,310.4,8.884547875469002,22.49273311181832,0.2818621570101899,0.2174128386766632,0.136075993677149,0.0958019050574671,0.7291560220799063
ENSG00000107968,add_a3.0,2.0,84.8048048048048,67.26726726726727,94.87951807228916,315.8,6.836237246451951,22.1068131969238,0.2363563631904986,0.217295464682149,0.1048379510777713,0.0941465796864864,0.9191517032410156
ENSG00000107968,add_a4.0,2.0,88.16816816816817,85.34534534534535,87.89156626506023,317.4,6.942391861495127,19.418789127427267,0.2638674423135576,0.2185180768575751,0.1058739743012441,0.082832413301682,0.7920461803241119
ENSG00000107968,add_gc_removed_a1.0,2.0,40.48048048048048,31.65165165165165,31.44578313253012,297.4,6.792098771581034,25.4109349902255,0.2122067229342771,0.2175127688026379,0.1040707676522015,0.1082256306841752,1.0554378472818686
ENSG00000107968,add_own,2.0,56.45645645645645,50.45045045045045,57.22891566265061,302.4,7.150174340949652,25.114896935566627,0.2243602096010818,0.2176637123087793,0.1095462772979786,0.1070332828357817,0.9902864442901974
ENSG00000107968,random_a1.0,2.0,48.288288288288285,36.3963963963964,34.93975903614458,296.0,7.366893218421568,24.11482105575903,0.2354636025614117,0.2165896952029326,0.1135273256624631,0.1026154735970763,1.072752737241338
ENSG00000107968,unsteered,2.0,46.96696696696697,31.111111111111107,39.39759036144578,295.2,8.18718580293507,28.253539724870773,0.2246030243964158,0.2194463987885881,0.1244060561192634,0.1206582053346605,0.9839970102202772
ENSG00000108010,add_a0.5,2.0,66.0200668896321,61.74496644295302,67.78523489932886,274.0,6.848912893234643,24.224219344641075,0.222029122351313,0.2304020494569399,0.0992317546480789,0.1049285867352944,1.2473852352191597
ENSG00000108010,add_a1.0,2.0,63.87959866220736,60.67114093959731,65.16778523489933,275.4,8.653831492494287,22.871950537810115,0.2731078764530217,0.2318393810431541,0.1244664985844059,0.0992519112574618,0.8504985623665045
ENSG00000108010,add_a2.0,2.0,79.7324414715719,71.74496644295303,88.57794951754684,280.8,6.8398280024804645,24.16786401873794,0.2207388203162374,0.2303956791446934,0.0989030773324233,0.1047042685439716,1.0657949398614104
ENSG00000108010,add_a3.0,2.0,82.1916455298422,69.59731543624162,89.86577181208054,282.4,7.446251309918149,25.93912483105803,0.2234158671980879,0.2312623930138993,0.1074004269622444,0.1124795839015402,1.0723170963347484
ENSG00000108010,add_a4.0,2.0,86.8896321070234,75.90604026845638,91.74496644295304,284.4,6.533812805913496,25.7525888189658,0.2042683205739322,0.2301922514863283,0.0945971837002429,0.1115201989582475,1.2088825334711624
ENSG00000108010,add_gc_removed_a1.0,2.0,52.24080267558529,45.43624161073826,56.48362822859467,272.8,10.312092877621703,22.371349429923164,0.3174162181242544,0.2312758498214734,0.1486944589747581,0.0969949930836505,0.7171970821590088
ENSG00000108010,add_own,2.0,73.7123745819398,59.86577181208054,87.31543624161074,278.4,7.5453329998777905,27.4645542371764,0.2172038503437443,0.2310099818948599,0.1087856873238018,0.1190356811515858,1.1361180294880957
ENSG00000108010,random_a1.0,2.0,52.40555767547305,48.38926174496645,51.81208053691275,274.4,7.87539085896127,24.19553449906055,0.2443563899048856,0.2302334670657486,0.1139611981529682,0.1047634441716875,0.9699150473590372
ENSG00000108010,unsteered,2.0,54.581939799331096,53.02013422818792,56.30872483221477,281.6,8.688854494338484,19.96139097968732,0.3022403912881416,0.2305342007047948,0.1255859306595165,0.0864891955011688,0.7194656981655756
ENSG00000108375,add_a0.5,2.0,64.98498498498498,56.6966966966967,81.86746987951807,307.4,6.967666243216184,28.55877949775997,0.1959618869924966,0.2499854779556332,0.0928899782313062,0.1269190034121813,1.4047961093136867
ENSG00000108375,add_a1.0,2.0,76.51651651651652,68.64864864864865,81.20481927710844,304.6,8.66149869854929,29.03800970737479,0.2292615885764526,0.2488345835679675,0.1160125816620099,0.1288526290234416,1.129338569509688
ENSG00000108375,add_a2.0,2.0,85.1051051051051,70.09009009009009,94.87951807228916,313.8,7.836807333448749,26.461457960544227,0.2283559282078329,0.2483580337352814,0.1052998437122346,0.1173480864274453,1.20209968591591
ENSG00000108375,add_a3.0,2.0,85.28528528528528,69.54954954954955,91.32530120481928,314.0,7.972501303360461,28.08755636849903,0.2204855700658893,0.249120911596325,0.1066802217148011,0.1246854722992089,1.1886853882720454
ENSG00000108375,add_a4.0,2.0,85.46546546546547,85.64564564564564,90.96385542168674,314.6,8.209676403193967,26.597680963447964,0.2345311219345473,0.2482165019411355,0.1102235215073487,0.1179315145869372,1.1167448457059952
ENSG00000108375,add_gc_removed_a1.0,2.0,62.88288288288288,48.64864864864865,71.92771084337349,304.8,7.688984932706933,27.17710841632152,0.2186776704177909,0.2480313454959071,0.1033562672643232,0.1204613715630484,1.1933462241778243
ENSG00000108375,add_own,2.0,69.36936936936937,67.02702702702702,83.37349397590361,310.0,8.136394652405892,24.758772265061125,0.2450946277440492,0.2491598476472079,0.108792870047645,0.1099215495687477,1.045767739471999
ENSG00000108375,random_a1.0,2.0,59.63963963963964,57.777777777777786,60.78313253012048,301.2,7.911144471264224,27.89356670897211,0.222884375199931,0.2498723490187912,0.1055411519708934,0.1239601016820085,1.2441779516912956
ENSG00000108375,unsteered,2.0,67.98798798798798,55.13513513513514,64.57831325301206,306.0,7.840597969852965,26.864770065915604,0.2243915479028351,0.2484935556121334,0.1052772389714529,0.1191451732266112,1.171369711142619
ENSG00000108423,add_a0.5,2.0,33.213213213213216,36.75675675675676,36.9277108433735,292.6,8.613067180382632,28.570404482113304,0.2319677044958246,0.2165688016630774,0.132698819613494,0.1215729915100063,0.9368281241851232
ENSG00000108423,add_a1.0,2.0,52.01201201201202,46.24624624624624,56.56626506024096,311.6,12.228940937729211,22.17261090978696,0.3330357949388244,0.2182655722688356,0.1872087130013938,0.0945765965799141,0.7564108517402698
ENSG00000108423,add_a2.0,2.0,54.53453453453453,51.771771771771775,53.795180722891565,307.2,8.584364248164734,24.0060756337954,0.2656639712488769,0.2177185856871277,0.1314658460094963,0.1022891702387064,0.7928269715379168
ENSG00000108423,add_a3.0,2.0,82.1021021021021,67.98798798798798,90.8433734939759,315.0,9.140779141104964,18.54194137204993,0.3283362542439144,0.2180566518134042,0.1396722642459663,0.0790437098805932,0.5850434539282198
ENSG00000108423,add_a4.0,2.0,84.38438438438439,83.24324324324324,88.01204819277109,316.0,9.44484634144899,16.182883113060686,0.3807790346155125,0.2165248232399829,0.1454280284104317,0.0688458161228076,0.4742038280841104
ENSG00000108423,add_gc_removed_a1.0,2.0,43.42342342342342,34.47447447447448,31.26506024096385,303.2,12.538687213584726,24.054667521404507,0.3231042052859144,0.2154680605844515,0.1937345239291535,0.1021902147845758,0.8376753824380814
ENSG00000108423,add_own,2.0,40.66066066066066,40.6006006006006,41.62650602409639,294.6,6.589141241619663,27.076574066694786,0.1966260431298025,0.2180958743150801,0.1006949186949309,0.115422208322384,1.157156178509234
ENSG00000108423,random_a1.0,2.0,32.61261261261261,33.51351351351352,31.02409638554217,293.4,9.339823633350118,26.959717746070663,0.2582188064167242,0.2183554114486398,0.1425384289284513,0.1149753212822512,0.812189701514123
ENSG00000108423,unsteered,2.0,39.03903903903904,32.31231231231231,30.602409638554217,291.8,6.800025958375772,26.07388831734503,0.2092595760502088,0.2184435061867073,0.1037466206912204,0.1111948532284993,1.1160889037480983
ENSG00000108599,add_a0.5,2.0,46.786786786786784,39.15915915915916,52.28915662650602,297.4,7.33134355995832,28.94378885373224,0.2023927295007609,0.2170730171577549,0.1124744321728354,0.12321654636602,1.132602449071065
ENSG00000108599,add_a1.0,2.0,58.01801801801802,48.768768768768766,62.5301204819277,302.0,7.800127004210687,24.200057477287704,0.2471128861665573,0.2184152024212552,0.1190456802548655,0.1032150582008004,0.8995163630335334
ENSG00000108599,add_a2.0,2.0,71.53153153153153,54.77477477477478,90.8433734939759,310.2,7.9412620039632,23.048527920047587,0.256835910776617,0.2179965631079068,0.1213848689209011,0.0982466843106732,0.8212218733610156
ENSG00000108599,add_a3.0,2.0,78.13813813813815,67.62762762762763,92.40963855421688,313.0,8.114540783385209,19.561007931771503,0.2909448009163615,0.2177480413209286,0.1242095581927464,0.083353910854823,0.7010117169814303
ENSG00000108599,add_a4.0,2.0,79.93993993993993,72.4924924924925,83.01204819277109,313.2,7.477954420047683,20.785277933277435,0.2649370848791889,0.2179066284853839,0.1143668046932996,0.088592612629288,0.776924845600573
ENSG00000108599,add_gc_removed_a1.0,2.0,40.12012012012012,32.312312312312315,30.96385542168675,293.6,7.768518586374057,27.400325252674246,0.2217229386461712,0.2187657695348939,0.1182673148435421,0.1169091304640899,1.013043609428308
ENSG00000108599,add_own,2.0,60.18018018018017,43.48348348348348,65.78313253012047,306.0,8.812175494138883,23.48328756517612,0.2773228928095501,0.2168176882573432,0.135408242615053,0.0999251150575856,0.7611992211414347
ENSG00000108599,random_a1.0,2.0,42.64264264264265,38.61861861861862,42.04819277108434,296.8,6.672990959040865,27.454946525454737,0.1959224273263682,0.2198570109377512,0.1012558938611351,0.117292998211135,1.1692656296210076
ENSG00000108599,unsteered,2.0,63.78378378378378,26.246246246246244,35.06024096385542,302.2,6.112039262185651,24.924446546127285,0.1947859909443113,0.216618634983805,0.094112989816684,0.1060533145200602,1.2345234550075823
ENSG00000109576,add_a0.5,2.0,51.35135135135136,50.69069069069069,55.78313253012048,303.0,7.057991461033102,24.584045256383416,0.2220475324961445,0.2372820167428757,0.0990497763428601,0.1074572626406058,1.2282970746368431
ENSG00000109576,add_a1.0,2.0,69.96996996996997,66.42642642642643,75.12048192771084,313.8,6.746403433873061,23.146232252666486,0.2300614269537057,0.2374655590903571,0.0948038242208222,0.1012003122966186,1.1362441186239136
ENSG00000109576,add_a2.0,2.0,68.34834834834835,68.88888888888889,79.81927710843374,310.2,7.216616044761795,22.15540584078236,0.2488676139491297,0.2361913945840898,0.1016460207148621,0.0966711445707082,1.0857739246541285
ENSG00000109576,add_a3.0,2.0,68.94894894894895,84.86486486486487,91.20481927710844,313.2,6.9563605913434445,23.48859974046478,0.2315179584417827,0.2352277274091129,0.0987598324921563,0.102429504007529,1.1235300971762627
ENSG00000109576,add_a4.0,2.0,84.26426426426426,84.26426426426426,88.91566265060241,315.4,6.665413309867101,23.160355641367538,0.2222246363202087,0.2361754056972985,0.0940842304369206,0.101073934494987,1.087913172842795
ENSG00000109576,add_gc_removed_a1.0,2.0,46.48648648648648,55.67567567567568,61.56626506024097,303.2,7.796433981573765,27.041261471244752,0.224421929458722,0.2382235343011857,0.1090685958367261,0.1183507996682765,1.1296002183782945
ENSG00000109576,add_own,2.0,60.78078078078079,52.61261261261261,69.39759036144578,305.6,7.415525968681767,25.119969667639904,0.2255196447246534,0.2376346476539198,0.1040783749335712,0.1098378793234251,1.1510637807699935
ENSG00000109576,random_a1.0,2.0,52.31231231231232,63.18318318318319,57.28915662650602,305.8,6.745276740515569,25.0644999974248,0.2118979379140921,0.2353098596806402,0.095496095928747,0.10925654898825,1.1845835849738873
ENSG00000109576,unsteered,2.0,55.43543543543543,55.25525525525526,51.26506024096385,309.4,7.0921496589958455,23.38448876765643,0.2389076889250231,0.2359480855325063,0.100189613221356,0.1020292441298439,1.0668437617429798
ENSG00000109943,add_a0.5,2.0,55.28220992076414,50.030030030030034,63.73493975903615,303.2,6.990716236497785,26.22759408766561,0.2103713213801442,0.229075862735751,0.1017474019110768,0.113374482865396,1.1379725431457903
ENSG00000109943,add_a1.0,2.0,62.70270270270271,53.333333333333336,74.93975903614458,309.0,7.44600686747233,23.04684305177449,0.241692319586956,0.2286441040803767,0.1085140804444964,0.0996036404837584,0.9641880843228734
ENSG00000109943,add_a2.0,2.0,73.993993993994,58.258258258258266,91.144578313253,309.6,8.1391202872659,22.03651041280381,0.2718244177985521,0.2283920194700109,0.118770746393892,0.0951819855446576,0.8031830345891793
ENSG00000109943,add_a3.0,2.0,82.04204204204204,74.41441441441441,87.89156626506023,318.6,6.280150162333159,18.11339862162585,0.2625431205630695,0.2266925002070662,0.0923360096843301,0.0780869542059335,0.8694153965830523
ENSG00000109943,add_a4.0,2.0,86.96696696696696,79.21921921921923,91.50602409638554,317.4,5.672716898517108,19.94558016360806,0.2244261718320047,0.2276833065614815,0.0830306760044669,0.0860808165370339,1.0685922418669014
ENSG00000109943,add_gc_removed_a1.0,2.0,40.92061941459532,40.9009009009009,42.40963855421687,296.6,6.877058387709748,28.40525941422434,0.1947696399358803,0.2285475004277727,0.1002444847388814,0.1227585357299065,1.276693702495463
ENSG00000109943,add_own,2.0,61.74174174174175,54.8948948948949,76.98795180722891,305.4,8.251831033895417,24.038377536387163,0.2538051049588203,0.2293565416917736,0.1198750363927645,0.1039745770927091,0.9089296007259672
ENSG00000109943,random_a1.0,2.0,49.90990990990991,49.249249249249246,52.40963855421687,297.8,6.388037122577991,26.51137204595496,0.1949543062557014,0.2272683929436668,0.0938012177064441,0.1143653885220344,1.282224391299593
ENSG00000109943,unsteered,2.0,58.318318318318326,47.927927927927925,60.12048192771084,304.2,7.103759685953821,25.44536403583871,0.217857915688476,0.2274046263002364,0.104129903074981,0.1097827623642239,1.090148494950791
ENSG00000110756,add_a0.5,2.0,54.174174174174176,41.74174174174174,38.6144578313253,333.0,44.68468468468468,8.408408408408409,0.841591927482391,0.2505839172505845,0.5944074567243662,0.03739982190561,0.0629437848092443
ENSG00000110756,add_a1.0,2.0,50.990990990990994,42.46246246246246,45.12048192771084,317.0,27.897755177598626,14.479070907642337,0.6066684082201323,0.2519081424169492,0.3704776890743885,0.0645927641890456,0.3765327573646503
ENSG00000110756,add_a2.0,2.0,75.49549549549549,63.48348348348348,84.51807228915662,309.0,10.9373353729428,27.422719264108743,0.2826673953631591,0.2524462629864258,0.1444081633991832,0.122296547872259,0.9401186165653364
ENSG00000110756,add_a3.0,2.0,76.51651651651652,75.1951951951952,87.40963855421687,310.2,9.270224209939071,27.53568414984211,0.2508282677376778,0.2508798255088412,0.1231882251837796,0.1225172535236773,1.0611006572045911
ENSG00000110756,add_a4.0,2.0,82.58258258258259,72.07207207207207,88.855421686747,311.2,7.722078921583639,29.6365119991296,0.2019783014298515,0.2517241309112475,0.1023305220939839,0.1320439365617642,1.547626307795084
ENSG00000110756,add_gc_removed_a1.0,2.0,49.36936936936937,40.18018018018018,39.09638554216868,318.8,30.33997533899406,12.185363607150997,0.625117935763905,0.2509706015507076,0.4034732662549812,0.0542475262931946,0.4145224633429844
ENSG00000110756,add_own,2.0,70.15015015015015,59.93993993993994,82.95180722891567,318.2,16.20193530377082,23.1647352130072,0.402420854252172,0.2510684830675649,0.2150601783218931,0.1030963739892122,0.8068560494612417
ENSG00000110756,random_a1.0,2.0,49.18918918918919,39.75975975975976,35.66265060240964,325.4,38.02351504046419,9.831730035119866,0.7451632470501566,0.2509379435933114,0.505646998032473,0.0437677505601898,0.1926283976824621
ENSG00000110756,unsteered,2.0,48.288288288288285,41.98198198198198,36.807228915662655,316.2,31.24940103069532,13.969924577387967,0.621051523584239,0.2493190167021065,0.4162667887820339,0.0619631766139903,0.4105422713113361
ENSG00000110851,add_a0.5,2.0,69.00900900900902,51.11111111111111,66.56626506024097,306.6,9.192750154602754,26.68461365609092,0.2554419073580761,0.2567954901248918,0.1193632380346737,0.1196845550207153,1.028101994989338
ENSG00000110851,add_a1.0,2.0,65.64564564564564,54.77477477477478,77.28915662650601,314.4,12.991778742486526,22.969683495904487,0.3520642139938204,0.258852915352268,0.1674151343366487,0.103317624747924,0.7865289571206635
ENSG00000110851,add_a2.0,2.0,80.9009009009009,67.44744744744744,84.03614457831326,313.4,8.997479664267113,25.345428263183315,0.2619342079786563,0.2581012260066144,0.1163050061713185,0.1138782124857445,1.0158035282685962
ENSG00000110851,add_a3.0,2.0,81.02102102102103,71.41141141141142,92.46987951807228,312.4,9.163274387243352,24.77053428400917,0.269223504331321,0.2584293315836806,0.1182383248618414,0.1113422376582048,0.9779843587584592
ENSG00000110851,add_a4.0,2.0,89.90990990990991,84.62462462462463,93.73493975903614,315.2,7.622809351294315,26.94015361936679,0.2219947034897194,0.2584665509604539,0.0982821973134979,0.1210995631815975,1.2698411061121058
ENSG00000110851,add_gc_removed_a1.0,2.0,42.58258258258259,40.66066066066066,40.78313253012048,298.8,9.966402126708482,22.75382618873041,0.3048481088803669,0.2594702313087852,0.1280177610466594,0.1024215493579231,0.8043805744824896
ENSG00000110851,add_own,2.0,62.04204204204204,56.93693693693695,69.51807228915663,311.2,11.317163689996104,23.150323273855765,0.3207536125234145,0.2589230911155623,0.1456719051808092,0.104131240093726,0.8582746544309343
ENSG00000110851,random_a1.0,2.0,51.95195195195195,50.810810810810814,55.30120481927711,301.6,10.076883412096851,24.060301743072188,0.2956747676504515,0.2584200240975773,0.1299740642379463,0.1081372627023196,0.8350035270232471
ENSG00000110851,unsteered,2.0,48.40840840840841,48.22822822822823,45.66265060240964,301.2,11.514524813830963,22.722684398573705,0.3392541465866561,0.2597430251914453,0.1477716906308671,0.1023410178668724,0.7299071199610873
ENSG00000111481,add_a0.5,3.0,56.0515873015873,28.97102897102897,59.64035964035964,142.14285714285714,39.08791937989018,3.067005986714016,0.9177771470956464,0.2325022908964513,0.5605938445612362,0.0133291103215915,0.0340939415086319
ENSG00000111481,add_a1.0,3.0,57.93650793650794,28.67132867132867,85.41458541458542,143.0,34.66533466533467,2.3976023976023977,0.9358761239435552,0.2323232323232322,0.4973721930243672,0.0104106419895893,0.0225797588008919
ENSG00000111481,add_a2.0,3.0,65.17857142857143,39.56043956043956,90.60939060939062,140.42857142857142,26.138384033120875,9.969223202305908,0.690911670159632,0.2323978938849447,0.3749970257738695,0.0432973320484986,0.258100293102049
ENSG00000111481,add_a3.0,3.0,64.08730158730158,35.264735264735265,91.7082917082917,138.85714285714286,19.11174805509791,16.66523152377875,0.521632649406895,0.2324077357582357,0.273869212813924,0.0723936492036475,0.4419092475723752
ENSG00000111481,add_a4.0,3.0,69.64285714285714,47.252747252747255,91.5084915084915,136.71428571428572,13.607702809821024,19.84166714814672,0.4059852940164943,0.2322307447832541,0.1953604264643402,0.0861626729948216,0.6318403628541666
ENSG00000111481,add_gc_removed_a1.0,3.0,53.17460317460318,28.87112887112887,50.44955044955044,142.0,46.026767350296765,1.8341952165481576,0.9607411518023622,0.2320473644003054,0.6610535625336739,0.0079562576210246,0.0127345125022286
ENSG00000111481,add_own,3.0,58.035714285714285,28.97102897102897,74.42557442557442,143.0,40.05994005994006,2.597402597402597,0.9382165462192236,0.2323232323232322,0.5747730530339229,0.0112781954887218,0.0223691745448894
ENSG00000111481,random_a1.0,3.0,56.54761904761904,28.77122877122877,60.13986013986014,143.0,40.85914085914086,1.1988011988011988,0.9716155355742486,0.2323232323232322,0.5862398471094127,0.0052053209947946,0.0089065009722695
ENSG00000111481,unsteered,3.0,56.74603174603175,28.77122877122877,58.24175824175824,143.0,42.75724275724276,0.6993006993006993,0.983836917405385,0.2323232323232322,0.6134734830387008,0.0030364372469635,0.0049721521092309
ENSG00000111669,add_a0.5,2.0,74.72727272727272,70.8675799086758,79.08675799086758,207.2,9.726878935717696,23.63880353512108,0.3003871655896458,0.2405463097501035,0.1347240627093834,0.1037433718825601,1.229948758328358
ENSG00000111669,add_a1.0,2.0,74.27272727272728,65.11415525114155,88.12785388127854,208.2,12.818437676413003,26.36884291594212,0.3446452963207755,0.2427453819475233,0.1765134691749125,0.11613835947144,0.9434120383669816
ENSG00000111669,add_a2.0,2.0,74.36363636363636,62.8310502283105,92.96803652968036,215.6,18.47265715826395,16.68665929542835,0.5262481189164572,0.2405820131341063,0.2560650617144537,0.0732613411779233,0.5265264245096839
ENSG00000111669,add_a3.0,2.0,79.72727272727272,65.57077625570777,92.6027397260274,213.0,12.641234376979488,24.801534801155533,0.3518091658239167,0.2414334182385506,0.17466583302843,0.1090202791245301,0.920087353946309
ENSG00000111669,add_a4.0,2.0,82.27272727272728,72.14611872146119,94.7945205479452,212.6,12.258291944038168,21.71368432377451,0.3769230769230769,0.2415914114332692,0.1694857774695688,0.095498758551542,0.8929083204051895
ENSG00000111669,add_gc_removed_a1.0,2.0,63.63636363636364,48.58447488584475,69.40639269406392,215.8,31.97291765076365,9.61243448725735,0.7422699746565293,0.2409939192178207,0.4429695518303113,0.042265007237903,0.2834554797473803
ENSG00000111669,add_own,2.0,69.81818181818183,48.40182648401826,86.66666666666666,216.0,21.67324572830999,12.248913111224867,0.6450082159624413,0.2411804301780605,0.2999956668887659,0.0538603014199494,0.321462347736567
ENSG00000111669,random_a1.0,2.0,70.45454545454545,56.71232876712329,72.32876712328768,213.2,27.74060939435095,16.28200348935406,0.614933676360107,0.2410023197572897,0.3842213271960107,0.0715482326813857,0.4541959949675177
ENSG00000111669,unsteered,2.0,61.909090909090914,46.84931506849315,63.10502283105022,215.6,34.460870744608705,8.154527781545278,0.7787771845823387,0.2399144023991438,0.4779184247538678,0.03570517658694,0.2226081840841496
ENSG00000111832,add_a0.5,2.0,55.0,31.81467181467182,50.73359073359073,243.6,19.0638226025822,16.380499791926326,0.5163766829776681,0.2127496577460792,0.2992232871115822,0.0693830312103976,0.4198269033662345
ENSG00000111832,add_a1.0,2.0,55.92307692307693,30.81081081081081,49.729729729729726,245.4,23.40756245271128,14.94019959626416,0.5977107732103415,0.2111775459388914,0.3702670984030882,0.0631684798744761,0.2592101652787933
ENSG00000111832,add_a2.0,2.0,66.0,39.45945945945946,82.7027027027027,249.6,26.19908074001051,12.124612180713164,0.6840898807464084,0.211270733653828,0.4136845031740742,0.0512417262232608,0.1257468394241453
ENSG00000111832,add_a3.0,2.0,74.38461538461539,49.80694980694981,88.41698841698842,245.4,13.73144899020932,18.82988957566597,0.4115914581872029,0.2113542019283202,0.2164077356179502,0.0795835893751458,0.4440443482598072
ENSG00000111832,add_a4.0,2.0,76.23076923076923,54.51737451737451,92.66409266409266,246.8,13.79516088996686,18.46637015443713,0.4053334120847115,0.2114115103096994,0.2172114368540814,0.0780393732578501,0.5890380546027016
ENSG00000111832,add_gc_removed_a1.0,2.0,47.46153846153847,31.89189189189189,34.5945945945946,236.0,11.763035760795642,20.54656045626028,0.3482647965741586,0.2109253487248514,0.1860318235509989,0.0868052756276831,0.6678178268981337
ENSG00000111832,add_own,2.0,64.46153846153847,44.092664092664094,77.06563706563706,245.8,14.12735805314379,18.76071047465112,0.4027876869965477,0.2135450144025815,0.2206974805431278,0.0795188118071269,0.600806506920053
ENSG00000111832,random_a1.0,2.0,42.84615384615385,23.706563706563703,29.88416988416988,245.8,23.68399597292006,11.855123253680125,0.6390685330502119,0.2107308022488801,0.3748949404953946,0.0500739216305055,0.1969184886396761
ENSG00000111832,unsteered,2.0,50.92307692307692,32.664092664092664,37.52895752895753,241.6,19.19528774497196,16.871657945657343,0.5237528058361391,0.2104712841215295,0.3043223578453305,0.071249979215668,0.3960282999200159
ENSG00000111906,add_a0.5,2.0,55.8590308370044,48.05309734513274,65.39823008849558,207.2,11.998723291883769,22.86718888179069,0.3294039358017532,0.230592995715564,0.1737174457860087,0.0990564341638278,0.7507815986403339
ENSG00000111906,add_a1.0,2.0,67.40088105726872,48.26705998033432,75.99882005899704,216.8,20.45778315836399,18.48365935800472,0.5276379331203646,0.2265212187690162,0.3008537587547174,0.0796367653526105,0.2827222862980929
ENSG00000111906,add_a2.0,2.0,75.59471365638767,51.150442477876105,89.82300884955752,218.8,16.44862714503207,14.671310218710897,0.5291852218414965,0.2274907361631802,0.24102843408754,0.0632993564014328,0.2700465544717157
ENSG00000111906,add_a3.0,2.0,78.06167400881057,55.22123893805311,93.1858407079646,214.0,16.48697130011944,20.198328542010483,0.4533054850255542,0.2289997519914623,0.2403613531502718,0.0873521029186222,0.4468398798320305
ENSG00000111906,add_a4.0,2.0,73.7444933920705,69.5575221238938,89.46902654867256,213.8,9.545664141257864,20.931427765767115,0.3108986397014566,0.2275121590773544,0.1400286646776321,0.0903492881619779,0.8024682537216528
ENSG00000111906,add_gc_removed_a1.0,2.0,53.03964757709251,37.2566371681416,48.23008849557522,214.0,20.340276030335392,15.770447608191052,0.5443330532178904,0.2287861041639314,0.2972259078105853,0.0681833584863755,0.3360316254481481
ENSG00000111906,add_own,2.0,71.01321585903084,62.30088495575221,77.2566371681416,211.4,14.13163704068238,19.93423844267047,0.4103569082424804,0.2273953317107742,0.2076774918290427,0.0860481572467219,0.5011210297045878
ENSG00000111906,random_a1.0,2.0,54.7136563876652,35.575221238938056,44.51327433628319,216.0,23.798161149650355,15.470729338855335,0.6063790601755287,0.2271569735870475,0.3491822551667894,0.0667236851120272,0.1912807616655063
ENSG00000111906,unsteered,2.0,52.951541850220266,36.63716814159292,48.96951819075713,214.8,23.393690582562567,16.654857639643556,0.5724448706565638,0.2271854392004599,0.3434516674617082,0.0718404016940018,0.2870051421949837
ENSG00000112306,add_a0.5,4.5,52.33009708737865,34.803921568627445,46.5686274509804,99.9,29.92534452686256,6.068847871504419,0.793919293302012,0.2115413038246689,0.4718471014235416,0.0256686151003483,0.1485613403471673
ENSG00000112306,add_a1.0,4.5,58.15533980582525,38.23529411764706,50.88235294117647,98.2,26.270013890279643,12.344764141272314,0.6807151022850638,0.2125461759727473,0.4130204515577101,0.0523457458004468,0.2562870824443692
ENSG00000112306,add_a2.0,4.5,59.80582524271845,37.74509803921568,81.76470588235294,100.7,38.23725531501836,7.577016237293316,0.8262680395944079,0.2120889900420999,0.6014856615432602,0.0320764160622713,0.0800340934814157
ENSG00000112306,add_a3.0,4.5,61.84466019417475,41.76470588235294,82.45098039215686,100.2,35.12573865021045,9.3633795544761,0.7680785168362808,0.2121624223853342,0.5527073230991701,0.0396522128767771,0.1451753589243675
ENSG00000112306,add_a4.0,4.5,62.33009708737863,35.98039215686275,82.54901960784314,101.8,40.082508250825086,7.2684915550378575,0.8420127572263454,0.2115274272525293,0.6316088884140801,0.0307278002407481,0.0529969845903206
ENSG00000112306,add_gc_removed_a1.0,4.5,55.8252427184466,31.96078431372549,46.47058823529412,99.9,32.22539705020401,7.048169733461033,0.8176010127774834,0.2113079550338838,0.5080772029054189,0.0297655528390997,0.1269350840688158
ENSG00000112306,add_own,4.5,53.68932038834952,33.627450980392155,54.70588235294117,97.6,28.31024576174764,9.101149163727388,0.7265095334091772,0.2126667172349277,0.4458594426279642,0.0386637118459311,0.2520782147374512
ENSG00000112306,random_a1.0,4.5,57.184466019417485,31.47058823529412,45.68627450980392,101.3,34.31682146542828,2.6646026831785345,0.9206666180350392,0.2115995872033025,0.540992056785533,0.0112865035516969,0.0384281151533883
ENSG00000112306,unsteered,4.5,55.24271844660194,34.411764705882355,44.90196078431373,98.9,30.946086729178507,6.861798382208687,0.8054945078499574,0.2124670043774403,0.485427830570743,0.0290630461150053,0.102619909850407
ENSG00000112320,add_a0.5,2.0,39.03903903903904,37.77777777777778,38.97590361445784,298.8,7.199532082064333,20.964194636566543,0.2534907594059951,0.2233212534935493,0.1076975241589542,0.089931656298433,0.8550897266303622
ENSG00000112320,add_a1.0,2.0,57.357357357357365,47.687687687687685,64.75903614457832,309.0,12.630914932848317,19.3966420606118,0.3921847376032362,0.222869508886111,0.1890043644070058,0.0832059002200412,0.6010934351060915
ENSG00000112320,add_a2.0,2.0,72.85285285285286,66.006006006006,82.89156626506023,312.0,9.230327773744184,22.77264107871102,0.2870775425000127,0.2238563172067675,0.1374594776945502,0.0978102213176762,0.752949782306428
ENSG00000112320,add_a3.0,2.0,83.90390390390391,70.8108108108108,92.95180722891568,313.4,8.438781509073262,20.65963845958773,0.2991383115242225,0.2215756330739208,0.1269478002803486,0.0884571139979338,0.7021102038733181
ENSG00000112320,add_a4.0,2.0,87.26726726726727,83.06306306306307,91.20481927710844,316.6,9.603915228071866,21.477152379667977,0.3090210350273895,0.2236295779505236,0.1431098097021924,0.0922141882357323,0.6503351268983024
ENSG00000112320,add_gc_removed_a1.0,2.0,49.78978978978979,41.56156156156156,46.807228915662655,295.0,7.379994646522057,23.808981772155565,0.2356276029733433,0.2236994714130141,0.1101672904103565,0.10223173412867,0.9725500817377504
ENSG00000112320,add_own,2.0,64.92492492492492,64.68468468468468,68.9156626506024,309.0,12.097747594950617,19.60871114634749,0.3959290415505156,0.2229290925546097,0.1809678431278136,0.0841291807298384,0.6877674834046125
ENSG00000112320,random_a1.0,2.0,52.55255255255255,42.88288288288288,42.22891566265061,300.2,12.022798767378656,22.5099223163646,0.370138090995277,0.222589722823401,0.1800509468366448,0.0965182802256827,0.7184042627320866
ENSG00000112320,unsteered,2.0,54.11411411411412,42.88288288288288,47.40963855421687,302.6,13.435933506169189,16.13694639994,0.4726989438932248,0.2223680088359347,0.2013052348768866,0.0691546685442112,0.6070867068928643
ENSG00000112874,add_a0.5,2.0,46.18618618618619,39.81981981981982,34.036144578313255,311.2,18.465587010886093,20.05763504593172,0.4743868204252571,0.2189678847218602,0.2814923775940314,0.0856279355638121,0.4243935384370076
ENSG00000112874,add_a1.0,2.0,47.14714714714715,38.13813813813814,33.915662650602414,307.8,16.465000232835187,18.84026667746689,0.4663408360561935,0.2184929039388638,0.251577351969187,0.0803717651447976,0.4767460659025286
ENSG00000112874,add_a2.0,2.0,70.3903903903904,60.84084084084084,74.63855421686746,315.0,14.801467989053869,16.1893881772491,0.4779920291348862,0.2181181581942955,0.2259536584472601,0.0690151868497118,0.3258783489988283
ENSG00000112874,add_a3.0,2.0,83.11009804985709,79.45945945945945,85.72289156626506,316.2,10.068045606009452,17.720180514402415,0.3591114249211052,0.2178622577086228,0.153966464221193,0.0755237951781629,0.5289893218629258
ENSG00000112874,add_a4.0,2.0,82.58258258258259,71.5915915915916,87.59036144578313,315.4,10.033833320738378,17.766418983689487,0.3596360110477757,0.2182691039531279,0.1533763140538209,0.0757489024676425,0.5001725995608073
ENSG00000112874,add_gc_removed_a1.0,2.0,40.72072072072072,33.3933933933934,31.204819277108435,309.2,15.165348728358714,17.91556091045723,0.4582658120802451,0.2192635069921096,0.2311896891738272,0.0765358920122635,0.4999486334021528
ENSG00000112874,add_own,2.0,51.65165165165165,39.75975975975976,38.43373493975904,314.6,19.96127782715632,17.410066446157195,0.5381454488000703,0.2185839021790481,0.3048290344039144,0.0742999955145201,0.3142935522410807
ENSG00000112874,random_a1.0,2.0,45.88588588588589,34.65465465465466,31.686746987951807,317.2,19.588895352618287,16.071814584859226,0.5548329530785124,0.2178092671852594,0.2997592497858247,0.0684854957866248,0.3400517290788629
ENSG00000112874,unsteered,2.0,43.3033033033033,36.81681681681682,33.674698795180724,310.8,18.00873133998046,17.91014493974019,0.5022964462328823,0.2185945164266215,0.2747300283438881,0.0764292342797264,0.3865212706548063
ENSG00000113558,add_a0.5,4.5,57.014925373134325,27.96992481203008,41.203007518796994,133.0,34.285714285714285,0.225563909774436,0.993872340425532,0.195488721804511,0.5846153846153851,0.0009345794392523,0.0015407016118109
ENSG00000113558,add_a1.0,4.5,57.014925373134325,27.81954887218045,41.95488721804511,133.0,34.3609022556391,0.0,1.0,0.195488721804511,0.5858974358974365,0.0,0.0
ENSG00000113558,add_a2.0,4.5,56.791044776119406,29.17293233082707,56.766917293233085,132.4,40.80257461836409,1.9284005468216,0.9520732858553004,0.1957086331675145,0.6951629839597553,0.0080007564446572,0.0159724760889161
ENSG00000113558,add_a3.0,4.5,61.492537313432834,32.330827067669176,74.88721804511279,132.1,41.13834276825786,4.986289306114122,0.8812108495401315,0.1955604703376656,0.7012834008097173,0.0206618602914653,0.0427907183137738
ENSG00000113558,add_a4.0,4.5,62.53731343283582,33.1578947368421,84.51127819548871,132.1,41.1842379112116,5.120997423629002,0.8597330545041812,0.1952142481665505,0.702424154899201,0.0211946682034046,0.0551590572500169
ENSG00000113558,add_gc_removed_a1.0,4.5,57.38805970149254,27.81954887218045,39.24812030075188,133.0,34.962406015037594,0.0,1.0,0.195488721804511,0.5961538461538467,0.0,0.0
ENSG00000113558,add_own,4.5,57.83582089552239,27.81954887218045,44.21052631578947,132.9,34.91285030758715,0.225563909774436,0.993549839480072,0.1955526442368545,0.5951194013425779,0.0009345794392523,0.0016021166538076
ENSG00000113558,random_a1.0,4.5,57.16417910447761,27.744360902255643,40.67669172932331,133.0,33.30827067669173,0.0,1.0,0.195488721804511,0.5679487179487184,0.0,0.0
ENSG00000113558,unsteered,4.5,57.38805970149254,27.81954887218045,40.90225563909775,133.0,33.53383458646616,0.075187969924812,0.9976744186046512,0.195488721804511,0.5717948717948723,0.0003115264797507,0.00057854917668
ENSG00000113569,add_a0.5,2.0,68.46846846846847,54.5945945945946,79.63855421686748,307.0,8.735988458043376,23.916334114045984,0.2677274870344177,0.2369871107992147,0.1228957303126833,0.1044808705605337,0.8733508284741411
ENSG00000113569,add_a1.0,2.0,81.62162162162163,50.510510510510514,87.59036144578315,308.4,7.520305399364787,25.15991518195512,0.2305917688018539,0.2353291177672658,0.1065047368202545,0.1096811912349439,1.0313935062086517
ENSG00000113569,add_a2.0,2.0,87.74774774774775,72.1921921921922,92.46987951807228,317.8,6.422137919643417,20.395022504865302,0.2387509712509712,0.2364130270734062,0.0905458355648622,0.0890238212668808,1.0521256227415523
ENSG00000113569,add_a3.0,2.0,83.6036036036036,63.6036036036036,92.46987951807228,313.8,6.564547261709677,23.47239461450614,0.2197351736816898,0.2347546366480537,0.0931914762420735,0.1022411085231429,1.1212759591603347
ENSG00000113569,add_a4.0,2.0,87.86786786786787,75.01501501501501,90.5421686746988,315.0,9.215089758129904,21.617726407386428,0.3014162194090645,0.2366111094624984,0.129837574277298,0.0943859873368889,0.7230216124834229
ENSG00000113569,add_gc_removed_a1.0,2.0,55.55555555555556,41.74174174174174,57.53012048192771,303.2,6.8623105487979785,26.39977440286532,0.2085560398386572,0.2348219341745636,0.0973910357646459,0.1149881729915022,1.2971760927729268
ENSG00000113569,add_own,2.0,70.2102102102102,55.67567567567568,75.96385542168676,306.8,6.594435979455007,23.35081154358399,0.2190448793685039,0.2354709543819776,0.0934796469918913,0.101780430678758,1.1281779088409665
ENSG00000113569,random_a1.0,2.0,55.55555555555556,44.62462462462462,45.60240963855422,300.4,8.042493988760693,25.625111495293247,0.2383552485013307,0.2356668009727831,0.1137264170183225,0.1117593122816326,0.9948314032076184
ENSG00000113569,unsteered,2.0,61.68168168168168,51.291291291291294,63.915662650602414,302.8,7.757250460177121,26.39642340387878,0.2248014302810728,0.2351731626693076,0.1099980500397157,0.1150511371239934,1.094970880113333
ENSG00000113595,add_a0.5,2.0,58.61861861861862,62.52252252252252,60.8433734939759,301.6,7.366635696937453,26.783448822633552,0.2168837275151708,0.2331354956194651,0.1052269243860136,0.1164067777984211,1.130327013320513
ENSG00000113595,add_a1.0,2.0,67.98798798798798,53.99399399399399,81.32530120481928,308.0,5.2727097659261535,28.108168328475767,0.1579946528374591,0.2329267885172492,0.0754044017265965,0.122166057165622,1.6515228917088116
ENSG00000113595,add_a2.0,2.0,89.06906906906906,77.77777777777779,89.57831325301206,313.6,5.876143950452013,27.86040346000196,0.1753017390212512,0.2322154057476678,0.0843123931702379,0.1209559238289914,1.4691012146153677
ENSG00000113595,add_a3.0,2.0,78.85885885885887,85.82582582582583,88.73493975903614,315.0,6.23554085961452,26.4994792775042,0.1897651024987473,0.2330345258479941,0.0891492353460854,0.115188584465782,1.3581928721553922
ENSG00000113595,add_a4.0,2.0,87.74774774774775,86.60660660660662,87.71084337349399,311.4,6.359214220396023,29.022574483852143,0.1792751529289023,0.2317145733789206,0.0914635503335269,0.1259180797112682,1.3909632567968568
ENSG00000113595,add_gc_removed_a1.0,2.0,48.88888888888889,57.47747747747748,69.81927710843374,305.4,6.635065448111154,27.77236954701032,0.1952664971767813,0.233362582179868,0.0947705394160227,0.1207476843197447,1.3936449729336016
ENSG00000113595,add_own,2.0,73.03303303303304,68.82882882882883,78.07228915662651,304.4,6.851343480637974,26.134583468257336,0.2069572716902062,0.2342968007805693,0.0972936730932756,0.1137760945151541,1.217094053908237
ENSG00000113595,random_a1.0,2.0,61.08108108108108,63.12312312312313,62.83132530120482,303.4,6.699978369993926,25.80385063856674,0.2036328575993065,0.233671758312023,0.0955034733813983,0.1122483672541995,1.239275467713834
ENSG00000113595,unsteered,2.0,46.72672672672673,48.94894894894895,55.42168674698795,298.4,8.07559349072011,24.04888404496669,0.2534543056130742,0.2349183578243839,0.1144421791553808,0.1047336304942807,1.1006083648848954
ENSG00000113621,add_a0.5,2.0,76.1311475409836,78.94736842105263,74.80263157894737,286.4,7.147213606046458,21.00628411820652,0.2550014325455872,0.2266656857500131,0.1051180492621596,0.0905412083631719,0.9031959455271196
ENSG00000113621,add_a1.0,2.0,81.57377049180327,63.6842105263158,69.14473684210526,281.6,7.813542237208762,24.868750749997155,0.2393272491880985,0.2256931586418956,0.1154160088189639,0.1070422234592217,0.9371402779725456
ENSG00000113621,add_a2.0,2.0,78.2295081967213,77.17105263157895,77.76315789473685,283.2,7.70055165045936,23.10227398297121,0.2515810943184495,0.2256688816691375,0.1137983893786709,0.0994523450487613,0.9042883718989854
ENSG00000113621,add_a3.0,2.0,86.88524590163935,85.39473684210527,87.03947368421052,288.4,6.507489956923673,20.33524313118113,0.2439265493062961,0.2263908719595159,0.0958883595883915,0.0876330889538957,1.0316796343358003
ENSG00000113621,add_a4.0,2.0,84.52459016393443,87.23684210526315,85.32894736842105,288.2,7.075464299595657,20.11513498993248,0.2599955924212627,0.2264690207338125,0.1041635849431538,0.0866753568315146,0.8367051055273876
ENSG00000113621,add_gc_removed_a1.0,2.0,49.63934426229508,51.776315789473685,54.21052631578948,277.0,6.572286763493945,25.313666263612323,0.2065631886295215,0.2277754443009743,0.096184413680165,0.1092503216521776,1.156220890693991
ENSG00000113621,add_own,2.0,66.88524590163935,66.51315789473684,70.19736842105263,282.8,8.438819478293162,22.42327904990444,0.2746822207959027,0.2272070121822445,0.1239270251233604,0.0967402128202427,0.8737757535047592
ENSG00000113621,random_a1.0,2.0,61.18032786885247,50.46052631578947,62.96052631578948,278.4,6.624419428179858,23.748408843701984,0.218354341996645,0.2262596313976826,0.0977024671182173,0.1023106680761398,1.073286414932081
ENSG00000113621,unsteered,2.0,61.63934426229508,62.96052631578948,67.17105263157895,274.6,6.093459846033627,24.875545751715244,0.1994054690329025,0.2254179680984941,0.089949032229305,0.1069882158275185,1.378704666989125
ENSG00000113734,add_a0.5,2.0,53.66834170854271,33.73737373737374,61.91919191919192,184.4,11.499061299314842,23.97374309740669,0.323965877118051,0.2216298270217045,0.172947964220397,0.1026718000730587,0.6029544429096934
ENSG00000113734,add_a1.0,2.0,60.0,36.66666666666667,82.42424242424242,188.4,15.440966050239211,23.0570597485456,0.4172058189959601,0.2191674905236764,0.2350084394723162,0.0984218182326124,0.5813146514802254
ENSG00000113734,add_a2.0,2.0,70.35175879396985,54.24242424242425,91.31313131313132,189.0,10.603016979987872,24.462886879515235,0.282664724407519,0.2200178288522394,0.1608955128717502,0.1045390095085953,0.9201303951848792
ENSG00000113734,add_a3.0,2.0,77.78894472361809,53.535353535353536,93.33333333333331,187.4,9.184716948254303,24.122621540959383,0.2778836140242534,0.2215454774319873,0.1382293858340181,0.1033286263313837,0.757529755458126
ENSG00000113734,add_a4.0,2.0,79.89949748743719,60.0,93.13131313131314,182.6,7.11345565766769,27.46774647848504,0.202372975921114,0.2200378397005946,0.1075300353130571,0.1174057480290876,1.199963292979336
ENSG00000113734,add_gc_removed_a1.0,2.0,51.75879396984924,40.90909090909091,60.3030303030303,187.0,15.07156798572873,19.7492339712132,0.4055759609622648,0.2194023805493336,0.2291656747658164,0.0843287199852218,0.5788118990247758
ENSG00000113734,add_own,2.0,57.98994974874372,33.333333333333336,79.5959595959596,192.8,23.13344403417933,16.708241377359023,0.5786105181528381,0.21898203164543,0.3519255806272506,0.0712847681762841,0.2898671424707238
ENSG00000113734,random_a1.0,2.0,54.07035175879397,29.6969696969697,54.74747474747475,188.2,18.127207862518656,19.728396732231296,0.4725306945795988,0.2187858595160174,0.2757149393950013,0.0841148107867285,0.4199763299349636
ENSG00000113734,unsteered,2.0,54.17085427135678,31.313131313131315,50.1010101010101,181.0,10.725825284527192,24.844224512192127,0.3055326182938123,0.2201491579362892,0.1624633432128107,0.1061923743337067,0.7160774454036608
ENSG00000114248,add_a0.5,2.0,63.12312312312312,28.168168168168165,50.8433734939759,304.4,6.716312030801097,23.920632976015632,0.2199910732370581,0.2323687823729772,0.096378750416745,0.1038818274139263,1.1077103087930396
ENSG00000114248,add_a1.0,2.0,51.17117117117117,39.0990990990991,43.97590361445784,298.4,8.263301457372346,26.798963458876784,0.2359096897756417,0.2309457605431815,0.1193317719053371,0.1161357984797601,0.9825722863924886
ENSG00000114248,add_a2.0,2.0,73.33333333333333,66.24624624624624,72.59036144578313,309.8,6.084763966875904,23.54898278228554,0.2042984803910861,0.2316278094971826,0.0875430155705431,0.1021686096175562,1.2164376266443653
ENSG00000114248,add_a3.0,2.0,85.94594594594595,80.12012012012012,83.37349397590361,314.2,7.002657645172408,21.40580871127444,0.2465449627431417,0.2329680447638133,0.1002057921170675,0.0930214579601279,0.9472507034817674
ENSG00000114248,add_a4.0,2.0,89.12912912912913,86.90690690690691,89.27710843373494,316.4,6.643185759786872,21.629140568120043,0.2341717171717171,0.2322670618121252,0.0953567959005798,0.0939051683565183,1.0220171702839798
ENSG00000114248,add_gc_removed_a1.0,2.0,42.16216216216216,41.8018018018018,36.506024096385545,295.0,6.7073116102227575,26.19555156231636,0.2039487727419807,0.2317402371248005,0.0965447540823714,0.1136531522721636,1.1974251287436313
ENSG00000114248,add_own,2.0,61.92192192192192,45.94594594594595,64.6987951807229,300.6,7.925114108412478,26.684424451611687,0.2292818190120827,0.2319148087836439,0.1138554425304646,0.1157980481490745,1.027647188589635
ENSG00000114248,random_a1.0,2.0,36.03603603603604,29.24924924924925,33.25301204819277,294.0,6.807100472160426,26.616501503975805,0.2065026930120631,0.2309227432833847,0.0982299679550973,0.1153629824338464,1.2622582261349171
ENSG00000114248,unsteered,2.0,41.74174174174174,39.51951951951952,26.26506024096385,303.6,5.500492610472685,25.034991792117324,0.1779850227979587,0.233182303849375,0.0785729725692107,0.1088168475626512,1.5887532060140888
ENSG00000114446,add_a0.5,2.0,84.08408408408408,70.93093093093093,91.02409638554217,319.0,5.286214287664006,21.34250278839207,0.1982467678637433,0.2174260212933051,0.0810096498615605,0.0909182051675429,1.1279181297371894
ENSG00000114446,add_a1.0,2.0,83.84384384384384,85.58558558558559,88.67469879518072,314.2,6.246056288257341,22.108389880625747,0.2204508494903991,0.2163395662700637,0.0963550644262673,0.0940425904511427,0.9948920123542512
ENSG00000114446,add_a2.0,2.0,80.42042042042041,79.33933933933933,89.39759036144578,315.0,6.665169030287015,22.545662225303687,0.2299312085294702,0.2176383979781249,0.1020458616371927,0.0960607738625402,0.9745706803843506
ENSG00000114446,add_a3.0,2.0,87.38738738738739,81.50150150150151,87.71084337349397,317.6,5.921190637336831,21.62282146254455,0.2156679051958535,0.2171161064357963,0.0908204019981804,0.0920647204341644,1.052166204541729
ENSG00000114446,add_a4.0,2.0,82.81649118998516,61.8018018018018,95.12048192771086,314.0,6.952729589310749,22.093888320504576,0.2392711194852021,0.2169255984261685,0.1066979876375681,0.0940454815482517,0.9086618615940067
ENSG00000114446,add_gc_removed_a1.0,2.0,72.91291291291292,62.16216216216217,76.74698795180723,313.0,6.394474992071195,23.47415887490059,0.2149927066397654,0.2162549267249435,0.098655402733298,0.0998330323702564,1.0476385416009797
ENSG00000114446,add_own,2.0,80.72072072072072,73.993993993994,90.96385542168676,317.4,6.3671522767772215,23.394790710239068,0.2149793334049077,0.2171080672778946,0.0977551937579123,0.0996036827946528,1.0193766121363774
ENSG00000114446,random_a1.0,2.0,79.93993993993993,73.03303303303304,86.20481927710844,313.4,6.546839730144117,23.177656488879155,0.2288736044657097,0.216419685917455,0.1009707422089454,0.0986162632421265,1.1229605153434192
ENSG00000114446,unsteered,2.0,67.50750750750751,64.02402402402403,76.86746987951807,310.4,6.0824621396533605,23.947879263382283,0.2007043368697018,0.2176374827778046,0.0932179661414765,0.1020319479698145,1.134470511720633
ENSG00000114491,add_a0.5,2.0,67.14714714714714,41.74174174174174,84.33734939759036,318.0,20.75297418833397,17.483444614591157,0.538444100743015,0.2705435190522462,0.2561159922313948,0.079964852316025,0.410089138674121
ENSG00000114491,add_a1.0,2.0,78.73873873873873,61.08108108108108,79.45783132530121,314.8,11.878645333477849,24.085338081891702,0.3298811257553393,0.2700087051228778,0.1465596625039258,0.1099562558375142,0.7808169458150978
ENSG00000114491,add_a2.0,2.0,80.48048048048048,69.1891891891892,83.55421686746988,315.0,10.656818479045343,26.16563798267332,0.2880067356126933,0.2713299480089253,0.1309338769980823,0.1197055794876096,1.0291376011835105
ENSG00000114491,add_a3.0,2.0,86.84684684684684,73.93393393393393,81.50602409638554,314.0,9.67206516601678,27.162611581966424,0.2625891467799935,0.2711979097664586,0.1188882188797108,0.1242359186031137,1.0814234962535272
ENSG00000114491,add_a4.0,2.0,80.0,69.84984984984985,89.93975903614458,312.8,10.593645685144493,29.2883983927002,0.2675397402351214,0.2698907034402656,0.1309067752942988,0.1337214402301207,1.144906203244399
ENSG00000114491,add_gc_removed_a1.0,2.0,48.22822822822823,37.8978978978979,58.43373493975903,301.2,10.044166437370702,21.01475136388318,0.3261081840887666,0.2722653816833972,0.1230490921182585,0.0962817453485345,0.8007330909916117
ENSG00000114491,add_own,2.0,78.43843843843844,57.77777777777777,89.03614457831324,320.8,13.032515911132794,22.07831407460881,0.3682187832872913,0.270158019202925,0.1607906392226387,0.1008370378213496,0.6539769626815858
ENSG00000114491,random_a1.0,2.0,61.8018018018018,53.75375375375376,57.95180722891566,310.8,10.550474645880543,22.1731281223277,0.3215931047584766,0.2715326369554931,0.1295079991805278,0.1014469107533263,0.8176004822280782
ENSG00000114491,unsteered,2.0,59.63963963963964,47.807807807807805,52.46987951807229,309.0,16.458001317815718,20.71346961193456,0.4107450096458508,0.2711615858673377,0.2027901731618756,0.0947823310913102,0.7455904802148474
ENSG00000114541,add_a0.5,2.0,65.52552552552552,65.34534534534535,86.92771084337349,309.2,5.809083718413055,21.97202447858124,0.2158836829959166,0.2167640351729277,0.089334762803833,0.093532315958525,1.1207915021417565
ENSG00000114541,add_a1.0,2.0,73.51351351351352,63.003003003003,87.34939759036145,311.6,6.739259107649057,22.928258014368485,0.2286016107592462,0.2145829649896788,0.1046489107369843,0.0972928608753538,0.9473007731538204
ENSG00000114541,add_a2.0,2.0,70.69069069069069,75.55555555555556,90.60240963855422,312.2,6.275151486323289,20.689797234268017,0.2340807510835763,0.215535427848115,0.0971311768419958,0.0879190525579584,0.9405006445591844
ENSG00000114541,add_a3.0,2.0,79.45945945945945,69.06906906906906,94.1566265060241,314.0,7.708338998019203,19.14850610410133,0.2887057737199611,0.2153529070985137,0.1193193825010381,0.0813307289557672,0.7036345674576777
ENSG00000114541,add_a4.0,2.0,85.22522522522522,83.84384384384384,94.39759036144578,316.6,7.1372218831555205,19.02021924435717,0.2744318081516876,0.2156119160966269,0.1103362316092294,0.0808300133360178,0.7347152097965768
ENSG00000114541,add_gc_removed_a1.0,2.0,57.837837837837846,53.57357357357357,76.98795180722892,305.4,6.676616523733104,23.9624587312436,0.2212867061736463,0.2167011584306943,0.1027064915854959,0.1019464203970118,1.0299884323254496
ENSG00000114541,add_own,2.0,76.63663663663664,69.36936936936937,86.98795180722891,311.4,6.296371105571033,19.713741885166165,0.248609366820641,0.2155909661044813,0.0973224816846335,0.0837937403967306,0.8923493238727046
ENSG00000114541,random_a1.0,2.0,68.52852852852853,54.11411411411412,83.91566265060241,310.6,7.080620009502477,22.932841734097167,0.2390569164522337,0.216507732615892,0.1089710224705614,0.0975598166255011,0.9416286960268974
ENSG00000114541,unsteered,2.0,45.46546546546547,64.26426426426426,87.95180722891567,306.6,5.677416046290629,24.086455299810886,0.1929757897891267,0.2175560591268521,0.0869872500984676,0.1026511215965437,1.2683801331712807
ENSG00000114988,add_a0.5,2.0,58.74587458745875,56.88741721854304,86.09271523178808,283.4,6.919484597740954,26.680131233582195,0.2048073262334722,0.2310729198534079,0.0999736522110634,0.1156621870131195,1.2619201516743517
ENSG00000114988,add_a1.0,2.0,67.12871287128712,52.05298013245033,85.76158940397352,283.0,5.422944733159258,28.27939696867308,0.1614927960370267,0.230549590969415,0.0784434335907229,0.1225161791265012,1.9404306799604785
ENSG00000114988,add_a2.0,2.0,74.98349834983499,60.92715231788079,88.0794701986755,283.4,7.063792031124018,27.037155325259526,0.2071190254101604,0.2305218132157183,0.1021765702334729,0.11711911937733,1.1580595657081385
ENSG00000114988,add_a3.0,2.0,88.9108910891089,78.0794701986755,89.86754966887418,287.2,7.106342104470748,25.31969272667008,0.220394614222822,0.23136049376579,0.1023846075098928,0.1098113920088534,1.115730816615668
ENSG00000114988,add_a4.0,2.0,88.7128712871287,80.19867549668875,91.78807947019868,284.8,5.548193366765441,27.25747669266756,0.1690453369719867,0.2307261050049123,0.0801026845328124,0.1181041960970799,1.5306146644120533
ENSG00000114988,add_gc_removed_a1.0,2.0,49.63696369636964,46.09271523178808,54.03973509933775,273.0,8.204840584464204,23.64231517995308,0.2584792219274978,0.2326355217594674,0.1175834781407385,0.1027085077706084,0.8901926285501766
ENSG00000114988,add_own,2.0,63.23432343234324,54.63576158940398,75.23178807947019,283.2,6.076532413977878,25.63806060044965,0.1965222236153884,0.2283434831275965,0.0886794447849454,0.1107361351246067,1.320386606473472
ENSG00000114988,random_a1.0,2.0,60.26402640264026,44.437086092715234,73.50993377483442,276.0,7.372171104742078,27.212252405046133,0.2147722692301005,0.232122372405289,0.1060700682718946,0.118153364810055,1.425423108238144
ENSG00000114988,unsteered,2.0,62.77227722772277,60.4635761589404,63.50993377483444,284.4,6.2642840633446575,25.58964380466105,0.1964817879186914,0.2290917778773662,0.0910988262979369,0.1106444500967376,1.3971925145712387
ENSG00000115109,add_a0.5,2.0,55.43543543543543,40.42042042042042,54.33734939759036,304.0,6.499800510793087,24.55066725076613,0.210064140472183,0.2208902054072648,0.0980319347878565,0.1050226735557752,1.099143667291358
ENSG00000115109,add_a1.0,2.0,67.00984116646768,51.231231231231234,66.20481927710844,306.2,7.901029679626004,24.639632926758203,0.2425782196427796,0.2205695148215256,0.1193557772123835,0.10538049331721,0.9380581606186794
ENSG00000115109,add_a2.0,2.0,70.69069069069069,51.95195195195195,78.91566265060241,307.6,7.086443178383196,25.75425972948468,0.21710084178484,0.2207004733925915,0.1070872959999575,0.1101409110487688,1.0820502388875022
ENSG00000115109,add_a3.0,2.0,80.3003003003003,60.36036036036037,88.73493975903615,314.0,7.464045704579712,21.599828018275552,0.2580489898086894,0.2208106953420448,0.1127233041735564,0.092387281129726,0.8272195375553009
ENSG00000115109,add_a4.0,2.0,80.48048048048048,62.10210210210211,90.5421686746988,312.0,7.52047179537975,24.517806262184784,0.2332195991464572,0.2201744103237652,0.1137782635244206,0.10480999370729,0.935444077292955
ENSG00000115109,add_gc_removed_a1.0,2.0,58.258258258258266,42.52252252252252,49.57831325301205,303.6,5.796587089439358,25.642127698517527,0.1847974418385862,0.2211981853345611,0.0873343259643305,0.1097466728851193,1.2595006579972985
ENSG00000115109,add_own,2.0,73.33333333333334,53.57357357357357,68.01204819277109,308.8,7.331842263512053,25.6711939595988,0.2215558950853068,0.2218997442575983,0.1100172517575009,0.1099879412015583,1.0268113212814645
ENSG00000115109,random_a1.0,2.0,55.55555555555556,53.03303303303303,54.51807228915662,302.4,6.813210544789493,25.29319859846176,0.2109677003594054,0.2197248129879714,0.1034824454447417,0.108042565592674,1.0861249923099705
ENSG00000115109,unsteered,2.0,54.74257389920041,43.54354354354355,54.81927710843373,301.2,7.501352247703802,25.50256548201219,0.2269201672114293,0.2203072714141187,0.1134702617459464,0.1090295599547761,0.971484447610056
ENSG00000115137,add_a0.5,2.0,62.06008583690986,46.810344827586206,85.08620689655172,226.4,18.99240746599177,14.126858589054098,0.5712730942062126,0.2187651587050509,0.2889888231112492,0.0602408401005349,0.3808730306274606
ENSG00000115137,add_a1.0,2.0,61.28755364806867,42.241379310344826,91.98275862068964,227.0,18.82172169509274,15.87797704329978,0.5417693235620814,0.2195822993621794,0.2857959417395251,0.0678246961747021,0.2972704755812101
ENSG00000115137,add_a2.0,2.0,69.27038626609442,55.60344827586207,91.89132706374086,225.8,14.31295652595212,19.6955972263241,0.4197411157534542,0.2194641727182106,0.2172648256880112,0.0841167856084409,0.4090790812073505
ENSG00000115137,add_a3.0,2.0,73.73390557939913,51.20689655172414,97.24137931034484,218.8,8.592424095783858,26.789853733635454,0.240381277934257,0.2199865731031338,0.1298080453302753,0.1144781047539606,0.972318073812637
ENSG00000115137,add_a4.0,2.0,73.30472103004293,57.1551724137931,90.94827586206895,220.2,11.045800901453694,23.92871311486832,0.3152885131508319,0.2198908986505882,0.1677574145508268,0.1022425767642489,0.6624460724148917
ENSG00000115137,add_gc_removed_a1.0,2.0,58.36909871244635,42.241379310344826,87.24137931034483,229.0,20.893978786020742,14.11694224673952,0.5903672456575683,0.2195063969033264,0.3173219329762351,0.0602933265551466,0.2261305242114192
ENSG00000115137,add_own,2.0,70.90128755364807,60.51724137931035,90.43103448275862,221.4,15.298811534480866,23.1670821626282,0.4068124749714924,0.2184178087185735,0.2337457133414008,0.0988359945239827,0.4943070866729759
ENSG00000115137,random_a1.0,2.0,54.07725321888412,39.22413793103448,56.20689655172414,228.0,33.28236824983735,9.150943396226417,0.7449670393125241,0.2184558664064192,0.5064309298114816,0.0389731912488634,0.152174686303472
ENSG00000115137,unsteered,2.0,51.07296137339056,38.79310344827586,71.4655172413793,222.4,19.72738511127212,12.56342522518645,0.626122081214398,0.2214581040155092,0.2979961684438393,0.053892850903579,0.2667069628461634
ENSG00000115216,add_a0.5,2.0,62.76276276276276,58.37837837837837,65.60240963855422,309.2,5.723864449289881,27.40483192472599,0.1700972512760295,0.2168105767057032,0.0880028733465904,0.1166395590729742,1.4572920744370812
ENSG00000115216,add_a1.0,2.0,62.46246246246246,68.1081081081081,75.66265060240964,310.2,4.518819306836879,27.533170564051648,0.1424182839604159,0.2182934417691837,0.0690056680027168,0.1174020758911701,1.859235286583853
ENSG00000115216,add_a2.0,2.0,77.23723723723724,79.0990990990991,79.09638554216868,311.4,5.40278366700899,28.36546242457957,0.1609760823737206,0.2183587686823127,0.0823756689617448,0.1209689547695049,1.5294181109241722
ENSG00000115216,add_a3.0,2.0,87.86786786786787,83.6036036036036,89.75903614457832,316.0,4.369156550650434,25.10710889743876,0.1498024032981325,0.2180838709656914,0.0667383438985538,0.1070518351494228,1.6291047534510632
ENSG00000115216,add_a4.0,2.0,84.26426426426426,83.66366366366367,80.0,312.2,5.345248686589876,26.69138850689655,0.1636087285511204,0.2179053725262711,0.0816210210898863,0.1137828102333254,1.4914731062701654
ENSG00000115216,add_gc_removed_a1.0,2.0,53.03303303303303,47.86786786786787,37.46987951807229,297.6,6.329073264679011,22.936696848976027,0.2162053452516829,0.2187787850586962,0.0965136897547287,0.0978747704790555,1.0710805893794182
ENSG00000115216,add_own,2.0,66.90690690690691,53.3933933933934,76.144578313253,309.4,5.236682427236174,27.14043285704524,0.1624552798901522,0.2177787226647164,0.0801729893924283,0.115650306159144,1.4797939248071108
ENSG00000115216,random_a1.0,2.0,67.92792792792793,57.357357357357365,59.21686746987952,308.6,7.064991724617005,27.295605986034506,0.2056103097692495,0.2188610514643709,0.1075821011243999,0.1164939403714718,1.0948444817391476
ENSG00000115216,unsteered,2.0,59.3993993993994,50.090090090090094,49.51807228915663,299.6,5.685742289511223,28.5091278740142,0.1662633316596264,0.2182788672333123,0.0868885808196724,0.1215774969420545,1.4694058153229337
ENSG00000115268,add_a0.5,4.5,74.91379310344828,49.56521739130435,96.0,108.1,8.066801558950575,23.27953660324939,0.2553735488735488,0.2335377992516441,0.1151254515679723,0.1012454149074649,0.9233372480606364
ENSG00000115268,add_a1.0,4.5,69.65517241379311,50.869565217391305,92.86956521739133,108.2,6.75046774326548,26.96932676247604,0.1988786662475866,0.2333384520226577,0.0965240980849003,0.1172596924640985,1.3233991064588424
ENSG00000115268,add_a2.0,4.5,75.34482758620689,48.173913043478265,97.56521739130434,109.6,7.290380600838887,24.654566417609804,0.2312069309205894,0.2344952220864294,0.103521866781407,0.107350905548247,1.1952070835425237
ENSG00000115268,add_a3.0,4.5,76.29310344827586,49.47826086956522,97.47826086956522,108.7,7.74537459248792,23.115203537246355,0.2541042062322842,0.2345986810807721,0.1099549387468184,0.1006901553534227,0.9435144976292672
ENSG00000115268,add_a4.0,4.5,81.29310344827586,56.086956521739125,96.2608695652174,108.6,9.869015774596566,24.561436633212303,0.2910748498197815,0.2339459203729856,0.1405796032442791,0.1068401795478651,0.8264150601925037
ENSG00000115268,add_gc_removed_a1.0,4.5,66.72413793103449,41.04347826086956,94.52173913043478,109.4,8.772654766671518,24.495722560142184,0.2637237141990962,0.23370339137613,0.1250804996415122,0.1065575773872594,1.085518305995974
ENSG00000115268,add_own,4.5,73.53448275862068,51.30434782608696,96.08695652173914,107.7,6.873662854881481,26.10956777981185,0.2057938713834661,0.234393118391349,0.0977373446328929,0.1136866352213463,1.2555011684727737
ENSG00000115268,random_a1.0,4.5,72.75862068965517,47.30434782608695,96.8695652173913,108.6,8.46856625478586,24.636590524287307,0.2608510399392474,0.2342814844564776,0.1205172259115368,0.10726470011422,0.9556466780677024
ENSG00000115268,unsteered,4.5,76.37931034482759,51.1304347826087,94.6086956521739,110.0,7.089294979288977,24.080653572593896,0.226448002221319,0.2342479365181739,0.1009468856095732,0.1048347276360138,1.128657206789358
ENSG00000115286,add_a0.5,2.0,74.93975903614458,74.66666666666667,81.45454545454545,153.4,7.669006834779921,24.799204726181536,0.2378282674772036,0.2362802958963742,0.108255048882422,0.1082354912528047,1.0633259824895347
ENSG00000115286,add_a1.0,2.0,76.50602409638554,78.06060606060606,80.0,154.4,7.757143067162016,23.469333355668063,0.2541842107359349,0.2334369080908822,0.110744218598909,0.1020061531430745,0.964349356312242
ENSG00000115286,add_a2.0,2.0,80.60240963855422,79.03030303030303,79.39393939393939,154.2,6.482340205735778,27.62036093320042,0.1888912310794138,0.2367859312552823,0.0910291900160168,0.1206215523723811,1.5123439407373982
ENSG00000115286,add_a3.0,2.0,80.36144578313254,78.18181818181817,86.06060606060606,155.0,7.992372040281732,24.54405027109556,0.2485351346280138,0.2361173466146532,0.1127837122646625,0.1070917038756477,0.9965781241770738
ENSG00000115286,add_a4.0,2.0,85.42168674698794,82.66666666666666,85.93939393939394,157.2,8.914127969334675,22.813213280930505,0.2859183932627358,0.2374865024789912,0.1250271485184321,0.0997137963215945,0.8218302983214307
ENSG00000115286,add_gc_removed_a1.0,2.0,63.85542168674699,57.81818181818183,73.93939393939394,152.2,7.232868838435576,27.367482814671337,0.2096221322537112,0.2354953329182293,0.1023237050012015,0.1193081742718115,1.2349033524199622
ENSG00000115286,add_own,2.0,70.48192771084338,77.33333333333334,78.18181818181819,153.2,7.324685665244014,25.198402241058737,0.2258682999402121,0.2376192227761499,0.1029876721228124,0.1101975974790629,1.174978026258641
ENSG00000115286,random_a1.0,2.0,68.9156626506024,62.06060606060606,69.33333333333333,152.8,6.031054992747839,23.546498161661365,0.2056290629862858,0.2360299506153404,0.0851983044211798,0.1027457830444082,1.2514111496358729
ENSG00000115286,unsteered,2.0,66.26506024096386,70.06060606060606,67.63636363636363,154.2,8.422883212034096,24.7652689403649,0.2519858932519213,0.2371006322798619,0.1184707365976248,0.1082033828984037,0.9644123609883484
ENSG00000115474,add_a0.5,2.0,47.75757575757576,43.46504559270517,40.12158054711246,293.8,9.159661062295672,25.551177213227312,0.2620840085305907,0.2329682276005342,0.131119548769145,0.1110458347794532,0.9001806843436728
ENSG00000115474,add_a1.0,2.0,58.36363636363636,46.01823708206687,64.19452887537993,301.6,9.895420177735671,25.454107961643167,0.2809227321410231,0.2324593121159781,0.1419754070035637,0.1105754048357164,0.7886317632527583
ENSG00000115474,add_a2.0,2.0,73.15151515151516,56.29179331306991,91.0030395136778,308.8,11.642783359996292,21.814455682363374,0.3360657805157965,0.2328154928490667,0.1667474637164814,0.0947823033070332,0.7129493139673404
ENSG00000115474,add_a3.0,2.0,80.42424242424242,68.2066869300912,93.19148936170214,307.2,8.594662328583231,23.511997498490057,0.2675309214594928,0.2322736020374094,0.1233492836697981,0.1020847779049226,0.8643391701503264
ENSG00000115474,add_a4.0,2.0,87.93939393939394,86.44376899696049,90.82066869300913,311.6,9.496846303295902,22.152577232650906,0.3015901862680993,0.2319989997888835,0.1364186158289009,0.0961551270204085,0.7243174918435447
ENSG00000115474,add_gc_removed_a1.0,2.0,42.36363636363636,31.48936170212766,34.224924012158056,290.6,8.958673875216933,24.137592126244723,0.2723481486342475,0.2335305798094612,0.1279594034751151,0.104967218458539,0.8364353663051347
ENSG00000115474,add_own,2.0,55.333333333333336,44.43768996960487,63.89057750759879,302.2,8.197256678868488,24.85433876009601,0.2492146690524873,0.2338077533372498,0.1168896596077091,0.1081343560048058,0.9379656838732772
ENSG00000115474,random_a1.0,2.0,40.60606060606061,39.02735562310031,39.33130699088146,296.2,8.698289074673434,24.89525197958204,0.2610525220278171,0.2358950617271936,0.1228910807114941,0.1086062548648845,0.923514000279637
ENSG00000115474,unsteered,2.0,42.18181818181818,36.29179331306991,41.88449848024316,294.8,9.855062601963596,23.506760746671706,0.2985724018332714,0.235502998458557,0.1395676904904388,0.102507078091353,0.7769108091977541
ENSG00000115486,add_a0.5,2.0,62.88288288288288,57.53753753753754,63.01204819277109,303.4,6.342888310242323,27.93975000603068,0.1861893628133904,0.2580476634526846,0.0818742368107927,0.1255067590409427,1.627162680219337
ENSG00000115486,add_a1.0,2.0,68.76876876876877,65.16516516516518,75.8433734939759,305.4,6.93835501530004,28.359243361483816,0.1966781589598021,0.2567936608823994,0.0901089060888287,0.1272023833645842,1.4407250529962852
ENSG00000115486,add_a2.0,2.0,74.71471471471472,68.64864864864865,70.12048192771084,307.6,7.402762040540148,30.586279641777224,0.1924908687017098,0.2551519698609662,0.0966833523448413,0.1368692673445495,1.5349830106164533
ENSG00000115486,add_a3.0,2.0,77.89789789789789,84.6846846846847,82.40963855421687,307.4,6.915976225510029,28.67632028939583,0.1940665760120129,0.2558056009721909,0.0900247517361188,0.1284418246542598,1.4580981042104764
ENSG00000115486,add_a4.0,2.0,89.30930930930931,89.00900900900902,88.55421686746988,313.4,7.468361118517331,29.99548667154917,0.1978485466305348,0.256033394299113,0.0971891341545868,0.134400192324524,1.4155630495402676
ENSG00000115486,add_gc_removed_a1.0,2.0,47.02702702702703,45.70570570570571,46.3855421686747,299.4,6.637207385540364,21.62771234656156,0.2400815483900653,0.2566933623231052,0.0862141959956958,0.0970099386585369,1.2258777866031787
ENSG00000115486,add_own,2.0,60.96096096096096,61.98198198198198,64.57831325301206,304.2,7.764297553492684,26.67223104540052,0.2287339194895125,0.2569191595403914,0.1008499383947513,0.1196812007533042,1.2549066781769285
ENSG00000115486,random_a1.0,2.0,40.9009009009009,39.15915915915916,41.44578313253012,295.6,6.685109842283427,23.639831191699745,0.2244357314745664,0.2561868518760112,0.0870223776165596,0.1059007395910305,1.2275268397048826
ENSG00000115486,unsteered,2.0,54.23423423423424,47.44744744744745,53.19277108433735,298.8,6.964210842682216,26.77732964216445,0.2073515003819024,0.2575627185989184,0.0901934042353874,0.1202595656018344,1.3439243933260212
ENSG00000115568,add_a0.5,2.0,83.42342342342343,81.50150150150151,72.53012048192771,312.4,9.153793223970624,30.58511360962288,0.230820834727488,0.258566481910042,0.118027463216582,0.1374964862839516,1.163961345216198
ENSG00000115568,add_a1.0,2.0,80.54054054054055,74.95495495495496,73.19277108433735,307.2,7.683050995627534,30.73654911146673,0.1999578268016853,0.2602128706615162,0.0983958495175841,0.1384937418433912,1.4164297405929436
ENSG00000115568,add_a2.0,2.0,85.82582582582583,78.97897897897897,83.855421686747,312.6,8.957797395142075,30.07047075172183,0.2313181561231307,0.2602555447504586,0.1147530769843653,0.1354854681042492,1.2064095361784148
ENSG00000115568,add_a3.0,2.0,86.90690690690691,87.32732732732732,87.46987951807229,311.4,8.167059431685711,32.55074253598907,0.2003294855005294,0.261263082733953,0.1041887174822447,0.1468772316596619,1.5140260796868783
ENSG00000115568,add_a4.0,2.0,86.006006006006,87.02702702702703,87.7710843373494,313.4,7.5340894612175715,30.315504106688355,0.1988775321853174,0.2602350726771996,0.0965623968351594,0.1366142371255637,1.5055721070093004
ENSG00000115568,add_gc_removed_a1.0,2.0,70.87087087087087,71.77177177177177,69.81927710843374,311.4,9.383771817035829,27.34734860462811,0.2565211597284824,0.2600532876737103,0.1202784901222961,0.1231909328958707,1.0730986111505236
ENSG00000115568,add_own,2.0,88.88888888888889,78.61861861861863,78.01204819277109,313.0,8.435562896006289,31.32968553088258,0.2119966116426007,0.26064014885892,0.1078742935172931,0.1412508530645093,1.3554436999188175
ENSG00000115568,random_a1.0,2.0,67.02702702702703,66.90690690690691,68.13253012048193,307.6,10.533417120070387,26.04921170191322,0.2879467200390243,0.2602167294148698,0.1349245873882392,0.1173740263189135,0.8748360837489608
ENSG00000115568,unsteered,2.0,65.64564564564564,57.65765765765766,73.01204819277109,305.0,8.684472842623233,27.356394944385368,0.2399972706005989,0.2598247889118947,0.1114136698446216,0.1232039294498064,1.138454250768201
ENSG00000115760,add_a0.5,2.0,64.50450450450451,73.63363363363364,86.86746987951807,311.6,7.343936110992142,23.24525567167986,0.2365141911045075,0.247206907063521,0.099059062930371,0.1029419641278099,1.192703977312379
ENSG00000115760,add_a1.0,2.0,72.25225225225225,60.6006006006006,95.72289156626506,313.2,8.498430630186274,22.47460231216642,0.2743636103576012,0.2455651640965716,0.1153759425827011,0.0992967633836214,0.8727944149202868
ENSG00000115760,add_a2.0,2.0,86.54654654654655,80.78078078078079,89.63855421686746,313.2,7.99716315733032,21.824568981304257,0.2700680457037243,0.2466376167745378,0.1080879229426377,0.096562251735329,0.8901166993843328
ENSG00000115760,add_a3.0,2.0,87.38738738738739,80.3003003003003,94.09638554216868,314.6,8.066338141699958,21.24660032163516,0.2749488008117867,0.2463162263065928,0.1091721809158563,0.0939751187303725,0.8936792021122122
ENSG00000115760,add_a4.0,2.0,84.56456456456456,78.31831831831832,87.71084337349399,314.4,9.604786407759535,21.14809439919768,0.3142757884811037,0.2470200718191701,0.1296004905114148,0.0936064722369593,0.723846180029591
ENSG00000115760,add_gc_removed_a1.0,2.0,58.342016715510695,60.868519121531165,66.18953154005752,309.4,6.620269738828094,24.570786770711628,0.208845542456274,0.2472180015627226,0.0892601698353103,0.1087996189463073,1.38339310944061
ENSG00000115760,add_own,2.0,64.74474474474474,72.37237237237237,89.93975903614458,312.8,9.202888978806486,22.84137671841409,0.2925288439620557,0.2462960120372254,0.1244766603884759,0.1010116443567121,0.8563676035073738
ENSG00000115760,random_a1.0,2.0,85.22522522522522,85.76576576576576,86.92771084337349,315.6,8.62318214446768,23.50708393926946,0.2675004726235916,0.2474309697978624,0.1161138123358572,0.104127101309894,0.9140338073792303
ENSG00000115760,unsteered,2.0,62.88288288288288,62.82282282282282,67.65060240963855,306.6,7.898687680112333,23.89445070330549,0.2480253004427577,0.2479547608313828,0.1061148919405621,0.1059053309689348,1.0381054949191602
ENSG00000115761,add_a0.5,2.0,45.34534534534534,36.03603603603604,42.46987951807229,324.6,31.509855291832515,8.566084652072439,0.7528245828245829,0.2189793275698544,0.4803578720441862,0.0365884183887995,0.182995220238722
ENSG00000115761,add_a1.0,2.0,69.54954954954955,51.83183183183184,81.44578313253012,311.0,13.215255904326392,21.24666868599117,0.3597724619144323,0.2188045580861242,0.2013804841143886,0.0906686830174362,0.613986496677625
ENSG00000115761,add_a2.0,2.0,74.71471471471472,59.81981981981981,85.36144578313254,319.8,17.381710635874363,16.848831060059325,0.4505096357775247,0.2188890377018478,0.2647939729559833,0.07190018777159,0.4682989403761456
ENSG00000115761,add_a3.0,2.0,84.92492492492492,68.52852852852854,90.2409638554217,314.2,7.28139430297431,20.01356943507198,0.2619167201641428,0.2182014498372374,0.111136077552292,0.085334881520704,0.8713836866976633
ENSG00000115761,add_a4.0,2.0,85.76576576576576,77.95795795795796,93.07228915662652,316.2,7.588640227987847,18.02606438369741,0.2934379568888537,0.2188495280166348,0.1156105770164323,0.0769187320432133,0.6861016862828718
ENSG00000115761,add_gc_removed_a1.0,2.0,50.57057057057057,39.45945945945946,49.33734939759036,312.0,16.80721651445799,20.341824727358265,0.4355600826675253,0.2188664347985567,0.2556243738566945,0.0867828061591269,0.6036651032749032
ENSG00000115761,add_own,2.0,65.383696949962,45.34534534534534,81.26506024096385,311.4,9.263768870667771,21.457509795634344,0.2994564840212637,0.2170813173087148,0.1422653899340306,0.0913512873049935,0.6811577359923431
ENSG00000115761,random_a1.0,2.0,45.64564564564565,36.63663663663664,38.31325301204819,333.0,35.13513513513514,4.804804804804805,0.8796490005414658,0.2185518852185522,0.5358778625954193,0.0204953031596925,0.0383695948024622
ENSG00000115761,unsteered,2.0,40.97470964940844,33.03303303303304,35.42168674698795,328.6,28.82824947133629,8.795612332589824,0.7338743565455551,0.2177854167136056,0.4399309039641306,0.0374153508080088,0.3316442391440033
ENSG00000115942,add_a0.5,2.0,50.15015015015015,35.73573573573574,43.01204819277108,300.6,8.808694596868,22.536014301858263,0.2823048747924385,0.2236690062300989,0.1314998314854713,0.0967802975025603,0.7829516676799146
ENSG00000115942,add_a1.0,2.0,50.270270270270274,41.98198198198198,49.45783132530121,295.0,8.280615889386436,25.59545161171473,0.2421745760420346,0.2227786216076169,0.1239227341978032,0.1097596378886116,0.9350289563086404
ENSG00000115942,add_a2.0,2.0,73.27327327327328,55.91591591591591,84.1566265060241,311.0,7.131940691314003,25.014501279996743,0.2221810244978991,0.2251578465758935,0.1056503511981099,0.1076182602657845,1.0425656357383832
ENSG00000115942,add_a3.0,2.0,78.7987987987988,74.05405405405405,85.0,316.0,6.319493028395921,19.285348955497955,0.2528928129042284,0.2241863918022881,0.0940638423310407,0.0828633256616194,0.9965011640368058
ENSG00000115942,add_a4.0,2.0,79.57957957957959,73.15315315315316,87.16867469879517,311.8,7.312216598080762,23.41193873484082,0.2369254917730783,0.2254258470308157,0.1081255441253317,0.1007534897913546,0.963928058542804
ENSG00000115942,add_gc_removed_a1.0,2.0,44.74474474474474,33.09309309309309,30.48192771084337,297.0,7.749618448963401,25.670093926422805,0.230953704946601,0.223675600625534,0.1155579227574313,0.1102197677167967,0.973941756338745
ENSG00000115942,add_own,2.0,60.30030030030029,50.93093093093093,62.71084337349398,306.2,6.676756018181568,23.177039566136337,0.2246625252687785,0.2233958846091846,0.099712822244905,0.0995072365275893,1.0149102429357864
ENSG00000115942,random_a1.0,2.0,31.23123123123123,27.147147147147148,32.34939759036145,294.2,5.987306086244635,23.864545123305582,0.204645834926166,0.2258500421890649,0.0883550746391485,0.102756494450185,1.2576080605801545
ENSG00000115942,unsteered,2.0,42.94294294294294,21.98198198198198,22.409638554216865,294.8,7.92493126104848,24.072376631570727,0.2501316596471431,0.2278337822510848,0.1159855558476286,0.1039343807008641,0.9053826150495108
ENSG00000116096,add_a0.5,2.0,81.57205240174673,58.6842105263158,95.87719298245614,214.8,9.495278878577464,26.530604646424983,0.2638806277628522,0.2695057393369497,0.1173823036756789,0.1210578381432849,1.0611136646415336
ENSG00000116096,add_a1.0,2.0,82.96943231441048,61.66666666666666,96.84210526315788,215.8,8.553997147255775,29.718573381371804,0.2239752029358509,0.271975704302236,0.104973788525302,0.1360969783341048,1.73390210688971
ENSG00000116096,add_a2.0,2.0,82.18340611353712,56.05263157894736,98.15789473684212,214.2,7.746320825449368,29.330930133919992,0.2090283499022422,0.2698377276501987,0.0955860946044037,0.1338951180453874,1.468656680648054
ENSG00000116096,add_a3.0,2.0,81.31004366812228,60.0,96.2280701754386,213.4,8.248686708795873,28.95865952028476,0.2198419218778654,0.270949852757376,0.1014296503319126,0.1324028124781884,1.449071364258394
ENSG00000116096,add_a4.0,2.0,80.78602620087335,61.2280701754386,95.0,213.6,6.649455473680331,28.734427513188272,0.1890802124173038,0.2705059965406044,0.0819498582253571,0.1312835058746041,1.606452919262653
ENSG00000116096,add_gc_removed_a1.0,2.0,74.93449781659389,54.122807017543856,91.84210526315788,214.8,11.580130509218582,26.844713468532763,0.2938827528635528,0.2702260088998705,0.1428846373800366,0.1226196981987371,1.1606709748679105
ENSG00000116096,add_own,2.0,80.08733624454149,55.08771929824561,99.03508771929825,218.2,14.469795892767802,24.943038529876134,0.365494667277367,0.2698942428685388,0.1789343660570621,0.1139011606538134,0.7661770314792271
ENSG00000116096,random_a1.0,2.0,80.69868995633188,60.26315789473684,93.94736842105264,214.6,8.955761303611732,28.81339556771486,0.2343698985736077,0.2697508656248265,0.1107723301713933,0.1315314944970322,1.3272704276119245
ENSG00000116096,unsteered,2.0,76.68122270742359,54.91228070175439,92.01754385964912,215.4,15.651523565343762,20.087505896465373,0.435719335454224,0.2710612257118455,0.1925647330047664,0.0918715060009926,0.6346996022931778
ENSG00000116885,add_a0.5,2.0,82.28228228228228,83.72372372372372,85.18072289156626,313.2,8.624793642701125,21.188597994653424,0.2899578865914879,0.2244326855052482,0.1280135811954581,0.0910819257570347,0.718367557379535
ENSG00000116885,add_a1.0,2.0,82.4024024024024,81.98198198198199,85.42168674698794,315.4,6.600701481411993,22.248946927111948,0.2303966129464994,0.223209498561215,0.0985904435629964,0.0954825846401502,0.997329261158118
ENSG00000116885,add_a2.0,2.0,86.006006006006,81.50150150150151,93.73493975903617,318.4,6.733213705350892,20.930733528889043,0.2407143174363496,0.2231292180372123,0.1006010497298158,0.0898040261126717,0.9458076827559584
ENSG00000116885,add_a3.0,2.0,77.77777777777779,69.48948948948949,91.26506024096386,312.2,7.622457688801576,20.151055268919706,0.2791002870686122,0.2238586282538422,0.1136232378984647,0.0865515875864834,0.7997155118063889
ENSG00000116885,add_a4.0,2.0,91.4114114114114,88.22822822822823,89.57831325301206,317.4,6.80663871144727,18.351883058353256,0.2712987782944048,0.2232709783891352,0.1016469722305919,0.078755458360669,0.8061581944258478
ENSG00000116885,add_gc_removed_a1.0,2.0,56.21621621621622,45.76576576576576,71.38554216867469,308.4,13.193466333975968,21.706681013700564,0.3515522618408306,0.2238087467666286,0.1957452570768692,0.093197987975265,0.8005337626864282
ENSG00000116885,add_own,2.0,76.61076739389992,63.36336336336336,91.32530120481928,314.6,12.486589053499182,18.60391339320751,0.3576557782440135,0.2252098768171022,0.1846892313986417,0.0800486571371242,0.6446616690855679
ENSG00000116885,random_a1.0,2.0,73.51351351351352,68.34834834834835,78.49397590361446,314.0,12.333608697211355,19.198591567599145,0.3523549693027658,0.2238417013954348,0.1828610332176782,0.0824278283217712,0.8403653013783504
ENSG00000116885,unsteered,2.0,73.21321321321321,66.12612612612612,83.19277108433735,310.4,6.4460659896604655,22.82541100191896,0.2201031495006059,0.2259590214331316,0.0951195104940118,0.0982949576449741,1.0474119798094377
ENSG00000116984,add_a0.5,2.0,60.42042042042042,49.489489489489486,69.27710843373494,328.0,30.74680769707942,11.04338780432978,0.7106598645222629,0.2579886027557393,0.3971327505612951,0.0496010601122367,0.2071579002095195
ENSG00000116984,add_a1.0,2.0,60.42042042042042,44.2042042042042,84.75903614457832,329.8,23.80047271556448,10.948663826371895,0.6600884532029083,0.2580686305641708,0.3074321505055429,0.049190685225809,0.2319266771704232
ENSG00000116984,add_a2.0,2.0,66.36636636636636,53.99399399399399,93.55421686746988,326.4,21.07205827517793,13.662365261462204,0.6060360880321352,0.2587314805211779,0.2716810653568612,0.061460770863092,0.2860688978824426
ENSG00000116984,add_a3.0,2.0,72.1921921921922,55.1951951951952,93.25301204819276,323.4,16.69062030673289,18.856129255861585,0.4699656421157502,0.2587855099289821,0.2150837878996341,0.0848132468066091,0.4795576886155842
ENSG00000116984,add_a4.0,2.0,72.67267267267268,56.75675675675675,95.36144578313254,326.0,18.76094828518781,16.763300061450032,0.5208452119309263,0.2585622177342394,0.2417671329617305,0.0753693544433008,0.4341857587443533
ENSG00000116984,add_gc_removed_a1.0,2.0,53.99399399399399,40.96096096096096,45.8433734939759,314.4,20.49000650344383,15.30137633642614,0.5346769423266553,0.2593441341107823,0.2637570599774057,0.0688904575564528,0.3942455458863218
ENSG00000116984,add_own,2.0,67.02702702702703,49.90990990990991,91.50602409638554,324.0,17.01647523741179,18.819908462604744,0.4829168406099366,0.258789104620691,0.2193040250456564,0.084660920161638,0.5283862498700911
ENSG00000116984,random_a1.0,2.0,55.37537537537538,44.8048048048048,43.915662650602414,326.0,39.331882217788255,9.785355825624285,0.7707987649828121,0.25917931354173,0.5071548738248384,0.04411788195831,0.1994761999988255
ENSG00000116984,unsteered,2.0,50.87087087087088,39.6996996996997,39.1566265060241,327.8,40.41924660817169,7.566393755318836,0.8139104103794681,0.25850671518424,0.5215010865687125,0.0340259061821031,0.1036860207502235
ENSG00000117118,add_a0.5,2.0,51.31914893617021,42.56410256410256,81.96581196581197,233.0,33.21210398796605,6.020588606795504,0.8477522646280923,0.2061034750689919,0.5371348618770624,0.0252776041396449,0.047826842767361
ENSG00000117118,add_a1.0,2.0,52.08510638297872,41.02564102564103,89.74358974358975,232.8,32.968024076439825,5.336172235220565,0.8585731609242206,0.2059940028640653,0.5334232226374895,0.0224010635897513,0.0439188141793781
ENSG00000117118,add_a2.0,2.0,58.04255319148936,48.8034188034188,88.88888888888889,227.0,26.27384731801922,12.867449595362356,0.6598139186946256,0.2068905724939068,0.4242633089062452,0.0541365509198646,0.2378242493590235
ENSG00000117118,add_a3.0,2.0,60.68085106382979,46.41025641025641,94.95726495726495,227.8,23.80357933642918,13.043050124798686,0.6409854511270671,0.2054367923233412,0.3860993652395785,0.054710620803499,0.1612678348251459
ENSG00000117118,add_a4.0,2.0,77.27659574468086,57.52136752136752,92.64957264957263,224.8,10.815900891216724,20.58470514291189,0.3326214678429868,0.2067067364499386,0.1742026540328381,0.0865015859692249,0.7044266165021706
ENSG00000117118,add_gc_removed_a1.0,2.0,48.85106382978724,39.48717948717949,61.623931623931625,229.2,31.17147328414934,8.838219683290106,0.7714512692793495,0.2057419888405799,0.5052036193816037,0.0370965603574686,0.1335370232076796
ENSG00000117118,add_own,2.0,52.25531914893617,42.136752136752136,91.02564102564102,232.8,31.86989678960968,5.596182384697999,0.8541889322801486,0.2061866431063803,0.5152718618149729,0.0235007982806186,0.0458828792202446
ENSG00000117118,random_a1.0,2.0,48.68085106382979,41.19658119658119,70.25641025641025,232.8,30.23616734143049,5.251911830859199,0.8527075702075703,0.2061878342580093,0.4888205373445792,0.0220548299495667,0.0452696863645098
ENSG00000117118,unsteered,2.0,48.59574468085107,39.14529914529915,68.37606837606839,231.2,28.398616829110104,7.278421628197412,0.8033885941644563,0.2059763189808029,0.4595501857406381,0.0305516837349325,0.0747488147200336
ENSG00000117143,add_a0.5,2.0,61.56156156156156,43.06306306306307,65.06024096385542,306.8,7.501793832858612,27.84057624498481,0.2115039740615384,0.2359188473192353,0.1059726340260354,0.1214536410916502,1.1629051817114693
ENSG00000117143,add_a1.0,2.0,67.0870870870871,40.0,83.67469879518072,319.2,17.397391450578247,18.923741657400623,0.486345925330537,0.2357963032132086,0.2459722767037745,0.082543819452238,0.4290497822622512
ENSG00000117143,add_a2.0,2.0,77.5975975975976,49.30930930930931,95.48192771084338,318.0,11.920188396666068,21.738392435283146,0.356849315379745,0.2350149572662472,0.1691907445440256,0.0947275683368435,0.6491445470049186
ENSG00000117143,add_a3.0,2.0,84.08408408408408,67.38738738738739,91.98795180722892,312.2,8.473894826623562,27.931990811751337,0.2306948652440455,0.2364467178965096,0.1195746150796374,0.1219420022474547,1.0986962373934066
ENSG00000117143,add_a4.0,2.0,86.30630630630631,65.76576576576576,93.13253012048192,317.4,7.552937929628284,27.87171770461298,0.212637932348077,0.2356681131041575,0.1068490394681755,0.1215615039353526,1.2085331184674617
ENSG00000117143,add_gc_removed_a1.0,2.0,52.43243243243244,36.03603603603604,50.0,307.2,14.592797925758749,19.20862659893293,0.4178050498146192,0.2357679192210418,0.2065374465725635,0.0837855086152283,0.5429941202549433
ENSG00000117143,add_own,2.0,73.57357357357357,44.38438438438438,79.6987951807229,312.8,11.932063416049113,22.996355678887944,0.3401934371979691,0.2357274496311858,0.1687382761307084,0.1003026173571632,0.788482789922665
ENSG00000117143,random_a1.0,2.0,61.74174174174173,44.8048048048048,67.28915662650601,306.2,9.498865768659602,25.68310585658798,0.2680297515798427,0.2349238548732909,0.1346331537921319,0.1118742517842587,1.2210589009811623
ENSG00000117143,unsteered,2.0,67.68768768768768,41.26126126126126,59.39759036144578,306.8,12.61026271449906,22.7771238213254,0.3474693285950926,0.2351959008924057,0.1789326038354232,0.0992801895730413,0.6523339550594616
ENSG00000117362,add_a0.5,2.0,71.84,64.73895582329318,85.70281124497993,233.8,10.778751515962004,25.57094887148113,0.2968290809636207,0.2808496260082953,0.1279142801821506,0.1185261860399158,1.0005833051818336
ENSG00000117362,add_a1.0,2.0,85.6,61.44578313253012,90.92369477911646,234.2,10.830223990568818,28.178426171529622,0.2782124240146781,0.2801736581851523,0.1289372651521506,0.130454659358577,1.0536914824362698
ENSG00000117362,add_a2.0,2.0,74.88,59.11646586345381,89.47791164658635,231.2,10.293598694651957,26.48981551622011,0.28020264681555,0.2819313324010445,0.1217190423282028,0.1229624319595269,1.015162042012589
ENSG00000117362,add_a3.0,2.0,86.64,82.73092369477912,89.71887550200803,233.2,10.139505463212146,26.62745081491648,0.2745725597210746,0.280718586220047,0.1204712065549548,0.1233818577117105,1.0409528743119496
ENSG00000117362,add_a4.0,2.0,83.76,78.3132530120482,87.79116465863453,235.8,10.360953572428746,27.15541435214367,0.2756182851980006,0.2811271912234488,0.1229327238695436,0.1259310842767112,1.105306811470952
ENSG00000117362,add_gc_removed_a1.0,2.0,71.2,55.100401606425706,77.0281124497992,232.8,10.746495152955555,26.975297879181767,0.2841255812089145,0.2795823247003101,0.1281158747992164,0.1248040669306948,1.014717434836406
ENSG00000117362,add_own,2.0,76.88,69.07630522088354,81.84738955823293,231.8,10.010344739248008,26.90635447800768,0.2748641450644381,0.2788744410025209,0.1197332481407672,0.1243916460091044,1.1396558216593613
ENSG00000117362,random_a1.0,2.0,66.88,62.088353413654616,64.2570281124498,231.0,10.109759639427988,26.33223286710788,0.2763860846075257,0.2803396735632528,0.120262283285432,0.1219676094919816,1.133997367698186
ENSG00000117362,unsteered,2.0,62.56,64.57831325301206,76.54618473895582,231.4,9.214265317605047,24.77028048234992,0.2800036842590034,0.2803159278134636,0.1095952596247132,0.1147526413522142,1.1510885347368542
ENSG00000117758,add_a0.5,2.0,65.94827586206897,41.90476190476191,89.6103896103896,219.4,11.02558019662984,23.47711367354925,0.3073831764045644,0.2082385388858754,0.1761931702662355,0.0988153264228354,1.1057617979068497
ENSG00000117758,add_a1.0,2.0,68.53448275862068,46.66666666666667,87.87878787878788,219.2,7.904329086813975,24.84339089696211,0.2390752794174034,0.2075194345511713,0.1270378711548921,0.1044944586531874,0.9383946149332564
ENSG00000117758,add_a2.0,2.0,77.15517241379311,54.80519480519481,95.15151515151516,218.8,7.337294141952674,27.157060427128147,0.209252322816519,0.2081975746078515,0.1178789713044675,0.1143442180011024,1.1139459262394598
ENSG00000117758,add_a3.0,2.0,77.48432601880879,57.83549783549783,94.45887445887446,217.2,6.893587537944356,27.808095526263664,0.2004230457888994,0.2088376276493851,0.1102788441499589,0.1171459943615787,1.1268395068136168
ENSG00000117758,add_a4.0,2.0,82.84482758620689,59.91341991341992,95.4112554112554,215.4,5.018725193864399,29.42453519611844,0.1455714083284623,0.2067171786420362,0.0810086592134521,0.1236600445103065,1.5951431939652037
ENSG00000117758,add_gc_removed_a1.0,2.0,55.43103448275862,42.59740259740259,66.32034632034632,214.0,6.728036739577478,27.207038588396,0.1972315850588427,0.2083089629090541,0.1076971479712285,0.1145547474229346,1.1149854672027002
ENSG00000117758,add_own,2.0,75.51724137931035,52.38095238095239,87.0995670995671,216.4,5.471655617882033,24.73978715488149,0.1842716817081224,0.2081277414767977,0.0876391308557872,0.1041105563736173,1.267590202417147
ENSG00000117758,random_a1.0,2.0,65.60344827586206,33.16017316017316,80.34632034632034,212.4,6.310301674787656,27.399573600508177,0.1874151562894632,0.2087203514150551,0.1009692899269616,0.1154263437020921,1.2015840287873232
ENSG00000117758,unsteered,2.0,63.53448275862068,45.54112554112554,80.0,213.8,6.099366403077662,27.28745263081892,0.180985756545458,0.2073470768739596,0.0983292090357876,0.1147621790940667,1.330299576139604
ENSG00000118257,add_a0.5,2.0,52.49249249249249,47.447447447447445,58.313253012048186,301.2,10.753176161149208,23.666220246047267,0.3102013039838827,0.2254724835123505,0.1591003769862804,0.1018753894373332,0.750037577975802
ENSG00000118257,add_a1.0,2.0,55.13513513513514,55.13513513513514,56.506024096385545,306.4,6.322648277567286,26.75089967601744,0.1923154881486954,0.2235315213091386,0.0944480789460077,0.1148558165903377,1.2601327858143667
ENSG00000118257,add_a2.0,2.0,85.22522522522522,77.95795795795796,90.60240963855422,314.2,5.998199146142184,24.29216353266986,0.1944103113491384,0.2234469053957455,0.0891605039041569,0.1043129708861131,1.2524468644219904
ENSG00000118257,add_a3.0,2.0,79.93993993993993,81.44144144144144,80.60240963855422,313.0,7.156659064620582,26.21512295085008,0.214786724989404,0.2234439221786178,0.1067217140707615,0.1125325153450739,1.08144816186078
ENSG00000118257,add_a4.0,2.0,87.56756756756756,85.88588588588588,86.44578313253012,317.6,7.312681037147669,21.2797346142046,0.259768128705054,0.2243273815454665,0.1086846408372127,0.0914509460057638,0.8377038646458118
ENSG00000118257,add_gc_removed_a1.0,2.0,44.26426426426427,42.82282282282283,47.10843373493976,301.4,5.645737719249462,25.739000494469668,0.1815562042672572,0.2234515436375928,0.0842052886878362,0.1104418162837222,1.3702207452115671
ENSG00000118257,add_own,2.0,66.12612612612612,75.91591591591592,68.19277108433735,305.6,7.268092718998368,26.102486309855976,0.2178888744051431,0.223806683556282,0.1082815187961451,0.1120926429167418,1.0442652383790807
ENSG00000118257,random_a1.0,2.0,47.44744744744745,43.78378378378378,49.09638554216868,301.0,12.020559294541012,20.663451173923285,0.3559733048572281,0.2238801004004857,0.1793845293154478,0.0887804993395361,0.8427124313502136
ENSG00000118257,unsteered,2.0,50.510510510510514,45.70570570570571,52.71084337349398,300.2,8.2721244565932,25.32507990414125,0.2476899076462268,0.2228969948737146,0.1236015415954249,0.1086170464010812,0.92680048348397
ENSG00000118363,add_a0.5,2.0,50.29239766081871,41.05882352941177,58.941176470588246,154.4,8.6450781685672,23.033959579255043,0.2727475072564029,0.2274143668824422,0.1266436867418444,0.0993708921444131,0.8950362995303613
ENSG00000118363,add_a1.0,2.0,55.26934984520123,45.05882352941177,66.23529411764706,158.0,10.232296486972762,25.3177630491694,0.2847455107526694,0.2264393396478743,0.151085622355851,0.1091075768737007,0.8232336600205891
ENSG00000118363,add_a2.0,2.0,65.38011695906432,44.47058823529412,71.29411764705881,158.0,7.064651641426576,27.036217261751226,0.2082894464026539,0.2296282619261396,0.1025825308454892,0.1170378060445813,1.2218477568510866
ENSG00000118363,add_a3.0,2.0,69.47368421052632,49.41176470588236,85.64705882352942,160.4,10.2894435341256,22.62729900752624,0.3150804504740289,0.2273401957464017,0.1508115066890999,0.0976119101137298,0.7576695151777967
ENSG00000118363,add_a4.0,2.0,73.80116959064327,59.05882352941177,87.88235294117648,161.6,8.879438204839792,26.019455130179143,0.2551604142983453,0.2262041140124078,0.13084574258939,0.1120770336279338,0.9986874894189068
ENSG00000118363,add_gc_removed_a1.0,2.0,54.152046783625735,38.23529411764706,31.64705882352941,152.2,9.719381660272884,24.87133306491633,0.2849363551362148,0.225998279151057,0.1433539041664834,0.1071004483031274,0.7582654646913523
ENSG00000118363,add_own,2.0,64.09356725146199,49.17647058823529,79.41176470588235,159.8,8.374156506402883,22.82228459945852,0.2699339691856199,0.2283559166127601,0.122742331864819,0.0986210122675551,0.8876873198896946
ENSG00000118363,random_a1.0,2.0,44.67836257309941,31.76470588235294,39.88235294117648,156.6,19.985814337662084,15.366959305693689,0.526749387563341,0.2268286780957971,0.2952983603274525,0.0663101617561312,0.3946389876708743
ENSG00000118363,unsteered,2.0,56.60818713450292,39.17647058823529,50.0,157.0,9.004510775950362,23.23130326356687,0.2788785288785289,0.2237756911071484,0.1341209869664992,0.0997662976385681,0.8158089133461587
ENSG00000118689,add_a0.5,2.0,76.03603603603604,80.0,93.855421686747,311.8,9.77059765520897,28.8675710956881,0.2532872576831375,0.2500448098289579,0.1303051335281816,0.1283091295702467,1.0262773757772767
ENSG00000118689,add_a1.0,2.0,89.7897897897898,85.64564564564564,96.6265060240964,317.8,7.602687214669347,26.50347188678292,0.2297697972356267,0.2497681828816468,0.1014453917292934,0.117754544870348,1.183039680158078
ENSG00000118689,add_a2.0,2.0,83.42342342342343,73.57357357357357,94.87951807228916,316.6,7.835465365079168,27.02132362517753,0.2269817611216693,0.249523787669237,0.1046989700392689,0.120010929420806,1.1744035968964854
ENSG00000118689,add_a3.0,2.0,88.28828828828829,90.63063063063063,87.34939759036145,316.4,8.281821681006296,27.814538177925748,0.23305827760438,0.2520799615984222,0.109506605072143,0.1239783056015386,1.1322358089112083
ENSG00000118689,add_a4.0,2.0,92.73273273273271,91.71171171171171,95.5421686746988,316.4,7.417398051074388,25.35388626089746,0.2260836138576729,0.2506049238509012,0.0986970589077728,0.1127892779205767,1.1815237108626775
ENSG00000118689,add_gc_removed_a1.0,2.0,71.77177177177177,68.70870870870871,86.26506024096386,313.8,11.294200546703328,24.02870272725668,0.3214921437351344,0.2509006408524398,0.1500959194450817,0.1069365192246737,0.7448873851953857
ENSG00000118689,add_own,2.0,86.36636636636636,80.12012012012012,97.34939759036143,314.6,9.595202623820317,30.26448653266987,0.2376868281931289,0.2497502692966133,0.1280367119766649,0.1344612602198117,1.1646216136625716
ENSG00000118689,random_a1.0,2.0,79.81981981981981,79.81981981981981,94.57831325301206,311.0,10.840019998596542,26.569434975894165,0.2890898601388137,0.251011758525219,0.1441127702612151,0.1182661571166555,0.8558023788776801
ENSG00000118689,unsteered,2.0,81.92192192192192,82.22222222222221,95.18072289156626,317.0,9.456409555261072,28.53360057133642,0.2514789197058255,0.2509611581159304,0.1256724959321706,0.12698665245302,1.0626812023971497
ENSG00000118939,add_a0.5,2.5,58.61635220125786,55.61868686868687,63.32070707070707,240.0,7.559497975274925,22.99965400731876,0.2488207097892608,0.2251370693377569,0.111854116735233,0.0989468106535779,0.9055655453044864
ENSG00000118939,add_a1.0,2.5,61.9496855345912,54.67171717171717,74.43181818181817,244.16666666666663,8.47078126542826,21.241508860267874,0.2838985206353039,0.2264055214787193,0.1246631341173614,0.0915353397693269,0.7466114613958298
ENSG00000118939,add_a2.0,2.5,70.56603773584906,56.37626262626262,86.1111111111111,247.0,7.767900087515776,21.107037862990705,0.2704369193722345,0.2247642781982683,0.1152847770336877,0.0907595746280578,0.8465933706610472
ENSG00000118939,add_a3.0,2.5,82.0125786163522,72.79040404040404,86.30050505050504,246.66666666666663,8.603848781570475,19.2827812865589,0.3064507666702882,0.2237254152279807,0.1281186002094533,0.0827969307662485,0.6606920901209272
ENSG00000118939,add_a4.0,2.5,85.78616352201259,77.02020202020202,86.48989898989898,250.16666666666663,8.251143006409059,18.66770929934576,0.3137013232506521,0.223845994010798,0.1228303689074951,0.0801401421846079,0.680623699074527
ENSG00000118939,add_gc_removed_a1.0,2.5,49.81132075471698,30.93434343434344,45.20202020202021,234.16666666666663,5.115894785858664,28.022280830570043,0.1561481578692237,0.2252153692168154,0.0757762079835101,0.1205667892644173,1.6425176830338868
ENSG00000118939,add_own,2.5,57.35849056603774,55.11363636363637,65.46717171717172,240.8333333333333,7.191059170152211,24.263225335861467,0.2301703552559608,0.2259204988849191,0.1060968773328869,0.1044953531290276,1.0768176827327132
ENSG00000118939,random_a1.0,2.5,49.496855345911946,40.78282828282829,57.57575757575757,239.16666666666663,7.340956802019473,23.92477243555857,0.2339423061248295,0.2256245525822337,0.1084041734725517,0.1029642284312904,1.0239364091344876
ENSG00000118939,unsteered,2.5,52.9559748427673,40.53030303030303,57.89141414141415,239.3333333333333,7.3402969074214335,24.64437025517321,0.2323861781776553,0.224910250683265,0.1087083902171128,0.105989114512325,1.1172624158338016
ENSG00000119431,add_a0.5,2.0,74.76635514018692,50.798122065727696,91.54929577464787,205.8,13.37455036519483,21.42022519773989,0.3871495223812584,0.2572014979765956,0.1733144650372204,0.0961146285121966,0.6359873784222623
ENSG00000119431,add_a1.0,2.0,78.41121495327103,51.36150234741784,92.67605633802818,198.2,12.800727241135672,24.37321984361722,0.3467782902477723,0.257541928063928,0.1657930982570957,0.1094247652052966,0.6764990743135451
ENSG00000119431,add_a2.0,2.0,82.5233644859813,55.49295774647887,96.52582159624411,202.2,11.7431710360513,22.93349497984925,0.3358508270899785,0.2580657491735373,0.1515691969821885,0.1030586389097753,0.7578108475481935
ENSG00000119431,add_a3.0,2.0,83.64485981308411,52.58215962441314,95.49295774647888,200.0,12.71260668073828,23.117734844542166,0.3520807579842532,0.2579105298560872,0.1642439637771783,0.1038459945002981,0.682253176750925
ENSG00000119431,add_a4.0,2.0,81.77570093457943,56.99530516431925,94.83568075117373,198.2,10.388017228118752,25.2474234733118,0.299026195733834,0.2581010214952683,0.1341785148646204,0.1134542293880178,0.879112974538075
ENSG00000119431,add_gc_removed_a1.0,2.0,74.48598130841121,44.50704225352113,84.4131455399061,198.8,12.36943970244226,23.29356214310987,0.3478137282717529,0.2583256728316075,0.1595812840146253,0.1046730795557856,0.6693045546768276
ENSG00000119431,add_own,2.0,78.78504672897196,56.05633802816901,94.55399061032864,195.6,9.817335481348085,24.33480189643894,0.2861374823882935,0.2585784031461216,0.1267602533922716,0.1094045358221606,0.9302923313662366
ENSG00000119431,random_a1.0,2.0,71.30841121495328,47.51173708920188,76.05633802816901,202.0,12.917509824855388,20.917879039164145,0.3786782676925136,0.2573207752562364,0.1671706167370074,0.0938749167608195,0.6963380839629182
ENSG00000119431,unsteered,2.0,71.4018691588785,50.140845070422536,79.90610328638498,200.8,13.135426131958718,22.005851845803534,0.3742736036342174,0.2562025520260336,0.1709362932091655,0.0986290021321263,0.581591723340885
ENSG00000119471,add_a0.5,2.0,48.10810810810811,39.57957957957958,32.16867469879518,319.8,21.35216054883044,14.59861870007582,0.6070529029476303,0.2258248128259175,0.3156625096566033,0.0629164956849595,0.3008262443326942
ENSG00000119471,add_a1.0,2.0,54.83483483483484,44.32432432432432,52.89156626506024,321.6,27.390584106459368,13.502852568037229,0.647404477398687,0.2255785692679033,0.4043446043589155,0.0581015547423855,0.212488223330455
ENSG00000119471,add_a2.0,2.0,65.7057057057057,55.01501501501501,72.7710843373494,312.2,19.71717282386416,18.44628284884221,0.4936111127314568,0.2255646105879091,0.2917949016193183,0.0793925428123567,0.3669031093892721
ENSG00000119471,add_a3.0,2.0,75.43543543543544,71.5915915915916,72.71084337349399,313.4,15.693371188777542,16.242662057825818,0.4798466554329911,0.2253509940070023,0.2324459379726206,0.0698978665508591,0.3444626254815475
ENSG00000119471,add_a4.0,2.0,66.6066066066066,51.231231231231234,88.49397590361446,316.8,30.696321088671446,12.625760513291624,0.7088802223103894,0.2249837893097077,0.4548027097348511,0.0543037164685115,0.1194998597296002
ENSG00000119471,add_gc_removed_a1.0,2.0,45.28528528528528,36.45645645645645,33.493975903614455,310.0,22.372956095676,19.0066265906405,0.5257543970441292,0.224484998297244,0.3317726309718894,0.0816893259871661,0.3793875112997734
ENSG00000119471,add_own,2.0,48.10810810810811,44.08408408408408,50.963855421686745,314.2,17.554420723909494,20.34313648861766,0.4452937247915482,0.226046410918692,0.2591326464197211,0.0876242310518076,0.4992946525989709
ENSG00000119471,random_a1.0,2.0,52.67267267267268,38.43843843843844,30.06024096385542,318.4,18.829005610328988,16.209010991910542,0.5318597209256863,0.2236579637555413,0.2802580499035759,0.0695677576222048,0.3319429137028793
ENSG00000119471,unsteered,2.0,49.969969969969966,39.57957957957958,29.397590361445783,328.6,26.34763692408004,11.272683465628113,0.7017512132709677,0.224721931213911,0.3907578519593781,0.0484609399986496,0.1259880313714477
ENSG00000119616,add_a0.5,2.0,48.5207100591716,35.595238095238095,47.38095238095239,168.0,35.714285714285715,1.4285714285714286,0.9617790657368892,0.2182539682539681,0.5454545454545456,0.0060913705583756,0.0111071606707855
ENSG00000119616,add_a1.0,2.0,48.63905325443787,35.714285714285715,48.57142857142857,168.0,36.19047619047619,1.0714285714285714,0.9713573067177924,0.2182539682539681,0.552727272727273,0.0045685279187817,0.008243369086636
ENSG00000119616,add_a2.0,2.0,55.14792899408284,40.595238095238095,81.07142857142858,166.2,28.25471698113208,5.6918238993710695,0.7858099826067902,0.2180692822202254,0.4315755627009648,0.0242494561276287,0.3098313038010963
ENSG00000119616,add_a3.0,2.0,62.72189349112426,40.47619047619048,89.16666666666667,162.4,19.83922148401229,14.680914518896472,0.5473285089821085,0.2182382424794236,0.3030012808973207,0.0626029836942705,0.4699289249789212
ENSG00000119616,add_a4.0,2.0,63.55029585798817,49.04761904761905,89.16666666666667,160.8,19.02435378796709,17.526553585020118,0.4908530002389972,0.2179219170855739,0.2907313343233462,0.0746888764261161,0.5634975468032002
ENSG00000119616,add_gc_removed_a1.0,2.0,48.28402366863905,35.714285714285715,46.66666666666667,168.0,35.476190476190474,1.5476190476190477,0.9583341214796132,0.2182539682539681,0.5418181818181821,0.0065989847715736,0.0121543090815973
ENSG00000119616,add_own,2.0,51.24260355029586,35.0,54.28571428571429,166.4,29.458333333333336,6.93452380952381,0.7980542754736304,0.2177976190476189,0.4500906167787198,0.0294987253442919,0.2858123131799823
ENSG00000119616,random_a1.0,2.0,48.5207100591716,35.714285714285715,47.38095238095239,168.0,35.0,1.0714285714285714,0.9704663651018964,0.2182539682539681,0.5345454545454549,0.0045685279187817,0.0085073232312687
ENSG00000119616,unsteered,2.0,48.75739644970414,35.714285714285715,48.21428571428572,168.0,34.88095238095239,1.6666666666666667,0.9544435132874264,0.2182539682539681,0.5327272727272729,0.0071065989847715,0.0133377919324626
ENSG00000119630,add_a0.5,2.5,70.43010752688173,58.19819819819819,70.36036036036036,174.0,6.8972382787411695,27.491060552850467,0.2023196391730874,0.2471227069585979,0.0928718052963991,0.1217163332738545,1.4382187548125305
ENSG00000119630,add_a1.0,2.5,73.29749103942652,59.0990990990991,85.22522522522523,173.83333333333334,7.191854144803749,28.879617442608804,0.1974049138661325,0.2459846806822979,0.0975504859754736,0.1276615155544519,1.3671833589784146
ENSG00000119630,add_a2.0,2.5,90.50179211469532,83.6936936936937,86.4864864864865,173.16666666666666,7.933329979946375,29.88930384758305,0.2042230689771673,0.2470472779163943,0.1070909893546464,0.1323396202246933,1.4595767243561395
ENSG00000119630,add_a3.0,2.5,80.7347670250896,82.88288288288288,91.08108108108108,173.0,8.286051037669168,28.06265476964249,0.2281433095393051,0.2476037991653939,0.1115238393730343,0.1243372101908007,1.1467832404796374
ENSG00000119630,add_a4.0,2.5,80.64516129032258,80.36036036036036,86.57657657657658,173.83333333333334,10.073180891970322,28.586503387715336,0.2595631054642243,0.2478925649443907,0.1355365933777209,0.1266968536753539,0.9559450821150524
ENSG00000119630,add_gc_removed_a1.0,2.5,68.10035842293907,65.49549549549549,67.92792792792794,170.33333333333334,8.138904804827945,26.31182959178969,0.242531416604463,0.2474347486217496,0.1097414874432791,0.1165468483090527,1.2944827379417203
ENSG00000119630,add_own,2.5,75.26881720430107,72.70270270270271,80.36036036036036,171.0,7.417778018698299,30.18684013530888,0.1980610901920879,0.2472250961276737,0.100068585425534,0.1336663585260437,1.3841862850236557
ENSG00000119630,random_a1.0,2.5,62.81362007168459,67.2072072072072,69.009009009009,171.0,6.841681145213791,29.44378997346844,0.1873992443262495,0.2468157938668931,0.0922302653541898,0.130294808184545,1.6299477631943229
ENSG00000119630,unsteered,2.5,68.18996415770609,64.68468468468468,72.70270270270271,170.83333333333334,7.208031342769601,29.54910785671452,0.1954986276761234,0.2475169032436815,0.0972323271287136,0.130928032413213,1.5301663604518216
ENSG00000119698,add_a0.5,2.0,62.34234234234234,54.53453453453453,53.85542168674699,318.6,17.67845397548368,17.874446369495875,0.4503069746982239,0.2475410474585399,0.2379364546771296,0.0791814183977989,0.5979198967431888
ENSG00000119698,add_a1.0,2.0,84.98498498498498,79.81981981981981,87.16867469879517,313.2,7.8112928098539935,25.503944069433363,0.2308125947069137,0.2494094486694103,0.1043043707905926,0.11327670872548,1.1433523336589808
ENSG00000119698,add_a2.0,2.0,77.35735735735736,60.42042042042042,92.89156626506023,310.2,7.679970910166743,25.34575143781524,0.23278374507391,0.2501030823551328,0.1024051609113354,0.112682342969295,1.1299519132625817
ENSG00000119698,add_a3.0,2.0,86.18618618618618,77.11711711711712,92.83132530120484,318.2,7.3070735151676995,22.1819699279992,0.2498368919386764,0.249469487857402,0.0976222285066417,0.0985241850180414,1.016945766905725
ENSG00000119698,add_a4.0,2.0,85.16516516516518,80.18018018018017,91.44578313253012,313.2,8.199102449260716,23.90482397698717,0.2517794270539751,0.2480473961059822,0.1102401416269786,0.1059672252862135,1.0162006392377785
ENSG00000119698,add_gc_removed_a1.0,2.0,67.56756756756758,63.18318318318319,62.89156626506024,313.6,14.531399835159805,20.720520042333145,0.3829061784897025,0.248448121322396,0.1950109662884344,0.0919083885452037,0.7081672695622794
ENSG00000119698,add_own,2.0,75.43543543543544,74.83483483483484,82.71084337349399,313.4,10.65733387944728,23.224739111418653,0.3107142511576474,0.248234400698435,0.1431451610450628,0.1029861248827011,0.8062341952526069
ENSG00000119698,random_a1.0,2.0,65.34534534534535,58.43843843843844,65.48192771084338,311.0,11.72473817045358,21.889993458556766,0.3392510270497483,0.2489013214870042,0.1572114902599853,0.0971497750497153,0.7470955453062372
ENSG00000119698,unsteered,2.0,71.65165165165165,67.86786786786787,71.50602409638554,308.4,10.728795046517837,25.057232427285435,0.296414978304011,0.2490237823275936,0.143553322998171,0.1112214918524221,0.8781653364208722
ENSG00000119699,add_a0.5,2.0,64.62462462462463,51.17117117117117,79.03614457831324,325.8,26.395828307318823,12.068786416757108,0.6622715051125552,0.2188948101910083,0.4022154586288985,0.0515259130822545,0.2310378398284048
ENSG00000119699,add_a1.0,2.0,60.24024024024023,51.891891891891895,83.25301204819277,314.8,14.186092513856693,21.601426137298457,0.3889715630218118,0.2195464949391798,0.2156305096776017,0.0922822117791642,0.5362084286863036
ENSG00000119699,add_a2.0,2.0,80.54054054054055,68.16816816816817,87.95180722891567,315.4,10.898626208050302,20.643021666359687,0.3506570073133356,0.2189968632604144,0.1659045522321314,0.0881123144768538,0.5346152153834289
ENSG00000119699,add_a3.0,2.0,77.41741741741741,61.56156156156156,95.96385542168674,317.4,9.124365097490871,21.07976644804301,0.3045963712069827,0.2188030213949294,0.1390866027109598,0.0899522516586221,0.6616983171409753
ENSG00000119699,add_a4.0,2.0,84.08408408408408,70.2102102102102,95.48192771084338,316.2,6.953004754251699,22.25416701792749,0.2382676147382029,0.2189908490113292,0.1058237956667072,0.0949787166513129,0.9054715956563152
ENSG00000119699,add_gc_removed_a1.0,2.0,45.94594594594595,40.24024024024024,55.8433734939759,308.8,15.124934527253078,19.24231842766723,0.4148975281955052,0.2187784412166687,0.2306492652672022,0.0821173816109122,0.5429820545587917
ENSG00000119699,add_own,2.0,68.76876876876877,56.63663663663664,86.144578313253,316.2,15.034077208511224,19.995903973447803,0.4100439869509584,0.2179053052507581,0.2296291714708624,0.0852048775965724,0.5345498239898409
ENSG00000119699,random_a1.0,2.0,58.258258258258266,48.168168168168165,70.78313253012047,321.2,18.688290895973463,14.997914757306903,0.5158413849382872,0.2181999322283556,0.2852509098559626,0.0639346561854051,0.4312273245294685
ENSG00000119699,unsteered,2.0,53.87387387387388,43.96396396396396,65.8433734939759,317.2,19.87825375983271,16.427019124387545,0.5213735228414127,0.2195938684973779,0.3026112997137878,0.0702051252371384,0.4357497213468304
ENSG00000119725,add_a0.5,2.0,52.852852852852855,40.24024024024024,42.59036144578313,299.2,10.94320680821445,22.241635402962,0.3313539517286806,0.2434731075009427,0.1496879305421883,0.0979690075229387,0.6823391684908346
ENSG00000119725,add_a1.0,2.0,68.4084084084084,56.03603603603604,71.92771084337349,309.8,7.809672522595884,26.93534400826785,0.2266662440958646,0.2411675263981292,0.1080226580608698,0.1183377680958015,1.1079533863100353
ENSG00000119725,add_a2.0,2.0,78.67867867867866,67.92792792792793,79.45783132530121,309.8,7.421976057368435,30.76304661856264,0.1962718954414317,0.2422455590348274,0.1021426547702911,0.1353494442730452,1.3396567519511793
ENSG00000119725,add_a3.0,2.0,81.56156156156156,65.94594594594595,93.67469879518072,308.0,7.342321516220808,30.987355648931803,0.1907236695212963,0.2437949519808033,0.100359098845856,0.1365846017408653,1.431454162154588
ENSG00000119725,add_a4.0,2.0,86.12612612612614,72.7927927927928,89.09638554216868,312.4,6.847317849510093,29.525185263143225,0.1887300801262957,0.2432904223919891,0.0938018470974232,0.1300813721864826,1.3912150014832618
ENSG00000119725,add_gc_removed_a1.0,2.0,44.44444444444444,44.50450450450451,35.903614457831324,301.8,10.92762216907656,20.090418724774302,0.3534210246100444,0.2420314978133718,0.1505266041001746,0.0883510432563756,0.6015114981723966
ENSG00000119725,add_own,2.0,67.2072072072072,57.23723723723724,72.28915662650601,308.8,8.693979775004234,26.169592309957885,0.247441790658586,0.2422914066327889,0.1197959110322069,0.1151170758272643,0.9959806110129232
ENSG00000119725,random_a1.0,2.0,36.3963963963964,30.51051051051051,30.96385542168675,294.4,8.498362060291718,19.75337951497621,0.3031438998216407,0.2444452559522209,0.1158676052021438,0.0871418129893144,0.7698456043021252
ENSG00000119725,unsteered,2.0,45.88588588588589,36.996996996997,30.72289156626506,293.0,9.488544316400132,20.192142581137364,0.3221928260418826,0.2431971215398157,0.1299300779141674,0.0889813148844243,0.6947341117453629
ENSG00000119820,add_a0.5,2.0,54.647887323943664,52.83018867924528,70.09433962264151,192.8,7.136100387890517,22.27987125728572,0.2497081871063891,0.2397252926327679,0.0991709825173243,0.0976756944079759,1.03736403237316
ENSG00000119820,add_a1.0,2.0,73.9906103286385,68.39622641509433,79.33962264150944,198.4,7.4637238850596095,22.338318885158863,0.2541061780663322,0.2400388024413124,0.103616780656886,0.0979883435252752,0.9721773328390528
ENSG00000119820,add_a2.0,2.0,78.87323943661973,65.66037735849056,90.56603773584904,198.4,7.047082215143881,19.84752114396376,0.265831503440199,0.2397321664528418,0.0979898142730482,0.0869664064701053,0.9201843171755776
ENSG00000119820,add_a3.0,2.0,81.31455399061034,63.67924528301887,92.16981132075472,200.0,7.503765847315646,18.68531919681929,0.2899818759721376,0.2387842542349805,0.1046357486681514,0.0817942338266733,0.860095639016939
ENSG00000119820,add_a4.0,2.0,84.31924882629109,78.67924528301887,90.9433962264151,198.4,6.863720618451777,20.051313740357,0.254291367685901,0.2400443401570267,0.0953355078038736,0.087949352292969,0.9856646979643748
ENSG00000119820,add_gc_removed_a1.0,2.0,45.72769953051643,44.905660377358494,42.64150943396227,190.4,7.207494244262189,25.084336970935635,0.2232766166502145,0.2394483817861437,0.10051301525416,0.1099476839750797,1.2685553041854292
ENSG00000119820,add_own,2.0,71.26760563380282,57.64150943396227,88.9622641509434,199.6,6.219270536796842,20.568762460002347,0.236443234399366,0.2405972349640448,0.0861280090179381,0.0902891203786091,1.0840133939440348
ENSG00000119820,random_a1.0,2.0,53.89671361502347,50.84905660377358,45.18867924528301,196.8,6.595569736141707,22.07505877794493,0.2307493195616484,0.2396908505838846,0.09162255168974,0.0967632263821706,1.0792036569372596
ENSG00000119820,unsteered,2.0,58.59154929577464,54.81132075471699,57.35849056603773,195.2,6.328134852261021,20.80144688904232,0.2616343847252857,0.2380461500660496,0.0886546661189479,0.0909063387273946,1.299468772101743
ENSG00000120451,add_a0.5,2.0,62.4024024024024,58.91891891891892,70.36144578313254,307.8,9.483742471739632,28.01268740764628,0.2526170926036318,0.3097335607645153,0.1020048333572309,0.1352729042820747,1.3612787698893398
ENSG00000120451,add_a1.0,2.0,59.3993993993994,55.43543543543543,65.0,311.4,9.79856692293481,23.178149719180347,0.2941725960807869,0.308946854086656,0.1056286108435681,0.111830932082254,1.1267207767927387
ENSG00000120451,add_a2.0,2.0,75.13513513513513,61.74174174174175,94.93975903614458,315.8,8.732792364867837,28.310751274316665,0.235521376882029,0.3098417065235544,0.0939532039673405,0.1367280072104396,1.4916550842164191
ENSG00000120451,add_a3.0,2.0,78.73873873873873,72.37237237237238,93.67469879518072,312.8,10.67963539556906,30.68944116070661,0.2574342067674506,0.3090860971331332,0.1151270218959722,0.1480890438627684,1.298380119437011
ENSG00000120451,add_a4.0,2.0,79.15915915915916,70.09009009009009,92.7710843373494,314.0,9.678501710574777,31.172647039279333,0.238842977755439,0.3086388975447187,0.1044421779047508,0.1502821698389985,1.5994857739163202
ENSG00000120451,add_gc_removed_a1.0,2.0,55.13513513513514,50.15015015015015,58.01204819277109,304.0,9.02030448251528,23.92384619415367,0.2770411017344815,0.3097935132759051,0.0970836530189973,0.1155333503949752,1.3104309775606893
ENSG00000120451,add_own,2.0,77.53753753753753,62.64264264264264,94.87951807228916,313.0,9.414765166866278,30.584512104904256,0.2407125517207974,0.309661790023017,0.1013184743401789,0.1477342744270638,1.4846224288270506
ENSG00000120451,random_a1.0,2.0,61.76507833134339,48.22822822822823,66.6867469879518,307.8,10.4777743562214,25.64701784293032,0.2890583983541951,0.3082854631757031,0.1133242201122775,0.1235753992617529,1.17073178425002
ENSG00000120451,unsteered,2.0,43.98024530554651,43.54354354354355,53.25301204819277,301.2,8.505955254793076,18.049889439096724,0.3346375002915654,0.3096023987166142,0.0915378605949679,0.0871740722028701,0.9502564875022192
ENSG00000120837,add_a0.5,2.5,55.74387947269303,39.96212121212121,27.74621212121212,159.33333333333334,6.2799124547178335,26.06688808033465,0.197830126670727,0.208087908119362,0.1005811259849917,0.1096926051168287,1.0894189895970052
ENSG00000120837,add_a1.0,2.5,48.30508474576271,35.6060606060606,34.28030303030303,158.16666666666666,6.100615171521347,28.955723036060814,0.1769147883654533,0.2041699139282866,0.0995142652968009,0.1212613350417962,1.3126053892972702
ENSG00000120837,add_a2.0,2.5,66.66666666666667,45.833333333333336,62.02651515151515,164.0,8.043404789963311,21.94798411732958,0.2645047929389603,0.2064393356038155,0.1295554963393729,0.0921876371546756,0.7860683430816914
ENSG00000120837,add_a3.0,2.5,62.71186440677966,54.73484848484848,67.23484848484848,160.33333333333334,6.741120126868925,24.35846543403845,0.2148771042571563,0.2064116720444277,0.1086951557159689,0.1023133149846913,1.0083163500146697
ENSG00000120837,add_a4.0,2.5,80.69679849340866,72.44318181818181,86.93181818181819,166.5,6.51019702107286,16.92173572845963,0.2791168261562998,0.2063101601233168,0.105264859557377,0.0710700187605961,0.6859431095776358
ENSG00000120837,add_gc_removed_a1.0,2.5,51.50659133709981,36.17424242424242,25.37878787878788,155.5,6.955730677037454,29.780264328242826,0.1892091447855938,0.2073337368920146,0.1117842790613717,0.1252328841486282,1.1590684235578297
ENSG00000120837,add_own,2.5,59.981167608286256,40.05681818181818,41.8560606060606,155.83333333333334,7.582342479380471,29.31355117162751,0.2057786561652939,0.2043850759725466,0.1236847639375681,0.1228066843758493,1.0705673918595255
ENSG00000120837,random_a1.0,2.5,37.85310734463277,34.090909090909086,29.924242424242426,157.33333333333334,6.353445551560209,29.04950553572901,0.1764845896300588,0.2050615929707722,0.1035385203196349,0.1218310625185705,1.5030830542818592
ENSG00000120837,unsteered,2.5,40.3954802259887,34.46969696969697,31.439393939393938,158.16666666666666,6.115883037096979,29.74591306784489,0.1717209086556951,0.2080903204824647,0.0979324152408909,0.1252126263133851,1.2863495447721949
ENSG00000120915,add_a0.5,2.0,83.3033033033033,69.66966966966967,95.42168674698794,310.8,8.831578445232312,26.56806205643581,0.249862601166949,0.2443168209831182,0.1204782214358389,0.117186886429943,1.0223221917506609
ENSG00000120915,add_a1.0,2.0,86.18618618618618,65.58558558558559,93.3132530120482,313.6,7.720351149526577,27.61283043233984,0.2190993136152377,0.2445400782045167,0.1052584006075418,0.1218398088784905,1.217422354221679
ENSG00000120915,add_a2.0,2.0,87.74774774774775,72.97297297297297,90.78313253012048,314.6,8.457275278371455,24.543267156809907,0.2577704012191686,0.2453999927950402,0.114907894586335,0.1084225904269453,1.0022622957694414
ENSG00000120915,add_a3.0,2.0,85.4054054054054,69.72972972972973,93.97590361445783,312.4,8.717231142745158,25.24215318640752,0.2548793363499245,0.2452778376625182,0.1183969148177292,0.111495678251725,0.9573293892911942
ENSG00000120915,add_a4.0,2.0,83.06306306306307,67.44744744744744,95.3012048192771,312.8,8.63700455579712,26.84906357582897,0.2439741149231536,0.2451106181041086,0.1174170794537348,0.1185563121349493,1.013674551525796
ENSG00000120915,add_gc_removed_a1.0,2.0,84.62462462462463,58.4984984984985,90.12048192771084,308.8,9.207774633797722,28.82303118702045,0.2426681202171775,0.2462563682766553,0.1246460603509224,0.12746392903562,1.038430266660096
ENSG00000120915,add_own,2.0,87.38738738738739,70.3903903903904,94.4578313253012,315.0,7.938352068114331,25.644294605115533,0.2360604668419961,0.2452147063847273,0.1079444165643456,0.1132572705576553,1.0692712226691443
ENSG00000120915,random_a1.0,2.0,79.87987987987988,74.47447447447448,89.93975903614458,311.2,8.095598302735649,28.08391012043124,0.2232194237856965,0.245573745994585,0.1098700711326965,0.1241110520750843,1.150682914962803
ENSG00000120915,unsteered,2.0,80.18018018018017,73.993993993994,85.06024096385542,310.0,9.815374545206026,25.30741240944325,0.2786171727871921,0.2455161364674894,0.1333171375853345,0.1118070070690993,0.8703548784909938
ENSG00000121940,add_a0.5,2.0,40.3003003003003,38.4984984984985,36.32530120481928,292.4,7.166067786791966,27.12106770510561,0.2087333983101375,0.2010307164178463,0.1187436108165576,0.1131582570632749,1.0378906309799665
ENSG00000121940,add_a1.0,2.0,42.82282282282282,38.61861861861862,40.12048192771084,300.6,7.589651293650968,26.233840867497463,0.2225534458982565,0.1998084767531958,0.1265812717988214,0.1092741643452482,0.9139835316032664
ENSG00000121940,add_a2.0,2.0,60.78078078078079,63.42342342342342,63.43373493975904,304.2,8.243783801675136,22.390498199144307,0.2713875676208146,0.2012616589973138,0.1365701293088602,0.0934506422496652,0.7110971129900688
ENSG00000121940,add_a3.0,2.0,75.49549549549549,75.01501501501501,76.62650602409639,312.8,7.301233009349055,20.16384075960287,0.2654803937078707,0.2003289245116656,0.1217972587771451,0.0840499894999622,0.7705967136990732
ENSG00000121940,add_a4.0,2.0,89.1891891891892,89.96996996996997,91.6867469879518,318.6,7.911211136445038,15.071132644949376,0.3438560852051024,0.1992624096204862,0.1323402394826534,0.0627311281587588,0.5066494294376429
ENSG00000121940,add_gc_removed_a1.0,2.0,31.831831831831835,30.330330330330334,28.192771084337345,290.8,7.109229944898702,28.85455053787608,0.1982772695414112,0.2006140974580502,0.1180923084805783,0.1203105685722226,1.056282897824143
ENSG00000121940,add_own,2.0,32.552552552552555,37.77777777777778,36.20481927710844,297.4,6.58074438074438,24.61706251706252,0.2091837939995275,0.2003325042213931,0.1097178720453407,0.1026150092566243,1.0223507369436833
ENSG00000121940,random_a1.0,2.0,38.13813813813814,32.192192192192195,31.204819277108435,300.0,6.517224758368809,25.67817654732629,0.2020733735744708,0.1988045322326846,0.1092439130688425,0.1068288082371326,1.0083455572980715
ENSG00000121940,unsteered,2.0,40.54054054054054,31.591591591591587,31.58118880355258,295.4,7.986455984580298,26.698443234641378,0.230475208640157,0.2007956642341555,0.1326057173210229,0.1113601566172621,0.8496254940885887
ENSG00000122042,add_a0.5,3.0,46.8384074941452,41.91263282172373,46.989374262101535,109.14285714285714,6.965466291161361,22.3032312533066,0.2472522543869792,0.2398151151335924,0.0969264379237266,0.0978132032420286,1.5463468296595724
ENSG00000122042,add_a1.0,3.0,55.269320843091336,37.66233766233766,63.28217237308146,109.14285714285714,6.789844212403667,26.046970214689072,0.1997881168277588,0.241694682087813,0.0934518300306202,0.1144936876809328,1.786508957332343
ENSG00000122042,add_a2.0,3.0,57.2599531615925,38.961038961038966,66.23376623376623,110.28571428571428,7.517165350510181,23.062832222485945,0.2446485412346757,0.243865163109662,0.1029713720226325,0.1016921039391699,1.12042927539467
ENSG00000122042,add_a3.0,3.0,71.1943793911007,47.69775678866588,78.04014167650531,110.71428571428572,9.1669396502131,23.37065690766488,0.2849608264358375,0.2409706009020375,0.1266607052629637,0.1026554909769743,0.8198213921579202
ENSG00000122042,add_a4.0,3.0,70.02341920374707,57.497048406139314,81.81818181818183,112.85714285714286,10.253336925999662,24.444513038862816,0.2983649600190953,0.2413659012875241,0.1415770397042292,0.1074308708830096,0.8986326393647286
ENSG00000122042,add_gc_removed_a1.0,3.0,43.55971896955504,32.1133412042503,38.4887839433294,107.0,7.496433801788001,25.43417968233476,0.2278350711042178,0.2413277557986529,0.1039921110166845,0.1118323926499549,1.3026191586219922
ENSG00000122042,add_own,3.0,51.40515222482436,31.995277449822904,59.50413223140496,110.0,7.423422812995874,22.586696371753675,0.2409890826993336,0.2404974635467491,0.1026208450847163,0.0991458174141307,1.2886574003937443
ENSG00000122042,random_a1.0,3.0,52.576112412177984,33.293978748524204,44.74616292798111,109.0,7.453542999791209,23.22997078006816,0.2358448362297974,0.2435605368053525,0.1019236285338347,0.102392530195288,1.2714606107101252
ENSG00000122042,unsteered,3.0,50.351288056206094,29.161747343565526,36.83589138134592,110.42857142857144,6.139247272151937,23.61586072413348,0.2068329431749104,0.2403178844624756,0.085074529402902,0.1036107156133321,1.883581783958364
ENSG00000122068,add_a0.5,2.0,48.30769230769231,40.0,45.4054054054054,232.2,5.953850953320506,29.804575456536337,0.1656533198809621,0.2284021227884588,0.0869422408889348,0.1287530380327984,1.5824329796762813
ENSG00000122068,add_a1.0,2.0,46.38461538461539,39.07335907335907,44.63320463320464,231.0,7.096408713104504,26.15003865609947,0.2136458367792517,0.2299995580434976,0.1027505128780605,0.1131917075153323,1.1345473511028168
ENSG00000122068,add_a2.0,2.0,71.53846153846153,70.8108108108108,77.45173745173744,240.6,8.821147243249188,20.457793956657195,0.2971398801566456,0.2295258522904069,0.1280980423927366,0.0885050935751839,0.7440320719606819
ENSG00000122068,add_a3.0,2.0,80.15384615384616,70.88803088803088,86.94980694980696,244.0,10.077367346849584,18.52548609988156,0.3569655081446307,0.227863450135216,0.1474916598776032,0.0799836474324624,0.5601048174865592
ENSG00000122068,add_a4.0,2.0,84.84615384615384,80.84942084942085,89.96138996138997,244.8,10.874216891755694,17.59248001075052,0.3848334067753771,0.2290238527178661,0.1582856408629011,0.0760721342179157,0.4839034797688097
ENSG00000122068,add_gc_removed_a1.0,2.0,43.23076923076923,27.95366795366796,35.67567567567568,229.4,7.332850400135614,26.948053529365627,0.2136333542908021,0.2286360849737529,0.1068516531890934,0.1164603181563884,1.1074729314571157
ENSG00000122068,add_own,2.0,49.69230769230769,39.15057915057916,44.16988416988417,228.4,6.603539304314603,28.26537248721172,0.1907434900435961,0.2289268152757395,0.0961541757616701,0.1222193479818925,1.3913130633850117
ENSG00000122068,random_a1.0,2.0,46.84615384615385,29.65250965250965,24.401544401544403,230.2,5.638088023334218,28.483860810754795,0.1644269758826721,0.227657285804099,0.082625839178771,0.122939180764226,1.5388062785079475
ENSG00000122068,unsteered,2.0,47.46153846153846,31.66023166023166,37.22007722007722,231.0,5.186843096742803,29.533559756568486,0.1499164436951915,0.2291633277943474,0.0754290716116099,0.1277145143415641,1.772295652245517
ENSG00000122203,add_a0.5,2.0,66.53846153846155,51.891891891891895,81.62162162162163,239.4,6.936899042896253,24.956257000449853,0.2200283007160446,0.2376275567191481,0.0972456098240648,0.1091538117691883,1.134334407568709
ENSG00000122203,add_a1.0,2.0,81.0,71.04247104247104,83.86100386100387,243.6,5.370134628609196,27.811551832584275,0.1591543519947275,0.2382292894972739,0.0750965329733237,0.1216736210281917,1.7406757886902178
ENSG00000122203,add_a2.0,2.0,80.0,76.75675675675674,88.64864864864865,244.6,6.613796762969696,28.010556794917697,0.1923945115582802,0.239297778838631,0.0921411078048287,0.1227401983130051,1.3746431608420102
ENSG00000122203,add_a3.0,2.0,77.38461538461539,59.76833976833977,93.12741312741312,243.6,6.725648519311953,30.470007734506247,0.1808897382810426,0.2418339834138709,0.0926841560244516,0.1339616224003637,1.5560049892099015
ENSG00000122203,add_a4.0,2.0,85.61538461538461,79.61389961389962,85.55984555984556,240.6,5.900147160406808,29.612884388247306,0.1662483710823411,0.2399787279901941,0.0820195180222838,0.1298903851331689,1.6765254803341392
ENSG00000122203,add_gc_removed_a1.0,2.0,65.0,58.06949806949807,63.16602316602316,242.2,7.181384426755502,24.53443749298457,0.2269079424251838,0.2389201929476516,0.100163919719937,0.1074575399631229,1.0755626069936997
ENSG00000122203,add_own,2.0,69.15384615384616,76.52509652509653,76.67953667953668,240.4,7.640431293486391,27.70532649851197,0.219451985979812,0.2386337459165566,0.106617409677239,0.121251522305432,1.1737287430059875
ENSG00000122203,random_a1.0,2.0,62.0,62.47104247104247,68.88030888030889,237.6,7.2281531865001725,29.09673828399256,0.2006231353240637,0.238775451698875,0.1007867238474012,0.127430545340029,1.3616252377425522
ENSG00000122203,unsteered,2.0,56.0,54.98069498069498,67.72200772200772,234.2,6.8440454211856405,24.843142233484343,0.2160777854279244,0.2395443612198169,0.0953085626681848,0.1088702279813488,1.2339700546131005
ENSG00000122367,add_a0.5,2.0,45.825825825825824,47.86786786786787,49.63855421686747,295.4,8.589632361120342,22.321049132427376,0.2771863603764153,0.2522332761148707,0.1134696967558217,0.0995090530709548,0.919443515184857
ENSG00000122367,add_a1.0,2.0,55.67567567567568,54.53453453453453,53.97590361445784,309.0,7.405325134771242,22.4665319464,0.2462573379020904,0.2502578790493625,0.0985512440648762,0.099875221352095,1.117550411480946
ENSG00000122367,add_a2.0,2.0,75.55555555555556,71.05105105105105,73.19277108433735,306.6,9.652210833617218,24.50354431782387,0.283737048807399,0.2512707145359819,0.1280489117942713,0.109073896539175,0.8538695011866029
ENSG00000122367,add_a3.0,2.0,86.18618618618618,81.62162162162163,86.50602409638554,315.4,9.075092511749917,19.87218113829801,0.3148235294117647,0.2509759162284061,0.1205540106262137,0.0884549453135309,0.7513789236894957
ENSG00000122367,add_a4.0,2.0,85.76576576576576,83.12312312312312,88.97590361445783,312.4,9.414361789402673,22.425842997283603,0.2971613701366112,0.2511039373165332,0.1249652980036257,0.0998131187989244,0.8035933004467759
ENSG00000122367,add_gc_removed_a1.0,2.0,43.78378378378378,50.810810810810814,50.66265060240964,303.8,6.151962111001013,22.81601867254041,0.2091672076212553,0.2511974733788873,0.0816676408762859,0.1015664464524035,1.3060221151704328
ENSG00000122367,add_own,2.0,60.72072072072071,55.91591591591591,58.25301204819277,306.2,7.942945708457467,20.53549669994923,0.2776891739720599,0.2506008890557248,0.105635326084469,0.0913498037557514,0.8766932556901569
ENSG00000122367,random_a1.0,2.0,38.4984984984985,38.85885885885885,38.25301204819277,299.6,6.3663680162536,21.18926424876081,0.2230873669335343,0.2513846049798252,0.0843628511019504,0.0943588367274541,1.2656753715995264
ENSG00000122367,unsteered,2.0,41.62162162162162,45.04504504504504,47.04819277108434,302.0,5.8234402562877765,23.459379087595085,0.1959688837688145,0.2517369490508397,0.0771476713141395,0.1045056117603833,1.442948473545724
ENSG00000122512,add_a0.5,2.0,36.33633633633634,34.8948948948949,35.30120481927711,290.8,8.111842379799844,26.399462815641463,0.2367452915651849,0.2248171708306515,0.1200254188853704,0.1134891513439722,0.9893094789791504
ENSG00000122512,add_a1.0,2.0,48.048048048048045,38.37837837837838,49.27710843373494,312.6,20.325554555207788,17.817283235255566,0.4863784982217852,0.2237269269401119,0.3016967000536966,0.0764492838735053,0.5651207038556398
ENSG00000122512,add_a2.0,2.0,60.12012012012012,59.93993993993994,62.89156626506025,306.6,8.990880329753747,23.647657764165544,0.2766418575229674,0.2246006556197978,0.133355696149111,0.1016636054908534,0.7695820269017639
ENSG00000122512,add_a3.0,2.0,80.54054054054055,72.67267267267268,85.3012048192771,313.4,11.869001558168325,15.317229677208218,0.4351352013346828,0.2246971803334905,0.176075823328399,0.0658502570691858,0.3797958914441774
ENSG00000122512,add_a4.0,2.0,86.36636636636636,84.26426426426426,87.34939759036145,316.8,9.61242847850691,15.85705061096652,0.3788276677555465,0.22601216727885,0.1417731536081106,0.0683028596172525,0.5153457834488944
ENSG00000122512,add_gc_removed_a1.0,2.0,37.17717717717718,34.23423423423424,32.95180722891566,300.4,11.130903328737237,23.94364775666666,0.3161748118965939,0.2234079763180812,0.1654638628994744,0.1027404619695703,1.0875183057556788
ENSG00000122512,add_own,2.0,49.54954954954955,46.12612612612613,48.01204819277108,305.2,14.188519450328132,22.517676295363724,0.3632176772333084,0.2260325085770213,0.2094208928054934,0.0969925175640562,0.7421676724766821
ENSG00000122512,random_a1.0,2.0,35.01501501501502,31.29129129129129,32.04819277108434,302.4,11.983366231225746,22.20834138508436,0.3404198277227396,0.225470585804036,0.1770775052107377,0.0955614530595088,0.8926328393873689
ENSG00000122512,unsteered,2.0,34.71471471471472,29.609609609609613,32.53012048192771,305.6,12.09001321227872,21.9271712494176,0.3466487470192026,0.2252147544093953,0.1788869962119928,0.094333738062747,0.8116550395232702
ENSG00000122694,add_a0.5,2.5,50.26666666666667,44.354838709677416,68.14516129032258,124.0,40.32258064516129,6.317204301075269,0.8646683333286869,0.2222222222222221,0.6048387096774196,0.027073732718894,0.0447550161124647
ENSG00000122694,add_a1.0,2.5,58.26666666666667,49.73118279569892,79.43548387096774,121.83333333333331,27.905533211996428,12.041595138727407,0.6636182082260513,0.2230138374339,0.4180586847896119,0.0516990935240912,0.2364630143766029
ENSG00000122694,add_a2.0,2.5,58.0,50.94086021505376,84.94623655913979,120.66666666666669,26.02099413619437,14.53402243749792,0.6041370574628395,0.221551973615957,0.3909732505604836,0.0621976110558553,0.2961418627945623
ENSG00000122694,add_a3.0,2.5,63.6,53.09139784946237,92.8763440860215,118.5,18.325771086254218,19.05105461547218,0.4889123528642005,0.2209264606975063,0.2760966151324361,0.0814992556470248,0.3275189979755079
ENSG00000122694,add_a4.0,2.5,70.39999999999999,59.40860215053763,95.83333333333331,118.0,13.419894975228972,20.90732280163985,0.3886407821318235,0.2225361405044577,0.2011366411450209,0.0896486472854983,0.4681605739286126
ENSG00000122694,add_gc_removed_a1.0,2.5,49.6,45.96774193548387,65.18817204301075,117.33333333333331,20.403123482957053,17.981070239854905,0.4854549396430481,0.221097612021328,0.3069819610894498,0.0769113187888472,0.5034663210264344
ENSG00000122694,add_own,2.5,52.93333333333334,48.52150537634409,72.98387096774194,122.33333333333331,30.91917179160581,9.752451577964775,0.7104932991975811,0.2223700355013485,0.463428386779028,0.0418058277738723,0.1950874728135898
ENSG00000122694,random_a1.0,2.5,49.86666666666667,43.81720430107527,63.844086021505376,120.83333333333331,32.05520063262688,11.347498531636267,0.7127253226650466,0.222230698809887,0.4810462340985706,0.0486546647622325,0.2219209731946524
ENSG00000122694,unsteered,2.5,53.73333333333333,48.9247311827957,67.60752688172043,119.16666666666669,28.88330082429454,13.905425679874789,0.6541797901992985,0.2233213493548669,0.4318781515093606,0.0597025439312875,0.2024449239239196
ENSG00000122966,add_a0.5,2.0,54.77477477477478,50.810810810810814,73.19277108433735,308.8,6.991015864828074,24.929481797156093,0.2197035683438734,0.2188363077491822,0.106471138769454,0.106373363140511,1.0304076152731565
ENSG00000122966,add_a1.0,2.0,67.14714714714714,55.61561561561562,67.89156626506023,307.6,6.629343609826044,22.62339742131555,0.2274915213368768,0.218086017033737,0.1012599932467435,0.0964462257596894,1.0197218797351102
ENSG00000122966,add_a2.0,2.0,80.3003003003003,75.25525525525526,86.6867469879518,316.8,5.806095464895168,23.18251340336551,0.20098946066721,0.2197017383487685,0.0879577928983873,0.0990304600188307,1.2341998839955608
ENSG00000122966,add_a3.0,2.0,79.81981981981981,76.87687687687688,93.13253012048192,315.2,6.728232201855056,21.679680035102766,0.2419915095678455,0.2176352881503313,0.1030777426574716,0.0923722705754985,0.9065150607771238
ENSG00000122966,add_a4.0,2.0,89.24924924924925,87.56756756756758,89.33734939759036,316.4,5.948009478868253,22.639424903865933,0.205353633285283,0.2182912485204018,0.0907694029198309,0.0965264108146448,1.1991643096416411
ENSG00000122966,add_gc_removed_a1.0,2.0,37.11711711711712,41.08108108108108,36.32530120481928,300.2,7.720928265728881,25.13038996458924,0.2363091566887759,0.2190990965560083,0.1174207818591351,0.1072623518826689,0.9366462944720656
ENSG00000122966,add_own,2.0,71.5915915915916,58.1981981981982,84.6987951807229,313.4,6.196478915258282,24.555302866445448,0.2010085753741606,0.2184610151169359,0.0945624100383412,0.1047279257812569,1.1475114071738293
ENSG00000122966,random_a1.0,2.0,39.51951951951952,47.44744744744745,53.43373493975904,297.6,7.195080813923317,25.471985961482748,0.2194525639006062,0.2217814762766849,0.1081295328746272,0.1091081347913122,1.0222344660017697
ENSG00000122966,unsteered,2.0,60.66066066066067,42.52252252252252,56.62650602409639,304.6,8.111630524097718,23.84936644713448,0.2530440638332741,0.2181517782601121,0.1239063029361747,0.1016893605753415,0.8284127735215735
ENSG00000123388,add_a0.5,2.0,61.6058394160584,51.86813186813187,82.41758241758242,250.0,6.503571414219787,27.21807265637961,0.1906603307731461,0.2476940428208159,0.0876166533182497,0.1206005377130063,1.724243546259748
ENSG00000123388,add_a1.0,2.0,67.88321167883211,55.38461538461538,84.1025641025641,252.8,7.297540882631663,26.601403103916745,0.2153970641159279,0.2483090839550192,0.0979551890920154,0.117961510340377,1.2553875284809326
ENSG00000123388,add_a2.0,2.0,78.17518248175182,71.20879120879121,91.2087912087912,257.2,7.387742612449071,28.92036737628905,0.202999013094668,0.2491984983638389,0.0988929571062577,0.128397973617786,1.364189816125052
ENSG00000123388,add_a3.0,2.0,81.8978102189781,73.62637362637363,91.42857142857142,255.4,6.180263784441658,28.755938865235333,0.1779958535012247,0.2482380826779959,0.0830201940998513,0.1275065855459062,1.695833988231101
ENSG00000123388,add_a4.0,2.0,86.56934306569343,81.6849816849817,94.21245421245422,259.6,7.100327531634845,26.730372263705128,0.2089523317845904,0.2472988387301812,0.0956843692777639,0.1183730809879504,1.2888881205226632
ENSG00000123388,add_gc_removed_a1.0,2.0,65.91240875912408,59.26739926739926,84.54212454212454,256.6,7.662632644591016,28.42875953689152,0.2119739280854468,0.2479488686683676,0.1029724169379066,0.1259898730840727,1.2394654971273644
ENSG00000123388,add_own,2.0,75.18248175182482,63.07692307692307,88.2051282051282,257.0,7.473611509221975,28.430707089500697,0.2088919959608065,0.2486027843186275,0.1002137525013589,0.1261408268510539,1.2637428497813612
ENSG00000123388,random_a1.0,2.0,63.941605839416056,50.18315018315018,83.15018315018315,254.0,6.393832906678584,27.317446149366663,0.1900320548094867,0.2484943584899291,0.0857261620958294,0.121138053440629,1.453227937931315
ENSG00000123388,unsteered,2.0,64.52554744525547,62.1978021978022,67.54578754578753,251.0,5.706141523532814,27.5330678203656,0.1718723823572797,0.2483200069783275,0.0765586429974129,0.122115419469475,1.63797896382141
ENSG00000123395,add_a0.5,2.5,69.84126984126983,51.15248226950354,76.24113475177306,175.0,4.98448857246388,27.326287672293603,0.1527840891397071,0.2281189523165601,0.0726797294481336,0.1179901164883368,1.9225621706028824
ENSG00000123395,add_a1.0,2.5,73.19223985890652,50.0886524822695,90.33687943262412,177.0,3.025495381162431,32.56472517130675,0.0840902695255014,0.2289236819829385,0.0440650969469091,0.1407571867085867,4.532842325424562
ENSG00000123395,add_a2.0,2.5,72.92768959435625,48.67021276595744,90.5141843971631,174.83333333333334,4.19602023602115,31.55637096305256,0.1155230147589884,0.230914212187196,0.0605105477744592,0.1367754905043458,2.4260454221156342
ENSG00000123395,add_a3.0,2.5,82.89241622574956,68.79432624113475,86.52482269503547,174.5,3.737924001974441,33.17080242476518,0.0993948070928628,0.230517229962981,0.0540012539455182,0.1437048940811064,3.007168182420888
ENSG00000123395,add_a4.0,2.5,81.74603174603175,67.02127659574468,90.4255319148936,177.33333333333334,4.321287796456552,32.15778578362956,0.1213046194764984,0.2281778820615472,0.0631435668003234,0.1388930649850913,2.3536827039652573
ENSG00000123395,add_gc_removed_a1.0,2.5,52.11640211640212,44.06028368794326,57.00354609929078,172.0,7.5778331235528995,24.394704512273467,0.241185182224518,0.2272570506412125,0.11116208691361,0.1052337570312449,1.0006486771828216
ENSG00000123395,add_own,2.5,74.51499118165785,62.854609929078016,81.11702127659574,175.83333333333334,4.098123891416427,28.79944139484484,0.1239891717460156,0.2305931962873969,0.0596378219046942,0.1247995040258586,2.4386121732964345
ENSG00000123395,random_a1.0,2.5,62.34567901234568,50.17730496453901,72.16312056737588,174.16666666666666,5.489134410422786,28.49126446383605,0.1644291545820826,0.2276413047143611,0.0804325272282253,0.1229633479539163,2.119550338145802
ENSG00000123395,unsteered,2.5,59.08289241622575,50.26595744680851,62.854609929078016,170.5,5.794239465854878,26.55250785602881,0.1808503058412314,0.2309378131542687,0.0836661705900432,0.115106692581058,1.554935385036161
ENSG00000123684,add_a0.5,2.0,59.03903903903904,49.90990990990991,67.28915662650601,304.2,7.117307513199302,24.00596728767851,0.2297842096587872,0.2158701599624236,0.1098943340836573,0.1020671358435756,0.9301239843492533
ENSG00000123684,add_a1.0,2.0,54.294294294294296,59.03903903903904,73.13253012048192,306.4,6.958045262758896,23.834395286667,0.2251444839485716,0.213933538781799,0.1082903399031672,0.1010687204640533,0.9911992532663944
ENSG00000123684,add_a2.0,2.0,70.03003003003002,62.16216216216216,89.33734939759036,312.2,8.147775181303043,20.66685787025481,0.2820635173145605,0.2154404667744342,0.1259696812428125,0.0877840883398421,0.7253197199692963
ENSG00000123684,add_a3.0,2.0,76.51651651651652,74.53453453453453,88.79518072289156,310.0,9.411153321930747,20.08024539769844,0.3221647210621426,0.2146823787652031,0.146061980879432,0.0852287819997513,0.5927944365707705
ENSG00000123684,add_a4.0,2.0,85.52552552552552,74.65465465465465,92.8313253012048,315.6,8.23911270814801,17.770925995286923,0.3208463390396083,0.2140630922778673,0.1282996161847089,0.0753735073501794,0.5879473449409455
ENSG00000123684,add_gc_removed_a1.0,2.0,47.50750750750751,28.468468468468465,44.63855421686747,302.0,6.418087010514308,26.673955268052588,0.1956092138650278,0.2142762581761848,0.0997222976947579,0.1131481908149768,1.1915093811522677
ENSG00000123684,add_own,2.0,69.1891891891892,48.168168168168165,89.51807228915662,312.6,7.170515060744579,20.803757584320365,0.2566971118047805,0.2154585622665752,0.11094241308873,0.088393374562502,0.8240051976123908
ENSG00000123684,random_a1.0,2.0,45.88588588588589,43.72372372372372,45.66265060240964,301.6,5.565346267512302,26.60858029900528,0.1779279613620175,0.2152399635018871,0.086174952844564,0.1129839931091218,1.3237130506460737
ENSG00000123684,unsteered,2.0,50.030030030030034,45.70570570570571,55.90361445783133,305.6,6.163316804695824,25.49495506302785,0.1960354372121986,0.2162112671883716,0.0950729462100953,0.108430762586621,1.1940974456137334
ENSG00000124145,add_a0.5,2.0,72.7485380116959,43.17647058823529,72.11764705882354,159.2,6.028371546851366,28.148316216861712,0.1775169122530811,0.220550281293952,0.0910644127223103,0.120371688839617,1.3933915234969685
ENSG00000124145,add_a1.0,2.0,80.0,45.76470588235294,85.29411764705883,156.2,8.328781309860364,27.17917891920328,0.2372953526106405,0.2219358184093725,0.125121637537164,0.116449292845176,0.9314344523841832
ENSG00000124145,add_a2.0,2.0,79.41520467836257,67.05882352941177,83.17647058823529,160.4,7.1066038212239615,25.193757568655023,0.21898378020523,0.222507744257879,0.1064407734033921,0.1080176452782174,1.0425403268051148
ENSG00000124145,add_a3.0,2.0,79.64912280701755,58.35294117647059,86.23529411764706,158.4,7.82453030485118,24.134629251291912,0.2444417140428245,0.2235013486626872,0.1166038704792542,0.1036345302578924,0.9345319473645556
ENSG00000124145,add_a4.0,2.0,86.19883040935673,69.88235294117646,90.0,159.8,7.614979890986822,25.674382902574827,0.2285509659042604,0.2206931797700802,0.1150308062840896,0.1098114054697279,0.99184941504448
ENSG00000124145,add_gc_removed_a1.0,2.0,61.16959064327485,60.47058823529412,66.47058823529412,159.2,6.409105476104635,26.88176501221809,0.1917350336700599,0.2218091163811327,0.0962899182696478,0.1151410761934381,1.306296616158308
ENSG00000124145,add_own,2.0,74.61988304093568,43.294117647058826,81.76470588235294,158.2,7.20542826460084,26.68649370298812,0.2135424925646234,0.2203918731346322,0.1090003644479329,0.1140893205496222,1.0459327375935357
ENSG00000124145,random_a1.0,2.0,65.73099415204679,46.0,78.94117647058823,154.0,7.691869245698325,28.18193991334946,0.2109561102058825,0.2229614312855154,0.1151444707988927,0.1208737870746662,1.1218792262870536
ENSG00000124145,unsteered,2.0,65.2954936360509,45.64705882352941,69.29411764705881,156.4,6.681762136264355,24.4167018953005,0.2214569348436625,0.2229030057853243,0.0999109346446634,0.1047377064062404,1.1722857105625204
ENSG00000124214,add_a0.5,2.0,63.12312312312313,54.47447447447448,55.12048192771084,304.2,7.774969941086093,25.20101201892392,0.2349361156561925,0.2290056833480181,0.1133127578561075,0.1089514847757101,1.0215789503312456
ENSG00000124214,add_a1.0,2.0,67.5075075075075,53.3933933933934,66.26506024096386,305.4,8.162954469212023,23.656277783794728,0.25787889252751,0.2304986258762562,0.1181594842653066,0.1024792870514385,0.90291947583951
ENSG00000124214,add_a2.0,2.0,83.90390390390391,69.90990990990991,92.59036144578312,312.0,11.348634645321251,20.57469647128948,0.3559925125320294,0.22784867352069,0.1661749054191906,0.0888343881347737,0.5589454990120334
ENSG00000124214,add_a3.0,2.0,85.82582582582583,79.81981981981983,93.01204819277108,315.8,9.759075233077192,17.43506410082993,0.3614977871791664,0.2280003049956289,0.1426531385772492,0.0752950032316052,0.5261893220310828
ENSG00000124214,add_a4.0,2.0,86.96696696696696,87.14714714714714,90.3012048192771,316.8,10.416931089382851,18.75497504148508,0.3580769578737104,0.2283254217034163,0.1520988891078848,0.081018831904659,0.5324790313987768
ENSG00000124214,add_gc_removed_a1.0,2.0,59.27927927927929,43.003003003003,40.42168674698795,303.6,7.3814512568498385,25.956218023264206,0.2196921851055286,0.2268281330507956,0.1083742680897827,0.1118944891859071,1.1194735253021673
ENSG00000124214,add_own,2.0,67.14714714714714,50.39039039039039,78.855421686747,307.4,9.833762720076598,23.79531470469688,0.2962391953633856,0.2293864403022309,0.1428054958725582,0.1029155484316287,0.7771836575254412
ENSG00000124214,random_a1.0,2.0,47.92792792792793,38.37837837837838,40.90361445783133,297.2,7.672922210639987,26.523188586186727,0.22576656825396,0.22843187377035,0.1120165717915537,0.1146208739155999,1.036536402659547
ENSG00000124214,unsteered,2.0,58.258258258258266,42.4024024024024,50.30120481927711,303.0,7.394745181818711,25.37459998373486,0.2261617991010668,0.2280983733178513,0.1079986890985565,0.1095904061573642,1.0424542984571958
ENSG00000124641,add_a0.5,2.0,62.29508196721312,50.32967032967033,69.56043956043956,174.8,19.751230676668737,17.76276745078524,0.538695546764593,0.2278404081370914,0.2892897522210078,0.0767186957461673,0.409195734245856
ENSG00000124641,add_a1.0,2.0,60.874316939890704,48.24175824175824,78.02197802197801,178.6,23.764282496872564,12.562489616117167,0.6795192415132595,0.2286787887806841,0.3477952062993853,0.0544987730212028,0.2450894096697733
ENSG00000124641,add_a2.0,2.0,71.03825136612022,49.89010989010989,90.10989010989012,172.4,11.123822554935051,26.451256903495945,0.2985667231319405,0.2271139926917735,0.1632085363238269,0.114075677032802,0.7257220302640001
ENSG00000124641,add_a3.0,2.0,72.02185792349727,47.472527472527474,89.34065934065934,171.6,8.286222019116469,29.15057120956512,0.2186830412591728,0.2281845033602152,0.1210769272621409,0.125894388820371,1.1220540373033658
ENSG00000124641,add_a4.0,2.0,72.45901639344262,50.10989010989011,89.34065934065934,170.4,6.717226075007386,32.143754186489744,0.1704778366993787,0.2282150815308594,0.098010070796459,0.1388326849751264,1.7799671920830484
ENSG00000124641,add_gc_removed_a1.0,2.0,52.78688524590164,39.56043956043956,55.16483516483517,177.0,29.74188976631576,8.579964246793754,0.7645667469730665,0.2268283255581737,0.4365358162382856,0.036958622969621,0.1519630368802911
ENSG00000124641,add_own,2.0,61.9672131147541,46.81318681318682,76.92307692307693,175.0,19.75247077144262,16.45793449037023,0.5388502385279418,0.227704834038983,0.2894386005058128,0.0710605017782751,0.4678534671880991
ENSG00000124641,random_a1.0,2.0,56.0655737704918,47.03296703296703,60.98901098901099,176.8,25.721935731390506,9.509429184815255,0.6995877144498474,0.2271268443555444,0.3775002716144279,0.0410111695951388,0.211190113843288
ENSG00000124641,unsteered,2.0,55.19125683060109,45.05494505494506,57.58241758241759,174.6,27.687813646917835,9.562472580973068,0.7168478526576834,0.2285772541858225,0.4051409925093008,0.0413977172467903,0.1850039635796977
ENSG00000124688,add_a0.5,2.0,53.852813852813846,39.21739130434783,51.130434782608695,209.4,6.9666490327069415,25.51621424994604,0.2158048105337971,0.2615143227450487,0.0887400201297438,0.1151633758524148,1.3351375286034102
ENSG00000124688,add_a1.0,2.0,57.056277056277054,41.391304347826086,52.69565217391304,207.6,7.415792972521193,24.534348060349306,0.2331029760192831,0.2586997057965017,0.0955281864237492,0.1102826474397671,1.1666654853960778
ENSG00000124688,add_a2.0,2.0,63.98268398268399,55.21739130434783,71.56521739130434,211.2,9.56132096520873,26.71810112538241,0.2659345072598084,0.2592773081265832,0.1229832230364059,0.1202742484683785,1.016687140859454
ENSG00000124688,add_a3.0,2.0,74.02597402597402,58.173913043478265,77.91304347826087,212.6,7.522523270780996,28.564952887689465,0.2095770702647255,0.2588997697097469,0.0968825473505664,0.1284682625282743,1.3534701727895335
ENSG00000124688,add_a4.0,2.0,89.35064935064935,81.47826086956522,87.3913043478261,216.4,7.204458799808188,29.78931700596423,0.1968405152666613,0.2584849288042111,0.0929143366354253,0.1339264549537868,1.478911500501559
ENSG00000124688,add_gc_removed_a1.0,2.0,49.87012987012987,32.869565217391305,38.34782608695652,203.2,7.373159160046205,20.84423082514281,0.2601157826428498,0.2606203930027382,0.094415571570936,0.0939645865302174,1.097703670451985
ENSG00000124688,add_own,2.0,65.80086580086581,50.173913043478265,66.34782608695653,210.4,6.56915105799043,27.93173738590125,0.1907593006609886,0.2583211684154016,0.0849913383077906,0.1255716724079374,1.568724062286202
ENSG00000124688,random_a1.0,2.0,52.38095238095239,39.91304347826087,41.21739130434783,206.0,8.1585147807933,22.47894980808821,0.2679853365895516,0.2585977027628395,0.1052342599278052,0.1010791455402111,0.9658970392134364
ENSG00000124688,unsteered,2.0,58.35497835497836,29.39130434782609,33.391304347826086,207.0,7.079763730900254,20.74804204766553,0.2558149249952529,0.2570086385566791,0.0917508826294674,0.0930986419681166,1.0319396846929574
ENSG00000124767,add_a0.5,2.0,51.78082191780823,42.3448275862069,41.10344827586207,143.2,31.87931034482758,8.936105476673427,0.7619589699917568,0.2063669145819246,0.5141333333333336,0.0375020087492188,0.1167573209199624
ENSG00000124767,add_a1.0,2.0,56.71232876712329,49.37931034482758,82.06896551724137,140.4,30.777336060457657,10.1191964585794,0.7072077704941979,0.2062400093464823,0.4972224085299896,0.0425161041368716,0.1775316545179397
ENSG00000124767,add_a2.0,2.0,67.67123287671232,57.241379310344826,85.79310344827586,139.6,25.059905456955978,14.41111584102342,0.6086624607815134,0.2053327936921574,0.4064410746663106,0.0604371436213096,0.231869036227523
ENSG00000124767,add_a3.0,2.0,72.19178082191782,55.0344827586207,83.17241379310344,140.2,21.127753568281392,15.623711134396164,0.5348802746905214,0.206546608095383,0.3418274403812196,0.0656733907418739,0.341643231149851
ENSG00000124767,add_a4.0,2.0,80.27397260273972,73.65517241379311,90.06896551724137,138.4,9.563057628431416,17.937494310969445,0.3470809046571105,0.207122046554153,0.1539551653033634,0.0754111220814831,0.5129231307752345
ENSG00000124767,add_gc_removed_a1.0,2.0,50.68493150684931,45.241379310344826,56.27586206896551,135.0,18.74844632298018,17.289024774350292,0.4940718157181572,0.205079159761704,0.3043202739784732,0.0724630187033162,0.3441269315732614
ENSG00000124767,add_own,2.0,50.54794520547945,37.51724137931034,58.3448275862069,142.2,33.67412476967623,10.126875493550935,0.7577105052229784,0.2067386154251117,0.5427160493827163,0.0425418060200668,0.1202213831049735
ENSG00000124767,random_a1.0,2.0,41.23287671232877,33.10344827586207,33.51724137931034,136.8,20.78651233823648,14.811429949360983,0.5548502744496071,0.2069518348828693,0.3349155063777471,0.0622726816368008,0.3036138275845207
ENSG00000124767,unsteered,2.0,52.41946150212566,37.6551724137931,43.58620689655172,143.6,32.499750124937535,7.167416291854073,0.8165152939308833,0.2060969515242377,0.5250793650793654,0.0300658761528326,0.0632109557923269
ENSG00000125652,add_a0.5,2.0,77.55555555555556,59.106145251396654,95.19553072625698,167.0,6.577685143643821,27.33056602786495,0.1956180530695706,0.2465818433825724,0.0889934595304758,0.1209225599177526,1.399275377449548
ENSG00000125652,add_a1.0,2.0,73.77777777777779,54.07821229050279,91.731843575419,165.6,9.555286964276217,28.617511443498024,0.2494246284519288,0.2474477967471363,0.128716039650012,0.1267628504206711,1.0166503227292552
ENSG00000125652,add_a2.0,2.0,86.22222222222221,66.4804469273743,93.5195530726257,167.4,8.109344538243288,28.92457049804328,0.2195687372736553,0.2471713081334849,0.1093595061186974,0.1280726667513035,1.2222979984424711
ENSG00000125652,add_a3.0,2.0,88.11111111111111,65.13966480446928,95.41899441340784,169.2,8.0414001306985,30.69710929278612,0.2114862022815626,0.246659080937961,0.1085971184111083,0.1358121818743257,1.28224690297956
ENSG00000125652,add_a4.0,2.0,83.55555555555556,71.73184357541899,92.9608938547486,166.2,8.054579879157739,31.3900724041437,0.204056391796297,0.2486996520955244,0.107973761202838,0.1392701728498906,1.294997800318075
ENSG00000125652,add_gc_removed_a1.0,2.0,67.77777777777779,54.07821229050279,79.66480446927375,165.2,6.916167664670658,24.82693150284796,0.2148789126283624,0.2450992324294499,0.0940058024610193,0.1096341685174294,1.3127352525752365
ENSG00000125652,add_own,2.0,78.0,64.91620111731842,91.28491620111733,167.2,8.739654526808538,26.59399309428352,0.2526586641543771,0.2454790289511645,0.1187687704787646,0.1175408146842234,1.002533956099938
ENSG00000125652,random_a1.0,2.0,76.33333333333333,57.43016759776536,88.15642458100558,169.0,8.045862902750201,23.9994069734678,0.2514603230797285,0.2471970668303404,0.1083908621483892,0.1062775706065178,1.0197443667102188
ENSG00000125652,unsteered,2.0,78.88888888888889,60.33519553072627,85.02793296089385,168.4,6.189398591241425,28.24226018165248,0.1801109957454931,0.2475784140905979,0.0832460853740819,0.1251060491065066,1.7672495852185448
ENSG00000125703,add_a0.5,2.0,48.768768768768766,37.53753753753754,53.19277108433735,311.2,14.30982888117775,20.26142322461328,0.3859306594393608,0.2314308568317458,0.2062245307821883,0.0878771924983307,0.6770368381183294
ENSG00000125703,add_a1.0,2.0,55.1951951951952,54.05405405405405,62.28915662650602,304.6,11.454713871169,23.45142159676196,0.3283652027753722,0.230219803578634,0.165707481800384,0.1015325056162658,0.6352781730181546
ENSG00000125703,add_a2.0,2.0,76.33633633633633,61.561561561561554,91.0843373493976,314.0,10.453166707109926,24.22146728140419,0.3016897272851185,0.2302902028454084,0.1513930011996945,0.1049009685837054,0.7015535447822019
ENSG00000125703,add_a3.0,2.0,76.3963963963964,54.77477477477478,88.13253012048193,314.8,9.1272711485454,22.891629565720248,0.2896770354599553,0.2316981958527415,0.1313681039184,0.0993312789801238,0.7904628898942053
ENSG00000125703,add_a4.0,2.0,81.68168168168168,60.96096096096096,93.01204819277108,314.6,9.47762426841931,23.658191886439347,0.2858486991403686,0.2312041573288731,0.1366169251476679,0.1025822908229664,0.756309331218996
ENSG00000125703,add_gc_removed_a1.0,2.0,45.76576576576576,30.87087087087088,27.228915662650603,299.4,14.218796391063377,22.20144642492994,0.3645060174712873,0.2307222751855392,0.2061277076375265,0.0962440135012352,0.7301748977639263
ENSG00000125703,add_own,2.0,56.33633633633633,38.91891891891892,55.36144578313254,304.8,10.887899249548443,21.22698060575111,0.3392937369122406,0.2303271510322488,0.1575730995966076,0.0919275531820742,0.5871146585991796
ENSG00000125703,random_a1.0,2.0,48.35956438366077,33.933933933933936,29.156626506024093,296.2,8.622226944393551,22.851448969354912,0.2729823464381791,0.2319858464621199,0.1238986092210096,0.0991774227424658,0.8108302051756414
ENSG00000125703,unsteered,2.0,38.13813813813814,30.28817974601107,31.807228915662648,304.8,14.805738610043898,20.01866142261549,0.4055446044457569,0.2321613339704076,0.212917622937477,0.0869236984007627,0.5795557783080356
ENSG00000125734,add_a0.5,2.0,81.92192192192192,55.73573573573574,97.16867469879516,314.4,5.798933249852666,25.0308964843176,0.18630560257909,0.221506315389744,0.087242327412994,0.10716639153601,1.3412309142561385
ENSG00000125734,add_a1.0,2.0,80.0,65.94594594594595,96.26506024096383,313.2,6.333814938724188,23.639320827487666,0.2106659968826876,0.2216630946078691,0.0951783039618994,0.1012511582173639,1.0997410569770478
ENSG00000125734,add_a2.0,2.0,81.26126126126125,54.294294294294296,98.43373493975903,312.4,5.889532823254156,26.26612210768008,0.1834985975871798,0.2215765333274135,0.0885859473045505,0.1124683977916343,1.2834434079984829
ENSG00000125734,add_a3.0,2.0,81.56156156156156,58.67867867867867,97.59036144578312,315.0,5.902344575407248,25.737703018903566,0.1869148011440152,0.2216555149794684,0.0887920146030497,0.1102205409365326,1.2994279004841336
ENSG00000125734,add_a4.0,2.0,83.36336336336336,74.17417417417417,94.6987951807229,315.8,5.842409518916207,24.800796058791825,0.1897566451134218,0.2214519652474562,0.0879655692786435,0.1061876817280159,1.2813809763377235
ENSG00000125734,add_gc_removed_a1.0,2.0,65.16516516516516,58.61861861861862,86.44578313253012,309.8,6.904799375987885,26.943931784654147,0.2057057809721475,0.2217858954707655,0.1037362435502337,0.1153954286477309,1.138373610534328
ENSG00000125734,add_own,2.0,79.0990990990991,60.84084084084084,92.40963855421688,311.4,6.7535581690695965,26.85485589719385,0.2051429018870879,0.2217230414008234,0.1014281701231969,0.1150017073951249,1.2094416822569822
ENSG00000125734,random_a1.0,2.0,63.24324324324325,48.82882882882883,93.3734939759036,309.4,5.303026695160954,28.705120899583115,0.156416120393302,0.2228091494029935,0.0793012539112889,0.1231013317824787,1.574106544300487
ENSG00000125734,unsteered,2.0,74.50504721589058,54.71471471471472,79.27710843373494,307.0,6.320288257077225,26.32172915729716,0.1939732540340443,0.2208283388879672,0.0954168043759581,0.1126030983664369,1.2002902117574406
ENSG00000127564,add_a0.5,2.0,69.72972972972973,68.4084084084084,72.93306155134132,307.6,10.407339977472317,27.48999588020716,0.2755236760613858,0.264194476789992,0.131351330520051,0.1245411371693785,0.9620806893201908
ENSG00000127564,add_a1.0,2.0,80.72072072072072,73.03303303303304,88.37349397590361,311.6,9.04930578759419,29.527699355308265,0.2337194199319582,0.2644445884996533,0.1141459061788352,0.1338041739936776,1.1892759148426653
ENSG00000127564,add_a2.0,2.0,85.16516516516518,77.95795795795796,89.75903614457832,313.8,10.000737759675754,26.901877358268848,0.2723022131442266,0.2647141920659283,0.1259404477636853,0.1219585120435718,0.9842732338210084
ENSG00000127564,add_a3.0,2.0,84.02402402402403,77.23723723723724,96.32530120481928,313.6,9.638977867325275,26.736362203928127,0.264302685226443,0.2645212435722398,0.1215009646176337,0.1211693162364363,1.005317933943885
ENSG00000127564,add_a4.0,2.0,86.06606606606607,84.62462462462463,89.87951807228916,312.0,8.97772996996541,28.071123135193773,0.2434036475746306,0.2632444640761607,0.1137478209660989,0.1270249857423276,1.149985018097789
ENSG00000127564,add_gc_removed_a1.0,2.0,60.9009009009009,57.53753753753754,66.92771084337349,307.4,10.671913238480576,24.843805462377027,0.3018732106581815,0.2655995881603882,0.133926515056251,0.1127619735859136,0.8534145207197781
ENSG00000127564,add_own,2.0,76.57657657657657,60.24024024024025,88.01204819277109,310.8,9.138507053817486,28.70198098570508,0.2410034474077513,0.2634664123494218,0.1156592294643097,0.1299003743771378,1.1408553129499357
ENSG00000127564,random_a1.0,2.0,63.24324324324324,63.60360360360361,70.54216867469879,309.2,9.637336911410358,24.78688658702197,0.2789148536192871,0.2638474990240662,0.1216989570379641,0.1122436499123328,0.9473346385779268
ENSG00000127564,unsteered,2.0,67.50750750750751,58.01801801801802,79.75903614457832,307.4,11.019320519160214,25.748643513027154,0.2977219846771924,0.2643870766876415,0.1387444631089421,0.1166557887461853,0.9078062573734872
ENSG00000127837,add_a0.5,2.0,78.37837837837837,30.03003003003003,59.69879518072289,312.8,6.146507872694306,27.9308147181404,0.1816093310979279,0.2404142323232816,0.0852606302545672,0.1225732792450113,1.5776863938329504
ENSG00000127837,add_a1.0,2.0,83.42342342342343,29.42942942942944,79.33734939759036,312.2,6.274467251261735,28.867875625120785,0.1806546154697122,0.2391870699708336,0.0874837862977133,0.1265083292724042,1.4638201255571623
ENSG00000127837,add_a2.0,2.0,76.33633633633633,46.66666666666667,86.20481927710844,311.8,5.010247074992366,29.95861568184276,0.1436214541474184,0.2402513888685357,0.0694927242325769,0.1314338363625537,1.9721199557993128
ENSG00000127837,add_a3.0,2.0,79.81981981981983,68.04804804804806,86.26506024096386,312.0,5.39584972648424,33.53074782034393,0.1379456127226284,0.2401637018806614,0.0749822240563277,0.1470795604118362,2.088722196359685
ENSG00000127837,add_a4.0,2.0,81.74174174174175,68.58858858858858,85.78313253012047,310.4,6.515187076593937,31.379520351585874,0.1724799516189976,0.2405969860684919,0.0903262485617299,0.1377351811452758,1.544639291699949
ENSG00000127837,add_gc_removed_a1.0,2.0,64.62462462462463,25.525525525525527,51.38554216867469,305.4,6.425294056252328,27.22493874187388,0.192151563334386,0.2405671211389136,0.0889903293913397,0.1194977918172375,1.3753998170511568
ENSG00000127837,add_own,2.0,73.15315315315316,40.42042042042042,66.56626506024097,307.4,6.23934236302169,28.3150663931713,0.1775789126858391,0.240469522992966,0.0863851978184722,0.12426704086136,1.6509288467048715
ENSG00000127837,random_a1.0,2.0,60.12012012012012,43.36336336336336,56.14457831325301,304.2,8.361152984991971,27.848409098010983,0.2324286491254088,0.2402844136438611,0.116051616749635,0.1221969067696967,1.1182593436626314
ENSG00000127837,unsteered,2.0,71.77177177177177,33.51351351351351,53.01204819277108,307.8,7.249212634108597,26.78740249602921,0.2140141227702203,0.2393586833425411,0.100851031962899,0.1173475558367421,1.3026187028388234
ENSG00000128272,add_a0.5,2.0,66.30630630630631,66.42642642642643,69.1566265060241,303.2,7.263749214859617,25.80757626001605,0.2222280314923654,0.2316768591301318,0.104453840702496,0.1119661079742893,1.0862739401752268
ENSG00000128272,add_a1.0,2.0,84.68468468468468,79.6996996996997,88.43373493975903,313.4,6.459084337684611,27.338938569481723,0.1913141462183556,0.2309938638226915,0.0932533792827259,0.1184837209685989,1.3028858117811253
ENSG00000128272,add_a2.0,2.0,84.20420420420422,85.04504504504504,90.3012048192771,317.0,6.879206080052239,24.771352043687507,0.2160887425399854,0.2312825595223138,0.0991582581121135,0.1074234277976973,1.1140707074701048
ENSG00000128272,add_a3.0,2.0,89.78978978978978,89.54954954954954,93.13253012048192,319.4,5.34742469796963,24.126657079465915,0.1800580973129992,0.2313731367107749,0.0768543951215006,0.104649937382908,1.4688125198629696
ENSG00000128272,add_a4.0,2.0,86.90690690690691,84.14414414414415,88.855421686747,316.4,6.5144230769230775,26.232448107448107,0.1998717777135726,0.231005545380546,0.0939986848266674,0.1137041662153821,1.221412595745256
ENSG00000128272,add_gc_removed_a1.0,2.0,57.71771771771772,58.738738738738746,58.13253012048193,308.6,5.719192627226622,23.99898071056973,0.1931042705714193,0.230265885920808,0.0828599342709034,0.1039134687250857,1.2792579966446849
ENSG00000128272,add_own,2.0,85.94594594594595,88.34834834834835,91.56626506024097,317.0,5.5542122597490335,24.73510106719029,0.1819901363174574,0.2314120022814207,0.0799790872424405,0.1072768940325686,1.3880921698637292
ENSG00000128272,random_a1.0,2.0,59.63963963963964,61.08108108108108,69.1566265060241,308.4,6.0487969418842535,24.942622131992287,0.1945579037228521,0.2313517765477304,0.087225772085744,0.1081454156381677,1.2930613951032637
ENSG00000128272,unsteered,2.0,76.81681681681683,70.3903903903904,80.66265060240964,309.2,6.791608296499393,26.84566633466757,0.2040374499541772,0.232143924329404,0.0975774691747744,0.1165430084081999,1.243441481116644
ENSG00000128408,add_a0.5,2.0,79.03903903903904,75.73573573573574,81.3855421686747,312.2,8.64879564730652,27.222507633545145,0.2393908130159209,0.2170273160556398,0.1328236141294616,0.1158900488175397,0.9142768688079712
ENSG00000128408,add_a1.0,2.0,85.4054054054054,77.41741741741741,87.28915662650601,313.4,9.386213110608786,24.96518579189337,0.272841542251289,0.2189108574848527,0.1430087232363221,0.1065386928445463,0.7494872133634314
ENSG00000128408,add_a2.0,2.0,82.88288288288288,69.90990990990991,97.53012048192772,313.0,7.544970181404111,27.271908295753,0.2162152253569131,0.2183854007814332,0.1152338998506643,0.116309209412661,1.0647056294457704
ENSG00000128408,add_a3.0,2.0,85.82582582582583,66.30630630630631,95.48192771084338,314.0,9.228084884112938,25.545277503003547,0.2659099167061388,0.2173369390468301,0.1415156325347442,0.1088054817416153,0.7777172754084909
ENSG00000128408,add_a4.0,2.0,84.02402402402403,69.06906906906906,92.7710843373494,316.4,9.35505916803829,23.131551447330004,0.2875467255643463,0.2170230786395206,0.1436857380934058,0.0984783290118986,0.6972672994785793
ENSG00000128408,add_gc_removed_a1.0,2.0,63.12312312312313,52.07207207207207,81.74698795180723,308.8,7.376599984894841,27.029581899573763,0.2141796180186121,0.2168898459156367,0.1132371117954762,0.1150525557145344,1.0720678933479828
ENSG00000128408,add_own,2.0,87.32732732732732,66.48648648648648,87.46987951807229,315.0,9.390725371715488,25.58468080063581,0.2677477671279808,0.2184187756199128,0.143360327028553,0.1091168995155393,0.7723757522428333
ENSG00000128408,random_a1.0,2.0,67.02702702702702,58.61861861861862,78.07228915662651,310.4,7.207219578282467,28.019105098795144,0.2058816226578842,0.2161345853155073,0.1111895419026177,0.1191453009852296,1.0833703943988169
ENSG00000128408,unsteered,2.0,64.14414414414415,67.32732732732732,73.37349397590361,306.4,8.1714951112099,25.681928128650792,0.2394028242961411,0.2170271748986848,0.1253078670398252,0.1093394826046919,0.9168667253181934
ENSG00000128590,add_a0.5,2.0,47.12041884816754,30.94736842105263,49.26315789473684,168.2,4.504160463161411,27.682503399133587,0.1407408304348931,0.1946501062940398,0.0771995984031445,0.1145963968070086,1.8448130632892472
ENSG00000128590,add_a1.0,2.0,55.49738219895288,40.21052631578947,76.42105263157895,178.4,13.734111117660124,20.411490618717085,0.3988335889975234,0.1952954514263654,0.2340635995230745,0.0845378819955581,0.3900570519456073
ENSG00000128590,add_a2.0,2.0,48.58638743455497,43.05263157894737,53.789473684210535,172.8,5.180129533129689,22.324422563900924,0.2001335918982977,0.1964995617375615,0.0878986260984646,0.092592263851432,1.1857271412785189
ENSG00000128590,add_a3.0,2.0,56.12565445026178,57.89473684210526,62.315789473684205,173.4,6.780615363800176,22.06682068869852,0.2511618448443719,0.1954288514410199,0.1156687784204797,0.0914640480652103,0.8269730825996898
ENSG00000128590,add_a4.0,2.0,81.8848167539267,76.94736842105263,85.05263157894737,178.6,7.518392277157922,18.11942233303238,0.2959637107938637,0.1958101187793659,0.1281478769820689,0.0751143168435101,0.6860243295095845
ENSG00000128590,add_gc_removed_a1.0,2.0,41.361256544502616,31.789473684210527,36.94736842105263,170.2,8.92240075443029,25.71065610688492,0.2516224516224516,0.1947956379049903,0.152984894034772,0.1064402120932884,0.9873243576666904
ENSG00000128590,add_own,2.0,49.319371727748695,37.05263157894737,46.315789473684205,167.4,6.478751580971935,24.77230891271876,0.2085422203069262,0.194601936855752,0.1111408830629546,0.1025387244766095,1.0556015157206895
ENSG00000128590,random_a1.0,2.0,50.261780104712045,35.1578947368421,32.421052631578945,174.2,13.312719246897128,17.054858270189975,0.4254831462885316,0.1944987824341773,0.2282300521068477,0.0705773444456128,0.6266486400683007
ENSG00000128590,unsteered,2.0,41.2565445026178,38.631578947368425,40.0,170.4,5.849252959604179,24.548485720068605,0.1961282056342846,0.1931430180127886,0.1008422217759372,0.101381095886724,1.1223503297345852
ENSG00000128805,add_a0.5,2.0,67.44744744744744,63.36336336336336,81.6867469879518,321.0,11.7776188051237,17.347506639023017,0.359675884382334,0.2256122639445997,0.1738834972395439,0.0746553268554776,0.75680369497266
ENSG00000128805,add_a1.0,2.0,83.66366366366366,75.61561561561561,94.09638554216868,315.6,6.404039265051489,24.30039817105706,0.2106365169294644,0.2257466477746327,0.0945225031262593,0.104612349760789,1.108436449547741
ENSG00000128805,add_a2.0,2.0,79.15915915915916,91.5915915915916,84.6987951807229,315.4,6.996132131376911,22.89244500564642,0.2415214620386205,0.2270138747894455,0.1025982455609997,0.0987183707496891,1.0124105960853842
ENSG00000128805,add_a3.0,2.0,83.78378378378378,71.71171171171171,95.48192771084338,313.0,6.772717116072347,26.594536972524395,0.2056065386680988,0.2264075898069871,0.0997346651787687,0.1146013502835512,1.1524097243519595
ENSG00000128805,add_a4.0,2.0,91.41141141141142,87.08708708708708,88.43373493975903,313.4,7.199840285292403,25.60959391935653,0.2198696972500988,0.2271109022501622,0.1056679545243504,0.1104475930864528,1.0593888458803904
ENSG00000128805,add_gc_removed_a1.0,2.0,58.67867867867868,61.08108108108108,71.08433734939759,306.6,7.251263026792024,26.66243623811877,0.2144780728775478,0.2260409219750199,0.1069243906734452,0.1148291785385809,1.1170148670743862
ENSG00000128805,add_own,2.0,79.03903903903904,73.87387387387386,87.53012048192771,312.2,7.757782025814738,26.08384311734397,0.2299087143332161,0.2271383530727727,0.1138664795208041,0.1125215676193082,1.0093514347065962
ENSG00000128805,random_a1.0,2.0,76.63663663663664,72.85285285285286,79.75903614457832,309.2,7.373603147535027,25.62916643353695,0.2258036926196667,0.2265310608523981,0.1084969222700786,0.1104403140488445,1.0260072904647966
ENSG00000128805,unsteered,2.0,72.1921921921922,62.76276276276276,78.73493975903614,308.4,8.613387514062516,26.66853366637964,0.2442848175051565,0.2258961263138294,0.127149437825826,0.1148384666998357,0.9223328149414468
ENSG00000128881,add_a0.5,2.0,49.30930930930931,54.53453453453453,45.42168674698795,304.0,6.777969108087708,24.908592918896595,0.2135677540849954,0.23442971205795,0.0963698105389275,0.1084477405140403,1.145211599287192
ENSG00000128881,add_a1.0,2.0,51.65165165165165,52.55255255255255,55.0,301.8,6.891158545871747,24.15915272774789,0.2241960676264883,0.2349902143578821,0.0978412193556806,0.1052744560002598,1.1362341544261243
ENSG00000128881,add_a2.0,2.0,77.17717717717719,82.04204204204204,75.3012048192771,313.4,7.720347813270569,21.424096109570577,0.2687087738321135,0.2350287077504094,0.1093899888646744,0.093393438683083,0.8437610847499759
ENSG00000128881,add_a3.0,2.0,77.5975975975976,76.81681681681683,80.24096385542168,310.4,8.500022786619969,22.411427727983533,0.2763246689348196,0.2335545676063147,0.1213617850698795,0.0974700929930493,0.8017146148207199
ENSG00000128881,add_a4.0,2.0,86.78678678678679,86.96696696696696,90.5421686746988,317.8,7.665825169834953,23.124542744222783,0.2500323160344871,0.2352326620344372,0.1086934232109788,0.1007914498879086,0.968940697941332
ENSG00000128881,add_gc_removed_a1.0,2.0,52.1921921921922,50.03003003003003,46.98795180722892,301.6,8.347424305462729,25.369862134270623,0.2502259588966156,0.2352132886482962,0.1184358348215666,0.1106040008203679,1.020190077050378
ENSG00000128881,add_own,2.0,84.98498498498499,79.93993993993993,84.75903614457832,318.8,8.044558066744404,20.2011726445622,0.2860964807150924,0.2338879719301966,0.114583977604724,0.0879153655349163,0.7647222175400129
ENSG00000128881,random_a1.0,2.0,51.771771771771775,50.93093093093093,50.8433734939759,300.2,7.278183446604499,21.83314718226999,0.2568478904761392,0.2334977433573927,0.1039589543650187,0.094925879464333,0.9186801198297558
ENSG00000128881,unsteered,2.0,52.852852852852855,44.68468468468468,50.8433734939759,295.0,8.209242449654102,23.853579500974824,0.2560375367787859,0.2355529410634811,0.1161095048133656,0.1040065524060132,0.906364647217208
ENSG00000130055,add_a0.5,2.0,57.23723723723724,61.62162162162163,69.63855421686746,309.0,7.837022556511735,27.959360324731943,0.2187632793766223,0.2718999023298319,0.096058754948229,0.1280035366036781,1.5187917450748358
ENSG00000130055,add_a1.0,2.0,59.51951951951952,52.61261261261261,68.13253012048192,306.6,7.025686154358825,26.01916888360545,0.2241593392413064,0.2718994143703442,0.0863179830337406,0.119205915296425,1.620523140958569
ENSG00000130055,add_a2.0,2.0,75.31531531531532,65.4054054054054,93.6144578313253,311.6,7.579055146558781,29.58436083386385,0.2043867174622106,0.273352574662308,0.0925320955977051,0.1357297013719632,1.544384806688883
ENSG00000130055,add_a3.0,2.0,84.86486486486487,75.61561561561561,91.20481927710844,312.2,5.950879517444676,33.106200434178284,0.1520773085829367,0.2716071084576469,0.0730156824727785,0.1515176173775504,2.1589030349081875
ENSG00000130055,add_a4.0,2.0,83.78378378378379,77.5975975975976,93.855421686747,310.8,7.015184224100624,31.74373617252188,0.1807608000691977,0.2714017899584172,0.0861366351492352,0.1452133769132458,1.7173058959495648
ENSG00000130055,add_gc_removed_a1.0,2.0,51.71171171171172,45.1051051051051,46.20481927710844,302.2,9.269492071673756,22.642152058878303,0.2971898362341191,0.2738296750795215,0.1128714297571074,0.1039194428429168,0.9431496786094714
ENSG00000130055,add_own,2.0,73.81381381381382,59.93993993993994,90.28573508535654,309.8,7.938872835299668,30.86638870610348,0.2047344434942805,0.2735131188778826,0.0967820795915991,0.1416294787836551,1.4817524378270717
ENSG00000130055,random_a1.0,2.0,43.6036036036036,45.16516516516516,52.65060240963855,304.6,8.562137264345566,21.94308471053285,0.2862590187590187,0.2745613289910557,0.1039152904204399,0.1007978934155772,0.9894630483360805
ENSG00000130055,unsteered,2.0,48.96884836643873,42.4024024024024,54.69879518072289,305.2,6.1560671285394095,23.10834226049944,0.2121657687082635,0.2719457807851952,0.0753714265177739,0.1058217286760581,1.438709895435372
ENSG00000130517,add_a0.5,2.0,62.11111111111111,39.77653631284916,87.37430167597765,176.4,34.469942391085496,6.198123427925749,0.8412130196148168,0.2272522003613534,0.505323854900827,0.026723177534417,0.06141583495768
ENSG00000130517,add_a1.0,2.0,62.88888888888889,39.77653631284916,79.21787709497207,177.8,38.73736558271709,6.716181741854233,0.8546792084268884,0.2281044696325475,0.566276646898542,0.0290225080385851,0.0602395410750179
ENSG00000130517,add_a2.0,2.0,71.0,45.47486033519553,92.51396648044692,176.6,31.371329130941355,10.96927374301676,0.7366764257716183,0.2291808323126098,0.4569915786690123,0.0474887672630788,0.1224471162367638
ENSG00000130517,add_a3.0,2.0,70.66666666666667,46.03351955307262,94.52513966480448,171.2,19.052172249151017,18.81446535873512,0.5000038147237682,0.2282019727277606,0.2784962421364431,0.0812731047315368,0.3276328406478085
ENSG00000130517,add_a4.0,2.0,80.0,62.68156424581006,90.39106145251397,170.8,10.629304025516296,19.798895012012984,0.3436023330585643,0.2283392193452992,0.1551757373619076,0.085523588920734,0.6445441461058454
ENSG00000130517,add_gc_removed_a1.0,2.0,55.66666666666666,36.75977653631285,48.15642458100559,173.4,31.52167738948709,11.835646168267564,0.7128429435471688,0.2277340364774715,0.4614657541607679,0.0510803773607623,0.1622581704212626
ENSG00000130517,add_own,2.0,62.77777777777777,39.55307262569833,78.99441340782123,176.6,33.42785601288388,7.842543770822249,0.8030012351152896,0.228523863571473,0.4878862757790651,0.0338899723788338,0.0764531742539623
ENSG00000130517,random_a1.0,2.0,60.777777777777786,39.44134078212291,80.55865921787709,179.0,37.765363128491614,3.128491620111732,0.9240851148471012,0.2278088144009928,0.5525885558583112,0.0135048231511253,0.024388441129115
ENSG00000130517,unsteered,2.0,61.88888888888889,39.77653631284916,84.35754189944134,179.0,37.31843575418994,3.016759776536313,0.92669373112494,0.2278088144009928,0.5460490463215264,0.0130225080385851,0.023616652200522
ENSG00000130560,add_a0.5,2.0,84.92492492492492,64.38438438438439,96.144578313253,314.6,9.082465407638562,18.63976206369328,0.3298510518701628,0.2186911081087504,0.1384357908642264,0.0795237521004273,0.6163329972307332
ENSG00000130560,add_a1.0,2.0,89.66966966966967,63.96396396396396,88.3132530120482,311.4,9.236000104753892,20.767036301576592,0.3102780069204301,0.2177333223062823,0.1414023621960888,0.0885114836935206,0.6952035569040049
ENSG00000130560,add_a2.0,2.0,82.22222222222221,64.20420420420422,97.34939759036143,313.0,9.840103058472357,20.78104315869284,0.3219769788152941,0.2179583812509745,0.1506040672522549,0.088582922166457,0.6166376939768483
ENSG00000130560,add_a3.0,2.0,87.44744744744744,73.45345345345345,91.32530120481928,313.2,8.754609950091293,18.97600824936013,0.314013822057285,0.2198070224495018,0.1327630837778652,0.0810718039211891,0.6226082427679132
ENSG00000130560,add_a4.0,2.0,82.64264264264264,74.8948948948949,95.5421686746988,317.4,7.81683153195727,18.22536771994946,0.3025703105600013,0.2193479167924429,0.1187839304272892,0.0778329332593412,0.6649724115390205
ENSG00000130560,add_gc_removed_a1.0,2.0,79.0990990990991,65.64564564564564,88.49397590361446,311.0,8.536064558391443,21.86949686587958,0.2810530275807535,0.2185691236069065,0.1301163274978486,0.093280020663293,0.743384140770886
ENSG00000130560,add_own,2.0,84.56456456456456,63.24324324324324,92.2289156626506,314.0,8.152137172860828,21.739172923350104,0.2736581322150416,0.2196048103446048,0.1237086626979088,0.0928607081230114,0.7533561889554191
ENSG00000130560,random_a1.0,2.0,78.31831831831832,67.50750750750751,92.53012048192772,310.6,8.195733054932628,20.1837327028758,0.2894637894678722,0.2184133476229114,0.1251703264230049,0.0860610429115136,0.6948872703562718
ENSG00000130560,unsteered,2.0,89.24924924924925,60.30030030030029,82.2289156626506,310.6,9.209533795868358,21.51221076608717,0.2996301439396068,0.220224087428076,0.1394872580638778,0.0919688644435888,0.6730193944970506
ENSG00000130731,add_a0.5,2.0,79.54285714285714,54.94252873563219,91.60919540229884,161.8,5.33111156685808,33.931237548341734,0.134546702264755,0.2461328024966249,0.0721376346674132,0.1500479802758396,2.175272605748336
ENSG00000130731,add_a1.0,2.0,83.65714285714286,58.96551724137932,88.16091954022988,160.2,4.831607250345814,33.969821452062334,0.1235784092956224,0.2437494491106704,0.066269970613191,0.1497553807869094,2.777862102440791
ENSG00000130731,add_a2.0,2.0,85.02857142857142,55.862068965517246,96.7816091954023,162.0,7.298518478040988,31.8736966294794,0.1846419338335617,0.2462357119533063,0.0988150737715339,0.1409602959536095,1.534249807965696
ENSG00000130731,add_a3.0,2.0,82.4,57.35632183908047,95.97701149425288,162.4,6.04759524525449,33.925081799939214,0.1505597556748452,0.2476935496702716,0.0814149356969502,0.1503408341339287,1.895590906815724
ENSG00000130731,add_a4.0,2.0,84.91428571428571,70.0,95.51724137931036,160.2,5.987523697213302,32.24385290275642,0.1584974829314666,0.2473515902391791,0.0806776636158495,0.1427792348551344,1.7864283506041585
ENSG00000130731,add_gc_removed_a1.0,2.0,71.2,54.367816091954026,90.0,164.0,5.978784608854008,32.81429466228006,0.1525836858138449,0.2456622775609118,0.0808721203352598,0.1449780045389738,2.676162232113977
ENSG00000130731,add_own,2.0,72.8,51.72413793103449,87.35632183908046,162.2,5.191323514042017,33.439214046215525,0.1325616643321224,0.246063371340539,0.0703494060718711,0.1478402315824658,2.29460102988594
ENSG00000130731,random_a1.0,2.0,73.82857142857144,57.58620689655172,87.58620689655172,163.6,4.522587841606247,31.18109778769288,0.1264095589818566,0.2444923674371523,0.0616068631349357,0.1375657568121619,2.3388900540075093
ENSG00000130731,unsteered,2.0,75.88571428571429,46.0919540229885,95.05747126436782,161.0,5.970919757386925,33.16888055665021,0.1531883821855771,0.2473543815759493,0.080355261513109,0.1468956184447512,1.924529881610129
ENSG00000130811,add_a0.5,2.0,56.917808219178085,47.972508591065285,71.06529209621992,273.0,6.237530867287294,24.41885451410871,0.2031560437232965,0.2286583553137576,0.0909222041793146,0.1055186917296452,1.1714477083146633
ENSG00000130811,add_a1.0,2.0,75.12710069199265,54.91408934707904,78.55670103092784,271.8,7.017003494485129,26.03584422051382,0.2108323200206599,0.2274581673188067,0.1027855483481273,0.1123372849763026,1.1550157402350298
ENSG00000130811,add_a2.0,2.0,77.53424657534246,62.88659793814433,84.26116838487972,268.2,7.531458732739091,28.185074702023577,0.210921465610063,0.2285711679004752,0.1098241296486581,0.1217880143457001,1.111356776325631
ENSG00000130811,add_a3.0,2.0,85.41095890410959,71.27147766323023,93.95189003436424,276.2,6.512916384564791,25.94092100440277,0.2072439378771561,0.2297766085019178,0.0945199129764451,0.1122700178402135,1.236004522219193
ENSG00000130811,add_a4.0,2.0,86.98630136986301,83.36769759450172,88.65979381443299,274.6,7.22321468508629,24.82227935227013,0.2247241896746847,0.2294172772108657,0.1049127232956457,0.1073763166182115,1.0378136940572862
ENSG00000130811,add_gc_removed_a1.0,2.0,47.87671232876712,34.707903780068726,55.53264604810996,262.6,7.441963602808741,24.021360327135547,0.2390227434542108,0.228278333736321,0.1086321633308215,0.1037788088492124,1.0051307398136595
ENSG00000130811,add_own,2.0,69.72602739726027,59.587628865979376,58.6254295532646,270.6,6.521385936519744,24.65499513054877,0.2097766217002128,0.2293080329763077,0.0946774971765423,0.1066415948098141,1.166783620567808
ENSG00000130811,random_a1.0,2.0,47.05479452054794,43.50515463917526,51.20274914089347,261.4,6.594534513163849,25.665399435277003,0.2035451432849807,0.2311075845029582,0.09528433099971,0.1112442877892229,1.1935981576775645
ENSG00000130811,unsteered,2.0,46.3013698630137,38.76288659793814,48.65979381443299,257.8,6.218595650356775,24.324033703367785,0.2076679191029063,0.230257927327297,0.0899636057788401,0.1052696769680398,1.2511670658446323
ENSG00000131023,add_a0.5,2.0,51.051051051051054,37.83783783783784,39.33734939759036,299.8,7.280335163621797,24.61587249189832,0.2291958712589256,0.2437900556878502,0.0995247104078675,0.1085136212724845,1.0915571226776943
ENSG00000131023,add_a1.0,2.0,58.79879879879879,50.270270270270274,62.53012048192771,302.6,8.173854649463564,24.97838941320681,0.2453829541149146,0.243141814554268,0.1120017361398505,0.1100036080628054,1.053066896787432
ENSG00000131023,add_a2.0,2.0,64.50450450450451,58.43843843843844,68.61445783132531,303.6,10.302362406726733,23.72464389921696,0.3014960682817825,0.2439216159013756,0.1408573510753213,0.1045887456780271,0.7646976117866703
ENSG00000131023,add_a3.0,2.0,76.51651651651653,60.30030030030029,88.19277108433735,311.0,11.549633888643177,22.28492800629024,0.3395037578212058,0.2429389650597082,0.1585146363042223,0.0981173048567054,0.6752161451491439
ENSG00000131023,add_a4.0,2.0,85.52552552552552,69.9099099099099,93.43373493975903,316.8,10.595496314821748,19.582824283852226,0.3517968014353143,0.2445272783793951,0.1444147091546563,0.0864038997956899,0.6149863745653827
ENSG00000131023,add_gc_removed_a1.0,2.0,40.72072072072072,33.453453453453456,31.50602409638553,297.6,7.188590604026845,23.05360662676099,0.2366610929511357,0.2426037446842816,0.09878317432617,0.1014504233058623,1.0469755836561103
ENSG00000131023,add_own,2.0,56.57657657657658,46.48648648648648,59.09638554216868,308.8,9.23892528149025,23.898659927424227,0.2763125236104804,0.2422168182650374,0.127385582508474,0.1051300918356876,0.9140870467955416
ENSG00000131023,random_a1.0,2.0,35.97597597597598,33.51351351351352,30.843373493975907,297.4,6.051515525362612,22.26918396506472,0.2113737076282912,0.2425559150382271,0.083072329857228,0.0979977691912521,1.3168210944276657
ENSG00000131023,unsteered,2.0,48.288288288288285,38.85885885885885,36.20481927710844,300.2,7.666910674038258,26.052375885946805,0.2271699436237665,0.242793976607234,0.1052755409523532,0.1146886515272481,1.1197304150796317
ENSG00000131149,add_a0.5,2.0,69.1891891891892,74.5945945945946,78.37349397590361,314.6,8.47726257284181,24.85548827886365,0.2553754967721299,0.2577731067334687,0.1096402939773569,0.1116405115576312,1.117279800135463
ENSG00000131149,add_a1.0,2.0,76.3963963963964,72.25225225225225,92.46987951807228,312.0,9.28923023406259,26.27149949813769,0.257904128360214,0.2582535941455294,0.1200032997859751,0.1180561586218031,1.0563348310606808
ENSG00000131149,add_a2.0,2.0,83.84384384384384,64.74474474474474,87.2289156626506,315.0,8.031609073916226,24.668874937376152,0.2456479514652202,0.2577847498771232,0.1039150418101621,0.1107952861442395,1.2508906849893906
ENSG00000131149,add_a3.0,2.0,83.42342342342343,80.78078078078077,92.59036144578312,319.8,8.830107200408927,23.64056908744407,0.2770535063226474,0.2582247139696334,0.1139870680369639,0.1062528498267776,0.9526982632355108
ENSG00000131149,add_a4.0,2.0,87.92792792792793,81.68168168168168,94.87951807228916,314.6,7.369111791499497,28.36529563370999,0.2064776883173465,0.258247430839096,0.0951073581872605,0.127480205907163,1.3938890166001046
ENSG00000131149,add_gc_removed_a1.0,2.0,54.08064691197221,47.50750750750751,76.86746987951807,306.4,7.815125495614259,25.22531432731416,0.235723168912824,0.2589903184890446,0.1005577722922812,0.1134711270987809,1.1491050381205423
ENSG00000131149,add_own,2.0,72.91291291291292,74.59459459459461,86.32530120481928,311.4,8.603512801662058,27.05616902279652,0.242043826656413,0.2575579252145089,0.1113980397004927,0.1214934570580031,1.1065545923668336
ENSG00000131149,random_a1.0,2.0,78.67867867867868,67.68768768768768,90.96385542168674,309.0,7.697938901439992,27.36263872685324,0.2189599167003676,0.2571556816968521,0.099757794326225,0.1227980395335874,1.2469778273993442
ENSG00000131149,unsteered,2.0,49.249249249249246,78.73873873873875,85.12048192771084,314.6,6.111722297911373,26.754548709923608,0.1860401426911136,0.2577502758878168,0.0790413023572123,0.1201536945402027,1.5417278364710336
ENSG00000131263,add_a0.5,2.0,53.15315315315316,35.31531531531532,39.27710843373494,295.4,6.759954631139756,26.764879049558147,0.2019889400025906,0.2469725811550883,0.0912323234448442,0.1184832124383913,1.310489029644271
ENSG00000131263,add_a1.0,2.0,63.60360360360361,41.02102102102102,63.493975903614455,306.2,6.328324224463169,25.50004770858821,0.2042815533816745,0.2512678454388289,0.0839185790178879,0.1135101691974706,1.4097675315864824
ENSG00000131263,add_a2.0,2.0,65.22522522522522,60.36036036036036,71.50602409638554,305.0,8.572881789683274,27.285925007831,0.2396894474750093,0.2480771755691913,0.1152027164794774,0.1209719773112507,1.0535166939060094
ENSG00000131263,add_a3.0,2.0,80.24024024024024,61.68168168168168,88.61445783132531,312.0,8.485893680436382,27.888026770394607,0.2294471776902533,0.248203466394255,0.1139917318435043,0.1236489846793715,1.190982881120078
ENSG00000131263,add_a4.0,2.0,83.36336336336336,71.47147147147147,85.0,312.0,8.543282428381536,28.44811859919731,0.2309070867577955,0.2493659139777317,0.1141602170533444,0.1263290330910797,1.1595351110442005
ENSG00000131263,add_gc_removed_a1.0,2.0,38.31831831831832,32.192192192192195,29.27710843373494,293.2,6.596545699450614,22.914774333750056,0.2235223429815585,0.2483458916064596,0.0885663828898793,0.1016316980624228,1.2117902949379231
ENSG00000131263,add_own,2.0,68.82882882882883,60.78078078078077,74.7590361445783,309.8,8.999310308239163,28.669127325183343,0.2375386740061878,0.2494962892225348,0.1201491661437294,0.127337771795781,1.1136973988391543
ENSG00000131263,random_a1.0,2.0,43.9039039039039,34.414414414414416,35.12048192771084,293.4,6.689052398878658,22.563322351260418,0.2291326098460016,0.2498776263720062,0.0892251702023762,0.1002757102210792,1.1442145414232323
ENSG00000131263,unsteered,2.0,48.40840840840841,40.12012012012012,36.9277108433735,295.8,7.853536373270638,24.952424774118988,0.2399121157694574,0.2483646510467312,0.1055081274975036,0.1106775796227239,1.0795882180195135
ENSG00000131503,add_a0.5,2.0,77.65765765765767,58.37837837837837,96.20481927710844,311.4,9.564332872820188,25.31951251587957,0.2754006452253849,0.2561215403203088,0.1244784127178054,0.113452619062931,0.9177679270061778
ENSG00000131503,add_a1.0,2.0,80.0,67.74774774774775,94.81927710843374,315.0,10.0940956507706,24.724218051830483,0.2918653182279734,0.2560283732638074,0.1314510799970784,0.1107880051144538,0.8468741402499388
ENSG00000131503,add_a2.0,2.0,79.6996996996997,69.54954954954955,95.60240963855422,313.8,8.352825466253694,24.17925485543403,0.2572927973536493,0.2549953118294601,0.1092117740647844,0.1081637883056673,1.0008972057877084
ENSG00000131503,add_a3.0,2.0,88.04804804804806,81.98198198198199,92.59036144578312,316.2,10.115047386158096,24.553496200485604,0.2911719019032993,0.2549066297389814,0.1324128910004835,0.109856796409783,0.8735933672825166
ENSG00000131503,add_a4.0,2.0,89.72972972972973,85.64564564564564,92.710843373494,316.0,8.873897349569045,24.25268699725229,0.2664553886688946,0.2553504743804381,0.1157839154743649,0.1085684772809102,0.9615756129646468
ENSG00000131503,add_gc_removed_a1.0,2.0,74.35435435435436,66.06606606606606,78.01204819277108,311.0,7.904405477996471,26.43784681875193,0.2296999501270021,0.2553064412349754,0.1031821946127662,0.1183411771516158,1.196404844605497
ENSG00000131503,add_own,2.0,73.21321321321321,72.67267267267268,80.42168674698794,310.2,8.512639968524194,25.60283817986695,0.249927950331172,0.2541913176804105,0.1115729799869411,0.1144349639007325,1.0665303306508886
ENSG00000131503,random_a1.0,2.0,72.37237237237238,61.68168168168168,92.83132530120484,309.0,10.627869536025589,24.350550470404563,0.3044246140547667,0.2561065390557426,0.138279622918819,0.109112574658952,0.8119662293838834
ENSG00000131503,unsteered,2.0,73.87387387387386,60.9009009009009,91.0843373493976,311.0,9.649973030164723,25.022357166315068,0.2788105181675747,0.2545172959944624,0.1264145559400913,0.1118868806147397,0.9100908786499192
ENSG00000131944,add_a0.5,2.0,66.40883977900553,61.88888888888889,73.77777777777779,166.2,8.909226025979484,22.988492677330264,0.2790137334716894,0.2314353330437179,0.1285039792244564,0.0996984884601073,0.7868536410777274
ENSG00000131944,add_a1.0,2.0,70.05524861878453,54.22222222222221,71.33333333333334,163.6,8.558282208588958,24.573544815202755,0.2608237993940058,0.2341687864731405,0.1218869575004506,0.1069810438322848,0.8819909620062878
ENSG00000131944,add_a2.0,2.0,70.7182320441989,55.88888888888889,83.0,169.0,9.458652241281207,22.26186006002485,0.3011842217350173,0.2330003003808439,0.1352112276226534,0.09673662511368,0.7361462310321591
ENSG00000131944,add_a3.0,2.0,73.37016574585635,63.77777777777777,85.77777777777777,169.0,7.801098486539081,21.93005183406,0.2638116125882978,0.2329752867426988,0.1115676160907695,0.0952886621309707,0.8691515171166152
ENSG00000131944,add_a4.0,2.0,79.11602209944752,63.0,90.44444444444444,169.0,7.808012234697303,19.42538190503426,0.2922030360531309,0.2345767735215927,0.1109590181092442,0.0845869640949367,0.7590383138175013
ENSG00000131944,add_gc_removed_a1.0,2.0,67.62430939226519,48.88888888888889,70.33333333333333,167.2,7.041262611111614,21.90916947439269,0.2435529667383214,0.2325958990576553,0.1010899697492727,0.0951514251493669,1.017311566842468
ENSG00000131944,add_own,2.0,63.204419889502766,55.777777777777786,70.0,165.6,6.9072424446822485,25.01518651342726,0.2157210338680927,0.2345700165374526,0.0980390703243952,0.1089451573851243,1.2093867547417114
ENSG00000131944,random_a1.0,2.0,63.53591160220994,53.11111111111111,77.66666666666666,166.6,7.572567226357208,20.77720221605809,0.2672696437081266,0.2327679467713842,0.1083584622406695,0.0902308144956958,0.8498189735204157
ENSG00000131944,unsteered,2.0,69.06077348066299,47.88888888888889,74.0,164.6,7.4235050271096465,23.783971024971088,0.2432843172119487,0.2318291758679627,0.1068393453380621,0.1032107437340214,0.9738395901200764
ENSG00000132196,add_a0.5,2.0,60.0,49.48905109489051,69.78102189781022,261.0,18.14300222776284,22.623528350203447,0.4310330578926591,0.2628439728063121,0.2300147477595859,0.1022854215697826,0.6572902867631927
ENSG00000132196,add_a1.0,2.0,58.61818181818181,52.627737226277375,80.94890510948906,263.0,16.33665268669873,20.66360107753814,0.4373792653236098,0.2632979782614669,0.2070357276567989,0.0934975820733436,0.5336129235675735
ENSG00000132196,add_a2.0,2.0,74.98181818181818,60.985267773588944,88.46715328467153,259.2,9.11002240848768,27.33574465757992,0.2549641148325359,0.2624420400620089,0.1157389831111261,0.1235598961627558,1.1270337964806196
ENSG00000132196,add_a3.0,2.0,80.1242203052422,62.84671532846716,92.62773722627738,259.2,8.714094669556543,28.61502770368397,0.2367549280920945,0.2638898025730624,0.1100013638413126,0.1295528687967533,1.276212810508119
ENSG00000132196,add_a4.0,2.0,83.63636363636364,73.13868613138686,93.43065693430655,259.6,8.868070478122387,29.118228670402743,0.2357192584636193,0.2631454529064961,0.112342833556978,0.1317306130041117,1.171129657513012
ENSG00000132196,add_gc_removed_a1.0,2.0,52.21818181818183,42.627737226277375,51.38686131386861,258.8,18.01700020327737,19.32998730904378,0.4522330301277669,0.26379121010851,0.2279968670521748,0.087528403405733,0.5641696985567501
ENSG00000132196,add_own,2.0,72.29090909090908,58.17518248175183,90.07299270072993,261.0,11.320585783483184,25.063017278324736,0.3095646029862361,0.263610982943339,0.14325722047295,0.1134587682865873,0.8239543609100226
ENSG00000132196,random_a1.0,2.0,52.21818181818181,37.737226277372265,53.868613138686136,266.8,32.683580912704365,14.243555812220473,0.6967055033329739,0.2630348440837688,0.4141919422128619,0.0644231586334754,0.1555170431366818
ENSG00000132196,unsteered,2.0,53.67272727272727,43.7956204379562,57.59124087591241,260.6,22.160832315977643,19.99913481026224,0.5036825772326905,0.265261455361015,0.2794429858548771,0.0907837584549064,0.4920504808038724
ENSG00000132549,add_a0.5,2.0,52.11024277289338,35.43543543543544,52.46987951807229,306.8,16.30532141750706,20.910280279075955,0.4364584830225565,0.217298812908134,0.2503448463194665,0.0890362173534093,0.3748639981530894
ENSG00000132549,add_a1.0,2.0,53.63363363363364,43.06306306306307,54.51807228915664,309.0,18.191174917742867,19.204801435699903,0.45927065033054,0.2155393073717519,0.2812351763278427,0.0816153501745351,0.476745101298499
ENSG00000132549,add_a2.0,2.0,67.32732732732732,42.94294294294294,92.83132530120484,315.4,13.3644625443439,21.506144024127103,0.3821729060808964,0.2174278701519002,0.2049053433582236,0.0916049335445196,0.4771106676664088
ENSG00000132549,add_a3.0,2.0,67.56756756756758,54.05405405405405,90.24096385542168,316.8,14.504003623980893,19.772727017219413,0.4205195957776032,0.2169609430855107,0.2227499083388207,0.0841765061000397,0.417394317947095
ENSG00000132549,add_a4.0,2.0,75.25525525525526,53.51351351351352,91.144578313253,317.2,12.288940536976384,19.512844670981583,0.3888751087448237,0.2174618041058994,0.188380556907973,0.0831215834641767,0.4484602745663101
ENSG00000132549,add_gc_removed_a1.0,2.0,51.95195195195196,34.47447447447448,35.12048192771084,312.0,22.4264119906762,18.30968780749091,0.5471747688176516,0.2140903385347856,0.348980459768362,0.0776479329829986,0.2644784585501108
ENSG00000132549,add_own,2.0,56.45645645645645,41.22743225152864,67.16867469879517,309.6,12.035252417041551,21.516652997483668,0.355412643038539,0.2178038899178413,0.183915738587135,0.0916621766451628,0.5670436938202216
ENSG00000132549,random_a1.0,2.0,48.048048048048045,35.61561561561562,41.68674698795181,303.6,12.801790628712393,24.673207430774674,0.3363082245959592,0.2162828459544198,0.1973291107483418,0.1049421603205009,0.6199292728112853
ENSG00000132549,unsteered,2.0,50.330330330330334,34.35435435435436,34.33734939759036,316.0,20.404073687533923,17.93292004037154,0.5083983526235738,0.2155325682369778,0.3152267780010769,0.0761936739589259,0.3927600869153346
ENSG00000132561,add_a0.5,2.0,84.02402402402402,76.87687687687688,78.79518072289156,310.2,4.847073969133506,28.13410215717913,0.1464505024643622,0.216204354438323,0.0746861746036066,0.1196420793278999,1.648147613831766
ENSG00000132561,add_a1.0,2.0,84.62462462462463,86.6066066066066,80.66265060240964,312.4,5.832960583043961,28.23053575092096,0.1716916113883246,0.2156129584626492,0.0901505333592708,0.1199714837269717,1.3595914792324373
ENSG00000132561,add_a2.0,2.0,90.03003003003002,86.36636636636636,91.86746987951808,313.4,5.997789218768487,24.37581350301984,0.199191992966523,0.2152735096228902,0.0929242364595318,0.1035564511027049,1.2118079120695897
ENSG00000132561,add_a3.0,2.0,90.27027027027027,89.54954954954955,90.72289156626506,312.4,5.057463627364854,29.331773747663693,0.1471776174638318,0.2165365488725469,0.0778350308029769,0.1248036766314601,1.6070826301096872
ENSG00000132561,add_a4.0,2.0,86.24624624624624,84.8048048048048,91.0843373493976,316.0,5.07449312209947,24.53553954784528,0.1701172161172161,0.2153430067399063,0.0785313851447453,0.1042404170049927,1.3505252898729976
ENSG00000132561,add_gc_removed_a1.0,2.0,68.88888888888889,60.54054054054054,67.10843373493977,307.2,5.416292422007027,27.553457496370168,0.1698620188816267,0.2155018333032424,0.0838568133359885,0.1170880290828434,1.579466324858379
ENSG00000132561,add_own,2.0,89.48948948948949,94.53453453453452,84.1566265060241,316.8,5.617398473382401,24.45295026890604,0.1907417724364458,0.215840811857062,0.0867577657988829,0.1039489378622579,1.2314406902652242
ENSG00000132561,random_a1.0,2.0,76.57657657657657,82.10210210210211,79.87951807228916,310.2,6.0692706954656135,28.131793798752,0.1772484633331754,0.2162148817727265,0.0935173489159763,0.1196683524686068,1.3076436428843787
ENSG00000132561,unsteered,2.0,81.92192192192192,78.97897897897897,81.86746987951807,313.8,4.402979919855135,24.30622054663278,0.1536052843702997,0.2157038548658761,0.0681083166540516,0.103302220071244,1.635879539425562
ENSG00000132780,add_a0.5,2.0,66.30630630630631,34.414414414414416,33.6144578313253,310.0,11.452611570261473,22.330182264522925,0.3338058641658619,0.2172687961661601,0.1757562450310678,0.0951013962241031,0.6037439998951862
ENSG00000132780,add_a1.0,2.0,47.567567567567565,34.8948948948949,35.48192771084338,300.6,10.465974127886696,23.3264449713456,0.3028458467480261,0.2177650122898966,0.1597776553203934,0.099408204257404,0.7218603608839814
ENSG00000132780,add_a2.0,2.0,62.76276276276276,58.01801801801802,61.26506024096385,311.4,10.732745430745863,21.77785146313668,0.3286214918668252,0.2176631036257517,0.164364462428256,0.0927908903385144,0.6067149190982765
ENSG00000132780,add_a3.0,2.0,81.2012012012012,54.11411411411412,86.144578313253,315.4,17.02676783853025,20.631061523045247,0.4441508342467421,0.2189780395739252,0.2591589127926982,0.0880454440892551,0.4079191233819086
ENSG00000132780,add_a4.0,2.0,83.72372372372372,59.57957957957958,90.18072289156626,316.2,15.929350742779963,21.115233291645147,0.4267683243800124,0.2189129221102318,0.2426157220930755,0.0901094019107029,0.3819846813379901
ENSG00000132780,add_gc_removed_a1.0,2.0,49.36936936936937,29.24924924924925,25.96385542168675,307.0,10.537153141194931,20.228148128475425,0.344235030440287,0.219498423463468,0.1600726384268335,0.0864021697113347,0.5541033245881284
ENSG00000132780,add_own,2.0,49.54954954954955,32.912912912912915,35.36144578313254,306.8,9.923426452715596,20.02334202518981,0.322149898808208,0.2170615048194135,0.1524035147779156,0.0852438577793543,0.6347668343567464
ENSG00000132780,random_a1.0,2.0,57.74919497811064,36.33633633633634,34.57831325301205,305.0,7.926229047352145,25.5030331481736,0.2366843111578352,0.2188935541418727,0.120831528300484,0.1088267392879291,0.9178087933948402
ENSG00000132780,unsteered,2.0,41.98198198198198,34.53453453453454,31.32530120481928,298.0,9.460752059150789,23.15482745339786,0.2834193911871758,0.2192472697672551,0.1438544646315432,0.0988615937327566,0.7860813079172577
ENSG00000133048,add_a0.5,2.0,53.63363363363364,44.2042042042042,78.67469879518072,325.0,24.428558150905943,15.754128478132497,0.6074001367726762,0.2356909691921292,0.3454932302279325,0.0687075487827283,0.1996072773793485
ENSG00000133048,add_a1.0,2.0,58.1981981981982,49.66966966966967,76.74698795180723,315.8,18.55206586801004,18.13491188660253,0.4920400477390754,0.2361620318898825,0.2619348801520464,0.0791445480911341,0.3869981418067536
ENSG00000133048,add_a2.0,2.0,64.08408408408408,51.051051051051054,94.63855421686746,320.0,20.49664612203354,17.60800852863256,0.5299957432160594,0.2355538104284907,0.2899047202573818,0.0767709612588628,0.3745128729575042
ENSG00000133048,add_a3.0,2.0,74.5945945945946,63.3033033033033,91.92771084337348,315.8,14.869660082094692,19.70786401236028,0.4262610727284716,0.2362237777233988,0.2096553861756008,0.0860041023744726,0.4540707331189592
ENSG00000133048,add_a4.0,2.0,76.45645645645645,66.30630630630631,91.56626506024097,313.4,9.51128078290496,22.397663237123684,0.301088320108974,0.235765172684071,0.1347727917303597,0.0977260314652014,0.7749910481566766
ENSG00000133048,add_gc_removed_a1.0,2.0,45.1051051051051,41.68168168168168,48.97590361445784,313.2,17.74639966637675,20.224518568772407,0.4517115954940928,0.2348913936697979,0.2515118709102989,0.0880750284532427,0.4971867956223693
ENSG00000133048,add_own,2.0,55.91591591591591,47.98798798798799,81.92771084337349,319.8,21.691796229868483,17.344309619329692,0.545508560501659,0.2359931684295144,0.3065091550009703,0.0756781937809584,0.326189777763103
ENSG00000133048,random_a1.0,2.0,49.48948948948949,41.62162162162162,59.1566265060241,322.0,23.8119766284707,16.245787005114522,0.5779753454874866,0.2369487932611225,0.3354450281776019,0.0709790807161853,0.2646770495221293
ENSG00000133048,unsteered,2.0,44.32432432432432,39.45945945945946,50.42168674698795,306.0,12.318352036346276,22.2728138124367,0.3428379229015608,0.2350805441568671,0.1743581427432418,0.097036016415425,0.6786419708478105
ENSG00000133131,add_a0.5,2.0,81.86186186186185,78.91891891891892,84.1566265060241,314.0,6.281987233489163,20.80061781743045,0.2311745381524271,0.2208227511257733,0.0947830955684451,0.0889800727247112,0.9800860268516808
ENSG00000133131,add_a1.0,2.0,82.04204204204204,82.94294294294295,81.80722891566265,312.2,6.987387802928862,23.927023529468425,0.2283709763313082,0.2211475713946612,0.1053226887756804,0.1023994360077702,0.9724686293325912
ENSG00000133131,add_a2.0,2.0,87.50750750750751,83.42342342342343,91.6867469879518,313.8,5.853355589865959,23.34597125157017,0.2021564335411584,0.2236437491087194,0.0872984286666809,0.1002499486930423,1.2106448637860168
ENSG00000133131,add_a3.0,2.0,87.92792792792793,86.42642642642643,88.19277108433735,316.6,5.815179709152888,20.731886270791296,0.2200191243061111,0.2234868565043604,0.0867602809787614,0.0889957772413313,1.0461221018297109
ENSG00000133131,add_a4.0,2.0,88.64864864864865,87.38738738738739,87.95180722891567,315.2,6.6654861087037744,22.33769157586192,0.2304962516921662,0.2232177619086142,0.0994846947842394,0.0958568109925106,0.9714103254365836
ENSG00000133131,add_gc_removed_a1.0,2.0,64.8048048048048,67.08708708708708,64.93975903614458,307.8,8.121506851106057,25.36914338476421,0.2443965696878375,0.2220158688734876,0.1218891308169479,0.1087107144832401,0.909232095686258
ENSG00000133131,add_own,2.0,80.54054054054055,78.31831831831832,85.3012048192771,312.6,5.570639726658366,27.663591977896267,0.1682321868329097,0.2217222057913893,0.083779973393932,0.1184754196735581,1.453132275156248
ENSG00000133131,random_a1.0,2.0,72.49249249249249,75.67567567567568,68.01204819277108,309.6,6.199596138677669,26.566748354922773,0.1916717271584528,0.222211944901734,0.0929907764423074,0.1138534494450224,1.2566713428821186
ENSG00000133131,unsteered,2.0,73.33333333333333,79.93993993993993,73.55421686746988,308.2,6.099756098996091,26.161817020345627,0.1887538114527275,0.2213550108312645,0.0918566523790307,0.1119987361329914,1.225662945321071
ENSG00000133313,add_a0.5,2.0,49.18918918918919,44.62462462462462,56.38554216867469,300.8,7.403313485144276,25.824546965323663,0.2208787627170863,0.2311646277511589,0.1067322961600893,0.1119693949163393,1.0875056536158385
ENSG00000133313,add_a1.0,2.0,69.66966966966967,58.318318318318326,72.28915662650601,305.6,8.508614397843429,24.10200331295028,0.26198630221074,0.2291327213113617,0.1237071033998336,0.1042046898453534,0.8470228556725299
ENSG00000133313,add_a2.0,2.0,82.64264264264264,62.16216216216217,86.32530120481928,313.0,7.488551805819155,24.93898677781263,0.2297716174221871,0.2276830731940869,0.1097090728613946,0.1076306410336047,1.002498679045854
ENSG00000133313,add_a3.0,2.0,73.93393393393394,63.3033033033033,87.71084337349399,314.6,7.116495006972784,24.16113370492096,0.2274143956702915,0.2275925904884449,0.1042630610922337,0.1042696405727641,1.037068642386277
ENSG00000133313,add_a4.0,2.0,83.24324324324326,68.88888888888889,90.60240963855422,315.6,6.217361856191425,24.338375485314565,0.2026314447542596,0.2279940164227562,0.0909222158478322,0.1050886874548635,1.1774472730720216
ENSG00000133313,add_gc_removed_a1.0,2.0,39.0990990990991,34.77477477477478,33.31325301204819,295.2,10.714954298461674,22.002964572202163,0.3272119756341905,0.2280900364836705,0.1566383847836907,0.0949958138143145,0.620433060639886
ENSG00000133313,add_own,2.0,61.8018018018018,50.21021021021021,74.27710843373494,306.8,7.426423129011435,27.21257592531252,0.2171460950973146,0.2244626734557506,0.1103097131953609,0.1169543040464751,1.080793465866621
ENSG00000133313,random_a1.0,2.0,39.63963963963964,38.67867867867868,39.81927710843373,295.2,8.466784792163836,24.119489217790665,0.2589133752845093,0.2279564790256421,0.1237715914657577,0.1041352155443333,0.861105854073509
ENSG00000133313,unsteered,2.0,46.90690690690691,36.3963963963964,41.32530120481928,300.6,7.915761727358998,23.75840356592873,0.2502263640629518,0.2280828712356034,0.1157264304417105,0.102593121558289,0.9423466023641996
ENSG00000133935,add_a0.5,2.0,52.9559748427673,43.03797468354431,76.58227848101265,143.4,9.901812570684664,25.27841135709148,0.2773232323232323,0.2611248997933046,0.1264910059514522,0.1140284190677003,0.9698330843086908
ENSG00000133935,add_a1.0,2.0,57.9874213836478,46.962025316455694,82.15189873417721,147.6,8.54039833938667,21.82043209322609,0.2807074603677391,0.2640897485482402,0.1076407722041191,0.0988161992975928,0.9664548588094272
ENSG00000133935,add_a2.0,2.0,59.62264150943396,44.43037974683544,82.27848101265823,145.4,9.211052152095892,22.56322849281656,0.2906618179186568,0.2658021732182805,0.1154587118468695,0.1024263455081408,0.9738226098745306
ENSG00000133935,add_a3.0,2.0,72.32704402515724,61.89873417721519,85.44303797468355,145.4,8.779265374971782,22.74973632053113,0.2814140982461138,0.2641073342626249,0.1108926042910573,0.1030608983630509,1.0396699515744423
ENSG00000133935,add_a4.0,2.0,78.49056603773585,61.13924050632911,85.18987341772151,146.0,10.795211387553502,20.98808206673729,0.3390149577617608,0.2631615035501176,0.1365465202803805,0.0949212422127111,0.757087251573641
ENSG00000133935,add_gc_removed_a1.0,2.0,40.25157232704403,35.18987341772152,50.75949367088607,142.8,7.037793759761724,25.010924049253568,0.22129741851591,0.2620300146501518,0.0895350333534913,0.112947673567358,1.2884027604454242
ENSG00000133935,add_own,2.0,68.55345911949686,52.65822784810126,84.30379746835443,143.8,9.449261634120276,22.39924382266265,0.2944978493980309,0.2659605503200664,0.1185184633807667,0.1017229160640222,0.8997625499473865
ENSG00000133935,random_a1.0,2.0,54.21383647798742,45.56962025316456,80.0,144.6,9.26350217952339,25.03631198373845,0.2710369023283422,0.2644770906410498,0.1167100813556998,0.1135036327210055,0.9704162512704584
ENSG00000133935,unsteered,2.0,55.59748427672956,42.78481012658228,69.87341772151899,144.4,10.161807166252832,24.53743730820901,0.2891761686092982,0.2649007051593275,0.1275111392287832,0.1112937577866303,0.9365551652376252
ENSG00000134247,add_a0.5,2.0,68.94894894894895,58.01801801801802,89.57831325301206,316.6,10.138180727810951,26.454171742791903,0.2803874438973547,0.2570433336514006,0.1315572346717488,0.1187057142790743,1.003148968572326
ENSG00000134247,add_a1.0,2.0,70.3903903903904,56.996996996997,91.74698795180724,313.0,9.63769508530284,27.353934429837683,0.2596160380853294,0.2565804464464749,0.1251575446956716,0.122659950450689,1.0315753409460555
ENSG00000134247,add_a2.0,2.0,76.75675675675676,71.83183183183183,87.16867469879517,311.4,8.471268197771614,27.62505498834749,0.2358305945484411,0.2543141078322249,0.1110738860930589,0.1235012635643591,1.155901947847783
ENSG00000134247,add_a3.0,2.0,77.65765765765767,58.738738738738746,94.33734939759036,313.0,8.119517985608972,27.66393165727333,0.226291318626401,0.257864642201869,0.1049753940181895,0.1242538512318803,1.207457511281108
ENSG00000134247,add_a4.0,2.0,77.8846919208365,67.8078078078078,91.3855421686747,311.8,7.764024468070298,29.51325644716848,0.2089021315626508,0.2583523213524839,0.1002181970462944,0.132649834495464,1.3302208773312003
ENSG00000134247,add_gc_removed_a1.0,2.0,63.24324324324325,48.70870870870871,75.54216867469879,317.0,11.854198956969212,23.157412531376004,0.3374016380586321,0.255583452329277,0.1545678478472901,0.1036925619200576,0.6809795609486604
ENSG00000134247,add_own,2.0,74.03578277072253,60.36036036036037,90.96385542168676,312.8,8.82130527700148,28.906789413118524,0.2335741530725265,0.2576232487624897,0.1141777618865435,0.1297962086784683,1.1796983778655543
ENSG00000134247,random_a1.0,2.0,68.16816816816817,50.81081081081081,87.71084337349399,315.2,12.588836617735913,25.558081444389423,0.330981684681822,0.2559354301403033,0.1639641371868316,0.1144999575469304,0.7550550356523431
ENSG00000134247,unsteered,2.0,68.46846846846847,57.41741741741741,89.39759036144578,314.6,10.433771102018934,26.00404311349279,0.2870503456350798,0.2562658277804683,0.1357445695882084,0.1165515296225296,0.874243686024886
ENSG00000134440,add_a0.5,2.0,54.47447447447447,41.5015015015015,56.9277108433735,317.8,18.871558970883942,15.26392957010122,0.5019170823983571,0.2110633976705982,0.2971029390772086,0.0644414555323509,0.6681775437383891
ENSG00000134440,add_a1.0,2.0,57.11711711711712,41.08108108108108,62.34939759036145,326.2,27.67884414167725,10.578735417445095,0.693321108970158,0.212842142884219,0.4341720030640593,0.0448286317475853,0.2451227420039242
ENSG00000134440,add_a2.0,2.0,69.66966966966967,52.43243243243243,89.39759036144578,322.0,22.31193927253565,14.805155650097078,0.5583913878994619,0.2123588791088499,0.3504929355137051,0.0626631873855514,0.3697449360368584
ENSG00000134440,add_a3.0,2.0,78.67867867867866,59.87987987987989,92.16867469879516,314.0,10.303696402809445,19.301041416137554,0.344553902491747,0.211186858579164,0.1626049047109776,0.0815515931663032,0.5405432279422906
ENSG00000134440,add_a4.0,2.0,78.1981981981982,76.45645645645645,89.21686746987953,313.8,9.060572492024104,18.8837390208358,0.3234730675741911,0.2126676141461091,0.1420239141973288,0.0799549683375758,0.5807146472032132
ENSG00000134440,add_gc_removed_a1.0,2.0,50.570570570570574,37.05705705705706,44.4578313253012,316.2,23.88914657290019,14.25901304363479,0.5998664451371567,0.2104867071051448,0.3759779355635751,0.0600657068758595,0.5578369574265725
ENSG00000134440,add_own,2.0,54.83483483483484,35.85585585585586,57.89156626506024,333.0,36.15615615615616,4.744744744744745,0.8846546566223406,0.2122122122122126,0.5679245283018861,0.0200762388818297,0.0351761500275662
ENSG00000134440,random_a1.0,2.0,45.64564564564565,36.57657657657658,44.75903614457831,316.0,23.37245139876719,12.170064801643749,0.6166511153976788,0.2118702913439759,0.3673359140378378,0.0514604975396857,0.452586150648914
ENSG00000134440,unsteered,2.0,52.852852852852855,35.73573573573574,46.20481927710844,333.0,33.813813813813816,4.384384384384385,0.8852108418275337,0.2122122122122126,0.5311320754716975,0.018551461245235,0.0349351721599521
ENSG00000134748,add_a0.5,2.0,56.96113074204948,53.68794326241134,63.12056737588652,271.4,30.272634291439623,12.556724659769378,0.6827444919723427,0.2309712951995747,0.4385277380286759,0.0545573459174339,0.4063835863872388
ENSG00000134748,add_a1.0,2.0,61.83745583038869,40.49645390070922,83.19148936170214,277.0,27.83622480060068,7.4589428648334675,0.7799651675394602,0.2296868576681575,0.4041362433060994,0.0322873639304823,0.0937780966465396
ENSG00000134748,add_a2.0,2.0,70.31802120141342,50.780141843971634,89.64539007092199,272.0,13.52335444359548,18.92187628738961,0.4229046367340204,0.2286824027874996,0.1973045994619349,0.0817869827242391,0.5858214006161615
ENSG00000134748,add_a3.0,2.0,70.6713780918728,47.16312056737589,89.7872340425532,269.4,15.171886765973609,22.007634096722544,0.4036724968616357,0.2299642255398752,0.2197084858750488,0.0952523122538687,0.4918873595506198
ENSG00000134748,add_a4.0,2.0,79.57597173144876,64.11347517730496,92.97872340425532,267.6,10.076865571349408,26.05229787670248,0.2767960119919322,0.2303640280179001,0.1455244174191476,0.1128213646763414,0.9536566183185616
ENSG00000134748,add_gc_removed_a1.0,2.0,49.11660777385159,43.191489361702125,48.36879432624114,264.0,27.71439174084022,14.577129686174263,0.6055517591652045,0.2279415670730476,0.4037803782889074,0.0628419542829093,0.336344547196518
ENSG00000134748,add_own,2.0,60.98939929328621,52.90780141843972,86.87943262411348,272.0,22.33577354986001,12.317186859062211,0.6524429496977907,0.2301783966304556,0.3228612913337457,0.0532942549095025,0.2398753643241523
ENSG00000134748,random_a1.0,2.0,50.88339222614841,50.425531914893625,46.45390070921986,267.8,25.3325768350051,14.067947961836982,0.5609579676331594,0.2301391486380901,0.3673016121165462,0.0609191613110301,0.4937421295797374
ENSG00000134748,unsteered,2.0,52.01413427561838,42.4822695035461,56.38297872340426,278.0,41.83151967949759,4.018732066482594,0.8798607513039454,0.2295682721864306,0.6071488469601672,0.0173761110126358,0.0792354246664995
ENSG00000134917,add_a0.5,2.0,90.03003003003002,65.22522522522522,88.97590361445783,312.4,7.169707842251858,31.11560318448369,0.1867383390555804,0.2555137358480309,0.093541700162346,0.1393180376437204,1.5263993584937834
ENSG00000134917,add_a1.0,2.0,86.18618618618618,70.87087087087087,94.87951807228916,314.6,7.377584562954992,31.46978383398362,0.1899723697544593,0.256838097395168,0.0957489863819569,0.1411540208602037,1.4828948686244612
ENSG00000134917,add_a2.0,2.0,86.6066066066066,75.55555555555556,96.6867469879518,314.4,6.490942022907584,31.80823369502615,0.1696649574267557,0.2576351206185738,0.0839909939830404,0.1428207229061427,1.7936752332119197
ENSG00000134917,add_a3.0,2.0,91.35135135135135,74.17417417417417,95.5421686746988,312.4,8.004271136897618,32.72802444592098,0.1959936162893653,0.2575037147608959,0.1036085807436204,0.1469264478052137,1.4334793750753794
ENSG00000134917,add_a4.0,2.0,91.23123123123123,73.63363363363364,95.18072289156626,311.8,8.079734907523132,31.75847386237572,0.2021055018389113,0.2580148902216265,0.1044787249166773,0.1426654387270655,1.384534307307552
ENSG00000134917,add_gc_removed_a1.0,2.0,80.42042042042041,58.85885885885885,94.03614457831326,313.6,7.907586245891494,29.528004850104345,0.209668392031926,0.2574378970130005,0.1023058581350386,0.1325465480314109,1.4884677867056308
ENSG00000134917,add_own,2.0,93.15315315315316,72.61261261261261,95.72289156626506,315.8,6.845084262530023,29.24245379686756,0.1940330583887278,0.2567103254067333,0.0890250544432517,0.1311659961743082,1.6388200498227676
ENSG00000134917,random_a1.0,2.0,92.1921921921922,64.50450450450451,95.8433734939759,312.4,6.338153881883384,32.324580408809986,0.1643145989231775,0.259288116097308,0.0814891479934583,0.145466287327032,1.8602117089787047
ENSG00000134917,unsteered,2.0,87.68768768768768,70.69069069069069,95.12048192771086,311.0,5.908195119430655,34.59620430532836,0.1458428009700736,0.2583756455258025,0.076294252080041,0.1555065272351013,2.2780621000458394
ENSG00000135272,add_a0.5,2.0,88.9622641509434,80.0,84.92890995260663,196.6,7.948710007148551,28.87282225565429,0.217810554053117,0.2170105810442127,0.122031257070369,0.12290458663078,1.0671309047644977
ENSG00000135272,add_a1.0,2.0,82.73584905660377,82.18009478672985,84.83412322274881,199.2,6.333574534143542,27.70650510792789,0.1871179068710625,0.2167553309156683,0.0973983849973523,0.1179291189532014,1.244528881311576
ENSG00000135272,add_a2.0,2.0,79.81132075471699,79.33649289099526,78.76777251184834,198.6,6.650409680000729,26.02176378897235,0.2089351821032855,0.2148621680793619,0.1031729847954095,0.1105140055021376,1.242408734632226
ENSG00000135272,add_a3.0,2.0,89.52830188679245,89.38388625592418,85.87677725118483,197.8,7.489440854868585,27.249750583672416,0.2134727274103599,0.2159386499277538,0.1155297439437595,0.1158612826105931,1.0805617174567916
ENSG00000135272,add_a4.0,2.0,88.20754716981132,87.10900473933648,86.54028436018957,199.6,6.713399294373223,28.25366809297136,0.1928855807679337,0.2161007515740624,0.1035450721889964,0.1201330057956109,1.163929965531112
ENSG00000135272,add_gc_removed_a1.0,2.0,66.32075471698113,67.48815165876776,66.91943127962085,190.6,5.075006755365682,31.430683774307084,0.1400502130831119,0.2156213885520941,0.0781854583519616,0.1335464081860366,1.99835443649196
ENSG00000135272,add_own,2.0,93.39622641509432,79.90521327014218,82.18009478672985,199.0,6.264242734274461,26.21272764667226,0.2016092461199948,0.2138505739384179,0.0976491218616034,0.1111489660101446,1.1904794276735946
ENSG00000135272,random_a1.0,2.0,77.83018867924528,76.30331753554502,79.71563981042655,195.8,6.946175893238982,28.19962174639477,0.1981942343402966,0.2150746369092992,0.107642360494412,0.1197520495527946,1.225123716547222
ENSG00000135272,unsteered,2.0,82.83018867924528,71.75355450236967,76.58767772511848,196.6,7.553567588573449,29.248958822387987,0.205735919735276,0.2137465751310987,0.1178457596368458,0.1240076212374817,1.1172407999238818
ENSG00000135374,add_a0.5,2.0,57.28155339805825,49.75609756097561,59.21951219512196,181.4,6.2834138190785,26.149072001721777,0.1982706016761073,0.1920865277141702,0.1091432311487384,0.1079051649299301,1.1750934950842356
ENSG00000135374,add_a1.0,2.0,58.05825242718447,49.36585365853659,83.60975609756096,188.6,7.006004426730044,23.45474043989116,0.2265631743127873,0.1928717815855263,0.1209332468617694,0.0968674357772005,0.8979201392155997
ENSG00000135374,add_a2.0,2.0,70.3883495145631,50.829268292682926,92.68292682926828,191.8,7.326530541926236,22.8214528548064,0.2441180026665875,0.1913785941586878,0.127970639918685,0.0941110118991689,0.815055187612888
ENSG00000135374,add_a3.0,2.0,79.32038834951456,68.39024390243902,86.04878048780488,194.0,7.259198053776859,23.10918381871428,0.2327082652174787,0.1920990324345507,0.1258987851372448,0.0953269018905832,0.9191213589893718
ENSG00000135374,add_a4.0,2.0,76.50485436893204,79.80487804878048,83.21951219512195,191.2,5.966257934343041,21.86944812476728,0.2144906469195271,0.1933969199306076,0.1028604097884951,0.0903763486777358,0.884697267435363
ENSG00000135374,add_gc_removed_a1.0,2.0,49.41747572815534,39.31707317073171,49.5609756097561,184.6,6.288251787372213,27.318078956103857,0.1886949047440706,0.1947951919607892,0.1076712657627892,0.113110252711815,1.1328170631946168
ENSG00000135374,add_own,2.0,55.63106796116504,46.53658536585366,59.51219512195122,185.2,7.121050830675166,25.639456512741447,0.2180053551867645,0.1934190269690278,0.122685625736246,0.1059547987008916,0.899593661923824
ENSG00000135374,random_a1.0,2.0,55.922330097087375,39.1219512195122,67.70731707317073,183.8,5.459123413733576,29.054120836026595,0.1563694564604578,0.1926322861807054,0.0945344088761426,0.11997881336898,1.3554741738476317
ENSG00000135374,unsteered,2.0,56.213592233009706,46.24390243902439,60.0,191.0,6.509580227157184,23.33174376538819,0.2164708350925764,0.1914764407687973,0.1131229107481655,0.0961695942992839,0.9082896650179736
ENSG00000135409,add_a0.5,2.0,65.34534534534535,65.76576576576576,65.0,304.8,8.72750025674107,28.19924886709113,0.239048616960039,0.2767526206259606,0.1050839563735263,0.1299346539106226,1.2527170714824944
ENSG00000135409,add_a1.0,2.0,78.61861861861863,69.90990990990991,79.39759036144578,310.4,9.286330200572802,30.10137278798661,0.2337868308639345,0.2768460615187569,0.1117709198065882,0.1387541517447861,1.2935916370285458
ENSG00000135409,add_a2.0,2.0,82.46246246246247,81.02102102102103,81.26506024096386,309.8,8.340740794344756,30.85138341626354,0.2122509607000938,0.2758862233821755,0.100750604348313,0.1420131372677254,1.4517735076963836
ENSG00000135409,add_a3.0,2.0,84.32432432432432,86.78678678678679,87.89156626506023,313.2,8.110094625685507,29.5634995570994,0.2141676943805515,0.275289564935824,0.0982327592582313,0.1359878070751432,1.4529342108308856
ENSG00000135409,add_a4.0,2.0,87.92792792792793,89.36936936936937,87.34939759036145,314.4,8.90748241000406,30.03209048024093,0.2291383787146893,0.2753047432823002,0.1078486977432888,0.1381376241405508,1.298565087946233
ENSG00000135409,add_gc_removed_a1.0,2.0,57.11711711711712,67.02702702702703,62.34939759036145,302.0,10.04838820689087,24.86627132863535,0.2886770220212,0.2753301426112826,0.1215962874975752,0.1144069863399576,0.9473875012048508
ENSG00000135409,add_own,2.0,72.61261261261261,71.77177177177177,72.34939759036145,308.8,7.784951293393883,28.828012678569955,0.2121149203945254,0.2770703757630167,0.0936158411483507,0.1329277312553573,1.4340247472658054
ENSG00000135409,random_a1.0,2.0,67.32732732732732,63.96396396396396,74.6987951807229,308.2,8.962297631854117,27.40036339067546,0.2482063301412108,0.2771567306856701,0.107786676527121,0.1263699857452575,1.1722918015816688
ENSG00000135409,unsteered,2.0,61.14114114114115,61.26126126126125,61.98795180722891,302.2,7.994074269222065,25.675788349594832,0.2358686176770394,0.2763322181378462,0.0965619624222811,0.1182823777431532,1.325313306675943
ENSG00000135541,add_a0.5,2.0,50.3903903903904,32.072072072072075,36.08433734939759,293.0,7.093469357303095,28.009933967831945,0.2021612825999132,0.2005949285158521,0.1179213688927021,0.1167812850297401,1.038925631425015
ENSG00000135541,add_a1.0,2.0,59.27927927927927,42.4024024024024,56.9277108433735,307.0,6.3727143773219925,25.686105595216723,0.1994527494523484,0.2026837816534405,0.1047768915565551,0.1074001112204109,1.0578082076775606
ENSG00000135541,add_a2.0,2.0,70.33033033033033,51.231231231231234,73.73493975903614,311.4,6.497020994423634,21.944571997882445,0.234041104770383,0.2025120007500218,0.1069834588892661,0.0917184663273301,0.8581553974286263
ENSG00000135541,add_a3.0,2.0,83.54354354354355,66.12612612612614,89.33734939759036,315.6,7.17305007002174,16.485302731660287,0.299783915937979,0.2032027501174006,0.1177750194117833,0.0689578657633257,0.6053417988386521
ENSG00000135541,add_a4.0,2.0,85.88588588588588,77.8978978978979,89.87951807228916,318.2,6.064411701448442,14.110587263333937,0.2955126530641005,0.2025264533360952,0.0997879298098366,0.0589798731355992,0.6299726330252904
ENSG00000135541,add_gc_removed_a1.0,2.0,42.10210210210211,29.48948948948949,30.30120481927711,290.8,7.358042888515717,29.792328596392828,0.1986728144925757,0.2024163001191745,0.1210832088607195,0.1244923114871222,1.063879502139979
ENSG00000135541,add_own,2.0,49.009009009009006,33.63363363363364,41.566265060240966,299.6,6.8681934131439535,27.554860511948085,0.1986393384640519,0.2030341135118593,0.112820958491609,0.115240084811075,1.082336555131881
ENSG00000135541,random_a1.0,2.0,34.77477477477478,26.906906906906908,33.0722891566265,293.2,5.37036796710719,28.84541081072817,0.1575639054405891,0.2030597785936247,0.0882566941057402,0.1206337256509069,1.3693149250483645
ENSG00000135541,unsteered,2.0,47.807807807807805,27.987987987987985,26.686746987951807,295.8,5.744479067865252,29.204436651670925,0.1630290210105503,0.2015772689251434,0.0950064535430225,0.1219252896521985,1.5111080465149571
ENSG00000135587,add_a0.5,2.0,67.92792792792793,48.34834834834835,89.87951807228914,315.6,7.855765828022909,26.99046255339827,0.2250656549636628,0.2436247058718529,0.1075195568564002,0.1189463311012763,1.1829677678401025
ENSG00000135587,add_a1.0,2.0,72.13213213213214,46.42642642642643,93.97590361445783,314.0,8.816964046615153,27.930878357299576,0.2421031189474387,0.2443014571335198,0.1202973535136957,0.1231956481111946,1.1134064561524095
ENSG00000135587,add_a2.0,2.0,74.23423423423424,49.36936936936937,97.46987951807228,311.8,9.102197555882382,25.99762452741097,0.2599288305990218,0.2429511648125977,0.1249682824436918,0.1144533976755235,0.9607458666426733
ENSG00000135587,add_a3.0,2.0,83.12312312312312,59.75975975975975,97.04819277108432,313.6,7.848823561101637,29.58763274937902,0.2086603781328268,0.2440391217804574,0.1072117143774338,0.1304655716019715,1.2846770122488906
ENSG00000135587,add_a4.0,2.0,82.7027027027027,66.12612612612614,97.2289156626506,313.6,8.67534812861037,26.10501522572832,0.2524248388064177,0.2445533141159339,0.118246960494559,0.1152063614736091,1.048806249968806
ENSG00000135587,add_gc_removed_a1.0,2.0,61.89695719816202,38.85885885885886,90.96385542168674,314.0,10.402761637751777,25.49373916911357,0.2858485130526649,0.2432554031399353,0.1428048864995567,0.1123079270048846,0.887066715984815
ENSG00000135587,add_own,2.0,75.85585585585585,48.58858858858859,98.3734939759036,316.2,11.340467480083351,25.482722014512856,0.3104979500800942,0.2452175243797942,0.154274341714628,0.1125541606552598,0.8402024508398643
ENSG00000135587,random_a1.0,2.0,67.32732732732732,48.768768768768766,91.20481927710844,309.6,7.9293211987746846,28.167858564961257,0.2138153306093338,0.2442754422160535,0.1083197955226518,0.1242575916545839,1.3643603106509965
ENSG00000135587,unsteered,2.0,67.2430261586888,52.07207207207207,83.49397590361446,313.4,5.737708253025437,27.21127319145033,0.1756260369061321,0.2441384071756062,0.0783540857676114,0.1200065249857474,1.550773871207066
ENSG00000135686,add_a0.5,2.0,73.15315315315316,46.72672672672672,89.81927710843374,321.0,12.31124740020639,21.47994958594328,0.3709502311888549,0.2325479947772276,0.1766865261448168,0.0933170134507669,0.7752905229329835
ENSG00000135686,add_a1.0,2.0,72.07207207207207,46.18618618618618,98.6144578313253,320.8,8.899889040507913,24.2224886429638,0.2711596418564056,0.2328251082793081,0.1274316769469762,0.1052413833514455,0.8689759579398315
ENSG00000135686,add_a2.0,2.0,77.29729729729729,54.95495495495495,97.83132530120484,322.0,7.890833471187415,25.894975009301685,0.234368806816466,0.232364570958865,0.1132646678766087,0.1124529746444669,1.0420774327719888
ENSG00000135686,add_a3.0,2.0,79.39939939939941,52.01201201201201,97.04819277108432,318.4,6.645517103510407,29.4804903738418,0.1858228060498876,0.2324021342707796,0.0952079072713732,0.1280052452780734,1.5265385444154114
ENSG00000135686,add_a4.0,2.0,80.84084084084084,63.84384384384384,93.3132530120482,315.6,6.403459551241568,28.25545774022666,0.1849865716476049,0.2327112281257445,0.0917464090303183,0.1227556996165387,1.372675766910135
ENSG00000135686,add_gc_removed_a1.0,2.0,58.318318318318326,34.054054054054056,91.26506024096383,320.2,10.571924794002893,23.15951286500693,0.3154754611045208,0.231230626281391,0.1522922112066562,0.1004107037117401,0.7738058576114418
ENSG00000135686,add_own,2.0,72.61261261261261,47.26726726726727,97.34939759036143,318.6,8.53470677692253,27.55272112045254,0.2375287841709032,0.2321257870591274,0.1225715711724168,0.1196136744091207,1.0683049763116357
ENSG00000135686,random_a1.0,2.0,69.06906906906906,39.0990990990991,99.33734939759036,322.6,9.913956501094182,23.80887585307876,0.2930337675512099,0.2326249168467369,0.1420072789206705,0.1034218016351716,0.7496726838320175
ENSG00000135686,unsteered,2.0,71.35135135135135,47.567567567567565,93.07228915662652,323.6,12.635659951620443,21.05752117933416,0.3733875260517565,0.2315635782965859,0.1818739231290612,0.0913459824510296,0.6468375086073617
ENSG00000136021,add_a0.5,2.0,53.15315315315316,32.012012012012015,39.036144578313255,305.8,8.304257245982873,24.303851960862847,0.2536164299492314,0.2143036407004018,0.1291909588588277,0.1031083557883327,0.816061779350937
ENSG00000136021,add_a1.0,2.0,47.74774774774775,35.97597597597597,30.42168674698795,302.6,7.39974054801382,27.36064070570685,0.2126768433185361,0.2152442456040371,0.114554066469968,0.1162089792677133,1.0325137352670557
ENSG00000136021,add_a2.0,2.0,59.21921921921923,46.36636636636637,58.0722891566265,305.4,8.371197841894428,22.014627555263537,0.2785748396720583,0.2136863792950207,0.1305499257959701,0.093317762696375,0.7217369967911108
ENSG00000136021,add_a3.0,2.0,73.21321321321321,62.64264264264265,80.90361445783132,311.0,7.547228020940255,21.216088386514464,0.2659801882088897,0.2140085568752949,0.1175639278403836,0.089980641642106,0.7875094634971351
ENSG00000136021,add_a4.0,2.0,81.92192192192192,69.1891891891892,89.87951807228916,317.8,8.816534492579835,15.493375350493295,0.3629002819692897,0.2138978721945001,0.1374547588888715,0.0656884896644373,0.4778782628677064
ENSG00000136021,add_gc_removed_a1.0,2.0,53.27327327327328,32.972972972972975,28.072289156626503,309.4,10.765897669111055,22.63178555044493,0.3326388696539461,0.2139560785605111,0.1676518136525608,0.0959697222681448,0.8767276861895603
ENSG00000136021,add_own,2.0,56.816816816816825,39.33933933933934,48.795180722891565,302.0,8.201137808878736,25.80450143361461,0.2447317489362669,0.2140580355707456,0.1275447992268223,0.1094110138637167,0.902104445935781
ENSG00000136021,random_a1.0,2.0,38.92760230109628,30.460581062990705,25.96385542168675,305.6,10.97104784178858,21.909676162572545,0.3400707069707396,0.2137759055929605,0.1709848650673306,0.0928705954614185,0.8670238774731335
ENSG00000136021,unsteered,2.0,38.37837837837838,38.73873873873874,32.10843373493976,302.0,7.087114006095701,27.698883143533685,0.2034879960610834,0.2143971950424706,0.1101250300966544,0.1175151095163745,1.0919107711074942
ENSG00000136068,add_a0.5,2.0,61.86186186186186,44.56456456456456,83.25301204819277,319.8,27.62596169480911,15.064335201344765,0.6225295284377944,0.2189068403753571,0.4210399714297348,0.0643105354559494,0.2386398669678218
ENSG00000136068,add_a1.0,2.0,63.9039039039039,43.18318318318318,70.66265060240964,309.8,11.296211774525936,23.907517237992696,0.3237952785987552,0.2181393722296683,0.1725683474474217,0.1019163549108901,0.6179283543023095
ENSG00000136068,add_a2.0,2.0,68.52852852852853,37.95795795795796,96.98795180722892,314.6,13.02202169678002,21.242794350222223,0.3725225145225145,0.2198151103075153,0.1973514123609986,0.0907628257005281,0.49907147751124
ENSG00000136068,add_a3.0,2.0,68.4084084084084,48.70870870870871,92.7710843373494,316.4,19.26872438193844,19.287841589385376,0.4826402640264026,0.2188417621458596,0.2935855658277898,0.0822972203519991,0.3534403929484295
ENSG00000136068,add_a4.0,2.0,76.51651651651652,51.53153153153153,95.12048192771084,315.0,14.91339276450634,20.72013255008854,0.4157008946928142,0.2196768903431583,0.2262061730383745,0.0884966100974135,0.4291580267169003
ENSG00000136068,add_gc_removed_a1.0,2.0,47.62762762762763,33.213213213213216,67.59036144578313,305.4,11.94125263775764,21.92375227757592,0.346798231218616,0.2205785473806706,0.1806097967210128,0.0937685831258149,0.6283378186238192
ENSG00000136068,add_own,2.0,72.13213213213213,45.70570570570571,77.71084337349399,314.8,18.922209613995967,18.030012959631243,0.4884526112185686,0.2179639006040052,0.2887696539293858,0.0768224321389194,0.399289097692565
ENSG00000136068,random_a1.0,2.0,58.1981981981982,42.34234234234235,79.33734939759037,309.4,25.396325294707545,15.396670800355633,0.5975178300411945,0.218870230695387,0.3871017348693962,0.0657067167506082,0.3208310953816687
ENSG00000136068,unsteered,2.0,55.13513513513514,38.31831831831832,75.0,322.4,31.26880694755401,11.576073903713253,0.7024134318743231,0.2188073753847035,0.4770767236493588,0.0494268494692072,0.200076624344465
ENSG00000136114,add_a0.5,2.0,39.93993993993994,35.55555555555556,37.04819277108434,297.8,7.122755270903052,22.94432023225077,0.2447785997007147,0.2421493948449679,0.0980619871718452,0.1009186960854986,1.100934891374369
ENSG00000136114,add_a1.0,2.0,54.5945945945946,36.21621621621622,41.9277108433735,302.2,6.618505144992997,25.446902184364102,0.2079242421389765,0.2433903249305586,0.0907052011566135,0.1121098697163333,1.2662183431826466
ENSG00000136114,add_a2.0,2.0,48.648648648648646,54.5945945945946,54.51807228915662,303.4,7.391037625444776,25.091009456875547,0.226212505590123,0.2433206411299179,0.1012464534034148,0.1105307611140935,1.127384054293635
ENSG00000136114,add_a3.0,2.0,71.47147147147147,72.31231231231232,69.27710843373494,307.0,7.798483597895322,27.88666109296298,0.2180820608779442,0.2415752611876136,0.1074867891067135,0.1225627156803325,1.1826525079247916
ENSG00000136114,add_a4.0,2.0,84.62462462462463,85.7057057057057,80.24096385542168,313.2,7.605677100285371,25.93476212095709,0.2244932227985105,0.2426601155510536,0.1044115797511448,0.1141527478815375,1.1489806664501343
ENSG00000136114,add_gc_removed_a1.0,2.0,36.6966966966967,33.51351351351352,31.506024096385545,299.2,8.089926532337243,19.923888885505097,0.2843252404512647,0.2410154648699169,0.1119178240664226,0.0875039650713881,0.8413364351504612
ENSG00000136114,add_own,2.0,52.01201201201202,55.01501501501501,43.73493975903615,300.6,7.720984354574144,25.29425723777884,0.2338379328290104,0.2439554723834321,0.1054844989528933,0.1115301350443521,1.0591292771450649
ENSG00000136114,random_a1.0,2.0,37.17717717717718,36.996996996997,32.10843373493976,294.4,7.328311801193157,25.902275690411283,0.2191266116976706,0.2423998129930336,0.1008885633798287,0.1139718573407047,1.2266477424544862
ENSG00000136114,unsteered,2.0,40.78078078078078,34.23423423423424,31.08433734939759,294.0,7.669377621660926,24.06809305502751,0.2410986333571427,0.2437448067246344,0.1048180863134922,0.1061235116325843,1.028739771292066
ENSG00000136235,add_a0.5,2.0,54.294294294294296,39.63963963963964,48.25301204819277,302.8,7.725268188659745,27.61563692981128,0.2189608074054614,0.2190652825181542,0.1175338576723074,0.1178730438761372,1.0145214638056967
ENSG00000136235,add_a1.0,2.0,64.32432432432432,54.41441441441441,63.55421686746988,303.8,8.380408890375772,23.81118353676892,0.2600273038215277,0.2211340208977811,0.1264638721128418,0.1019159531043184,0.8189399331174749
ENSG00000136235,add_a2.0,2.0,76.63663663663664,50.090090090090094,83.79518072289156,309.0,7.701648142906246,22.45310456900683,0.2516157869638581,0.21869843814972,0.1174129690474763,0.0957927105886143,0.9142915415317864
ENSG00000136235,add_a3.0,2.0,84.50450450450451,70.63063063063063,75.3012048192771,311.6,7.765767020897643,19.86824650136494,0.2853596978446904,0.2205704474620858,0.117331338491828,0.084948472180541,0.7312845324341964
ENSG00000136235,add_a4.0,2.0,81.86186186186185,75.01501501501502,86.20481927710844,313.6,7.286368490543862,19.92887854055417,0.2715089470253314,0.2195353355462173,0.1105396848900344,0.0851269729574488,0.7714485778046365
ENSG00000136235,add_gc_removed_a1.0,2.0,41.8018018018018,36.93693693693694,35.0,296.2,5.742343487046664,25.597235770955045,0.1843606441463771,0.2202724903641571,0.0870369702909504,0.109456089884839,1.316610409061555
ENSG00000136235,add_own,2.0,64.74474474474474,43.06306306306306,58.19277108433735,301.8,6.871228138345754,25.45778455014023,0.2126121314746495,0.2200887849592059,0.1040769923612781,0.1088089625295415,1.0760100412907128
ENSG00000136235,random_a1.0,2.0,44.98498498498499,36.63663663663664,33.975903614457835,296.4,6.813629771406697,27.0930542958192,0.2030103967603967,0.2195230243678697,0.1034951113387392,0.1157103607663906,1.1343547106399252
ENSG00000136235,unsteered,2.0,37.41741741741741,37.35735735735736,36.74698795180723,308.0,6.075867363006311,24.021401157541227,0.1963933399117091,0.2194670768973627,0.0923655938640265,0.1025610932516379,1.2291309432666526
ENSG00000136297,add_a0.5,2.0,55.483870967741936,48.51851851851852,86.01851851851852,213.4,31.340083926290824,8.91123882503193,0.7538240299002774,0.2179711731435866,0.4798040360092678,0.0380006694495851,0.1277968739645582
ENSG00000136297,add_a1.0,2.0,65.16129032258064,56.66666666666667,82.96296296296296,206.6,24.32083098326753,16.337616583699127,0.5674472500978525,0.2178031448648675,0.3720941109095885,0.0696119633815693,0.3598175180230204
ENSG00000136297,add_a2.0,2.0,68.7557603686636,58.05555555555557,90.83333333333334,208.4,20.94108730028756,16.826731770057137,0.4945694271865538,0.2176372942272397,0.3208900222509614,0.0716966343556588,0.5238680788040545
ENSG00000136297,add_a3.0,2.0,77.6958525345622,74.44444444444444,89.07407407407408,204.4,11.047461836224652,21.433253440447523,0.3365509323772768,0.2155889982230735,0.1707403647414996,0.0910812044155084,0.5651012371811996
ENSG00000136297,add_a4.0,2.0,86.08294930875576,75.09259259259258,90.83333333333334,205.0,9.860588511584934,21.29506614432521,0.3161034239392448,0.2188786748997953,0.1502350832858719,0.0908720706373447,0.6080559898703412
ENSG00000136297,add_gc_removed_a1.0,2.0,58.70967741935484,57.87037037037037,72.22222222222221,201.8,16.914438855305587,19.492445096468128,0.4351917715383758,0.2179402790351849,0.2587897978867438,0.0830984927849775,0.4880967054061789
ENSG00000136297,add_own,2.0,69.76958525345623,70.55555555555556,83.98148148148148,205.6,16.13387443554192,19.153987920790183,0.4129984431826335,0.2179146313319865,0.24683300249481,0.081650854056835,0.5588832109705955
ENSG00000136297,random_a1.0,2.0,71.61290322580645,69.16666666666666,76.75925925925927,200.6,9.652348812024398,23.76093391590557,0.2922122251610404,0.2193476809404496,0.1467365068684081,0.1014497613422834,0.7125093991610053
ENSG00000136297,unsteered,2.0,72.44239631336406,59.07407407407408,71.01851851851852,200.6,16.613509858516,18.68237319890077,0.4427886570890089,0.2171384011825995,0.2547740545636147,0.0795350454778051,0.4719902711681922
ENSG00000136709,add_a0.5,2.0,63.18318318318319,50.270270270270274,55.42168674698795,303.6,6.97409429692919,25.88393404977674,0.2147590334402437,0.215276847357149,0.107844242226171,0.1099252553685471,1.1549586873602171
ENSG00000136709,add_a1.0,2.0,56.6966966966967,42.34234234234234,55.180722891566255,298.0,5.674342578947963,28.14369375474389,0.1677881548276285,0.2143950845273944,0.088266507873056,0.1194146603967599,1.5062671144895845
ENSG00000136709,add_a2.0,2.0,76.21621621621622,65.76576576576576,84.57831325301206,313.4,7.210636141585499,21.33123205330507,0.2539269263814863,0.2118672197282452,0.1134532691729741,0.0902097066435664,0.8106775689691894
ENSG00000136709,add_a3.0,2.0,83.06306306306307,78.01801801801801,86.74698795180723,313.0,7.79418673554508,22.236378940491072,0.2605806682602697,0.2132802784973939,0.1218307190997186,0.0942198798552524,0.7791747048422527
ENSG00000136709,add_a4.0,2.0,88.28828828828829,86.006006006006,88.13253012048193,312.4,8.012637077302593,20.313073466249023,0.281463545060529,0.2135131255416137,0.1252624785693962,0.0860734188115771,0.7148328765499052
ENSG00000136709,add_gc_removed_a1.0,2.0,40.84084084084084,34.77477477477478,28.25301204819277,297.6,5.169772283924194,28.897240513645336,0.1505780616710776,0.2121512829871761,0.0812893184863918,0.1222746813536183,1.5756173743779052
ENSG00000136709,add_own,2.0,57.17717717717718,46.90690690690691,54.33734939759036,300.0,6.80750949888742,26.63777175461301,0.2011155271820768,0.2125191346160102,0.1065709293579476,0.1127705122579736,1.102874047574088
ENSG00000136709,random_a1.0,2.0,59.15915915915916,51.11111111111111,45.78313253012048,302.2,6.61555308102312,27.15703573566646,0.1955272217363684,0.2123498408882475,0.1038767067169375,0.1149123389427629,1.1580744368993623
ENSG00000136709,unsteered,2.0,45.04504504504504,35.07507507507508,38.13253012048192,293.2,7.16737342647761,28.24284451190109,0.2016703000105685,0.2132825247110853,0.1118343865562846,0.1196633058468046,1.1014357757163975
ENSG00000136933,add_a0.5,2.0,59.690402476780186,51.30434782608696,64.09937888198758,305.8,18.896911288765374,19.35393991354483,0.4710789786408981,0.227189402650907,0.277273708427755,0.0834777172822109,0.4441245774776422
ENSG00000136933,add_a1.0,2.0,57.39938080495356,55.838509316770185,67.01863354037268,298.6,12.722735169076236,19.91285763335257,0.371486393555359,0.2264429718439734,0.1874462755409048,0.0857832412725906,0.6484880394867159
ENSG00000136933,add_a2.0,2.0,72.38390092879257,64.34782608695653,78.63354037267081,302.2,10.897685980281974,23.45166926494368,0.3176211556929707,0.2268489952086755,0.1600646203985768,0.1011008591511573,0.657965565433139
ENSG00000136933,add_a3.0,2.0,86.37213237697826,77.51552795031056,87.7639751552795,302.8,9.964543908233209,20.37361528575202,0.3314826755180812,0.2250650175648595,0.1475163324997481,0.0876139557905963,0.6124985312216482
ENSG00000136933,add_a4.0,2.0,86.06811145510837,77.70186335403727,90.12422360248448,306.2,9.146836158867693,20.639425552047136,0.3073659994366254,0.225849362722854,0.1349783561946881,0.0888714214745069,0.6913195915084964
ENSG00000136933,add_gc_removed_a1.0,2.0,46.62538699690403,43.04347826086956,44.47204968944099,293.8,9.510988544331306,24.01495880281445,0.2722752793177708,0.2276632674870881,0.1398961448067561,0.1036898004010072,1.026974203952192
ENSG00000136933,add_own,2.0,57.21362229102167,48.19875776397515,63.91304347826088,298.6,11.643345759670822,23.04924050465792,0.3252714633165444,0.2268491849210821,0.1711857707485811,0.0993817707989958,0.7730165679485028
ENSG00000136933,random_a1.0,2.0,60.41593754206488,48.81987577639752,57.08074534161491,307.4,18.420350167611367,18.55267647994455,0.4811981011079999,0.2272062144244886,0.2709941155493406,0.0800547347211612,0.426535871172776
ENSG00000136933,unsteered,2.0,56.59442724458204,46.024844720496894,52.173913043478265,296.6,12.875859135436084,23.57913831856204,0.3431553371553372,0.2271394942964825,0.1891869080206748,0.1017080569799692,0.6551300934666562
ENSG00000137478,add_a0.5,2.0,57.777777777777786,32.61261261261261,60.0,321.0,20.32144767809173,14.683374712740337,0.5636451646668794,0.2090758019416566,0.3238350499100412,0.0618723553064594,0.2686127562921331
ENSG00000137478,add_a1.0,2.0,55.1951951951952,33.63363363363364,61.74698795180723,325.4,23.985233273844727,13.22981171304342,0.6344947171972678,0.208969986258116,0.3824421102971199,0.0557407965674666,0.2278861130620023
ENSG00000137478,add_a2.0,2.0,68.64864864864865,55.01501501501501,73.67469879518072,309.2,8.371686541985335,24.650491822014768,0.2472930805349745,0.2094883492738936,0.1329297998381639,0.103944873456842,0.907803447293389
ENSG00000137478,add_a3.0,2.0,77.35735735735736,59.21921921921923,84.87951807228916,315.8,10.355244972621026,22.997481720498275,0.3022590599960426,0.2090537325096816,0.1653021099312657,0.0969239491657984,0.8112914572094999
ENSG00000137478,add_a4.0,2.0,82.52252252252252,61.68168168168168,92.34939759036143,314.2,8.043777525768503,24.454220287327065,0.2439250060545032,0.2085019017481168,0.1287015854875946,0.1029930117371751,0.8678490282912058
ENSG00000137478,add_gc_removed_a1.0,2.0,43.96396396396396,30.090090090090094,34.63855421686747,306.2,18.86639733440189,16.258166585978863,0.5009521937779475,0.2105905555045577,0.2997717457672763,0.0686861963126814,0.4206218055697337
ENSG00000137478,add_own,2.0,56.63663663663664,44.98498498498499,63.25301204819277,310.4,10.989662167598018,23.79076000350308,0.3123946742305329,0.2107938061110097,0.1739439215257255,0.1004888413771692,0.6546682227649198
ENSG00000137478,random_a1.0,2.0,44.44444444444444,29.369369369369373,40.06024096385542,301.8,17.568704115136846,17.70623140967816,0.468996914516384,0.2101874030625106,0.2793182608576224,0.074760398102702,0.460056056676606
ENSG00000137478,unsteered,2.0,51.891891891891895,37.05705705705706,43.85542168674699,322.2,26.540224110639848,10.92194850864094,0.6867093133494493,0.2092060705299296,0.4231971672652119,0.0460528226588573,0.2501654640552426
ENSG00000137868,add_a0.5,2.0,70.27027027027027,62.702702702702695,86.144578313253,310.4,7.278290328074229,24.37637497379569,0.2344564756073707,0.2460023641697252,0.098698988602071,0.1077805084079474,1.1485891782804132
ENSG00000137868,add_a1.0,2.0,81.38138138138137,73.51351351351352,90.66265060240964,316.2,6.658953295302252,19.17255379209092,0.2592458177296453,0.2449975420552577,0.0906055479542534,0.0846516115507901,0.937223315661344
ENSG00000137868,add_a2.0,2.0,81.14114114114113,62.46246246246246,96.44578313253012,313.8,7.972663213468604,24.667611209392685,0.2435671255855737,0.2477892012463548,0.1072242014405217,0.1093159771145247,1.0910861590183478
ENSG00000137868,add_a3.0,2.0,87.98798798798798,75.49549549549549,92.7710843373494,314.4,6.746870561340454,22.452790092962207,0.2303520967474403,0.2463161940658399,0.0912921251287635,0.099303858824842,1.119560705435314
ENSG00000137868,add_a4.0,2.0,86.96696696696696,81.2012012012012,94.4578313253012,314.8,7.308420361246277,21.850602501960616,0.2479072523012893,0.2458679302853867,0.0990830274568255,0.0965859518117547,1.0084593211818311
ENSG00000137868,add_gc_removed_a1.0,2.0,58.61861861861862,47.327327327327325,72.34939759036145,304.8,6.6533943031344815,25.805083448874832,0.2055946790907944,0.2470867537477343,0.0897409856484093,0.1142391926836175,1.3629613664423177
ENSG00000137868,add_own,2.0,76.6966966966967,56.0960960960961,97.04819277108432,311.4,8.118553881896243,21.58703486965407,0.2750924195892303,0.2464963627753019,0.1097033002130251,0.0954919378606963,0.9368948333732344
ENSG00000137868,random_a1.0,2.0,68.28828828828829,55.91591591591591,68.07228915662651,306.4,7.179001207824522,25.16761214157708,0.2210061830933924,0.2453343178862399,0.0973814158755085,0.1111305499080849,1.27216998203161
ENSG00000137868,unsteered,2.0,65.13730598067949,53.09309309309309,81.74698795180723,304.8,7.748213774215264,24.896136100754944,0.2380337997985057,0.2463062797361172,0.104836744148356,0.1101138308718839,1.06869776496097
ENSG00000138075,add_a0.5,2.0,71.11111111111111,66.12612612612612,78.855421686747,304.2,6.926660202912606,29.18096241772028,0.1926616744630303,0.2591976119342219,0.089085472173869,0.1313170861389302,1.5863212636846722
ENSG00000138075,add_a1.0,2.0,77.17717717717719,77.5975975975976,82.28915662650601,308.0,6.679660343412697,30.007753892819863,0.1823144238108454,0.2562752988339588,0.0868826645698782,0.134503778490198,1.6253884747584064
ENSG00000138075,add_a2.0,2.0,85.28528528528528,80.54054054054055,91.56626506024097,315.6,5.258440604785518,27.859448127663843,0.1623420569646984,0.2579361298408958,0.0679617471878007,0.1251672920609852,1.8735586435402225
ENSG00000138075,add_a3.0,2.0,85.58558558558559,85.28528528528528,87.04819277108433,311.4,6.562217911303591,30.122750591417123,0.1779971621502234,0.2565445895286323,0.0852561532812774,0.1350573230093975,1.715199051427621
ENSG00000138075,add_a4.0,2.0,88.58858858858858,87.68768768768768,88.9156626506024,314.0,7.459926498655351,29.092690720974712,0.2050162068582953,0.256889355232857,0.0968596244019259,0.1304888920424001,1.3722005897798426
ENSG00000138075,add_gc_removed_a1.0,2.0,67.56756756756756,73.09309309309309,78.79518072289156,311.4,7.72178825520584,26.572440957354296,0.2268963759222427,0.257211796811248,0.1001539811312719,0.1192147370374029,1.202131145950543
ENSG00000138075,add_own,2.0,87.14714714714714,83.84384384384384,88.61445783132531,315.0,6.348437727620843,27.31701302988517,0.1888088025130328,0.2581955333906358,0.0819337310644313,0.1227441996148691,1.5538098305154189
ENSG00000138075,random_a1.0,2.0,73.21321321321321,65.28528528528528,84.39759036144578,313.8,6.055219459520471,27.3484235634479,0.1802414645103324,0.2582020732493872,0.0780947683468892,0.1228966436457084,1.6584226461445617
ENSG00000138075,unsteered,2.0,70.75075075075075,68.64864864864865,73.37349397590361,306.4,6.949826298731336,28.62174049905828,0.1938324081734319,0.2579557281374976,0.0897723070909597,0.1285464386033983,1.8062285014090207
ENSG00000138083,add_a0.5,2.0,62.20125786163523,58.04416403785488,54.79355508525337,289.6,7.5834036608880115,24.15469653352161,0.2413853282096763,0.257003810516987,0.0983918911844737,0.1083648718773783,1.128123702964542
ENSG00000138083,add_a1.0,2.0,53.584905660377366,78.04416403785488,73.56466876971609,296.8,7.7586220481470365,25.867122174132824,0.2347523727937777,0.2551599258127502,0.1013878553337313,0.1157492482480452,1.1537694210381366
ENSG00000138083,add_a2.0,2.0,79.937106918239,64.60567823343848,76.90851735015772,295.8,7.9568111199505696,27.55741517076244,0.2272607066136477,0.2575372566918591,0.1030485296221968,0.1237222063397279,1.294739178560603
ENSG00000138083,add_a3.0,2.0,79.93710691823898,75.26813880126183,89.33753943217667,301.6,7.029385072994879,28.93856764535787,0.196356248781719,0.2575193534912387,0.0909593544634475,0.1299173025394678,1.4997368247480414
ENSG00000138083,add_a4.0,2.0,82.95597484276729,76.21451104100946,89.02208201892745,297.6,7.863460840217757,27.62189534813234,0.2235456488775073,0.2577862575801073,0.1016825440916633,0.1240625100721545,1.2386171660240517
ENSG00000138083,add_gc_removed_a1.0,2.0,44.27672955974843,43.21766561514196,45.74132492113564,290.8,7.481828090949182,20.620761755830777,0.2633022656489829,0.258786038207185,0.0964682672904807,0.0927297969327568,0.9991492788406388
ENSG00000138083,add_own,2.0,65.47169811320755,58.10725552050474,67.7602523659306,293.0,7.747618849815801,24.94761378463685,0.2383712394696169,0.2593290381528884,0.0995525387657406,0.1122438343605429,1.191557067705031
ENSG00000138083,random_a1.0,2.0,46.540880503144656,42.20820189274448,50.5993690851735,285.6,7.766226508070578,19.795748270543488,0.2817180205415499,0.2573315713362765,0.1004529191310371,0.0888386307017225,0.8997630913264236
ENSG00000138083,unsteered,2.0,48.74213836477988,53.37539432176656,49.90536277602524,290.6,8.739622112650364,21.7566942359749,0.2946638589107794,0.2596065340774539,0.1122738898075664,0.0979503935720493,0.956054994289978
ENSG00000138439,add_a0.5,2.0,73.51351351351352,72.61261261261261,90.18072289156626,315.0,7.816129352978008,25.46123824779314,0.2349738407718088,0.2548239697456716,0.1022033154916453,0.1138934901373352,1.14495010451536
ENSG00000138439,add_a1.0,2.0,79.63963963963964,85.2852852852853,91.74698795180724,313.0,9.899459008931837,26.52695773889668,0.2713166810063501,0.2552445272871527,0.1293110418690067,0.1187259177623713,0.9274969480548864
ENSG00000138439,add_a2.0,2.0,82.58258258258259,91.29129129129127,84.81927710843374,315.2,9.645996595176712,25.57219270531641,0.2736805645937773,0.2543722257378468,0.1263891525530164,0.1143182513996892,0.9106200247208628
ENSG00000138439,add_a3.0,2.0,87.68768768768768,82.4024024024024,95.90361445783132,318.2,8.749911317630326,26.629243178638564,0.2475122795812451,0.2551901796591233,0.1142552393974546,0.1191936133094041,1.0447090291412993
ENSG00000138439,add_a4.0,2.0,88.16816816816817,90.57057057057057,92.46987951807228,314.6,9.471083663428836,25.046262794469275,0.2763154096190058,0.2555863414307504,0.1235620019458219,0.1121739328166648,0.9417912644411408
ENSG00000138439,add_gc_removed_a1.0,2.0,83.42342342342343,74.35435435435436,76.08433734939759,313.0,9.202416116895522,24.69574924297103,0.2712153704654457,0.254525604179618,0.1204227254681335,0.1104310806583482,0.9445592180035608
ENSG00000138439,add_own,2.0,86.90039437027389,79.03903903903904,82.7710843373494,316.8,8.384875926723586,24.060608500257903,0.2605279552345478,0.2539301043598004,0.1100584678078777,0.1075015320556832,1.0065334927795604
ENSG00000138439,random_a1.0,2.0,55.25525525525526,74.23423423423424,83.97590361445783,312.0,7.13328445162107,23.65678548615753,0.2304328945364114,0.2534367726796118,0.0938916140023094,0.1056184627322944,1.1786065006694382
ENSG00000138439,unsteered,2.0,55.91591591591591,55.49549549549549,92.710843373494,311.4,7.784651294715777,23.768478316419905,0.2486480957745325,0.2545594340477482,0.1019516698648,0.1062794004598478,1.042732026278726
ENSG00000138495,add_a0.5,7.5,52.77777777777778,35.294117647058826,70.58823529411765,16.8125,18.405330882352946,16.452205882352942,0.4440949675324675,0.2160437091503268,0.284457478005865,0.0699707648546144,0.3367090707964602
ENSG00000138495,add_a1.0,7.285714285714286,51.58730158730159,42.436974789915965,74.78991596638654,16.5,7.615546218487395,19.58858543417367,0.2232993197278911,0.2144160441954559,0.117288961038961,0.0830991933278643,0.7799479166666666
ENSG00000138495,add_a2.0,7.5,56.94444444444444,37.5,77.57352941176471,16.375,11.93167892156863,21.69117647058824,0.3183712121212121,0.2172147331154684,0.1837320315772936,0.0923848616644054,0.6090269807749363
ENSG00000138495,add_a3.0,7.5,59.72222222222222,38.60294117647059,81.98529411764706,16.6875,13.772977941176473,18.09589460784314,0.4424107142857143,0.2178121595860566,0.2107599431818181,0.0772488712593978,0.4281615717659407
ENSG00000138495,add_a4.0,7.5,70.48611111111111,40.80882352941177,76.83823529411765,16.5,9.335171568627452,25.50245098039216,0.2267609126984127,0.2186836192810457,0.1435117302052785,0.1088716662209471,0.8425939105142646
ENSG00000138495,add_gc_removed_a1.0,7.5,49.30555555555556,33.088235294117645,68.38235294117648,16.6875,17.909007352941178,14.715073529411764,0.5092261904761904,0.214745029956427,0.2769112144807362,0.0624245734306094,0.2721931811615343
ENSG00000138495,add_own,7.357142857142857,52.38095238095239,36.97478991596638,70.58823529411765,16.714285714285715,17.86764705882353,13.771008403361346,0.5322649572649573,0.2161278400248988,0.2750826585816853,0.0585826052829158,0.3295845124774891
ENSG00000138495,random_a1.0,7.2,55.55555555555556,39.6078431372549,69.41176470588236,16.466666666666665,12.6781045751634,20.28104575163399,0.3413492063492063,0.2149945533769063,0.1955707941483803,0.086139083265884,0.5422787511230907
ENSG00000138495,unsteered,7.733333333333333,52.5925925925926,37.64705882352941,62.74509803921569,16.733333333333334,15.88235294117647,19.58333333333333,0.3733573833573834,0.2151143790849673,0.2460227272727272,0.0831382660190298,0.5075180375180375
ENSG00000140368,add_a0.5,2.0,67.44744744744744,52.7927927927928,81.26506024096386,315.2,16.68592296224397,19.70186449314128,0.4379356581645529,0.2062883362736935,0.26971922128315,0.0827373051546444,0.5678558845668704
ENSG00000140368,add_a1.0,2.0,72.07207207207207,55.37537537537537,87.2289156626506,321.0,17.612509335149912,17.63415413738112,0.4756931673542514,0.2060968027727507,0.2850234951382826,0.0740505954282445,0.4455612589287023
ENSG00000140368,add_a2.0,2.0,81.26126126126125,58.43843843843844,90.24096385542168,318.4,13.404222050104252,22.296068728309635,0.3655537325219492,0.2058236413652897,0.2171890334385543,0.0935929264775713,0.5794452932120149
ENSG00000140368,add_a3.0,2.0,86.18618618618618,76.3963963963964,95.0,318.8,7.904462632353611,22.54683960272342,0.2599006645771753,0.207231308684672,0.1271979347531141,0.094795693014564,0.7625304343828156
ENSG00000140368,add_a4.0,2.0,81.68168168168168,66.24624624624624,91.92771084337348,315.2,9.206465528339915,24.225177730965573,0.2659848027675595,0.2068388004026326,0.1480328976725915,0.1017962302604663,0.8107237842995483
ENSG00000140368,add_gc_removed_a1.0,2.0,63.12312312312313,54.11411411411412,72.34939759036145,309.4,12.802320917857925,24.77080774643148,0.3297160346710397,0.2056992891077486,0.2071686158750771,0.1039445679238792,0.7601399776975952
ENSG00000140368,add_own,2.0,77.65765765765767,71.5915915915916,82.4698795180723,314.4,10.4260956155056,23.28834747023577,0.2940573009549967,0.2062528926006979,0.1688324847746632,0.0978086096013295,0.7968464560099549
ENSG00000140368,random_a1.0,2.0,61.02102102102102,44.68468468468468,85.54216867469879,328.0,23.8852700682662,12.336722533358133,0.6365492909117909,0.2065709761095079,0.3854702773274982,0.0518262209856617,0.2819488921433312
ENSG00000140368,unsteered,2.0,60.42042042042042,43.84384384384384,74.81927710843374,324.2,24.93242846547482,13.138000874072404,0.6453912639185028,0.206812611850044,0.4021162271901896,0.0552246048646052,0.2239748976037434
ENSG00000140563,add_a0.5,2.0,53.45345345345345,46.60660660660661,51.20481927710844,300.4,8.18513538524559,23.71522971813353,0.257893475927891,0.2238409627631799,0.121697749525682,0.1018413600761627,0.884948650055084
ENSG00000140563,add_a1.0,2.0,59.81981981981981,50.3903903903904,68.37349397590361,306.2,6.325593139202682,23.583248589943004,0.2075632591537907,0.2225806901681209,0.0947273956670577,0.101118781129712,1.2196201852667274
ENSG00000140563,add_a2.0,2.0,75.43543543543544,70.99099099099098,82.16867469879517,308.0,6.674166998924312,19.58360832046779,0.2531701950580199,0.2220885251341676,0.1001902329287418,0.0839262500775203,0.9043351751703718
ENSG00000140563,add_a3.0,2.0,87.44744744744744,82.04204204204204,89.45783132530121,315.6,6.268732286191911,16.37317876361962,0.2841459596045288,0.2222967794232163,0.0939832981952273,0.0701857004661488,0.7901752790555838
ENSG00000140563,add_a4.0,2.0,84.98498498498499,85.88588588588588,90.78313253012048,317.2,6.378260615944143,16.66315570558651,0.2752886002886002,0.2232747581370801,0.0951202538067725,0.0715190105176474,0.7676807090311539
ENSG00000140563,add_gc_removed_a1.0,2.0,51.65165165165165,36.6966966966967,43.915662650602414,293.2,6.274783995807775,26.85164848683057,0.1898649711682072,0.2233562113378429,0.0936931364395613,0.1152377510984127,1.2545429876541685
ENSG00000140563,add_own,2.0,63.36336336336336,52.852852852852855,51.024096385542165,303.0,6.397546772052927,26.04672003611493,0.1972174451321466,0.2231061365917805,0.0956487270255822,0.1117582823880205,1.2415528403969065
ENSG00000140563,random_a1.0,2.0,35.91591591591592,23.12312312312312,36.024096385542165,304.2,5.698363540627424,24.4038382662676,0.1845858403420462,0.2230384888962791,0.0850920775350775,0.1047056060495508,1.3612670140593093
ENSG00000140563,unsteered,2.0,54.174174174174176,44.56456456456457,44.1566265060241,303.0,7.41109769832119,25.62432446438064,0.2233198647152135,0.2222786742195898,0.1110550766449864,0.1098334991679742,1.0153447836170937
ENSG00000140740,add_a0.5,2.0,57.47747747747748,68.28828828828829,62.40963855421687,308.6,8.883809531748184,23.8065795366907,0.2701342078973657,0.239152654761802,0.1236916201588406,0.1042947382669498,0.8863958998858632
ENSG00000140740,add_a1.0,2.0,66.90690690690691,61.20120120120121,67.34939759036145,308.6,10.739012571746654,21.78830182423172,0.3262390837341801,0.2389340282331088,0.1497687985540156,0.0954288748888032,0.6858529031247194
ENSG00000140740,add_a2.0,2.0,64.44444444444444,55.69846955389124,69.39759036144578,310.6,8.926729811710704,21.02306332209065,0.3059505859942407,0.2392346694642241,0.1243481501999275,0.0920969500775572,0.7940340541108462
ENSG00000140740,add_a3.0,2.0,87.68768768768768,78.37837837837837,85.0,314.2,9.425834116444031,19.887735148098404,0.323651039648715,0.2391809609565554,0.1312813942561912,0.0871081131732617,0.6990130517118114
ENSG00000140740,add_a4.0,2.0,80.6006006006006,73.3933933933934,86.20481927710844,314.0,9.614302559797968,20.387466698917905,0.3229527606620756,0.238495416925034,0.1343473584406401,0.0892534028292273,0.6839708588951745
ENSG00000140740,add_gc_removed_a1.0,2.0,50.270270270270274,49.249249249249246,35.24096385542168,296.0,7.639495140275514,26.01600651820132,0.2287944713884592,0.2407679829144712,0.1057190480655745,0.1142570098234233,1.1102261738275023
ENSG00000140740,add_own,2.0,61.38138138138138,45.88588588588589,56.32530120481928,304.6,8.016254902527608,24.96033813971261,0.2407335165946647,0.2395903004817194,0.1113930943795619,0.1094197679598401,1.025179137419569
ENSG00000140740,random_a1.0,2.0,75.67567567567568,52.61261261261261,53.67469879518072,310.0,8.186982659041558,22.40410461696805,0.2694879832810867,0.2388344997508584,0.1143870498270006,0.0981099160818701,0.9086370217814306
ENSG00000140740,unsteered,2.0,42.28228228228228,34.5945945945946,28.915662650602407,305.2,6.780036843215624,25.134212837336104,0.213718163069803,0.2394849495291704,0.0944410357961568,0.1101720768921896,1.199909879250553
ENSG00000140931,add_a0.5,2.0,56.12403100775193,35.15625,72.96875,119.4,6.859869397606746,26.42674246875917,0.2077018633540372,0.224454798717413,0.1019215465745602,0.1135873286895934,1.1995176071949265
ENSG00000140931,add_a1.0,2.0,67.13178294573643,46.875,93.90625,119.4,5.379077633533777,27.45599438617944,0.1639877875307914,0.2248049116298026,0.0799195453761976,0.1180639753079566,1.7215657289830355
ENSG00000140931,add_a2.0,2.0,78.6046511627907,62.96875,92.34375,118.8,5.716275726579878,24.788966795114444,0.1903858939153057,0.2259665766152386,0.0843414598718148,0.1067606875562529,1.435714594874676
ENSG00000140931,add_a3.0,2.0,80.77519379844962,67.8125,95.3125,121.8,6.058424047747847,22.21035368485659,0.2196560894356346,0.2255237218900175,0.0899257519875421,0.0956368420531689,1.366694165906175
ENSG00000140931,add_a4.0,2.0,77.8294573643411,65.46875,91.40625,121.0,8.287048790940798,23.137401080066404,0.2602098650173104,0.2240504829597228,0.1232157532298052,0.099393807642337,0.8814162117110544
ENSG00000140931,add_gc_removed_a1.0,2.0,55.1937984496124,40.15625,74.53125,117.8,7.31579588357082,26.353367433930096,0.2165159694107062,0.2241075657316065,0.109006132557515,0.1132650037724178,1.3796619444971214
ENSG00000140931,add_own,2.0,72.24806201550388,55.15625,90.78125,121.8,5.57683262783041,20.23113619565948,0.2289303289303289,0.2255100898116417,0.0825416736563441,0.0871115595019322,1.331393010345591
ENSG00000140931,random_a1.0,2.0,64.18604651162791,48.75,75.0,119.0,5.053693700480613,26.3928756822802,0.1643062637317083,0.2265207525789415,0.0743693924372711,0.1137459572415297,1.7639178310532615
ENSG00000140931,unsteered,2.0,65.27131782945736,49.375,85.9375,120.6,6.137526910139899,25.0424406508583,0.2006486042692939,0.2262666747488071,0.09046280210329,0.1079040069991117,1.2106662535384625
ENSG00000140968,add_a0.5,2.0,49.249249249249246,43.78378378378378,58.313253012048186,312.2,15.605630815386416,20.363435194079425,0.3997471707433733,0.2029591656310465,0.2561112298898069,0.0851434196405769,0.4841460519810063
ENSG00000140968,add_a1.0,2.0,65.16516516516516,54.77477477477478,70.96385542168674,311.6,11.423523034492296,21.053856466723623,0.3430693015062666,0.2034555689798124,0.187170836994063,0.0881034614881229,0.5178168443491394
ENSG00000140968,add_a2.0,2.0,76.45645645645645,59.51951951951952,93.855421686747,315.0,11.668304291972866,20.960972308171268,0.3561146105845392,0.2031736945535836,0.1913761813163074,0.0876928347564549,0.4816711090746007
ENSG00000140968,add_a3.0,2.0,78.01801801801803,66.006006006006,87.89156626506023,317.2,9.89643423592796,22.22338838329385,0.3027085604319633,0.2042800118518946,0.1614272616683688,0.0930931795826664,0.6343828588370142
ENSG00000140968,add_a4.0,2.0,75.67567567567568,63.3033033033033,93.25301204819276,312.6,8.191008688034632,24.789686069742267,0.247515844524221,0.2032313728748183,0.1342880660068094,0.1036890672876777,0.797188210185059
ENSG00000140968,add_gc_removed_a1.0,2.0,51.11111111111111,37.11711711711712,43.67469879518072,302.8,9.636154979679691,24.59462178986397,0.2842815679729439,0.2026237706168314,0.1586502931941367,0.1028099456595472,0.6688099548348774
ENSG00000140968,add_own,2.0,57.53753753753754,44.32432432432432,70.06024096385542,309.6,11.89192105582084,22.029812629020064,0.3508073589107124,0.2047622830593785,0.1934478904154661,0.0923319066380922,0.5089975981121111
ENSG00000140968,random_a1.0,2.0,48.34834834834835,43.48348348348348,56.6867469879518,303.4,10.671409469164256,23.67889073361753,0.3065986405594124,0.2037170727850332,0.1747251308558824,0.0991066182145257,0.5902309238236902
ENSG00000140968,unsteered,2.0,57.89789789789791,43.30330330330331,57.71084337349398,305.4,12.036680869102868,22.75891508814417,0.3444562492616212,0.2034864193777013,0.1972151582865457,0.0952264723393435,0.5174960743988495
ENSG00000141030,add_a0.5,2.0,53.45345345345345,36.57657657657658,60.30120481927711,322.4,24.639337517012383,10.638973051620768,0.6935220228442216,0.217174990384828,0.3792706270627057,0.0453783278706677,0.2991560912679172
ENSG00000141030,add_a1.0,2.0,68.76876876876877,44.02402402402403,92.65060240963857,316.6,16.473553228965756,17.00043253836929,0.4392285940524282,0.2167519051949525,0.2529029365596862,0.0723396770531895,0.4797799463044597
ENSG00000141030,add_a2.0,2.0,66.48648648648648,41.26126126126126,95.66265060240964,322.6,28.15783803574617,12.898738240555698,0.5986117861065977,0.2155950524850907,0.4346939825924772,0.0547947488655332,0.3099038040760745
ENSG00000141030,add_a3.0,2.0,71.53153153153153,47.08708708708709,94.81927710843374,319.8,24.485869979829687,13.069920708875872,0.5659143573553943,0.2169441733090023,0.3766888686141413,0.0556421143551973,0.3614307742191157
ENSG00000141030,add_a4.0,2.0,90.3903903903904,74.53453453453453,94.33734939759036,317.2,9.846156260645078,15.765815716222756,0.3821518341206255,0.2163460292051989,0.151626597397493,0.0670674658479999,0.4535280250694577
ENSG00000141030,add_gc_removed_a1.0,2.0,51.231231231231234,34.35435435435436,56.38554216867469,327.0,25.70091780566529,6.388861472142848,0.8080931164663332,0.2164644202410307,0.3961874402663357,0.0272058274733228,0.1211971947725289
ENSG00000141030,add_own,2.0,62.16216216216217,36.87687687687688,93.43373493975903,321.4,27.981146581304053,12.437962593091664,0.6237355348550595,0.2157012433381092,0.4316149770929591,0.0528427133104138,0.2945422344182279
ENSG00000141030,random_a1.0,2.0,51.65165165165165,32.372372372372375,47.34939759036145,314.6,15.53546960632833,14.973962990989724,0.5413585801929625,0.2154066882403992,0.2400893427025827,0.0635737894081118,0.5031246676948878
ENSG00000141030,unsteered,2.0,60.12012012012012,51.051051051051054,62.28915662650603,321.6,16.616296295649033,12.069531802556916,0.5854587984290799,0.215553467839693,0.2565551999457903,0.0512229459827126,0.3942469384717532
ENSG00000141873,add_a0.5,2.0,63.54138868297505,59.929577464788736,60.91549295774648,265.6,7.757783940105074,27.236530531902368,0.2264051036682615,0.2422231594901396,0.106654109388053,0.1197611832608283,1.2504096639806443
ENSG00000141873,add_a1.0,2.0,69.26315789473685,54.78873239436619,94.08450704225352,268.2,6.042211950158866,29.248504237755288,0.1674865080159485,0.2416917123494237,0.0834018700574692,0.1285503824503512,1.80701168796328
ENSG00000141873,add_a2.0,2.0,70.7855201383741,73.87323943661973,85.56338028169014,268.6,6.237516366697231,27.4562244128644,0.1886191309846153,0.2424699973568746,0.0856936180828046,0.1208250005570247,1.4723163926941978
ENSG00000141873,add_a3.0,2.0,73.19298245614036,60.070422535211264,92.6056338028169,267.4,6.584007462715474,27.07168137731975,0.1961987939007484,0.2430800887942798,0.0903437175860854,0.1192195721713365,1.3441861750049058
ENSG00000141873,add_a4.0,2.0,76.91228070175438,65.0,92.3943661971831,269.2,6.751328529071597,27.415449122313618,0.1953038948188136,0.2430276257283044,0.0926430336229395,0.1207283852305795,1.3937575829906557
ENSG00000141873,add_gc_removed_a1.0,2.0,57.96491228070175,53.23943661971831,75.98591549295774,261.6,6.6749636876881,26.429622578538925,0.2015480780125566,0.2425891221440924,0.091834961003713,0.1163266781776398,1.370656664220838
ENSG00000141873,add_own,2.0,67.9298245614035,58.732394366197184,84.50704225352112,267.0,7.578175734007516,29.20579891901832,0.2058589343664603,0.2437555096689004,0.1036973017560954,0.1287459261200945,1.2634772629882949
ENSG00000141873,random_a1.0,2.0,65.54385964912281,67.3943661971831,78.16901408450704,265.0,6.733382094518321,26.088266299420265,0.2050238949620941,0.242543307663515,0.0925125774699351,0.1148427945729395,1.2583647082033609
ENSG00000141873,unsteered,2.0,60.140350877192986,55.985915492957744,67.53521126760563,263.4,7.825669932577865,24.68815785475381,0.2408201426957218,0.2425576183215552,0.107455252328246,0.1086398441929108,1.2622187784023866
ENSG00000142751,add_a0.5,2.0,84.95356037151703,58.32298136645964,95.46583850931675,305.2,7.603452300711728,27.47095645341531,0.2176525196066571,0.2556439889103069,0.0991708555344016,0.1230255532760278,1.2929410567678796
ENSG00000142751,add_a1.0,2.0,83.96284829721363,57.453416149068325,97.26708074534162,302.6,8.008283028716736,29.21947398028643,0.2147337712451184,0.256013340263847,0.1042329719387045,0.1309004236885344,1.2775217798059275
ENSG00000142751,add_a2.0,2.0,82.72445820433437,64.59627329192547,96.77018633540374,305.8,6.20643597412851,30.943454554830765,0.1673901669758812,0.2566123796319643,0.0806971367346891,0.1387514099100471,1.7724019539465714
ENSG00000142751,add_a3.0,2.0,85.20123839009288,61.118012422360245,97.82608695652172,305.0,8.331422934223877,30.55066007667465,0.2142969585832934,0.2553026372130466,0.1087845339097921,0.1367407798045331,1.3076129852203635
ENSG00000142751,add_a4.0,2.0,85.63467492260062,66.27329192546583,96.33540372670808,301.2,6.628180448883832,30.225434813608736,0.1823548227819832,0.2552736433370191,0.0864620479145619,0.1352666453135892,1.837206417432959
ENSG00000142751,add_gc_removed_a1.0,2.0,72.75541795665634,55.52795031055901,92.79503105590062,299.6,7.679454633761404,30.70862330486248,0.2001738849729361,0.2544836206910438,0.1006420293730587,0.1373014049820496,1.440316179206056
ENSG00000142751,add_own,2.0,84.08668730650155,54.6583850931677,97.32919254658384,300.4,8.140344347955189,32.214462678669065,0.2003415105284027,0.2552902500242601,0.1062424725501798,0.1441915004499768,1.5131290218990086
ENSG00000142751,random_a1.0,2.0,78.20433436532508,51.86335403726709,97.63975155279503,301.6,6.693580814015029,31.76192100590424,0.1737704557157983,0.256499909624873,0.0870851010824191,0.1423954332127656,1.6770181962423991
ENSG00000142751,unsteered,2.0,83.71517027863777,56.64596273291926,97.32919254658384,304.6,8.535369013510902,29.5428785016384,0.224365674975431,0.2562206968564122,0.1110286161361876,0.1324084823398287,1.206025870368001
ENSG00000143155,add_a0.5,2.0,69.87755102040816,51.51116508129259,91.47540983606557,229.0,7.418270505063023,25.067259139386323,0.2281356650768415,0.2189107831698614,0.1129682629161518,0.1069880706276239,0.9644937028171526
ENSG00000143155,add_a1.0,2.0,68.65306122448979,62.8688524590164,94.34426229508196,231.0,6.930977740280781,24.42184420004092,0.2212578292578292,0.2192504662478818,0.1053800644836002,0.1042610792275998,1.0681273134275528
ENSG00000143155,add_a2.0,2.0,76.97959183673468,53.0327868852459,97.70491803278688,231.2,6.07215141011296,24.311701081612583,0.1982009227079649,0.2196231265654516,0.0921575996077657,0.1038498664005004,1.1854847301501288
ENSG00000143155,add_a3.0,2.0,75.18367346938776,59.34426229508197,91.22950819672133,228.8,7.089684793305716,26.38149213803621,0.2119842197201688,0.2187229629343757,0.1080509967499892,0.112555435616862,1.0610269560282284
ENSG00000143155,add_a4.0,2.0,83.10204081632654,66.55737704918033,95.0,230.0,7.385248922008391,25.691297944329413,0.2255007025945728,0.2183631860561549,0.1127356002057478,0.1095756436822462,0.9819896539137328
ENSG00000143155,add_gc_removed_a1.0,2.0,61.469387755102034,51.26391418741146,77.1311475409836,227.8,6.3253422226294935,25.80458495598769,0.1969891834668139,0.2193180019866778,0.0961377450892162,0.1101692966325405,1.178922457796437
ENSG00000143155,add_own,2.0,77.38775510204081,55.40983606557377,97.1311475409836,231.6,6.473313880009225,23.74805310578213,0.2151546616487913,0.2197229417851623,0.0981323623984616,0.1014652116759884,1.0705418130015494
ENSG00000143155,random_a1.0,2.0,65.63265306122449,57.377049180327866,84.91803278688523,229.0,6.635082802583082,27.606244466921986,0.1938728047296122,0.2170721407421904,0.1020615041128749,0.1175383331893587,1.344416372167383
ENSG00000143155,unsteered,2.0,72.61592505854802,61.22950819672131,89.18032786885246,230.4,5.471273188281424,24.29141284240882,0.186471106961303,0.2192411152181788,0.0832157557155052,0.1036936270643574,1.2946143043408624
ENSG00000143321,add_a0.5,2.0,67.47572815533981,40.58536585365854,90.4390243902439,196.2,15.29602853287064,22.90224186840728,0.4013452377500426,0.2174731058415264,0.2345545183424028,0.0975603721219517,0.4394843020819863
ENSG00000143321,add_a1.0,2.0,68.15533980582525,43.31707317073171,91.21951219512196,195.0,11.6354574591308,25.18718171337288,0.3151349093977416,0.2168526287708581,0.1786821459285183,0.1071932432026397,0.6708652744118653
ENSG00000143321,add_a2.0,2.0,73.49514563106797,53.46341463414634,94.34146341463416,196.6,15.33229922866354,24.04771805298023,0.3938972872434655,0.2171379353660158,0.2354799806366332,0.102391273405485,0.4493338291171098
ENSG00000143321,add_a3.0,2.0,78.54368932038835,58.2439024390244,95.31707317073172,196.8,11.545336986789518,24.804158712254463,0.3139478800024432,0.2157806082623082,0.1783889588404776,0.1054430080993574,0.6573404470589558
ENSG00000143321,add_a4.0,2.0,79.6116504854369,65.5609756097561,96.78048780487804,192.8,10.511116930609706,27.48672469390495,0.2698598272698089,0.2187680157120769,0.1597530457591391,0.1172722136589476,0.8716798053356726
ENSG00000143321,add_gc_removed_a1.0,2.0,64.36893203883496,40.6829268292683,75.1219512195122,192.4,14.171844428577938,23.658833386546032,0.3635879374862426,0.2173615778632885,0.2172495390105395,0.1007874371422878,0.6457470638099105
ENSG00000143321,add_own,2.0,72.03883495145631,52.8780487804878,91.02439024390245,197.2,11.038157852414049,27.28328677406919,0.2832818489034043,0.2180620631643568,0.1691022167549929,0.1163092736987985,0.7593246306944182
ENSG00000143321,random_a1.0,2.0,61.55339805825243,38.829268292682926,87.21951219512195,193.0,11.64893808745364,25.18941638952912,0.3218405707827206,0.2170801823331995,0.1790383312583961,0.1072433722123354,0.6841925092596137
ENSG00000143321,unsteered,2.0,59.02912621359224,37.5609756097561,84.39024390243902,192.8,11.736527763098184,26.673810276682964,0.3051582861651511,0.2180909448877612,0.1793374847006829,0.1136984096716474,0.7747906186951559
ENSG00000143479,add_a0.5,2.0,59.75975975975975,46.006006006006,62.46987951807229,307.4,6.817730212748164,26.839513651923664,0.201798113123179,0.2230262879071027,0.1018769725182603,0.1151560762568971,1.139846355204917
ENSG00000143479,add_a1.0,2.0,64.50450450450451,52.732732732732735,68.9156626506024,306.4,6.591259415417744,30.23260909776097,0.1809543611947495,0.2244654793502001,0.0979772394750014,0.1299726285828243,1.4211978249189725
ENSG00000143479,add_a2.0,2.0,68.22822822822823,63.003003003003,85.0,311.4,5.9770511226669845,29.0995748142169,0.1705773374981608,0.2244361340933807,0.0887823574762305,0.1250571590869972,1.417497996866393
ENSG00000143479,add_a3.0,2.0,77.71771771771772,64.68468468468468,90.48192771084337,314.6,5.403255860206652,28.67142267254152,0.1578774450565914,0.2246934580748017,0.0801148687265797,0.1232703419026197,1.568708215849393
ENSG00000143479,add_a4.0,2.0,86.6066066066066,82.70270270270271,89.45783132530121,314.6,6.360140154464562,29.58110187450784,0.1772421925647732,0.224770237084551,0.0942864262212226,0.1271959335182398,1.4123480814054408
ENSG00000143479,add_gc_removed_a1.0,2.0,44.74474474474475,32.912912912912915,33.49397590361446,298.0,8.595199133682929,21.62687296405876,0.2871482011963939,0.2257426700213303,0.1269317501742879,0.0930991832315031,0.7408759840157322
ENSG00000143479,add_own,2.0,68.22822822822823,53.93393393393394,68.55421686746988,309.4,7.057726000681788,26.701566748623144,0.2076291325615741,0.2241508625978161,0.1050048872716257,0.1147161891422925,1.1573562853660384
ENSG00000143479,random_a1.0,2.0,50.03003003003003,43.54354354354355,49.75903614457831,302.8,8.399296730530082,23.98751805635703,0.2626490964889664,0.2240571312450643,0.1249475589447028,0.1030346882640856,0.8652708163108116
ENSG00000143479,unsteered,2.0,45.825825825825824,37.53753753753754,39.09638554216868,299.8,8.726212947968136,24.13980284271677,0.2690288613324872,0.2264239515215739,0.1286239956184363,0.1040241247185478,0.8437724433260796
ENSG00000143502,add_a0.5,2.0,69.30379746835443,60.63492063492064,78.0952380952381,292.0,7.194467871395398,25.61878288399649,0.2185644231762912,0.2381421648343005,0.1007072426674147,0.1120843070748024,1.1420736415503967
ENSG00000143502,add_a1.0,2.0,76.45569620253164,55.61904761904761,84.25396825396825,294.4,7.134044472990267,25.087446184342408,0.2241203027556408,0.238677830803196,0.099629463567031,0.1098344061736774,1.1144593259899949
ENSG00000143502,add_a2.0,2.0,74.32871207554753,68.31746031746032,67.74603174603175,291.0,7.23267632300093,24.89152494288242,0.2249877567564706,0.2377318345787512,0.1013599677964369,0.1088469026043498,1.088222449262119
ENSG00000143502,add_a3.0,2.0,83.41772151898735,70.0952380952381,94.85714285714286,293.2,7.451388114016484,25.947968489731004,0.2212134827189456,0.2381362024116663,0.1042576485803088,0.1135301108555273,1.1594104521886093
ENSG00000143502,add_a4.0,2.0,85.9493670886076,77.01587301587301,87.74603174603175,297.0,7.749912548049194,23.894825059421333,0.2472774120289648,0.2380826690695567,0.1085682142571403,0.1045445905206092,1.0262646655541476
ENSG00000143502,add_gc_removed_a1.0,2.0,56.51898734177215,48.76190476190476,59.49206349206349,285.8,7.941873054850336,24.64517283301945,0.241332601050347,0.237937549098632,0.1111830328792855,0.1078060953257322,1.0030100176038834
ENSG00000143502,add_own,2.0,66.13924050632912,61.58730158730159,78.0952380952381,292.0,6.175416651072223,26.89559956790872,0.188122083113122,0.2390522464588835,0.0861135763292151,0.1178026961097967,1.391204536559853
ENSG00000143502,random_a1.0,2.0,57.40506329113924,53.546254170458,54.98412698412699,287.0,8.215931958881619,23.36676777436002,0.2592810956117408,0.2385763064540496,0.11478128780727,0.102287497122939,0.9314347971770834
ENSG00000143502,unsteered,2.0,62.40506329113924,50.73015873015873,74.53968253968254,289.0,7.833563910647595,25.72490550778255,0.2341974065495572,0.2388737727881436,0.109394654835768,0.1127005127442302,1.055051467274758
ENSG00000143653,add_a0.5,2.0,71.83183183183183,63.84384384384384,71.44578313253012,322.2,16.33267521720064,15.918437342570448,0.4909326006340931,0.2291976815369669,0.2379033531199928,0.068850455614858,0.3913666710478553
ENSG00000143653,add_a1.0,2.0,84.56456456456456,74.83483483483484,94.51807228915663,318.2,15.621521844342904,13.408429608432366,0.517449192654672,0.2278677496356292,0.2284027444657131,0.0578867635263442,0.2983563088611218
ENSG00000143653,add_a2.0,2.0,77.7177177177177,64.44444444444444,93.49397590361446,317.4,14.656449700083297,15.616687350565016,0.4617427046051539,0.2289676889372444,0.2140116516995663,0.0675413850856757,0.4178935949528913
ENSG00000143653,add_a3.0,2.0,82.22222222222223,72.25225225225225,91.32530120481928,316.2,14.048126841678016,16.008862680300105,0.4461856734850932,0.2279967529640668,0.2056968246563776,0.0691254152530127,0.400058514908204
ENSG00000143653,add_a4.0,2.0,81.50150150150151,63.183183183183175,97.53012048192772,318.0,18.32951233676952,14.707006706651727,0.5561025202188155,0.2279489526413432,0.2679313446274315,0.0634926543112736,0.2535335793265333
ENSG00000143653,add_gc_removed_a1.0,2.0,72.67267267267268,68.28828828828829,72.28915662650601,312.4,11.855924060783794,18.02733341730412,0.3812390829475466,0.2265541743230929,0.1748588557111312,0.0776961069127354,0.5411213566135856
ENSG00000143653,add_own,2.0,86.84684684684684,73.51351351351352,93.73493975903617,316.8,13.92266457767786,13.78529428391341,0.4784211410764148,0.2286021901703208,0.2026670759454899,0.0595613892623588,0.3568845059368223
ENSG00000143653,random_a1.0,2.0,72.31231231231232,64.50450450450451,81.20481927710844,313.6,8.857170403662334,19.40717638939514,0.3136403938438822,0.2282587231104451,0.1293367754916812,0.0838367086785115,0.6749414852760577
ENSG00000143653,unsteered,2.0,78.37837837837837,72.25225225225225,78.3132530120482,313.6,9.092694842966836,18.81819848053324,0.331094231348687,0.2286769771396418,0.1325704206761062,0.0813417334340135,0.6532053454333793
ENSG00000143819,add_a0.5,2.0,54.47447447447448,41.2012012012012,71.98795180722891,316.8,20.37347160129746,18.54050854391793,0.5101861373395107,0.2152295361096833,0.3158770040327278,0.0787698274207685,0.3620468030586607
ENSG00000143819,add_a1.0,2.0,64.2042042042042,47.62762762762763,86.92771084337349,324.2,20.221986234805605,17.424690231903117,0.5268789366221074,0.2163398830952276,0.3117873817900048,0.0741378926320495,0.3237510288357507
ENSG00000143819,add_a2.0,2.0,72.55255255255256,56.396396396396405,92.04819277108432,318.0,13.497158309485602,19.66904715518533,0.3963390402783536,0.2158427893410773,0.208131611869779,0.0836079217927624,0.5577329884642426
ENSG00000143819,add_a3.0,2.0,77.17717717717719,58.13813813813814,94.63855421686746,312.0,9.414743540182185,23.41876130759492,0.2853836370535615,0.2168067167224803,0.1449292210251013,0.099671866709514,0.7186529080918014
ENSG00000143819,add_a4.0,2.0,77.29729729729729,58.1981981981982,94.87951807228916,314.6,6.979140114123571,23.215552772782367,0.2299359097388654,0.2153031851445275,0.1080536405945922,0.0986209483084885,0.9812548994045796
ENSG00000143819,add_gc_removed_a1.0,2.0,50.750750750750754,40.3003003003003,61.024096385542165,318.6,21.326206548443498,17.49893410711016,0.5363753494439599,0.2165617230598909,0.3281479388931506,0.0744469200279057,0.3207338120461295
ENSG00000143819,add_own,2.0,57.23723723723724,43.84384384384384,77.83132530120483,324.2,22.14988052537112,16.159958593253855,0.5662771308291353,0.2161203988373696,0.3415385977688314,0.0687143473133212,0.2969390502127786
ENSG00000143819,random_a1.0,2.0,50.87087087087088,37.95795795795796,66.38554216867469,317.6,25.842623972683374,13.687784347748224,0.6413949208489147,0.2154420026236046,0.3994864755436143,0.0581411087668081,0.1928573442464986
ENSG00000143819,unsteered,2.0,52.55255255255256,37.35735735735736,66.92771084337349,329.8,30.169114397358648,11.232160841508447,0.7268533811634198,0.2160872366471236,0.465321693093366,0.0477604914592032,0.105226203325609
ENSG00000144115,add_a0.5,2.0,60.06006006006006,54.83483483483483,62.53012048192771,301.2,6.861131705244114,25.693140735208544,0.211196092879585,0.2364804276205464,0.0967464957633422,0.1122000216425121,1.2030405668833637
ENSG00000144115,add_a1.0,2.0,54.65465465465466,60.96096096096096,54.81927710843373,298.8,7.237866110187487,27.57040412416386,0.2069439229879431,0.237103080612183,0.101764202736351,0.1204573166080021,1.2323058055918978
ENSG00000144115,add_a2.0,2.0,81.56156156156156,76.63663663663664,83.55421686746988,316.6,7.13984617414706,24.890323951172807,0.2244501257157345,0.2351995284019068,0.1012336128373576,0.1084988067241277,1.0882180750852788
ENSG00000144115,add_a3.0,2.0,85.94594594594595,85.16516516516516,86.38554216867469,316.2,6.332250552224227,25.758286210520264,0.1972679640787579,0.2361404553495835,0.0893360778319893,0.1123987140306461,1.3090246605532598
ENSG00000144115,add_a4.0,2.0,83.90390390390391,81.86186186186185,84.51807228915663,314.2,5.277561321215351,27.115104536603177,0.1638601660251145,0.2355889626678221,0.0746791550964117,0.1182507015722292,1.6674546291854
ENSG00000144115,add_gc_removed_a1.0,2.0,37.23723723723724,35.43543543543544,36.62650602409639,291.2,7.544042511518145,22.275644042089333,0.2561363084100309,0.236751996221313,0.1061979915579093,0.0972906056182078,0.9591112221530536
ENSG00000144115,add_own,2.0,57.11711711711712,60.30030030030029,65.72289156626506,303.6,8.647187419798886,25.44071066937309,0.2564024994998446,0.2362896857801317,0.1219843585473503,0.1110307336362733,0.9479387045795938
ENSG00000144115,random_a1.0,2.0,44.68468468468468,45.4054054054054,45.30120481927711,309.2,7.110106079524485,22.16365304728949,0.2479216186330216,0.2354929383109823,0.1006330787645942,0.0966420496683091,0.9761634269494268
ENSG00000144115,unsteered,2.0,47.74774774774775,49.30930930930931,45.42168674698795,298.4,8.13718508326387,25.557114354523947,0.2432027776145423,0.2363256130900906,0.1147298309132156,0.1115482164722667,0.9981713918677492
ENSG00000144233,add_a0.5,2.0,55.16014234875445,54.142857142857146,68.0,261.8,7.963146193801158,24.61705482883825,0.2416570881226053,0.2312142181460336,0.1146561933430632,0.1067342311719938,0.96858549105919
ENSG00000144233,add_a1.0,2.0,56.08540925266904,49.5,68.64285714285714,260.8,7.965601477759935,22.179585239316427,0.264138553268988,0.2328746505773654,0.1140942844002683,0.0963730078009094,0.8856030112043236
ENSG00000144233,add_a2.0,2.0,71.95729537366547,64.21428571428571,78.78571428571429,260.6,7.839944943897299,26.438666018841424,0.2339345178874402,0.2317816514526502,0.1126887629073024,0.1147002761420708,1.0527821121417182
ENSG00000144233,add_a3.0,2.0,79.28825622775801,66.0,90.0,264.0,8.402532674837985,21.81412062253709,0.277037864337847,0.232580032277696,0.1203853603414742,0.0947456656807892,0.8219132833479887
ENSG00000144233,add_a4.0,2.0,85.55160142348754,83.35714285714286,88.78571428571429,264.6,8.089359487348844,22.45357618923556,0.2652103039027856,0.2326286082229312,0.1158978577262944,0.0975515965541936,0.8502007471403369
ENSG00000144233,add_gc_removed_a1.0,2.0,61.42348754448399,54.57142857142858,42.21428571428572,255.0,8.319697677982514,24.38587348703179,0.2548842378634731,0.2325952238409608,0.1192429330882495,0.1059105242205236,0.9346536943540212
ENSG00000144233,add_own,2.0,53.38078291814946,62.28571428571429,71.71428571428571,255.2,8.303469073296771,24.523386424945908,0.2506227119288736,0.2330118224808611,0.1187947728128124,0.1065800884322017,0.92244116181303
ENSG00000144233,random_a1.0,2.0,58.035841382816464,53.0,58.85714285714285,256.8,9.352474727193156,25.001729320623628,0.273568714597585,0.2317510133361802,0.1345071221412829,0.1085062975148321,0.820991635486082
ENSG00000144233,unsteered,2.0,56.90721911540417,56.07142857142858,60.85714285714285,257.6,8.468913656133498,26.4664699094621,0.2444625310017662,0.2314406239521077,0.1220391869987389,0.1147971990830347,0.9783145802751518
ENSG00000144426,add_a0.5,2.0,48.048048048048045,37.17717717717718,45.42168674698795,299.0,8.967020089023745,25.948511300606164,0.2565732420966334,0.22016366959286,0.1357706497603748,0.1109151003975925,0.8188044076259862
ENSG00000144426,add_a1.0,2.0,58.37837837837837,40.42042042042042,64.93975903614458,305.6,8.5649862458454,26.534499688545385,0.2442087330242282,0.2203162297164621,0.1295229336216873,0.1134349682877734,0.8884849845373763
ENSG00000144426,add_a2.0,2.0,64.50450450450451,45.585585585585584,72.7710843373494,308.2,7.406728817230435,26.80007267712273,0.2175589721923109,0.221073608555022,0.1117320477647524,0.1146794563416732,1.0370059921950048
ENSG00000144426,add_a3.0,2.0,81.56156156156156,63.3033033033033,91.86746987951808,314.8,7.449539311203244,22.552560107768187,0.2431529034025359,0.2212418432958761,0.1120809807358753,0.0965306598932809,1.0432396569637867
ENSG00000144426,add_a4.0,2.0,85.10510510510511,69.96996996996998,88.91566265060241,312.2,5.831537508297148,24.51010068564669,0.1948765280763586,0.220296789410407,0.0882360252142372,0.1047611476997856,1.1834285203506063
ENSG00000144426,add_gc_removed_a1.0,2.0,53.75375375375376,32.61261261261261,36.50602409638554,297.6,7.869749148511815,26.148645553987688,0.2306138198221727,0.2213215794824778,0.1185414788185286,0.1119342080026244,0.9617782459235558
ENSG00000144426,add_own,2.0,65.82582582582583,47.62762762762763,80.78313253012048,308.6,7.96729255709746,24.74132668773395,0.2447431730155086,0.2208792060463875,0.1201593285090673,0.105876074333729,0.9149988671777032
ENSG00000144426,random_a1.0,2.0,50.750750750750754,31.23123123123123,41.44578313253012,297.4,8.222099159511327,25.936075449789165,0.2403903339254582,0.22028149844588,0.1244489424785138,0.1108732779737331,0.916923416299403
ENSG00000144426,unsteered,2.0,41.68168168168168,39.15915915915916,36.50602409638554,297.0,9.103698634849955,23.407082329873013,0.2797479181081578,0.2203835406908695,0.1378432782639824,0.1000632671521215,0.7333794552687521
ENSG00000144488,add_a0.5,2.0,84.8048048048048,70.57057057057057,86.2368507261675,318.0,12.753355278001376,23.35619719630368,0.350706862552578,0.2535201473465924,0.1674508489808109,0.1042832290044308,0.6684738935298037
ENSG00000144488,add_a1.0,2.0,86.30630630630631,64.74474474474474,92.95180722891568,311.0,10.337396523616963,27.379808010801632,0.275274826953293,0.2527332156998403,0.1361733268920106,0.1221075519260566,0.9363714738683148
ENSG00000144488,add_a2.0,2.0,90.51051051051051,66.60660660660662,98.13253012048192,315.0,11.53385109604246,24.50864603012275,0.3151483049488172,0.2539795562078343,0.1513610096286882,0.1095003095040338,0.7842759851494916
ENSG00000144488,add_a3.0,2.0,85.34534534534535,66.48648648648648,95.42168674698794,313.4,8.875360919498466,28.522136412021545,0.2380239109265146,0.2539220643413484,0.1165232974792289,0.1274418830556248,1.120283021483173
ENSG00000144488,add_a4.0,2.0,81.26126126126125,79.6996996996997,86.3855421686747,311.4,8.349073401497183,29.36977087033778,0.2218672618598267,0.2539920504576889,0.1095744207002023,0.1312482191066772,1.199730746435157
ENSG00000144488,add_gc_removed_a1.0,2.0,85.88588588588588,53.813813813813816,93.61445783132532,312.8,12.313415318986994,24.817287203964646,0.3267921287836539,0.2535531217847797,0.1621229646400796,0.1108438352619915,0.7995011348355648
ENSG00000144488,add_own,2.0,88.1081081081081,65.58558558558559,97.40963855421688,315.8,12.329967149441032,26.09795564986162,0.3182630278958637,0.2537472594184458,0.1620824299024534,0.1165762760332767,0.8325382122872925
ENSG00000144488,random_a1.0,2.0,76.03603603603604,56.63663663663664,82.83132530120483,312.0,13.80431468524495,24.1450473364363,0.3587774232339253,0.2543426624417677,0.1809610631566829,0.1079376454238162,0.6582591533734543
ENSG00000144488,unsteered,2.0,82.4024024024024,59.27927927927929,87.34939759036145,312.0,17.267269206476403,21.608291608458167,0.4466352203614201,0.2542373126417101,0.2265567463295493,0.0966249452536224,0.4502792390588258
ENSG00000144644,add_a0.5,2.0,48.108108108108105,36.0960960960961,36.20481927710844,299.4,7.21582194045038,25.38933133379094,0.2206391618118422,0.2206783409743204,0.1087713649999574,0.1086058916363791,1.025121989170816
ENSG00000144644,add_a1.0,2.0,41.98198198198198,32.432432432432435,36.024096385542165,298.8,6.331334349001176,26.01810710570925,0.1939266129655365,0.2196987166906581,0.0959719064347756,0.1111538989088266,1.3908247090587318
ENSG00000144644,add_a2.0,2.0,62.102102102102094,42.64264264264264,66.98795180722891,303.6,7.565550148857811,25.221437980894336,0.2329769267320974,0.2206517383762146,0.1143485531533642,0.10791668446948,0.962324179145954
ENSG00000144644,add_a3.0,2.0,72.67267267267268,67.14714714714714,82.71084337349397,311.4,7.84117980226012,21.98834289380457,0.2632949255672009,0.222429793950641,0.1174607519925875,0.0942660987726491,0.8132994576287358
ENSG00000144644,add_a4.0,2.0,75.07507507507508,72.13213213213213,84.03614457831324,312.6,9.725755170674182,21.39731153920554,0.3123701765172463,0.2212325287425053,0.1464936761611514,0.0915835662217787,0.6482601101924506
ENSG00000144644,add_gc_removed_a1.0,2.0,43.84384384384384,29.54954954954955,32.71084337349397,299.6,6.337814943586815,26.187760369059426,0.1948486323591221,0.2231229418787756,0.0946075195245325,0.1123729846293099,1.2243631530284735
ENSG00000144644,add_own,2.0,52.31231231231232,39.57957957957958,51.56626506024097,296.6,6.805505969221388,26.704087589030955,0.205048915975555,0.2227588934188415,0.101791399953365,0.1145285640012143,1.2103949581283289
ENSG00000144644,random_a1.0,2.0,32.50967835305185,25.885885885885887,30.12048192771084,289.4,6.614825186834207,27.49444361541274,0.1917625413185901,0.2223116373019811,0.0990781208433413,0.1178446271928563,1.3101234127315509
ENSG00000144644,unsteered,2.0,39.93993993993994,34.53453453453454,34.45783132530121,297.0,6.537509542472381,26.722970757422928,0.1968358578478882,0.2237935696543015,0.0974143945995231,0.1147723660349762,1.191818231888547
ENSG00000145860,add_a0.5,2.0,57.23723723723724,37.77777777777778,79.57831325301206,302.6,9.381437638089702,23.776417728110687,0.2839461998609175,0.2401325193508287,0.1302377632524909,0.1042993420352668,0.8168327517355174
ENSG00000145860,add_a1.0,2.0,51.17117117117117,52.372372372372375,60.06024096385543,302.4,8.333265495974144,25.46370718336795,0.2457336318122489,0.239349584904858,0.1161183190730009,0.1115848236683836,0.9912006409917872
ENSG00000145860,add_a2.0,2.0,80.42042042042041,65.52552552552552,78.43373493975903,311.4,9.508729573304803,19.558497243289743,0.3284507641397675,0.2402834664733918,0.1317835524412798,0.0858251222749823,0.6561203158357191
ENSG00000145860,add_a3.0,2.0,81.02102102102103,57.65765765765766,91.74698795180724,313.4,8.612678226734687,19.12962599463558,0.3150188052545917,0.2402939510282466,0.1194270487020767,0.0839235723323556,0.7071613152247609
ENSG00000145860,add_a4.0,2.0,81.86186186186187,62.52252252252252,89.81927710843374,311.2,8.224601317043474,20.820207329760844,0.2847643594861212,0.2416433353483373,0.1134907836202942,0.0915330558638877,0.8116942529074473
ENSG00000145860,add_gc_removed_a1.0,2.0,55.585042874199495,37.53753753753754,49.63855421686747,302.8,6.868925197365688,26.363996534253022,0.2070570279760367,0.2391050092218761,0.095744491738143,0.1154954603250155,1.2097760860345943
ENSG00000145860,add_own,2.0,64.74474474474474,49.42942942942943,80.66265060240964,308.8,9.005990441812823,22.46735942154456,0.2902319801996177,0.2400810457285658,0.1250135079219815,0.0985642899739313,0.7891468586210457
ENSG00000145860,random_a1.0,2.0,53.48312167589277,38.7987987987988,58.25301204819277,302.8,8.38244064144165,25.25130327620339,0.2499981670351724,0.2403287107760574,0.1162960495115764,0.1107772511901269,0.9757633577435796
ENSG00000145860,unsteered,2.0,42.46246246246246,44.02402402402403,48.67469879518072,296.6,8.304671893726743,25.83689390405652,0.2442819120775458,0.2402868209108085,0.115085813125403,0.1133372728160332,1.0262563394937485
ENSG00000146090,add_a0.5,2.0,73.81381381381382,64.8048048048048,72.28915662650603,307.4,11.042114585552332,23.62372947817473,0.3191611999544008,0.2192590697334856,0.1678401599002904,0.100852170970485,0.6270700530799947
ENSG00000146090,add_a1.0,2.0,71.83183183183183,66.72672672672672,82.10843373493977,309.2,8.671990479461325,23.74258507231443,0.2692929938965585,0.2189838301311658,0.1319388274145131,0.1013265195047895,0.8295438453169497
ENSG00000146090,add_a2.0,2.0,83.42342342342343,80.18018018018019,89.39759036144578,315.8,8.608164545256638,20.69079681879112,0.2933624403667665,0.217985879050235,0.1315718723230582,0.0881844180585427,0.7270102209646491
ENSG00000146090,add_a3.0,2.0,84.38438438438439,85.16516516516518,85.8433734939759,316.6,8.338409812039059,20.975046831065463,0.2846025318465145,0.2175154331161777,0.1277507477995701,0.0893495910461473,0.7189633255190905
ENSG00000146090,add_a4.0,2.0,84.86486486486487,78.43843843843844,91.32530120481928,315.4,8.222625335274625,21.70401582501642,0.2744162712919032,0.2186452950839036,0.125470744351531,0.0926024191543932,0.8188007919881203
ENSG00000146090,add_gc_removed_a1.0,2.0,64.50450450450451,64.86486486486487,64.75903614457832,307.2,10.346958780298856,23.44171498575268,0.3065044846119612,0.2196932330717703,0.1569797392641796,0.1001367134238939,0.6446993311644531
ENSG00000146090,add_own,2.0,70.57057057057057,72.85285285285286,79.03614457831324,311.4,9.8257248374241,22.937702340859914,0.2989380307301302,0.2184367562033628,0.1497695447289798,0.0978234373339545,0.7095415325772335
ENSG00000146090,random_a1.0,2.0,68.04804804804806,64.56456456456456,69.33734939759036,310.2,10.064697241144186,21.9132068161409,0.316454688734516,0.217944922569119,0.1538662608088523,0.093421729572337,0.610751871967995
ENSG00000146090,unsteered,2.0,64.26426426426426,67.38738738738739,70.3012048192771,303.2,10.62859385547173,24.40116028580515,0.3058373418848456,0.217618430227015,0.1627080208198149,0.103952905379512,0.6484231138582105
ENSG00000146215,add_a0.5,2.0,69.21348314606742,58.690934771443246,80.22598870056497,168.2,14.792174007976772,20.57181513670781,0.4177218364605722,0.2334697167560745,0.2110791664703581,0.0894719649498544,0.4326662079432101
ENSG00000146215,add_a1.0,2.0,82.80898876404494,64.8587570621469,69.26553672316383,166.6,9.239035289848657,23.995363105958784,0.276828140413046,0.2342548927083564,0.1315663810154011,0.1044519281574446,0.8324848181399659
ENSG00000146215,add_a2.0,2.0,74.94382022471909,63.05084745762712,92.76836158192091,168.4,10.340186061980122,25.2987185651446,0.2915618530020704,0.2315714566100722,0.1489739159325278,0.1097608844056873,0.8345292746237567
ENSG00000146215,add_a3.0,2.0,80.78651685393258,75.36723163841808,92.42937853107344,165.8,11.447182802476108,22.20891418676083,0.3397648902821316,0.2323950680921085,0.1640564877695157,0.0964276768203144,0.6081844533405596
ENSG00000146215,add_a4.0,2.0,76.85393258426966,73.22033898305085,91.1864406779661,166.8,9.352613132563992,23.727950144169355,0.2781029542838379,0.2316868795838543,0.1347472934003909,0.1029299866897263,0.8384214517848511
ENSG00000146215,add_gc_removed_a1.0,2.0,67.30337078651685,58.53107344632768,82.82485875706215,165.6,12.99653109233626,17.956191693334738,0.4223683985323534,0.2339228809922464,0.1851162738082035,0.0781666900093725,0.4298124712813885
ENSG00000146215,add_own,2.0,71.79775280898876,64.29378531073446,86.55367231638418,165.4,12.551673757555836,21.76340303677669,0.3657126852918169,0.2340708140159124,0.1788435211096325,0.0947036763167006,0.5351727537793323
ENSG00000146215,random_a1.0,2.0,69.21348314606742,71.41242937853107,81.35593220338983,169.4,13.230668692401528,21.871476394936884,0.3790196078431372,0.2316765108130786,0.1903676088709335,0.0949003553866973,0.5025740207349421
ENSG00000146215,unsteered,2.0,59.49850822065639,64.0677966101695,76.045197740113,165.4,15.436954082109988,20.1763768370198,0.4197359620678988,0.2329546889495205,0.2213274652577155,0.087667723913775,0.5470683609223324
ENSG00000146233,add_a0.5,2.0,51.53153153153153,48.408408408408405,60.48192771084338,309.6,7.38008510387027,23.09250709506464,0.2451487793331102,0.2184840324652773,0.1127011451983196,0.0984936337796327,0.978902031934983
ENSG00000146233,add_a1.0,2.0,58.85885885885887,46.66666666666667,64.09638554216868,307.2,8.254273116154533,25.37500460376745,0.2489191599739301,0.218830842152728,0.1258111944028111,0.1083014797931724,0.9534909783116838
ENSG00000146233,add_a2.0,2.0,65.22522522522522,65.82582582582583,76.20481927710844,314.2,8.399610457424753,21.39315427955477,0.2802994129174438,0.2199569256872597,0.1272910414130979,0.0914228137096199,0.7402930429785612
ENSG00000146233,add_a3.0,2.0,69.6096096096096,43.78378378378378,91.50602409638554,315.4,9.43769615749368,20.35003277100372,0.3153603457549264,0.2179110775589924,0.1442410066816006,0.0867432711105819,0.6284247485507961
ENSG00000146233,add_a4.0,2.0,83.54354354354355,71.29129129129129,89.27710843373494,318.0,7.501601273697551,17.705332214880183,0.2964119631427419,0.2186526302373364,0.1144060296121453,0.0755273377510955,0.6683403322687113
ENSG00000146233,add_gc_removed_a1.0,2.0,47.147147147147145,39.27927927927928,38.55421686746988,303.0,10.096714455654215,25.57570520634104,0.2791231177886724,0.2181413605840024,0.1543730614153991,0.1090430697594861,0.8406270148665183
ENSG00000146233,add_own,2.0,62.94294294294294,54.05405405405405,70.24096385542168,310.8,7.994609947282953,23.058958467048253,0.2555173821004035,0.2172874038805723,0.1227245112782002,0.0982005278726233,0.8270912023181101
ENSG00000146233,random_a1.0,2.0,45.16516516516516,32.012012012012015,40.12048192771084,299.2,10.734620797049567,23.40418274854875,0.3129907088572081,0.2176325369619527,0.1645693436162645,0.0997141379272914,0.6329209957665963
ENSG00000146233,unsteered,2.0,45.825825825825824,36.15615615615616,41.80722891566265,305.8,9.486865614160482,24.36578384947575,0.2786863640623765,0.2174849844657952,0.1454485903906018,0.1037881010583586,0.7573457764919392
ENSG00000146411,add_a0.5,2.0,72.13213213213213,54.8948948948949,88.01204819277109,308.4,7.18277966224304,26.02046442068293,0.216171802054155,0.2541440392734315,0.0941916628655946,0.1162955111665224,1.2943799008246948
ENSG00000146411,add_a1.0,2.0,79.68124751257281,68.04804804804806,86.26506024096386,312.4,7.236104561405433,23.45927539525869,0.2374434422208652,0.2539977776863089,0.0950285924447669,0.1048117851405514,1.162745971692941
ENSG00000146411,add_a2.0,2.0,81.92192192192192,60.6006006006006,97.04819277108432,315.0,7.75384024794773,21.470542296789446,0.2670489993098688,0.2531901366952206,0.1020847064028902,0.0958260358971178,0.9719983255637304
ENSG00000146411,add_a3.0,2.0,85.7057057057057,75.55555555555556,90.5421686746988,314.8,7.56235844005865,20.84972384107897,0.2673753513449138,0.253057771664208,0.099617136619732,0.0930462213520618,0.9563833751976922
ENSG00000146411,add_a4.0,2.0,86.42642642642643,83.78378378378378,92.2289156626506,311.6,7.319894785420078,22.593427458738496,0.2435890361414658,0.2542366567027873,0.0960781248547319,0.1009908969300337,1.1938275451714673
ENSG00000146411,add_gc_removed_a1.0,2.0,74.71471471471472,64.56456456456456,81.32530120481928,312.2,7.376605494423631,22.912452294680904,0.2512582382723228,0.253846212594182,0.096821819100455,0.1023752115538884,1.101331175292933
ENSG00000146411,add_own,2.0,78.97897897897897,69.6096096096096,88.49397590361446,311.8,6.86821027617187,24.689075918393687,0.2153844811413638,0.253504850687649,0.0902771771929608,0.1102428191399756,1.3766458951784373
ENSG00000146411,random_a1.0,2.0,64.56456456456456,53.51351351351351,78.67469879518072,312.8,8.438714850190731,22.24162817836932,0.2772732165004935,0.2525601942757076,0.1114374391493277,0.0992038167744787,0.8992384187021549
ENSG00000146411,unsteered,2.0,63.66366366366367,55.31531531531532,75.06024096385542,308.2,9.27661052304158,23.32144292030181,0.2837985258523879,0.2546713488934051,0.1214020380792431,0.1042988961216262,0.893321955398458
ENSG00000146425,add_a0.5,6.5,43.77880184331797,38.64168618266979,37.00234192037471,58.0,20.573722522186635,17.314590885382025,0.5292233825435034,0.2103499355249847,0.3258740555461918,0.0731213478105253,0.2874994751732886
ENSG00000146425,add_a1.0,6.5,47.69585253456221,36.65105386416862,35.011709601873534,56.42857142857143,13.209714469371344,20.319160368975727,0.392376807702486,0.209120010714092,0.2101856503541898,0.0856330720685824,0.5031343883423137
ENSG00000146425,add_a2.0,6.5,48.50230414746544,40.16393442622951,38.875878220140514,55.71428571428572,12.825996463385724,22.729412208379635,0.3572539007975425,0.2106853782466922,0.2033646644416169,0.0960093832813766,0.4998160581085175
ENSG00000146425,add_a3.0,6.5,52.534562211981566,42.62295081967213,58.313817330210775,57.21428571428572,13.95276996556021,18.92660730630443,0.4032417467661828,0.210312822565909,0.2209779228574655,0.0798987718773303,0.6676250918690707
ENSG00000146425,add_a4.0,6.5,66.01382488479263,50.70257611241218,73.53629976580795,56.642857142857146,10.468027734976888,22.3965346459502,0.324358376831287,0.2090542662879223,0.1669553537978154,0.0943496964718174,0.6896251168970343
ENSG00000146425,add_gc_removed_a1.0,6.5,41.474654377880185,36.76814988290398,36.65105386416862,56.142857142857146,17.760243442725905,20.448926044445304,0.4262181038535207,0.20982138034935,0.2828432183421688,0.0862749223189087,0.5579302844935861
ENSG00000146425,add_own,6.5,44.5852534562212,41.569086651053865,40.39812646370024,58.35714285714285,26.18468568631827,14.2118408352039,0.6249851308585737,0.2088989948523196,0.4177028299026344,0.0598547755462044,0.2426601280980887
ENSG00000146425,random_a1.0,6.5,42.05069124423964,36.29976580796253,35.59718969555035,56.285714285714285,17.70113382500359,18.262284155407645,0.4631717702825006,0.2093702737856667,0.2814681464189733,0.0769763570339934,0.4935041821059681
ENSG00000146425,unsteered,6.5,42.51152073732719,34.19203747072599,25.995316159250585,56.142857142857146,17.973624168991755,18.598894188433327,0.4754400533183247,0.208855523263174,0.2866418576915027,0.0783323087004744,0.6262032213564215
ENSG00000146476,add_a0.5,2.0,42.46246246246246,35.31531531531532,43.31325301204819,297.2,8.306061832731997,25.505361903800143,0.2457794865952761,0.199637368636575,0.1386794948382305,0.1062139371262858,0.7740547699460455
ENSG00000146476,add_a1.0,2.0,50.090090090090094,39.75975975975976,47.65060240963855,297.4,7.115140536275115,25.939443858545133,0.2185208088100691,0.198256901082802,0.119751279899387,0.1078720540776193,1.0228586892721907
ENSG00000146476,add_a2.0,2.0,73.93393393393394,57.89789789789789,81.144578313253,314.6,6.805562599531379,21.8241756012456,0.2382034299061141,0.1982064347000904,0.1144139830798675,0.0907289025365687,0.8018843375200255
ENSG00000146476,add_a3.0,2.0,72.91291291291292,59.63963963963963,90.06024096385542,315.8,7.855631479283874,21.290961426770146,0.2732137767660504,0.1982958057668118,0.1320199821056612,0.0885223500860331,0.7112904430261702
ENSG00000146476,add_a4.0,2.0,84.8048048048048,68.1081081081081,96.02409638554217,319.6,7.149603785301697,16.901739013387697,0.2971617203934277,0.1974720092059964,0.120651509901193,0.0702009456192449,0.6027426552343547
ENSG00000146476,add_gc_removed_a1.0,2.0,39.6996996996997,31.53153153153153,26.626506024096383,299.4,7.372341842618402,24.447262536871754,0.2291789016577504,0.1997043563921136,0.1231679242670113,0.1018432043925107,0.8745159031405041
ENSG00000146476,add_own,2.0,51.771771771771775,44.74474474474474,59.39759036144578,302.6,7.254971222774533,25.632720626141225,0.2228833923801403,0.198819988798205,0.1217801870898808,0.1066668380190995,0.92003641671176
ENSG00000146476,random_a1.0,2.0,47.68768768768769,32.432432432432435,32.40963855421687,298.4,8.566942084549899,25.426715418010467,0.2525170752719043,0.1985400794072698,0.1438074735070743,0.1057507453738895,0.7831328952144411
ENSG00000146476,unsteered,2.0,45.04504504504505,24.144144144144143,32.16867469879518,292.2,8.329685218718648,26.44032382345859,0.2395294190511581,0.1982209794887955,0.1399699533463639,0.1099288117176578,0.7904331170475426
ENSG00000146828,add_a0.5,2.0,71.47147147147147,68.58858858858858,73.73493975903614,310.4,10.431830344380494,25.917987565046708,0.2856520717901792,0.2784792770650268,0.1248531842147617,0.1197226881173167,1.0077851184674256
ENSG00000146828,add_a1.0,2.0,65.88588588588588,70.2102102102102,78.73493975903614,306.8,11.219410522569811,25.45915976638249,0.3105648852007495,0.2780784949130435,0.1344506046498988,0.1175426127159886,1.3441797797056945
ENSG00000146828,add_a2.0,2.0,78.37837837837837,77.41741741741741,84.6987951807229,309.0,7.11871370803072,30.74267592499106,0.1873296446870494,0.2784752442356943,0.0852808872641229,0.1420250086216614,1.7011275826921115
ENSG00000146828,add_a3.0,2.0,85.52552552552552,74.23423423423424,75.90361445783132,312.6,6.9126190705480255,27.66072744131109,0.1996461087688997,0.2775987361479079,0.0830322150032115,0.1276327712203272,1.6267879037702784
ENSG00000146828,add_a4.0,2.0,73.69369369369369,62.4024024024024,90.90361445783132,315.6,9.107190149129618,25.61267940679509,0.2585363700931326,0.2780325674927811,0.1089319129472866,0.118241235338389,1.203541620378438
ENSG00000146828,add_gc_removed_a1.0,2.0,63.183183183183175,63.54354354354355,63.373493975903614,304.0,9.457536355060531,27.848288766380733,0.2547157266279994,0.278288761870045,0.1132621165807914,0.128622176748378,1.2293077167345363
ENSG00000146828,add_own,2.0,75.91591591591592,78.31831831831832,78.25301204819277,310.4,6.62886171640948,30.22729664864056,0.1794745915917224,0.2784864261503864,0.0793263978133765,0.139641986363071,1.835418952604417
ENSG00000146828,random_a1.0,2.0,64.8048048048048,60.48048048048048,75.90361445783132,299.6,14.844580868400492,21.869449715370017,0.3950664185819518,0.2787222945682599,0.1780981299484127,0.1011343631731926,0.8956571671668012
ENSG00000146828,unsteered,2.0,68.16816816816817,63.36336336336336,75.96385542168674,300.4,18.77697948258821,16.862924128414015,0.5177693602693603,0.277726568650006,0.2251791047041512,0.0778042326640122,0.5755132565779151
ENSG00000147465,add_a0.5,2.0,73.14049586776859,60.8298755186722,85.89211618257261,224.0,6.966613556144921,27.336319972207964,0.2035798845159576,0.22342712409915,0.1038848174641254,0.1173549736123557,1.169306132680742
ENSG00000147465,add_a1.0,2.0,78.09917355371901,62.24066390041494,92.78008298755186,225.2,6.762527043675158,26.56796531755777,0.2015389175750621,0.2250751255205143,0.1001671714279058,0.11428218740618,1.199146372964495
ENSG00000147465,add_a2.0,2.0,86.19834710743802,72.61410788381743,97.26141078838174,230.6,7.114600351332823,24.550372700717062,0.2246353545169256,0.2249083070864609,0.105421097658805,0.1055747269312062,1.0223953189967971
ENSG00000147465,add_a3.0,2.0,82.97520661157026,65.3941908713693,97.75933609958506,226.8,7.310497231344287,28.33343999355891,0.2067847887875485,0.2230022595175735,0.1093668681301821,0.12155065405804,1.1462897211156295
ENSG00000147465,add_a4.0,2.0,88.51239669421487,84.31535269709543,92.5311203319502,227.6,6.413465393240031,25.223392264937097,0.2043816746633648,0.2243720051224427,0.0952676644911431,0.1083753350792397,1.143307058538496
ENSG00000147465,add_gc_removed_a1.0,2.0,59.66942148760332,51.36929460580912,73.94190871369294,221.2,8.220740283569254,25.24883684686496,0.2434148802310141,0.2240501753977171,0.122224350042602,0.1084567544528554,0.9364326597403128
ENSG00000147465,add_own,2.0,71.98347107438016,66.05809128630706,90.8713692946058,224.4,6.071461702109117,28.718509947436768,0.1727395774586147,0.2242828325982749,0.0903849623522749,0.1233895775949007,1.4526201985141296
ENSG00000147465,random_a1.0,2.0,64.04958677685951,51.78423236514523,76.34854771784232,223.4,7.149243852535338,25.86677942454154,0.2164620496640715,0.2228050579447454,0.1068984918439095,0.1109340695830078,1.0487727725121818
ENSG00000147465,unsteered,2.0,67.52066115702479,60.66390041493776,76.2655601659751,221.6,7.21828763285144,28.776078562668324,0.1995328765956354,0.2269598667291528,0.1061003101874117,0.1240722832071884,1.2417959907724287
ENSG00000147642,add_a0.5,2.0,63.003003003003,48.768768768768766,67.71084337349399,303.2,8.983642508000717,25.48753451940648,0.2588103532758085,0.2264901731689713,0.1320958480578436,0.1098373386193264,0.8680419958938337
ENSG00000147642,add_a1.0,2.0,70.57057057057057,60.78078078078077,84.03614457831324,307.8,8.32572841453297,24.27467299725364,0.2569582223812525,0.2256097269797465,0.1230020699013661,0.1044785815326369,0.8571212877448326
ENSG00000147642,add_a2.0,2.0,73.75375375375376,56.87687687687687,92.46987951807228,308.8,8.483956460346743,23.447979961407583,0.2642334869431643,0.2280031715172047,0.1240669270117401,0.101246036085041,0.8707856893443779
ENSG00000147642,add_a3.0,2.0,78.7987987987988,70.03003003003002,94.93975903614458,314.6,8.206311351266201,24.23275516274689,0.2510100819010262,0.2282990797267254,0.1199134735000276,0.1046823065021486,0.9507291288887688
ENSG00000147642,add_a4.0,2.0,80.48048048048048,65.52552552552552,95.42168674698794,311.0,8.551433481436613,26.11013255109716,0.2463630514105274,0.2276480245694156,0.1251925196817882,0.1127011867184584,0.9170730799877044
ENSG00000147642,add_gc_removed_a1.0,2.0,54.67853395564239,46.006006006006,59.27710843373494,307.8,7.020269290113281,25.33760170910865,0.2184249330862503,0.2263343497528313,0.1034188286029947,0.1091696451110321,1.084590582190588
ENSG00000147642,add_own,2.0,71.41141141141141,59.21921921921923,90.66265060240964,309.2,8.019311112883717,25.42586351210664,0.2432977687317635,0.2289295506759156,0.1166790659340173,0.1099453150376919,0.9873982244564748
ENSG00000147642,random_a1.0,2.0,47.74774774774775,35.73573573573573,43.25301204819277,300.4,8.309632329456855,24.114668767914853,0.252031647746818,0.2272228459739977,0.122165479910696,0.1040350207282805,0.9469839259779876
ENSG00000147642,unsteered,2.0,55.85585585585586,48.40840840840841,56.56626506024096,304.4,9.369641649664525,23.5587505353041,0.2817044706445628,0.2269687770717131,0.1375492387368579,0.1015826843019679,0.8203499807269109
ENSG00000147677,add_a0.5,2.0,52.135593220338976,29.79591836734694,53.265306122448976,281.2,26.3239341538142,11.606169185231344,0.6854068074951896,0.2038167938931299,0.4307449519452994,0.0485995104244497,0.2630140063497937
ENSG00000147677,add_a1.0,2.0,57.762711864406775,42.85714285714285,59.31972789115646,275.8,13.77614526702057,18.357445854518897,0.4112662612309131,0.205003865457462,0.2243785682135549,0.0769718110195019,0.4543300646749454
ENSG00000147677,add_a2.0,2.0,72.27118644067797,49.65986394557823,87.27891156462586,279.0,16.07997557997558,21.148629148629148,0.4140812651176585,0.2035016218349553,0.2634006902510518,0.0884913331166601,0.4841754047893006
ENSG00000147677,add_a3.0,2.0,73.35593220338983,52.58503401360544,84.96598639455783,276.8,11.37503024553429,22.61352364234841,0.3204555434012264,0.2038472644015124,0.1860143468235446,0.0946942079616288,0.9852401247421164
ENSG00000147677,add_a4.0,2.0,81.35593220338983,66.59863945578232,90.8843537414966,277.2,5.997222183164563,23.336555619833707,0.203234982338636,0.2031294065425018,0.0984118787249181,0.0976092645701884,1.0156344095578087
ENSG00000147677,add_gc_removed_a1.0,2.0,45.6271186440678,27.89115646258504,36.46258503401361,277.2,29.144955626891736,11.602963221920913,0.6916770937688157,0.2032518859208672,0.4775737250876236,0.0485321464517812,0.1731736204333647
ENSG00000147677,add_own,2.0,53.35593220338983,29.931972789115644,56.4625850340136,284.0,29.47702970883564,10.066506718797823,0.7067431105577306,0.2040864376713435,0.4820058693628651,0.042181356181823,0.1892308290138166
ENSG00000147677,random_a1.0,2.0,52.40677966101695,27.959183673469383,41.292517006802726,287.6,35.84255076076232,6.431946824531339,0.8471574617555637,0.2026576194515128,0.5878312164026444,0.0267784633233138,0.0934573126471392
ENSG00000147677,unsteered,2.0,46.50847457627118,27.959183673469383,38.36734693877551,280.2,29.868854029254287,9.942108972866714,0.7131316054123071,0.2058077207435574,0.4868743546602267,0.0418625446314482,0.2084947761967578
ENSG00000147679,add_a0.5,2.0,52.7927927927928,39.09502262443439,65.3393665158371,210.0,13.061439454888994,19.36601678653654,0.4031555240534114,0.2258328684517839,0.1928939159311596,0.0833853379987646,0.4815476962681267
ENSG00000147679,add_a1.0,2.0,64.50450450450451,47.14932126696833,87.42081447963801,211.4,14.064608839091743,19.092010689309127,0.4171952954639178,0.2241039416775776,0.2091309156710097,0.0820073564375061,0.4724925506063683
ENSG00000147679,add_a2.0,2.0,69.54954954954954,57.37556561085973,84.97737556561086,210.2,10.26230867391655,21.907651641039664,0.3118603199450541,0.2257131271487297,0.1513545725613246,0.0943410948443542,0.7153463972722717
ENSG00000147679,add_a3.0,2.0,70.63063063063063,45.79185520361991,94.93212669683255,209.2,13.285998842149676,22.77511210542325,0.36999666999667,0.2267849592844437,0.1953769943613293,0.0982037048043641,0.5397880312527608
ENSG00000147679,add_a4.0,2.0,75.31531531531532,54.11764705882352,92.85067873303169,210.4,9.02946474247368,22.622374976893347,0.2827472460032526,0.2260253645357911,0.1331337165144236,0.0974265358190174,0.7568617707337105
ENSG00000147679,add_gc_removed_a1.0,2.0,57.567567567567565,39.81900452488688,73.66515837104073,209.6,12.700356887263997,21.338134770962508,0.3572348831473896,0.2250966452265981,0.1880017342263383,0.0917953192682843,0.5982763200651867
ENSG00000147679,add_own,2.0,68.73873873873875,54.02714932126696,85.97285067873302,211.2,13.920163090318027,20.872247259874847,0.3922471917912489,0.2244299430300005,0.2067849960074241,0.0896941036453238,0.4879825180882798
ENSG00000147679,random_a1.0,2.0,57.297297297297305,38.914027149321264,65.88235294117646,215.4,25.30401863351374,15.721529478053563,0.6127207853086062,0.2254167869698615,0.374351400786641,0.067660059205117,0.2209716763877611
ENSG00000147679,unsteered,2.0,55.04504504504505,46.39366515837104,72.76018099547511,203.2,12.723141045033303,21.17008906083896,0.3753781347356947,0.2263451327555558,0.1871672533531573,0.0911778313878989,0.570683553766051
ENSG00000147813,add_a0.5,2.0,75.97597597597597,52.01201201201201,98.73493975903617,316.0,12.842648474960972,23.062082517940027,0.3574346448102255,0.2704036379501543,0.1584360056303427,0.1053957105473437,0.7928031994320655
ENSG00000147813,add_a1.0,2.0,75.43543543543544,48.288288288288285,98.97590361445783,318.2,14.383979731283636,21.5141165134933,0.4013287919426153,0.270474050238234,0.1772358869359198,0.098293583658242,0.5794426635070488
ENSG00000147813,add_a2.0,2.0,76.87687687687688,48.168168168168165,99.03614457831326,317.6,15.109684169396724,21.230654217424043,0.4172368441121873,0.2707123255182924,0.186039010368343,0.0970476968463768,0.5435118544651735
ENSG00000147813,add_a3.0,2.0,80.6006006006006,52.13213213213213,99.21686746987952,315.6,15.235551424978429,22.99834822465336,0.4019295634920635,0.2708862589778492,0.1875542317243579,0.1051609863557605,0.6090738922997525
ENSG00000147813,add_a4.0,2.0,79.45945945945945,51.47147147147147,97.289156626506,315.0,13.36393349990441,25.84579918326257,0.3361837219929854,0.2705499154259488,0.1646582156325608,0.1181037957489418,0.7775193957143446
ENSG00000147813,add_gc_removed_a1.0,2.0,71.53153153153153,47.38738738738739,95.96385542168674,317.0,17.41665222425457,18.85885603181801,0.4799430845892143,0.2708645737667662,0.2143483049408154,0.0862201913922449,0.4052455435732113
ENSG00000147813,add_own,2.0,74.65465465465465,48.768768768768766,98.55421686746988,318.6,16.444987422328932,20.414252710347,0.4483732832979948,0.2691627400671189,0.203660706840244,0.093117697137442,0.4576385817154864
ENSG00000147813,random_a1.0,2.0,75.85585585585586,47.807807807807805,98.61445783132532,316.8,15.914468071829564,21.14348827783794,0.4292254455086077,0.2698559875859694,0.1965504880174163,0.0965272779543463,0.5016709880795366
ENSG00000147813,unsteered,2.0,74.77477477477478,47.627627627627625,98.73493975903617,316.6,15.10508270544619,20.66567154531438,0.4220897344812601,0.2695330325968593,0.1867469625907294,0.0943050653667339,0.5086615140397035
ENSG00000147912,add_a0.5,2.0,63.72372372372372,50.45045045045045,85.0,321.0,17.271275821051667,19.44866935855272,0.4588517413959108,0.2233371733559234,0.2579823585935528,0.0834796776328269,0.4348110839979653
ENSG00000147912,add_a1.0,2.0,64.20420420420422,56.45645645645645,85.90361445783132,323.8,16.91856068631063,16.360154705870364,0.5121073232864413,0.2248390391421619,0.2508204279205847,0.0703576928831416,0.2844499847554567
ENSG00000147912,add_a2.0,2.0,72.07207207207207,60.42042042042042,94.75903614457832,317.0,10.972416123964171,22.84313681329126,0.3218946454852046,0.2251689062320286,0.1624739831467786,0.0982742154862717,0.6421072177740441
ENSG00000147912,add_a3.0,2.0,79.93993993993993,61.14114114114115,98.07228915662652,314.8,9.784657767281052,23.94471605925188,0.2908040139534872,0.2241953936316917,0.1454409920831454,0.1028814934464843,0.7284793144381553
ENSG00000147912,add_a4.0,2.0,86.06606606606606,73.69369369369369,94.09638554216868,314.6,8.960760178887607,25.504618053583066,0.2614992931775454,0.225539713855969,0.1324222193094719,0.1097735005391431,0.8470705419115887
ENSG00000147912,add_gc_removed_a1.0,2.0,55.55555555555556,47.327327327327325,68.37349397590361,317.2,20.116539510721942,17.632516336443757,0.5305645202751114,0.2233385361677936,0.3002130024316575,0.0756764962487105,0.2637888102890421
ENSG00000147912,add_own,2.0,69.90990990990991,57.71771771771772,91.6265060240964,318.4,13.437635125839009,22.683511945124167,0.3702949030762262,0.2258493634890532,0.198210833850323,0.0976647631428254,0.5264607140267665
ENSG00000147912,random_a1.0,2.0,57.65765765765766,47.687687687687685,70.72289156626506,320.2,21.242709583811056,16.14006662224328,0.5630564426836996,0.2230552559580341,0.3174574756370504,0.0692429508690718,0.2363261639489929
ENSG00000147912,unsteered,2.0,56.996996996997,48.22822822822823,68.73493975903615,318.4,18.395661448118844,18.323466370610824,0.5037510482289107,0.2232744258595516,0.2747116016831489,0.0786499204099302,0.2919785666128984
ENSG00000148225,add_a0.5,2.0,66.1668294800825,55.43543543543543,70.06024096385542,305.4,7.206350598472456,26.61182786758611,0.2125308564143515,0.2342929063433615,0.1024811359062597,0.1158463101600402,1.1644995953118502
ENSG00000148225,add_a1.0,2.0,63.72372372372372,55.85585585585586,74.51807228915662,306.6,5.981847885290683,27.355399844188945,0.1797291420939723,0.2341656735322352,0.0850957427743454,0.1190629841738388,1.4555557381442774
ENSG00000148225,add_a2.0,2.0,77.53753753753753,72.97297297297298,86.56626506024097,312.2,7.040087917174641,23.996040119024155,0.2285462363921545,0.2335340101279576,0.1004576250964308,0.1043595078234194,1.0493102663486795
ENSG00000148225,add_a3.0,2.0,76.63663663663664,69.6096096096096,86.38554216867469,313.6,8.039654776209131,25.26925582190516,0.2408675077524319,0.2346021098654861,0.1142981958529057,0.1100439993192785,0.9731705910512116
ENSG00000148225,add_a4.0,2.0,83.6036036036036,80.9009009009009,85.66265060240964,312.8,7.548200812488277,22.20251214121545,0.2539502144953714,0.2338789221214207,0.107524676066904,0.0965966972559103,0.9253456108756244
ENSG00000148225,add_gc_removed_a1.0,2.0,45.34534534534534,35.49549549549549,43.43373493975904,289.0,6.488845550631559,26.714227639455167,0.1932984100363373,0.2349656348161323,0.0920604132083669,0.1163654870370036,1.3191818287483277
ENSG00000148225,add_own,2.0,70.3903903903904,60.96096096096096,81.86746987951807,308.8,6.472540912311582,26.83634765515037,0.194754160887656,0.2346107832669755,0.0919870893602633,0.1168787124924244,1.2861555547917285
ENSG00000148225,random_a1.0,2.0,49.729729729729726,48.82882882882883,56.08433734939759,298.6,6.812048885571949,27.722950698980167,0.1979514354166693,0.234591085436529,0.0968526416222999,0.1207307522829228,1.2790176322672568
ENSG00000148225,unsteered,2.0,41.38138138138138,29.78978978978979,34.27710843373494,302.6,5.762520557998932,21.929271681363826,0.1985511651469098,0.2353878490877322,0.0814814022690465,0.0956673893114593,1.4459384504089885
ENSG00000148384,add_a0.5,2.0,89.12912912912913,82.04204204204204,84.27710843373494,311.4,8.477091411853023,24.43119146548662,0.2571020781547097,0.2445567724161209,0.1155793117506708,0.1077933006766412,0.9480361052470702
ENSG00000148384,add_a1.0,2.0,96.87687687687688,87.92792792792793,85.72289156626506,315.6,9.06782586421261,22.778583296159105,0.2855028291369554,0.2441944841778239,0.1237679839001883,0.1004631118182316,0.8183627134651605
ENSG00000148384,add_a2.0,2.0,94.95495495495496,92.49249249249247,91.50602409638554,319.2,9.087097072207644,20.511062292973765,0.3092482843489051,0.2447112888813034,0.123774935003199,0.0905263661645725,0.7330200367826487
ENSG00000148384,add_a3.0,2.0,91.71171171171171,91.35135135135135,93.3132530120482,314.8,9.659610452302072,22.198686214973964,0.3046105495489731,0.2440465014646208,0.1319666837117898,0.0979029697677115,0.7464909982234914
ENSG00000148384,add_a4.0,2.0,94.05405405405403,92.73273273273271,93.73493975903614,316.2,8.602949276450854,21.825729760075184,0.2820908993338659,0.2444268374506286,0.1173286146360721,0.0962861325606819,0.828317693809382
ENSG00000148384,add_gc_removed_a1.0,2.0,90.03003003003002,87.32732732732732,85.90361445783132,316.2,8.484718797610743,20.947904974182745,0.2878881170500545,0.2434442010394765,0.1161814720376394,0.0923006314462121,0.8172122823654892
ENSG00000148384,add_own,2.0,91.53153153153151,86.36636636636636,95.0,316.6,8.586503463636985,21.822841224237006,0.2848320673197987,0.243556233285157,0.1174822501559902,0.0961725563959154,0.8226503338722033
ENSG00000148384,random_a1.0,2.0,93.3933933933934,87.44744744744744,87.71084337349399,314.2,8.405453160937135,22.284077927981546,0.2732788051334883,0.2449256385060665,0.1143402740082603,0.0983751653942459,0.90487537915223
ENSG00000148384,unsteered,2.0,92.43243243243244,90.57057057057057,90.96385542168676,317.2,8.78554748369717,21.44982679744628,0.2899599139780021,0.2440762068638763,0.1200298700847754,0.0945892288628885,0.8289395429049925
ENSG00000148935,add_a0.5,2.0,41.96491228070175,37.74647887323944,40.0,254.6,10.913871230473385,25.55495935767985,0.3006048779615065,0.2280804449776138,0.159555787731887,0.1103511456383167,0.7658552324877179
ENSG00000148935,add_a1.0,2.0,47.04447739065975,43.33772955755735,51.47887323943662,257.4,12.545073331441916,23.58232849684929,0.3465903821531285,0.2293276692779851,0.1824998505304946,0.1020142417116821,0.5897791494643271
ENSG00000148935,add_a2.0,2.0,63.50877192982457,59.71830985915493,63.59154929577464,261.8,9.212362240868895,23.15696811199173,0.283506185990019,0.2282437565890166,0.1345308917018089,0.1000191692533296,0.80516099000421
ENSG00000148935,add_a3.0,2.0,75.71929824561403,66.69014084507043,86.61971830985915,264.6,11.860188254203932,19.86257775283025,0.3773322185061316,0.2290368551636465,0.1724899905286233,0.0858885615570248,0.5239813267163791
ENSG00000148935,add_a4.0,2.0,83.64912280701755,78.52112676056338,84.29577464788733,269.8,10.746314497103452,19.34526621486924,0.3547676440814349,0.2294677047545996,0.1561453386408849,0.0836889774603514,0.550890443097275
ENSG00000148935,add_gc_removed_a1.0,2.0,34.45614035087719,31.12676056338028,34.154929577464785,250.0,10.462307832637077,26.12645995945091,0.2872441404710756,0.2272744970643478,0.1534507955232494,0.112682087519006,0.7517425140603858
ENSG00000148935,add_own,2.0,43.85964912280702,40.77464788732394,49.36619718309859,258.0,8.714885793631248,22.308396135300296,0.2782965194109772,0.2269723617087381,0.1279656843497495,0.0961928026575456,0.8288260823786999
ENSG00000148935,random_a1.0,2.0,36.98245614035088,33.309859154929576,33.52112676056338,255.4,10.489402203123984,22.76229634247246,0.3169766282679787,0.2291772804189329,0.1524951389101895,0.0984332140003719,0.653732888890735
ENSG00000148935,unsteered,2.0,45.122807017543856,36.19718309859155,42.04225352112676,254.0,10.594186625322669,25.28593169159789,0.2933114248423237,0.2283453797153658,0.1546363301970779,0.1092353373568554,0.7542421537316306
ENSG00000149573,add_a0.5,2.0,52.06896551724138,59.07514450867052,49.71098265895954,155.0,6.578785299693616,26.089270421859776,0.1992761767108271,0.2297144180123104,0.0955929075032964,0.1129127755305255,1.532968597874802
ENSG00000149573,add_a1.0,2.0,59.42528735632184,47.630057803468205,52.832369942196536,157.4,5.840113932590265,27.70442207177133,0.1738335678769115,0.2284586822786259,0.0852684033122062,0.1197045805680179,1.4352845095872442
ENSG00000149573,add_a2.0,2.0,75.7471264367816,74.10404624277456,72.9479768786127,162.4,6.549361207897793,25.83845422869813,0.2016026307551513,0.2281093161580963,0.0958022963267427,0.1115797044147853,1.2172643012780897
ENSG00000149573,add_a3.0,2.0,79.08045977011494,76.41618497109826,82.3121387283237,161.6,6.055217111616218,26.37578036072561,0.1880969736064076,0.2275766463700107,0.0886118553799251,0.1138099027482825,1.3686434668362188
ENSG00000149573,add_a4.0,2.0,79.65517241379311,71.56069364161849,83.121387283237,160.8,4.8486161604456415,27.77666900701956,0.1498064656801465,0.2270547626493318,0.0710847104590846,0.1197874348733099,1.7498376636614623
ENSG00000149573,add_gc_removed_a1.0,2.0,47.01149425287356,43.12138728323699,53.8728323699422,153.8,6.657386885030038,27.45498269374619,0.1918630343786454,0.2301891885964791,0.0962617541393459,0.1188860470982809,1.3474818772926382
ENSG00000149573,add_own,2.0,62.98850574712644,44.16184971098266,57.34104046242775,157.2,8.41281342228225,26.268666834592715,0.2418717178497549,0.2285439394597304,0.1228842929023117,0.1134804021665813,1.0085637523821975
ENSG00000149573,random_a1.0,2.0,58.9655172413793,34.45086705202313,40.92485549132948,157.0,8.06686193726043,22.17771949847019,0.2671675191815857,0.2283902242801637,0.1179548792453345,0.0958144721632497,0.8755672920538202
ENSG00000149573,unsteered,2.0,62.64367816091955,45.664739884393065,57.6878612716763,153.6,7.16659137438845,26.09915512452061,0.2164030407672291,0.2283217867373805,0.1045501437471991,0.112759590438417,1.0788825111815634
ENSG00000149823,add_a0.5,2.0,75.31531531531532,58.67867867867868,94.03614457831326,313.4,6.960463912541132,32.91385384913823,0.1751207149526477,0.2654744722280435,0.0874040632052799,0.1493800556061499,1.7341827603851816
ENSG00000149823,add_a1.0,2.0,83.06306306306307,61.32132132132132,93.19277108433737,314.2,6.1143801395817805,31.461110846034416,0.1632853870418201,0.2666603054566821,0.0764047539788997,0.1430349890708102,1.920139110893647
ENSG00000149823,add_a2.0,2.0,87.02702702702703,68.1081081081081,93.13253012048192,315.0,7.42037126119566,30.318747397430105,0.1976542100850401,0.2667984812682962,0.0927749566326436,0.1378390429822906,1.593426690663653
ENSG00000149823,add_a3.0,2.0,88.16816816816817,65.52552552552552,98.3734939759036,311.8,6.8609038342866855,32.72119669181561,0.1713276988948913,0.2658298961990397,0.0859374164551757,0.1485628394041384,1.857756393582332
ENSG00000149823,add_a4.0,2.0,87.8078078078078,71.71171171171171,97.289156626506,314.4,6.993529241448951,31.8739866152795,0.1798697462774182,0.2650507621389272,0.088046744485881,0.1445580679194582,1.6984362667267252
ENSG00000149823,add_gc_removed_a1.0,2.0,63.81851731249321,42.52252252252252,92.10843373493977,313.2,7.0150038776592485,29.907544624020904,0.1901171403046669,0.2655642272959784,0.0879924830164303,0.1357321586777988,1.5957384195353712
ENSG00000149823,add_own,2.0,77.95795795795796,55.49549549549549,98.55421686746988,311.4,6.4955594822625216,33.09694072771465,0.163744837000942,0.2660235263881046,0.0813047542094096,0.1502833295960848,2.0250231287323546
ENSG00000149823,random_a1.0,2.0,79.57957957957959,58.91891891891892,98.55421686746988,312.8,5.296913409408727,32.01374168825898,0.1433745492195041,0.2663370165231142,0.0662927975512952,0.1454340916451795,2.437270058638259
ENSG00000149823,unsteered,2.0,72.43243243243244,58.738738738738746,79.57831325301206,310.2,7.631649104719338,29.53453610311504,0.2066416121405597,0.2676547153636783,0.0949265991042491,0.1344058504675785,1.5107660607211824
ENSG00000152382,add_a0.5,2.0,67.97385620915034,44.72131147540984,83.34426229508196,285.2,6.23816150363267,28.409771397958423,0.1793338202711526,0.2361031358028152,0.0879999491079971,0.1239693331521651,1.4838166700275006
ENSG00000152382,add_a1.0,2.0,64.90196078431373,44.91803278688525,83.60655737704919,284.4,5.700168588973584,26.83034147982601,0.1752674847998806,0.237316439310922,0.0800892932704538,0.1172500489152243,1.4945688959877044
ENSG00000152382,add_a2.0,2.0,72.94117647058823,49.11475409836065,93.57377049180327,286.2,5.036330039739507,30.406130037470582,0.1420658325112922,0.2354288828931363,0.0712696047255488,0.1325588585838921,1.8974118499803327
ENSG00000152382,add_a3.0,2.0,80.06535947712419,65.9672131147541,92.85245901639344,286.8,6.687538785547565,29.02072684998537,0.1888689369731885,0.2362647809782441,0.0944552027651243,0.1266914526086989,1.37751162587675
ENSG00000152382,add_a4.0,2.0,90.19607843137256,75.9344262295082,94.1639344262295,288.8,7.1311776899324615,28.69241825334893,0.1967720785469432,0.2365397954447476,0.1005340883826391,0.1252756447454066,1.432588893775373
ENSG00000152382,add_gc_removed_a1.0,2.0,67.58169934640523,37.9672131147541,66.0327868852459,281.2,5.990259686504813,27.27068206767332,0.1787294601381702,0.2365090157123703,0.0844536228660702,0.1190566441138412,1.4481083690903014
ENSG00000152382,add_own,2.0,73.20261437908496,53.704918032786885,87.40983606557377,288.6,4.635918773367637,31.33206154512416,0.1287261736823101,0.2356984183069443,0.0655913555619723,0.1366459607509032,2.1389764570691057
ENSG00000152382,random_a1.0,2.0,65.0326797385621,49.90163934426229,70.75409836065573,285.4,7.154752537491342,24.03964714650101,0.2334100551740688,0.2369401475882619,0.1006617261950669,0.105017862205686,1.1513320955835993
ENSG00000152382,unsteered,2.0,68.49673202614379,49.24590163934427,69.24590163934427,274.2,7.949696619007264,28.11800866827423,0.2233920797822399,0.2357849437499066,0.1122344058284569,0.1226161526577052,1.3047687766635008
ENSG00000152642,add_a0.5,2.0,56.77018633540373,35.57632398753894,63.73831775700935,321.0,38.50467289719626,3.302180685358256,0.920030156656351,0.2287988923502946,0.5609682299546135,0.0142728904847396,0.0258371297754255
ENSG00000152642,add_a1.0,2.0,58.38509316770186,36.57320872274144,84.98442367601247,320.6,47.97566382484205,3.43226008066485,0.933708004624026,0.2288768010972333,0.698699584768403,0.0148370450114834,0.0211106642180219
ENSG00000152642,add_a2.0,2.0,62.11180124223603,37.3208722741433,93.33333333333334,320.6,48.78172638404672,5.55181202941435,0.897795726680655,0.2288768010972333,0.7104585021313374,0.0239987149543135,0.0337961997206243
ENSG00000152642,add_a3.0,2.0,64.16149068322981,38.38006230529595,92.27414330218068,319.2,40.780838647819934,7.7081568939444605,0.8404575717205116,0.2285565421927338,0.5946948137611401,0.0333051670626224,0.0566116635541268
ENSG00000152642,add_a4.0,2.0,67.95031055900621,44.98442367601246,92.21183800623052,314.2,32.143514162891584,12.349779569734476,0.7005416955026861,0.2295199365528729,0.4672715276733049,0.0534467459709385,0.1619250204539906
ENSG00000152642,add_gc_removed_a1.0,2.0,56.086956521739125,34.95327102803738,57.69470404984423,321.0,38.69158878504673,3.115264797507788,0.9256507065076484,0.2287988923502946,0.563691376701966,0.0134649910233393,0.0238401169535565
ENSG00000152642,add_own,2.0,56.83229813664597,35.32710280373832,69.59501557632399,321.0,40.0,4.049844236760125,0.9078793541660282,0.2287988923502946,0.5827534039334334,0.0175044883303411,0.0302879383552853
ENSG00000152642,random_a1.0,2.0,56.83229813664597,35.202492211838006,57.81931464174456,321.0,36.69781931464174,3.302180685358256,0.9171797252766012,0.2287988923502946,0.5346444780635394,0.0142728904847396,0.0268471879500751
ENSG00000152642,unsteered,2.0,52.67080745341615,34.14330218068536,56.7601246105919,314.2,32.27175529432197,7.007066332345568,0.7938896488407764,0.2287224278562326,0.4702043642144664,0.0302769747977886,0.1695258945773214
ENSG00000153391,add_a0.5,2.0,63.07692307692307,71.35483870967741,76.25806451612902,143.0,6.138599556166602,25.476646426868307,0.1957044008432995,0.2382621330572966,0.0860600520213294,0.1115014135353201,1.4878283094240927
ENSG00000153391,add_a1.0,2.0,67.56410256410257,76.0,75.87096774193549,142.6,6.483219332929751,27.76205357855971,0.1889470764151071,0.237669575917267,0.0909392840488114,0.1213959593552138,1.5454667075292243
ENSG00000153391,add_a2.0,2.0,68.46153846153847,64.38709677419355,77.41935483870968,142.0,5.357709506575304,27.75696841585323,0.1713878713878713,0.2363445630031445,0.0757411179781372,0.1212439659868241,1.965779372815216
ENSG00000153391,add_a3.0,2.0,64.61538461538461,75.48387096774192,89.41935483870968,143.8,8.789937467665386,23.665744427199314,0.2661253016917703,0.2378725947419852,0.1228355149483514,0.1035369453604017,0.9069233148025242
ENSG00000153391,add_a4.0,2.0,74.48717948717949,85.41935483870968,89.93548387096774,145.2,8.11854713543424,21.50242020914806,0.2749593495934959,0.2369199748690041,0.1143278727232745,0.0939402699048183,0.8486006452645393
ENSG00000153391,add_gc_removed_a1.0,2.0,44.61538461538461,62.322580645161295,70.45161290322581,140.6,5.865236621073587,26.353194613339724,0.1784470564896096,0.2345030864839547,0.083515155705505,0.11480185562351,1.547100715622276
ENSG00000153391,add_own,2.0,51.92307692307693,69.80645161290322,89.41935483870968,144.4,6.958134096876887,27.821409141731227,0.1995805974563738,0.2396077595076891,0.0969126853218635,0.1219379250409117,1.3103014086642388
ENSG00000153391,random_a1.0,2.0,60.38461538461538,60.64516129032258,76.12903225806451,143.2,6.147618509608607,24.638420191880453,0.2023775409796721,0.2377390670731879,0.0863630246399732,0.1077471336835862,1.318799685977654
ENSG00000153391,unsteered,2.0,51.02564102564103,67.35483870967741,68.90322580645162,140.4,8.556003553174621,24.629581705707697,0.2645348837209302,0.2377223079034434,0.1199949922919088,0.107682023178343,0.9765910188294308
ENSG00000153879,add_a0.5,3.0,58.67768595041322,42.61904761904761,64.16666666666666,117.85714285714286,28.974066115474404,9.176385287657382,0.7441962220240553,0.2134965724360104,0.4526532752297476,0.0389120540276749,0.1887751514467406
ENSG00000153879,add_a1.0,3.0,64.22668240850058,47.97619047619048,77.26190476190477,114.71428571428572,19.44975656112758,15.32516033141649,0.5102831645147531,0.212515833964019,0.3044741928176805,0.0648539895248048,0.3969896572301806
ENSG00000153879,add_a2.0,3.0,71.66469893742621,55.0,88.80952380952381,114.28571428571428,16.0911341720832,17.01794836920285,0.4665929332135737,0.2134789205530115,0.2515727454057291,0.0721260328316885,0.3954741824759908
ENSG00000153879,add_a3.0,3.0,82.76269185360094,62.97619047619048,92.73809523809524,113.28571428571428,8.84517746210141,20.33649812883873,0.2996857636775005,0.2143654217053617,0.1377607398945887,0.0862822954215705,0.7373723315860198
ENSG00000153879,add_a4.0,3.0,83.3530106257379,69.16666666666667,91.3095238095238,113.14285714285714,9.059932021486958,19.22831246937051,0.3307620320855615,0.2135995586199057,0.141805680032612,0.0815635874569689,0.6539098541286835
ENSG00000153879,add_gc_removed_a1.0,3.0,56.19834710743802,42.85714285714285,49.285714285714285,110.42857142857144,12.839560303464978,24.672013453766706,0.343985212199935,0.2157769380050515,0.1975717127275271,0.1047832964865049,0.6551369008273406
ENSG00000153879,add_own,3.0,59.97638724911452,45.0,66.07142857142857,111.42857142857144,16.758906262368676,19.582689203512665,0.4512231652001925,0.2144408661086642,0.2608344835133135,0.0831261263199686,0.426806360979572
ENSG00000153879,random_a1.0,3.0,59.14994096812279,43.21428571428572,56.785714285714285,114.14285714285714,20.47559219082037,15.1433623911668,0.5620608091721537,0.2139040979438189,0.3200170037676762,0.0641981824095393,0.2860570224567271
ENSG00000153879,unsteered,3.0,58.67768595041322,43.92857142857143,47.023809523809526,115.0,21.413669943776046,15.627967144440234,0.5758064693984816,0.2142579509889044,0.3343298184984129,0.0663941177690124,0.3403144350193568
ENSG00000153975,add_a0.5,2.0,43.9039039039039,35.67567567567568,29.69879518072289,300.4,5.720336974452381,29.22229524847193,0.1637235574491212,0.2035610180167685,0.0936642981614481,0.1223135687874599,1.312688431683934
ENSG00000153975,add_a1.0,2.0,40.6006006006006,43.18318318318318,36.566265060240966,288.4,7.167829326586876,28.679728293126544,0.2001331982329581,0.2058994655635849,0.1161978009602662,0.1203715054103331,1.0594261124007036
ENSG00000153975,add_a2.0,2.0,60.72072072072071,56.75675675675676,58.373493975903614,307.8,6.438271278383175,21.61022468264232,0.2341609858673862,0.2047750494906989,0.104903842862246,0.0905468904043644,0.8792293421626078
ENSG00000153975,add_a3.0,2.0,80.96096096096096,77.89789789789789,86.86746987951807,313.8,8.033945719886225,18.65161136167436,0.305607893820235,0.2047960727642161,0.1307688825684985,0.0781735124069674,0.5954984659923468
ENSG00000153975,add_a4.0,2.0,83.72372372372372,80.0,86.44578313253012,316.6,7.964474696673451,18.070749140020503,0.3067582802076473,0.2040434098602177,0.1302045328991223,0.0756823586190552,0.5983353741694082
ENSG00000153975,add_gc_removed_a1.0,2.0,42.28228228228228,31.89189189189189,18.734939759036145,293.8,6.325700900532025,28.79970842861659,0.1794019215065581,0.2061764352524483,0.102159504044926,0.1209296965983888,1.216006713297951
ENSG00000153975,add_own,2.0,46.90690690690691,34.11411411411412,45.42168674698795,296.4,5.738255582700386,30.100587300389964,0.1601021552717449,0.2040634536118135,0.0939142793376373,0.126022198916909,1.4068974423343843
ENSG00000153975,random_a1.0,2.0,40.96096096096096,34.53453453453453,26.385542168674696,302.6,6.039677887845693,25.50131688054594,0.1901850445914005,0.2045554003295174,0.0986588602727286,0.1068903292529665,1.2416982220488004
ENSG00000153975,unsteered,2.0,39.0990990990991,15.735735735735735,30.0,284.2,5.842935310819343,26.015121432425424,0.183559492711719,0.2049277074941962,0.095077892499462,0.1090709225468337,1.168515523199956
ENSG00000155052,add_a0.5,2.0,61.44144144144144,52.97297297297297,51.86746987951808,300.2,8.129454033266256,25.24544644987889,0.2441483201946702,0.2156756198172611,0.1257817289652773,0.1073163517214334,0.9011944123937504
ENSG00000155052,add_a1.0,2.0,52.7927927927928,47.62762762762763,52.108433734939766,298.8,6.551289960912302,26.04475956689649,0.2019515420808237,0.2163565097317212,0.1011253279132723,0.1107993972053627,1.1371900246026845
ENSG00000155052,add_a2.0,2.0,68.28828828828829,57.65765765765766,74.87951807228916,306.8,7.3016476859220445,24.577799674027617,0.2302454928821453,0.2146923757390009,0.1133547195645012,0.1043203079197039,0.9480990513517824
ENSG00000155052,add_a3.0,2.0,74.89489489489489,81.32132132132134,84.33734939759036,314.0,6.307625859773571,21.9063706391957,0.2277388611081084,0.2162163502810173,0.0972446807087866,0.0931747988213512,0.9792503258694122
ENSG00000155052,add_a4.0,2.0,81.44144144144144,82.94294294294295,83.67469879518072,314.2,6.748482194047641,21.661886706836288,0.2381266537002278,0.2152782284042128,0.104458163572195,0.0920004257768134,0.8976727570275965
ENSG00000155052,add_gc_removed_a1.0,2.0,45.46546546546547,45.04504504504505,45.78313253012048,293.4,7.351742812861858,26.50767869360493,0.2156342295763975,0.216624475961867,0.1132628338593367,0.1127714400803114,1.0135336412234623
ENSG00000155052,add_own,2.0,51.17117117117117,53.333333333333336,56.14457831325301,295.0,6.58614335375226,25.200002228870005,0.2083932572150399,0.2168509157202706,0.1012497349549775,0.1072633881029778,1.062040782790577
ENSG00000155052,random_a1.0,2.0,35.67567567567568,39.51951951951952,40.36144578313253,299.0,6.660210362461546,26.19112400626542,0.2069136253986672,0.215391849707687,0.1030370386075355,0.1112563951151967,1.1646629991589412
ENSG00000155052,unsteered,2.0,41.56156156156156,36.21621621621622,28.072289156626503,291.0,6.866175418004916,24.894305725517786,0.2163499798921195,0.2169399447149991,0.1053189199392903,0.105959544661904,1.0619795833657544
ENSG00000155099,add_a0.5,2.0,59.73684210526316,50.48458149779735,53.12775330396475,205.8,9.05242815171528,23.72455483415768,0.2714963764001259,0.237664651599474,0.1267577181778244,0.1037192130940178,0.9740030194092354
ENSG00000155099,add_a1.0,2.0,74.47368421052632,62.02643171806167,76.29955947136564,211.8,9.731821516819164,19.195610919045404,0.3407253121544754,0.2368028790254343,0.1369874161609338,0.0838284416267911,0.6191285264288229
ENSG00000155099,add_a2.0,2.0,79.56140350877192,71.45374449339207,88.10572687224669,209.8,10.398973662273333,20.69302755730984,0.3364204970656583,0.2354787682724735,0.1471328471184773,0.0902294763369662,0.6338312405703379
ENSG00000155099,add_a3.0,2.0,78.42105263157895,71.71806167400881,87.22466960352423,213.2,8.334473907270894,20.01440887445344,0.3058953754322437,0.2372399726981355,0.1171595128386571,0.0874777090783084,0.7970025644797628
ENSG00000155099,add_a4.0,2.0,83.59649122807018,82.20264317180616,86.96035242290749,212.4,10.184690530903207,21.19983857223384,0.3236661749339234,0.2356026058509166,0.1441972870234189,0.0924477045821659,0.6592108606186751
ENSG00000155099,add_gc_removed_a1.0,2.0,47.719298245614034,41.58590308370045,48.72246696035242,202.6,7.189680871946882,26.48270858861992,0.2126061030358618,0.2344203119449423,0.102281862943436,0.1153209521593149,1.2331325505721664
ENSG00000155099,add_own,2.0,66.40350877192982,65.37444933920705,67.31277533039648,206.6,9.87629630431488,20.739470797520333,0.3240757278489619,0.2379172770813636,0.1383783847001593,0.0907015345127798,0.6597264288175261
ENSG00000155099,random_a1.0,2.0,57.89473684210526,56.91629955947136,52.33480176211454,208.2,6.521111127814274,25.29481542169641,0.2044299399837498,0.2365455297603038,0.0918932300172605,0.1104559050625274,1.2319863724023876
ENSG00000155099,unsteered,2.0,50.08771929824561,70.22026431718061,46.431718061674005,201.4,5.325079940161673,22.425957034469583,0.1908752002435416,0.2357225955636464,0.0751719032821826,0.0978073474969815,1.8434749590622976
ENSG00000155189,add_a0.5,2.0,81.38138138138137,78.01801801801801,90.42168674698794,317.8,7.294163289395013,19.15124299997076,0.2777324766581784,0.2209510225523515,0.1100169205071501,0.0819423821491804,0.7668694516715606
ENSG00000155189,add_a1.0,2.0,76.09609609609609,64.68468468468468,94.1566265060241,315.0,8.064960684937155,19.42161841423634,0.2936164188934939,0.2203892609511571,0.1219779603494636,0.0830396747303229,0.6843772090532874
ENSG00000155189,add_a2.0,2.0,79.57957957957959,64.44444444444444,97.710843373494,314.6,7.824484476952629,20.47300673494941,0.2749682258441148,0.2205226903807054,0.118297940053309,0.0875535665841674,0.7713436885813026
ENSG00000155189,add_a3.0,2.0,86.006006006006,73.81381381381382,91.32530120481928,317.8,7.935637737671398,16.33744779063853,0.3287023889779244,0.2203923833555673,0.1200481700338953,0.0698453360493109,0.5805448810645787
ENSG00000155189,add_a4.0,2.0,85.28528528528528,80.12012012012012,94.03614457831324,321.0,7.604061840308303,17.283545363529957,0.308034755770263,0.2209062415638102,0.1147934260979089,0.0739468886230057,0.6547118277928308
ENSG00000155189,add_gc_removed_a1.0,2.0,69.36936936936937,68.28828828828829,76.3855421686747,311.2,7.451646160867211,20.58068683598912,0.2648270658513552,0.2207924707437115,0.1125308261662272,0.0880374166662724,0.8015624564384372
ENSG00000155189,add_own,2.0,82.10210210210211,66.42642642642643,99.1566265060241,318.4,7.042910596181163,17.002606532096582,0.2952415807341358,0.2203415802048834,0.1065123083772775,0.0727007973267208,0.6806042156399068
ENSG00000155189,random_a1.0,2.0,76.63663663663664,61.86186186186186,81.44578313253012,312.0,6.478569937397104,21.15536035643219,0.2319710146266032,0.2204397397579921,0.0980128635474681,0.0904569564959451,0.952277139356325
ENSG00000155189,unsteered,2.0,74.0298129454756,65.34534534534535,77.53012048192771,314.6,8.155510695259991,18.70973858666773,0.3026507619552389,0.2206614910349304,0.1232282351564898,0.0800269525523928,0.6567598632513425
ENSG00000155363,add_a0.5,2.0,71.83183183183183,59.45945945945946,89.21686746987953,311.0,6.300183634638769,26.75937231191216,0.1892307497259367,0.2358693819020637,0.0890267831465617,0.1167335090191386,1.3798201203750469
ENSG00000155363,add_a1.0,2.0,73.57357357357357,65.79760483374942,84.27710843373494,310.4,7.130290300375816,25.43779352007594,0.2191907691306187,0.2350194519694146,0.1010498048293115,0.110836978062146,1.2305650686022849
ENSG00000155363,add_a2.0,2.0,86.42642642642643,63.063063063063055,95.72289156626506,312.6,7.878412117701487,25.459024633775933,0.235918559117042,0.2363757819613689,0.111065466125084,0.11112460591907,1.0199046919217516
ENSG00000155363,add_a3.0,2.0,82.70270270270271,61.5015015015015,94.6987951807229,315.0,7.745987463278849,26.16467093032084,0.2296566741769433,0.2344977355728664,0.1101050663650169,0.1139358694103487,1.049333036795034
ENSG00000155363,add_a4.0,2.0,90.69069069069069,85.76576576576576,88.3132530120482,315.4,7.039642442393965,25.6306112697916,0.2158852868336947,0.2361089894772165,0.099380902498709,0.1118427611422291,1.126346551640499
ENSG00000155363,add_gc_removed_a1.0,2.0,48.94894894894895,40.3003003003003,55.66265060240964,297.6,8.141327482945837,25.74874907220408,0.2395647653000594,0.2359517121984355,0.1149937718652115,0.1123428342108613,1.033287795412446
ENSG00000155363,add_own,2.0,75.31531531531532,62.46246246246246,87.7710843373494,311.4,7.0579568459266895,24.927559414067,0.2214503913881371,0.2352803464975471,0.0999775867407097,0.1086619491585989,1.1174763136410264
ENSG00000155363,random_a1.0,2.0,71.8918918918919,60.42042042042042,76.62650602409639,309.6,7.053389792149647,25.827164550679743,0.2149025306356967,0.2364762916520563,0.0993776420957015,0.1127423787160572,1.1501706849151063
ENSG00000155363,unsteered,2.0,69.30930930930931,53.87387387387387,64.6987951807229,309.0,6.481255279466742,23.768623449614022,0.2136593660260398,0.2359449826237491,0.0916612247447141,0.1036851891402055,1.141203186391706
ENSG00000155792,add_a0.5,2.0,71.47147147147147,70.99099099099098,70.24096385542168,308.6,6.676746168208,26.27460278839005,0.2030395261552897,0.2147076968231217,0.1037486598490605,0.1114968928903928,1.0781135602904348
ENSG00000155792,add_a1.0,2.0,76.45645645645645,63.48348348348348,68.01204819277109,303.8,6.864840963024863,25.391637087799385,0.2109501866335701,0.2151728059430584,0.1064315762462334,0.1078293485286758,1.0962683834996445
ENSG00000155792,add_a2.0,2.0,80.9009009009009,77.89789789789789,86.80722891566265,318.4,6.2309232561526136,22.96074523081404,0.2131099235875964,0.2147582843874895,0.0966706600132534,0.0974841451545417,1.0498281365354074
ENSG00000155792,add_a3.0,2.0,87.8078078078078,82.04204204204204,88.25301204819277,315.2,7.049546470807178,25.3840266183776,0.2144824555995479,0.2157301657027114,0.1088369236604805,0.1078871872197572,1.071619558276497
ENSG00000155792,add_a4.0,2.0,87.92792792792793,84.86486486486487,88.55421686746988,312.8,6.461553342724345,25.781002426343388,0.2012734366242334,0.2141253762993878,0.100611707642519,0.1093600195993976,1.126803361734645
ENSG00000155792,add_gc_removed_a1.0,2.0,63.06306306306307,55.1951951951952,62.108433734939766,307.8,7.827554275844693,27.12638288028748,0.2241533224814476,0.2141343107278102,0.1218299444020729,0.1150635923907712,1.0191383334876007
ENSG00000155792,add_own,2.0,76.21621621621622,66.84684684684684,82.65060240963855,314.4,6.038986152201163,26.59695760100781,0.1858824887212187,0.2146597386689139,0.0937220254003875,0.1129130165351184,1.2301088327909249
ENSG00000155792,random_a1.0,2.0,64.56456456456456,61.92192192192192,67.2289156626506,303.2,7.242155288517395,27.30574003204192,0.2102360285947377,0.2140957330676158,0.1127452748537257,0.1158211799600679,1.0570920933599752
ENSG00000155792,unsteered,2.0,68.70870870870871,50.15015015015015,73.61445783132531,305.8,7.139714013455259,26.741861157813496,0.21041983685752,0.2137723153141535,0.1112543972405196,0.113378116093598,1.0889839069627896
ENSG00000156467,add_a0.5,4.5,44.57392351701294,34.567901234567906,38.39506172839506,73.9,5.686829200930733,25.392554390459303,0.1846911246847308,0.2000447044940734,0.0947806201704565,0.105853423774456,1.4095285896023868
ENSG00000156467,add_a1.0,4.5,48.29268292682927,38.27160493827161,45.80246913580247,74.6,8.179589106049091,23.605242372870347,0.2600554252510774,0.2000587393449688,0.1362199099500229,0.0983734243980632,0.8180557807896015
ENSG00000156467,add_a2.0,4.5,55.1219512195122,41.23456790123457,57.901234567901234,74.3,4.846648820041592,26.88946801587672,0.1507275853415283,0.1984727282428066,0.0814771077982669,0.1118122535082888,1.923927098557876
ENSG00000156467,add_a3.0,4.5,62.80487804878048,46.79012345679012,68.51851851851852,74.9,8.236922899913242,23.37567931533426,0.2715294398426826,0.195360223174718,0.1407013922728374,0.0968095466713468,0.8619494445103391
ENSG00000156467,add_a4.0,4.5,73.78048780487805,53.08641975308642,75.18518518518519,76.3,9.02875435067216,21.12414144375212,0.2995521755132739,0.1978885916081303,0.1517380893747783,0.0877682138084465,0.6493860598023518
ENSG00000156467,add_gc_removed_a1.0,4.5,46.34146341463415,29.75308641975309,41.358024691358025,73.6,7.071294720677318,24.17045289213917,0.2265401503083838,0.199515108062764,0.1185969537035867,0.1006242009041429,0.9670120381430716
ENSG00000156467,add_own,4.5,42.92682926829268,35.432098765432094,36.54320987654321,73.4,7.603499361797906,24.87015959860776,0.2315581037320167,0.2013298532581223,0.1265403859019302,0.1038064583761231,1.0024468484401667
ENSG00000156467,random_a1.0,4.5,50.73170731707317,36.04938271604938,38.76543209876543,73.1,7.550395263100261,26.15338766317929,0.2103820140959609,0.1987846773392469,0.1264963939120119,0.1088213417926511,1.1206106337071955
ENSG00000156467,unsteered,4.5,45.1219512195122,34.19753086419753,38.14814814814815,72.6,6.905258880610994,24.821855759179705,0.2212265921213289,0.1992506953633715,0.1156199257820704,0.1033004941150011,0.9722052822703968
ENSG00000157064,add_a0.5,2.0,72.15827338129496,52.34657039711192,81.66064981949458,257.0,7.10087695310752,26.290774408229844,0.2110412464662664,0.2280228244816669,0.1037449555338787,0.1135209973529584,1.182669852074405
ENSG00000157064,add_a1.0,2.0,66.83453237410072,50.83032490974729,92.12996389891696,257.4,6.241168458019194,25.58082283175216,0.1940492584009914,0.2290447075890545,0.0908697004382825,0.1105970200459122,1.3485963003156407
ENSG00000157064,add_a2.0,2.0,78.41726618705036,47.43682310469315,87.07581227436823,257.4,7.61544734683247,27.359633283406023,0.2186574122447345,0.2299085043411571,0.1104279178504191,0.1184323455532091,1.0747228038499057
ENSG00000157064,add_a3.0,2.0,79.42446043165468,64.18772563176896,91.54319049861353,258.6,7.576444386572168,24.376661232218805,0.2371618381618381,0.2284102252445571,0.1104790317476615,0.1052963675084806,1.0194981489599242
ENSG00000157064,add_a4.0,2.0,82.3021582733813,65.77617328519855,92.41877256317689,261.6,7.189078097475044,25.30064591896653,0.2222123703961055,0.2295276309780128,0.1044756446600904,0.1094419077667458,1.0743041867831151
ENSG00000157064,add_gc_removed_a1.0,2.0,51.15107913669065,41.29963898916968,69.02527075812274,252.4,8.997723439507107,24.6895206031069,0.273415629553737,0.2302652018079081,0.1302721034631314,0.1068670251476605,0.9018910301276588
ENSG00000157064,add_own,2.0,69.42446043165468,65.92057761732852,79.06137184115524,255.2,7.379672606781414,27.099345502500125,0.2145507196808857,0.2292782410617823,0.1072594614740666,0.1171981919243484,1.13345633424726
ENSG00000157064,random_a1.0,2.0,62.302158273381295,54.58483754512636,71.62454873646209,257.6,6.988001063472761,25.14936375313734,0.2181315839038952,0.2288409433692454,0.1017462785672788,0.1087139360542884,1.0890546114492576
ENSG00000157064,unsteered,2.0,65.03597122302158,46.931407942238266,86.49819494584838,258.0,7.989764693832626,28.07192473117392,0.2217204301075269,0.2300530915120158,0.1157206339899671,0.121524944208236,1.0955736662365965
ENSG00000158715,add_a0.5,2.0,55.7957957957958,66.84684684684684,91.86746987951808,318.4,6.005879230377824,27.615474764219137,0.1702942043038414,0.2791760994577207,0.0716563549833803,0.127698281854491,2.7206941337739234
ENSG00000158715,add_a1.0,2.0,71.95195195195195,55.61561561561562,96.50602409638554,313.6,7.4648733708185135,29.84548777340564,0.2013798797914273,0.2782714122176321,0.0893462676362321,0.1378826979052784,1.5751491747970057
ENSG00000158715,add_a2.0,2.0,77.83783783783784,64.56456456456456,95.06024096385542,314.2,8.402762307239618,28.907473839089683,0.2268909974739558,0.2800711466050208,0.1000327982223973,0.1338706815200639,1.3477724263654989
ENSG00000158715,add_a3.0,2.0,83.54354354354355,72.55255255255256,96.6265060240964,310.2,7.672592222123768,28.644051523315376,0.2109762008808021,0.2778900521851403,0.0919176743236869,0.1322083092707576,1.4682263717175943
ENSG00000158715,add_a4.0,2.0,77.41741741741741,60.6006006006006,96.80722891566263,311.8,7.940149113138743,28.744817391966592,0.2165173394262503,0.2794461304204598,0.0946932127197528,0.1329637600816307,1.4979644378496166
ENSG00000158715,add_gc_removed_a1.0,2.0,57.95795795795796,52.61261261261261,64.75903614457832,306.4,8.810561591324586,24.412395714068246,0.2662222453710608,0.2795192400453674,0.1050914533223933,0.1129280518126665,1.087032318369202
ENSG00000158715,add_own,2.0,66.84684684684684,75.55555555555556,81.92771084337349,309.6,7.361911396252095,31.584817285974463,0.1893940734649923,0.2786761904105591,0.0880533437917685,0.1459492793409658,1.6929008978918674
ENSG00000158715,random_a1.0,2.0,64.50450450450451,61.8018018018018,76.86746987951807,309.8,8.415371690178933,26.98006234462822,0.2337090878772902,0.2789872671663937,0.1005838751595164,0.1247320234051959,1.4358384550629326
ENSG00000158715,unsteered,2.0,63.003003003003,53.213213213213216,73.07228915662651,309.4,9.18262934278898,26.32060420191869,0.259698437758971,0.2803718463778463,0.1091541622149842,0.1219062052275717,1.1504834779469155
ENSG00000158747,add_a0.5,3.0,64.61538461538461,62.12624584717609,71.20708748615725,117.14285714285714,5.879699300884082,25.898809749496536,0.1841406074046498,0.2175074059393293,0.0901227611451566,0.1103501022413653,1.3463501075822908
ENSG00000158747,add_a1.0,3.0,62.527472527472526,63.67663344407531,72.86821705426357,119.57142857142856,6.347088563205496,26.684198160809903,0.1900548066514453,0.2180836894572052,0.0968530928101357,0.1137333885101162,1.2911992441747084
ENSG00000158747,add_a2.0,3.0,76.92307692307692,64.78405315614619,86.26799557032116,119.57142857142856,5.543145677702879,31.540157786019144,0.1461047356709268,0.2147964389064514,0.0859295560845865,0.1338864069848783,2.091650930787035
ENSG00000158747,add_a3.0,3.0,75.71428571428571,65.89147286821705,88.15060908084163,122.28571428571428,4.545895927343349,30.977323356371738,0.1288527419646355,0.2180713428914149,0.0695900628971921,0.1320775260075147,2.535666184207519
ENSG00000158747,add_a4.0,3.0,81.64835164835165,72.42524916943522,89.4795127353267,120.0,6.083446630438984,31.883918910717085,0.1602482419390109,0.2176077402530693,0.0931589422924871,0.1358325383203764,1.5531687261560518
ENSG00000158747,add_gc_removed_a1.0,3.0,54.175824175824175,51.16279069767442,62.01550387596899,118.71428571428572,6.965183220798372,25.485949331084324,0.218733833123368,0.2152600870356396,0.1077077345901583,0.1082206453215459,1.1867167482063194
ENSG00000158747,add_own,3.0,62.527472527472526,54.26356589147287,79.29125138427464,119.57142857142856,5.995259683998662,28.30647801770149,0.1740773313600731,0.2173072848198985,0.0919343710870517,0.1205571652872483,1.513589867007195
ENSG00000158747,random_a1.0,3.0,66.48351648351648,54.48504983388704,66.11295681063123,116.14285714285714,6.510733816856068,30.274584701040947,0.1761555383414438,0.2178332586358224,0.0992934774650012,0.1290202227144226,1.5179082146193157
ENSG00000158747,unsteered,3.0,62.527472527472526,58.25027685492802,67.99557032115172,117.14285714285714,6.537460192451478,27.156175613104416,0.1927038171719022,0.2187302950153855,0.0995450681720574,0.1158885906316889,1.2986399937746265
ENSG00000159079,add_a0.5,2.0,77.62452107279694,57.07692307692307,92.0,244.4,7.372428669782513,25.301116705482947,0.2247327233801035,0.2091239611625036,0.117678398108641,0.1066396547375681,0.9461545660656284
ENSG00000159079,add_a1.0,2.0,73.86973180076629,64.07692307692307,93.53846153846152,243.8,4.683653626184555,26.24287039779937,0.1486316074412179,0.2096343552121998,0.074168631782294,0.1106893188539582,1.7313006786492466
ENSG00000159079,add_a2.0,2.0,82.29885057471265,65.61538461538461,91.6153846153846,246.8,5.75977744880728,25.53659570666248,0.1844405828229761,0.2099709224175046,0.0914782599154092,0.1077341722012169,1.2122637912659902
ENSG00000159079,add_a3.0,2.0,83.2183908045977,63.15384615384615,98.3076923076923,246.0,6.337170528207077,28.470634645837617,0.183430019457894,0.2102126043805841,0.10051029271656,0.1201643835307494,1.2292211603630492
ENSG00000159079,add_a4.0,2.0,86.74329501915709,75.0,95.53846153846152,247.4,5.816313620986518,24.19727348333448,0.1957682779009384,0.2102788172873801,0.092207958390867,0.1021410017215559,1.15039134600224
ENSG00000159079,add_gc_removed_a1.0,2.0,59.463601532567054,52.46153846153847,65.84615384615384,237.0,6.670122453988474,28.05949962333783,0.193158009010476,0.2100245984397479,0.1061789261170636,0.1183926009746377,1.169344397244463
ENSG00000159079,add_own,2.0,83.90804597701148,68.92307692307692,93.15384615384616,245.4,6.034136824059102,24.600790667860743,0.1970830303643911,0.2101014926480863,0.0957369458536532,0.1038004188921131,1.0934835039921658
ENSG00000159079,random_a1.0,2.0,61.41467727674624,43.53846153846153,75.07692307692307,239.0,5.505811645894751,27.711960664145504,0.1656170023982738,0.2088224032950977,0.0877939968067272,0.1167568615161093,1.4211751609544248
ENSG00000159079,unsteered,2.0,67.04980842911877,47.92307692307693,87.14256014256014,241.4,5.803553990856244,25.31450337257812,0.1897915469312619,0.2100040704100911,0.0920788311277137,0.1068352293538178,1.1883044031571297
ENSG00000159335,add_a0.5,5.5,76.75438596491229,43.11111111111112,86.55555555555556,72.33333333333333,12.942428726457136,26.663901755021133,0.3278626818433385,0.1877767708097846,0.230135429516625,0.1094384658256306,0.5068403901643584
ENSG00000159335,add_a1.0,5.5,75.0,51.11111111111112,88.22222222222223,71.66666666666667,12.05821336419173,25.39931379487432,0.3307271650223964,0.1875717721814399,0.2143082543678258,0.1041786687291855,0.5524564486847302
ENSG00000159335,add_a2.0,5.5,76.75438596491229,50.55555555555555,92.55555555555556,72.0,12.24586414995172,24.25101584394297,0.3428792332460892,0.1868501279227107,0.2181995217322757,0.0993975526883288,0.5183187485930937
ENSG00000159335,add_a3.0,5.5,76.53508771929825,48.11111111111112,92.77777777777776,71.58333333333333,10.25273236434288,26.60009112090152,0.2811285936285936,0.1877986286580584,0.181571619516117,0.1091152520263113,0.7438876931798606
ENSG00000159335,add_a4.0,5.5,78.94736842105263,60.44444444444445,93.0,70.16666666666667,7.85664151935529,26.27105070757768,0.2290665506626605,0.1883283159222744,0.1391793293090539,0.1079005185494049,1.2150628995009145
ENSG00000159335,add_gc_removed_a1.0,5.5,69.73684210526316,42.66666666666666,72.55555555555556,70.75,12.621604917168492,24.608761454607887,0.3398026489048161,0.1875581363451821,0.2251917192428162,0.1009610653673165,0.4949159048701148
ENSG00000159335,add_own,5.5,71.49122807017544,42.888888888888886,91.33333333333331,71.25,11.888834705583022,28.641183239927884,0.2959882587483857,0.1876497638858154,0.2112399983739757,0.1174938439334833,0.6265961872622045
ENSG00000159335,random_a1.0,5.5,77.52192982456141,44.55555555555555,76.11111111111111,71.08333333333333,15.8106217012029,22.86533948588062,0.4063490450349079,0.1858992268801896,0.2840797317782665,0.093644017543192,0.395859322455208
ENSG00000159335,unsteered,5.5,78.83771929824562,47.55555555555555,86.22222222222223,72.16666666666667,13.416348482381666,25.40928457398166,0.3482395392255885,0.1888728291392985,0.2365304146461001,0.1043829109261226,0.4571663157775213
ENSG00000160049,add_a0.5,2.0,85.25951557093425,68.61111111111111,90.20833333333334,269.4,6.682232399641867,27.32264615549668,0.1965173025732031,0.2275754908134445,0.0978684492848565,0.1178996903583526,1.215764150364989
ENSG00000160049,add_a1.0,2.0,80.41522491349481,63.75,90.06944444444444,270.4,6.515735777343407,28.61750451418685,0.1855534851101388,0.2288001553372851,0.0949098286648748,0.1236865030762435,1.3522788392976213
ENSG00000160049,add_a2.0,2.0,81.3840830449827,59.16666666666666,95.55555555555556,271.0,5.976345386803553,29.48050378293569,0.1689786467191965,0.2280293876492944,0.0873781039475403,0.1272619240355289,1.5071174923838355
ENSG00000160049,add_a3.0,2.0,83.11418685121107,65.97222222222221,95.3472222222222,271.6,5.243188070987715,27.621269147335376,0.1573568670850396,0.2287801076301418,0.0763832943478312,0.1193798476245126,1.6550747122426852
ENSG00000160049,add_a4.0,2.0,89.06574394463668,65.90277777777779,94.51388888888889,269.4,7.721879554859832,28.877673652306857,0.2105498637753567,0.2284959695859521,0.1126079570555782,0.1247771331913508,1.1222961354247978
ENSG00000160049,add_gc_removed_a1.0,2.0,70.58823529411765,51.875,80.625,268.2,7.846738459693276,25.64688592662109,0.233256348462534,0.2284395297911873,0.1145271254330646,0.1108149950381043,1.0164398011800688
ENSG00000160049,add_own,2.0,81.17647058823529,76.73611111111111,92.2222222222222,273.6,5.795719936334841,25.57863788830013,0.1834724263456422,0.2284623046527737,0.084560280489067,0.1104969383917828,1.42525984590688
ENSG00000160049,random_a1.0,2.0,63.391003460207614,54.51388888888889,80.48611111111111,263.8,6.446728790977337,27.70047200162037,0.1884035759897828,0.230225891436979,0.0933025146830427,0.1199622442791771,1.3218914280677054
ENSG00000160049,unsteered,2.0,56.93026720492119,56.11111111111111,69.375,267.6,6.655657982762085,25.9186127957144,0.2109629441883113,0.2285424361180829,0.0970308180741063,0.1119820987288383,1.2155646411128274
ENSG00000160075,add_a0.5,4.0,64.20634920634922,45.80335731414868,75.77937649880096,136.0,22.26151904990594,9.720581591562109,0.679314915240094,0.1951808573148703,0.3802345131903715,0.0402572973828724,0.2668234579061479
ENSG00000160075,add_a1.0,4.0,66.26984126984127,50.99920063948841,76.49880095923261,134.0,18.465891107557603,15.348654915497224,0.509714246159259,0.1943901256511593,0.3160157842940949,0.0634750507512822,0.4455058305521681
ENSG00000160075,add_a2.0,4.0,68.65079365079366,49.240607513988806,85.21183053557155,134.0,18.154640799071924,15.65518840116359,0.5304167828444013,0.1949603642229038,0.310215389716895,0.0648147908540094,0.3259536312307013
ENSG00000160075,add_a3.0,4.0,71.11111111111111,51.95843325339728,85.61151079136691,133.77777777777777,14.925165677873975,20.948903257121152,0.4149480400389136,0.1950050179761525,0.255193696538969,0.0867585238615578,0.4933041901010334
ENSG00000160075,add_a4.0,4.0,72.30158730158729,54.91606714628298,85.69144684252598,134.22222222222223,14.621507601785751,22.261790251187463,0.389114687596602,0.1949946487054988,0.2500278213811467,0.0921854730693191,0.466501896373501
ENSG00000160075,add_gc_removed_a1.0,4.0,48.57142857142858,29.01678657074341,55.55555555555556,132.11111111111111,25.59908680428848,9.803447771380412,0.6860669245309042,0.1960515100841671,0.4362581911741496,0.0406796566415456,0.2153721163409238
ENSG00000160075,add_own,4.0,64.20634920634922,42.76578737010392,79.85611510791367,135.77777777777777,24.01528734313852,11.056676826206642,0.6437571345321266,0.194942090960752,0.4105173033033001,0.0457664566321842,0.3051831221423969
ENSG00000160075,random_a1.0,4.0,55.87301587301587,37.64988009592326,64.34852118305356,134.44444444444446,21.7996542570432,9.155152185715076,0.6828838084935646,0.1958322837237464,0.3717769051086407,0.0380048545945525,0.2953063625483255
ENSG00000160075,unsteered,4.0,57.38095238095238,37.569944044764185,61.07114308553158,134.88888888888889,22.400156538049973,8.30669561053945,0.6969680810385381,0.1950454596683788,0.3828913331034837,0.034415638194011,0.2260864618544252
ENSG00000160111,add_a0.5,2.0,77.2972972972973,72.31231231231232,87.28915662650601,313.8,7.40052188472649,21.831274810852925,0.2542425167709817,0.2197558712120038,0.1122042559673652,0.0932730759702712,0.8474397245686985
ENSG00000160111,add_a1.0,2.0,92.9129129129129,92.37237237237238,93.13253012048192,320.0,6.329039827893718,17.724574300617007,0.268689158160002,0.219794575788683,0.0959814513378482,0.075728101687517,0.7915872664839032
ENSG00000160111,add_a2.0,2.0,84.92492492492492,83.66366366366367,91.80722891566263,317.0,6.693377652546808,19.274383887913707,0.2596368924744211,0.2197013693166943,0.1015515507261371,0.0823432802348389,0.8143417067487528
ENSG00000160111,add_a3.0,2.0,87.92792792792793,76.03603603603604,92.59036144578312,315.8,7.08634369308604,20.39048167817951,0.2575759523732642,0.2191235768546178,0.1077410180053479,0.0870416342354492,0.8236358945084031
ENSG00000160111,add_a4.0,2.0,87.86786786786787,87.08708708708708,87.34939759036145,315.0,7.1830288312128845,19.04639657171803,0.2742084001691845,0.2201039387906876,0.1087554206207173,0.0814031434362579,0.7654513730639637
ENSG00000160111,add_gc_removed_a1.0,2.0,66.24624624624624,62.52252252252252,74.39759036144578,309.0,7.185695908876783,23.70209659112508,0.232699198538982,0.2201425171891042,0.1088263175539705,0.1013191947504902,0.9597068614896392
ENSG00000160111,add_own,2.0,79.15915915915916,78.13813813813813,76.86746987951807,318.0,6.174834379084242,18.539158658289143,0.2561074061074061,0.2198670365703403,0.0935472287868426,0.0792336550196627,0.8486471763339768
ENSG00000160111,random_a1.0,2.0,88.46846846846847,80.42042042042041,83.37349397590361,319.2,6.590182173306076,18.85278249860459,0.2658119727743383,0.2191726559350026,0.1001875415313966,0.0804925261089082,0.8057103538957548
ENSG00000160111,unsteered,2.0,79.93993993993993,69.66966966966967,73.25301204819277,310.0,6.101530445374321,22.63803990251317,0.2116864439935481,0.2196650782991414,0.0926747675817174,0.0966841211437236,1.060171770224201
ENSG00000160888,add_a0.5,2.0,67.75700934579439,69.57746478873239,72.11267605633802,197.6,9.114259919791476,28.264935533114,0.2431483371633787,0.2527089164010311,0.1203306989649664,0.1261012870840428,1.0973935577956322
ENSG00000160888,add_a1.0,2.0,69.62616822429906,54.08450704225352,90.04694835680752,197.0,7.841717266680317,27.83249204204198,0.2146465136888967,0.2523397584159602,0.1034268726021304,0.1240964197423573,1.322170586919313
ENSG00000160888,add_a2.0,2.0,82.5233644859813,70.51643192488264,91.83098591549296,202.0,8.816415795962303,24.935743933392697,0.269757099094649,0.2509585463487815,0.1170247004594502,0.1110133520249763,0.9834194238520458
ENSG00000160888,add_a3.0,2.0,78.50467289719626,63.09859154929577,93.33333333333331,199.8,7.944586785670802,27.786334228407867,0.2216768003424816,0.2511575903224286,0.1054664287689464,0.1237156944825952,1.2754550178932265
ENSG00000160888,add_a4.0,2.0,86.54205607476635,89.48356807511736,86.10328638497653,202.2,8.426327923049561,25.5511809539336,0.2464014623540197,0.2526651153923763,0.1111684307313461,0.1139684155419339,1.087188833686416
ENSG00000160888,add_gc_removed_a1.0,2.0,67.66355140186916,57.84037558685445,72.3943661971831,198.4,6.969075726798856,25.11647614655764,0.2149915492760093,0.2518000793806948,0.0926282959013599,0.1119247265257433,1.3938581671774348
ENSG00000160888,add_own,2.0,70.5607476635514,64.69483568075117,80.3755868544601,197.2,7.88664991499199,27.58811521394913,0.221080505080505,0.251172300290378,0.1045448137039644,0.1227974703828337,1.232971392401781
ENSG00000160888,random_a1.0,2.0,53.55140186915888,60.37558685446008,89.01408450704226,193.4,9.24330262992651,25.039001121605413,0.2668053087446443,0.2529535306030827,0.1214943231519585,0.1117460687160798,0.9575974811905086
ENSG00000160888,unsteered,2.0,71.4018691588785,59.34272300469483,83.75586854460093,199.0,8.929352509173082,26.93527469772836,0.2483122042276972,0.2506888685560482,0.1187168804961484,0.1198237944190325,1.1325193197222987
ENSG00000161031,add_a0.5,2.0,76.33633633633633,56.93693693693695,75.06024096385542,304.8,9.580413988784198,25.98804086055573,0.2696888869644288,0.2753658721418707,0.1160524695009237,0.1195443996680889,1.0541775639413178
ENSG00000161031,add_a1.0,2.0,76.6966966966967,59.75975975975975,86.44578313253012,309.4,10.797062301990875,24.90324428791036,0.3049642286904311,0.2764514611910642,0.1301554768530812,0.1147084238669643,0.8890888242234716
ENSG00000161031,add_a2.0,2.0,89.7897897897898,69.84984984984985,79.51807228915663,313.0,9.462920753425347,27.9864606159497,0.2520984880810829,0.2764499215600102,0.1140743430928124,0.1289293281032749,1.1485449833199954
ENSG00000161031,add_a3.0,2.0,79.87987987987988,71.29129129129129,93.855421686747,313.0,9.13953848252902,27.02591760269084,0.2528217214163836,0.2761859457280277,0.1103036500204047,0.1244527518914733,1.1334629964301155
ENSG00000161031,add_a4.0,2.0,85.46546546546547,77.5975975975976,93.01204819277108,310.8,9.210384433370107,26.2773703960418,0.2604612739517351,0.2769921677799095,0.1108276450186322,0.1211410451977063,1.1458132676609325
ENSG00000161031,add_gc_removed_a1.0,2.0,62.10210210210211,48.168168168168165,64.57831325301206,302.8,8.129290203208686,24.633267505471217,0.2476816864101486,0.2768246254962298,0.0979319764694508,0.1135286665394766,1.1861276971180834
ENSG00000161031,add_own,2.0,77.05705705705705,56.51651651651652,87.59036144578313,310.8,9.901921442572313,27.35570441584353,0.265827598379899,0.2762080388559212,0.1195469455599192,0.1259941262222068,1.1093236054153202
ENSG00000161031,random_a1.0,2.0,78.31831831831832,46.24624624624624,75.8433734939759,309.2,8.721830102143334,25.97552621176076,0.2436641778736756,0.2752328628979171,0.1055697781614644,0.1194820000772656,1.288391768780866
ENSG00000161031,unsteered,2.0,74.53453453453453,51.95195195195195,73.37349397590361,306.6,10.757654466409674,28.12234823851688,0.2788951220678625,0.2760741254572639,0.1298869189157691,0.1295011122787558,1.0124205448388337
ENSG00000161618,add_a0.5,2.0,66.24624624624624,61.44144144144144,70.60240963855422,313.6,14.975828840464326,23.273831699096466,0.3752355540927999,0.2729882618701507,0.1832716331480341,0.1067523778717592,0.8267822488307454
ENSG00000161618,add_a1.0,2.0,74.89489489489489,60.72072072072071,84.87951807228916,311.0,13.00042676648043,25.441503627515083,0.3415053940294063,0.2721020837602091,0.1591773372867638,0.1164867643139263,0.7770461013253158
ENSG00000161618,add_a2.0,2.0,78.67867867867868,69.06906906906906,87.89156626506023,313.8,12.419072133892607,25.89690163968108,0.3271183455992575,0.2711634914145164,0.1525206324219689,0.1184072601601653,0.840248052328554
ENSG00000161618,add_a3.0,2.0,78.31831831831832,74.2942942942943,85.54216867469879,313.0,9.56752537080406,26.470986208691123,0.2640271622782497,0.2713551334316368,0.1176565217221321,0.1211081909188697,1.158264577510805
ENSG00000161618,add_a4.0,2.0,83.06306306306307,69.96996996996998,90.78313253012048,314.8,9.467319536169466,28.964070192248005,0.2465918419529788,0.2707827958576561,0.1165154468959545,0.1324084990142717,1.1530009670811403
ENSG00000161618,add_gc_removed_a1.0,2.0,52.97297297297298,45.94594594594595,57.28915662650602,304.6,9.633338374366977,21.476821982233805,0.3118684938185341,0.2720672232074318,0.1178791037648334,0.0983253583355518,0.8600834011585171
ENSG00000161618,add_own,2.0,72.43243243243242,53.99399399399399,83.73493975903614,314.0,12.659154951946444,25.608094093848155,0.3257775526187981,0.2717513136553585,0.1550892586156107,0.1172097549975164,0.8499660481453152
ENSG00000161618,random_a1.0,2.0,64.86486486486487,45.585585585585584,76.32530120481928,310.4,15.105489528353012,21.61205793836205,0.4123892351985068,0.2714552831829938,0.1854960625531785,0.0988983520175672,0.5753858623106769
ENSG00000161618,unsteered,2.0,61.32132132132132,51.83183183183184,63.43373493975904,309.0,11.432014972634388,22.422996994354182,0.3354025482533443,0.2712547051729574,0.1406428772939847,0.1025673257268272,0.800602472481376
ENSG00000161654,add_a0.5,2.5,61.962781575576194,55.02754820936639,59.64187327823692,231.16666666666663,15.654675906758202,14.755093931712311,0.5279622735953738,0.2296664602501421,0.2271826065999235,0.0638514164590281,0.4387651588523358
ENSG00000161654,add_a1.0,2.5,69.75308641975309,61.36363636363637,77.82369146005509,233.66666666666663,18.763499485175547,15.025238487098306,0.5446320603386412,0.2305457770922424,0.2712235160770146,0.0651010669975558,0.337850479210191
ENSG00000161654,add_a2.0,2.5,73.11385459533608,61.91460055096419,93.25068870523415,230.16666666666663,12.520277636146057,21.22620665458685,0.360311165659832,0.2297144321362737,0.1816447769373301,0.0918620596965003,0.636774634488523
ENSG00000161654,add_a3.0,2.5,79.62962962962963,68.1129476584022,94.21487603305783,228.66666666666663,10.312298429130571,22.35924303214826,0.3180813850213811,0.2304063365839343,0.149196198169985,0.0968495653711567,0.7581068086504607
ENSG00000161654,add_a4.0,2.5,84.15637860082305,78.16804407713498,90.70247933884298,228.16666666666663,9.78657260192342,21.15067489897251,0.3181668313417183,0.2303515218577528,0.1415558019981158,0.0916040668377543,0.6547171486132132
ENSG00000161654,add_gc_removed_a1.0,2.5,60.94757904522214,46.21212121212121,54.6831955922865,232.66666666666663,17.34209454107126,11.569419041637037,0.6144294774718606,0.2296294561525029,0.2519100216000958,0.0500979548152552,0.2421910326071368
ENSG00000161654,add_own,2.5,87.24279835390946,85.9504132231405,86.2258953168044,228.0,8.548831649944608,23.722798996509724,0.2684706028865146,0.2309021124938599,0.123493558549464,0.1028053024589024,0.8731941163163537
ENSG00000161654,random_a1.0,2.5,63.99176954732511,51.99724517906336,60.05509641873278,230.8333333333333,14.979841661068212,13.998024727967149,0.5304778492598022,0.229052929628422,0.2182225520506689,0.060561514349273,0.500870730275892
ENSG00000161654,unsteered,2.5,73.3196159122085,63.63636363636365,69.6969696969697,231.8333333333333,14.280062242798742,15.41856669326817,0.4899177812858426,0.229165768830234,0.2076020951746967,0.0666618764795789,0.4207206686580709
ENSG00000161980,add_a0.5,5.0,78.02071346375145,61.42191142191143,84.84848484848486,72.72727272727273,9.832496393478982,27.10299101132524,0.2853702028004288,0.2127316313519045,0.1536988830692616,0.1147239583336712,1.066149535650534
ENSG00000161980,add_a1.0,5.0,68.46950517836594,66.31701631701631,82.63403263403264,75.18181818181819,14.662910778673847,18.23193637895548,0.4435861313331669,0.2150946176143939,0.2272902039076809,0.0774281824385934,0.5901423592217502
ENSG00000161980,add_a2.0,5.0,70.65592635212889,60.606060606060616,89.16083916083916,74.36363636363636,13.315331050137148,21.01798473118172,0.3969427623850412,0.2161182084582304,0.2056391931255093,0.0893831642610902,0.6153561543592884
ENSG00000161980,add_a3.0,5.0,73.64787111622555,62.23776223776224,92.42424242424242,73.9090909090909,12.453681137891664,21.71804211277896,0.3699661087074198,0.2163888099853013,0.19205160122817,0.0923782123889824,0.5908068762911071
ENSG00000161980,add_a4.0,5.0,78.59608745684694,59.09090909090909,95.22144522144522,74.0,8.928591754245552,25.974986088933782,0.2549887712931191,0.2141865184932848,0.1393181496147772,0.1101942384758805,0.8964823109223751
ENSG00000161980,add_gc_removed_a1.0,5.0,56.15650172612197,51.63170163170162,71.56177156177156,73.0,14.050323553507036,19.86769025790828,0.4173463210930866,0.2168980509163158,0.216486779167583,0.0846764518120661,0.77152506108318
ENSG00000161980,add_own,5.0,61.33486766398159,60.023310023310025,86.59673659673659,75.36363636363636,17.29657380342312,15.341112258920475,0.5528503025686985,0.2154206006945734,0.2681334502411719,0.0652146011304851,0.8411165363027034
ENSG00000161980,random_a1.0,5.0,62.60069044879172,56.75990675990676,77.15617715617715,76.0909090909091,20.39955534700501,13.351197403372025,0.5793966844303226,0.2160134720437127,0.3156694921502716,0.0568287856832918,0.9713140539872928
ENSG00000161980,unsteered,5.0,64.55696202531645,61.07226107226108,84.84848484848486,74.81818181818181,15.112164399835631,17.76217414573579,0.4824059141660315,0.2149220976618238,0.2343085303057365,0.0753901285813739,0.6151615125390862
ENSG00000162191,add_a0.5,2.0,77.82771535580525,58.796992481203006,79.47368421052632,250.0,10.001794113867112,26.475401619329137,0.2749522080519002,0.2463176455468449,0.1353681929587306,0.1170864150720687,0.9325287950652617
ENSG00000162191,add_a1.0,2.0,78.05243445692884,57.89473684210526,90.97744360902256,250.8,8.612125587851718,24.748563466834003,0.2593077462778881,0.2441046102450444,0.1177803857642494,0.1091427534482945,0.9840449368166014
ENSG00000162191,add_a2.0,2.0,80.374531835206,55.78947368421052,93.53383458646616,249.2,7.862296392462349,28.420792469328823,0.2163605351660727,0.2453108863434165,0.1067926079831717,0.1255285669015162,1.215065888464879
ENSG00000162191,add_a3.0,2.0,79.85018726591761,62.556390977443606,96.54135338345864,249.0,10.928408489736784,26.25205570004633,0.2929989422159179,0.2457726003264517,0.1481994479551708,0.1160385645874061,0.8143499956538071
ENSG00000162191,add_a4.0,2.0,87.49063670411985,74.06015037593986,91.8796992481203,251.0,9.17421767486606,27.643065805276148,0.2497883322585548,0.2455858514580527,0.1245311398619772,0.1221166114577867,0.9988777431590398
ENSG00000162191,add_gc_removed_a1.0,2.0,69.51310861423221,49.17293233082707,71.95488721804512,244.4,9.568093216483032,27.11904751289772,0.2629972534761812,0.2461515085929995,0.129788510275176,0.1199105765037292,0.9517373847944256
ENSG00000162191,add_own,2.0,66.96629213483146,46.315789473684205,79.3984962406015,245.6,9.61732682964458,24.69552925372324,0.2817278388134405,0.2460947644620913,0.1303116382499621,0.1091599092283864,0.8417333360700503
ENSG00000162191,random_a1.0,2.0,59.823716594857935,49.097744360902254,62.70676691729322,248.8,7.570282051692123,25.753416423521724,0.2300959016503692,0.2477771155221491,0.1018872077490498,0.1141348322333051,1.1410105581881789
ENSG00000162191,unsteered,2.0,67.11610486891387,46.39097744360903,80.37593984962407,249.2,8.665925166640132,25.174549403555453,0.2594596853850863,0.2442312335167957,0.1183289465586652,0.1110178195815675,0.9511970267552524
ENSG00000162384,add_a0.5,2.0,82.90076335877862,79.38461538461539,78.46153846153847,122.6,5.558017617621928,28.2153954378437,0.163365141658959,0.2109949742271007,0.0876336319691359,0.1192091114405022,1.5664345764019942
ENSG00000162384,add_a1.0,2.0,64.42748091603053,58.92307692307693,76.61538461538461,121.6,6.120212257013679,23.46635495836752,0.2078643578643579,0.2099583727905662,0.0972176369172077,0.0990100473335204,1.1722358984163377
ENSG00000162384,add_a2.0,2.0,82.74809160305344,71.07692307692307,92.3076923076923,123.8,5.825661662245597,26.035887393249528,0.1841857241857241,0.2096504338046812,0.0927361367610358,0.1098152788528749,1.320721065105684
ENSG00000162384,add_a3.0,2.0,81.06870229007635,74.3076923076923,89.53846153846153,123.0,5.062722952906796,23.63369069002524,0.1629548715273249,0.2101226803597468,0.0801638808937063,0.0997424916952501,2.132634172798634
ENSG00000162384,add_a4.0,2.0,79.08396946564885,60.92307692307693,93.53846153846152,120.0,5.686453268167071,30.175350371582788,0.1560267182647601,0.2123876459841634,0.0893097698462529,0.1277260307790975,1.6972703115548704
ENSG00000162384,add_gc_removed_a1.0,2.0,72.36641221374046,69.23076923076923,72.15384615384616,121.4,6.426746456201103,29.196101763804915,0.1820584795321637,0.2088552137863008,0.1025599050588388,0.1230026424092785,1.1967383373542295
ENSG00000162384,add_own,2.0,86.41221374045801,88.0,83.84615384615384,120.6,5.506465624392647,28.82316144399698,0.1595652897978479,0.2115881345283778,0.0864384468621808,0.1218356885251252,1.5756571632460463
ENSG00000162384,random_a1.0,2.0,79.38931297709924,80.46153846153847,80.76923076923076,122.0,4.926992729079167,27.040839091360706,0.1570387614505261,0.2094577829963821,0.0784481463740989,0.1140207546182586,1.5526126375620577
ENSG00000162384,unsteered,2.0,64.27480916030535,67.23076923076924,70.15384615384616,124.2,13.101024417029416,21.05240888729758,0.3601800522871216,0.2091731227080327,0.2087171393256151,0.0887168060815986,0.7592380933592922
ENSG00000162670,add_a0.5,2.0,46.24624624624624,48.048048048048045,58.13253012048193,290.0,6.578257492715496,24.447127056794404,0.211182719267372,0.2125744828876433,0.1030699831135502,0.1035097942315973,1.0673069125246255
ENSG00000162670,add_a1.0,2.0,60.81641882846702,57.71771771771772,56.807228915662655,303.0,6.730639794317479,25.81474262547472,0.2104567362462099,0.2110739085897586,0.1062425106996899,0.1090848600325802,1.0525929035943011
ENSG00000162670,add_a2.0,2.0,79.27927927927928,76.75675675675676,76.98795180722891,311.6,7.255959439028851,20.26926712612751,0.2650836676997015,0.2115814247259312,0.1144476085271961,0.0856834850996094,0.7737903361966103
ENSG00000162670,add_a3.0,2.0,78.13813813813815,69.4894894894895,82.71084337349399,309.0,7.826424957544501,23.79474080801561,0.2501203697113965,0.2116452223436838,0.1232553494735533,0.100607093296652,0.8585039539766857
ENSG00000162670,add_a4.0,2.0,86.72672672672672,79.81981981981983,89.93975903614458,315.0,6.795194263165058,19.4902512225004,0.259553666407905,0.2117855881625615,0.1069692230521598,0.0824286756785584,0.7851850066732516
ENSG00000162670,add_gc_removed_a1.0,2.0,38.07807807807808,39.0990990990991,46.024096385542165,306.6,6.547722305238795,22.80747857139001,0.2227732553434337,0.2125212538489601,0.1027443327056814,0.0965453597279298,0.9618709381159846
ENSG00000162670,add_own,2.0,51.17117117117117,49.84984984984985,43.67469879518072,296.4,7.342756975801103,27.306005797970585,0.2137971395354037,0.2136359549550165,0.1146923303964478,0.1157531232838289,1.0512175887771718
ENSG00000162670,random_a1.0,2.0,46.90690690690691,45.64564564564565,44.33734939759036,294.4,7.5180925828795555,27.751198934493168,0.212628556433625,0.2131241778443076,0.1174267336302564,0.1175353561028774,1.083322030800282
ENSG00000162670,unsteered,2.0,47.26726726726727,48.048048048048045,44.93975903614458,295.4,7.459597478812389,26.423059618939625,0.2187567763367983,0.2131509707521497,0.1164980813589971,0.1119378712822639,1.0460558846967478
ENSG00000163235,add_a0.5,2.0,60.0,49.090909090909086,83.37662337662337,142.8,7.293668262120207,25.8177136102668,0.2202918510061367,0.251165544802742,0.0965314141570122,0.1148934488434677,1.3456603905809237
ENSG00000163235,add_a1.0,2.0,65.6774193548387,59.22077922077922,81.2987012987013,143.8,8.91547189492395,26.96182052346436,0.2494723707664884,0.2514283893850101,0.1182993506604885,0.1200760290288688,1.1046041347654216
ENSG00000163235,add_a2.0,2.0,69.80645161290322,65.1948051948052,87.27272727272728,142.8,7.981247598085456,26.924990392341822,0.2293061224489795,0.2529114859715249,0.1051845976266557,0.1201742775204924,1.193030288583303
ENSG00000163235,add_a3.0,2.0,83.74193548387096,73.63636363636364,93.76623376623375,145.0,7.467196681451168,29.926982111216194,0.1978643786097561,0.2525650004380346,0.0985719575398761,0.1334367061268314,1.4628284043130737
ENSG00000163235,add_a4.0,2.0,82.70967741935485,81.94805194805195,88.18181818181817,144.4,5.8180076628352495,28.95306513409962,0.1684323930038215,0.2551543209876541,0.0759684637482884,0.1295523475191211,1.7555020327682438
ENSG00000163235,add_gc_removed_a1.0,2.0,55.87096774193549,45.71428571428572,70.0,140.4,5.869724478420131,27.636942767377548,0.1741140022823649,0.2550018419583634,0.0769293744495421,0.1236130766551232,1.8956114886044069
ENSG00000163235,add_own,2.0,76.38709677419355,60.77922077922078,91.55844155844156,144.2,8.035887049720642,31.24892573742024,0.2034714000071253,0.2508961007226745,0.1067278928406385,0.1390619219681021,1.4409495394862069
ENSG00000163235,random_a1.0,2.0,57.54838709677419,51.16883116883117,76.23376623376623,141.4,6.2412117669374165,27.31878991759922,0.1861295097132285,0.2531885736256352,0.0821774193016215,0.1219473010144601,1.5830982215324505
ENSG00000163235,unsteered,2.0,65.80645161290322,43.24675324675325,72.33766233766234,141.6,7.488839201784596,27.67205870034804,0.2109617121812244,0.2516874744273054,0.099395027263473,0.1232602318458413,1.3051497720298015
ENSG00000163462,add_a0.5,2.0,66.36636636636636,53.09309309309309,65.42168674698794,307.2,7.502075399516039,27.809260518544164,0.2122824902667381,0.2538550864886234,0.0984318078499548,0.1242477839372492,1.2910556709108945
ENSG00000163462,add_a1.0,2.0,59.27927927927929,55.91591591591591,72.83132530120481,306.2,7.70294451495725,29.5146867480897,0.2075117101360536,0.2525522806983357,0.101606738186509,0.131621164748886,1.34877523074714
ENSG00000163462,add_a2.0,2.0,63.78378378378378,69.00900900900902,82.53012048192771,307.6,8.17657975279857,28.018151704723305,0.2297890541223342,0.2536489696340245,0.1074335852715308,0.1251255758336456,1.2128257185559808
ENSG00000163462,add_a3.0,2.0,82.76276276276276,82.82282282282283,85.36144578313254,311.2,6.291620397679593,28.853440666638733,0.1830758036736051,0.2519444496675206,0.083227570142001,0.1286153374690343,1.6375128158363244
ENSG00000163462,add_a4.0,2.0,78.43843843843844,80.96096096096096,80.78313253012048,311.2,8.040133820903268,29.616078641801806,0.2133892008892008,0.254001250195647,0.1055201971593617,0.1323318047655896,1.2838234786598557
ENSG00000163462,add_gc_removed_a1.0,2.0,61.26126126126125,54.53453453453453,38.795180722891565,303.8,7.707011766970078,25.47206827560764,0.2316371760282383,0.2550538897467744,0.1007687142676388,0.1139912585428465,1.1926638699064966
ENSG00000163462,add_own,2.0,76.21621621621622,61.8018018018018,68.19277108433735,306.8,7.907870888125876,28.97872476552276,0.2137174105955289,0.2539491252244637,0.1036866592434316,0.1294759739467476,1.3722798874716673
ENSG00000163462,random_a1.0,2.0,62.28228228228228,61.14114114114115,61.08433734939759,303.6,7.521864459981927,28.28229039089816,0.2118182924418284,0.2542095159398331,0.0985578142156176,0.1264171114386555,1.310453663387247
ENSG00000163462,unsteered,2.0,53.45345345345345,61.86186186186186,61.44578313253012,302.2,6.799571986593799,27.68071525718348,0.197913516148058,0.2547719168266668,0.0889099372167896,0.1238250264123622,1.55844379452861
ENSG00000163719,add_a0.5,2.0,71.8918918918919,68.76876876876877,84.33734939759036,312.2,5.96535043979932,26.539006550130885,0.1837960687960688,0.2200850306187683,0.0903298281533136,0.113414066256216,1.269501257940726
ENSG00000163719,add_a1.0,2.0,73.21321321321321,76.45645645645645,83.855421686747,314.6,5.677516887745561,22.74911470183912,0.1982878317224821,0.2203286808504079,0.0858420950193919,0.097268405491225,1.1559368590111294
ENSG00000163719,add_a2.0,2.0,84.65935815333405,71.95195195195194,91.32530120481928,311.0,5.207534180845357,22.69754643696827,0.1872817039717198,0.2195115015906504,0.0792563215657876,0.0969470750859844,1.3379882919944266
ENSG00000163719,add_a3.0,2.0,82.88288288288288,72.49249249249249,87.04819277108433,314.4,5.786476007727567,23.096386335202784,0.2019045258864846,0.2207345787091788,0.0873987707187834,0.098801134217757,1.1505740399602382
ENSG00000163719,add_a4.0,2.0,83.36336336336336,80.12012012012012,90.78313253012048,316.4,5.880203398907922,23.32239756751912,0.2010715315612223,0.2199669766661285,0.089073801137261,0.0996620323396588,1.1413398364673517
ENSG00000163719,add_gc_removed_a1.0,2.0,61.26126126126125,45.64564564564565,68.855421686747,304.0,5.789364026333782,25.1570974627963,0.1912537628182037,0.2214419777900319,0.0871675961198855,0.1077333629249053,1.2467609926658452
ENSG00000163719,add_own,2.0,73.09309309309309,79.0990990990991,81.74698795180723,311.4,6.638234437047527,23.222356398494234,0.2196174098578867,0.2200706926158005,0.1006377367621558,0.099234813952902,1.0562446450646117
ENSG00000163719,random_a1.0,2.0,70.2102102102102,63.54354354354355,81.20481927710844,307.2,6.055560107387566,26.502444250750138,0.1882872979805431,0.2188276329951947,0.0924144751076686,0.1131366988820335,1.3001070255150222
ENSG00000163719,unsteered,2.0,67.92792792792793,63.36336336336336,74.51807228915662,309.2,5.241614635186746,25.37546646019028,0.1719908900222072,0.2222151936612839,0.0786353746299492,0.1087437104584885,1.391349618535617
ENSG00000163728,add_a0.5,2.0,60.96096096096096,72.31231231231232,68.73493975903615,307.6,8.08112686763744,21.583099880892227,0.2725353517659162,0.2285155346267805,0.1178896335766263,0.0932554603897191,0.819536365406009
ENSG00000163728,add_a1.0,2.0,77.2972972972973,84.32432432432432,84.6987951807229,313.6,8.931464499658837,17.728073311140403,0.3345741750673437,0.2271844433379086,0.1310840348412279,0.0764582120373542,0.5881170362972696
ENSG00000163728,add_a2.0,2.0,84.74474474474475,69.6096096096096,82.10843373493977,311.8,7.192609465382273,19.842815692860366,0.2721279082226137,0.2288501330124591,0.10472945152724,0.0857714798896577,0.8236030396340004
ENSG00000163728,add_a3.0,2.0,73.21321321321321,78.97897897897897,86.98795180722891,312.4,8.203876172496852,19.882314713586823,0.2926305345988075,0.2273316199827783,0.1203264255354073,0.0857535933833661,0.7179716255399231
ENSG00000163728,add_a4.0,2.0,88.28828828828829,85.82582582582583,89.1566265060241,318.2,8.798291139553703,15.921544348646572,0.3566583086258327,0.2273239092911941,0.128939562865303,0.0686836357571475,0.5581444883614246
ENSG00000163728,add_gc_removed_a1.0,2.0,56.75675675675676,56.63663663663664,49.39759036144578,305.4,7.048415413060539,25.22982756983973,0.2152076120161226,0.2278879950525901,0.1030828606581078,0.1089138611012304,1.191200966550089
ENSG00000163728,add_own,2.0,68.04804804804806,64.62462462462463,57.16867469879518,306.0,7.775573226893622,25.04123353110452,0.2378617520220914,0.2281784100186242,0.1136098909092318,0.1081604580115467,0.963653824597256
ENSG00000163728,random_a1.0,2.0,60.6006006006006,41.74174174174174,59.1566265060241,303.6,8.283531982739845,23.05494594817228,0.2669862654342831,0.2275630919790569,0.1212764785635598,0.0994835731487946,0.8871009009563897
ENSG00000163728,unsteered,2.0,61.44144144144144,52.7927927927928,48.49397590361446,302.6,7.80784338625284,23.222373761658336,0.2509370443915661,0.2281930586417975,0.1141646008561344,0.1002843272510606,0.9366574652945328
ENSG00000163870,add_a0.5,2.0,58.03797468354431,41.3968253968254,80.12698412698413,311.0,30.00092070286555,8.121083750973016,0.77945011769277,0.2480206753867026,0.4033093028858849,0.0360045731152475,0.0981369703897017
ENSG00000163870,add_a1.0,2.0,60.93289129997991,52.0,80.06349206349208,301.6,20.751120142924712,17.128349686649948,0.5378548677295061,0.2482303507567795,0.278643906452478,0.0759480221038128,0.4520954566159398
ENSG00000163870,add_a2.0,2.0,69.62025316455696,57.01587301587301,89.96825396825398,303.2,15.274232418788552,19.5193228480402,0.398907179371966,0.2476531833330436,0.2053513168857448,0.0864775301478142,1.1462071814635308
ENSG00000163870,add_a3.0,2.0,81.0126582278481,67.23809523809524,85.39682539682539,300.0,11.928323641568165,24.85906101271069,0.3162563874954703,0.2477148647718582,0.1606014291845873,0.1101677108912753,1.02830929854917
ENSG00000163870,add_a4.0,2.0,90.31645569620254,83.11111111111111,94.73015873015872,299.6,5.948067567774325,24.79480149370954,0.1936253193877307,0.2471473070159856,0.0802255341873656,0.1097831691181913,1.3766602517859745
ENSG00000163870,add_gc_removed_a1.0,2.0,55.063291139240505,43.87301587301587,68.6984126984127,298.6,21.29361183326076,15.68027808776974,0.5531746031746032,0.24814605994465,0.2864748934872638,0.0695538038477416,0.451567592441713
ENSG00000163870,add_own,2.0,61.83544303797468,49.523809523809526,83.11111111111111,306.6,21.700490359764324,15.17670733748027,0.5724390761883406,0.2474429849449272,0.2922901397262399,0.0672165474206733,0.6398925436124633
ENSG00000163870,random_a1.0,2.0,55.37974683544304,42.53968253968255,78.53968253968253,306.2,23.350308228357008,10.541145846023896,0.6780023077734804,0.247615595786328,0.3142435801023953,0.0466905701426626,0.2263244081678614
ENSG00000163870,unsteered,2.0,53.73417721518987,52.12698412698412,63.04761904761905,292.6,13.969641509192082,21.41350625767938,0.381774272708998,0.2489490051512005,0.1868116821826964,0.0950336906667461,0.6512649087853539
ENSG00000163930,add_a0.5,2.0,68.88888888888889,53.45345345345345,88.07228915662651,316.6,19.51861755543144,17.29853637071195,0.5064960605610395,0.2301658964302838,0.2830264219918114,0.0749279484225563,0.4633405792072481
ENSG00000163930,add_a1.0,2.0,69.24924924924925,53.51351351351351,90.36144578313254,323.6,29.5915031012643,12.614302659347263,0.6728576380160127,0.2308659575905218,0.4270435804904103,0.0546730011597104,0.2335996339628079
ENSG00000163930,add_a2.0,2.0,74.35435435435436,59.27927927927929,91.3855421686747,317.8,16.323081790314184,21.699890454457428,0.4124335082855788,0.2307535494987401,0.2357135297149062,0.0940221974085295,0.5589340156320285
ENSG00000163930,add_a3.0,2.0,83.90390390390391,70.75075075075075,94.63855421686746,315.2,9.394431959806631,22.4709394794232,0.2955327450520315,0.2302525979609765,0.1360838237914552,0.0973112532269247,0.7264929025686223
ENSG00000163930,add_a4.0,2.0,81.26126126126125,61.8018018018018,96.32530120481928,312.2,9.750918058774332,23.649447703989377,0.2903001443001443,0.2311881846297477,0.140660260643528,0.1025404659692641,0.7503622717027996
ENSG00000163930,add_gc_removed_a1.0,2.0,60.0,43.36336336336336,71.50602409638554,311.8,11.975534777991694,22.627557588564265,0.3324086715998247,0.2305665150415536,0.1733029662685225,0.0980308234454317,0.933135938690564
ENSG00000163930,add_own,2.0,66.78678678678679,42.7027027027027,96.98795180722892,321.2,26.368446004559303,14.249097218019326,0.6280822538997093,0.231190080718012,0.3813071623052112,0.0618388929817247,0.2563389608650609
ENSG00000163930,random_a1.0,2.0,64.38438438438439,46.18618618618618,79.27710843373494,322.2,24.39897701774956,13.0519882822914,0.6248066191835439,0.2310138004627167,0.3528456158687367,0.0566270456789538,0.2985262543051855
ENSG00000163930,unsteered,2.0,65.58558558558559,50.09009009009009,71.50602409638554,323.0,22.85436058257796,14.5328482652221,0.570839902652237,0.2300631509506894,0.3310175172827338,0.0629103356043358,0.6148697735382338
ENSG00000163933,add_a0.5,2.0,59.81981981981983,44.44444444444444,68.3132530120482,325.4,26.114300392838697,13.17573560800338,0.6353622707915184,0.2272808042103322,0.3833127374860032,0.0568370076884162,0.2388772409705885
ENSG00000163933,add_a1.0,2.0,67.8078078078078,44.08408408408408,91.44578313253012,322.0,23.439045995039898,14.41033581243661,0.6146009524110241,0.227187640150563,0.3438474592572473,0.0621548922167503,0.1870444150229875
ENSG00000163933,add_a2.0,2.0,76.996996996997,57.89789789789789,94.39759036144578,322.2,16.111043776239615,16.825117429694,0.4675494970335982,0.2269807816096147,0.2367556575530237,0.0725602476210817,0.3851244499135376
ENSG00000163933,add_a3.0,2.0,74.95495495495496,52.55255255255255,96.80722891566263,315.0,11.701693348612432,19.88036446904625,0.3666484311577033,0.2273587286583058,0.1716946399875685,0.0857767959337031,0.5504290595831505
ENSG00000163933,add_a4.0,2.0,77.53753753753753,59.0990990990991,92.710843373494,313.8,10.26193948543921,18.92908033023212,0.3514093727378592,0.2278862246696307,0.1501926566289037,0.0817191255609557,0.5547682611588849
ENSG00000163933,add_gc_removed_a1.0,2.0,53.09309309309309,44.2042042042042,60.24096385542168,311.0,16.185350603119566,18.960800313219515,0.4458986266138757,0.2273493825750877,0.2371345367473852,0.0817866312285541,0.5073291172441982
ENSG00000163933,add_own,2.0,70.27027027027027,54.77477477477478,89.45783132530121,317.6,20.468876860914577,16.322888948524316,0.5339815459922259,0.2280427699433619,0.2994784479010603,0.0704937491406795,0.3253187931990811
ENSG00000163933,random_a1.0,2.0,52.97297297297298,42.46246246246246,57.59036144578313,318.2,20.21881556883846,17.348826885740486,0.5197376264975916,0.2278854856476585,0.2959973394665064,0.0749002948289098,0.4245457982544285
ENSG00000163933,unsteered,2.0,54.47447447447448,37.53753753753754,62.71084337349398,329.0,30.37732156144529,10.163286406397358,0.7482590019141231,0.2277632934185504,0.4445731973491003,0.04386752683664,0.102979037194759
ENSG00000163946,add_a0.5,2.0,87.74774774774775,81.8018018018018,91.86746987951808,317.2,9.770699975788457,15.401785098400715,0.3896025064579361,0.2276197806190669,0.1431749561027808,0.0664706195404008,0.4730929675927976
ENSG00000163946,add_a1.0,2.0,88.70870870870871,82.34234234234233,94.81927710843374,317.4,7.9482716070663955,14.936090680251954,0.3538535123619389,0.2273324951852146,0.1165574288206412,0.0644341552433607,0.5624322248430296
ENSG00000163946,add_a2.0,2.0,87.74774774774775,85.52552552552552,90.5421686746988,316.8,8.52085697866128,14.710463519987002,0.3667410815256194,0.2274137956765221,0.1248671827195635,0.0634701754881803,0.5110557631984373
ENSG00000163946,add_a3.0,2.0,88.34834834834835,89.7897897897898,91.50602409638554,317.2,9.966247024307204,13.508783309836724,0.4268610014883312,0.2272726634033395,0.1461499088509365,0.058279248229736,0.4002735512774016
ENSG00000163946,add_a4.0,2.0,87.74774774774775,87.98798798798799,87.7710843373494,317.8,9.571205435456047,14.912443882685304,0.3894553291483116,0.2280305877036155,0.1398663094476186,0.0643916883532324,0.4779770931012509
ENSG00000163946,add_gc_removed_a1.0,2.0,73.27327327327328,42.58258258258259,76.80722891566265,310.0,8.056495824826653,21.155846648426245,0.2803670919444947,0.2284713265362837,0.1175303861185362,0.091391021820536,0.8922683136945515
ENSG00000163946,add_own,2.0,92.07207207207207,89.7897897897898,86.02409638554217,318.8,8.906290241792075,15.20379960694757,0.372308083668336,0.2269667026418713,0.1308097150109878,0.0655633252597648,0.5091328781005101
ENSG00000163946,random_a1.0,2.0,72.85285285285286,61.56156156156156,76.02409638554217,306.8,7.4690165181709585,22.776982022941667,0.250836136386704,0.2271008904201386,0.1096610941297504,0.0982561022048376,0.974880281200253
ENSG00000163946,unsteered,2.0,86.78678678678679,80.72072072072072,85.54216867469879,317.4,8.847257329049453,14.471264922178946,0.3922138047138047,0.2270672927452369,0.1298641070135354,0.0624255088066165,0.4705156753049834
ENSG00000164080,add_a0.5,2.0,76.6966966966967,40.30030030030029,97.16867469879516,319.6,4.698350044613826,24.46310159349495,0.1605160749208782,0.2181128827813042,0.071752902340555,0.1042970243286921,1.4748731112158602
ENSG00000164080,add_a1.0,2.0,82.58258258258259,50.270270270270274,95.42168674698794,317.4,6.818719339950762,25.69535146775062,0.2093801978065668,0.2182283839721919,0.1040660323050639,0.1095517426438521,1.1214090087723805
ENSG00000164080,add_a2.0,2.0,92.07207207207207,59.75975975975975,93.855421686747,316.0,6.857509525272266,24.37077046824817,0.2199542842928316,0.2192105166453524,0.1041754779890661,0.104051334645198,1.0654051480654956
ENSG00000164080,add_a3.0,2.0,94.4144144144144,90.8108108108108,95.18072289156626,322.6,7.0035858728885545,20.67070395497678,0.255366095507944,0.220088628068408,0.1060596015167192,0.0883580826518049,0.8655326604123793
ENSG00000164080,add_a4.0,2.0,83.48348348348348,72.01201201201201,94.39759036144578,317.8,7.380348388829404,22.85362945381134,0.2386977720556427,0.2193644453344279,0.1119586725342466,0.0975928178398956,1.0163674482686091
ENSG00000164080,add_gc_removed_a1.0,2.0,63.14193711784073,35.43543543543544,65.60240963855422,308.0,7.106781847335947,27.285148789161973,0.208243851132686,0.2174712179033807,0.1088761497189129,0.1162010393495558,1.1120605554427714
ENSG00000164080,add_own,2.0,79.21921921921921,67.62762762762763,93.49397590361446,314.6,6.996581999848114,25.29933183850509,0.2167253789595066,0.2193258164303948,0.1063049900876194,0.1080255480555271,1.0674498365148812
ENSG00000164080,random_a1.0,2.0,74.65465465465465,13.453453453453454,75.24096385542168,322.0,5.630594586012543,22.621648011431294,0.1946736623373652,0.2184984608328266,0.0858869844323662,0.0964825318291578,1.2862134518994468
ENSG00000164080,unsteered,2.0,81.32132132132132,34.53453453453453,83.73493975903615,313.2,6.987282171310727,24.48541047417562,0.2198311618392325,0.2202229170435728,0.1055585734701757,0.1046825647584106,1.0275686619993636
ENSG00000164342,add_a0.5,2.0,49.66966966966967,40.78078078078078,58.67469879518072,298.8,7.388422149194042,27.05762834858108,0.2153535869961581,0.2551552803876021,0.0965403765277717,0.1210917806751059,1.3631984929029684
ENSG00000164342,add_a1.0,2.0,43.42342342342342,44.86486486486486,42.04819277108434,304.8,7.198746566858903,21.064098496935834,0.2709632047074396,0.2544601031866792,0.0941563563667118,0.0942321454168049,0.9924811273258872
ENSG00000164342,add_a2.0,2.0,66.65056622887948,54.5945945945946,76.26506024096385,303.6,6.991291239428058,28.7232514997272,0.1962893854437532,0.2542811807648044,0.091631357626655,0.1283864881803397,1.4354960792966431
ENSG00000164342,add_a3.0,2.0,75.67567567567568,75.55555555555556,77.04819277108433,310.6,5.7975511405843365,28.160803261690905,0.1734163469053112,0.2544955357076365,0.0759961171489457,0.1259365495342454,1.8127151202732208
ENSG00000164342,add_a4.0,2.0,87.74774774774775,81.86186186186185,84.75903614457832,314.0,6.11741792667759,27.25254456546703,0.1852781940819229,0.2537907544952811,0.0802921097278007,0.1217185364660136,1.563784865717381
ENSG00000164342,add_gc_removed_a1.0,2.0,36.75675675675676,37.5975975975976,38.493975903614455,294.4,7.680456205899858,23.92315552129008,0.2434860238138655,0.2536207313014042,0.1009412913897725,0.1068464088672773,1.0937243772879894
ENSG00000164342,add_own,2.0,63.42342342342342,55.85585585585585,56.024096385542165,307.6,6.341967663951781,27.2796075072161,0.1906806975848249,0.2546869680473618,0.0829552801138061,0.1220394034021295,1.462541426412635
ENSG00000164342,random_a1.0,2.0,50.510510510510514,51.71171171171172,56.26506024096386,302.8,8.258986286003502,24.402446223233813,0.2541630950616318,0.2547351622293061,0.1080917007552195,0.1091529602133016,1.0151209869849651
ENSG00000164342,unsteered,2.0,44.8048048048048,47.68768768768769,41.9277108433735,298.2,7.035671761170846,25.108474721662976,0.2258054784402034,0.2534927283768572,0.0925556790002469,0.1121304924014764,1.401047460260502
ENSG00000164548,add_a0.5,2.0,47.5098814229249,60.95238095238095,42.61904761904762,243.6,37.69098160204023,3.006449684355589,0.920957946310095,0.2451334044346946,0.5128950617487774,0.0133006511284352,0.0406108074632461
ENSG00000164548,add_a1.0,2.0,46.00790513833992,53.88888888888889,55.23809523809524,239.8,32.69749474702876,8.304353697778309,0.7249241978803295,0.2454813027116406,0.4436204304758174,0.0366775048855964,0.2597748945877841
ENSG00000164548,add_a2.0,2.0,66.79841897233202,67.61904761904762,87.6984126984127,239.8,17.857649039059027,16.550359242475253,0.5035924900052592,0.2468799468052553,0.2410005074364033,0.0732107873221904,0.3895448102010667
ENSG00000164548,add_a3.0,2.0,68.3794466403162,71.66666666666667,91.82539682539682,237.4,15.568082141565789,16.688444307966407,0.4811464737793852,0.2448530458658463,0.2117848720775919,0.0736487155629193,0.3653076867459661
ENSG00000164548,add_a4.0,2.0,84.1897233201581,80.07936507936509,92.06349206349206,237.2,13.762911481164258,15.250423611193332,0.4800939849624059,0.2465734730747152,0.1860569047157532,0.0674652403779464,0.3602276139493014
ENSG00000164548,add_gc_removed_a1.0,2.0,48.85375494071146,59.36507936507936,39.84126984126984,241.0,34.20297422980921,4.96875952566819,0.8418967962698574,0.2452332441676893,0.4659776075358787,0.0220105695154279,0.133486630346286
ENSG00000164548,add_own,2.0,49.80237154150198,62.93650793650793,55.873015873015866,248.0,42.34374377986796,2.499552177146162,0.944010160603081,0.2454267496698736,0.5751101916127456,0.0110408122377076,0.0197421838675891
ENSG00000164548,random_a1.0,2.0,43.39920948616601,57.777777777777786,36.03174603174604,241.4,32.51576810103529,4.596579561237855,0.8554191606467147,0.244534366035324,0.4441961463779094,0.0203442435389292,0.0916553049691818
ENSG00000164548,unsteered,2.0,49.01185770750988,58.095238095238095,44.92063492063492,239.8,31.38651856470734,5.48370012306195,0.823447301051641,0.2439349152395837,0.4296569537417961,0.0242355411617106,0.2621192591670498
ENSG00000164761,add_a0.5,2.0,55.73573573573574,46.24624624624624,61.08433734939759,301.4,6.52084224348432,25.45174267447467,0.2048091198886792,0.2201496414160693,0.0988020066980925,0.1088033848943356,1.1670277727002127
ENSG00000164761,add_a1.0,2.0,63.96396396396396,62.22222222222221,79.45783132530121,305.2,7.47115559929603,26.110463310564505,0.2232548254825482,0.221204736193642,0.1126088373819601,0.1117585987575483,1.0261489940970647
ENSG00000164761,add_a2.0,2.0,72.49249249249249,71.23123123123123,76.6867469879518,311.0,6.764894340003544,28.277117063904825,0.1936603328853037,0.2190512575895549,0.1029753121118655,0.1206936258136338,1.202704051773588
ENSG00000164761,add_a3.0,2.0,80.06006006006007,70.27027027027027,88.855421686747,312.4,6.594462760348281,22.555814257873493,0.2333111056878677,0.2192494687406438,0.1002424853930222,0.0963193615773577,0.9607415465677736
ENSG00000164761,add_a4.0,2.0,84.68468468468468,78.73873873873875,87.89156626506023,313.2,6.434198814206281,25.354024897240784,0.2007288703778951,0.2186792548629346,0.0981632935060811,0.1081647798802065,1.1605436378974328
ENSG00000164761,add_gc_removed_a1.0,2.0,42.85683273635081,37.8978978978979,43.01204819277108,294.0,6.7392365916589245,25.154960469861287,0.2186846647923125,0.2202777906518476,0.1019314467622271,0.1075150999388271,1.096111987338621
ENSG00000164761,add_own,2.0,58.97897897897898,44.98498498498498,69.1566265060241,304.6,5.512268845858865,29.493050588664868,0.1577723161125062,0.2185870948188138,0.0841320615542607,0.1258270917133179,1.5464928943184255
ENSG00000164761,random_a1.0,2.0,46.96696696696697,45.76576576576576,41.506024096385545,298.0,7.179362155981357,25.55479713835602,0.2200153160679476,0.2211113712576662,0.1081664024118086,0.1093529991248779,1.017501473329595
ENSG00000164761,unsteered,2.0,43.6036036036036,37.47747747747748,42.40963855421687,294.0,7.762633041494155,24.46668091135112,0.2411372355266217,0.2194164327565864,0.117823264543851,0.1044745177930227,0.9229315891936196
ENSG00000164880,add_a0.5,2.0,70.69069069069069,61.38138138138138,94.33734939759036,311.4,7.787333560209722,29.42062103822412,0.20721799749093,0.2472073617158415,0.1049011649771134,0.1302774079694936,1.327355602932496
ENSG00000164880,add_a1.0,2.0,73.63363363363364,62.4024024024024,82.28915662650601,313.8,7.64927323207578,26.138272555470007,0.227037904977175,0.2474303886724276,0.1030564577606158,0.1157733561267097,1.1252627766502084
ENSG00000164880,add_a2.0,2.0,85.88588588588588,76.45645645645645,96.86746987951808,313.6,6.631413663777449,28.51998807611046,0.1891107310892509,0.2480911030536523,0.0891183254700502,0.1264437902610446,1.4344292194627972
ENSG00000164880,add_a3.0,2.0,89.1891891891892,84.38438438438439,93.97590361445783,314.2,5.729484013423903,30.003115162355225,0.1605383785215718,0.2481145815600517,0.0769475923830053,0.133024331029299,1.7457759681366358
ENSG00000164880,add_a4.0,2.0,89.96996996996998,86.48648648648648,94.87951807228916,318.2,7.165746489146992,27.849645662080466,0.2047209575875035,0.2478549741560946,0.0963856543840755,0.1234170791699932,1.2850084192244708
ENSG00000164880,add_gc_removed_a1.0,2.0,57.83783783783783,53.213213213213216,69.39759036144578,306.2,7.60876395512704,26.45847670882856,0.2299021775030741,0.2493364893756791,0.1015051474845392,0.1174382005350971,1.2720195610646587
ENSG00000164880,add_own,2.0,73.45345345345345,62.28228228228229,96.86746987951808,311.6,6.8120391718703015,28.77556635185379,0.1908067003902506,0.2485483040245921,0.091345049499147,0.127655810821461,1.4217561136895271
ENSG00000164880,random_a1.0,2.0,70.15015015015015,63.48348348348348,84.81927710843374,309.0,8.348714446504408,27.82710549916028,0.2312619250612959,0.248044732520388,0.1121632142068812,0.1233438157073935,1.1200143057353935
ENSG00000164880,unsteered,2.0,56.27627627627628,60.24024024024025,70.78313253012048,309.6,8.204265356587332,26.859144403349,0.2365224364903511,0.247776446858755,0.1103891851868418,0.1190189728595058,1.0952013945986478
ENSG00000164935,add_a0.5,2.0,46.006006006006,46.72672672672672,48.6144578313253,294.4,8.01460740374723,26.389185371139305,0.2329453114379248,0.2262702318687598,0.1179155383139589,0.1136724685235658,1.009179852121052
ENSG00000164935,add_a1.0,2.0,66.54654654654655,57.77777777777777,75.0,304.8,7.669422038342849,21.677174093454944,0.257140663858744,0.2279498871409359,0.1119878018392354,0.0936269116587933,0.905855815720812
ENSG00000164935,add_a2.0,2.0,74.53453453453453,69.90990990990991,87.7710843373494,311.4,6.9363458349339,23.00687563492881,0.2337180334084599,0.2283585728458451,0.101246710184949,0.0993763922979522,0.9818622337931032
ENSG00000164935,add_a3.0,2.0,80.82962480552843,81.26126126126125,81.62650602409639,316.4,6.009876128864526,18.90375712792516,0.2434869043075988,0.2262907270878888,0.0883906139326725,0.0814407591003774,0.982181881605874
ENSG00000164935,add_a4.0,2.0,79.15915915915916,77.17717717717719,91.44578313253012,312.0,6.342769151240228,21.72516229522897,0.2221498445476553,0.2278582896411266,0.0929230603473869,0.0937806111557198,1.103055238170844
ENSG00000164935,add_gc_removed_a1.0,2.0,41.32132132132132,34.05405405405405,43.67469879518072,299.0,7.7031103960106275,26.781927005210008,0.2234050802144844,0.2276291828992377,0.1127019476894743,0.1155799070673685,1.0467882151342525
ENSG00000164935,add_own,2.0,59.81981981981981,43.18318318318318,60.8433734939759,297.0,7.221028942752366,25.478017084044552,0.2219920847126729,0.2276830099422698,0.1057034115725825,0.1099685847123098,1.1194508093992002
ENSG00000164935,random_a1.0,2.0,57.53753753753754,51.47147147147148,53.13253012048193,303.8,7.908427912657655,26.01777482855749,0.2383396561182285,0.2278463078626229,0.1157051051762647,0.1123055677551418,1.0112066411665737
ENSG00000164935,unsteered,2.0,49.66966966966967,45.4054054054054,39.39759036144578,298.4,7.148984788083365,24.7442210406738,0.2276089809027756,0.2279360138578668,0.1044248425613799,0.1068140262905511,1.0997323343596417
ENSG00000164961,add_a0.5,2.0,54.05405405405405,39.21921921921922,50.18072289156626,301.8,7.751854205058767,26.78746922196705,0.2247052115476088,0.2254093610297352,0.1146198651801315,0.115279203140919,1.0095538019406245
ENSG00000164961,add_a1.0,2.0,58.318318318318326,44.26426426426426,56.62650602409639,303.4,9.98471564842914,26.09144625240583,0.2763170171277814,0.2238328920625672,0.148710952431161,0.1120567266713844,0.773664138907827
ENSG00000164961,add_a2.0,2.0,67.0870870870871,46.84684684684685,82.95180722891567,308.4,11.3128017285842,22.8136255414342,0.3309979837703144,0.225947230233101,0.166961275080903,0.0982592690689089,0.5967613991019597
ENSG00000164961,add_a3.0,2.0,71.23123123123123,43.24324324324324,89.51807228915662,310.4,7.797237694581133,25.44756520061085,0.2337025632395422,0.2244468301003256,0.1158470646134258,0.1093894388733879,0.9824852692374666
ENSG00000164961,add_a4.0,2.0,78.43843843843844,66.6066066066066,91.26506024096383,315.2,7.495835310011143,23.24526786696691,0.24340510765303,0.2236384103375942,0.1116352369810709,0.0998350498289689,0.9105283732187296
ENSG00000164961,add_gc_removed_a1.0,2.0,45.7057057057057,31.591591591591595,35.963855421686745,301.6,9.01569678453802,22.498578805543165,0.2861502807922595,0.2234928906988489,0.1344628482141228,0.0966030088605647,0.7264392312076214
ENSG00000164961,add_own,2.0,61.86186186186186,41.86186186186187,82.7710843373494,311.2,8.87862334229559,26.35844021413008,0.2509818855653157,0.223623609421184,0.1324005264503558,0.1131649943665424,0.8722483339218983
ENSG00000164961,random_a1.0,2.0,47.38738738738739,33.813813813813816,38.0722891566265,299.8,8.680659169909214,23.80019814802021,0.2678794876655446,0.225367696170102,0.1282311087347571,0.1023966265750412,0.8226900417804345
ENSG00000164961,unsteered,2.0,45.825825825825824,32.37237237237237,35.24096385542169,296.8,9.29309856337777,24.34806774011876,0.2808614994360759,0.2247036993012727,0.1378209391118361,0.1046750996062194,0.7765897193265041
ENSG00000164975,add_a0.5,2.0,80.0,62.10210210210211,95.24096385542168,314.2,8.338726261040998,19.610483969704816,0.2997115854086447,0.2081513313549864,0.1335501851278946,0.0825550783435416,0.6192632669416135
ENSG00000164975,add_a1.0,2.0,82.16216216216216,68.1081081081081,96.26506024096383,315.4,8.250665496743206,19.273680161188505,0.3039553864715448,0.2088445717366541,0.1316652998303478,0.0812219282042074,0.6139648980309647
ENSG00000164975,add_a2.0,2.0,84.132566301241,60.18018018018019,96.3855421686747,314.2,7.255516603574575,18.93680766711929,0.2782192678974411,0.2075825092108442,0.116440111305303,0.0796611114012304,0.7100611045888519
ENSG00000164975,add_a3.0,2.0,85.22522522522522,74.05405405405405,96.144578313253,315.4,7.947446590508449,19.67091134226016,0.2863642154826201,0.2072231328816198,0.1277566206959476,0.0827095133588858,0.6760472626813615
ENSG00000164975,add_a4.0,2.0,90.75075075075075,81.02102102102103,90.72289156626506,316.8,7.324031596471679,18.30937830955913,0.2857204922110682,0.2091049516425044,0.1167403661419208,0.0771659061425342,0.6704293147916849
ENSG00000164975,add_gc_removed_a1.0,2.0,65.34534534534535,53.93393393393393,78.61445783132531,306.2,6.991265418854207,23.225714280721725,0.232103947581482,0.2084265388342754,0.1118304440073823,0.097798334472307,0.8921973984163278
ENSG00000164975,add_own,2.0,66.84684684684684,53.99399399399399,85.48192771084337,310.4,6.703624190379157,23.945933389642,0.2202008793809489,0.2085020318574406,0.1071930267116122,0.1008576155768762,0.9416680198817464
ENSG00000164975,random_a1.0,2.0,62.16216216216217,39.03903903903904,71.98795180722891,307.2,6.785824794973243,23.75627666248424,0.2218029318973086,0.2086323576548926,0.1083160268964416,0.1000590592858492,1.030430427517537
ENSG00000164975,unsteered,2.0,71.87126885922066,47.14714714714715,82.95180722891567,312.0,7.641791588495655,23.1211271197246,0.2479570931625243,0.2074843000228698,0.122723273852584,0.0972682803364136,0.8005101412198743
ENSG00000165124,add_a0.5,2.0,81.08108108108108,54.71471471471472,91.92771084337348,311.6,7.833928739164233,27.016793991904784,0.2249800487912487,0.2386155094016931,0.1094748201376962,0.1182930326643935,1.091979586888001
ENSG00000165124,add_a1.0,2.0,85.88588588588588,60.12012012012012,95.06024096385542,312.0,9.107107368785412,23.4048262846872,0.2808359495529798,0.2357558333694957,0.1287155411282596,0.1020795325198729,0.8035381699383185
ENSG00000165124,add_a2.0,2.0,80.36036036036037,71.95195195195195,89.75903614457832,309.6,7.757539360257242,24.79191102928876,0.2396948500877171,0.2389502982833248,0.1082504489535465,0.1085965934427963,1.0228107803326374
ENSG00000165124,add_a3.0,2.0,81.92192192192192,63.9039039039039,90.8433734939759,312.0,6.860470962439862,26.667747079175133,0.2049827833374686,0.2363960464943328,0.0968765606497762,0.1164356339541073,1.2452964820863408
ENSG00000165124,add_a4.0,2.0,83.66366366366367,64.98498498498498,93.25301204819276,317.0,8.201352776573053,22.914082472877208,0.2644218921016166,0.2370829273327558,0.115408157101594,0.1001160328967506,0.8830856737371505
ENSG00000165124,add_gc_removed_a1.0,2.0,63.78378378378378,61.74174174174175,86.08433734939759,311.6,7.571489122443364,26.77690425545249,0.2204881515311829,0.236915749246033,0.1064977387522478,0.1169753951982986,1.1803693991075743
ENSG00000165124,add_own,2.0,76.87687687687688,51.35135135135136,93.67469879518072,310.8,8.127151530581614,25.9546075923448,0.235450307199723,0.2366857786480095,0.1141404922805665,0.1133592218175187,1.0498482865308505
ENSG00000165124,random_a1.0,2.0,77.77777777777779,53.75375375375376,91.02409638554217,313.2,7.984093946338339,24.693318837980115,0.2448111543257174,0.2365401987246445,0.1125293069703955,0.1078246795447572,0.9659967582593476
ENSG00000165124,unsteered,2.0,81.68168168168168,57.23723723723724,91.20481927710844,314.6,6.867703940695518,23.096382830921563,0.2305223549710594,0.2379813085390622,0.0961411252194448,0.1010326888349187,1.0724113765702954
ENSG00000165282,add_a0.5,2.0,65.10510510510511,56.03603603603604,80.58821388272122,308.8,8.048361676119617,29.78439403942129,0.2127399984691502,0.2640922062825844,0.1016055985275875,0.1349227166450012,1.371653689437982
ENSG00000165282,add_a1.0,2.0,73.03303303303304,54.53453453453453,92.34939759036143,312.8,7.037550934686459,28.45198361340423,0.1985793689802086,0.2645641010963232,0.0886193731257928,0.1289750044445245,1.5133398990026594
ENSG00000165282,add_a2.0,2.0,75.43543543543544,54.83483483483483,94.4578313253012,313.0,6.387480539742089,29.71288342392108,0.1753251290866768,0.2658929398793415,0.0801850958409964,0.1349205431348338,1.7775708128470875
ENSG00000165282,add_a3.0,2.0,86.78099786533521,68.88888888888889,94.81927710843374,317.2,7.495136042015957,29.364751331014723,0.2049779652002127,0.2664999433761369,0.0937237421812503,0.1334454256522564,1.4585400189501674
ENSG00000165282,add_a4.0,2.0,80.54054054054055,66.06606606606606,95.96385542168674,312.6,7.940922942669653,30.015875628784748,0.2096884525833472,0.2658038961027472,0.0995742071567044,0.1362768432663476,1.3797984510094323
ENSG00000165282,add_gc_removed_a1.0,2.0,52.61261261261261,42.88288288288288,78.07228915662651,308.8,7.603584165945158,26.892088221175182,0.2244444467801393,0.2649505227047222,0.0957916960111583,0.1219491244081938,1.4033774450879857
ENSG00000165282,add_own,2.0,78.85885885885887,64.74474474474474,95.48192771084337,312.6,6.394180715616836,31.04521181229999,0.1712023597873189,0.2663498922580472,0.0799611276496345,0.1410435503663749,1.7972228915212995
ENSG00000165282,random_a1.0,2.0,65.7057057057057,56.6966966966967,85.34233611181887,311.8,7.005118023232325,27.68221293574356,0.2019861471861471,0.2662180185770563,0.0876859208392619,0.125776476489969,1.4570918909518191
ENSG00000165282,unsteered,2.0,61.74174174174175,49.129129129129126,79.63855421686746,311.4,7.069786079354548,26.20895313021096,0.2132583542884262,0.2653015337089369,0.0888426127516469,0.1189052167812519,1.3997974103265034
ENSG00000165724,add_a0.5,2.0,79.1919191919192,53.80710659898477,83.1472081218274,185.6,7.862621954711119,27.69433729035054,0.2216988804085578,0.2171910945889633,0.120610447590797,0.1179365822898836,0.9880826453858692
ENSG00000165724,add_a1.0,2.0,76.76767676767676,60.30456852791879,92.28426395939088,183.0,5.889609413013668,27.89859904327989,0.1769866939351088,0.2163813132749297,0.0906781810917156,0.1186663119299082,1.405203595743174
ENSG00000165724,add_a2.0,2.0,80.9090909090909,62.13197969543147,91.26903553299492,184.8,7.256288847452943,33.68413464556522,0.1775866711439075,0.2162362108318157,0.1118420800417823,0.1432776006690959,1.3010909234689974
ENSG00000165724,add_a3.0,2.0,81.71717171717171,60.81218274111675,94.21319796954316,184.4,7.38400432253466,29.4032564627258,0.1986281568453699,0.2171515041586082,0.1134461495533986,0.1251874740272278,1.1861582675693203
ENSG00000165724,add_a4.0,2.0,73.53535353535354,57.05583756345177,93.90862944162436,184.4,5.5335832203879205,29.495732865269275,0.1580244672310611,0.2192080867622502,0.0842143497446761,0.1259246593083811,1.573834801898425
ENSG00000165724,add_gc_removed_a1.0,2.0,66.96969696969697,49.54314720812182,90.96446700507614,184.6,6.720652799727053,25.806534157546697,0.2109911780804275,0.2176573206852854,0.1028386165255739,0.109970917833131,1.136273728030081
ENSG00000165724,add_own,2.0,65.85858585858587,55.63451776649747,92.89340101522842,184.2,6.08069904491485,28.128251322610435,0.1769933606751566,0.2155968520883002,0.0938495585622374,0.1195220590633255,1.3522862977866754
ENSG00000165724,random_a1.0,2.0,71.01010101010101,56.24365482233502,81.42131979695432,184.8,6.277296747548464,29.54562571725043,0.1748664637397032,0.2197282217381372,0.0952388310632837,0.1262215646247265,1.3594207195465688
ENSG00000165724,unsteered,2.0,71.21212121212122,49.54314720812182,86.80203045685279,184.0,6.962825059445747,27.81433176972148,0.2058846304498478,0.2180039560285666,0.1064113482752039,0.1185750122727901,1.2542950324678963
ENSG00000165929,add_a0.5,2.0,31.23123123123123,24.564564564564566,30.5421686746988,285.8,6.935249441100477,29.887899843464613,0.1889006765960244,0.2328195963092404,0.0991905109829271,0.1298411450223978,1.3549995650584117
ENSG00000165929,add_a1.0,2.0,32.912912912912915,31.23123123123123,28.433734939759034,295.8,6.289426925321897,25.063779944668045,0.2021689636697311,0.2328172791332106,0.0900753727267573,0.1089002387260621,1.2164009426730769
ENSG00000165929,add_a2.0,2.0,58.55855855855856,55.13513513513514,56.86746987951807,301.4,7.020129470501752,25.92724937225654,0.2207826496935407,0.2319428707169989,0.1007872112738353,0.1124710291119302,1.17166235432208
ENSG00000165929,add_a3.0,2.0,76.21621621621621,69.54954954954955,66.02409638554217,307.8,8.130883108396278,22.319986830267915,0.2690532417540943,0.2320911987051564,0.1168019782915512,0.0968661723388904,0.8391571348514321
ENSG00000165929,add_a4.0,2.0,83.54354354354355,83.24324324324324,85.78313253012048,314.6,7.195552257745881,16.725107721651646,0.2967788705429003,0.2332479929270539,0.1027544306462315,0.0727078965769175,0.7726311668661777
ENSG00000165929,add_gc_removed_a1.0,2.0,28.228228228228225,23.063063063063066,26.98795180722892,298.2,5.336483440364111,26.240420271789247,0.1648128810245675,0.2319619197862793,0.0767125873599218,0.1138782253237562,1.616777874373345
ENSG00000165929,add_own,2.0,43.54354354354355,45.04504504504504,43.97590361445784,298.2,7.120964438544067,26.13549285082744,0.2137492648180412,0.2331338597442518,0.1017381129881498,0.1136180856029994,1.1425757964585856
ENSG00000165929,random_a1.0,2.0,31.41141141141141,27.207207207207205,22.2289156626506,290.8,6.938512310709347,25.493061406504594,0.2151923675648749,0.2324886747519864,0.099504438628374,0.1107246607995437,1.1268046516377574
ENSG00000165929,unsteered,2.0,37.71771771771772,26.906906906906908,21.807228915662648,295.4,7.261484260353678,26.508543366584632,0.2169626430011257,0.233589179909135,0.1035941120345198,0.1152792916106407,1.137153183873108
ENSG00000166192,add_a0.5,2.0,56.45289137092416,40.0,58.9010989010989,172.2,13.612451426978373,18.63745776155475,0.4206071423267694,0.2110141958337729,0.2150969739840081,0.0787508847717044,0.3804985335442247
ENSG00000166192,add_a1.0,2.0,60.54644808743169,44.28571428571429,74.72527472527472,170.2,12.472637437009286,21.86757528553079,0.3601723942013045,0.2140011968319808,0.1940108272328883,0.0927531723299265,0.4949643561945732
ENSG00000166192,add_a2.0,2.0,61.85792349726776,42.417582417582416,83.73626373626374,171.6,13.12026612878006,20.9890780873753,0.374252644454008,0.2110807420611339,0.2068722333914459,0.0886770156544402,0.5030458131118639
ENSG00000166192,add_a3.0,2.0,67.10382513661202,47.69230769230769,82.08791208791209,169.8,10.6036320391524,24.05268223480893,0.3040105480042636,0.21045096222698,0.1680648128104351,0.101537882922547,0.6184439698410747
ENSG00000166192,add_a4.0,2.0,67.8688524590164,46.81318681318682,80.32967032967034,171.2,14.019506050313442,23.37508160064172,0.370785138404722,0.2106840300746999,0.221821824773046,0.098707222891349,0.5064727353396143
ENSG00000166192,add_gc_removed_a1.0,2.0,49.18032786885246,35.934065934065934,52.85714285714285,172.0,16.64690381407003,19.11680463322264,0.4583517720651876,0.2115088937650278,0.2621150313532792,0.0808056227122994,0.3701721034130305
ENSG00000166192,add_own,2.0,59.34426229508197,42.85714285714285,77.6923076923077,174.2,20.190479487411896,18.285035819584976,0.5255394049511697,0.2133441171355972,0.3162988387077254,0.0775380610239934,0.3204037254371936
ENSG00000166192,random_a1.0,2.0,52.89617486338798,37.582417582417584,55.05494505494505,172.4,16.318120602320153,16.93884200524861,0.4912669683257918,0.2124339230381422,0.2561800955306678,0.0717033514817218,0.3365456636225079
ENSG00000166192,unsteered,2.0,55.08196721311475,36.7032967032967,65.38461538461539,172.2,14.288818817112553,20.09200075961737,0.4165774690052204,0.2133177595344442,0.2232923388862258,0.085139344863128,0.3874097507827717
ENSG00000166342,add_a0.5,2.0,45.52552552552553,33.213213213213216,43.67469879518072,304.0,6.286343375907203,26.36827743062043,0.1889843058262739,0.2118172446172246,0.0989793110696554,0.1114977810522628,1.2281016053501974
ENSG00000166342,add_a1.0,2.0,52.1921921921922,52.67267267267268,54.93975903614457,299.6,6.595852365188529,26.80681528172003,0.2018189872809662,0.2133033821840972,0.103020033848629,0.1135617548876778,1.133172959743226
ENSG00000166342,add_a2.0,2.0,69.36936936936937,68.22822822822823,67.59036144578313,310.8,7.335252212299698,23.616363326460128,0.2380713334481188,0.2131430299696787,0.1147222909957121,0.1000359986071208,0.8729178611600215
ENSG00000166342,add_a3.0,2.0,86.54654654654655,80.84084084084084,88.6144578313253,313.0,6.768727324303498,20.53234667643649,0.2478881351765696,0.210998707930421,0.1068052280245045,0.0867458945486723,0.829186633027121
ENSG00000166342,add_a4.0,2.0,84.74474474474474,85.58558558558559,85.48192771084338,313.2,8.371722514962936,20.18176126206519,0.2934375496435522,0.2132855202811036,0.1308069903564062,0.0855105981171937,0.6752309677540369
ENSG00000166342,add_gc_removed_a1.0,2.0,35.43543543543544,39.81981981981982,37.77108433734939,299.6,5.6814615565503015,27.661578936507283,0.1704568994697774,0.2110797810137251,0.0895949372286894,0.1168596266691871,1.35115177956674
ENSG00000166342,add_own,2.0,59.87987987987988,51.59159159159159,62.77108433734939,299.4,6.748607255307149,24.922703381165547,0.2132318769022335,0.2134668152344095,0.1053488637660093,0.1056244680128531,1.0211453694360606
ENSG00000166342,random_a1.0,2.0,37.11711711711712,33.03303303303304,31.08433734939759,288.4,7.544773379623942,26.724883243109293,0.2195781361756397,0.2125258509021055,0.1184034026356812,0.1131307158976313,0.9962911507868186
ENSG00000166342,unsteered,2.0,37.35735735735736,36.93693693693693,33.192771084337345,295.6,6.033502903369676,27.240156093235857,0.1809423672794877,0.2122203931917645,0.0947032851501676,0.1152576216966136,1.2524716243877514
ENSG00000166780,add_a0.5,2.0,77.51196172248804,55.96153846153845,70.28846153846155,192.8,9.24826140666536,24.98813740547089,0.2720848978607599,0.2489929542554502,0.1236909075071964,0.1109157849267969,0.9451247914345308
ENSG00000166780,add_a1.0,2.0,65.16746411483254,57.40384615384615,72.3076923076923,192.4,7.691120732010861,24.21217178195652,0.2424895668999154,0.2460220505289755,0.1041953317945448,0.1070486444696241,1.02973874069573
ENSG00000166780,add_a2.0,2.0,80.19138755980862,61.730769230769226,90.57692307692308,196.4,9.375364742041052,27.827224535957303,0.2539234887686456,0.2482524489241266,0.1257720622533945,0.1233999681100462,0.9935699133498636
ENSG00000166780,add_a3.0,2.0,78.85167464114832,74.13461538461539,88.5576923076923,195.6,7.865113163910817,25.89722546185489,0.2355338390725455,0.2492823436422759,0.1051550419400996,0.1149923911696652,1.1244346338053737
ENSG00000166780,add_a4.0,2.0,82.77511961722487,69.8076923076923,89.32692307692307,195.6,9.613682408438804,24.233868857606364,0.2839157149535831,0.2477864011793423,0.1292874040181382,0.1074146001900716,0.8416963391915047
ENSG00000166780,add_gc_removed_a1.0,2.0,58.94736842105264,46.05769230769231,68.65384615384616,192.6,8.314511386720838,24.286325243237464,0.2550360129714968,0.2476200817919383,0.1119369646078606,0.1076105545587348,0.992266390010386
ENSG00000166780,add_own,2.0,80.76555023923444,50.38461538461539,95.96153846153844,194.8,8.808210674315125,28.669231074927403,0.2347824252430746,0.2484584909823181,0.1181687338567388,0.1271666305384163,1.113606958150943
ENSG00000166780,random_a1.0,2.0,66.2200956937799,51.15384615384615,83.36538461538461,190.6,7.538806479853733,25.74492775187601,0.2286778931648186,0.2475075831373435,0.1015848184473352,0.1140580722938753,1.183776674034682
ENSG00000166780,unsteered,2.0,56.45933014354067,41.15384615384615,72.11538461538461,190.6,7.975503556356013,26.353013246552457,0.2346470464398676,0.2483375329420286,0.1070266234404449,0.1168557893528862,1.123854768192122
ENSG00000166889,add_a0.5,2.0,46.96696696696697,37.95795795795796,39.51807228915662,301.4,7.372943769406556,22.23120410076932,0.2489236742607529,0.2473556399835777,0.0993067295960985,0.0984469915714721,1.0178647420248763
ENSG00000166889,add_a1.0,2.0,57.75100401606426,56.87687687687687,51.74698795180723,307.4,9.958627827048192,23.430212723737867,0.2977506323129481,0.2491563292831663,0.1333074049584577,0.1040070633293505,0.7865924391141811
ENSG00000166889,add_a2.0,2.0,63.60360360360361,57.83783783783783,78.97590361445783,310.2,9.55505415093813,23.957526776319007,0.2827835843325517,0.2500970333129666,0.1272152578149623,0.1065065206474209,0.856165008687535
ENSG00000166889,add_a3.0,2.0,78.61861861861863,74.71471471471472,77.2289156626506,311.0,9.380635179775458,23.4560607092872,0.2874715151175184,0.2500030107349987,0.1250522985770631,0.1042285353361156,0.8618677336113935
ENSG00000166889,add_a4.0,2.0,85.58558558558559,76.15615615615616,94.1566265060241,315.8,9.943971169887092,22.929768325427226,0.3011179321480893,0.2490267473294102,0.1330235822210533,0.1017715941243075,0.8014498659377592
ENSG00000166889,add_gc_removed_a1.0,2.0,50.030030030030034,33.51351351351352,42.22891566265061,298.2,9.373327242819286,21.350827591647665,0.3022234156820623,0.2485721193595533,0.1256701168584088,0.094743280868279,0.7922197958525914
ENSG00000166889,add_own,2.0,66.42642642642643,67.92792792792793,71.3855421686747,306.2,11.794175584773404,22.933561044262355,0.3378452913748251,0.248519883299692,0.1581040086055284,0.101720739778571,0.6637249905471176
ENSG00000166889,random_a1.0,2.0,52.31231231231232,41.44144144144144,38.493975903614455,308.4,18.83718543007652,15.600441478541889,0.5054404505080164,0.2482969514264875,0.253783118371227,0.0692218498541018,0.5219560169647054
ENSG00000166889,unsteered,2.0,49.30930930930931,33.933933933933936,36.14457831325301,305.0,12.205872028207818,20.29628992783924,0.345957602964475,0.2484006586923505,0.1642875981797925,0.0900441993658035,0.9370044496646092
ENSG00000167085,add_a0.5,2.0,63.95061728395061,40.082644628099175,65.86776859504133,242.0,42.72727272727273,0.8264462809917357,0.9809952086009972,0.2529843893480256,0.562976406533575,0.0036877688998156,0.0065610556651191
ENSG00000167085,add_a1.0,2.0,64.60905349794238,40.16528925619835,77.5206611570248,242.0,36.942148760330575,1.818181818181818,0.9519736647396222,0.2529843893480256,0.4867513611615242,0.0081130915795943,0.0172017759016323
ENSG00000167085,add_a2.0,2.0,67.40740740740742,40.24793388429752,90.9090909090909,242.0,32.72727272727273,2.8099173553719003,0.9221235047203196,0.2529843893480256,0.4312159709618871,0.012538414259373,0.0287055087039931
ENSG00000167085,add_a3.0,2.0,67.1604938271605,40.082644628099175,94.54545454545456,242.0,30.49586776859504,3.71900826446281,0.8917484833570104,0.2529843893480256,0.4018148820326676,0.0165949600491702,0.0413933421719633
ENSG00000167085,add_a4.0,2.0,69.13580246913581,42.39669421487604,92.89256198347108,241.8,31.26161654264257,7.367374232708069,0.8134284572057979,0.2529177097264611,0.4119967676553576,0.0328689181293312,0.0835713760419777
ENSG00000167085,add_gc_removed_a1.0,2.0,62.79835390946503,40.082644628099175,58.7603305785124,242.0,46.19834710743802,0.8264462809917357,0.98237728807077,0.2529843893480256,0.6087114337568054,0.0036877688998156,0.0060862566313082
ENSG00000167085,add_own,2.0,64.85596707818931,40.49586776859504,81.81818181818183,242.0,35.289256198347104,1.8181818181818183,0.9507175766996712,0.2529843893480256,0.4649727767695096,0.0081130915795943,0.0176023758111677
ENSG00000167085,random_a1.0,2.0,63.86831275720165,40.082644628099175,62.31404958677685,242.0,44.628099173553714,0.9090909090909092,0.9800201309718964,0.2529843893480256,0.5880217785843916,0.0040565457897971,0.0069088154621593
ENSG00000167085,unsteered,2.0,63.37448559670781,40.082644628099175,61.570247933884296,242.0,45.45454545454545,0.8264462809917357,0.982128753707701,0.2529843893480256,0.5989110707803988,0.0036877688998156,0.0061624973905169
ENSG00000167693,add_a0.5,2.0,73.75375375375376,70.57057057057057,81.74698795180723,310.2,7.038896571608637,28.38553932812093,0.1976990036975844,0.2462882145152635,0.0952549742358367,0.1255307418296278,1.3642377031430395
ENSG00000167693,add_a1.0,2.0,84.08408408408408,76.21621621621622,92.46987951807228,314.0,6.8878824613924206,29.62051913638866,0.1900238440804478,0.2459278702668446,0.093340213614893,0.1309087719472762,1.4857679094156808
ENSG00000167693,add_a2.0,2.0,87.74774774774775,82.52252252252252,91.44578313253012,316.2,6.899871440819718,29.03338447950517,0.1937104267571603,0.2468847018775185,0.0931821712246046,0.1285097517702186,1.438171770768942
ENSG00000167693,add_a3.0,2.0,86.48648648648648,78.97897897897897,96.02409638554217,315.6,6.478583537334666,27.2508788935842,0.1901907057333896,0.2467235471146855,0.0874827814796096,0.1205949005893118,1.4887910590270894
ENSG00000167693,add_a4.0,2.0,88.58858858858858,89.4894894894895,91.50602409638554,317.0,6.378489334287361,27.377057597047127,0.1891058247055846,0.2447882751095915,0.0868322122572927,0.1208329594792255,1.5091847787228234
ENSG00000167693,add_gc_removed_a1.0,2.0,68.86537139549188,67.08708708708708,72.4698795180723,311.0,6.83553430570627,25.23846022841064,0.2106103254423189,0.2456711874809879,0.0926957304487818,0.1115370044897002,1.395629956070589
ENSG00000167693,add_own,2.0,86.54654654654655,84.62462462462463,85.72289156626506,317.6,5.042528005234383,26.70639007127373,0.1599064220803351,0.2453392912424089,0.0684843868193234,0.1179579581910166,1.762355347059274
ENSG00000167693,random_a1.0,2.0,75.41445059517348,49.009009009009006,92.2289156626506,314.0,7.157301752700872,29.38304738377203,0.1939315474926984,0.2444462641066143,0.0975194013924876,0.1296514660502342,1.3681614246831466
ENSG00000167693,unsteered,2.0,73.29317269076304,63.72372372372372,83.13253012048193,312.2,5.906783158457838,25.34087365499292,0.1891456723943005,0.2458148792798728,0.0800052312522615,0.1120125965804565,1.4364790560970684
ENSG00000167992,add_a0.5,2.0,89.06906906906906,89.24924924924925,89.57831325301206,317.0,8.22740726014805,20.90190754949125,0.2963149248039974,0.2516758566082572,0.1089594654730795,0.0931267540908051,0.8368144882986851
ENSG00000167992,add_a1.0,2.0,85.64564564564564,82.22222222222223,89.09638554216868,313.8,9.107640768650132,23.719326052814203,0.2732914273370078,0.2522638809064716,0.120394366787616,0.1057450577064756,0.9447518715381772
ENSG00000167992,add_a2.0,2.0,83.6036036036036,83.36336336336336,91.26506024096383,316.0,14.67207190863144,19.17438439120312,0.4138259413825157,0.2505762340919212,0.1955056788600087,0.0853152803869561,0.5572044375611911
ENSG00000167992,add_a3.0,2.0,87.02702702702703,76.81681681681683,93.61445783132532,313.4,9.270642844230649,22.80646951676052,0.2868430285428248,0.2520680166989987,0.1227599567107262,0.1016604292824903,0.9144666676260784
ENSG00000167992,add_a4.0,2.0,87.8078078078078,76.81681681681683,93.25301204819276,312.4,9.813066580865488,22.04389389367212,0.3062022591784178,0.2525374207033601,0.1293871844750943,0.0982981351453727,0.7790047973270882
ENSG00000167992,add_gc_removed_a1.0,2.0,69.96996996996998,69.00900900900902,72.59036144578313,305.2,8.520054633656203,24.49595436193207,0.2592742720195917,0.2512697662611173,0.1130246643349302,0.1090652595763321,0.9640700844748136
ENSG00000167992,add_own,2.0,90.63063063063063,91.11111111111111,89.93975903614458,312.6,9.73483022285684,23.17404095201225,0.2942605482972799,0.251445063939503,0.1289999424697381,0.1031815001785633,0.8290891612530482
ENSG00000167992,random_a1.0,2.0,71.95195195195194,71.29129129129129,75.66265060240964,313.2,7.300810532695204,23.132622237412203,0.2403606733209924,0.2510124031231576,0.097015236788362,0.1029257535181549,1.0622299355668512
ENSG00000167992,unsteered,2.0,82.70270270270271,75.85585585585586,84.75903614457832,311.4,10.015683831675462,23.757861502278782,0.2955205551587152,0.2529897785274982,0.131979286342089,0.1060221047068681,0.8274702149889137
ENSG00000168016,add_a0.5,2.0,58.07807807807808,43.003003003003,67.71084337349399,306.2,6.687955317325164,26.13721580173971,0.2053341103341103,0.2296085270499508,0.0971455910558864,0.1131015833198656,1.2170570953465945
ENSG00000168016,add_a1.0,2.0,63.003003003003,49.609609609609606,69.39759036144578,306.2,8.37045161102264,24.902986892733114,0.2579524280067758,0.2308792567525623,0.1208304392881103,0.1079108960875415,0.964441097282579
ENSG00000168016,add_a2.0,2.0,75.85585585585585,52.97297297297297,88.3132530120482,311.2,7.839632612648858,26.21722282375432,0.2310538340354854,0.2293700628207105,0.1139536673787982,0.1134048662004609,1.130549042497183
ENSG00000168016,add_a3.0,2.0,81.08108108108108,58.13813813813814,93.13253012048192,312.6,8.061858495973166,27.074164855825472,0.2282535481595503,0.2300464479429986,0.1168442428160029,0.1172114763613596,1.024718253026368
ENSG00000168016,add_a4.0,2.0,84.92492492492492,69.36936936936937,89.57831325301206,313.8,6.115840476501299,27.29046753081024,0.1830505458435826,0.2298747459525198,0.0887096762735884,0.1181265927942335,1.352012555185271
ENSG00000168016,add_gc_removed_a1.0,2.0,43.6036036036036,35.61561561561562,44.21686746987952,299.2,9.46147876170446,21.562992358570867,0.3131844305120167,0.2311024823698411,0.1364319997069023,0.0935005857678739,0.7197234507595229
ENSG00000168016,add_own,2.0,58.13813813813814,47.98798798798799,67.40963855421687,302.2,8.650922947056639,25.21275705881286,0.2552500156847982,0.2300249223953771,0.1254340971836506,0.1091581825001564,0.9161437606593472
ENSG00000168016,random_a1.0,2.0,55.49549549549549,35.91591591591592,56.74698795180723,298.8,8.099639375123862,27.379849499143223,0.2292983168325048,0.2292052868394564,0.1177979601425112,0.1184022762716247,1.0849844460663705
ENSG00000168016,unsteered,2.0,56.75675675675676,33.693693693693696,51.506024096385545,301.6,9.157793742232284,24.563501998959023,0.2718624582091449,0.2300370704247427,0.1326970173886947,0.1063452204993184,0.8070969558551667
ENSG00000168038,add_a0.5,2.0,57.65765765765766,32.61261261261261,59.75903614457832,303.0,9.767665566477111,24.58389686955052,0.2840809399941381,0.2124063884722254,0.1533102325019213,0.1040524868872267,0.7110563880331372
ENSG00000168038,add_a1.0,2.0,60.36036036036036,49.48948948948949,64.6987951807229,306.8,8.867006091619492,22.304524450911625,0.2843886524280094,0.2106445726435736,0.1404338567926441,0.0941951927478832,0.6864154258742655
ENSG00000168038,add_a2.0,2.0,68.64864864864865,40.24024024024024,85.36144578313254,307.2,11.055414648672574,21.11982317548675,0.3446867770801574,0.210653462713454,0.1751024519620322,0.0891979923545437,0.5636344127289565
ENSG00000168038,add_a3.0,2.0,79.0990990990991,57.297297297297305,90.96385542168674,314.4,7.759009916955574,18.70233008143191,0.2913752679012784,0.2096441721088988,0.123307136620515,0.0788850781143363,0.6536122565465546
ENSG00000168038,add_a4.0,2.0,77.29729729729729,52.7927927927928,91.86746987951808,311.6,9.43597382451743,19.06077246636685,0.3282580067208197,0.2106714744083639,0.1491847221565771,0.0804927307710308,0.556374434413115
ENSG00000168038,add_gc_removed_a1.0,2.0,53.51351351351351,29.96996996996997,47.59036144578313,298.6,7.493625629573086,26.269596525211107,0.2213962706032474,0.2120188727018672,0.11783798338876,0.1111123547264606,0.9895627104179414
ENSG00000168038,add_own,2.0,60.54054054054054,36.15615615615616,65.36144578313254,303.6,8.495116987381655,22.215050240143967,0.2784628139577964,0.2124875852426942,0.1332766788786283,0.094050905345762,0.76266450692662
ENSG00000168038,random_a1.0,2.0,54.71471471471472,33.57357357357357,47.108433734939766,302.8,10.414975672092812,22.280862726613933,0.3186921998846079,0.2123798830403976,0.163495706141366,0.0942900209582312,0.609539997942823
ENSG00000168038,unsteered,2.0,49.66966966966967,33.27327327327328,47.04819277108434,303.2,8.218701840234113,23.8608990829461,0.2568408618996108,0.2117338734713555,0.1293687742720201,0.1009011518854392,0.802650278128028
ENSG00000168143,add_a0.5,2.0,46.12612612612613,37.65765765765766,35.72289156626506,300.6,11.133313884480463,24.79126390185612,0.3037627488399021,0.2100103765236772,0.1766749610831194,0.1045887633234839,0.6778651053897877
ENSG00000168143,add_a1.0,2.0,52.91291291291292,42.64264264264264,65.66265060240964,310.6,9.172282120436869,24.24627764558577,0.272323614327238,0.2097669893717025,0.1458179964087591,0.1022480192730564,0.7275155128720828
ENSG00000168143,add_a2.0,2.0,78.61861861861863,57.35735735735735,90.12048192771084,313.0,8.879392207418883,19.961592521562142,0.3040629798597974,0.209502995841451,0.1410977496065016,0.084174446518626,0.6378267534541975
ENSG00000168143,add_a3.0,2.0,77.89789789789789,55.85585585585585,92.10843373493977,313.8,9.562366542336653,22.659339142814243,0.3004052476348019,0.2107477287246892,0.1511560899928169,0.0956992620610685,0.640534679689629
ENSG00000168143,add_a4.0,2.0,79.27927927927928,69.30930930930931,85.10737815309577,313.8,8.17405340309811,19.55078412308638,0.2954559559738278,0.2095787361690232,0.1300483476830941,0.082431977859858,0.6367875797541067
ENSG00000168143,add_gc_removed_a1.0,2.0,41.32132132132132,31.29129129129129,33.493975903614455,297.8,7.793019321183084,26.796633848793817,0.2259584603895189,0.2116145674748784,0.1227672188136834,0.1132958636661987,0.9467214157200354
ENSG00000168143,add_own,2.0,53.27327327327328,42.58258258258258,45.8433734939759,303.2,10.080328165337717,25.08105541328576,0.2871188766711415,0.2097870651291139,0.1601528167225939,0.1058220878755406,0.7251571803399249
ENSG00000168143,random_a1.0,2.0,50.15015015015016,35.67567567567568,23.855421686746983,313.4,12.578495844210536,19.87749581316521,0.3572432324443112,0.2100769860525231,0.1996960624935126,0.0838809075165811,0.6479815406907902
ENSG00000168143,unsteered,2.0,45.52552552552552,33.57357357357357,33.674698795180724,308.6,12.526005075961333,24.883057478087714,0.3278469077269009,0.2095199911352952,0.198871478605885,0.1048874651242385,0.8197677681221498
ENSG00000168237,add_a0.5,2.0,66.96696696696696,48.88888888888889,74.45783132530121,307.0,8.726781300282775,27.49662801054444,0.24167947319286,0.2770212183581936,0.1051058405063308,0.1268052317528823,1.2345858278360318
ENSG00000168237,add_a1.0,2.0,69.00900900900902,54.11411411411412,79.75903614457832,306.4,9.147834868052934,26.73771186262773,0.2541630543101621,0.2754571947415314,0.1106615735001254,0.1230043576648473,1.1250970135471028
ENSG00000168237,add_a2.0,2.0,72.01201201201202,57.89789789789791,85.48192771084337,310.6,9.531449682940051,23.750069792818447,0.2882254203732945,0.2777181697329959,0.1143012745075062,0.1095602310972126,0.984242432133554
ENSG00000168237,add_a3.0,2.0,85.70570570570571,64.86486486486487,94.93975903614458,312.0,8.979029396008789,26.62469644521306,0.2513445646336276,0.2755761633999339,0.1085601194711614,0.1225189852253504,1.1467888472622758
ENSG00000168237,add_a4.0,2.0,86.84684684684684,76.3963963963964,88.97590361445783,313.2,8.497493619719714,28.17011042013143,0.2319778970314441,0.2770677261411959,0.1022574908277836,0.1298895186806803,1.294451450998804
ENSG00000168237,add_gc_removed_a1.0,2.0,58.738738738738746,41.56156156156156,57.46987951807229,308.8,6.215796291781923,24.48502186934001,0.2019754404371601,0.274754998996765,0.0753534022844053,0.1125376739431502,1.5776604074322598
ENSG00000168237,add_own,2.0,72.01201201201201,55.07507507507508,79.33734939759036,309.0,8.277664507083767,28.276684982320425,0.2263123556632684,0.2752853526568707,0.1001912812707586,0.1300688566291689,1.304894211974013
ENSG00000168237,random_a1.0,2.0,66.90690690690691,49.369369369369366,64.51807228915663,301.4,7.75476485302311,24.842532950363484,0.2365886667541151,0.2774020186711932,0.0931932219465314,0.1145784106411245,1.2579905177275583
ENSG00000168237,unsteered,2.0,59.0990990990991,42.28228228228228,59.45783132530121,298.6,7.432630230731377,25.725768327746017,0.2229102771513547,0.277584188265411,0.0892203087947932,0.1186971848499769,1.376345901382651
ENSG00000168280,add_a0.5,2.0,55.43543543543543,45.4054054054054,56.32530120481928,323.0,30.52172617962092,10.536908365855734,0.6594268291752916,0.2176163005110377,0.4676265218230137,0.0448965207005537,0.4140133959683271
ENSG00000168280,add_a1.0,2.0,66.18618618618618,55.37537537537537,86.144578313253,321.2,17.01345197298694,15.91666961743966,0.4642925797735235,0.2177263377817065,0.260473764954797,0.0678227927520653,0.8262063412601062
ENSG00000168280,add_a2.0,2.0,75.01501501501502,66.54654654654655,90.8433734939759,320.6,11.837108186447535,21.7530518787367,0.3396889779837535,0.2172301603647616,0.1816341072424505,0.0926333570451282,1.0586586450825126
ENSG00000168280,add_a3.0,2.0,86.84684684684684,85.4054054054054,83.73493975903615,315.8,5.829581505509465,24.779349343989185,0.1908612795250726,0.2182792160563081,0.0890731219167481,0.1056534949030989,1.2046662620060704
ENSG00000168280,add_a4.0,2.0,72.25225225225225,64.14414414414414,90.72289156626506,320.8,11.779555012888348,22.89818376068376,0.3244076602450807,0.2192411402041035,0.1788375743114311,0.0977540450288616,0.8440625623938611
ENSG00000168280,add_gc_removed_a1.0,2.0,55.91591591591591,54.294294294294296,56.08433734939759,308.8,6.821158414239996,24.55934138401659,0.2213339511797443,0.2202216812032376,0.1034551381122459,0.1049855965616975,1.3567014244643916
ENSG00000168280,add_own,2.0,78.1981981981982,72.61261261261261,87.28915662650601,311.2,6.421298174881312,27.94202269342524,0.1838313368091317,0.2180976186364402,0.0984078607829203,0.1191110211618541,1.455839361219231
ENSG00000168280,random_a1.0,2.0,60.48048048048048,55.31531531531532,61.98795180722891,319.6,22.341645403653647,15.817053832228057,0.526675276683115,0.2169961547755981,0.3426012167869214,0.0673096523514196,0.5768503442571984
ENSG00000168280,unsteered,2.0,73.57357357357357,74.77477477477478,73.9156626506024,312.4,5.3295290241093545,24.42206536329564,0.1777900534810958,0.2181432068536239,0.0815467453139296,0.1041104777133048,1.3320153308134028
ENSG00000168874,add_a0.5,2.0,79.56112852664577,64.0251572327044,94.1509433962264,296.8,8.618711709822483,27.2535107212772,0.2392802735212723,0.2477364326241586,0.1158964130941479,0.1207521008174592,1.0966279776619163
ENSG00000168874,add_a1.0,2.0,78.0564263322884,60.0,83.8993710691824,298.8,8.227100415158752,28.243312931788743,0.2248867428474514,0.2497366791288164,0.1097954270436,0.1254881760725703,1.158919757418494
ENSG00000168874,add_a2.0,2.0,76.1128526645768,59.81132075471699,95.2766700394818,297.8,7.177749158822564,25.83769203331948,0.2200910598353053,0.2482632007611116,0.0963309154222618,0.1145793390332989,1.2015775891742948
ENSG00000168874,add_a3.0,2.0,85.39184952978056,76.35220125786164,95.9748427672956,300.4,9.18429676875395,26.888605476439828,0.2564315625039391,0.2487059546555489,0.1230724208130578,0.1193089872046593,1.0006466483210272
ENSG00000168874,add_a4.0,2.0,87.21003134796237,81.25786163522012,96.16352201257862,302.8,6.814571004103956,27.47744743730052,0.1984887743835112,0.248865327251395,0.0912744070332098,0.1219409429745681,1.4081298331815473
ENSG00000168874,add_gc_removed_a1.0,2.0,65.77965734114075,54.21383647798742,68.9937106918239,287.0,8.331874956649719,26.49616610157701,0.2392217642847468,0.2511210389282101,0.1106401454290904,0.1179128348519337,1.0969457029342604
ENSG00000168874,add_own,2.0,73.5423197492163,70.062893081761,92.2012578616352,297.2,9.022231540712133,27.9359729353779,0.2439472950131257,0.2482520877235395,0.1210961243368781,0.1238572398416639,1.0397918503800316
ENSG00000168874,random_a1.0,2.0,79.3730407523511,80.56603773584905,89.1194968553459,296.2,8.17219652802236,27.15178641997872,0.2320478939868952,0.2480969997397242,0.1098500517045757,0.1203470612659065,1.100234831691092
ENSG00000168874,unsteered,2.0,72.03761755485894,68.67924528301887,88.61635220125785,299.8,8.417772695409438,28.2325981712018,0.2287587983479115,0.2492233595242795,0.1124722346125513,0.1253662704387199,1.1283871407547037
ENSG00000169679,add_a0.5,2.0,53.993993993994,39.81981981981982,45.8433734939759,298.8,7.074913170895732,26.15796567899642,0.2118066472054384,0.2168025621816872,0.1090421766864272,0.1113184195642271,1.236631619708211
ENSG00000169679,add_a1.0,2.0,52.732732732732735,37.2972972972973,60.8433734939759,298.2,8.990841726761627,25.42722053360352,0.2632971053207023,0.2152863162601529,0.1391753108916702,0.1079878426405849,0.8171850764241579
ENSG00000169679,add_a2.0,2.0,73.63363363363364,54.65465465465466,82.65060240963855,308.6,10.357137234078545,22.894499517248505,0.3131899614120911,0.2164631281654064,0.1595197342703697,0.0973978121648842,0.6312236172039585
ENSG00000169679,add_a3.0,2.0,75.97597597597597,51.71171171171172,95.72289156626506,310.0,9.365015703208927,23.190578441973663,0.288340868775354,0.2170522478174529,0.1438879307689649,0.0987075365796895,0.6891034281133671
ENSG00000169679,add_a4.0,2.0,84.6846846846847,74.47447447447448,92.40963855421688,316.4,8.231121854228903,20.04188282045009,0.2901885922719256,0.2175242858762728,0.1259828887394938,0.0853685664737879,0.7591128271554496
ENSG00000169679,add_gc_removed_a1.0,2.0,43.84384384384384,29.72972972972973,28.915662650602407,300.6,6.521720581201317,25.560827263814303,0.2040062870563651,0.2149007504006047,0.1011403827622104,0.1085178551462356,1.0894195471027994
ENSG00000169679,add_own,2.0,58.716668475704616,44.86486486486486,46.20481927710844,305.8,8.649540377126245,24.16999071670575,0.2583191673989155,0.2170711217600018,0.1329974922620163,0.1029118970106923,0.9533426115696442
ENSG00000169679,random_a1.0,2.0,45.04504504504505,34.95495495495496,34.63855421686747,293.6,7.274932879609911,26.001704237573552,0.218822423089059,0.2174041283896911,0.1115635647577178,0.1107484988721729,0.995799556310084
ENSG00000169679,unsteered,2.0,36.93693693693694,32.672672672672675,30.48192771084337,297.6,6.350779226822784,28.18408690523028,0.1832653836956058,0.2174941184714326,0.0974634084830055,0.1200958401854966,1.3844022844041592
ENSG00000169744,add_a0.5,2.0,45.04504504504504,43.9039039039039,47.65060240963855,296.0,7.005946082378353,26.72793151303537,0.2087104388384902,0.2169913553696764,0.1077604946725792,0.1137779890464368,1.0992179294024815
ENSG00000169744,add_a1.0,2.0,59.87987987987988,50.330330330330334,61.98795180722893,305.4,6.141483569586358,24.47323609707426,0.2008278703601515,0.2142383985188194,0.0954882406096799,0.1038356601137991,1.1479442969485405
ENSG00000169744,add_a2.0,2.0,84.74474474474475,79.3993993993994,79.93975903614458,311.2,7.779872226852229,24.422101068239648,0.2433532337246327,0.2147138365505747,0.1207930411612017,0.1036591753721012,0.8722866466868121
ENSG00000169744,add_a3.0,2.0,87.44744744744744,85.94594594594595,88.07228915662651,317.8,6.857178846789504,21.622666611047386,0.2409833800717933,0.2146726811682911,0.1064197861086596,0.0917823945668584,0.9503011131763028
ENSG00000169744,add_a4.0,2.0,86.006006006006,85.28528528528528,89.93975903614458,316.2,7.484248642349361,21.295780906898955,0.2579024632395419,0.2140839299783303,0.1164091809483563,0.0903335958628581,0.8111420486731002
ENSG00000169744,add_gc_removed_a1.0,2.0,50.990990990990994,35.1951951951952,34.81927710843373,297.4,6.926943902070292,25.34980631097921,0.2132813346165073,0.2144460979607597,0.1076866824881154,0.1075399706894495,1.039429470593777
ENSG00000169744,add_own,2.0,59.45945945945946,48.58858858858859,70.90361445783132,307.0,6.775741398269162,26.695713194496903,0.2059127981296023,0.2138229821571974,0.1056105141779118,0.1131732411322941,1.0768060069373346
ENSG00000169744,random_a1.0,2.0,49.90990990990991,39.21921921921922,39.036144578313255,298.4,6.497157010174243,27.03624802486236,0.1956854293393291,0.213723444425751,0.1013213795786825,0.1146444082147307,1.2068716948170033
ENSG00000169744,unsteered,2.0,45.34534534534534,37.53753753753754,45.48192771084338,299.8,6.7312852912034815,27.380355132062885,0.1977185464189726,0.2125672505528665,0.105559047123236,0.1158960299207696,1.1034995763027051
ENSG00000170385,add_a0.5,2.0,68.88888888888889,47.207207207207205,93.3132530120482,313.2,14.618822197411117,17.78918714358458,0.4349130861904562,0.2423586938288693,0.2012698431126929,0.0782722998425637,0.4600475007275252
ENSG00000170385,add_a1.0,2.0,69.9099099099099,52.31231231231232,89.81927710843374,318.2,14.759231531796924,17.695522293140826,0.4454684890588581,0.2423487499509013,0.2030483881113197,0.0778576572802414,0.4541787891160334
ENSG00000170385,add_a2.0,2.0,75.97597597597597,52.61261261261261,98.13253012048192,317.4,12.786038006308612,17.290284112140647,0.4211346595489041,0.241900548378458,0.1762545363421078,0.076029600437635,0.4678633398711715
ENSG00000170385,add_a3.0,2.0,76.87687687687688,57.89789789789789,89.75903614457832,318.4,10.923169009308648,20.370134484456592,0.3513197920584859,0.2417677945617161,0.1505180012711819,0.0895487979759443,0.6324880970079447
ENSG00000170385,add_a4.0,2.0,75.97597597597597,59.03903903903904,91.98795180722892,317.2,10.845419919351375,21.513189999304995,0.3385762440922991,0.2423268404963751,0.1492061822029657,0.0946630821629885,0.6582585070561058
ENSG00000170385,add_gc_removed_a1.0,2.0,64.6846846846847,45.94594594594595,85.90361445783132,314.0,16.53316764013008,17.18043159466397,0.484935802200246,0.2415474643661191,0.2280024223479235,0.0755083833457073,0.3612513582223784
ENSG00000170385,add_own,2.0,72.37237237237237,51.17117117117117,93.67469879518072,318.0,11.633706664179517,17.320740469861715,0.4055452507276044,0.2421309267212576,0.1600597364026137,0.0761662605540967,0.4850813268168318
ENSG00000170385,random_a1.0,2.0,65.46546546546547,46.18618618618619,94.27710843373494,312.2,18.429692261275825,14.156994992484377,0.548624618275781,0.2426403241616571,0.253281571842863,0.0623069447431617,0.2878566789423291
ENSG00000170385,unsteered,2.0,74.35435435435436,53.33333333333333,91.44578313253012,316.8,11.178880096434636,17.532733647644914,0.397487445311714,0.242147702264603,0.1538667380602059,0.0771169363272251,0.4998430266429385
ENSG00000170502,add_a0.5,2.0,62.15488215488216,58.98648648648649,70.8108108108108,270.4,8.198313280640184,25.37906355579231,0.2434322566235796,0.2130051564303615,0.1281407195681805,0.1074793402174226,0.9037054136774084
ENSG00000170502,add_a1.0,2.0,66.19528619528619,56.55405405405405,72.29729729729729,269.8,7.316681020384502,26.2571720661754,0.2199238594233538,0.2118587213931264,0.1152812112852141,0.1110678732744045,1.0384561193352235
ENSG00000170502,add_a2.0,2.0,73.93939393939394,80.06756756756756,76.35135135135135,275.8,7.61131728832023,22.93969521494049,0.2496936452581613,0.212551764926251,0.1193883055048946,0.0971151845738752,0.866022564779316
ENSG00000170502,add_a3.0,2.0,76.9023569023569,75.0,80.0,273.0,8.35638485905908,22.35951108710457,0.2729976830772863,0.2144175160286398,0.1298836175179293,0.0948740865430602,0.7288079220469941
ENSG00000170502,add_a4.0,2.0,74.74747474747474,75.2027027027027,89.05405405405405,278.6,8.695970888946885,21.608690777951967,0.2854309596655043,0.2134450338211981,0.1358823236274659,0.091577279387952,0.7191795911555507
ENSG00000170502,add_gc_removed_a1.0,2.0,52.72727272727273,55.47297297297298,58.04054054054054,268.6,8.55751496698134,23.187244672183688,0.2718845514657237,0.2144844844682106,0.1329267153260486,0.0984225360841128,0.7608172517031168
ENSG00000170502,add_own,2.0,61.68350168350169,69.86486486486487,69.52702702702702,273.2,8.475397970191866,24.38665505143465,0.2627031012795489,0.2127017279256043,0.1328319067881349,0.1032351297296611,0.8120445526614007
ENSG00000170502,random_a1.0,2.0,47.138047138047135,40.74324324324324,46.68918918918919,273.6,6.190216182956656,21.81951435671944,0.2215577848823609,0.2164206995382638,0.0953129142749729,0.0928010808164139,1.0180657615867186
ENSG00000170502,unsteered,2.0,43.299663299663294,46.21621621621621,41.55405405405405,270.0,6.3794163660377405,23.10745396540178,0.2211753748308693,0.2146363614280595,0.0991852667587386,0.0980887603563072,1.00202273017947
ENSG00000170955,add_a0.5,2.0,76.42857142857142,71.31474103585658,77.37051792828684,237.0,9.291707708569849,30.479449726629923,0.2328544491757402,0.2765049819687722,0.112087680269005,0.1404109118809207,1.2684113646173345
ENSG00000170955,add_a1.0,2.0,75.39682539682539,54.7410358565737,87.96812749003985,236.8,7.764275945923616,25.60795792962869,0.2215239228125826,0.2781532722564558,0.0929648572589357,0.1182494830048421,1.6138566342106802
ENSG00000170955,add_a2.0,2.0,83.88888888888889,70.67729083665338,95.3784860557769,235.4,8.402168362216482,30.258107833633083,0.2158261171252435,0.2769703311936493,0.1010269869333395,0.139489046244621,1.4570872563936983
ENSG00000170955,add_a3.0,2.0,81.42857142857142,71.15537848605577,89.4820717131474,235.8,8.831332237404592,30.619391726335817,0.223595033165783,0.2762186446109595,0.1066156560264649,0.1410295744677298,1.3624954839101195
ENSG00000170955,add_a4.0,2.0,85.87301587301587,61.91235059760957,93.70517928286851,237.2,8.346271933455142,32.64626768504502,0.2034569982892607,0.2775878743466796,0.1002482887387996,0.1506343828719362,1.5337806166425925
ENSG00000170955,add_gc_removed_a1.0,2.0,57.61904761904761,52.35059760956175,67.88844621513945,233.6,10.029398466660563,25.19795957059053,0.2950623650269824,0.2802162560005983,0.1192533536231019,0.1166549783386543,0.9845909132734182
ENSG00000170955,add_own,2.0,78.4920634920635,53.386454183266935,94.9003984063745,237.0,7.939822340674307,28.301760186461458,0.2191366016440649,0.2785948121099927,0.0949744060124177,0.1307948557899421,1.4671514799139094
ENSG00000170955,random_a1.0,2.0,69.84126984126985,58.24701195219124,83.02788844621514,236.4,7.200695605873106,29.909265605793287,0.1908519989656375,0.2787954476818164,0.0859395595098789,0.138265259026347,1.6790042974146815
ENSG00000170955,unsteered,2.0,61.507936507936506,58.16733067729083,69.88047808764941,230.4,7.205385623775828,27.03088965030837,0.2117363778774895,0.2780816317757255,0.0863190958056856,0.1247934839019994,1.591387854555001
ENSG00000171357,add_a0.5,2.0,74.18032786885246,55.390946502057616,81.39917695473251,222.6,8.63639349018058,26.886634547878693,0.2409449380191778,0.2671501234157402,0.1078150704031557,0.1222951407385094,1.2005442682682776
ENSG00000171357,add_a1.0,2.0,82.70491803278688,67.1604938271605,92.09876543209876,227.6,6.851461074991224,32.43715788085012,0.1744503473164299,0.2643103137837803,0.0863331594900813,0.1470345081176944,1.718150336315792
ENSG00000171357,add_a2.0,2.0,81.9672131147541,65.4320987654321,90.20576131687244,225.0,6.661069990764314,32.017127514289086,0.1722410287503111,0.2668780399238913,0.0832463419180014,0.1455818177625466,1.9217441303484748
ENSG00000171357,add_a3.0,2.0,88.27868852459017,73.4156378600823,93.49794238683128,227.4,6.506093388830559,32.46880751500744,0.1659683568910875,0.2645258170509258,0.0817779660837624,0.1471833771120743,1.862575033493012
ENSG00000171357,add_a4.0,2.0,86.47540983606557,79.50617283950616,92.67489711934157,229.6,6.275463232397761,29.44278783144042,0.1746970580064449,0.2650023761409147,0.0789080608407023,0.1335377701756357,1.7134886222405663
ENSG00000171357,add_gc_removed_a1.0,2.0,56.0655737704918,54.40329218106996,60.16460905349794,218.6,9.039991472957306,26.70769406632338,0.2510760726126813,0.2656062938467877,0.1132730978797537,0.1212105221286503,1.139177836639671
ENSG00000171357,add_own,2.0,74.50819672131148,66.09053497942386,90.61728395061728,226.4,7.8526296287844675,30.31469675751639,0.2064679940185068,0.26518751163497,0.0988528366835155,0.1375514064732727,1.453874452833931
ENSG00000171357,random_a1.0,2.0,68.60655737704919,57.61316872427983,80.32921810699588,226.8,6.08033804545887,28.3958014150162,0.1769454927520408,0.2645436836528321,0.0766104665695951,0.1287076968497067,1.751637329302983
ENSG00000171357,unsteered,2.0,69.59016393442623,53.08641975308642,77.94238683127573,224.8,6.316975060337892,28.932421560740146,0.1804222983759997,0.2668204165549297,0.0788961157511645,0.1315497636559502,1.6982997175535075
ENSG00000171848,add_a0.5,2.0,82.88288288288288,73.15315315315316,82.83132530120483,316.4,7.601850285046796,19.904598229324243,0.279106873970514,0.2052936346574192,0.1234413752382948,0.0834820076933827,0.6755512789763743
ENSG00000171848,add_a1.0,2.0,83.003003003003,76.27627627627628,86.26506024096386,312.6,9.649681579789398,17.90521812047522,0.3458747503859152,0.2055554412015265,0.1568059303100113,0.0751251662621451,0.5092235449693007
ENSG00000171848,add_a2.0,2.0,87.50750750750751,72.37237237237237,90.5421686746988,317.8,7.1971637814570215,19.071223055842744,0.2764040398108444,0.204039776500998,0.1175699780170467,0.0798604197328567,0.6901173866837335
ENSG00000171848,add_a3.0,2.0,85.04504504504504,79.21921921921923,95.06024096385542,317.6,7.9358258428783,17.692481707667724,0.3094868645529004,0.205149663769405,0.1289938894229528,0.074199663949307,0.5912407342379696
ENSG00000171848,add_a4.0,2.0,87.86786786786787,76.51651651651652,96.02409638554217,316.4,7.086664867747426,17.961089845874206,0.2815558458447807,0.2054960039476217,0.1151451114953782,0.0753423234813418,0.6830372521484466
ENSG00000171848,add_gc_removed_a1.0,2.0,80.0,72.73273273273273,82.95180722891567,313.8,8.16689869996041,18.558878235381144,0.3064140576453716,0.2058624803458054,0.1322373134502808,0.0779022263881459,0.5919647345323604
ENSG00000171848,add_own,2.0,86.78678678678679,83.54354354354355,88.73493975903614,321.8,6.787321018047551,15.55440945321146,0.3100818370979072,0.2055931251342438,0.1101536604070933,0.0652867743311162,0.6095489126081808
ENSG00000171848,random_a1.0,2.0,86.24624624624624,84.14414414414414,86.26506024096386,319.2,7.341268218002509,16.188831065249897,0.3208466716881649,0.2042015926721641,0.1197354189752682,0.0678105411819259,0.6179618725589446
ENSG00000171848,unsteered,2.0,69.89001049242013,59.51951951951952,76.50602409638554,315.8,13.557996850387246,18.75846212297965,0.3895225325837842,0.2044998815538527,0.2216876374481564,0.0786311971236032,0.6145588213461107
ENSG00000172244,add_a0.5,2.0,46.60660660660661,38.7987987987988,32.95180722891566,305.0,10.57092249552406,24.7125843413102,0.2950335872228111,0.2091401062380085,0.1687572282630016,0.1041581698009153,0.6589948638774757
ENSG00000172244,add_a1.0,2.0,55.04938673613371,45.4054054054054,51.38554216867469,306.2,8.364532748706194,24.836531247636515,0.2527160980551602,0.2095359128673049,0.1329637211918694,0.1047373627878252,0.7964169708134088
ENSG00000172244,add_a2.0,2.0,63.12312312312313,54.05405405405405,66.20481927710844,308.4,7.728285041151975,22.81133888330686,0.254723003502741,0.2096812560825308,0.1228292965872415,0.0962099185258495,0.7950613898566498
ENSG00000172244,add_a3.0,2.0,83.12312312312312,71.53153153153153,87.40963855421687,317.6,7.989579791257631,18.394578105376816,0.3081694355795707,0.2087117182525538,0.1275931188818085,0.0774809977443475,0.616222905105061
ENSG00000172244,add_a4.0,2.0,86.006006006006,80.42042042042041,87.04819277108433,316.4,7.581254932966199,18.53413421569561,0.2902371211404194,0.2097880971663415,0.1204252278818334,0.0781810703682703,0.6685848041966052
ENSG00000172244,add_gc_removed_a1.0,2.0,38.1981981981982,33.15315315315316,28.554216867469883,300.0,8.546186091429105,26.085147217165048,0.2431791853731537,0.2097810488299752,0.1359521989495751,0.1100332185459808,0.920550035077911
ENSG00000172244,add_own,2.0,50.030030030030034,40.42042042042042,45.72289156626506,304.6,8.288980857486978,24.36981538307084,0.2551054031927829,0.2086206014618024,0.1322749116486347,0.1026290134276771,0.8897422621708838
ENSG00000172244,random_a1.0,2.0,40.0,29.54954954954955,25.66265060240964,299.0,8.151098863627528,24.4419019309634,0.2507556806222909,0.2083773796183138,0.130222250935462,0.1028665323136559,0.849722941388819
ENSG00000172244,unsteered,2.0,37.23723723723724,36.93693693693693,29.457831325301207,299.8,9.183434269919168,25.820449345322505,0.2600625594032119,0.2110948478734882,0.1448856906148596,0.1090950947094668,0.854694909312584
ENSG00000172500,add_a0.5,2.0,70.98039215686275,50.49180327868852,97.11475409836066,290.2,4.760084548420725,27.235574644950788,0.1486039555682413,0.2351685556743945,0.0675146286300147,0.1186953761898204,1.891822267839096
ENSG00000172500,add_a1.0,2.0,74.31372549019608,43.80327868852459,96.45901639344262,289.2,5.529925148156953,28.71114442013284,0.1596571865208458,0.2357521276495398,0.0781469947403655,0.1252332921995514,1.6838743288143403
ENSG00000172500,add_a2.0,2.0,75.35947712418302,51.54098360655737,96.1311475409836,286.4,5.796878512382527,31.27043314727147,0.1567592157882827,0.2350158689745728,0.0821923368093029,0.1362812315575919,1.6983078873539612
ENSG00000172500,add_a3.0,2.0,81.11111111111111,53.704918032786885,97.24590163934428,286.4,5.824945156335707,30.67995267613823,0.1563076944725881,0.2361333186444511,0.0820782104536759,0.1338916584135313,1.7956630784328511
ENSG00000172500,add_a4.0,2.0,86.73202614379086,71.14754098360655,95.8688524590164,290.0,5.742755323731454,27.350702219948392,0.1697858110041668,0.2367868964662618,0.080877185239291,0.1194642771555997,1.7611282020502987
ENSG00000172500,add_gc_removed_a1.0,2.0,60.19607843137256,35.40983606557377,80.59016393442623,286.0,5.734583688547883,29.146231382578605,0.1643501713443113,0.236374225260816,0.0808476519599884,0.1272246893740632,1.5836464419820566
ENSG00000172500,add_own,2.0,68.30065359477125,40.26229508196722,97.63934426229508,289.6,4.97979940265581,30.452537325696063,0.140257322980435,0.2360319367768628,0.0703413298282132,0.1328753537129854,1.9696136682988896
ENSG00000172500,random_a1.0,2.0,67.64705882352942,44.19672131147541,88.1967213114754,287.6,5.847771411989464,27.60947100720683,0.1754538337300679,0.2341117491537462,0.0834039627943087,0.120158391726482,1.5410643800613626
ENSG00000172500,unsteered,2.0,66.9281045751634,37.18032786885246,94.09836065573772,290.6,5.299232039113899,27.254777638719123,0.1631205276392293,0.2340741372005711,0.0754593544610975,0.118613479088333,1.5913585956059673
ENSG00000172671,add_a0.5,2.0,40.72072072072072,35.67567567567568,35.60240963855422,296.4,11.46797658157844,21.80049914480708,0.312991452991453,0.2357511821332379,0.1620305170577126,0.095077708612204,1.0403867222960967
ENSG00000172671,add_a1.0,2.0,50.54850030753646,48.40840840840841,42.04819277108434,303.6,17.04038774798382,19.38491073163438,0.440237291395808,0.2369395203221403,0.2401674608760717,0.0847235120030943,0.5786368701613278
ENSG00000172671,add_a2.0,2.0,75.85585585585586,68.22822822822823,84.87951807228916,316.8,10.663096102002326,20.10200066299182,0.342732845349546,0.2368988369547446,0.1503744609510039,0.0878248895842412,0.7134254147314236
ENSG00000172671,add_a3.0,2.0,84.08408408408408,77.5975975975976,90.78313253012048,314.2,10.844464658128906,17.692950111733097,0.3754794787403891,0.2379438887882953,0.1519931375188845,0.0774085484313167,0.5961232829138009
ENSG00000172671,add_a4.0,2.0,88.22822822822823,83.3033033033033,87.04819277108433,317.6,9.205902296647896,18.8262334413389,0.3253251168490343,0.2369111091993601,0.1296432182999249,0.0822369498961579,0.6596495179223625
ENSG00000172671,add_gc_removed_a1.0,2.0,43.3033033033033,37.5975975975976,33.975903614457835,304.0,11.69332113845673,21.360542971206367,0.3350411679595103,0.2364835661771807,0.1654329048332576,0.093293274374864,0.7717816162372145
ENSG00000172671,add_own,2.0,48.82882882882883,43.36336336336336,50.06024096385542,306.6,14.139856277144736,19.846076964468004,0.3966157320319057,0.2357903442841064,0.1999503859461662,0.0865606871458162,0.7579003180837863
ENSG00000172671,random_a1.0,2.0,41.2012012012012,34.23423423423424,38.915662650602414,292.6,8.942246214367103,23.03891915945865,0.2781919668713077,0.2382562039917261,0.1251893749304878,0.1008232990908646,1.036499415301407
ENSG00000172671,unsteered,2.0,50.810810810810814,39.21921921921922,37.59036144578313,306.6,18.206864695380244,17.659092422217373,0.4814929577720733,0.234396992895574,0.2581941262914011,0.0768548475447643,0.5011267208955597
ENSG00000173627,add_a0.5,2.0,54.83483483483483,45.52552552552552,40.12048192771084,299.4,7.737795179332013,26.118935787408702,0.2259218086010538,0.2275650755642151,0.113252465484811,0.1127034319766822,1.1393104249890658
ENSG00000173627,add_a1.0,2.0,57.83783783783783,42.22222222222222,54.09638554216868,298.6,7.4809672086304975,28.139619766463447,0.2106303330694613,0.2253416251981184,0.1105693370404452,0.1210749148959552,1.1828250857637996
ENSG00000173627,add_a2.0,2.0,63.84384384384384,47.74774774774775,71.92771084337349,302.4,7.15663862609299,26.264914232187813,0.213762106350822,0.2253099954608945,0.1058588543909269,0.1130081995688045,1.082178770847396
ENSG00000173627,add_a3.0,2.0,75.43543543543544,68.94894894894895,73.67469879518072,308.0,6.545358612275945,24.19537261973868,0.2146504127966976,0.2264184229768107,0.0963398895980176,0.1042585649267018,1.188745826950988
ENSG00000173627,add_a4.0,2.0,85.04504504504504,77.23723723723724,88.07228915662651,313.8,7.0145264393508215,23.77445873562623,0.2274851062002018,0.2255488263886356,0.1036537487676604,0.1023208979314296,0.9987851067468289
ENSG00000173627,add_gc_removed_a1.0,2.0,29.189189189189182,33.813813813813816,28.3132530120482,298.0,6.706501758519119,23.01547468334365,0.228975253394254,0.2240204165722734,0.0998062192696434,0.0988736252740915,1.0041790834880928
ENSG00000173627,add_own,2.0,54.33083686095735,44.44444444444444,54.93975903614457,299.6,7.724340074368518,26.81302920155752,0.2275354249109392,0.2253729179739193,0.1141472910381506,0.1153656427630719,1.1719389152498887
ENSG00000173627,random_a1.0,2.0,38.43843843843844,36.87687687687688,34.27710843373494,294.6,6.403161251581648,25.8693895637308,0.1914451603033931,0.2270866584721829,0.094437399804826,0.1115473901197028,1.3925917653651936
ENSG00000173627,unsteered,2.0,46.96696696696696,34.414414414414416,34.57831325301205,292.4,7.863691582074074,26.83253606946305,0.2278077067093078,0.2259566557693258,0.1161600882460614,0.115579614825054,1.0878292591546737
ENSG00000173653,add_a0.5,2.0,85.65789473684211,70.0990099009901,93.2013201320132,286.4,6.227425429351312,27.540469451762128,0.1869033328918176,0.2670100252825671,0.0777024656766931,0.1252676258684346,1.7267342437141604
ENSG00000173653,add_a1.0,2.0,84.73684210526315,66.27062706270627,95.5775577557756,284.4,7.033705757341217,30.23064403503676,0.1922590790702246,0.2675468689345668,0.0876263021447132,0.1375754546696567,1.5974055694921874
ENSG00000173653,add_a2.0,2.0,87.23684210526315,68.38283828382839,87.92079207920793,282.0,6.675077854067709,33.61462207614915,0.1673029695414733,0.2652544963961122,0.0838723637150934,0.1525061218877739,1.8388609398620872
ENSG00000173653,add_a3.0,2.0,83.22368421052632,77.02970297029704,92.07920792079209,286.0,7.341687028975629,30.10962741221169,0.1965037265306929,0.2650280198205411,0.0922852516582558,0.1365600985724374,1.4940354509962777
ENSG00000173653,add_a4.0,2.0,88.09210526315789,74.38943894389439,96.03960396039604,287.0,7.461981957653897,31.43953045649124,0.1940316219329682,0.2662847931651604,0.0934503315268018,0.1428460027995818,1.589692280881361
ENSG00000173653,add_gc_removed_a1.0,2.0,75.85526315789474,61.18811881188119,93.2013201320132,284.6,6.179391541012793,31.077583723926587,0.1666695685657364,0.2653184167575716,0.0776187598560027,0.1409908431054333,1.903384929809046
ENSG00000173653,add_own,2.0,82.89473684210526,70.16501650165017,95.18151815181518,284.6,7.168307966428095,29.101414794061792,0.1988003911884876,0.2661174393205513,0.0897910020126906,0.1321765491789614,1.4773636774155094
ENSG00000173653,random_a1.0,2.0,88.09210526315789,75.51155115511551,96.10561056105612,288.6,5.2648190209054215,30.06096136492776,0.1549102980661258,0.2662016241911765,0.0659206194592476,0.1365704945205284,2.1358915345129508
ENSG00000173653,unsteered,2.0,76.71052631578948,56.96369636963696,91.0891089108911,281.8,6.396939120632426,30.0915433120552,0.1743479279005594,0.267236938051482,0.0798216579757139,0.1368867875117814,1.8621871892283528
ENSG00000173744,add_a0.5,2.0,52.252252252252255,49.129129129129126,39.75903614457831,321.4,20.173115818880028,7.715871437941348,0.7228995258566047,0.2282681576507449,0.2944776681453894,0.0333299560932358,0.1142798156927346
ENSG00000173744,add_a1.0,2.0,73.51351351351352,59.87987987987988,87.7710843373494,320.4,22.98348439043914,10.499639687039656,0.6620351420156741,0.2286670586862972,0.3346482243752553,0.0453701736895411,0.1776275870578983
ENSG00000173744,add_a2.0,2.0,73.09309309309309,61.08108108108108,95.90361445783132,320.6,27.490974074650985,10.42650752545805,0.7160021705966405,0.229777050057223,0.3988256754302385,0.0451198959778925,0.1254010154977852
ENSG00000173744,add_a3.0,2.0,80.72072072072072,70.63063063063063,92.7710843373494,321.2,20.657641794244867,10.9674083488521,0.6464646851163045,0.2283083317720571,0.301608751583951,0.0473748305093313,0.1707092211347234
ENSG00000173744,add_a4.0,2.0,72.55255255255256,57.17717717717718,96.92771084337348,314.8,16.059643483527367,15.071145795578364,0.5130951424618582,0.229906964630279,0.2328433639372956,0.0652303560411262,0.2998829080019852
ENSG00000173744,add_gc_removed_a1.0,2.0,64.44444444444444,62.64264264264264,56.807228915662655,320.6,14.705459831456352,10.76963426262526,0.569976789015096,0.2282525346557486,0.2147931315480142,0.0465134599115441,0.2371513418948928
ENSG00000173744,add_own,2.0,57.47747747747748,50.09009009009009,59.69879518072289,317.0,21.36256054000424,7.320871037858827,0.7498264235317695,0.227867778201184,0.3124879724642415,0.0316159716539742,0.103104716865553
ENSG00000173744,random_a1.0,2.0,59.69969969969971,57.17717717717717,47.77108433734939,328.6,17.408566826838253,8.680433125970021,0.6609033831342359,0.2295928628961047,0.252728596750246,0.0375541225412165,0.1807849283567778
ENSG00000173744,unsteered,2.0,51.95195195195196,48.648648648648646,35.42168674698795,332.2,18.84481722650106,7.164359241489516,0.7244633707242765,0.229312469265636,0.2739373570997255,0.0309868765468796,0.1133111308520612
ENSG00000173818,add_a0.5,2.0,70.0,54.86338797814208,87.75956284153006,171.0,9.542467608864367,28.65160139006293,0.2406541271479351,0.2666677915476833,0.1193467812003504,0.1302381452883644,1.248070092691906
ENSG00000173818,add_a1.0,2.0,78.15217391304347,58.142076502732245,87.3224043715847,172.8,13.097608705104438,26.34093743751966,0.3294530567471744,0.2669857855058483,0.1637463016345138,0.1198036272330653,0.7976503453240014
ENSG00000173818,add_a2.0,2.0,87.17391304347827,77.04918032786885,95.40983606557376,174.8,7.793742402403327,30.518025333928527,0.2064842347195288,0.2662390199015833,0.0975134319839455,0.138670541125184,1.549333269877192
ENSG00000173818,add_a3.0,2.0,85.54347826086958,64.69945355191257,93.44262295081968,171.2,7.6134547237259556,30.87332417101203,0.1971230137745209,0.2672916291669068,0.0948810795854226,0.1404784019289388,1.519530761877096
ENSG00000173818,add_a4.0,2.0,89.34782608695653,68.1967213114754,90.81967213114754,170.2,7.156613173712403,31.38785653340884,0.1857449255361968,0.2682019285346725,0.0888994812549037,0.1429730965448626,1.6520802778781416
ENSG00000173818,add_gc_removed_a1.0,2.0,74.67391304347827,42.950819672131146,86.33879781420765,174.0,10.201960796294712,28.8538446027692,0.2535925076746069,0.2683318770444053,0.1270074611015725,0.1314642082240593,1.3785142912671873
ENSG00000173818,add_own,2.0,83.15217391304347,65.46448087431693,93.33333333333334,175.6,9.216319694319989,30.081139971282987,0.2353946639288195,0.2663756004224081,0.1152530034170059,0.1366754836745453,1.233000922693122
ENSG00000173818,random_a1.0,2.0,70.32608695652173,43.49726775956284,84.48087431693989,174.8,14.34308573716712,27.58091782898392,0.3336449584501479,0.264286328615276,0.1811418712181564,0.1249624815987806,1.0278728733832956
ENSG00000173818,unsteered,2.0,74.1304347826087,52.240437158469945,87.43169398907104,173.2,11.64093250506211,26.77387231008155,0.2943742373038419,0.266368715351761,0.145673777003137,0.1216299129428755,0.996798016701048
ENSG00000174417,add_a0.5,2.0,47.20720720720721,42.64264264264264,43.915662650602414,300.4,7.099904662587042,24.681169048078623,0.2216629546273964,0.2255113380032284,0.1048360397472364,0.1062097896355655,1.0574720639583353
ENSG00000174417,add_a1.0,2.0,56.6966966966967,50.63063063063063,63.915662650602414,306.0,6.824647981992493,23.112776087029708,0.2271062173652323,0.2265881202310512,0.100385909012217,0.0996213863938511,1.0156903536153188
ENSG00000174417,add_a2.0,2.0,78.85885885885885,70.63063063063063,86.86746987951807,311.8,7.000747579946399,21.94567106939924,0.2428395031996696,0.2258019023863904,0.1032344390668085,0.0945046643241541,0.936401315340081
ENSG00000174417,add_a3.0,2.0,75.73573573573574,68.88888888888889,75.3012048192771,309.6,7.243787995916129,21.83659775798244,0.2529513732495551,0.226180796697201,0.1067223877298491,0.0940545942629635,0.8837693994256555
ENSG00000174417,add_a4.0,2.0,83.24324324324326,82.22222222222221,85.36144578313252,315.0,5.844039923004536,20.376662715129576,0.2260542880450893,0.2256097535414472,0.0863197197951534,0.0877094785527558,1.0407897932132344
ENSG00000174417,add_gc_removed_a1.0,2.0,50.330330330330334,43.18318318318318,44.27710843373494,297.8,6.995221113489744,25.32544358435501,0.2165041150655218,0.2280365317471337,0.1024100148308213,0.1093586707306826,1.154425954279072
ENSG00000174417,add_own,2.0,60.48048048048048,59.51951951951952,74.09638554216868,306.4,5.559144393696467,24.49493652519336,0.1869017302951555,0.2262702623471346,0.0819416290656496,0.1054920693657725,1.3266827744272442
ENSG00000174417,random_a1.0,2.0,39.51951951951952,48.46846846846847,36.9277108433735,301.0,6.533631603136212,24.322392421437154,0.2106363709317879,0.2256221132506493,0.0965016087733629,0.1046907492320967,1.154343583963148
ENSG00000174417,unsteered,2.0,45.52552552552552,43.3033033033033,52.59036144578313,301.6,7.580965934212628,26.009072461380647,0.2246938472067829,0.2252458588059003,0.112189983083441,0.1119023753667948,1.0692491381817668
ENSG00000174796,add_a0.5,2.0,35.97883597883598,35.31914893617021,37.765957446808514,173.0,5.565144422024046,19.7741442728132,0.2247363438314992,0.2314637300812531,0.0802274084041045,0.0857784515141967,1.2647111977180947
ENSG00000174796,add_a1.0,2.0,59.8941798941799,57.6595744680851,51.80851063829787,173.6,7.865379092015542,23.603647980323053,0.2511827620049159,0.2311929204174906,0.1134597854154401,0.1023520177560646,1.0093482481606852
ENSG00000174796,add_a2.0,2.0,67.08994708994709,59.25531914893618,78.72340425531915,175.0,6.411072108635041,28.919279921434388,0.1857053784102964,0.2309854978032498,0.0924755513512965,0.1253422502795941,1.4521511400024774
ENSG00000174796,add_a3.0,2.0,81.37566137566138,81.27659574468085,79.7872340425532,176.0,6.796581922422615,28.292332814052987,0.1904369269075151,0.2321972697728605,0.097636173645681,0.1228002810345676,1.397973005007774
ENSG00000174796,add_a4.0,2.0,77.46031746031746,85.85106382978724,83.19148936170214,177.0,7.4388932720298175,29.702465743486503,0.1951888195063931,0.2302611559333449,0.1076646660650877,0.1286223329658203,1.3484622309243202
ENSG00000174796,add_gc_removed_a1.0,2.0,43.5978835978836,42.234042553191486,39.14893617021277,171.2,10.782112272737203,23.01151267201976,0.3143084237071671,0.2296460009792811,0.1565248131178632,0.0995716812474193,0.6955255640781122
ENSG00000174796,add_own,2.0,52.27513227513227,43.82978723404256,46.38297872340426,168.8,8.207021692860575,23.49536395129285,0.2535109664419127,0.2324057380568932,0.1177098506906089,0.1020029085975749,1.1762895140373115
ENSG00000174796,random_a1.0,2.0,52.59259259259259,35.74468085106383,37.44680851063829,171.0,9.235222118223051,24.21257429940561,0.2779786240125223,0.2308055313335267,0.1334317272900402,0.104921157990209,0.8052893544435481
ENSG00000174796,unsteered,2.0,37.77777777777778,35.31914893617021,34.78723404255319,168.0,7.738761238761239,20.594213478828863,0.2711720142602495,0.2304318473549239,0.1119624646065915,0.0891808480862796,0.8378110329782352
ENSG00000175224,add_a0.5,2.0,55.07507507507508,44.74474474474474,52.71084337349398,316.4,20.55119115291697,15.43734870796584,0.5748074827720846,0.2444064566647813,0.2801499115948717,0.0680871424199227,0.3620630280367145
ENSG00000175224,add_a1.0,2.0,67.62762762762763,55.31531531531532,78.49397590361446,312.4,12.997096505511356,22.73475613964733,0.3520617818334361,0.2448318623228793,0.1768630188798379,0.1003521335341235,0.770668233903184
ENSG00000175224,add_a2.0,2.0,70.51051051051051,61.68168168168168,91.02409638554217,315.0,15.384695041056052,21.409221210750577,0.3983385794341627,0.2433033055507495,0.2111030743549807,0.0942929850954157,0.5979361155922052
ENSG00000175224,add_a3.0,2.0,80.78078078078079,75.07507507507508,84.63855421686746,314.4,10.456264600497487,20.917281878475126,0.3343219130173877,0.2437756843862804,0.143002211062337,0.0921967805049242,0.6494133858426918
ENSG00000175224,add_a4.0,2.0,76.51651651651652,66.18618618618618,91.02409638554217,313.6,11.663229739703173,21.55718116171232,0.3483823451967096,0.2442592638533142,0.1590497919120265,0.0950745589723208,0.6342747018120845
ENSG00000175224,add_gc_removed_a1.0,2.0,50.15015015015015,37.23723723723724,44.57831325301205,305.0,13.6027507457004,21.45211139340788,0.3952158310476406,0.2438993248571852,0.1857815921581272,0.0945468002047206,0.6193382894416505
ENSG00000175224,add_own,2.0,69.36936936936937,58.07807807807808,77.77108433734941,314.4,13.710750324504414,21.33602107370235,0.3961796482108543,0.2440197201718077,0.18755016226898,0.0941233998217972,0.6146534277399849
ENSG00000175224,random_a1.0,2.0,50.030030030030034,38.97897897897898,42.95180722891566,297.0,13.866120666120668,21.96874146874147,0.3918547530772396,0.2440088573421912,0.1895437404784121,0.0969373988760438,0.5204519285021024
ENSG00000175224,unsteered,2.0,55.73573573573574,40.18018018018018,52.108433734939766,310.0,13.234164751350008,19.70360779327833,0.4004612502670016,0.2441690581248604,0.1807311714581302,0.0869151766177145,0.6256123811780184
ENSG00000175595,add_a0.5,2.0,84.32432432432432,57.5975975975976,97.83132530120484,315.2,7.938500552376593,19.994739317372773,0.284294863859488,0.2199689430628635,0.1202814425449345,0.0854526496125909,0.7356277882994646
ENSG00000175595,add_a1.0,2.0,75.55555555555556,57.777777777777786,89.21686746987952,313.4,10.810647606412918,19.44470247176202,0.3550740165376993,0.2210849415029546,0.1630666304331809,0.0832079406006107,0.5732044513699751
ENSG00000175595,add_a2.0,2.0,81.50150150150151,67.14714714714714,91.26506024096386,311.4,7.758231415600048,19.64884130262733,0.2896411396385596,0.2209424671755804,0.1170893710891704,0.0840779223520607,0.7729137686274103
ENSG00000175595,add_a3.0,2.0,84.08408408408408,61.98198198198198,97.46987951807228,316.2,7.779925635630908,18.154687997911413,0.2988318946894276,0.2213749788304337,0.1169807317359378,0.0777162172476741,0.6940591061274024
ENSG00000175595,add_a4.0,2.0,81.08108108108108,62.22222222222221,94.33734939759036,315.4,8.68863184694816,18.96767061698361,0.3145322956613279,0.2218033370992439,0.1305036691085923,0.0812396839988976,0.636040642250317
ENSG00000175595,add_gc_removed_a1.0,2.0,53.57357357357357,44.02402402402403,65.78313253012048,304.8,7.313045803666252,20.630473817485825,0.266376434315964,0.2209005399092554,0.1102999099708377,0.0882647576820308,0.8786951028727454
ENSG00000175595,add_own,2.0,84.38438438438439,63.24324324324325,96.74698795180724,315.0,8.292643387585313,18.03021623478724,0.3121940177666181,0.2208151463318198,0.1251631211959129,0.0771361060231281,0.6295698388334356
ENSG00000175595,random_a1.0,2.0,74.83483483483482,55.43543543543543,86.50602409638554,310.0,9.172137148620331,19.40400750221849,0.3269426824935841,0.2220874603057137,0.1375789236715354,0.083179294713258,0.6128079581711099
ENSG00000175595,unsteered,2.0,70.33033033033033,52.55255255255255,81.26506024096385,312.2,13.106118453349282,16.984322551907546,0.4210364635364635,0.2212792167553888,0.1975418965449403,0.0727230047421319,0.4777250995371459
ENSG00000175600,add_a0.5,2.0,55.07507507507508,38.01801801801802,66.56626506024097,309.2,12.360030906197654,21.837065730751355,0.3483621491370073,0.2377942278681059,0.1731909795054066,0.095485046881335,0.7526945426900171
ENSG00000175600,add_a1.0,2.0,62.10210210210211,42.16216216216216,83.855421686747,320.6,19.31292124043918,18.32797388506717,0.4895553767452927,0.2373235768180839,0.2709961141926892,0.080089512320897,0.5311294016149731
ENSG00000175600,add_a2.0,2.0,80.9009009009009,66.90690690690691,94.1566265060241,321.2,14.207607116570424,16.68167285212673,0.4457312011386247,0.2381449182008761,0.1990803596369406,0.0729941270040227,0.4425752011514289
ENSG00000175600,add_a3.0,2.0,74.23423423423424,48.82882882882883,95.78313253012048,322.4,20.70548261671269,16.556777692073783,0.550809224836709,0.2388622918051057,0.289422243933069,0.0725412016623861,0.3247739444304141
ENSG00000175600,add_a4.0,2.0,91.17117117117115,85.22522522522522,95.0,319.0,9.149535723437769,16.494436220327508,0.355280261089437,0.2377575202519549,0.1282674251178576,0.0721295999009437,0.5834323095463182
ENSG00000175600,add_gc_removed_a1.0,2.0,48.82882882882883,41.26126126126125,44.81927710843373,307.2,15.429234848669784,19.589501190342183,0.4148900740509836,0.2381419632573337,0.2161983959921306,0.0857160428418691,0.7566064449290959
ENSG00000175600,add_own,2.0,73.15315315315316,51.891891891891895,67.28915662650601,316.2,14.00907578229629,19.48474520555802,0.3987501387501387,0.2379827014563645,0.1959768516241519,0.0851835678189624,0.6831529032427015
ENSG00000175600,random_a1.0,2.0,59.63963963963964,44.8048048048048,66.02409638554217,316.6,19.50845552650737,18.80786417622044,0.4959978288436174,0.2381683385045193,0.2730924627183243,0.0822983143018188,0.4168144106915444
ENSG00000175600,unsteered,2.0,56.63663663663664,43.54354354354354,72.53012048192771,317.0,21.39882816676066,16.951149735959863,0.5470016074324277,0.2389238323509307,0.2986785969924342,0.0742552638674941,0.3546408238071341
ENSG00000177000,add_a0.5,2.0,50.45045045045045,46.18618618618618,60.42168674698795,315.2,17.25767399498872,17.518464475002666,0.4887965500766101,0.2324830743784336,0.2479476280162023,0.0761172621847606,0.4490440259497063
ENSG00000177000,add_a1.0,2.0,61.86186186186186,47.98798798798799,82.10843373493977,326.2,18.54192441289216,15.626250975479588,0.5590447905960659,0.2312072441104701,0.2672033167787125,0.0677362690769794,0.3516755935126555
ENSG00000177000,add_a2.0,2.0,71.76435471616193,50.69069069069069,94.27710843373494,324.4,16.07807437675097,18.239451221366025,0.4804173326390389,0.2321774717302939,0.2310766095217299,0.0792075862148641,0.4780045186999737
ENSG00000177000,add_a3.0,2.0,78.37837837837837,66.24624624624624,94.51807228915662,319.6,11.63810133555635,25.10725468520883,0.3072008579621097,0.2321219843270752,0.1674367097800078,0.1090067756618863,1.1368811607574778
ENSG00000177000,add_a4.0,2.0,73.57357357357357,66.30630630630631,92.53012048192772,320.2,12.542101645400251,24.40086170329933,0.3378571428571428,0.2314976725136298,0.1800675821895812,0.1057943649157061,0.8837475136972899
ENSG00000177000,add_gc_removed_a1.0,2.0,57.05705705705706,41.56156156156156,70.90361445783132,333.0,30.57057057057057,9.12912912912913,0.7703656496986466,0.2315648982315651,0.4400576368876077,0.0396005210594876,0.0900848965670814
ENSG00000177000,add_own,2.0,63.42342342342342,48.648648648648646,88.855421686747,326.0,17.119493958965897,16.000799762931297,0.5423988660514156,0.2313587262589616,0.2467597213402534,0.0693899547382677,0.3628965382319956
ENSG00000177000,random_a1.0,2.0,54.65465465465466,45.04504504504504,62.34939759036145,312.2,18.78854210621128,17.030777848447023,0.5175021790595561,0.2313194593165355,0.2706743602620848,0.0738430572056588,0.374839323554657
ENSG00000177000,unsteered,2.0,60.54054054054054,56.57657657657658,61.56626506024096,313.2,13.618709585183222,21.1102495763207,0.381662035489153,0.2322490466904278,0.1956236940879185,0.0916600577231441,0.6197222743211211
ENSG00000177548,add_a0.5,2.0,89.42942942942943,49.84984984984985,93.67469879518072,311.6,6.545101989019036,30.672792557730567,0.1773277895468679,0.2453275119390968,0.0888438928601049,0.135478919114095,1.6352674248581915
ENSG00000177548,add_a1.0,2.0,83.12312312312312,50.15015015015015,89.6987951807229,312.2,7.172723600686764,30.39720128133638,0.1934403407797951,0.2462141019284311,0.0971132473984843,0.1344337151992353,1.4912315287384066
ENSG00000177548,add_a2.0,2.0,87.2072072072072,54.95495495495495,94.93975903614458,313.8,7.650454239799018,29.46231488147846,0.2057517005846172,0.2456045686141619,0.1036670318347103,0.1302010796201445,1.4067266409769563
ENSG00000177548,add_a3.0,2.0,91.35135135135135,66.66666666666666,94.21686746987952,313.8,8.345812905149376,30.283932930372533,0.2172202249504881,0.2460867030111318,0.1130965582153772,0.1339065017379177,1.2171395829060612
ENSG00000177548,add_a4.0,2.0,91.65165165165163,73.21321321321321,95.12048192771084,313.8,7.705207813221614,30.74181101569184,0.2020920617613629,0.2455869950297722,0.1045142365640149,0.135821718578753,1.3481704717279803
ENSG00000177548,add_gc_removed_a1.0,2.0,79.63963963963964,43.06306306306307,75.72289156626506,306.4,7.841553089981213,29.70683541193348,0.2077267551901153,0.2475996093229516,0.105644128987467,0.1315975989309825,1.2776890676154973
ENSG00000177548,add_own,2.0,75.25525525525525,62.76276276276276,89.75903614457832,312.4,7.940964999610982,29.890976286983992,0.2081477361295661,0.2466347130712692,0.1073282716789066,0.1322688904316659,1.321620807966308
ENSG00000177548,random_a1.0,2.0,88.94894894894894,51.5915915915916,85.78313253012048,311.4,6.809838517507221,28.95025263945477,0.1883221222347542,0.2462771758780191,0.0921656182027937,0.1280420552021422,1.4373960912401231
ENSG00000177548,unsteered,2.0,73.33333333333334,58.01801801801802,67.71084337349399,307.6,9.796787506531825,27.54821909025529,0.2591364873398559,0.2471130675356396,0.1322537808402553,0.1220135607540466,1.078853675918758
ENSG00000177694,add_a0.5,2.0,59.79973949853468,52.55255255255256,56.56626506024096,318.0,15.118020874874754,18.228350632955785,0.4534878052614822,0.2237671127120799,0.2252437564311332,0.0782881716980645,0.3776185250706857
ENSG00000177694,add_a1.0,2.0,57.17717717717718,47.74774774774775,60.48192771084338,312.6,14.566672968750638,20.86490976736896,0.4086034012004676,0.2237151178064041,0.2171702049283129,0.0895943830320855,0.4321010222825264
ENSG00000177694,add_a2.0,2.0,67.50750750750751,57.837837837837846,69.09638554216868,311.6,12.966270849715206,18.2493582854472,0.4132872060189133,0.2235176202154132,0.1933564671935362,0.0783501770488184,0.4278334258897917
ENSG00000177694,add_a3.0,2.0,81.42389377329137,75.01501501501501,87.46987951807229,316.4,11.311592111469148,15.556346458821643,0.4282999566415046,0.2237719594787184,0.1685196284898944,0.0668048897061953,0.4106708241165826
ENSG00000177694,add_a4.0,2.0,90.75075075075075,79.27927927927928,91.02409638554217,318.8,9.60315789239016,14.68113268470872,0.3950690208667736,0.2229913672626667,0.1435357116250845,0.0629820858455855,0.4441547763653083
ENSG00000177694,add_gc_removed_a1.0,2.0,42.64264264264264,32.672672672672675,34.63855421686747,305.8,11.031501418307254,24.20436630112858,0.3128004549338633,0.222848512823969,0.1652175597959082,0.1038128766635217,0.6410807290326348
ENSG00000177694,add_own,2.0,52.97297297297297,44.32432432432432,50.30120481927711,321.8,17.13968370930396,18.348890969144133,0.4760677044181104,0.2224078636525896,0.2565379074640714,0.0786454427486237,0.3430279720666125
ENSG00000177694,random_a1.0,2.0,46.306306306306304,36.03603603603604,37.71084337349397,320.0,17.394094049266464,19.98895814757884,0.4615903124467982,0.2228407455074124,0.2600808173474455,0.0857242007536898,0.3666199830788829
ENSG00000177694,unsteered,2.0,46.066066066066064,35.85585585585586,38.01204819277108,322.0,16.781178606258994,17.916400645018008,0.4720003330862942,0.2233881534267388,0.2503367776502102,0.0768972167567789,0.3700694191203763
ENSG00000177706,add_a0.5,2.0,78.73873873873875,70.3903903903904,91.56626506024097,308.4,8.174979826503336,25.44200840161524,0.244209564507995,0.227780210566338,0.1196344845696211,0.1098242593628279,0.961771168409716
ENSG00000177706,add_a1.0,2.0,77.65765765765767,58.91891891891892,95.12048192771084,310.6,6.893705693535141,25.435319788471286,0.2134243530380933,0.2268678975129847,0.1013198580158158,0.1096728405548956,1.100236833118872
ENSG00000177706,add_a2.0,2.0,85.34534534534535,65.7057057057057,91.26506024096386,310.6,8.111207294357786,23.644625733023,0.2577374171128032,0.2265096072841785,0.1193209099028016,0.1018692386113351,0.8684860446175817
ENSG00000177706,add_a3.0,2.0,86.12612612612614,78.37837837837837,88.855421686747,318.0,7.550383045789938,20.2433972716274,0.2754540944362247,0.226491653237753,0.1111127959205358,0.0872459028272418,0.7912655557711338
ENSG00000177706,add_a4.0,2.0,89.30930930930931,68.28828828828829,96.56626506024097,314.8,6.159723319065537,21.239236237472607,0.2258345147380235,0.2261141327863701,0.0907426606767966,0.0914913443620264,1.0304213121106425
ENSG00000177706,add_gc_removed_a1.0,2.0,66.42642642642643,58.738738738738746,91.32530120481928,308.6,8.282644971325913,23.51317968355735,0.2613238862495664,0.2262602528580575,0.122060603025305,0.1012878041186345,0.8402478955619177
ENSG00000177706,add_own,2.0,83.36336336336336,73.63363363363364,86.26506024096385,314.2,7.957124458157695,23.372385368745743,0.2530698820651592,0.227247242841366,0.1167234009696001,0.1008203624547783,0.8829890576045528
ENSG00000177706,random_a1.0,2.0,74.53453453453453,63.9039039039039,89.1566265060241,316.6,7.64301850762337,22.872624172906995,0.2492195465899351,0.2258753362211841,0.1127719604089385,0.0984900908014791,0.9199899309406898
ENSG00000177706,unsteered,2.0,71.05105105105106,56.15615615615616,97.7710843373494,310.6,6.957027434382551,26.348299533335886,0.2097395814222116,0.2260850521099532,0.1025626590111382,0.1134770904381466,1.1096751935318951
ENSG00000177731,add_a0.5,2.0,69.84984984984985,51.71171171171172,82.28915662650603,308.2,5.9006257458957805,29.35883479138236,0.169286506050694,0.2466671431761335,0.0798465450754571,0.1299031671363183,1.7718007548977852
ENSG00000177731,add_a1.0,2.0,67.86786786786787,64.08408408408408,83.3132530120482,312.8,7.929788169851058,25.948722190760407,0.233001916632667,0.2467982779580785,0.1070408220152206,0.1148377904179616,1.195271491821396
ENSG00000177731,add_a2.0,2.0,82.76276276276276,70.69069069069069,95.24096385542168,315.2,5.083408829353893,28.42145638271763,0.151856135742303,0.2461956893845335,0.068824765037944,0.1256850631209714,2.0452796430577123
ENSG00000177731,add_a3.0,2.0,78.67867867867868,70.03003003003002,92.289156626506,312.6,5.5674124993130985,29.943691502262737,0.1566818034769403,0.2466741041392194,0.0752341159374059,0.1324972722379042,1.7652401509182645
ENSG00000177731,add_a4.0,2.0,87.32732732732732,72.55255255255256,90.90361445783132,311.4,5.073081656863344,29.54753675703213,0.1473205710715412,0.2469855628371002,0.0684905194618554,0.1307951805720152,1.9591952324852715
ENSG00000177731,add_gc_removed_a1.0,2.0,58.67867867867868,44.44444444444444,91.20481927710844,309.0,4.8555915126813805,31.12969520967013,0.1356888335643276,0.2467448479043983,0.0656138745863232,0.1377660971109908,2.1346318010443315
ENSG00000177731,add_own,2.0,64.08408408408408,52.97297297297297,78.855421686747,307.6,6.407499717539578,28.033668638680616,0.1880752563009596,0.2470121622476401,0.0863621242161999,0.1240657360661155,1.6124340442249987
ENSG00000177731,random_a1.0,2.0,69.72972972972973,52.49249249249249,77.83132530120483,306.0,6.273102797471545,28.286437610243205,0.1837741743954985,0.2480018983934447,0.0842176357037883,0.1253610441006953,1.7721844575362795
ENSG00000177731,unsteered,2.0,68.28828828828829,48.22822822822823,81.44578313253012,310.4,6.430178291722852,25.867254377866505,0.1930899979704292,0.2484482186901721,0.0862767639733625,0.114754456184772,1.5134199183309698
ENSG00000177791,add_a0.5,2.0,60.98360655737705,52.0164609053498,48.888888888888886,223.4,11.98396021165739,23.543449510423923,0.3372747078629431,0.2290868175563505,0.1744253778955226,0.1018187910045447,0.5988579093307831
ENSG00000177791,add_a1.0,2.0,68.36065573770492,58.8477366255144,78.51851851851852,228.8,11.493197905987136,22.424494755885604,0.3366005617489636,0.2268774174857802,0.1686985138263557,0.096670131235294,0.6761472836611964
ENSG00000177791,add_a2.0,2.0,75.98360655737704,73.08641975308642,84.77366255144032,229.6,9.671827918368416,22.1540239734436,0.3120061956915775,0.2263023082472409,0.1424449987711095,0.0954573044051478,0.685196231668784
ENSG00000177791,add_a3.0,2.0,80.40983606557377,70.12345679012347,88.559670781893,229.6,8.361193261069523,23.7983272660629,0.2600009807290094,0.2282296848915883,0.1220215576285998,0.1028005289373118,0.8657188931805863
ENSG00000177791,add_a4.0,2.0,82.62295081967213,75.55555555555556,91.27572016460906,229.2,8.206139707193145,24.787338486035047,0.2506790559173349,0.2281364491966412,0.1199372582482239,0.1070448121247672,0.9455121790569916
ENSG00000177791,add_gc_removed_a1.0,2.0,57.54098360655737,48.39506172839506,44.69135802469136,222.4,10.222832072867536,23.5338780467662,0.3079465632406809,0.2275413655833124,0.1496615712609046,0.1015500526960557,0.7222009049582994
ENSG00000177791,add_own,2.0,62.704918032786885,54.07407407407408,63.62139917695473,224.6,11.06147603070464,24.30616720193147,0.3089240064096592,0.2281611582029058,0.1616197910956481,0.1049667036650305,0.6930550002637113
ENSG00000177791,random_a1.0,2.0,50.08196721311475,41.81069958847736,41.56378600823045,220.0,12.11462398615548,23.42122537181736,0.3357835497835498,0.2265720317041127,0.1779698418661227,0.1009567827809446,0.5929559979966369
ENSG00000177791,unsteered,2.0,71.0655737704918,49.62962962962963,41.81069958847736,227.8,12.08592132505176,23.174654934437545,0.3352461813854219,0.2248468867418141,0.1793548005045698,0.09966624730208,0.6520600785294236
ENSG00000177943,add_a0.5,2.0,73.81381381381382,69.36936936936937,74.63855421686746,305.4,8.51386656439216,29.00263135557253,0.2273521637134338,0.2558564944178863,0.1109457510406352,0.129941679197543,1.1812410764226269
ENSG00000177943,add_a1.0,2.0,77.71771771771772,76.33633633633633,74.33734939759036,309.6,8.21584752885347,28.208975308484423,0.2261496819167832,0.2572675010662845,0.1063606235893306,0.1265886705167961,1.2219377419332458
ENSG00000177943,add_a2.0,2.0,77.53753753753753,71.11111111111111,81.74698795180723,311.0,8.049332890541354,29.015180631684085,0.2178686772546954,0.2557366529867219,0.104846596584721,0.1299373182356013,1.3304463878498332
ENSG00000177943,add_a3.0,2.0,84.02402402402403,84.26426426426426,85.42168674698794,313.6,8.180336214471424,30.093184621922568,0.2124510027130076,0.2562361735428987,0.1064253439571006,0.1348786317129203,1.292112170672062
ENSG00000177943,add_a4.0,2.0,88.1081081081081,87.01219291580738,87.89156626506023,311.6,7.964803208397052,31.76861949296536,0.2018572199730094,0.2569541845375374,0.103372043602051,0.1425218718396725,1.4181109599698545
ENSG00000177943,add_gc_removed_a1.0,2.0,67.0870870870871,72.07207207207207,66.92771084337349,309.6,9.244193583422954,28.16699589032988,0.2466705265253552,0.256758013237535,0.1199784522694147,0.1263238600054475,1.0640200488086118
ENSG00000177943,add_own,2.0,83.66366366366367,78.7987987987988,81.98795180722892,311.6,7.382736032119365,29.82271838085917,0.1990713071035091,0.2583853342876192,0.0952203101564654,0.1340350772211702,1.4191132308140335
ENSG00000177943,random_a1.0,2.0,72.55255255255256,70.87087087087086,71.6867469879518,304.6,8.603003622837855,31.11942464604767,0.2168380691885462,0.2586156769857228,0.1108750683395436,0.139918242410377,1.2667160328316232
ENSG00000177943,unsteered,2.0,67.14714714714714,68.70870870870871,67.65060240963855,304.4,9.06796192780114,27.45866982197632,0.2486625172701945,0.2583548922619677,0.1170393239667799,0.1234215964602316,1.0882633281734773
ENSG00000177954,add_a0.5,7.5,45.0,50.23148148148148,51.50462962962963,52.375,29.02256258234519,5.081155760503586,0.8604360165118679,0.2382411575497324,0.4076254974654518,0.0224355739435936,0.2068360041720048
ENSG00000177954,add_a1.0,7.5,53.86363636363636,54.16666666666666,58.2175925925926,51.0,20.39487364094574,15.276151078043512,0.5643043384311767,0.236925222709257,0.287111679352542,0.0667334886517357,0.50922358166579
ENSG00000177954,add_a2.0,7.5,66.36363636363636,62.61574074074074,73.49537037037037,50.8125,16.161769356143367,16.847090180034208,0.4833167058689505,0.2357602353501517,0.2278046806679032,0.073458902747801,0.5008020644486535
ENSG00000177954,add_a3.0,7.5,59.20454545454545,60.06944444444444,80.67129629629629,52.5,26.366805055355474,10.185735832794656,0.6942432995925643,0.23648405943574,0.3713920139751341,0.0444504941222554,0.2567766027074324
ENSG00000177954,add_a4.0,7.5,60.22727272727273,59.02777777777778,80.32407407407408,52.4375,26.15425135818257,13.352868577675675,0.6267838986904684,0.2351468600078263,0.3694574044807005,0.0581242777693127,0.3050748369051193
ENSG00000177954,add_gc_removed_a1.0,7.5,45.90909090909091,46.99074074074074,45.7175925925926,51.375,20.33205889193284,11.19896441482576,0.5837862709186239,0.2368257578434982,0.2863325329760565,0.0488982615051823,0.3759786550432137
ENSG00000177954,add_own,7.5,47.72727272727273,49.30555555555556,50.46296296296296,51.25,22.80317103370323,8.857554811419327,0.6999834418032947,0.235237054761124,0.3219968715960974,0.0385266168306646,0.3001578201641346
ENSG00000177954,random_a1.0,7.5,43.29545454545454,46.99074074074074,50.46296296296296,52.5,28.49096570995548,4.686807331628303,0.8386160714285714,0.2376324555587129,0.4005169468158329,0.0205345937678343,0.2023336733698977
ENSG00000177954,unsteered,7.5,44.31818181818181,45.138888888888886,48.61111111111112,52.1875,26.93908771237964,5.679964014591344,0.7902228286419463,0.2365021352072766,0.3800046809782953,0.024810505841756,0.1968957316558569
ENSG00000178031,add_a0.5,2.0,82.94294294294295,51.051051051051054,89.33734939759036,310.0,6.784196717810097,23.13834758886918,0.22768646699186,0.2219250651130052,0.1019332650809946,0.0991095816920707,0.9755379315762044
ENSG00000178031,add_a1.0,2.0,68.04804804804806,55.79579579579579,91.144578313253,306.8,9.260291065506236,24.392077473325305,0.2751445225936988,0.221267326516223,0.1394988526291333,0.1044009491155112,0.7581646085124931
ENSG00000178031,add_a2.0,2.0,81.68168168168168,72.9129129129129,93.3132530120482,314.0,8.852223513982276,20.00203862904916,0.3103435918218561,0.2200870612973755,0.1339631080338456,0.0854773046758852,0.6703304773685907
ENSG00000178031,add_a3.0,2.0,85.82582582582583,73.69369369369369,95.60240963855422,316.0,8.42333652994866,19.40972338954948,0.3031040372553726,0.2205331954419382,0.1274916518589278,0.0830105996684673,0.7248433803853016
ENSG00000178031,add_a4.0,2.0,88.82882882882883,80.36036036036036,95.78313253012048,315.8,8.735996181353531,18.90565181391704,0.3229344388080716,0.2202549867482381,0.1322227046329698,0.08082820919316,0.6450032782330716
ENSG00000178031,add_gc_removed_a1.0,2.0,69.06906906906906,48.70870870870871,75.36144578313254,302.4,7.417161858864337,24.834818242930947,0.2304999891233993,0.2226353346797966,0.1109524388069784,0.1065203326921275,0.9689792721091368
ENSG00000178031,add_own,2.0,78.73873873873875,60.72072072072071,85.8433734939759,308.0,8.687923921180843,23.20830112268098,0.2723831924070747,0.222007925985798,0.1303722166577919,0.0994388714788719,0.8371912603409604
ENSG00000178031,random_a1.0,2.0,72.31231231231232,61.20120120120121,81.6867469879518,305.4,7.335586653041912,24.450752000187,0.2324024266936299,0.2215664658417037,0.1103440655176708,0.104707949424739,0.94774708235703
ENSG00000178031,unsteered,2.0,67.50750750750751,50.10944679619378,80.60240963855422,303.8,7.793251926728099,24.17837039082394,0.2454698077634662,0.2210189035879966,0.1174559145201012,0.1034607512424831,0.9413714083197686
ENSG00000178057,add_a0.5,2.0,79.23076923076924,79.48387096774194,82.83870967741936,146.0,6.583908045977012,25.2183908045977,0.196821713843619,0.24111877394636,0.0907585392145866,0.1107742311291732,1.5244651241734144
ENSG00000178057,add_a1.0,2.0,84.35897435897436,84.0,87.48387096774194,145.2,6.0479884480802735,26.091018709494666,0.1900243902439024,0.2407460357799978,0.0838398225992712,0.1145365342404719,1.4408582138451582
ENSG00000178057,add_a2.0,2.0,82.17948717948718,84.90322580645162,80.0,146.2,8.337466276515139,21.75933399485786,0.2779449454200285,0.2424480070957134,0.1146619540871926,0.0957261472294249,0.877062284178512
ENSG00000178057,add_a3.0,2.0,86.7948717948718,83.87096774193549,85.29032258064515,144.8,8.42590387171668,22.795860543397488,0.2721278401781355,0.2415774435684122,0.116238806639887,0.1001773599545065,0.8769673046159635
ENSG00000178057,add_a4.0,2.0,81.92307692307693,80.12903225806451,85.16129032258064,146.4,6.96859565744106,24.86068399962725,0.2183837465703849,0.2411942554799696,0.0963538875046399,0.1091950370991158,1.169606021489786
ENSG00000178057,add_gc_removed_a1.0,2.0,70.51282051282051,68.7741935483871,70.45161290322581,141.8,9.039461733578266,24.16063649954436,0.2779028811708761,0.2410474476079641,0.1251894374507923,0.1061499103244569,0.9245453227263304
ENSG00000178057,add_own,2.0,75.25641025641025,64.90322580645162,66.58064516129032,142.2,8.754679190921701,23.202294715095213,0.2724440523624747,0.2411406637566907,0.1208857243014155,0.1019163767554394,0.8724826093834508
ENSG00000178057,random_a1.0,2.0,78.46153846153847,68.64516129032259,81.80645161290322,145.0,7.713699612253904,24.00714419906759,0.2421830484330484,0.2406238390572167,0.1066261459380145,0.1054342082804454,1.0347570560833934
ENSG00000178057,unsteered,2.0,78.2051282051282,75.09677419354838,82.3225806451613,144.2,6.381633623878059,27.89847884130925,0.187160174437668,0.2421203961880458,0.088022972455923,0.1227334244090875,1.4317976207143837
ENSG00000178409,add_a0.5,2.0,62.94294294294294,55.13513513513514,84.81927710843374,311.8,5.904624038382,27.84531392174704,0.1730528542872436,0.2498096524848123,0.0787995712303661,0.1237312925341881,1.6533097740292284
ENSG00000178409,add_a1.0,2.0,72.97297297297297,60.54054054054054,90.0,308.8,7.787986206171658,30.902323034880123,0.2007319732024182,0.2485674354305114,0.1043883685178994,0.1370778554288684,1.3430508870215707
ENSG00000178409,add_a2.0,2.0,84.8048048048048,79.51951951951952,92.34939759036143,313.6,7.401911473969575,28.22015871735412,0.2087612388712997,0.2499337568458305,0.0987371869910518,0.1254071654309688,1.2686742178083654
ENSG00000178409,add_a3.0,2.0,90.09009009009009,84.86486486486487,96.6265060240964,316.0,5.56781574044315,30.447036743877817,0.1541840137966852,0.2509876859775292,0.0739751679677791,0.1355103607880629,1.917457594735907
ENSG00000178409,add_a4.0,2.0,81.8018018018018,82.58258258258259,90.8433734939759,313.0,6.588083691809008,30.414937293323625,0.1775867189696637,0.2506203540754037,0.0876037715765089,0.1352947206859311,1.589916312809164
ENSG00000178409,add_gc_removed_a1.0,2.0,58.91891891891892,53.99399399399399,64.33734939759036,305.8,7.94616837813823,25.06737114056059,0.2428915580784739,0.2492622620201959,0.1061899958182994,0.1112904405835495,1.13307301032189
ENSG00000178409,add_own,2.0,78.85885885885885,67.92792792792793,93.07228915662652,314.2,6.8712940870351815,28.69085682398178,0.1982145879222583,0.2489619677461335,0.0920217903016524,0.1273484633793891,1.4292657773620538
ENSG00000178409,random_a1.0,2.0,56.63663663663664,49.90990990990991,59.63855421686746,305.2,6.873788884629913,26.85854798264824,0.2046999590596499,0.2503650883094316,0.0915332985190265,0.1194529170533413,1.3146905162522595
ENSG00000178409,unsteered,2.0,61.98198198198198,57.17717717717718,76.144578313253,305.0,6.097223241754207,27.613223596013608,0.1814537674571699,0.2507043838455354,0.0810559124096785,0.1228230673037393,1.5613657232522942
ENSG00000178460,add_a0.5,2.0,49.78978978978979,33.3933933933934,37.71084337349397,300.2,6.513108664508441,27.72839252346681,0.1914577089338635,0.2225135076555255,0.0974902468080853,0.118887619816835,1.289454393531126
ENSG00000178460,add_a1.0,2.0,53.51351351351351,36.51651651651652,46.9277108433735,304.4,7.883799371288684,24.749159635749088,0.2427995846843461,0.2231596018728766,0.117765410556544,0.1062004266452989,0.908021886124194
ENSG00000178460,add_a2.0,2.0,70.2102102102102,44.86486486486486,84.09638554216868,310.2,8.586189302263838,21.47375182536062,0.2897599366177296,0.2235131254583677,0.1280729135197266,0.0921605113333179,0.7483822633519521
ENSG00000178460,add_a3.0,2.0,77.7177177177177,57.23723723723724,89.57831325301206,311.4,8.734429610294008,17.02692544903376,0.340315260445119,0.2226487605264684,0.1307083982429142,0.073004620358983,0.5706020757955399
ENSG00000178460,add_a4.0,2.0,81.92192192192192,63.003003003003,91.26506024096383,316.4,7.843767747986485,15.552530619902257,0.3371738991992156,0.2231383149094198,0.117171627804654,0.0667291634323666,0.590225303516502
ENSG00000178460,add_gc_removed_a1.0,2.0,36.93693693693694,25.765765765765764,26.204819277108435,301.4,6.559333934816434,26.913386150960484,0.1958719324198968,0.2225173419691356,0.0982321460146028,0.1153851073379786,1.2500844576901091
ENSG00000178460,add_own,2.0,63.72372372372372,46.00600600600601,73.91566265060241,311.0,8.10124989522567,24.186367726747942,0.2607304449546987,0.2232790948818309,0.1209573589018967,0.1037785899796938,0.912491416135057
ENSG00000178460,random_a1.0,2.0,50.397988349795575,38.258258258258266,33.975903614457835,293.6,6.356048482865958,29.51111844469463,0.1796918683600926,0.2218250691181971,0.0955165523182042,0.1264038718607824,1.3150164846070755
ENSG00000178460,unsteered,2.0,37.8978978978979,30.090090090090094,24.93975903614458,299.0,6.091110729718631,27.601111529444744,0.1831309145307928,0.2213883642745474,0.0916634756205741,0.118157729124384,1.3439660644764733
ENSG00000178741,add_a0.5,6.0,58.30769230769231,36.67443667443668,45.22144522144522,99.0,22.53302253302253,1.5540015540015542,0.935350917584665,0.2267115600448935,0.3313023610053311,0.0066986714301663,0.0204782941831745
ENSG00000178741,add_a1.0,6.0,59.69230769230769,38.46153846153846,59.36285936285936,98.3846153846154,33.161710084787,3.5417573879112343,0.8936692336493218,0.2264601495370727,0.4877392531182499,0.0152394775036284,0.061644386574411
ENSG00000178741,add_a2.0,6.0,61.0,42.34654234654234,78.010878010878,97.76923076923076,39.9795450628839,6.279710123290803,0.827039461468418,0.2263192784741947,0.5885202669910393,0.0270394402297357,0.1003993614034694
ENSG00000178741,add_a3.0,6.0,65.15384615384616,40.32634032634033,89.43278943278943,97.0,39.52021064265925,9.619751998653705,0.7735997445880058,0.226160346562354,0.5819690015374945,0.0414174266711469,0.1322244555124446
ENSG00000178741,add_a4.0,6.0,68.15384615384616,46.15384615384615,85.23698523698523,96.3846153846154,26.37976641125416,13.519249915952216,0.6348861982108404,0.2264802120126369,0.3882126658775509,0.0582758397666637,0.192997183678634
ENSG00000178741,add_gc_removed_a1.0,6.0,56.84615384615385,36.82983682983683,43.82284382284383,98.3846153846154,28.229889768351303,3.569080492157416,0.8973513983440891,0.2266479958787652,0.4151314299829149,0.0153763036787398,0.0510300076536845
ENSG00000178741,add_own,6.0,56.61538461538461,37.37373737373738,48.56254856254856,98.0,24.35692962008752,3.642497853024169,0.8619755220080868,0.226660668765932,0.3580961308303271,0.015692462068175,0.0737748553967725
ENSG00000178741,random_a1.0,6.0,57.84615384615385,36.36363636363637,41.02564102564102,99.0,20.124320124320125,2.0202020202020203,0.9082082677048352,0.2267115600448935,0.2958872810357957,0.0087082728592162,0.0298082162609655
ENSG00000178741,unsteered,6.0,57.61538461538461,36.441336441336446,42.19114219114219,99.0,20.124320124320125,1.8648018648018647,0.9163316870498704,0.2267115600448935,0.2958872810357957,0.0080384057161996,0.0269064512182868
ENSG00000179241,add_a0.5,2.0,75.80645161290322,74.95145631067962,84.07766990291262,292.6,10.8981179396205,22.23140444064898,0.3238880011960493,0.2326279771386616,0.1561384195248676,0.0965682720025838,0.6978311015886597
ENSG00000179241,add_a1.0,2.0,82.51612903225806,82.91262135922331,85.5663430420712,292.8,8.432651256382826,20.635562051342824,0.2909717110199038,0.23452571637806,0.1198601927276084,0.0898454292559356,0.7542387388866636
ENSG00000179241,add_a2.0,2.0,80.83870967741936,80.3883495145631,80.3883495145631,289.6,9.741060795313418,25.62075124618873,0.2768496064928677,0.2317368333230988,0.1401479799605692,0.1111688251096311,0.8185792036349326
ENSG00000179241,add_a3.0,2.0,85.2258064516129,84.98381877022653,87.37864077669903,293.4,8.463801099375171,22.64838206760252,0.2703656462585034,0.2321348187331496,0.1217072689244123,0.0983052897344223,0.830127695673801
ENSG00000179241,add_a4.0,2.0,77.16129032258064,75.33980582524272,88.6084142394822,291.2,9.684948307746742,23.90082352166501,0.2895120593274556,0.2329093307322274,0.1385680019906665,0.1038566486050636,0.7673436089259625
ENSG00000179241,add_gc_removed_a1.0,2.0,64.83870967741936,64.98381877022653,65.8252427184466,287.8,9.04022608722038,22.861075949616257,0.2823520063700782,0.2331168698465119,0.1292562358617539,0.0993602989699334,0.7872089287783952
ENSG00000179241,add_own,2.0,81.80645161290322,79.48220064724919,83.55987055016182,290.8,9.077706132887606,25.80679583619164,0.2615623746711529,0.2323766234885323,0.130245833630083,0.1120712886393296,0.8642199393413031
ENSG00000179241,random_a1.0,2.0,66.7741935483871,65.24271844660194,66.73139158576052,282.0,8.935953124286245,23.824954977068643,0.2747321720450194,0.2327923345533136,0.1279803582043023,0.1035138352634491,0.8110675496056509
ENSG00000179241,unsteered,2.0,62.45161290322581,54.3042071197411,68.67313915857605,291.4,16.960427446214503,17.41551691739224,0.4772667924279618,0.233165872707114,0.2429263217594284,0.0757438471345328,0.4404778751477429
ENSG00000179562,add_a0.5,2.0,81.32132132132132,46.00600600600601,97.16867469879516,313.8,11.77692656695549,25.719145868897435,0.3173030688252259,0.2361088323924509,0.1662437777544256,0.1122313740627849,0.7053211510058318
ENSG00000179562,add_a1.0,2.0,78.91891891891892,49.66966966966967,92.289156626506,313.0,10.779836991521544,26.27568036259894,0.2903553365805416,0.2373500301756504,0.1517089728280051,0.1148553813260042,0.8693350221864801
ENSG00000179562,add_a2.0,2.0,87.32732732732732,55.49549549549549,98.855421686747,314.2,10.572293377362453,27.12945151588685,0.2794275223858229,0.2364580562481146,0.1490404970134243,0.1184449241493039,0.8024114866414311
ENSG00000179562,add_a3.0,2.0,85.64564564564564,56.336336336336345,97.16867469879516,313.4,8.355093762138383,30.01963029964792,0.2185453562676402,0.2358910821371004,0.1180266506293525,0.1309338126379751,1.1324989619245964
ENSG00000179562,add_a4.0,2.0,84.38438438438439,65.46546546546547,95.72289156626506,311.8,7.572751738504292,31.769416477771053,0.1922052473271985,0.2373309971436691,0.1064110414714341,0.1388418920919066,1.332455242092741
ENSG00000179562,add_gc_removed_a1.0,2.0,64.56456456456456,39.93993993993994,69.93975903614458,316.8,19.65664753780532,18.86807583793739,0.5097032439776354,0.2356712170538048,0.2778375633600423,0.0822788073072961,0.4218143188518325
ENSG00000179562,add_own,2.0,80.66066066066067,49.54954954954955,95.3012048192771,314.0,10.115547934019272,27.018628660973253,0.2736604773224868,0.2350958308267031,0.1433294390202409,0.1177350981748522,0.8869160565512624
ENSG00000179562,random_a1.0,2.0,69.42942942942943,40.84084084084084,74.51807228915662,321.2,23.22238755621413,16.550813988221506,0.5801497565472902,0.2352154258990609,0.3288459816947696,0.0721096674465483,0.3695386895052633
ENSG00000179562,unsteered,2.0,69.24924924924925,39.51951951951952,76.80722891566265,319.4,22.248591479446304,18.044016623677702,0.5428409574758067,0.2365461577169895,0.3136783375419801,0.0787873585316125,0.3537835619345816
ENSG00000179943,add_a0.5,2.0,65.98411664676725,63.3033033033033,88.55421686746988,314.8,8.509861555336228,25.798511143977134,0.2490267943098131,0.2544797816199456,0.1114352728098253,0.1153431862677627,1.0531207477877835
ENSG00000179943,add_a1.0,2.0,70.33033033033033,60.84084084084084,97.2289156626506,313.6,7.886387811340112,26.188670335641568,0.2322657147643479,0.2546013174697092,0.1032440434126059,0.117110351669243,1.1621814068893968
ENSG00000179943,add_a2.0,2.0,77.83783783783784,66.12612612612614,96.6265060240964,317.0,7.259626564909929,26.126096496152662,0.2191906796061345,0.2546043029705686,0.095050474122342,0.1168331731709905,1.2272921519531133
ENSG00000179943,add_a3.0,2.0,81.50150150150151,72.9129129129129,93.55421686746988,316.4,8.526726694540212,30.77448577624826,0.2162339256385977,0.2557362968098416,0.1112475564089191,0.1378210623458225,1.2626279850486797
ENSG00000179943,add_a4.0,2.0,78.97897897897897,68.46846846846847,95.0,314.0,8.65480352980353,28.37251637251637,0.2347221416571508,0.2559128371628377,0.1127990859789383,0.127112192920418,1.1669401672382016
ENSG00000179943,add_gc_removed_a1.0,2.0,59.87987987987988,50.87087087087087,80.66265060240964,314.0,9.201515400020591,23.53044915057357,0.277336601661675,0.2553371075006397,0.1202059193549365,0.1053219555064082,0.9290724193772276
ENSG00000179943,add_own,2.0,68.94894894894895,62.58258258258259,89.93429913005495,315.0,8.830409722133506,26.21594838462829,0.2520122754285995,0.2553189087933453,0.1152645003116041,0.1173416569690355,1.0339674778506482
ENSG00000179943,random_a1.0,2.0,65.16516516516516,59.93993993993994,82.16867469879517,312.0,10.520758332145816,26.41164725378451,0.2842900091070578,0.2559248866870721,0.1369213569764587,0.1183313567834312,0.9099936651808676
ENSG00000179943,unsteered,2.0,65.88588588588588,61.32132132132132,83.855421686747,314.8,8.656014428347573,24.85452257536465,0.2585778794276331,0.2542650186444881,0.1134966789042151,0.111113281212712,1.0247928353088944
ENSG00000179958,add_a0.5,2.0,75.39682539682539,48.48,82.24,122.0,21.97242315195134,14.754847372345829,0.601585152848219,0.2653924656032903,0.2761534090504429,0.0669689325817233,0.2581943211692629
ENSG00000179958,add_a1.0,2.0,75.07936507936509,51.040000000000006,87.36,121.4,20.1134458861972,17.955242536416517,0.5258360686932115,0.2657888461073404,0.2521585874761256,0.0815186499612629,0.328861201707805
ENSG00000179958,add_a2.0,2.0,77.61904761904762,55.84,88.64,120.2,18.939177952007604,19.9112615823236,0.4946610388008834,0.2654817718645231,0.2376721007262192,0.0903604950202344,0.3920742349911799
ENSG00000179958,add_a3.0,2.0,81.42857142857142,56.8,93.76,119.6,19.89074790081606,20.80320518857368,0.5014391004628802,0.2658696790280182,0.2493012552081968,0.0944209032687791,0.3855158858897906
ENSG00000179958,add_a4.0,2.0,78.73015873015873,52.64,88.8,119.4,15.394362968860786,20.43722268012512,0.4310993611310438,0.2656004862505034,0.1933667299206664,0.0927722975450235,0.4947169730547031
ENSG00000179958,add_gc_removed_a1.0,2.0,73.96825396825398,50.4,88.32000000000001,120.8,20.345793129301843,16.590639881652475,0.5529865592644518,0.2650771372265249,0.2559096635531624,0.0752276131058707,0.2977864021322283
ENSG00000179958,add_own,2.0,80.7936507936508,54.08,86.72,121.2,20.266462588985043,17.232834185744856,0.5465973156257833,0.2647412276522728,0.2550528633308801,0.0780912677650164,0.3223126204701685
ENSG00000179958,random_a1.0,2.0,79.2063492063492,49.120000000000005,85.76,120.4,21.746482655156804,16.167310030485766,0.5762639706739086,0.2652387171958528,0.2733081354887104,0.0733531286476134,0.2704223295395294
ENSG00000179958,unsteered,2.0,75.87301587301587,50.88,87.2,121.4,20.7665495785157,15.486709999195917,0.5758298615581248,0.2643220544656334,0.2617886992942694,0.0701694206485546,0.2700697496554915
ENSG00000179988,add_a0.5,2.0,80.25157232704403,71.29337539432177,93.18611987381703,299.4,6.681401048756716,22.656202751854927,0.2281298003072196,0.2332063749880338,0.0954746395973082,0.0984943948851333,1.0375806444546642
ENSG00000179988,add_a1.0,2.0,80.9433962264151,64.41640378548895,86.8769716088328,296.8,8.57554197273475,25.28899858315939,0.2513856449344366,0.2337604732335279,0.122271850130357,0.1100244323526563,0.918124880395499
ENSG00000179988,add_a2.0,2.0,80.81761006289308,66.94006309148264,91.3564668769716,299.0,9.096457972309697,25.60789238090337,0.2625999804002255,0.235240482100609,0.1289861764007457,0.1116005277542192,0.8990903516893806
ENSG00000179988,add_a3.0,2.0,85.27528123325993,71.60883280757098,87.00315457413248,297.4,8.067469120017922,24.14277800980852,0.2506349620763293,0.2332073527561012,0.1152774657191118,0.1049578890371191,0.9147245989972006
ENSG00000179988,add_a4.0,2.0,85.34591194968553,71.86119873817036,90.47318611987382,299.8,8.481679945438334,22.018989851875755,0.2759499479719135,0.2342304343042603,0.1206173932173139,0.0958618787651704,0.8256799697342355
ENSG00000179988,add_gc_removed_a1.0,2.0,74.94355494712616,54.57413249211356,90.72555205047318,296.2,7.905103904300804,23.53155410191772,0.2519920225206211,0.2331816872714986,0.1129970867829953,0.1022916703866291,0.9141087336208332
ENSG00000179988,add_own,2.0,82.1250719203222,67.88643533123029,95.89905362776024,298.0,8.13058961494271,23.96288510084917,0.2533328895270158,0.2337133451365091,0.1159680045573176,0.1042460357334264,0.9067492142747622
ENSG00000179988,random_a1.0,2.0,75.36813284923517,62.90220820189275,74.25867507886434,296.2,7.083267546473609,25.30123489433613,0.2200040153673101,0.2321869423262465,0.101601467525093,0.1098307127735804,1.1300309892114633
ENSG00000179988,unsteered,2.0,79.87421383647799,58.04416403785488,86.68769716088329,298.0,8.459595369271227,22.01985777722141,0.2820062644730902,0.2338517469493445,0.1206987414151297,0.0958234819287406,0.8444903351729172
ENSG00000180198,add_a0.5,2.0,53.45345345345345,53.87387387387388,73.37349397590361,310.8,7.81824852826048,22.88032797400711,0.2527805928638403,0.2619264646687159,0.0994649082442206,0.1033311864179016,1.097680398319714
ENSG00000180198,add_a1.0,2.0,66.66666666666667,55.37537537537537,70.60240963855422,313.8,6.643724113752069,26.08391192466762,0.2022249355582689,0.2618338178446953,0.084611598713294,0.1178237463372355,1.4877773556831475
ENSG00000180198,add_a2.0,2.0,72.97297297297298,74.5945945945946,75.18072289156626,311.0,7.914642478646405,26.632475926678616,0.2293560946391135,0.2608784039259068,0.1011003801311985,0.120103560711134,1.2069336880123855
ENSG00000180198,add_a3.0,2.0,84.8048048048048,78.61861861861863,91.92771084337348,310.4,7.426687699663563,29.848599832260486,0.1986557548829354,0.2614197109910833,0.0946343029259777,0.1347222296924996,1.436891277009629
ENSG00000180198,add_a4.0,2.0,91.11111111111111,84.50450450450451,92.04819277108432,316.4,6.75923932160484,30.13112662312877,0.186459169608744,0.2600048374047062,0.0866437716671576,0.1357169455838889,1.6020375895955614
ENSG00000180198,add_gc_removed_a1.0,2.0,44.44444444444444,41.92192192192192,52.04819277108434,302.6,7.470824052063132,25.13924927564076,0.2352499860342997,0.262337580571936,0.0947736257989437,0.1135812361165235,1.2544243860920177
ENSG00000180198,add_own,2.0,70.99099099099098,68.34834834834835,75.54216867469879,306.6,6.645328213832977,27.69105298397192,0.1931299828411165,0.2624423595300453,0.0843189300394694,0.1251636484741168,1.535293275497631
ENSG00000180198,random_a1.0,2.0,64.20420420420422,46.60660660660661,68.07228915662651,309.8,7.106052768752906,25.901040533148755,0.2147771883289124,0.2617481001194265,0.0905750051879266,0.116943401438351,1.3128991342055694
ENSG00000180198,unsteered,2.0,64.98498498498499,46.72672672672672,57.108433734939766,304.2,6.451468266055651,24.38020961800792,0.2077574731157326,0.2618973133372719,0.0820788232825943,0.1101029068249852,1.4511025201950782
ENSG00000180875,add_a0.5,4.0,73.33333333333333,59.49074074074073,94.44444444444444,135.11111111111111,3.535352734796004,29.412512598781404,0.1093123167644912,0.224581218448632,0.052455749146534,0.12645621292853,2.5497038850079994
ENSG00000180875,add_a1.0,4.0,75.93869731800766,59.64506172839506,91.35802469135804,136.22222222222223,4.978721748350817,29.533685474164752,0.1444900647387744,0.2268577095495552,0.0731383100355139,0.1273208929386094,1.870866987048907
ENSG00000180875,add_a2.0,4.0,75.47892720306513,54.08950617283951,96.14197530864196,136.0,5.016060138355824,30.98612817665498,0.1345274853446051,0.2243102814549141,0.0745753926074023,0.1331702342351564,3.171121133975852
ENSG00000180875,add_a3.0,4.0,83.5249042145594,60.80246913580246,92.28395061728396,133.11111111111111,4.67922897201783,32.72548278471429,0.1240934429899192,0.2256686960339872,0.0689840614925873,0.1408581523210928,2.50022063631414
ENSG00000180875,add_a4.0,4.0,77.5478927203065,59.64506172839506,94.67592592592592,134.11111111111111,4.64567017169074,31.836860362729468,0.1270705651332006,0.2247065970083578,0.0689136471774844,0.1368660126015394,2.143595699177085
ENSG00000180875,add_gc_removed_a1.0,4.0,70.4214559386973,50.077160493827165,90.04629629629629,133.44444444444446,4.67091737291583,30.825867952044646,0.1298060409174001,0.2249721058637104,0.0692852554600608,0.1325549310913087,2.021607858126
ENSG00000180875,add_own,4.0,66.4367816091954,52.9320987654321,92.12962962962963,132.55555555555554,4.850236047785373,29.69461885287793,0.1406603037902115,0.2247369103270298,0.0722953642636659,0.1277168404012022,2.6973372991651403
ENSG00000180875,random_a1.0,4.0,74.48275862068965,52.46913580246914,96.83641975308645,134.11111111111111,4.886902777601954,32.81205413888057,0.1317323257840566,0.2234997225101832,0.0729379315070127,0.1408628312100479,2.389734428388394
ENSG00000180875,unsteered,4.0,70.19157088122604,44.98456790123456,96.29629629629628,133.55555555555554,6.232884861186586,29.06796822922974,0.1801345008021199,0.2234156217268379,0.0929780147794922,0.1247363132751058,1.4912520254615056
ENSG00000181004,add_a0.5,2.0,46.786786786786784,36.87687687687688,36.9277108433735,299.8,6.237932723451992,22.363553533151105,0.2157592586534057,0.2487943695698353,0.0835552315723216,0.0992110840757847,1.3018915889522715
ENSG00000181004,add_a1.0,2.0,45.76576576576576,53.57357357357357,49.939759036144586,299.4,7.1988079696266265,27.034222156324155,0.2067727726731748,0.2494459204817325,0.0959386152569709,0.1200753042246995,1.3876549851384314
ENSG00000181004,add_a2.0,2.0,70.2102102102102,70.63063063063063,70.90361445783132,307.0,9.7403071055178,25.017811083276207,0.279571316030519,0.2489637499729645,0.1305058967853538,0.1110385616815222,0.8682356288773704
ENSG00000181004,add_a3.0,2.0,83.12312312312312,71.65165165165165,76.98795180722891,308.6,9.524461534622674,23.923325447805592,0.2846081256003116,0.2513860403403983,0.1263454648290359,0.1065212529617916,0.8500299534468866
ENSG00000181004,add_a4.0,2.0,82.2822822822823,78.31831831831832,87.53012048192771,311.2,9.07948113219389,24.311480498203743,0.2688764655890473,0.2510945963527838,0.1203208822082071,0.108221186901804,0.946260968293688
ENSG00000181004,add_gc_removed_a1.0,2.0,30.21021021021021,26.426426426426428,25.5421686746988,301.8,4.686674170325896,23.20610001906001,0.1632141459466113,0.2502643355772707,0.0624833512907934,0.1031626976857076,1.7632991903813369
ENSG00000181004,add_own,2.0,55.55555555555557,44.2042042042042,38.85542168674699,298.4,8.74163970977941,24.72696358840336,0.2592804609437717,0.2502364809433591,0.1162745133174031,0.1099354390851679,1.0184273535138293
ENSG00000181004,random_a1.0,2.0,30.330330330330334,31.351351351351354,26.86746987951807,291.0,6.605076770481804,25.58946793366685,0.2063368827919451,0.2498382253444611,0.0882086456779362,0.1137035207954501,1.4014820937160224
ENSG00000181004,unsteered,2.0,35.91591591591592,30.03003003003003,26.56626506024096,298.0,5.783405424503731,23.63912298282825,0.1899661945561578,0.2496316365904718,0.0772378616949882,0.1050041470433495,1.510501587880681
ENSG00000181544,add_a0.5,2.0,46.90690690690691,42.64264264264264,46.44578313253012,298.4,7.1037446986478985,24.47631760071081,0.2243513345674289,0.2163162655346808,0.1094474687205567,0.1041146981210306,0.9805584899709868
ENSG00000181544,add_a1.0,2.0,51.291291291291294,38.01801801801802,43.55421686746988,298.4,6.98241047597849,26.234409987424733,0.2108944497531454,0.2168685499290153,0.1073375377276986,0.1116716834207013,1.1251973658173844
ENSG00000181544,add_a2.0,2.0,68.52852852852853,61.86186186186186,73.13253012048192,309.4,5.893039165079534,21.59100220249897,0.2157304493296576,0.2152512448487963,0.091270550458963,0.0917042249168731,1.0650926815222663
ENSG00000181544,add_a3.0,2.0,82.7027027027027,70.0900900900901,88.37349397590361,312.0,8.658348996490195,19.01846980835778,0.3130253922107854,0.215877382704425,0.1337165139045028,0.0808389315875106,0.623702265515216
ENSG00000181544,add_a4.0,2.0,83.90390390390391,82.70270270270271,90.5421686746988,315.2,6.676846254465578,19.63856173398541,0.2547522932311948,0.2165329072038931,0.1026382239228119,0.0835656653349526,0.8315280892788346
ENSG00000181544,add_gc_removed_a1.0,2.0,46.72672672672672,32.672672672672675,31.746987951807228,296.4,6.839298985445336,25.302098535682354,0.2120343223594439,0.2146344402269779,0.1063067513542448,0.1073827981302695,1.0419579338540716
ENSG00000181544,add_own,2.0,49.66966966966967,44.26426426426426,52.71084337349398,297.0,7.480064997309656,26.350419863220576,0.2225409682086701,0.2160838818647449,0.1154089624748989,0.1120372227053733,0.9995495518077604
ENSG00000181544,random_a1.0,2.0,48.288288288288285,26.126126126126128,27.7710843373494,300.2,5.663300402053846,24.88132806320537,0.1825128379460457,0.2169210779259483,0.0871459344456465,0.1059187861227331,1.341951403087411
ENSG00000181544,unsteered,2.0,39.0990990990991,28.408408408408413,32.22891566265061,289.2,6.2813697985999815,28.805847551384524,0.1799953744654532,0.2163865191170964,0.0967983567169757,0.1225365197494434,1.2841777693392296
ENSG00000181827,add_a0.5,2.0,62.04204204204204,53.03303303303303,64.39759036144578,317.4,19.525012007050083,15.85069644811215,0.5315720182545942,0.230079329868506,0.2830568403560305,0.0686381528534616,0.4414552393680663
ENSG00000181827,add_a1.0,2.0,67.92792792792793,47.50750750750751,82.2289156626506,311.8,11.572073881309985,23.768799826556123,0.325815877733818,0.2311432702253419,0.1670951247312149,0.1030595174057867,0.7579923613381224
ENSG00000181827,add_a2.0,2.0,84.98498498498499,66.06606606606606,95.42168674698794,315.0,10.796650698247976,22.795772864662656,0.3213047712440495,0.2297772496593394,0.1565114623499415,0.098667237651651,0.6553824595489729
ENSG00000181827,add_a3.0,2.0,82.88288288288288,70.03003003003002,92.53012048192772,313.2,9.263348197396413,23.123828235477863,0.2850238354039059,0.2301711569065724,0.1341433436062044,0.1001314260674079,0.7674212917790275
ENSG00000181827,add_a4.0,2.0,88.76876876876877,82.70270270270271,93.55421686746988,317.6,9.260191883604254,20.68378144445706,0.3099732900119279,0.2304124938375915,0.1339603032958455,0.0895894388352767,0.6715104902521777
ENSG00000181827,add_gc_removed_a1.0,2.0,47.44744744744745,42.7027027027027,44.81927710843373,314.2,18.51564846107485,17.09114221334545,0.497583549639048,0.2304480099971461,0.2683022253067762,0.0740629545513857,0.6085230864355982
ENSG00000181827,add_own,2.0,72.55255255255256,50.330330330330334,86.38554216867469,312.6,9.342840560120198,25.91297675682307,0.2660502591476043,0.2295356391839512,0.1357754795320069,0.1121172179448186,0.8386861788115944
ENSG00000181827,random_a1.0,2.0,50.45045045045045,45.22522522522522,49.81927710843373,309.8,12.23525537154618,21.82155398989468,0.3418122907689672,0.2299671726570142,0.1774069232587698,0.0944702254991052,0.9469615819536636
ENSG00000181827,unsteered,2.0,66.06606606606607,43.84384384384384,57.95180722891566,326.6,23.056920067906454,12.73091816440276,0.6047717856779414,0.2304717064807825,0.3341096631109247,0.0551856861841522,0.5722200018948915
ENSG00000182747,add_a0.5,2.0,73.0930930930931,61.44144144144144,94.81927710843374,317.2,7.167715502292995,26.51667111196021,0.2131931821125731,0.2597095550438965,0.0920005205560159,0.1194053718152745,1.4326277411013046
ENSG00000182747,add_a1.0,2.0,76.27627627627628,62.88288288288288,96.92771084337348,319.0,7.019081027869497,25.13908542500607,0.2179497281935568,0.2588609073447335,0.0903925041636245,0.1130651279022326,1.283045355780403
ENSG00000182747,add_a2.0,2.0,79.63963963963964,63.24324324324325,98.73493975903617,317.2,7.48926990145776,26.234598471162048,0.2212033801336164,0.2592031589026396,0.0963071857867889,0.1180413985940198,1.2785742296571028
ENSG00000182747,add_a3.0,2.0,78.37837837837837,62.76276276276277,96.38299421249954,312.0,7.946765436160272,28.104739698749388,0.2213488337269842,0.2596946009191282,0.1020069763134708,0.126552767552426,1.2443072626866531
ENSG00000182747,add_a4.0,2.0,83.54354354354355,71.41141141141141,96.144578313253,318.0,8.188739493850806,23.35904330157344,0.2585111637481464,0.25884090200645,0.1054750008385448,0.1050601829880796,1.0153913913080186
ENSG00000182747,add_gc_removed_a1.0,2.0,64.08408408408408,49.969969969969966,89.27710843373494,310.6,6.974171007195577,26.1624808165754,0.210098177706778,0.2593653619098123,0.0895698676322252,0.1177350125365344,1.585558441165007
ENSG00000182747,add_own,2.0,73.09309309309309,55.85585585585586,98.6144578313253,315.4,8.647603907162445,25.903894102662584,0.2487856938383652,0.2600624272344493,0.1108804189232713,0.1167171253891776,1.2178814154051376
ENSG00000182747,random_a1.0,2.0,66.94308766597923,50.63063063063063,93.07228915662652,310.4,6.250676487365622,26.219332272452057,0.1911532808096582,0.2585268107963061,0.0805312288690714,0.1178632954040033,1.569537642956871
ENSG00000182747,unsteered,2.0,74.65465465465465,58.4984984984985,95.0,318.0,7.110584622649915,24.803801940541668,0.2233496371755196,0.2589197326953841,0.0915243032838007,0.1115853599037771,1.2218737067175598
ENSG00000183032,add_a0.5,2.0,61.85185185185185,43.791821561338296,70.48327137546468,248.8,7.96586515413716,24.36096114622304,0.2456903855638033,0.2281259760162099,0.1163292369282659,0.1052048166206586,0.9386591758717316
ENSG00000183032,add_a1.0,2.0,70.74074074074073,43.791821561338296,78.66171003717473,250.2,9.088262603353014,22.33913297279454,0.2891686403734596,0.2290342899696855,0.1321361289356376,0.0965622664052896,0.8182910300429865
ENSG00000183032,add_a2.0,2.0,83.62962962962963,69.81412639405205,86.76579925650557,253.0,9.23049197343082,18.927109445534075,0.3335221381532857,0.2291575521601603,0.1342550560299636,0.0818497685489244,0.6334171071476726
ENSG00000183032,add_a3.0,2.0,76.2962962962963,72.41635687732341,81.93308550185874,253.8,10.35585689078344,19.09283392433576,0.3537128224361698,0.2291451124380122,0.1505360988325965,0.0825533819688437,0.5885343018686261
ENSG00000183032,add_a4.0,2.0,82.07407407407406,68.55018587360595,91.15241635687732,252.8,8.78797199299825,19.898379594898724,0.3052712660795439,0.2292863160234504,0.1276970935189271,0.0860828606207016,0.7029052024599297
ENSG00000183032,add_gc_removed_a1.0,2.0,52.5925925925926,38.7360594795539,53.97769516728624,243.8,8.979793747408836,22.595648725091195,0.2828714396926475,0.2278085255332663,0.1314645170828286,0.0975299195912065,0.8321320559583631
ENSG00000183032,add_own,2.0,61.25925925925926,56.35687732342008,69.1449814126394,245.4,8.840366379302612,25.73714315853605,0.2493289097944847,0.2285479370453413,0.1286723680771912,0.1111933671905558,1.098629106002678
ENSG00000183032,random_a1.0,2.0,52.44444444444444,46.542750929368026,59.33085501858736,243.8,9.446575194393109,23.684257470623105,0.2866074475901944,0.2273214818430831,0.1384861140778654,0.1021625942247892,0.7396924780022431
ENSG00000183032,unsteered,2.0,54.07407407407408,43.49442379182156,54.34944237918215,240.6,10.704700991441053,23.53121822471216,0.3018263920846755,0.2287019982858633,0.1563609607122008,0.1016750066039127,0.7516091666028908
ENSG00000183036,add_a0.5,7.5,51.785714285714285,44.67592592592592,45.13888888888889,27.0,37.96296296296296,1.1574074074074074,0.9706387362637364,0.2263374485596709,0.5590909090909089,0.0049867021276595,0.0106660017730496
ENSG00000183036,add_a1.0,7.5,53.348214285714285,42.5925925925926,42.82407407407408,26.8125,38.94230769230769,2.332621082621083,0.952066163003663,0.2271684077239633,0.5713383838383836,0.0100620567375886,0.0164675583724785
ENSG00000183036,add_a2.0,7.5,55.13392857142857,41.89814814814815,58.56481481481482,26.8125,33.11075498575499,4.656339031339031,0.8827113858363859,0.2271684077239633,0.4857954545454543,0.0200797872340425,0.0413721778000368
ENSG00000183036,add_a3.0,7.5,57.142857142857146,47.68518518518518,63.657407407407405,26.8125,37.9985754985755,4.691951566951567,0.8908617424242424,0.2271684077239633,0.5575757575757574,0.0202570921985815,0.0428314178064843
ENSG00000183036,add_a4.0,7.5,65.17857142857143,46.52777777777778,64.58333333333333,25.9375,29.918447293447294,13.323272792022792,0.6950839958652458,0.2279135011079456,0.437680626000895,0.0575515475985601,0.1865316207493103
ENSG00000183036,add_gc_removed_a1.0,7.5,52.00892857142857,42.82407407407408,40.0462962962963,26.875,39.28703703703704,0.712962962962963,0.9822916666666668,0.2263580246913581,0.5785427807486629,0.0030722670579603,0.0057292940409228
ENSG00000183036,add_own,7.5,54.46428571428572,46.75925925925926,38.657407407407405,26.875,38.657407407407405,0.2403846153846154,0.9951923076923076,0.2263572333016778,0.569153069153069,0.0010302197802197,0.0014880952380952
ENSG00000183036,random_a1.0,7.5,52.45535714285714,46.99074074074074,39.12037037037037,27.0,39.351851851851855,0.0,1.0,0.2263374485596709,0.5795454545454544,0.0,0.0
ENSG00000183036,unsteered,7.5,52.00892857142857,45.83333333333333,39.35185185185185,26.9375,38.06980056980057,0.0,1.0,0.2266144349477684,0.5598484848484847,0.0,0.0
ENSG00000183208,add_a0.5,2.0,51.28834355828221,49.66153846153846,58.83076923076924,295.0,8.809796423448882,25.21965815267048,0.2609983702239861,0.2853725714588991,0.1029540922732896,0.1176203815281427,1.2074781642325767
ENSG00000183208,add_a1.0,2.0,70.98159509202455,51.69230769230769,67.07692307692308,299.8,7.807225496966659,28.970458870828686,0.214408236234295,0.2851474602547489,0.091405460339687,0.1350922878874463,1.5658240627091289
ENSG00000183208,add_a2.0,2.0,70.30674846625767,61.90769230769231,80.18461538461538,303.4,8.975601634695531,27.86789542143284,0.2437085148003169,0.2844851546135064,0.1052166352069366,0.1298188501585349,1.2826421041594822
ENSG00000183208,add_a3.0,2.0,84.96932515337423,71.32307692307691,93.6,305.2,7.130795651169715,30.417527837351344,0.1902456042273243,0.2839139106239277,0.0837977040186786,0.1416063778398495,1.7829089295921403
ENSG00000183208,add_a4.0,2.0,83.12883435582822,83.2,84.98461538461538,301.8,9.14868247301988,31.4153359785034,0.2231872522069172,0.2840562025253227,0.1074238391263615,0.1462611447119204,1.445003068582971
ENSG00000183208,add_gc_removed_a1.0,2.0,47.79141104294479,36.246153846153845,39.93846153846154,291.6,8.778940526391782,22.20199208702777,0.2882035543008594,0.2829771867497012,0.1034666140652137,0.1032114744123146,1.016990326791658
ENSG00000183208,add_own,2.0,65.8282208588957,54.52307692307693,74.21538461538462,297.6,9.139771921228874,26.25815309590144,0.2623813616679744,0.2835221049533049,0.1074840148787299,0.12215369613861,1.13587896759186
ENSG00000183208,random_a1.0,2.0,55.644171779141104,45.169230769230765,50.09230769230769,297.4,8.217530204320415,21.98293539578988,0.2693406011676172,0.2857238751792391,0.0958498231063275,0.1025956771388163,1.103265204829184
ENSG00000183208,unsteered,2.0,47.30061349693252,40.8,41.230769230769226,294.6,9.345569245423174,20.45877000495293,0.3146564325952363,0.2840935536664567,0.1096946403663398,0.0952483007327791,0.8896569116948851
ENSG00000183479,add_a0.5,2.0,78.38862559241707,53.71428571428571,93.8095238095238,196.0,10.83418182017562,24.94850411358484,0.2916042222316301,0.2484175986923765,0.1454223604071711,0.1106618914560538,1.008183725434415
ENSG00000183479,add_a1.0,2.0,79.81042654028435,55.71428571428571,93.9047619047619,195.6,8.486043407860297,28.429828859759688,0.230534233593935,0.2505172909767736,0.1128064314369804,0.1264209271905862,1.206452163999366
ENSG00000183479,add_a2.0,2.0,85.78199052132702,61.52380952380952,91.52380952380952,197.2,7.906436420722135,28.40816326530612,0.2166583850931677,0.2495926507355075,0.1057154879091339,0.1261927242294784,1.3186896102985928
ENSG00000183479,add_a3.0,2.0,83.69668246445498,49.90476190476191,96.1904761904762,194.6,7.615472758984308,24.584524699311523,0.235770417273975,0.2513280501458914,0.1010135340771519,0.1094599517769623,1.1027276034765123
ENSG00000183479,add_a4.0,2.0,87.29857819905213,69.14285714285714,93.23809523809524,195.6,9.633063328838483,26.94520680018701,0.2627470444813243,0.2500762770182212,0.1283007981266729,0.1198002407000967,0.9404052257059335
ENSG00000183479,add_gc_removed_a1.0,2.0,70.71090047393365,48.095238095238095,88.57142857142857,196.2,8.398967437079959,26.390107170506447,0.2403904362727892,0.2478349084761665,0.1129364976993692,0.1169409675300541,1.1090764011542684
ENSG00000183479,add_own,2.0,83.50710900473933,58.57142857142857,96.38095238095238,196.0,8.366475680471329,26.738375475141247,0.236682174306202,0.2497703679502081,0.1117610907303917,0.1188016766111482,1.1319761435606834
ENSG00000183479,random_a1.0,2.0,79.05213270142181,55.61904761904761,88.76190476190477,197.4,8.219617267039947,26.148641049671976,0.2357493820779536,0.2491287391493574,0.1100588311789679,0.1160854891978594,1.2085071834161982
ENSG00000183479,unsteered,2.0,77.06161137440759,57.142857142857146,89.61904761904762,195.6,10.414633027240038,26.69375515828454,0.2800765093451661,0.2507329842293829,0.138419393437287,0.1187578265518791,0.8773313010460217
ENSG00000183495,add_a0.5,2.0,87.0870870870871,74.83483483483484,78.9156626506024,310.0,11.099698507219708,22.58239446023642,0.3260573385750332,0.255832732304405,0.1447355342618366,0.1011500856868409,0.7265603153819848
ENSG00000183495,add_a1.0,2.0,90.27027027027027,67.68768768768768,87.34939759036145,309.6,10.720577927662324,22.98755965928457,0.3185750706793634,0.2550982400198174,0.1400900896478904,0.1028764933019619,0.7346935993432578
ENSG00000183495,add_a2.0,2.0,93.75375375375376,72.97297297297297,83.73493975903614,311.4,10.029065585467666,22.626671302992783,0.3050361108603412,0.2549150952793294,0.1311425567097908,0.1012326571164061,0.7984091158498451
ENSG00000183495,add_a3.0,2.0,91.83183183183183,86.18618618618618,89.09638554216868,317.2,11.104948570939357,18.7875768956802,0.3708624632259766,0.2563431906681555,0.1444182706454709,0.0842177105247374,0.6015495207700893
ENSG00000183495,add_a4.0,2.0,92.13213213213211,92.97297297297295,92.65060240963857,314.6,11.249164442592086,21.17062011432357,0.3461828541828541,0.2558433264639819,0.1465114477544028,0.0948418534719999,0.6556533648600263
ENSG00000183495,add_gc_removed_a1.0,2.0,71.83183183183183,71.05105105105105,74.33734939759036,308.4,10.82676696636232,21.541438585949685,0.335289726146869,0.2547175042327184,0.1417924842559235,0.0963414724439044,0.6947259423028882
ENSG00000183495,add_own,2.0,79.81981981981981,76.15615615615616,75.48192771084338,310.4,10.037693995550708,23.46686876800749,0.2997163700253415,0.2547246062581131,0.1313221887697671,0.1049571869867903,0.8492562016598979
ENSG00000183495,random_a1.0,2.0,84.02402402402402,61.20120120120121,77.10843373493977,309.2,11.001864151694372,20.699229887260447,0.3456852579428106,0.2552907034485984,0.1436775850685388,0.0926482270437265,0.6566192621354489
ENSG00000183495,unsteered,2.0,83.003003003003,78.07807807807808,78.01204819277109,312.0,10.196398532573262,22.599116016696268,0.3110954639551811,0.254338753273012,0.1335408119721519,0.1010396394586538,0.7591285184747371
ENSG00000183751,add_a0.5,2.0,69.6096096096096,61.56156156156156,83.49397590361446,310.2,7.544695668365462,29.742782944143773,0.2043542857445348,0.2591840120617919,0.09702600279062,0.1338142010494475,1.4352974474025322
ENSG00000183751,add_a1.0,2.0,70.93093093093094,53.3933933933934,91.98795180722892,310.0,6.206390869622187,29.35454410110031,0.1742741213942414,0.2592662709992929,0.0798191693324459,0.1320976807889495,1.7027114583409504
ENSG00000183751,add_a2.0,2.0,83.96396396396396,64.98498498498499,91.26506024096383,311.6,7.562109284930287,28.5161089931235,0.2099887784729889,0.2605243955140114,0.0967540995488812,0.1285460820546897,1.3623423076596246
ENSG00000183751,add_a3.0,2.0,80.24024024024024,60.18018018018019,93.855421686747,311.8,6.862678402820627,29.31405335878179,0.190354020539779,0.2596458690347184,0.0881315389345678,0.1319974644770458,1.5217574998339702
ENSG00000183751,add_a4.0,2.0,85.46546546546547,70.8108108108108,94.87951807228914,313.4,7.53096247012171,30.24051019164848,0.1997686109711675,0.2596815828466987,0.0966871637504761,0.136160432951519,1.41226090250142
ENSG00000183751,add_gc_removed_a1.0,2.0,61.56156156156156,45.94594594594595,68.13253012048193,305.6,8.58126869067264,26.36725006190981,0.2445992424832135,0.2585806242640743,0.1106707555884167,0.1185510678416636,1.1064307236459037
ENSG00000183751,add_own,2.0,72.7927927927928,59.63963963963964,92.65060240963857,311.2,6.105239610574773,30.79884116334236,0.1671586155651717,0.2589213797628205,0.0786088495270479,0.1385185614479259,1.7905708697193148
ENSG00000183751,random_a1.0,2.0,52.70921523933572,47.38738738738739,63.73493975903614,305.6,8.425637994338928,25.00373978230764,0.2601493828533696,0.2604708226692698,0.1077274211997294,0.1126646163700669,1.1072259173348369
ENSG00000183751,unsteered,2.0,64.32432432432432,50.93093093093093,77.63950060058967,311.4,5.642348715315878,26.73318328282581,0.1757205251809219,0.2590408036769879,0.0725870314649151,0.1202596636793126,1.8224402608584933
ENSG00000185015,add_a0.5,2.0,47.0940170940171,48.15450643776824,54.93562231759656,213.8,12.39910482052195,23.329835505005214,0.3168104936053164,0.2257834710704576,0.1832969037011978,0.1004544066180433,0.9147158712139988
ENSG00000185015,add_a1.0,2.0,47.43589743589744,35.021459227467815,46.60944206008584,212.6,9.35163400848472,25.400351475279457,0.2535715761930596,0.2258812402261546,0.1383898700648158,0.1093815040325586,1.1101260724933664
ENSG00000185015,add_a2.0,2.0,68.11965811965811,52.18884120171674,72.53218884120172,214.6,6.89165614537472,23.43353601580533,0.2316936651362881,0.2254252089486756,0.1019038869913344,0.1008130939913062,1.0261054203559916
ENSG00000185015,add_a3.0,2.0,71.11111111111111,52.44635193133047,88.58369098712447,217.6,7.463126853172346,21.38253120112781,0.2615167750483854,0.2259853330845303,0.1100074430775111,0.0920448851965044,0.8955286835960754
ENSG00000185015,add_a4.0,2.0,79.48717948717947,74.84978540772532,88.75536480686695,219.2,7.0305554152447485,18.703136224371065,0.2755775239710836,0.2264874546568816,0.1035024937781009,0.0806144015898158,0.7897331215660177
ENSG00000185015,add_gc_removed_a1.0,2.0,51.7948717948718,40.68669527896996,42.832618025751074,209.2,7.56320633914392,25.32995051498218,0.2286565550611421,0.2263576495969724,0.1114335913995172,0.1091432375721444,1.0441939405419611
ENSG00000185015,add_own,2.0,51.282051282051285,38.54077253218884,51.24463519313305,210.4,8.639994226107245,23.673791078641308,0.2631259308767041,0.2258075531029247,0.1277992693136967,0.1019305042456383,0.866291641764985
ENSG00000185015,random_a1.0,2.0,56.15384615384615,34.76394849785408,53.04721030042919,212.0,6.678227227545077,26.26837952923871,0.2022228156279131,0.2263958702389671,0.0980185041157229,0.1131968505281791,1.2232109595339145
ENSG00000185015,unsteered,2.0,51.452991452991455,39.65665236051503,56.56652360515021,212.8,8.152686045994214,25.42187336347236,0.2403897500912425,0.2251444834625842,0.1209655244872422,0.1093681660914491,1.0371479117240194
ENSG00000185187,add_a0.5,2.0,70.51051051051051,73.21321321321321,72.40963855421687,308.4,6.809768597848068,29.383673721422063,0.1881079139707458,0.252167754982325,0.0900821692731474,0.1309917910769607,1.4891292958576945
ENSG00000185187,add_a1.0,2.0,74.59459459459461,73.93393393393394,78.67469879518072,308.8,7.198181515124527,30.69862570574576,0.1898196410028185,0.250440476140623,0.095860989293516,0.136523852720639,1.5031442896341696
ENSG00000185187,add_a2.0,2.0,82.34234234234233,76.27627627627628,86.32530120481928,308.4,6.22484738291444,30.560176408143825,0.1700217246018772,0.2511826166265659,0.0825727721361581,0.1360359138942338,1.6632540712347357
ENSG00000185187,add_a3.0,2.0,79.51951951951952,81.74174174174175,82.28915662650601,313.2,6.321364259155246,29.067158652616165,0.1784522045272985,0.2511004209738666,0.0838688452003334,0.1293786883475094,1.5859089689767667
ENSG00000185187,add_a4.0,2.0,87.50750750750751,87.20720720720722,88.49397590361446,312.2,7.633875443948208,29.210533131906,0.2066597997442558,0.2511963093166532,0.1012530190569342,0.1300337226575027,1.3101937260810794
ENSG00000185187,add_gc_removed_a1.0,2.0,65.1051051051051,60.24024024024023,62.28915662650602,303.8,7.854163708026246,24.42464308728341,0.2431576200597361,0.2539935431210512,0.1030689932818292,0.1091674481241076,1.088521006205169
ENSG00000185187,add_own,2.0,72.49249249249249,74.2942942942943,75.48192771084338,310.0,6.45594414286046,30.451576103320367,0.1753494235299236,0.252200412162599,0.0852617310003092,0.1357398269159617,1.6445767128011166
ENSG00000185187,random_a1.0,2.0,56.15615615615616,60.12012012012012,62.95180722891566,307.8,7.279419345923733,26.61032375755939,0.2144392750553576,0.2514759954039242,0.096524416041918,0.1184792611439271,1.2439720146077335
ENSG00000185187,unsteered,2.0,66.72672672672672,62.46246246246246,60.90361445783133,298.4,6.514133255138136,29.309960724196287,0.185325122568176,0.2522168292175407,0.086053483927363,0.1306255183042213,1.6220799909017287
ENSG00000185633,add_a0.5,7.5,61.637931034482754,42.98245614035088,80.48245614035088,52.875,6.951571892262791,25.327700023801576,0.2068398631382377,0.2231842268658613,0.1036284572614987,0.1086701291859955,1.358327635603436
ENSG00000185633,add_a1.0,7.5,63.685344827586206,45.72368421052632,73.79385964912281,52.75,6.16830069722689,23.33881651244304,0.2045995171624041,0.2238977200027035,0.0920284267049995,0.1002803604048573,1.1774565662684702
ENSG00000185633,add_a2.0,7.5,67.78017241379311,47.80701754385965,81.7982456140351,53.25,5.50220665977464,25.540738068658435,0.1784137836600104,0.2230006339421802,0.0820592033469605,0.1096033159794374,1.8638691577428856
ENSG00000185633,add_a3.0,7.5,73.0603448275862,52.74122807017544,83.44298245614036,52.6875,8.073419256430197,27.1765302839407,0.2258360764874511,0.2257921661425593,0.1191075088871365,0.1169814094763095,1.4101344806954952
ENSG00000185633,add_a4.0,7.5,72.19827586206897,54.49561403508772,83.33333333333333,53.4375,6.343479167129059,27.67003791383136,0.1832059171095801,0.2250181193981291,0.0939086109138234,0.1190452646045593,1.6043234250614753
ENSG00000185633,add_gc_removed_a1.0,7.5,52.69396551724138,36.07456140350877,64.25438596491227,51.875,8.532581189550692,22.6695156369281,0.2770051631482552,0.2220656083545737,0.1282151869522738,0.0970810817661251,0.7742089308232564
ENSG00000185633,add_own,7.5,55.064655172413794,41.44736842105263,62.93859649122807,52.0,6.90919090822472,21.400911379784063,0.2453910618964798,0.2238882884695792,0.1030441420142584,0.0919153679851243,1.1516758728220846
ENSG00000185633,random_a1.0,7.5,58.081896551724135,40.67982456140352,74.78070175438597,53.0,4.972519807574112,25.101101678044955,0.1650625370608923,0.2245818008199256,0.0735992361431102,0.107903378749451,1.8392574309519485
ENSG00000185633,unsteered,7.5,58.4051724137931,44.95614035087719,77.52192982456141,53.0625,6.3784128889567295,24.817116640091115,0.2079939077520347,0.2223055011739651,0.0956893746203538,0.1063607148921947,1.301004106069836
ENSG00000186132,add_a0.5,2.5,46.73539518900344,36.97916666666666,42.013888888888886,90.16666666666669,22.43516768845804,14.725714437905308,0.562819962194098,0.2293775071126292,0.327027504119081,0.0637328468313629,0.3411484723540938
ENSG00000186132,add_a1.0,2.5,36.597938144329895,33.15972222222222,36.458333333333336,87.5,14.48944885458281,18.53356300830901,0.4388504125802512,0.226230821409813,0.2133680268704882,0.0798351213683966,0.4080586227486116
ENSG00000186132,add_a2.0,2.5,56.3573883161512,39.93055555555556,69.44444444444444,93.0,21.65751527532781,18.05149402520019,0.5325831384342022,0.2272234045053813,0.3179718829154614,0.0778857001541653,0.3381170667385321
ENSG00000186132,add_a3.0,2.5,67.69759450171821,46.701388888888886,79.34027777777779,91.5,11.96604547258064,19.3610564529442,0.378220082386749,0.2264528503033938,0.1761823895998245,0.0834076513950473,0.5206860301227899
ENSG00000186132,add_a4.0,2.5,69.24398625429554,51.73611111111112,85.59027777777779,91.66666666666669,12.540303072633728,20.78857138973656,0.3819070856728498,0.225629054306725,0.1852448509823992,0.0894538184557629,0.5035325124502156
ENSG00000186132,add_gc_removed_a1.0,2.5,42.9553264604811,30.381944444444446,33.50694444444444,89.33333333333333,22.09508910608104,16.90760245862923,0.535158842693405,0.2270312346571738,0.3250468506997851,0.0729310479845071,0.3487139092855207
ENSG00000186132,add_own,2.5,53.78006872852234,39.23611111111111,53.99305555555555,93.0,23.670431761565325,15.449282617527452,0.5944496658312447,0.2278322399592185,0.3470160762677021,0.0666961747289688,0.2144741142397889
ENSG00000186132,random_a1.0,2.5,40.54982817869416,28.125,33.333333333333336,93.16666666666669,31.74253308951585,12.113592824799722,0.7010274672879419,0.2278532450946246,0.4652712366998077,0.0523004104348804,0.15210886916652
ENSG00000186132,unsteered,2.5,39.34707903780069,30.034722222222225,31.944444444444443,89.0,24.299313240422503,14.074624929033943,0.6072301261956434,0.2276790023206726,0.3562414237417717,0.0607396534573739,0.2191364315325652
ENSG00000186532,add_a0.5,2.0,47.243387966279535,36.996996996997,46.506024096385545,299.4,7.419141386266652,24.589250351350483,0.2297597447204319,0.2358901368470292,0.1048394686661577,0.1072696192733836,1.0557882631740867
ENSG00000186532,add_a1.0,2.0,56.93693693693693,34.29429429429429,55.48192771084338,301.2,7.452651502698883,24.16227122055202,0.236719894966551,0.2343384511981391,0.1059914023230981,0.1051970748641574,1.0057286340460327
ENSG00000186532,add_a2.0,2.0,58.01801801801802,55.49549549549549,64.21686746987952,304.0,7.703866440027096,26.5068442208314,0.2258995641442203,0.2351572595764864,0.1092632851629245,0.1155360428137171,1.0916255943310471
ENSG00000186532,add_a3.0,2.0,80.24024024024024,67.74774774774775,80.78313253012048,309.6,6.527651552442494,27.58424005918405,0.1918386276884217,0.234132175801296,0.0929569026760563,0.1200548488878832,1.2932861817273396
ENSG00000186532,add_a4.0,2.0,78.55855855855856,72.97297297297297,84.63855421686748,311.0,6.878852024268459,26.62905490390376,0.2062881245078017,0.2356706723936439,0.0972652498348744,0.1161256345560185,1.2152459247559153
ENSG00000186532,add_gc_removed_a1.0,2.0,47.86786786786787,35.61561561561562,27.53012048192772,296.8,7.0044928471914805,24.061332504084355,0.2263467449759638,0.2349985113544799,0.0992624521629948,0.1048223952455702,1.114433244211977
ENSG00000186532,add_own,2.0,55.1951951951952,52.252252252252255,59.69879518072289,306.8,7.752610005794966,23.156870034945463,0.2507038097554743,0.2349991749246354,0.1099896447287198,0.1009039001665178,0.9225113807037474
ENSG00000186532,random_a1.0,2.0,49.06906906906907,38.55855855855856,42.61347504822917,300.6,6.59632498016406,23.63943387360523,0.2186148278075363,0.2335273245449869,0.0941949348362166,0.1028118332211214,1.0949412923747923
ENSG00000186532,unsteered,2.0,38.67867867867868,33.573573573573576,34.036144578313255,298.4,6.710448812031707,24.94021835979684,0.2107885074828215,0.2363341002364679,0.0949423345531722,0.1088601877020423,1.2397593722951907
ENSG00000186871,add_a0.5,2.0,50.810810810810814,36.93693693693694,56.506024096385545,300.2,8.736959385734512,26.71136780992133,0.2465948911674761,0.2176854365083971,0.1339566644657057,0.1138301511394709,0.8992140425096375
ENSG00000186871,add_a1.0,2.0,65.7057057057057,43.06306306306307,77.65060240963855,309.0,6.860161637761226,27.8360963265904,0.1996738943725665,0.2200799498970758,0.103935567697424,0.1189514649056309,1.1512455615676558
ENSG00000186871,add_a2.0,2.0,78.1981981981982,57.23723723723724,90.96385542168676,311.6,7.579244029175574,27.477102832421927,0.2139154483016576,0.21829554724662,0.1158599092529572,0.1171680782656666,1.128649773522492
ENSG00000186871,add_a3.0,2.0,78.07807807807808,59.51951951951952,88.55421686746988,313.8,6.633868079370305,25.320118120441016,0.2068221803771675,0.2184698766381769,0.1012317058960844,0.1080088069525306,1.1175530591001444
ENSG00000186871,add_a4.0,2.0,86.84684684684684,66.90690690690691,94.03614457831324,315.6,5.959177377812724,26.56301020206639,0.1823509084532102,0.2182115588865904,0.0911072530225583,0.1132559219524107,1.2799638498353487
ENSG00000186871,add_gc_removed_a1.0,2.0,48.94894894894895,33.453453453453456,45.0,302.6,12.791624857850024,23.46810266015564,0.3359014811076667,0.2170042624641598,0.1966704834807075,0.0999212320348333,0.6894241117497149
ENSG00000186871,add_own,2.0,73.3933933933934,58.43843843843844,79.27710843373494,312.2,6.145001139714003,25.44335602747716,0.1923820007068112,0.2182448702747265,0.0938730871870783,0.1084932820635201,1.2457173666975667
ENSG00000186871,random_a1.0,2.0,55.01501501501501,39.6996996996997,49.33734939759036,305.2,14.519081995808207,25.00117727148988,0.3356303184002295,0.2186592173476026,0.2216053128963914,0.1066689778227759,0.897936852824202
ENSG00000186871,unsteered,2.0,50.45045045045045,38.1981981981982,47.65060240963855,310.4,14.747433646470965,23.12196708705026,0.3444480273214527,0.2188677185891779,0.2251313765916215,0.0986857468469996,0.8109327829408626
ENSG00000187231,add_a0.5,2.0,56.816816816816825,32.612612612612615,40.18072289156626,333.0,40.0,1.2612612612612613,0.9693377442390292,0.2105438772105445,0.633280507131536,0.0053254437869822,0.0084574061394532
ENSG00000187231,add_a1.0,2.0,58.43843843843844,39.69969969969971,57.83132530120482,316.2,22.75480904940813,14.416398445740072,0.5699233194539455,0.2105004682567945,0.3603207194467427,0.0608629518287813,0.3942849886937342
ENSG00000187231,add_a2.0,2.0,65.52552552552552,51.71171171171172,79.93975903614458,314.8,19.87705543436125,18.31694457985985,0.4955697686932779,0.2112279576752983,0.3142277370404098,0.0774287988185481,0.3776241307247441
ENSG00000187231,add_a3.0,2.0,68.1081081081081,67.14714714714714,78.55421686746988,309.0,8.413967361988487,24.577739555716622,0.2552135750631991,0.2104971522837952,0.1332911728596353,0.1037653998899263,0.8296856426907999
ENSG00000187231,add_a4.0,2.0,81.50150150150151,72.55255255255256,91.3855421686747,315.0,6.819356715942023,22.12628353594163,0.2344457829780055,0.210658984526,0.1078769235856595,0.0934451945139551,0.887982364187709
ENSG00000187231,add_gc_removed_a1.0,2.0,50.45045045045045,32.672672672672675,36.08433734939759,317.8,30.22303659591795,10.731409375477172,0.6913718805783524,0.2110720890381912,0.4781248288672103,0.0453804598314005,0.2839628467532862
ENSG00000187231,add_own,2.0,60.36036036036036,42.52252252252252,65.66265060240964,313.4,17.372160497308542,18.152636760611493,0.4445549560155197,0.2089275228267205,0.2760085941575518,0.0764367460916586,0.6450428285059646
ENSG00000187231,random_a1.0,2.0,52.31231231231232,32.732732732732735,38.73493975903615,318.8,26.03637809617876,10.27939187407626,0.6938743985126858,0.2107398333311959,0.4121047795307688,0.0434314590398384,0.2864186123400393
ENSG00000187231,unsteered,2.0,47.02702702702703,35.13513513513514,36.86746987951807,316.8,21.716499479657376,13.889018084064524,0.5963516309533847,0.2118136194374589,0.342707479011495,0.058792415644482,0.3385963011866728
ENSG00000187535,add_a0.5,2.0,62.28228228228228,55.37537537537537,70.36144578313252,303.2,7.169907007328584,26.80566482462054,0.2097206844847034,0.2476994959784937,0.0963686708119932,0.1187894569143228,1.2637883430592625
ENSG00000187535,add_a1.0,2.0,57.41741741741741,54.83483483483484,59.81927710843373,305.2,8.071979694546608,24.832284259885306,0.2442494359138198,0.2499981234638125,0.1076358600891872,0.1103655688883985,1.0685386483761674
ENSG00000187535,add_a2.0,2.0,72.49249249249249,67.44744744744744,81.32530120481928,314.4,6.618333904685469,25.853492728530448,0.2029659158201755,0.2499425882141261,0.0882225444747571,0.1149029115152129,1.367095008514411
ENSG00000187535,add_a3.0,2.0,80.6006006006006,65.88588588588588,88.3132530120482,313.6,9.270339450601586,25.733734651711263,0.2617150239101459,0.2502125094230703,0.123412404399671,0.114400491667336,0.9711955965541283
ENSG00000187535,add_a4.0,2.0,86.78678678678679,80.90090090090091,88.67469879518072,314.2,6.956726572415451,28.81387454533532,0.1919706359174208,0.2493770497821964,0.0929674149167996,0.1279494629725788,1.432088538577125
ENSG00000187535,add_gc_removed_a1.0,2.0,59.15915915915916,56.336336336336345,52.95180722891566,297.2,8.689447107303423,24.60236424435708,0.2641510970068638,0.2489797511323298,0.1163689214772446,0.1092171091410684,0.9618156540766928
ENSG00000187535,add_own,2.0,67.32732732732732,55.13513513513514,72.28915662650601,308.2,7.620685849283109,26.5573974146018,0.2224462121487293,0.2507744184923631,0.1012640703610791,0.1181338750606313,1.2467079137747308
ENSG00000187535,random_a1.0,2.0,42.1021021021021,43.18318318318318,39.09638554216868,298.2,8.04254308228101,23.226784700748524,0.2565980256777617,0.2527294767587227,0.1061974966764633,0.1036025453907597,1.005885902313883
ENSG00000187535,unsteered,2.0,51.291291291291294,48.64864864864865,47.40963855421687,298.8,8.515853304552996,23.560702936765395,0.2679080049491368,0.2512659431363164,0.1130205793710296,0.1048595085141604,0.9409408624630408
ENSG00000187550,add_a0.5,2.0,71.46666666666667,51.23745819397993,87.82608695652173,280.4,9.495051097506686,25.892549320164186,0.2704002796867354,0.2704999105487484,0.1168055900070645,0.1182956939056253,1.1683840305895543
ENSG00000187550,add_a1.0,2.0,74.0,62.34113712374582,86.15384615384615,285.6,10.643845455952192,26.489758453766186,0.2873439639790961,0.2692897418688512,0.1318351833949096,0.1208552111358021,1.070842267004847
ENSG00000187550,add_a2.0,2.0,83.93333333333334,73.7123745819398,92.97658862876254,281.8,8.085316091040662,28.193415299017744,0.2228493314890289,0.2708099658989648,0.0995996726816314,0.1288890227520791,1.3901084551687335
ENSG00000187550,add_a3.0,2.0,86.2,67.55852842809364,93.84615384615384,280.8,7.682891026752979,29.388964481609683,0.2055584026479862,0.2689139410815988,0.0952052240228528,0.1340021593830739,1.455934777828613
ENSG00000187550,add_a4.0,2.0,86.86666666666666,82.47491638795987,90.43478260869566,283.2,8.13390189937633,27.00472222302338,0.2339340962805177,0.2702449531059913,0.1003665615865215,0.1233569729219604,1.2591163257850104
ENSG00000187550,add_gc_removed_a1.0,2.0,72.0,50.50167224080268,69.23076923076924,279.6,11.782517957787752,23.368199379938137,0.33577040736669,0.2715695480167824,0.1446259521359131,0.1069609458161594,0.7758821983828429
ENSG00000187550,add_own,2.0,83.33333333333334,59.331103678929765,83.1438127090301,282.0,5.89580736333158,29.4253235486001,0.1630878156454852,0.270671025504365,0.0726382222568005,0.1344915233693651,2.2914556940893087
ENSG00000187550,random_a1.0,2.0,74.5855072463768,51.17056856187291,71.57190635451505,276.2,8.106626477474148,27.08132813906977,0.2286071577862212,0.2709019124621253,0.0998710761751258,0.1238114678729834,1.298146164740981
ENSG00000187550,unsteered,2.0,66.66666666666667,51.37123745819398,75.25083612040133,276.2,9.19266168698008,25.783284206143907,0.2622083559413998,0.2697013932752145,0.1137973964925991,0.1177002914108171,1.1061841504297747
ENSG00000187796,add_a0.5,2.0,65.94594594594595,53.57357357357357,90.96385542168676,314.2,6.9859352245231054,25.519337881487605,0.2136696439539409,0.2036840385539557,0.114256360309961,0.1068291813405939,1.126167724637479
ENSG00000187796,add_a1.0,2.0,78.91891891891892,70.15015015015015,83.37349397590361,313.4,4.14925842823819,26.874519402897363,0.1354091879100303,0.2034873895533536,0.0679929321326819,0.1124505995984085,1.7151285474433382
ENSG00000187796,add_a2.0,2.0,81.8018018018018,62.46246246246246,97.53012048192772,316.2,4.545265560034743,25.623104850906337,0.1500698456171971,0.2036697543765432,0.074404125552741,0.1072560824868145,1.5161366163282
ENSG00000187796,add_a3.0,2.0,76.75675675675674,67.74774774774775,97.04819277108432,314.8,5.9026453039787175,27.64189173130181,0.1753333850009041,0.2044319449924945,0.0962167796658481,0.1158190369956896,1.2495139417619423
ENSG00000187796,add_a4.0,2.0,86.006006006006,81.74174174174175,93.13253012048192,317.0,4.481239874388478,26.50583151403244,0.1463386364145816,0.2046939668697662,0.0729578193459346,0.111087727274353,1.6292449995185574
ENSG00000187796,add_gc_removed_a1.0,2.0,48.048048048048045,48.88888888888889,60.54216867469879,300.6,5.980103444506462,29.044863325645444,0.1713597219677638,0.2052497532183607,0.0971325196157499,0.1218202867236278,1.26155308214685
ENSG00000187796,add_own,2.0,79.15915915915916,69.42942942942943,84.45783132530121,311.6,4.820374206901833,29.42215658710081,0.1412582210024184,0.2026197071074714,0.0792687312236705,0.1229981705711482,1.565910822518567
ENSG00000187796,random_a1.0,2.0,61.74174174174173,54.47447447447447,64.67331561897136,311.6,4.964189060050749,23.50637587699432,0.1764471672802146,0.2041899368271544,0.0809752585952278,0.098457746835144,1.3853148903069754
ENSG00000187796,unsteered,2.0,65.7057057057057,54.41441441441441,83.3132530120482,307.2,5.791017621463384,27.872846850293865,0.1724633720606775,0.2025206600957665,0.0954641884074759,0.1165146557978025,1.4599271962251277
ENSG00000187837,add_a0.5,2.0,53.72781065088757,51.66666666666666,80.0,160.0,25.098460877378024,8.995615063088403,0.7353069795947798,0.2459677624125939,0.3401598561092087,0.0398013239637662,0.1222884577819833
ENSG00000187837,add_a1.0,2.0,53.01775147928994,56.30952380952381,84.76190476190476,156.8,23.21716964777841,13.321789895823525,0.6352023453282034,0.2458891401940473,0.3146571501244149,0.0588800444737027,0.1935122899358462
ENSG00000187837,add_a2.0,2.0,60.47337278106509,59.16666666666667,87.61904761904762,159.0,18.871691144824343,14.211773730054952,0.5554349065727529,0.248088225250975,0.2533547066485474,0.0629903448236087,0.2926009754846528
ENSG00000187837,add_a3.0,2.0,63.31360946745563,62.61904761904761,88.92857142857142,161.4,16.83170393707683,17.4707522508189,0.490833734076358,0.2472945871815602,0.2270377702746711,0.0773610508794367,0.346226750368061
ENSG00000187837,add_a4.0,2.0,76.68639053254438,66.30952380952381,85.47619047619048,160.4,14.358114271804496,18.584207819792844,0.4320246621904989,0.2477071843844911,0.1932825735800242,0.0823440314738094,0.4530599144662786
ENSG00000187837,add_gc_removed_a1.0,2.0,48.994082840236686,47.61904761904762,61.42857142857143,156.8,24.968682021749142,11.228531551560732,0.6900454403983816,0.24599961373982,0.3381323434443806,0.0496454687933318,0.1469353393901079
ENSG00000187837,add_own,2.0,51.71597633136095,49.642857142857146,83.0952380952381,159.2,20.65165262286136,10.426420237787823,0.6681656995486783,0.2454998696784634,0.2805547387848739,0.046066567105286,0.1650348531895759
ENSG00000187837,random_a1.0,2.0,54.55621301775148,52.5,75.95238095238095,159.8,25.133822446454708,9.011431344430704,0.7336105361073263,0.2447456029302629,0.3421662223567475,0.0397697759424204,0.1221017590604699
ENSG00000187837,unsteered,2.0,51.95266272189349,50.95238095238095,73.80952380952381,160.4,21.714258321828503,10.861500997085445,0.6543059819471779,0.2460382897854132,0.2946267767982005,0.0480262534841628,0.1849794891896938
ENSG00000188026,add_a0.5,2.0,64.22319910271717,51.051051051051054,85.3012048192771,311.2,5.984942255621389,25.69093773949485,0.1909341180927746,0.221244659204811,0.0900198122530559,0.1099293689860999,1.2641756658317196
ENSG00000188026,add_a1.0,2.0,81.74174174174175,66.90690690690691,87.28915662650601,312.6,5.317133649615615,26.991814039734614,0.1681422825021338,0.2213806074814505,0.0801441550538655,0.1155735083836078,1.618924127041693
ENSG00000188026,add_a2.0,2.0,80.78078078078079,66.36636636636636,92.95180722891568,314.4,5.855773651616964,26.653738622874027,0.1772433364434189,0.2198296415919095,0.0888208975515967,0.1138776071047885,1.403136305215657
ENSG00000188026,add_a3.0,2.0,81.56156156156156,67.38738738738739,94.51807228915663,315.4,5.004629853179599,27.95793205088335,0.1511370065966445,0.221240488003486,0.0754120827221455,0.1196644601881442,1.6468147846620542
ENSG00000188026,add_a4.0,2.0,81.2012012012012,75.7957957957958,94.75903614457832,314.6,6.369100177132007,27.08239432273289,0.1903942468813584,0.2202594106741738,0.096438903547753,0.1157873048615227,1.3174414670005117
ENSG00000188026,add_gc_removed_a1.0,2.0,62.04204204204204,54.11411411411412,84.03614457831326,312.0,5.521762077233023,26.673683039134584,0.174912510901437,0.2209944369516793,0.0832316258514402,0.1141115279500506,1.456804923413085
ENSG00000188026,add_own,2.0,79.27927927927928,59.0990990990991,96.6867469879518,313.8,6.9431127985870775,27.784000109871123,0.200222118845546,0.2217310288460251,0.1043617887495165,0.1190056441917594,1.156649479395064
ENSG00000188026,random_a1.0,2.0,76.27627627627628,75.73573573573574,83.49397590361446,310.0,5.938579710212061,28.980213557473625,0.170619409308585,0.220572575969623,0.0897774648040375,0.1239433364777451,1.4423683319668164
ENSG00000188026,unsteered,2.0,66.33308006801983,54.91642244654293,83.25301204819277,312.4,4.936869774517139,28.8906976052934,0.1419641582529906,0.2199271129889163,0.0748126311161135,0.1234483922041231,1.945593233931564
ENSG00000188647,add_a0.5,2.0,55.25525525525526,42.22222222222221,67.95180722891567,314.8,17.41344954754902,20.878176214810324,0.4263733718968618,0.2235102283349261,0.2599559879683397,0.0896399388423668,0.5518260225068158
ENSG00000188647,add_a1.0,2.0,67.97044031983792,51.41141141141141,83.43373493975903,312.6,11.148199145286387,19.959102131211363,0.3304034835191834,0.2239655626661615,0.166069779875809,0.0857541177607822,0.9214052720015232
ENSG00000188647,add_a2.0,2.0,74.71471471471472,56.336336336336345,95.06024096385542,313.8,13.85367576957474,20.783596742222823,0.3856011214137217,0.2232083845161067,0.2068144754100846,0.0891895555006223,0.5848437531711831
ENSG00000188647,add_a3.0,2.0,82.58258258258259,59.57957957957958,96.02409638554217,313.8,8.675209276246584,20.010488707762136,0.2992456530810961,0.2231465757961855,0.1293555377792078,0.0858695895019381,0.6876717824664345
ENSG00000188647,add_a4.0,2.0,87.2072072072072,78.43843843843844,92.65060240963857,315.2,6.9150713935745785,19.55792756429699,0.2602117589615499,0.2243346942139409,0.1026238394449756,0.0840441997363033,0.8513488616720188
ENSG00000188647,add_gc_removed_a1.0,2.0,45.16516516516516,32.912912912912915,37.22891566265061,299.8,15.019314929261554,21.15558929271645,0.4008574403375565,0.2225076763288848,0.2258565491200894,0.0907205593620552,0.6659758561301857
ENSG00000188647,add_own,2.0,63.3033033033033,46.12612612612613,89.39759036144578,313.2,11.840837844689718,20.826330600770767,0.344501810967892,0.2230786175730314,0.1772838672481811,0.0893680008149859,0.662106324686996
ENSG00000188647,random_a1.0,2.0,54.5945945945946,38.738738738738746,54.036144578313255,307.0,11.706720464379815,22.3046158611642,0.3395315740397243,0.222898419666823,0.175311868730589,0.0956836665722897,0.7231068108455575
ENSG00000188647,unsteered,2.0,47.02702702702703,37.83783783783784,43.85542168674699,309.2,15.41122267361681,18.85732111647124,0.4274469778467774,0.2227636341387778,0.2309181266205351,0.0808830528141151,0.5923051016279153
ENSG00000188716,add_a0.5,2.0,72.24242424242425,69.26829268292684,74.02439024390245,151.0,10.59601872634789,20.02633024498977,0.3506745109070691,0.2194483978143938,0.1610436858997167,0.0854889472385884,0.5275191762292347
ENSG00000188716,add_a1.0,2.0,76.84848484848484,74.63414634146342,85.97560975609755,156.8,13.134760651962203,16.835411074720263,0.4174910436792872,0.2174085632036476,0.2011265189512144,0.0717162530032225,0.4756163753931045
ENSG00000188716,add_a2.0,2.0,72.12121212121212,71.95121951219512,82.6829268292683,157.4,11.147729548823168,17.932470640964212,0.3676077791377669,0.2172892116262802,0.1711057219181374,0.0763823523820892,0.6301295019516454
ENSG00000188716,add_a3.0,2.0,78.78787878787878,65.60975609756098,90.48780487804878,154.4,11.651588135786309,19.92614421652899,0.3692765567765567,0.2171841634705242,0.1788280851691617,0.0848371475936152,0.5237722217230565
ENSG00000188716,add_a4.0,2.0,76.6060606060606,65.36585365853658,91.70731707317071,155.4,10.183031314354931,20.51288450350425,0.3217008647782053,0.2179435057313875,0.1558839823785237,0.087470612082531,0.7536396166910444
ENSG00000188716,add_gc_removed_a1.0,2.0,67.63636363636364,58.29268292682927,62.80487804878048,150.0,10.12961113057065,25.623866232559955,0.28323612159473,0.2183659216736065,0.1546820635001754,0.1092672015335634,0.7325102587294106
ENSG00000188716,add_own,2.0,75.27272727272728,53.29268292682927,80.85365853658536,158.6,20.87750726649349,14.931686191779344,0.5525232014362449,0.2160196051921132,0.3209198811346656,0.0634035944563026,0.3744528455617038
ENSG00000188716,random_a1.0,2.0,71.03030303030303,68.90243902439025,73.65853658536585,153.4,10.300984400458256,21.36661300742661,0.327579871664978,0.2177359359202647,0.1576344327378337,0.0910281333754751,0.584969774528101
ENSG00000188716,unsteered,2.0,64.6060606060606,66.82926829268293,70.48780487804879,152.6,9.446126363476148,24.45551975611341,0.2797522770289726,0.216536357186714,0.1453992170635196,0.1040444815909714,0.7271257675780802
ENSG00000188811,add_a0.5,2.0,48.73493975903615,52.50755287009064,57.40181268882175,303.2,8.011800790964454,23.083660173874453,0.2613364413364413,0.2263620175064006,0.1180399454749278,0.0994551784757505,0.8905429293518446
ENSG00000188811,add_a1.0,2.0,55.42168674698795,59.03323262839879,57.46223564954683,304.6,8.406733073318012,23.18180410735832,0.2681669463678746,0.2270379815290118,0.1233407537105592,0.0999687435880977,0.818277090299851
ENSG00000188811,add_a2.0,2.0,69.27710843373494,62.11480362537765,71.41993957703927,310.0,7.453371564062957,20.773799301908145,0.2672330203978011,0.2258021906229538,0.1100792227159074,0.0894383444882539,0.8154470453963303
ENSG00000188811,add_a3.0,2.0,78.25301204819277,81.08761329305136,83.14199395770393,310.6,7.788394960673509,22.632107994202567,0.2573566879431453,0.224994183383113,0.1153631749352273,0.0973351090324672,0.8561534787694345
ENSG00000188811,add_a4.0,2.0,81.44578313253012,70.51359516616314,79.09365558912387,311.0,6.9391874422701845,22.09899028007912,0.2444729384115573,0.2274385044072314,0.1016254992401992,0.0953366889231042,0.9969878459559924
ENSG00000188811,add_gc_removed_a1.0,2.0,52.16867469879518,44.95468277945619,50.151057401812686,303.8,7.8970867099492255,21.92321014742546,0.2733081458008268,0.2269839783654841,0.1159464335103471,0.0945676726675024,0.8282532685449245
ENSG00000188811,add_own,2.0,67.10843373493977,62.77945619335348,68.51963746223565,308.8,7.393700461404689,21.334132496090643,0.2540786685281072,0.2272181084717799,0.1083769320686189,0.0920282937962822,0.9141444551136338
ENSG00000188811,random_a1.0,2.0,39.69879518072289,41.69184290030212,40.60422960725076,308.6,6.875721291373178,21.318267139254225,0.2424113279973526,0.2268320186125683,0.1009967160698318,0.0919105824366759,0.9565402611416968
ENSG00000188811,unsteered,2.0,46.74698795180723,44.41087613293051,46.52567975830816,304.2,7.631045086353123,25.17407202373503,0.2328780105254103,0.2271680328974822,0.1118673823783548,0.1085968169597556,1.014968917714057
ENSG00000189306,add_a0.5,2.0,58.34024896265559,44.66666666666667,66.16666666666666,222.2,8.088796320770072,26.28633291208256,0.2372804730510521,0.2296391664750482,0.1177300462210309,0.1137748491740395,1.070771235320046
ENSG00000189306,add_a1.0,2.0,61.65975103734441,45.66666666666666,73.41666666666667,222.6,7.604345222751867,27.19367426598604,0.2211595298944696,0.2296415238031733,0.1108004049807033,0.11771654300596,1.236316536184955
ENSG00000189306,add_a2.0,2.0,69.95850622406638,55.5,82.75,225.4,6.381692149843775,26.5452820706469,0.1929212016660803,0.2331238594860961,0.0913020547051248,0.1154081453391736,1.3215215216594207
ENSG00000189306,add_a3.0,2.0,78.92116182572614,60.41666666666667,90.0,227.4,8.873153528199293,27.17023422601742,0.2508336304553962,0.2311125530305793,0.1279360260812703,0.117789798079185,0.9953252252284028
ENSG00000189306,add_a4.0,2.0,79.91701244813278,70.58333333333334,90.0,226.8,6.528720786396145,26.9754787738343,0.1944808451229609,0.2303458274839717,0.0945320456968584,0.1168296276052561,1.2907510870901102
ENSG00000189306,add_gc_removed_a1.0,2.0,49.27481379885067,39.5,50.66666666666666,221.6,11.125965592802944,22.146036011559023,0.3199577242989185,0.2315052793834325,0.1604618148012936,0.0959733376069878,0.8571345301644395
ENSG00000189306,add_own,2.0,65.89211618257261,43.5,81.91666666666666,222.6,8.011105693862328,28.473403592196423,0.2188132074208023,0.231206650465758,0.1155081062118907,0.1234545107247137,1.1150222757994668
ENSG00000189306,random_a1.0,2.0,55.518672199170126,45.08333333333333,66.41666666666666,220.0,7.155444336946777,25.08955035647073,0.2189882020581471,0.2306569382355405,0.1038337769213877,0.1086780893699124,1.2036575930209117
ENSG00000189306,unsteered,2.0,50.12448132780083,37.25,53.41666666666667,223.0,12.339883298728356,19.754889447216343,0.3621544413471229,0.2317547899192589,0.1779751923311545,0.0856992236643288,0.6372194755303117
ENSG00000196639,add_a0.5,2.0,58.85885885885887,46.00600600600601,89.81927710843374,320.2,13.543062738365048,20.43243250067353,0.3993084327469189,0.2333210248512112,0.1935879021198771,0.0888457153220673,0.4957963761378594
ENSG00000196639,add_a1.0,2.0,65.52552552552552,53.09309309309309,96.86746987951808,322.0,11.359048249127962,20.815454706842058,0.3529596542292715,0.2348482621500745,0.1612333880017292,0.0906904947319385,0.5938910292473683
ENSG00000196639,add_a2.0,2.0,64.35851514164767,52.97297297297298,95.42168674698794,316.6,7.617371042051556,24.24250458531353,0.242262845944358,0.2345118331183012,0.1083460146843063,0.1055572036710052,1.053667175339589
ENSG00000196639,add_a3.0,2.0,68.46846846846847,57.17717717717718,94.33734939759036,316.0,10.307438258810096,24.92791763353309,0.2954070600263527,0.2341773281507639,0.1467474678094704,0.1085054363341851,0.7579869126272063
ENSG00000196639,add_a4.0,2.0,71.77177177177177,54.71471471471472,94.81927710843374,318.4,8.1726239768355,26.68686659568595,0.2344032308762093,0.2339541732311318,0.1163679620731343,0.1161174939904455,1.0392665222616198
ENSG00000196639,add_gc_removed_a1.0,2.0,49.30930930930931,40.96096096096096,80.66265060240964,315.4,12.718498746258998,19.87143378217719,0.3901954115528485,0.2345760022085247,0.1808441769573031,0.0865513723527788,0.5101187112690544
ENSG00000196639,add_own,2.0,70.87087087087087,58.79879879879879,97.46987951807228,318.6,10.20336844232343,22.780126084465063,0.3125438527730135,0.2341423788982228,0.1451531696686269,0.0991390196242565,0.7337838782274411
ENSG00000196639,random_a1.0,2.0,53.813813813813816,43.78378378378378,80.78313253012048,318.0,14.837095945880195,19.440801735499488,0.4326971196341456,0.2348094811270285,0.2107327725977397,0.0846934029255849,0.435224625353437
ENSG00000196639,unsteered,2.0,52.67267267267268,44.8048048048048,82.83132530120483,315.6,10.99294787264871,22.68033531892151,0.326495456636761,0.2326467972237332,0.1575953272842385,0.0985307987595874,0.7000354851440609
ENSG00000197217,add_a0.5,2.0,60.06006006006006,51.291291291291294,55.36144578313254,305.2,6.7051063010228,23.36919578179002,0.2230081489960325,0.2274449086072893,0.0982398989541468,0.1008546316811416,1.0714682158067577
ENSG00000197217,add_a1.0,2.0,66.006006006006,53.09309309309309,64.87951807228916,302.2,7.260455360212804,23.741272806943968,0.2353892594576171,0.2270800580990449,0.1065957087104239,0.1023880506018425,1.0018579099698628
ENSG00000197217,add_a2.0,2.0,67.8078078078078,63.06306306306307,69.6987951807229,306.2,7.56620657088961,23.85322376081942,0.2413598107463011,0.2277457033874322,0.1108103076716628,0.1029716258249079,0.9651067479752083
ENSG00000197217,add_a3.0,2.0,80.06006006006007,72.07207207207207,86.32530120481928,310.8,8.303708908354356,20.91441494477011,0.2829246965243778,0.2258701013186698,0.122500044092348,0.0900523409061067,0.7541870810690574
ENSG00000197217,add_a4.0,2.0,81.08108108108108,77.77777777777779,89.03614457831326,313.4,8.740971637634603,21.794290082532576,0.2880049880187843,0.2261129026368105,0.1288391587976709,0.0938657379182445,0.7310117433913879
ENSG00000197217,add_gc_removed_a1.0,2.0,41.32132132132132,37.2972972972973,37.34939759036145,300.0,6.857172681932316,24.77719747072741,0.2178102052373796,0.2281757398996121,0.1000101597951455,0.1069961748665561,1.109949596542504
ENSG00000197217,add_own,2.0,65.46546546546547,62.58258258258259,67.89156626506023,305.4,8.248147457564496,23.23343154945546,0.2631031623809955,0.2266677635718866,0.1213540109548441,0.1001396402917854,0.8719540152692733
ENSG00000197217,random_a1.0,2.0,46.306306306306304,40.06006006006006,42.04819277108434,292.8,6.223341715729934,28.368979250506072,0.1810617269790292,0.2279271787566124,0.0911093341401789,0.1224849457884034,1.3995167884937003
ENSG00000197217,unsteered,2.0,51.17117117117117,42.4024024024024,38.0722891566265,297.6,7.591602602007032,26.73146128172139,0.2201952860586944,0.2275329189999812,0.1113776369816128,0.1153439416549968,1.110911070427285
ENSG00000197448,add_a0.5,2.0,68.55491329479769,43.83720930232558,93.3720930232558,164.4,14.022159234624189,22.728015208180736,0.3809538498170877,0.2498645913321054,0.1869556610661625,0.1009854105934111,0.5600895012742845
ENSG00000197448,add_a1.0,2.0,68.32369942196532,42.325581395348834,94.06976744186046,166.8,14.875272436226895,22.283705446732377,0.403711791653574,0.2495726174557936,0.1987482987595792,0.0989715194936455,0.5903192070021474
ENSG00000197448,add_a2.0,2.0,75.72254335260115,50.581395348837205,94.53488372093024,166.0,11.66030561896388,25.577583100996183,0.3132555130604715,0.2488746847575235,0.1562241606714699,0.1135299248665556,0.7612181924070779
ENSG00000197448,add_a3.0,2.0,78.26589595375722,52.325581395348834,95.11627906976744,163.6,11.39418291199485,26.30509505338506,0.3003634085213033,0.2499260519228709,0.1519272633107241,0.1168919616094804,0.7876710230996362
ENSG00000197448,add_a4.0,2.0,74.33526011560693,59.76744186046513,93.02325581395348,166.0,9.505983444346263,23.741139835646784,0.2843923169541397,0.2501988745338313,0.1266321610414301,0.1055452580695903,0.8763116053253762
ENSG00000197448,add_gc_removed_a1.0,2.0,63.35260115606936,37.674418604651166,80.69767441860465,166.2,12.40655876594754,21.648913678152585,0.3622318138751447,0.2493573802477707,0.1660138382590909,0.0961649247576768,0.6304668982415007
ENSG00000197448,add_own,2.0,67.74566473988439,46.04651162790698,85.11627906976744,167.4,15.482415177992682,20.621522771439533,0.4329771240649055,0.2487663066181206,0.2073816856316746,0.0914733091472939,0.4749865386911645
ENSG00000197448,random_a1.0,2.0,58.26589595375723,37.325581395348834,76.16279069767441,168.0,19.16939434036725,17.99140901005005,0.5140579688043507,0.248666590050107,0.2568059565756654,0.0798093840411213,0.3582854729511502
ENSG00000197448,unsteered,2.0,56.99421965317919,43.02325581395349,78.72093023255813,165.0,15.218293030003698,22.419943614569057,0.3888481089064095,0.2486035418484703,0.2037806460178821,0.0994500155217695,0.7526713843760283
ENSG00000198363,add_a0.5,2.0,38.1981981981982,41.14114114114115,39.93975903614458,295.8,9.518058560266754,25.637374920961964,0.2692876929811447,0.2089696820605725,0.1517408846078002,0.108049167806295,0.7671558556044114
ENSG00000198363,add_a1.0,2.0,64.68468468468468,52.852852852852855,64.57831325301206,304.4,11.673983931858658,24.27907245720756,0.3250199615972906,0.2087185561600359,0.1864383788391491,0.1022801774788849,0.5587622898186243
ENSG00000198363,add_a2.0,2.0,85.64564564564564,71.5915915915916,88.07228915662651,316.0,13.116168693592249,16.150471736028017,0.4463573860130571,0.2083046992285774,0.2098887347948545,0.0680054511406537,0.330459640699589
ENSG00000198363,add_a3.0,2.0,81.44144144144144,68.82882882882883,88.855421686747,316.6,11.22774193795687,16.238925947326965,0.4067303902281051,0.2082740091180956,0.1797785773229825,0.0683656336631262,0.4026829859435059
ENSG00000198363,add_a4.0,2.0,86.42642642642643,84.38438438438439,92.5301204819277,316.8,8.221749039630566,14.929240829351698,0.3541774891774892,0.2092588073908439,0.1306979232959058,0.0629409361693464,0.5122471174979194
ENSG00000198363,add_gc_removed_a1.0,2.0,42.7027027027027,33.03303303303303,34.4578313253012,301.2,10.81461542763058,25.511774796932706,0.2977038393361729,0.2089607928106571,0.1725911838055827,0.1074975935400208,0.6658119589950589
ENSG00000198363,add_own,2.0,57.71771771771772,47.567567567567565,51.20481927710844,303.0,11.531653207961153,20.64329778986541,0.3630217487474261,0.2095692939023876,0.1834334904407757,0.0870742008578223,0.4811525993995088
ENSG00000198363,random_a1.0,2.0,45.825825825825824,27.62762762762763,25.78313253012048,301.2,10.324225876675811,22.83370819414933,0.3112588708490308,0.2073687959195681,0.1659726008783717,0.096020826862957,0.6096209493734982
ENSG00000198363,unsteered,2.0,43.36336336336336,32.192192192192195,37.108433734939766,298.0,10.292915865869258,23.275408925446545,0.3076186998232038,0.2097863409910729,0.1636202359148657,0.0981914526354692,0.6466475831223386
ENSG00000198570,add_a0.5,2.0,60.595238095238095,57.00598802395209,68.8622754491018,155.0,6.04428115888164,25.890510232665484,0.198389521347779,0.2106285635347303,0.095607929897416,0.1093996158402433,1.274898189141188
ENSG00000198570,add_a1.0,2.0,70.5952380952381,63.95209580838323,89.82035928143713,154.6,5.668358695845795,25.316795976849743,0.1890805305573766,0.2113916365082494,0.0892232976443273,0.1069606303532318,1.345746672851535
ENSG00000198570,add_a2.0,2.0,70.5952380952381,73.41317365269461,89.10179640718563,155.2,5.922599901400527,27.457216404554465,0.1764999790158637,0.2119187858036552,0.0933239261194604,0.1161525164802609,1.3425795915684628
ENSG00000198570,add_a3.0,2.0,79.4047619047619,83.47305389221557,83.83233532934132,156.4,4.86645451895657,28.476041431906896,0.1471412159481837,0.2111236075928445,0.0767915100217777,0.1202971843987361,1.588364091856162
ENSG00000198570,add_a4.0,2.0,79.88095238095238,76.52694610778443,91.1377245508982,156.6,6.5248369723004105,25.684706607310183,0.2023455564043799,0.2108761471616619,0.1028589351493079,0.1085125779387784,1.3415551564006476
ENSG00000198570,add_gc_removed_a1.0,2.0,59.642857142857146,41.55688622754492,69.94011976047905,154.6,6.083698968552633,25.36263892768913,0.1952928135415496,0.212006261598229,0.0958223042594798,0.1072741304563121,1.223452087064464
ENSG00000198570,add_own,2.0,57.97619047619047,64.07185628742515,82.51497005988024,155.4,5.020622776234821,30.00051292296468,0.1431548652886743,0.2100769302271813,0.0795647227694135,0.1266021601952524,1.6147723551012791
ENSG00000198570,random_a1.0,2.0,58.80952380952381,61.43712574850299,83.47305389221557,153.6,4.415874939676482,29.12242591149253,0.1345230291846833,0.2082970856209684,0.0707230269618697,0.1225963980298196,2.101220117524352
ENSG00000198570,unsteered,2.0,55.11904761904761,59.04191616766467,69.82035928143712,152.0,6.3161331890901575,30.21241300262224,0.1768649177291903,0.21067005512801,0.1001068652754329,0.1276237552067699,1.4354574804033988
ENSG00000198746,add_a0.5,2.0,72.07207207207207,66.006006006006,43.91566265060241,309.8,5.397431719894937,26.988292715852943,0.1722632984517819,0.2460363544654917,0.0729915613828922,0.1192551435109347,1.8409749632733377
ENSG00000198746,add_a1.0,2.0,81.14114114114115,66.78678678678679,89.27710843373494,314.2,7.333525864568557,28.49735389202772,0.2046774269093032,0.2482418481722747,0.0984089133867034,0.1263561235316803,1.295286311123295
ENSG00000198746,add_a2.0,2.0,76.3963963963964,72.79279279279278,84.87951807228916,309.0,7.342405130894292,30.760440655325937,0.1936993156036674,0.2488312329109848,0.0984177707336845,0.1365009169223208,1.48385470976397
ENSG00000198746,add_a3.0,2.0,78.13813813813815,82.34234234234233,85.78313253012048,312.8,8.691568402388494,31.14011640726301,0.2186920768653701,0.247386706127807,0.1171301300358245,0.1379110506843991,1.2025486249071196
ENSG00000198746,add_a4.0,2.0,88.94894894894895,88.70870870870871,91.02409638554217,311.0,7.082909950860843,35.109978502108696,0.1675928039776025,0.2492429318253188,0.094654092156113,0.1558941011427129,1.692297249386499
ENSG00000198746,add_gc_removed_a1.0,2.0,49.30930930930931,50.330330330330334,49.57831325301205,305.2,7.476567603542388,21.901850069776348,0.2617474930548583,0.2468966857009615,0.1010179226077386,0.096949907905556,0.9834099545600964
ENSG00000198746,add_own,2.0,83.78378378378378,77.83783783783784,78.67469879518072,315.8,7.912123623739487,30.712545540533664,0.2047094887103553,0.2479740927153036,0.1063591091717232,0.1361358871976137,1.2868230544058297
ENSG00000198746,random_a1.0,2.0,60.72072072072071,50.93093093093093,81.6867469879518,311.2,6.665229061526949,27.37164735747296,0.1914018700929564,0.247516063271781,0.0894809338376965,0.1212770944330969,1.6920985503284858
ENSG00000198746,unsteered,2.0,51.53153153153153,48.58858858858859,49.33734939759036,309.2,6.533335497314003,22.00093733395921,0.234939722476314,0.2469355155792142,0.0881580466814292,0.0973500067083498,1.1268253643039263
ENSG00000198774,add_a0.5,2.0,52.55255255255255,32.13213213213213,44.63855421686747,323.0,22.263698520089854,18.535349434089618,0.5309058375389997,0.2034550221509269,0.3650793458752261,0.0775797569722772,0.3222082286805869
ENSG00000198774,add_a1.0,2.0,58.43843843843844,36.996996996997,58.915662650602414,321.2,22.40068685207062,17.468974437738712,0.5218981510631112,0.2033585572236917,0.3677495083189471,0.0731095842297591,0.3770714102075533
ENSG00000198774,add_a2.0,2.0,65.52552552552552,62.10210210210211,70.36144578313254,309.4,6.646213502832053,21.265142870624608,0.2467623501475142,0.202981395780007,0.1091930979287173,0.0889430144528239,0.8626573387542636
ENSG00000198774,add_a3.0,2.0,81.62162162162163,71.5915915915916,90.42168674698794,316.4,8.55125341408883,17.01686917579418,0.3344074640724338,0.2034806149777404,0.1399607926327254,0.0712213839557903,0.5251227667661683
ENSG00000198774,add_a4.0,2.0,88.46846846846847,81.02102102102103,94.4578313253012,316.6,7.9739967840121775,14.719751526044002,0.3574356400443357,0.2025676412232489,0.1312187243866716,0.0615236184674338,0.4749780672449011
ENSG00000198774,add_gc_removed_a1.0,2.0,49.729729729729726,34.71471471471472,36.68674698795181,309.2,15.155424446412798,21.536709618663803,0.3968194449133203,0.2037108795622997,0.2483265147082157,0.0901689803041193,0.591170864895825
ENSG00000198774,add_own,2.0,68.76876876876877,49.66966966966967,67.40963855421687,310.6,9.546420779971031,21.97655878037433,0.2948570046275942,0.2013919401287272,0.1577238976597509,0.0917269778029703,0.7397987686835619
ENSG00000198774,random_a1.0,2.0,50.87087087087088,34.71471471471472,39.1566265060241,317.8,19.62687923243728,20.77819846533428,0.4585970181276803,0.2033528339220859,0.3219000060917755,0.0869478556296758,0.7164507872439301
ENSG00000198774,unsteered,2.0,46.48648648648649,27.56756756756757,34.69879518072289,319.4,24.36051128924656,15.509763161428117,0.5915103236362289,0.2042496796748167,0.3992143733328133,0.0650263829890243,0.2780894213451764
ENSG00000198894,add_a0.5,2.0,65.70570570570571,57.29729729729729,77.4698795180723,307.6,9.104343713176068,26.48965316159581,0.2569093597448189,0.2518355886578216,0.1204788019878378,0.1180099720817416,0.9824799038899192
ENSG00000198894,add_a1.0,2.0,64.32432432432432,55.49549549549549,76.92771084337349,304.8,8.198193854220307,26.088593108224178,0.2402833097074889,0.2513834758913563,0.1087074508807237,0.1161556442861047,1.083824946293762
ENSG00000198894,add_a2.0,2.0,85.1051051051051,74.5945945945946,93.855421686747,314.2,7.701408624736922,25.655957812742407,0.2306467453577263,0.2500190475433079,0.102728226087697,0.1140293665246859,1.1191105329058115
ENSG00000198894,add_a3.0,2.0,86.6066066066066,82.64264264264264,89.93975903614458,314.8,7.6915782249562685,24.95906335278617,0.2356643654899469,0.2519277934917071,0.1017844725388763,0.1112013072388192,1.1376461746206796
ENSG00000198894,add_a4.0,2.0,87.32732732732732,83.18318318318319,82.40963855421687,311.0,9.652632415581431,23.734370764746263,0.2879295517845349,0.2511631905551724,0.1281863981940004,0.1056403318060192,0.8353858360116906
ENSG00000198894,add_gc_removed_a1.0,2.0,50.63063063063063,43.96396396396396,50.5421686746988,300.6,7.520447798386266,24.553764520831344,0.2325194239371949,0.251138361932826,0.0996993489901233,0.1092836042956954,1.1591055304922102
ENSG00000198894,add_own,2.0,74.2942942942943,67.0870870870871,81.32530120481928,310.0,8.584863902292165,25.653993854354542,0.2518211134011127,0.251315165434558,0.1138610982478988,0.1142224042029195,1.0095825485432617
ENSG00000198894,random_a1.0,2.0,63.84384384384384,57.23723723723724,55.72289156626506,307.0,7.558890114298049,24.671493881079645,0.235388479331819,0.2509181056902007,0.1003367260528505,0.1097618303617842,1.1865787438990156
ENSG00000198894,unsteered,2.0,55.7957957957958,58.85885885885885,57.95180722891566,306.8,8.158223666486506,25.02885042435884,0.2457933206622088,0.2511094475771812,0.1084271271986252,0.1114195108958585,1.0838118925453968
ENSG00000198948,add_a0.5,2.0,53.45345345345345,53.813813813813816,39.21686746987952,303.6,6.749232232041915,23.49240883569295,0.229759697729546,0.2283565626597573,0.0985196164986099,0.1015024133287717,1.2045202356517577
ENSG00000198948,add_a1.0,2.0,64.50450450450451,57.11711711711712,51.86746987951807,306.2,6.744727425327639,24.155829426079,0.2258976389926423,0.2285467058881037,0.0983013551092747,0.1043239905787441,1.101606337873227
ENSG00000198948,add_a2.0,2.0,56.93693693693693,62.16216216216217,66.38554216867469,306.2,6.680121044724783,28.058090695995546,0.1934317037513817,0.229047157004844,0.0972403382280387,0.1212819355374007,1.3014369806615815
ENSG00000198948,add_a3.0,2.0,75.97597597597597,68.04804804804806,75.3012048192771,308.4,6.302625563075724,28.71995484360925,0.1794560432417053,0.2272404807809537,0.0925661332443171,0.123889508055023,1.375458261668438
ENSG00000198948,add_a4.0,2.0,80.78078078078079,77.05705705705705,85.06024096385542,311.8,6.291570684780341,30.787888670383666,0.1697907825748142,0.2272273739745713,0.0922190804475655,0.1327992648820325,1.4932553351692466
ENSG00000198948,add_gc_removed_a1.0,2.0,32.852852852852855,36.75675675675676,40.12048192771084,295.6,8.12131566652715,21.29919287369919,0.2790266428175462,0.2287796589772407,0.1183279570926711,0.0920579694791261,0.7856204112387208
ENSG00000198948,add_own,2.0,52.61261261261261,49.36936936936937,53.25301204819277,300.6,7.1324006829327145,26.679313124794085,0.2134980514745754,0.228110561141775,0.1041054248100082,0.1152845909369671,1.1260964096001884
ENSG00000198948,random_a1.0,2.0,50.330330330330334,43.18318318318318,46.265060240963855,303.2,6.882591740674802,24.64042423845589,0.2193269893537401,0.2287858528849654,0.1003439074153185,0.1065025677494551,1.1255316239465134
ENSG00000198948,unsteered,2.0,48.34834834834835,42.34234234234234,42.22891566265061,304.0,7.552472785345188,25.70792675903228,0.2303664401878687,0.2285841044625566,0.1101757855605006,0.1110886376518892,1.0565373291306424
ENSG00000204311,add_a0.5,2.0,42.60061919504644,37.453416149068325,42.85714285714285,295.4,13.944804030464123,21.485327305693502,0.3783647252339913,0.2208380546600035,0.210029817712667,0.0918894922926063,0.6552616127382782
ENSG00000204311,add_a1.0,2.0,48.1733746130031,37.63975155279503,47.26708074534161,297.4,14.167688682100737,22.571574785423973,0.3808284471845612,0.2215007614862377,0.2133892918205798,0.0966514382496418,0.5234923013610377
ENSG00000204311,add_a2.0,2.0,64.39628482972137,51.801242236024834,76.45962732919256,303.6,13.60496832027814,19.52339334488794,0.4061373185637891,0.2215674266011965,0.2047551765242917,0.0836018136338842,0.4773355067300143
ENSG00000204311,add_a3.0,2.0,76.59442724458205,62.79503105590062,92.17391304347828,306.4,10.5677309831475,20.51341570839748,0.3406853993695667,0.2232333045046317,0.1576763334752538,0.0880209312763426,0.5798551651600489
ENSG00000204311,add_a4.0,2.0,82.10526315789474,62.79503105590062,95.65217391304348,305.6,8.199734576282369,18.925472917372623,0.3000763701263662,0.2223744390957655,0.122894867037851,0.0811181741170084,0.6889644391199201
ENSG00000204311,add_gc_removed_a1.0,2.0,46.93498452012384,38.50931677018633,39.44099378881988,299.4,13.94752108890118,21.33059980478217,0.3804268427310283,0.2218452052644282,0.209155784814444,0.0913570080292147,0.6327221920430731
ENSG00000204311,add_own,2.0,57.02786377708978,42.54658385093168,73.7888198757764,298.6,13.537264645363072,20.22480237538564,0.3884356286777768,0.2229197857742983,0.2026283412023286,0.0867695667377488,0.5065914026891184
ENSG00000204311,random_a1.0,2.0,41.48606811145511,34.96894409937888,34.59627329192547,286.6,10.095635827043482,26.339015875717656,0.2770907718420112,0.2239115136755972,0.150225389418415,0.1131134117586261,0.8297298582457305
ENSG00000204311,unsteered,2.0,44.086687306501545,33.47826086956522,31.73913043478261,297.4,16.581537901384646,18.776240483536466,0.4604392987212067,0.2216670169130913,0.2490991063821562,0.0803883934052489,0.4170986243419891
ENSG00000204767,add_a0.5,2.0,49.66966966966967,45.7057057057057,49.81927710843373,300.6,9.96139629432036,24.6703057389822,0.2872596093227161,0.2426077793446065,0.1368262409308736,0.1085792449144668,0.8051449258128427
ENSG00000204767,add_a1.0,2.0,54.77477477477478,49.90990990990991,60.54216867469879,305.6,9.135548698507524,25.876948010746823,0.2625028425715082,0.243693162596276,0.1250634844965873,0.1140686552518003,0.9879701605145088
ENSG00000204767,add_a2.0,2.0,73.45345345345345,62.10210210210211,88.07228915662651,311.6,9.557614495204367,24.203069816162664,0.2822185209287157,0.2414574480389801,0.1318933213677187,0.1063547491834638,0.8147421952758067
ENSG00000204767,add_a3.0,2.0,75.91591591591592,68.22822822822823,93.55421686746988,308.4,10.288623893262365,25.03862040731079,0.2886132394251516,0.2435053654027651,0.1409483009814278,0.1103354110914199,0.8446196474565024
ENSG00000204767,add_a4.0,2.0,84.44444444444444,76.15615615615616,91.86746987951808,316.6,9.165275281148018,21.762244819346265,0.2975093889970529,0.2436371203220725,0.1254013915929355,0.0959133913485537,0.7845635070235256
ENSG00000204767,add_gc_removed_a1.0,2.0,46.00600600600601,38.01801801801802,33.373493975903614,300.6,8.986132572652116,23.753889658389763,0.2748919803600654,0.2419535214457959,0.1237941036541212,0.1044537753652289,0.8965693069192013
ENSG00000204767,add_own,2.0,61.68168168168169,45.1051051051051,63.795180722891565,306.0,9.010459782695616,25.306281774540217,0.2630797262175973,0.241458165745481,0.1241797745860903,0.1111734613883737,0.9721984886586864
ENSG00000204767,random_a1.0,2.0,44.92492492492492,38.4984984984985,36.20481927710844,295.8,7.452670591681205,25.006195374236107,0.2294045560823644,0.2437846255355251,0.1020641601768497,0.1102389317989092,1.127299271381115
ENSG00000204767,unsteered,2.0,51.95195195195195,43.06306306306307,45.72289156626506,303.6,7.981490309837828,25.030870784095463,0.2411543785702554,0.2415375442510955,0.1100855442516615,0.1099981936362933,1.042448493293341
ENSG00000204859,add_a0.5,2.0,70.45045045045046,48.768768768768766,92.10843373493977,313.4,7.596142898138116,24.632119623429475,0.2375837878691973,0.2366196213972951,0.1069623721422146,0.1075654934938129,1.0347581418938556
ENSG00000204859,add_a1.0,2.0,77.29729729729729,54.5945945945946,98.79518072289156,315.4,8.10969248293097,24.652712196678245,0.2480109877917527,0.236110571306272,0.1144682522767273,0.1075632107423725,0.9771080514006562
ENSG00000204859,add_a2.0,2.0,81.32132132132132,56.27627627627628,98.9156626506024,313.0,8.178736750733112,28.0526663859521,0.2258038878534371,0.2373526258284808,0.114906978423812,0.122592477838947,1.0687471940995714
ENSG00000204859,add_a3.0,2.0,83.54354354354355,60.9009009009009,98.25301204819276,312.8,8.12041424664245,27.62877058715636,0.2267856772286488,0.2367843125445898,0.1143737014769133,0.1206638932725705,1.070118720969933
ENSG00000204859,add_a4.0,2.0,81.14114114114113,71.05105105105105,95.5421686746988,313.6,9.380668811820488,26.33166703051517,0.2604783084591305,0.2368797199916041,0.1319998818451673,0.1150312930672983,0.9105031296512532
ENSG00000204859,add_gc_removed_a1.0,2.0,56.63663663663664,48.22822822822823,78.55421686746988,307.2,7.985662371207011,26.0651292244709,0.2337984299858813,0.2357615401137177,0.1132114411875377,0.1136895516350368,1.0706693378719263
ENSG00000204859,add_own,2.0,69.7897897897898,47.38738738738739,98.01204819277108,316.4,8.41524839591933,24.96633283283592,0.251219872110182,0.2358430216390963,0.1189364019155364,0.1089101338040213,0.9307053300642878
ENSG00000204859,random_a1.0,2.0,64.14414414414414,45.28528528528528,86.26506024096386,309.2,8.486104240778305,25.47204688170003,0.2494561983814932,0.2353847284156805,0.1202002236361333,0.1110531746664605,0.9825684011845874
ENSG00000204859,unsteered,2.0,72.43243243243242,49.18918918918919,96.26506024096383,310.8,8.193969324510837,26.45217415199621,0.2369122070341582,0.234581016149343,0.116495230251997,0.115187642500495,1.0123369647818723
ENSG00000204923,add_a0.5,2.5,38.9937106918239,43.17460317460317,50.15873015873016,96.0,15.6858393089643,21.1970379705314,0.4169077255726975,0.1929009063453646,0.2708267568847893,0.087527743228426,0.3506379864189089
ENSG00000204923,add_a1.0,2.5,49.21383647798742,44.12698412698413,68.73015873015873,97.5,10.951191368071164,20.64399967277205,0.3471840251252016,0.1956350973024746,0.186871903342775,0.0855633319326106,0.472850336274857
ENSG00000204923,add_a2.0,2.5,59.90566037735849,46.98412698412699,82.53968253968254,98.33333333333331,7.947125843464533,21.70431359829155,0.2628665270822133,0.1966399053894182,0.1354738098562805,0.0900465886593132,0.9622697395416888
ENSG00000204923,add_a3.0,2.5,62.10691823899371,53.17460317460317,87.3015873015873,95.66666666666669,9.681620841149414,23.77721415142617,0.291765873015873,0.19508818408921,0.1652067619681604,0.0984551461481003,0.7311880401986762
ENSG00000204923,add_a4.0,2.5,76.72955974842768,66.03174603174604,91.1111111111111,98.5,5.7693130282416005,20.787638287638288,0.2152029296706958,0.1951404874519955,0.0989460770877968,0.0861190094957699,1.1969176943654316
ENSG00000204923,add_gc_removed_a1.0,2.5,40.56603773584906,40.63492063492063,49.20634920634921,97.0,13.732897254275978,22.941379686892542,0.3625800747893771,0.1950741200604658,0.2348139648222178,0.0949909644219852,0.5781592535195073
ENSG00000204923,add_own,2.5,36.94968553459119,44.285714285714285,45.23809523809524,99.16666666666669,18.597323911222844,17.826747309920915,0.4890452743713613,0.1937852665652804,0.3201782156383559,0.0736983041421157,0.3166258654175109
ENSG00000204923,random_a1.0,2.5,42.45283018867924,42.85714285714285,52.38095238095238,97.66666666666669,15.441299182821156,22.345408552882777,0.3976911976911977,0.196189188995114,0.2639668061309834,0.0926802166495952,0.4046168730138202
ENSG00000204923,unsteered,2.5,35.062893081761004,43.96825396825397,38.25396825396825,97.83333333333331,15.64227173478993,19.29348285500425,0.4435619509632667,0.1957849389802357,0.2667104526747599,0.0799965562574974,0.3626290520560453
ENSG00000205177,add_a0.5,2.0,69.75206611570249,50.16666666666667,94.33333333333331,112.6,8.541117212914058,27.18367204169436,0.2379853479853479,0.2714016657533394,0.1048699397257903,0.1243759530911498,1.4225126959177978
ENSG00000205177,add_a1.0,2.0,75.70247933884298,51.16666666666667,98.83333333333334,111.2,10.040308636963667,26.820549135642096,0.2710417673896493,0.2712776112242072,0.1239106281518883,0.1227244453123801,1.0636717553661872
ENSG00000205177,add_a2.0,2.0,71.07438016528926,54.333333333333336,97.5,113.0,7.970470991065956,27.42418807407366,0.22585399097027,0.2717671988610203,0.097722660808923,0.1255062412435961,1.316104478533924
ENSG00000205177,add_a3.0,2.0,81.65289256198348,60.0,98.33333333333334,113.0,7.101267416484808,26.40707011359185,0.210369714586438,0.2741562214388301,0.0863077877917677,0.1212874313991449,1.6925203697587965
ENSG00000205177,add_a4.0,2.0,82.97520661157026,64.33333333333333,92.16666666666666,113.0,6.370716314824373,29.03414359865221,0.1806013244201738,0.2745254336777392,0.0773160015628168,0.1333761527056607,1.8022770697535395
ENSG00000205177,add_gc_removed_a1.0,2.0,58.67768595041322,56.66666666666667,78.66666666666667,112.6,10.103900870407465,22.38406545557261,0.3149384961884962,0.2701945358221067,0.1246104762422604,0.1022178284841265,0.8989597101165874
ENSG00000205177,add_own,2.0,72.06611570247934,47.833333333333336,94.66666666666669,111.2,8.5872973699617,25.01866048695665,0.2591909505078726,0.2738596824353594,0.1046827040378845,0.1148461376327974,1.1302233547053708
ENSG00000205177,random_a1.0,2.0,65.9504132231405,50.5,91.0,113.0,9.208581634575438,25.63626545113352,0.262859391002423,0.2717750600924291,0.1129952631633491,0.1173580437365963,1.0717966993748709
ENSG00000205177,unsteered,2.0,75.20661157024793,56.0,89.66666666666666,114.0,7.702130637887026,26.03161866409702,0.2397252133811513,0.270367831727173,0.0950617194485388,0.1188691640068157,1.4366545261950212
ENSG00000205730,add_a0.5,2.0,81.50150150150151,79.93993993993993,75.96385542168676,311.2,7.259505243108757,32.512174627575206,0.1806963645673323,0.2839849607330495,0.0852074890325741,0.1513456256304477,1.983351099044291
ENSG00000205730,add_a1.0,2.0,75.01501501501501,57.89789789789789,96.6867469879518,312.4,8.50454107999867,30.54514266556641,0.2165277533209639,0.2841206226984729,0.099804488127719,0.1422263371584649,1.575217316750671
ENSG00000205730,add_a2.0,2.0,77.95795795795796,58.85885885885885,97.83132530120484,313.2,8.036741730107334,31.43699127715053,0.2040707729695997,0.2857943731663764,0.0937590653452935,0.1467164013437921,1.6184308187934937
ENSG00000205730,add_a3.0,2.0,80.96096096096096,62.94294294294294,96.92771084337348,309.6,8.146519210732947,32.30626254804242,0.2005568004613997,0.2835191256630639,0.095754961920853,0.1502982482147987,1.6059885731275263
ENSG00000205730,add_a4.0,2.0,86.48648648648648,81.38138138138137,93.79518072289156,313.6,7.32328776864532,32.71736546721979,0.1818891480784064,0.2845640608268954,0.0856892756903549,0.1524553482800612,1.901568406480282
ENSG00000205730,add_gc_removed_a1.0,2.0,55.07507507507508,46.42642642642643,74.03614457831324,308.8,7.442636961287692,25.447214692972565,0.2261898463837137,0.2848987115807309,0.0871022142673782,0.1186352058019355,1.3887907193245972
ENSG00000205730,add_own,2.0,88.28828828828829,73.69369369369369,82.7710843373494,310.8,7.402493005386896,33.65714671180909,0.1793691280862292,0.2857202134533326,0.0863665353554773,0.157074680391106,1.888334819620475
ENSG00000205730,random_a1.0,2.0,74.5945945945946,62.64264264264265,84.03614457831324,318.0,7.561903533632242,27.785301412530355,0.2220158850032622,0.284431153177875,0.0886138455123365,0.1294648411773957,1.524640261190128
ENSG00000205730,unsteered,2.0,67.32732732732732,56.27627627627628,86.92771084337349,309.8,7.193719433383495,29.49480248028313,0.1924078925917573,0.2855046583488999,0.08379618921435,0.1376041168538095,1.8559074087542853
ENSG00000213024,add_a0.5,2.0,52.97297297297298,58.4984984984985,53.493975903614455,303.2,13.226128494416628,21.103170754028287,0.3818227512215036,0.292266906472109,0.1507259688727107,0.0993961194425532,0.6839520369774716
ENSG00000213024,add_a1.0,2.0,64.38438438438439,79.39939939939941,76.62650602409639,309.0,14.512597924646093,23.153110794171,0.3864834434693688,0.2916207713409128,0.1659099886663257,0.1089475760577412,0.6602588700309567
ENSG00000213024,add_a2.0,2.0,76.03603603603604,73.15315315315316,91.20481927710844,311.4,12.412097278437717,21.32594996974016,0.3665795250138891,0.2915782026935827,0.1419485062033326,0.1003460359203887,0.7213710710853554
ENSG00000213024,add_a3.0,2.0,79.27927927927928,80.12012012012012,87.59036144578313,310.6,11.202647856006568,20.523690094258825,0.3527619583390325,0.2919868716408972,0.1279023811342458,0.0966294800470307,0.7617437347814041
ENSG00000213024,add_a4.0,2.0,87.56756756756758,86.54654654654655,91.50602409638554,314.2,11.022549777268386,21.056548656805106,0.3454112634102439,0.2906808091958298,0.1264544853443921,0.0989668656069411,0.8306687503560524
ENSG00000213024,add_gc_removed_a1.0,2.0,48.22822822822823,67.14714714714714,27.168674698795183,306.0,13.925590121845708,19.93415868213121,0.4127501755433411,0.291431604244753,0.1591303892994072,0.0937546978171261,0.6170709943637306
ENSG00000213024,add_own,2.0,63.60360360360361,73.69369369369369,82.5301204819277,309.2,12.978841989631542,23.05015733522421,0.3572713295351589,0.2911078983251395,0.148514004397976,0.1084005000282506,0.7856622534538463
ENSG00000213024,random_a1.0,2.0,53.45345345345345,75.97597597597597,38.493975903614455,311.4,14.189003534144511,21.385926225034137,0.3967978634739347,0.2910865641036139,0.1624290227632,0.1005565804018569,0.6390911839902261
ENSG00000213024,unsteered,2.0,44.02402402402402,58.85885885885885,35.24096385542168,300.6,13.083498136268044,19.06921508487268,0.4026934691986069,0.2897858487201694,0.1504713288908646,0.089516624952048,0.6373182587744324
ENSG00000213563,add_a0.5,2.0,69.41176470588235,60.47337278106509,90.76923076923076,158.4,6.223851822210529,29.411286836868346,0.1771263752601843,0.2745925104690633,0.0754526573090196,0.1351333428063021,3.348195672878757
ENSG00000213563,add_a1.0,2.0,75.05882352941177,59.28994082840237,90.29585798816568,157.6,6.852374425542207,31.60283802305894,0.1801517189703937,0.272129502718876,0.0837921442083009,0.1446628756748134,1.8361617228633145
ENSG00000213563,add_a2.0,2.0,78.0,60.0,93.37278106508876,157.4,8.748287068781764,29.992022799705182,0.2240530303030302,0.2734644743686649,0.1066085558535988,0.1375996125962547,1.3817395544097946
ENSG00000213563,add_a3.0,2.0,74.0,56.92307692307692,91.36094674556212,159.4,7.200769777535806,29.98195912667806,0.189746498889051,0.2716867890984308,0.0885291118136947,0.1371925585101159,1.8767776167707653
ENSG00000213563,add_a4.0,2.0,80.70588235294117,57.51479289940828,93.37278106508876,158.8,8.04529312746396,30.03566383895393,0.2163875811199755,0.2706367140549293,0.0990410132740835,0.1372890618881194,1.7387804464633034
ENSG00000213563,add_gc_removed_a1.0,2.0,61.05882352941177,56.33136094674556,80.23668639053254,156.0,8.193906634424408,26.15543192510524,0.2418455335737133,0.2710878660108163,0.100730372769486,0.119647740013364,1.347753504957255
ENSG00000213563,add_own,2.0,79.52941176470588,55.50295857988166,95.02958579881656,158.0,6.328610013706362,30.511841893090377,0.1761994834796009,0.2749806610407873,0.0767169728848452,0.1402662042813438,1.893842313541819
ENSG00000213563,random_a1.0,2.0,60.30281935259311,53.49112426035502,86.27218934911244,158.8,6.041009871825492,26.44812315898416,0.175161845214084,0.2732885850383459,0.0735676892376873,0.1213179659611739,2.1160335574823166
ENSG00000213563,unsteered,2.0,71.05882352941175,53.13609467455622,90.05917159763314,156.6,8.668311851602422,29.64234880977035,0.2261068443165809,0.2738758649472848,0.105426319712034,0.1360746655939727,1.374327025861128
ENSG00000215906,add_a0.5,2.0,67.8078078078078,62.46246246246246,76.92771084337349,306.8,9.51736374811561,27.57299309907122,0.2567860787379504,0.2617856915696914,0.1211190520854314,0.1245082195363391,1.0732472811375728
ENSG00000215906,add_a1.0,2.0,71.8918918918919,67.38738738738739,83.9156626506024,311.4,6.93544464250149,26.581465427644787,0.2095749408870076,0.2609068035455586,0.0885428439789306,0.1198703650607367,1.3994500312800735
ENSG00000215906,add_a2.0,2.0,79.63963963963964,61.5015015015015,94.75903614457832,314.4,7.883846894353605,28.644637366121533,0.2164942528735632,0.2582044420183294,0.1018369261673301,0.128732401665129,1.308169127590705
ENSG00000215906,add_a3.0,2.0,81.2012012012012,68.4084084084084,88.37349397590361,307.2,8.151404935429456,28.69427676692161,0.2216448182195189,0.2594832976551425,0.1047122933455253,0.1291607413255956,1.3175935460528925
ENSG00000215906,add_a4.0,2.0,87.56756756756756,82.10210210210211,91.26506024096386,313.2,7.480014231588629,27.870417989970992,0.2117874852123134,0.2601887154381936,0.095820502642078,0.1255944698938475,1.3583362105114989
ENSG00000215906,add_gc_removed_a1.0,2.0,62.97930460581063,47.98798798798799,61.56626506024096,304.4,8.013057413160107,28.80687691948907,0.2213683597728215,0.2611411393744628,0.1022744834886738,0.1299773413956373,1.314558672811852
ENSG00000215906,add_own,2.0,72.67267267267268,65.58558558558558,84.1566265060241,310.2,8.129029694419112,28.47508286122001,0.2238042258388648,0.259814572888084,0.1044561868605256,0.1282711807185964,1.3699451305913226
ENSG00000215906,random_a1.0,2.0,62.01436376135172,55.1951951951952,69.27710843373494,306.0,8.118019240917851,26.256209501494745,0.2367828728664084,0.2595792963604291,0.1043046428372674,0.1182083684956189,1.2393690790574905
ENSG00000215906,unsteered,2.0,60.36036036036037,56.11599551358588,71.08433734939759,306.6,7.631236996459846,27.351027201688577,0.2186192347247188,0.259973462744623,0.0978192912989384,0.1231763454506467,1.2760184245708883
ENSG00000217930,add_a0.5,3.0,64.88095238095238,38.94736842105264,68.42105263157895,94.85714285714286,38.99536074228123,8.584226523756199,0.8179403009424845,0.2329333973230952,0.5581152515825878,0.0373032004129565,0.0678821187778973
ENSG00000217930,add_a1.0,3.0,68.75,40.6015037593985,82.40601503759399,95.0,38.19548872180451,7.969924812030074,0.8281741084365687,0.2327485380116961,0.5470208183776019,0.0346254355400697,0.0631056217409916
ENSG00000217930,add_a2.0,3.0,69.94047619047619,44.9624060150376,91.57894736842104,93.85714285714286,32.50753695833787,9.206167592895282,0.7776160074581882,0.232171814399122,0.4668463016883736,0.0399597028974175,0.0988235616712765
ENSG00000217930,add_a3.0,3.0,72.91666666666667,47.96992481203007,93.83458646616542,90.14285714285714,17.88508891098046,20.939738567277125,0.4616613277327563,0.2322737320672745,0.2567760535820805,0.0909377867243897,0.3674997225257259
ENSG00000217930,add_a4.0,3.0,75.5670426065163,52.93233082706767,94.73684210526316,91.85714285714286,15.667904173320306,19.74786827340573,0.4395013149064133,0.2334709251043762,0.2237701100811839,0.0858608512888093,0.5106937176756472
ENSG00000217930,add_gc_removed_a1.0,3.0,66.36904761904762,39.84962406015037,69.47368421052632,93.14285714285714,33.62329906002918,10.871383810913484,0.7383936694656335,0.2333209402544978,0.4806661280221191,0.0472874961558558,0.1290118271966572
ENSG00000217930,add_own,3.0,65.77380952380952,39.3984962406015,81.05263157894737,95.0,39.097744360902254,6.917293233082707,0.8494796603223999,0.2327485380116961,0.5599425699928208,0.0300522648083623,0.054301355749926
ENSG00000217930,random_a1.0,3.0,65.32738095238095,40.15037593984962,70.37593984962406,94.28571428571428,37.00705469542455,8.500160853384338,0.802417940930276,0.2329994966373148,0.5294839032769519,0.0369380413170222,0.0808271095712837
ENSG00000217930,unsteered,3.0,65.17857142857143,38.49624060150376,69.92481203007519,95.0,40.90225563909775,6.7669172932330826,0.8582361908040114,0.2327485380116961,0.5857860732232586,0.0293989547038327,0.0505782287035153
ENSG00000223802,add_a0.5,2.0,74.38485804416403,63.35443037974684,85.0632911392405,293.8,6.537545910527291,29.47834336360554,0.181446789203617,0.2322930063360109,0.0938638871582549,0.1279897982220527,1.382339993091605
ENSG00000223802,add_a1.0,2.0,75.83596214511041,69.1139240506329,86.0126582278481,294.4,6.343138583005143,28.23568270708732,0.1842578934530901,0.2333902256079824,0.0905705893120978,0.1227693911560049,1.628999821021021
ENSG00000223802,add_a2.0,2.0,85.99369085173501,71.70886075949367,97.72151898734175,297.4,5.202759887243816,29.120581302854465,0.14840174531351,0.2332257711393753,0.0741977012821453,0.126601312033184,2.0658282489689657
ENSG00000223802,add_a3.0,2.0,86.05678233438485,79.62025316455697,93.0379746835443,299.2,5.2202637999010815,26.557873857130573,0.1638342802708678,0.2337508932249257,0.0744201341681621,0.1155543244901756,1.581816675399866
ENSG00000223802,add_a4.0,2.0,87.63406940063092,83.10126582278481,91.64556962025316,301.0,4.915119684876546,26.906793320319,0.1555497037524687,0.2340257711602067,0.0700501519927467,0.1171021471712145,1.807466534315198
ENSG00000223802,add_gc_removed_a1.0,2.0,70.59936908517349,58.670886075949376,73.22784810126582,290.6,7.154245870382065,28.299639626680538,0.204718688866538,0.233560151877212,0.1017206477405923,0.1230444874386002,1.430933758051147
ENSG00000223802,add_own,2.0,87.25552050473186,78.48101265822785,92.9113924050633,300.4,5.338949184131102,25.67499649421802,0.1722213665434489,0.2328876877653555,0.0763752249314653,0.1115802354846731,1.4750731969381448
ENSG00000223802,random_a1.0,2.0,68.51735015772871,60.69620253164557,72.65822784810126,293.8,6.176024571404807,29.318751634038684,0.1741306529076194,0.2328753884759385,0.0886555054773154,0.1274370010054428,1.7876873133320388
ENSG00000223802,unsteered,2.0,60.69400630914826,58.48101265822785,68.54430379746836,292.0,6.79932213575758,26.50331631880123,0.2028707038200634,0.2328046841583209,0.0972796010901212,0.115149936449097,1.2342673900300416
ENSG00000235118,add_a0.5,2.0,59.46308724832216,55.13513513513514,68.64864864864865,136.8,7.181097357972368,27.05627372170745,0.2093660850232871,0.2379304398901627,0.1007667438018226,0.1183255709108793,1.1966215747201123
ENSG00000235118,add_a1.0,2.0,66.1744966442953,58.91891891891892,71.75675675675676,137.8,5.685760294455947,26.109500805152983,0.1789823831085576,0.2401339365590574,0.0788068236276553,0.1145042849397203,1.7259717285856229
ENSG00000235118,add_a2.0,2.0,77.4496644295302,64.86486486486487,80.4054054054054,137.2,6.72197993004554,28.03410915096164,0.1933745355553103,0.2390918551046516,0.0936511024303508,0.1228039091029125,1.3282143348736617
ENSG00000235118,add_a3.0,2.0,74.76510067114093,67.16216216216216,84.86486486486487,137.8,4.374634960367126,27.857553423260555,0.1344575339824544,0.2395077437331644,0.0607996777908581,0.1220985467058368,2.1639031353161657
ENSG00000235118,add_a4.0,2.0,81.20805369127517,79.86486486486487,86.62162162162163,137.6,7.418345694355177,26.75660343477283,0.2171925907774964,0.2409503768360901,0.1026041822106656,0.1175150900281165,1.1466641790922836
ENSG00000235118,add_gc_removed_a1.0,2.0,60.536912751677846,44.86486486486486,62.70270270270271,132.6,6.645104929837172,29.476466909390883,0.1820019618566455,0.236287482831023,0.0937854877670411,0.1286527442762249,1.4310322681143663
ENSG00000235118,add_own,2.0,53.42281879194631,46.62162162162162,69.5945945945946,137.4,7.275697565614886,24.29073031553436,0.23437507619273,0.2383904390346998,0.1018316056514815,0.1063486282664571,1.1326821209251043
ENSG00000235118,random_a1.0,2.0,59.194630872483216,53.91891891891892,63.78378378378378,135.6,6.515254279040929,22.68101874699376,0.2254365911467776,0.2371929841729322,0.09141216113264,0.0990526051491094,1.3080390760423977
ENSG00000235118,unsteered,2.0,52.88590604026846,56.62162162162163,59.32432432432432,134.4,7.440869425647159,27.5383745080988,0.210462440295267,0.240879017936464,0.1027051495896477,0.1208850921985681,1.349440948639222
ENSG00000248098,add_a0.5,2.0,64.56456456456456,60.24024024024023,70.90361445783132,303.6,8.193122966964859,29.466236726837018,0.2196213180430822,0.2292916205291822,0.1188998925825258,0.1274000886442126,1.1097792557005055
ENSG00000248098,add_a1.0,2.0,68.16816816816818,58.4984984984985,87.16867469879517,311.8,7.197628474602891,28.35494612913968,0.2029355415030912,0.2285523286913725,0.105067902523238,0.122517675256954,1.2280640946630548
ENSG00000248098,add_a2.0,2.0,82.64264264264264,76.75675675675676,76.80722891566265,316.0,7.16747599550951,27.133104120524003,0.2107536135747822,0.2299058857620216,0.1038202627613412,0.117472225594505,1.1661236902023615
ENSG00000248098,add_a3.0,2.0,84.68468468468468,75.73573573573574,94.63855421686746,318.6,6.824085705230253,26.974294347248424,0.2028029924431723,0.2287135986992425,0.0996744879299259,0.1165822289820625,1.3331102950926086
ENSG00000248098,add_a4.0,2.0,84.98498498498499,72.79279279279278,95.48192771084338,311.6,5.133879714499431,31.76486349860953,0.140172068197309,0.2297002842727561,0.0744940178669577,0.1374552364253168,1.8597036424897389
ENSG00000248098,add_gc_removed_a1.0,2.0,52.67267267267268,45.825825825825824,50.18072289156627,299.0,8.105274033949339,26.574828133262827,0.2351282552599773,0.2302369836344369,0.1173169532231417,0.1150745754087973,1.0123684685388228
ENSG00000248098,add_own,2.0,71.83183183183183,62.94294294294294,80.54216867469879,312.0,5.573519365588821,30.316521132685622,0.1564141847967421,0.227915903305207,0.0815087184941082,0.1309014240645325,1.6618148426427166
ENSG00000248098,random_a1.0,2.0,57.777777777777786,53.27327327327328,61.44578313253012,309.0,13.741297655985305,18.690745134500425,0.4140749527075164,0.2288004907518039,0.2001859843270144,0.080796356460338,0.5912036152596322
ENSG00000248098,unsteered,2.0,51.95195195195195,42.34234234234234,62.24420339970153,311.4,11.872667120080418,19.4970277732276,0.3886719886307571,0.2311947794212331,0.1718876194567934,0.0845758933255953,0.6930417632160352
ENSG00000248487,add_a0.5,2.0,61.1214953271028,59.906103286384976,73.42723004694835,196.8,11.668281338874404,23.72172754350528,0.3284899506026266,0.2756294348509357,0.1410416408865674,0.1091517570730562,0.8777279934294399
ENSG00000248487,add_a1.0,2.0,65.60747663551402,63.00469483568075,73.89671361502347,196.6,12.20564883509046,24.213458284524272,0.3340796506845432,0.2743286042778428,0.1482629951486492,0.1112325489152685,0.7595328355824063
ENSG00000248487,add_a2.0,2.0,76.44859813084113,75.962441314554,87.51173708920189,201.6,11.729187795912994,20.96291884878364,0.3571190429701852,0.2750399631260035,0.1420838531349252,0.0963934949781617,0.6890089505623957
ENSG00000248487,add_a3.0,2.0,82.80373831775701,71.83098591549296,93.52112676056338,202.2,10.48590926104812,19.6337653902999,0.3492060352310482,0.2754026168514946,0.1270872479281291,0.0903097639492964,0.7632192169431338
ENSG00000248487,add_a4.0,2.0,82.99065420560747,74.17840375586854,92.76995305164318,203.4,11.28690806412619,23.72614128387808,0.321202259925086,0.2751018773238172,0.1368088143153026,0.1091084700518647,0.8730978999029306
ENSG00000248487,add_gc_removed_a1.0,2.0,61.77570093457943,47.51173708920188,67.41784037558685,199.6,14.889772448075536,21.459450321364443,0.39142522931679,0.2769496180891255,0.1796483988627993,0.098957050529721,0.7365061488304313
ENSG00000248487,add_own,2.0,65.04672897196262,48.45070422535211,76.52582159624413,205.8,20.7778759885082,18.99669943160062,0.5078794701489737,0.2746706628625612,0.252082434169377,0.0872813569516014,0.5904855139610338
ENSG00000248487,random_a1.0,2.0,65.23364485981308,54.55399061032864,70.42253521126761,202.2,18.24914317792652,19.87311766727507,0.4638180700992005,0.2749748635961565,0.2211605144626575,0.0913735927133642,0.6056304902953255
ENSG00000248487,unsteered,2.0,63.55140186915888,57.93427230046948,71.83098591549296,199.2,14.540606332707602,20.509074303695925,0.4049659581967465,0.2752462489384671,0.1763085989851081,0.0943488471501206,0.6594632145073025
ENSG00000255072,add_a0.5,5.0,36.14718614718615,42.12860310421286,59.645232815964526,41.0,30.15521064301552,10.864745011086477,0.7343806820974005,0.2357723577235772,0.426332288401254,0.0473887814313346,0.1134147606101184
ENSG00000255072,add_a1.0,5.0,40.47619047619048,40.354767184035474,68.29268292682927,40.81818181818182,28.41548695207232,16.089601455455114,0.6298504728845287,0.2358355285184553,0.4017071420478151,0.0701882271428158,0.2419762940563194
ENSG00000255072,add_a2.0,5.0,44.37229437229437,43.90243902439025,83.5920177383592,40.72727272727273,18.903007561544147,20.170276877593952,0.4826054664289959,0.2353547987694328,0.2675117145260123,0.0879051946131512,0.4800393503340915
ENSG00000255072,add_a3.0,5.0,49.78354978354978,47.89356984478936,84.92239467849224,40.36363636363637,14.36096423901302,20.30146682585707,0.3919022154316272,0.2352091900872388,0.2036262308433592,0.0884817384321339,0.6184838261220403
ENSG00000255072,add_a4.0,5.0,58.22510822510822,48.55875831485587,80.70953436807095,39.27272727272727,11.952912655736789,26.64628161739844,0.3128577187893259,0.2371318569542788,0.1679604690741219,0.1164504622420416,1.0992264125005833
ENSG00000255072,add_gc_removed_a1.0,5.0,38.095238095238095,40.79822616407982,58.53658536585365,40.81818181818182,31.54244129853886,13.394735345954858,0.6939817836102665,0.2358355285184553,0.4458964384182499,0.0584312480152429,0.1526358234757726
ENSG00000255072,add_own,5.0,37.87878787878788,43.68070953436807,58.09312638580931,40.81818181818182,28.193757462050144,14.12814827448974,0.6671008511143608,0.2360945287774555,0.3984549932825795,0.0616890878664725,0.2466859793061083
ENSG00000255072,random_a1.0,5.0,37.66233766233766,43.23725055432372,50.55432372505543,40.45454545454545,30.578344419807834,13.14239960581424,0.6878287347327595,0.2368440502586843,0.4311961984375778,0.0574316502469447,0.2234780284213678
ENSG00000255072,unsteered,5.0,39.61038961038961,42.12860310421286,50.55432372505543,40.0,30.475250816014032,12.179208351457156,0.6980405559352928,0.2378839548871057,0.429206860241343,0.05333228576506,0.1583328967882145
ENSG00000256061,add_a0.5,2.0,66.66666666666667,46.48648648648648,77.46987951807229,311.0,8.081447092859435,22.083169294683607,0.2651313721974252,0.2060335690482264,0.1310226259305222,0.0927239921645017,0.7714021586554347
ENSG00000256061,add_a1.0,2.0,63.24324324324325,62.76276276276276,73.73493975903615,310.6,9.632333019264312,22.980599978031623,0.2973320781060264,0.205833022147891,0.1561005748328203,0.0964610364363665,0.6903447643994116
ENSG00000256061,add_a2.0,2.0,78.37837837837837,55.7957957957958,90.36144578313252,315.2,7.701539312396109,22.856818261775192,0.2504664027070849,0.2058730466324127,0.1246110973226353,0.0959495746084073,0.7977952424113576
ENSG00000256061,add_a3.0,2.0,80.42042042042041,61.08108108108108,91.80722891566263,314.2,9.0418280656033,19.727351547554782,0.3146263578898883,0.2058882183471845,0.1463563243006478,0.0828071268713847,0.572679112024743
ENSG00000256061,add_a4.0,2.0,84.38438438438439,74.53453453453453,90.60240963855422,319.2,7.400939121966036,18.118428472184387,0.2859121800803563,0.2050126797962085,0.1203998714944412,0.0759611263328478,0.6584707482447414
ENSG00000256061,add_gc_removed_a1.0,2.0,49.009009009009006,33.333333333333336,55.8433734939759,309.0,10.627622754482612,22.85085762098908,0.3076115853435441,0.2051867259236114,0.172713652645801,0.0958472216516299,0.8564588421556024
ENSG00000256061,add_own,2.0,69.36936936936937,50.63063063063063,87.2289156626506,308.6,9.442365539311783,23.896277603948032,0.2862366731701936,0.2046286374024324,0.1537612393865955,0.1001065841370288,0.6723412373750665
ENSG00000256061,random_a1.0,2.0,53.09309309309309,45.585585585585584,56.74698795180723,307.4,6.708777699368545,22.740570767684527,0.2275201344749061,0.2047199952670804,0.1093211059303636,0.0953249771245818,0.9398668300796222
ENSG00000256061,unsteered,2.0,50.330330330330334,51.59159159159159,56.62650602409639,298.6,10.709800903245185,22.84588525026908,0.3137601374732221,0.2042124861908802,0.1754887894749169,0.0956609752427391,0.5831302666315105
ENSG00000262919,add_a0.5,2.0,66.0377358490566,55.26066350710901,87.67772511848342,198.8,23.59738102196692,15.166180090252029,0.5862870892589851,0.2264543218834248,0.3483324555882905,0.0654107602142696,0.3740596361669252
ENSG00000262919,add_a1.0,2.0,68.0188679245283,57.81990521327015,87.77251184834122,204.8,21.1544789076064,17.388620900004693,0.4767993378920269,0.2245927559580599,0.313232695656413,0.0747257742374354,0.6814890577180442
ENSG00000262919,add_a2.0,2.0,78.20754716981132,60.66350710900474,94.12322274881517,201.0,14.55929597758468,18.93677120500301,0.4080243263969949,0.2256498070363481,0.2151806455865999,0.0815253963587253,0.6075694483228791
ENSG00000262919,add_a3.0,2.0,83.67924528301887,80.37914691943129,91.09004739336493,198.2,8.775662650521758,21.214456288132965,0.2921999498086454,0.2252362737849408,0.1299340189945425,0.0912553524347611,0.7188762926850677
ENSG00000262919,add_a4.0,2.0,81.88679245283019,60.85308056872039,96.87203791469194,199.8,9.940272939809423,20.835745334036964,0.3192349326827505,0.2267803913212621,0.1460420354746122,0.089813150080477,0.6546635801976007
ENSG00000262919,add_gc_removed_a1.0,2.0,60.75471698113207,42.27488151658768,78.19905213270142,207.4,33.29027822115266,11.212337008570096,0.7094149313236409,0.2260164198773826,0.4920772617057844,0.0483332487798938,0.2573466669077982
ENSG00000262919,add_own,2.0,71.50943396226415,62.18009478672985,82.27488151658767,198.2,14.940516171558826,17.51990466089992,0.4105057968851072,0.2258017185771922,0.2208685954391825,0.0754528821376177,0.5826355367660396
ENSG00000262919,random_a1.0,2.0,63.301886792452834,39.24170616113744,73.45971563981043,207.2,33.12648104265403,11.71109794628752,0.7053390866018686,0.2252128313147267,0.4900183061952023,0.050372677739785,0.2286196135416964
ENSG00000262919,unsteered,2.0,59.33962264150944,83.88625592417061,70.99526066350711,195.8,6.027018678650969,25.42856678738999,0.1900239549371661,0.2247140527199629,0.0893162865688217,0.1093270130291133,1.2860261243505966
ENSG00000293543,add_a0.5,2.0,61.891891891891895,58.23129251700681,67.75510204081633,137.0,12.107335705175922,23.98822852757459,0.319587666557049,0.2363286900179876,0.1707122415523912,0.1047185726873081,0.9236258725063752
ENSG00000293543,add_a1.0,2.0,61.891891891891895,56.462585034013614,73.74149659863946,140.0,15.688302482108153,19.05046736651984,0.432805836386819,0.2375086623662337,0.2210159531588104,0.0833534917698158,0.5911311340982167
ENSG00000293543,add_a2.0,2.0,71.48648648648648,55.51020408163265,91.29251700680273,142.0,18.609400992307283,16.114811552333393,0.5243982923139832,0.2371463498469166,0.2622571872571874,0.0704551396755569,0.3772328840212622
ENSG00000293543,add_a3.0,2.0,75.13513513513513,73.06122448979592,77.82312925170069,136.8,9.065364087627945,25.748720625495203,0.2615487225193108,0.2368672516224654,0.1275947288853286,0.1124715982943456,0.8839784740865081
ENSG00000293543,add_a4.0,2.0,80.0,70.61224489795919,90.06802721088437,140.4,14.313095089002024,21.999804267368937,0.3840859329521797,0.2372770677684192,0.201823353814818,0.0962050269399411,0.6804591092123676
ENSG00000293543,add_gc_removed_a1.0,2.0,57.567567567567565,52.10884353741496,59.04761904761905,137.4,13.563800591735392,22.77039487840212,0.3619473150962513,0.2381158111618079,0.1904984456894685,0.0996771449331476,0.7582638508549728
ENSG00000293543,add_own,2.0,62.70270270270271,61.63265306122448,63.40136054421769,138.8,9.636394169312307,25.10165870682346,0.2684653519782325,0.2340652678725434,0.1371121223028282,0.1092252911597298,0.9173174036022428
ENSG00000293543,random_a1.0,2.0,66.8918918918919,60.0,67.48299319727892,137.6,15.775448197218386,22.71607254951224,0.3860599019350023,0.2354522869081807,0.223011314602723,0.0990134788007389,0.7355751851763511
ENSG00000293543,unsteered,2.0,55.0,52.6530612244898,57.95918367346938,133.4,8.847234215667084,22.82733916950352,0.2788066329184587,0.2387392412580756,0.123305438215243,0.0999540002891014,0.9290534092354232
