gene,condition,gc,gc3,jsd_plat,jsd_hum
ENSG00000003393,add_a0.5,58.279999999999994,67.62762762762762,0.2065143504704773,0.18277018469654394
ENSG00000003393,add_a1.0,61.4,71.8918918918919,0.19032179974251448,0.20080824741222783
ENSG00000003393,add_a1.0_L24,45.78,51.41141141141141,0.31532011707302365,0.16028753849161198
ENSG00000003393,add_a2.0,79.14,85.52552552552552,0.2468563254733167,0.41835056374028784
ENSG00000003393,add_a3.0,80.04,87.38738738738739,0.14639911718111906,0.38514348270239207
ENSG00000003393,add_a4.0,80.36,87.56756756756756,0.1822090865255271,0.4113420250602332
ENSG00000003393,add_gc_removed_a1.0,38.92,39.45945945945946,0.4008478062629381,0.12220264832548086
ENSG00000003393,add_own,70.7,80.96096096096096,0.1394213541721027,0.2889761183102194
ENSG00000003393,add_own_L24,45.480000000000004,49.249249249249246,0.34111122635385044,0.23415315431974384
ENSG00000003393,random_a1.0,47.0,47.567567567567565,0.35018565424845083,0.1343893485526512
ENSG00000003393,random_a1.0_L24,52.82000000000001,56.27627627627628,0.2753676385696964,0.14618721342164673
ENSG00000003393,unsteered,43.36,44.32432432432432,0.38805201010740936,0.15231345953127062
ENSG00000004534,add_a0.5,49.5,33.873873873873876,0.2368981371416389,0.21738368049107454
ENSG00000004534,add_a0.5_L24,44.46,36.21621621621622,0.2660988683056639,0.236218363003809
ENSG00000004534,add_a1.0,54.56,56.0960960960961,0.1760448684918709,0.20381403356439862
ENSG00000004534,add_a1.0_L24,48.8,41.68168168168168,0.22953407625472583,0.21017270000984042
ENSG00000004534,add_a2.0,82.74,84.38438438438439,0.3884217471420896,0.47407485157226936
ENSG00000004534,add_a2.0_L24,52.9,37.83783783783784,0.363347965884222,0.3507330261172824
ENSG00000004534,add_a3.0,86.6,87.8078078078078,0.4189917006349669,0.5030349431273015
ENSG00000004534,add_a3.0_L24,58.419999999999995,61.5015015015015,0.2118032314819836,0.2567997923001342
ENSG00000004534,add_a4.0,88.78,90.99099099099098,0.48620546127634184,0.5820337115558033
ENSG00000004534,add_a4.0_L24,62.839999999999996,67.92792792792793,0.3170418435245775,0.368610806677349
ENSG00000004534,add_gc_removed_a1.0,42.3,29.48948948948949,0.22915179518842765,0.18186080262974677
ENSG00000004534,add_own,56.220000000000006,42.64264264264264,0.23717323859049094,0.2459746340838727
ENSG00000004534,add_own_L24,48.07659318637275,43.96396396396396,0.27917561353807585,0.2656468962946045
ENSG00000004534,random_a1.0,34.86,22.7027027027027,0.37599042220925066,0.3484528900900907
ENSG00000004534,random_a1.0_L24,53.239999999999995,37.11711711711712,0.29782826707831744,0.28503856669331357
ENSG00000004534,unsteered,44.44,32.732732732732735,0.19212929165232312,0.15447490397505828
ENSG00000005175,add_a0.5,38.760000000000005,24.684684684684687,0.23368153740962833,0.21281983193460832
ENSG00000005175,add_a1.0,42.260000000000005,42.04204204204204,0.19739941403301492,0.20176516297134203
ENSG00000005175,add_a1.0_L24,34.0,20.48048048048048,0.19329378699245378,0.15802485112462333
ENSG00000005175,add_a2.0,56.08,62.46246246246246,0.2483493713427467,0.2881601150768936
ENSG00000005175,add_a3.0,72.52000000000001,78.49849849849849,0.36322137646887886,0.42138859131618156
ENSG00000005175,add_a4.0,85.24,87.62762762762763,0.5008991638354938,0.5424286090278285
ENSG00000005175,add_gc_removed_a1.0,32.78,23.543543543543542,0.20468632038052698,0.17183411880655103
ENSG00000005175,add_own,43.58,40.78078078078078,0.19827366070662994,0.20754858111900729
ENSG00000005175,add_own_L24,32.339999999999996,17.5975975975976,0.19924744479073025,0.15363444245501423
ENSG00000005175,random_a1.0,34.160000000000004,20.84084084084084,0.21276254428637253,0.17122306190008046
ENSG00000005175,random_a1.0_L24,28.82,13.813813813813814,0.2338816407745369,0.18940690221627154
ENSG00000005175,unsteered,31.46,19.93993993993994,0.2038766231680143,0.16501116809121855
ENSG00000007908,add_a0.5,56.160000000000004,69.42942942942943,0.10046465777352338,0.1033623029394826
ENSG00000007908,add_a1.0,61.36,79.3993993993994,0.18687441382871578,0.22956214096497746
ENSG00000007908,add_a1.0_L24,49.260000000000005,62.76276276276276,0.18909489065516133,0.17979661735990798
ENSG00000007908,add_a2.0,70.06,87.14714714714714,0.22412076080972762,0.2788011082099021
ENSG00000007908,add_a3.0,78.03999999999999,86.72672672672672,0.30689657471169224,0.37817830271253833
ENSG00000007908,add_a4.0,83.08,92.13213213213213,0.35834114127858285,0.4492488741724926
ENSG00000007908,add_gc_removed_a1.0,39.38,39.21921921921922,0.2105739610396557,0.17447227708577598
ENSG00000007908,add_own,50.44,60.12012012012012,0.1161883564702922,0.1063960272129415
ENSG00000007908,add_own_L24,57.82000000000001,70.27027027027027,0.09426148201730662,0.10328789042340428
ENSG00000007908,random_a1.0,53.64,64.92492492492492,0.08715371138291017,0.08066338454818628
ENSG00000007908,random_a1.0_L24,54.8,63.84384384384384,0.08970446768782195,0.08368456321981324
ENSG00000007908,unsteered,46.68,51.711711711711715,0.11484705358733374,0.08895441588512798
ENSG00000008952,add_a0.5,40.44,43.72372372372372,0.20700568859349638,0.17830162983720732
ENSG00000008952,add_a1.0,48.879999999999995,58.25825825825825,0.1428750883941062,0.1517593946187944
ENSG00000008952,add_a1.0_L24,41.260000000000005,39.87987987987988,0.18744905901286718,0.13621848089716115
ENSG00000008952,add_a2.0,57.46,63.78378378378378,0.22316018785817868,0.25828449497141603
ENSG00000008952,add_a3.0,74.82000000000001,86.96696696696696,0.2965137229648934,0.4205954635149789
ENSG00000008952,add_a4.0,82.74,90.09009009009009,0.3945278449984507,0.5141330954920418
ENSG00000008952,add_gc_removed_a1.0,33.980000000000004,30.69069069069069,0.21598701419927263,0.12260676557981261
ENSG00000008952,add_own,63.92,74.95495495495496,0.20322110498933577,0.28138797923959347
ENSG00000008952,add_own_L24,54.760000000000005,60.42042042042042,0.2590052294171453,0.25160300609082886
ENSG00000008952,random_a1.0,35.94,36.21621621621622,0.2268029625793157,0.14889865443950803
ENSG00000008952,random_a1.0_L24,30.360000000000003,29.849849849849853,0.29137843690903664,0.20372746363034766
ENSG00000008952,unsteered,48.38,56.27627627627628,0.19642853335518104,0.18206443703357927
ENSG00000010292,add_a0.5,45.160000000000004,53.273273273273276,0.33533257126297755,0.1958312888760101
ENSG00000010292,add_a1.0,46.54,40.18018018018018,0.3744806335560805,0.18593158875417481
ENSG00000010292,add_a1.0_L24,46.959999999999994,47.687687687687685,0.2744041850700886,0.10905527718732762
ENSG00000010292,add_a2.0,71.16,80.78078078078079,0.19999229923492817,0.2818913532632846
ENSG00000010292,add_a3.0,74.53999999999999,87.8078078078078,0.16011335807719462,0.3204598099876788
ENSG00000010292,add_a4.0,80.3,93.33333333333334,0.17537386690317314,0.3991494351919459
ENSG00000010292,add_gc_removed_a1.0,41.38,38.4984984984985,0.35208147443933296,0.11416802371468371
ENSG00000010292,add_own,48.18624624624624,56.15615615615616,0.25018293080692355,0.15548397833974406
ENSG00000010292,add_own_L24,47.32000000000001,50.030030030030034,0.3012504347116313,0.14757656731697616
ENSG00000010292,random_a1.0,41.38,40.66066066066066,0.35894749638682333,0.13717812152153752
ENSG00000010292,random_a1.0_L24,40.9,37.05705705705706,0.3799834254004275,0.13481281145377383
ENSG00000010292,unsteered,40.6,39.21921921921922,0.37005397419850905,0.15278666874731323
ENSG00000012171,add_a0.5,71.3,84.32432432432432,0.14102462641126529,0.14573258983161233
ENSG00000012171,add_a1.0,70.00674674674676,78.97897897897897,0.2236652405543193,0.2257448632990525
ENSG00000012171,add_a1.0_L24,73.82000000000001,81.86186186186185,0.17461370425401843,0.16771582841459062
ENSG00000012171,add_a2.0,83.0,91.05105105105105,0.2733031710965844,0.2590144573132804
ENSG00000012171,add_a3.0,85.78,90.93093093093094,0.3099027539777544,0.29576343383055026
ENSG00000012171,add_a4.0,85.8,92.25225225225225,0.2738526160575719,0.2605498743551007
ENSG00000012171,add_gc_removed_a1.0,61.42,72.01201201201201,0.15752176558465075,0.17245358720451084
ENSG00000012171,add_own,74.97999999999999,81.98198198198199,0.19403514919785342,0.18395391949849196
ENSG00000012171,add_own_L24,74.32000000000001,85.22522522522522,0.20592915085631058,0.20517709657364183
ENSG00000012171,random_a1.0,75.64,93.27327327327328,0.15304368537218077,0.15162747056499237
ENSG00000012171,random_a1.0_L24,72.03999999999999,75.25525525525526,0.17646202261599592,0.1829609156872416
ENSG00000012171,unsteered,70.52000000000001,82.46246246246247,0.1312265632207508,0.13274012684253758
ENSG00000012232,add_a0.5,75.26,93.81381381381382,0.10150822488803331,0.22717178754541917
ENSG00000012232,add_a1.0,71.34,97.77777777777777,0.11290295275168938,0.22778534071822087
ENSG00000012232,add_a1.0_L24,73.66,88.94894894894895,0.1840225448387075,0.24939573788004338
ENSG00000012232,add_a2.0,72.35365365365365,95.37537537537537,0.06867010527486446,0.20027469371037912
ENSG00000012232,add_a3.0,78.66,90.75075075075074,0.15965941651486365,0.2715297747556377
ENSG00000012232,add_a4.0,82.84,91.17117117117117,0.19244353209280118,0.3370537114900246
ENSG00000012232,add_gc_removed_a1.0,60.98,87.02702702702702,0.15618132024908907,0.12980590279477297
ENSG00000012232,add_own,71.58,98.43843843843844,0.06498384284972744,0.20013442494065034
ENSG00000012232,add_own_L24,75.17999999999999,92.85285285285286,0.08805314096042419,0.2168832484106586
ENSG00000012232,random_a1.0,65.35173173173173,80.36036036036036,0.16783936546800454,0.16824473402392234
ENSG00000012232,random_a1.0_L24,69.64,85.82582582582583,0.1367319487023136,0.18324627253321463
ENSG00000012232,unsteered,72.26,92.85285285285286,0.10628061997113383,0.19577555771797675
ENSG00000014138,add_a0.5,46.14,41.14114114114115,0.25369781572338046,0.15026048202254297
ENSG00000014138,add_a1.0,48.32,50.69069069069069,0.24202405161287138,0.19339248747902035
ENSG00000014138,add_a1.0_L24,44.2,40.96096096096096,0.22097071562357287,0.12963787978048474
ENSG00000014138,add_a2.0,69.38,88.34834834834835,0.1973129988600869,0.30393506546939864
ENSG00000014138,add_a3.0,74.53999999999999,85.82582582582583,0.22935910034112933,0.3293733346286784
ENSG00000014138,add_a4.0,86.16,93.3933933933934,0.3655154086469635,0.4985899210198945
ENSG00000014138,add_gc_removed_a1.0,42.5,44.08408408408408,0.33292020493927943,0.23746226336818702
ENSG00000014138,add_own,62.56,65.04504504504504,0.22768587674682106,0.2616910191105928
ENSG00000014138,add_own_L24,41.4,44.38438438438438,0.23619352865928162,0.15203248405716194
ENSG00000014138,random_a1.0,44.96,41.44144144144144,0.32094640744712655,0.24395515956003316
ENSG00000014138,random_a1.0_L24,39.739999999999995,32.972972972972975,0.3341425815895724,0.21150504431002756
ENSG00000014138,unsteered,44.22,42.52252252252252,0.25997547740394233,0.16389380103550394
ENSG00000020426,add_a0.5,47.07142857142857,54.0,0.13953860403741908,0.10529466188655416
ENSG00000020426,add_a1.0,57.97619047619048,80.42857142857142,0.11317121649499282,0.2692983443120201
ENSG00000020426,add_a1.0_L24,53.57142857142858,65.71428571428571,0.13297880939056705,0.18473155124087756
ENSG00000020426,add_a2.0,72.30952380952381,95.85714285714286,0.2189278291213379,0.48477587006902345
ENSG00000020426,add_a3.0,77.38095238095238,92.85714285714286,0.28106348454283847,0.5285584133620457
ENSG00000020426,add_a4.0,80.54761904761905,94.42857142857142,0.2910170792104677,0.5402346695250952
ENSG00000020426,add_gc_removed_a1.0,43.095238095238095,48.5,0.1459835346164568,0.08966872471694252
ENSG00000020426,add_own,66.02380952380953,89.71428571428571,0.1446751642147819,0.3643069301317465
ENSG00000020426,add_own_L24,58.42857142857143,79.64285714285714,0.15171465762071507,0.3148684731373281
ENSG00000020426,random_a1.0,42.61904761904762,42.92857142857143,0.15094033794233847,0.029992355287136292
ENSG00000020426,random_a1.0_L24,41.61904761904762,39.214285714285715,0.15798368525859077,0.018646483912436024
ENSG00000020426,unsteered,45.595238095238095,49.642857142857146,0.15562827029975781,0.08555899094333157
ENSG00000020922,add_a0.5,31.8,18.61861861861862,0.17886295201965366,0.1481284990456926
ENSG00000020922,add_a1.0,34.54,22.64264264264264,0.2056067743217463,0.1751359282074531
ENSG00000020922,add_a1.0_L24,26.8,12.732732732732734,0.21034684534050116,0.15864806334128095
ENSG00000020922,add_a2.0,50.62,56.996996996997,0.19652841320824138,0.21714982452029274
ENSG00000020922,add_a3.0,60.06,66.30630630630631,0.21820115908798848,0.24739342786207522
ENSG00000020922,add_a4.0,71.48,86.66666666666667,0.3143849583552565,0.37910599662479116
ENSG00000020922,add_gc_removed_a1.0,24.78,7.267267267267267,0.2507460239509371,0.19043641093743552
ENSG00000020922,add_own,29.080000000000002,13.333333333333334,0.2094705520282017,0.16398320618191492
ENSG00000020922,add_own_L24,25.28,8.108108108108109,0.24471231876139257,0.17985443409730262
ENSG00000020922,random_a1.0,29.26,10.63063063063063,0.2257989127109486,0.1723649797138986
ENSG00000020922,random_a1.0_L24,27.22,7.627627627627628,0.2298237262633819,0.172624850798518
ENSG00000020922,unsteered,28.119999999999997,12.252252252252251,0.22794164645483014,0.18270414279807848
ENSG00000021776,add_a0.5,54.760000000000005,67.98798798798799,0.2006041703447282,0.2565828476465253
ENSG00000021776,add_a1.0,62.33345345345346,82.22222222222223,0.14754383416861344,0.321781500718915
ENSG00000021776,add_a1.0_L24,46.839999999999996,48.528528528528525,0.24219340150624707,0.1474645718962389
ENSG00000021776,add_a2.0,67.96000000000001,91.95195195195194,0.12132694983639303,0.39723532271277884
ENSG00000021776,add_a3.0,72.42,86.24624624624624,0.19239009861444578,0.3864733147871853
ENSG00000021776,add_a4.0,79.38,89.36936936936937,0.26916687657930505,0.4855053933594632
ENSG00000021776,add_gc_removed_a1.0,44.0,50.45045045045045,0.2030917214052596,0.08115856818213026
ENSG00000021776,add_own,60.339999999999996,77.83783783783784,0.11420551123744047,0.24784079366369643
ENSG00000021776,add_own_L24,42.56862862862863,50.270270270270274,0.2118192451126885,0.10657584605528647
ENSG00000021776,random_a1.0,39.06,36.996996996997,0.2872904183443033,0.05941145584846734
ENSG00000021776,random_a1.0_L24,52.86,49.729729729729726,0.30297171945886925,0.22434563766434462
ENSG00000021776,unsteered,41.63121121121121,45.34534534534534,0.266712543387131,0.10918138483564492
ENSG00000022567,add_a0.5,68.94,79.63963963963964,0.25265965470239504,0.267544050527906
ENSG00000022567,add_a1.0,69.4,73.15315315315316,0.26284358297153243,0.27041134824905144
ENSG00000022567,add_a1.0_L24,66.85999999999999,72.9129129129129,0.1806882226252315,0.20856573477559218
ENSG00000022567,add_a2.0,76.94,83.84384384384384,0.24463832551813916,0.23125618048938618
ENSG00000022567,add_a3.0,80.4,90.2102102102102,0.2935854442801705,0.26782779165071113
ENSG00000022567,add_a4.0,86.52000000000001,93.03303303303304,0.37069030043391465,0.33792327682989026
ENSG00000022567,add_gc_removed_a1.0,60.6,73.81381381381382,0.23702168548945748,0.2745398716232232
ENSG00000022567,add_own,62.42,80.3003003003003,0.16754762885129895,0.17765445705867303
ENSG00000022567,add_own_L24,70.76,88.94894894894895,0.26036357442814817,0.25727005961232063
ENSG00000022567,random_a1.0,63.57265265265265,75.73573573573574,0.20087330921176755,0.22247046299746748
ENSG00000022567,random_a1.0_L24,64.08,73.63363363363364,0.272023540982854,0.2981891492908451
ENSG00000022567,unsteered,65.47999999999999,80.06006006006007,0.20016847358285633,0.21009555856420117
ENSG00000023318,add_a0.5,49.660000000000004,47.567567567567565,0.17516124342226122,0.1984870608330865
ENSG00000023318,add_a1.0,56.1,53.753753753753756,0.2046024055884962,0.23452987651243368
ENSG00000023318,add_a1.0_L24,51.660000000000004,53.51351351351351,0.2829827729096345,0.3008273553371307
ENSG00000023318,add_a2.0,78.72,79.87987987987988,0.4390655377899243,0.5085098474930254
ENSG00000023318,add_a3.0,70.86,70.99099099099098,0.2905315663460933,0.34575352740137594
ENSG00000023318,add_a4.0,82.97999999999999,83.12312312312312,0.45282634293130586,0.515383262810883
ENSG00000023318,add_gc_removed_a1.0,47.8,47.267267267267265,0.14378684379692813,0.16617012930228908
ENSG00000023318,add_own,64.47999999999999,65.22522522522522,0.26964594333071934,0.3173042814877602
ENSG00000023318,add_own_L24,42.68,42.58258258258259,0.13577413000807675,0.14867187132744547
ENSG00000023318,random_a1.0,52.3,56.816816816816825,0.2223086391314122,0.25478556267302366
ENSG00000023318,random_a1.0_L24,46.32,47.38738738738739,0.15989719996074164,0.17482492486819415
ENSG00000023318,unsteered,41.260000000000005,41.68168168168168,0.1496145223311181,0.16635168608230547
ENSG00000023516,add_a0.5,48.68,50.93093093093093,0.1250734938096959,0.15556303949320716
ENSG00000023516,add_a1.0,55.660000000000004,62.222222222222214,0.1736126343062201,0.23693092190678716
ENSG00000023516,add_a1.0_L24,44.4,41.62162162162162,0.11215569448970615,0.13696706453643298
ENSG00000023516,add_a2.0,65.34,68.76876876876877,0.23857888425462095,0.3423795180487943
ENSG00000023516,add_a3.0,75.76,80.18018018018019,0.37595019485211206,0.4956719375667299
ENSG00000023516,add_a4.0,87.88,91.65165165165165,0.5091874323738156,0.6576301049521384
ENSG00000023516,add_gc_removed_a1.0,38.839999999999996,37.11711711711712,0.11736070179255909,0.09721460693569473
ENSG00000023516,add_own,55.839999999999996,55.25525525525526,0.1298294639887554,0.19507768187854088
ENSG00000023516,add_own_L24,43.08,42.16216216216216,0.1358310126883162,0.14757210698275683
ENSG00000023516,random_a1.0,44.18,46.306306306306304,0.14166789622038767,0.15962632651326414
ENSG00000023516,random_a1.0_L24,39.08,41.44144144144144,0.2222435378038606,0.2041248082633274
ENSG00000023516,unsteered,43.8,42.4024024024024,0.12485376036683124,0.12870828590421873
ENSG00000034677,add_a0.5,31.6,27.86786786786787,0.25919073266687054,0.20425061792885796
ENSG00000034677,add_a1.0,49.28,50.69069069069069,0.15351825832829583,0.16643590601822425
ENSG00000034677,add_a1.0_L24,40.82,39.0990990990991,0.1420950563574792,0.11892116176890269
ENSG00000034677,add_a2.0,67.5,78.1981981981982,0.23479227961473156,0.34760017266815557
ENSG00000034677,add_a3.0,85.86,90.87087087087086,0.4368296713142037,0.557352916643383
ENSG00000034677,add_a4.0,81.42,92.01201201201202,0.3851024331356091,0.5260461409549253
ENSG00000034677,add_gc_removed_a1.0,36.58,26.186186186186184,0.2203739941130741,0.1381768867156163
ENSG00000034677,add_own,54.04,59.51951951951952,0.14757237874126342,0.18753914221949414
ENSG00000034677,add_own_L24,40.32,38.67867867867868,0.15005306913879246,0.11728669952527941
ENSG00000034677,random_a1.0,40.4,36.51651651651652,0.14648625898506853,0.09617732433128641
ENSG00000034677,random_a1.0_L24,39.12800800800801,36.93693693693694,0.1707063567843468,0.11867725879098798
ENSG00000034677,unsteered,38.46,34.53453453453453,0.17049327002786696,0.11415156097894619
ENSG00000036257,add_a0.5,68.91666666666667,81.23123123123123,0.3814882181502115,0.4202347046626929
ENSG00000036257,add_a1.0,64.10000000000001,81.28128128128128,0.33537888293763074,0.3774594496304137
ENSG00000036257,add_a1.0_L24,60.1,73.67367367367368,0.3219373915830442,0.35015943631626284
ENSG00000036257,add_a2.0,71.18333333333332,89.23923923923924,0.408150037647982,0.45512554304202446
ENSG00000036257,add_a3.0,76.35000000000001,89.13913913913915,0.45236159728082975,0.4953378270654822
ENSG00000036257,add_a4.0,78.01666666666667,93.74374374374374,0.48888649283153623,0.5343799478794297
ENSG00000036257,add_gc_removed_a1.0,53.21666666666667,65.76576576576576,0.2154240966391716,0.2425248769846399
ENSG00000036257,add_own,57.9,69.56956956956957,0.24697686440696162,0.28275685987491705
ENSG00000036257,add_own_L24,59.26666666666667,60.11011011011011,0.27560498169499076,0.296815211891953
ENSG00000036257,random_a1.0,58.63333333333333,75.32532532532532,0.2887395512903601,0.32703673688535856
ENSG00000036257,random_a1.0_L24,61.85,78.52852852852853,0.36480074838969273,0.39727778607754183
ENSG00000036257,unsteered,61.18333333333334,70.22022022022021,0.29831369654648093,0.3343716466093603
ENSG00000040199,add_a0.5,50.56,52.432432432432435,0.17635179712444432,0.17848237837210754
ENSG00000040199,add_a1.0,56.86,59.87987987987988,0.1475851866062738,0.15637597972767223
ENSG00000040199,add_a1.0_L24,41.260000000000005,38.61861861861862,0.17594428451203115,0.14767642530285277
ENSG00000040199,add_a2.0,68.25403403403404,79.15915915915916,0.2667724530199783,0.31800470181922436
ENSG00000040199,add_a3.0,76.28,87.44744744744744,0.31593483200701067,0.3860258901046832
ENSG00000040199,add_a4.0,86.64,90.15015015015015,0.460432914133251,0.5210762696254114
ENSG00000040199,add_gc_removed_a1.0,40.68,35.01501501501502,0.16262040037663922,0.12867495809552326
ENSG00000040199,add_own,60.46,68.46846846846847,0.19141803015530554,0.21888916118674584
ENSG00000040199,add_own_L24,45.4,43.24324324324324,0.11959835428395285,0.10483593753628336
ENSG00000040199,random_a1.0,39.64,36.6966966966967,0.15543291618030616,0.13461215017702072
ENSG00000040199,random_a1.0_L24,37.3,36.15615615615616,0.18356919620208859,0.15369864560231744
ENSG00000040199,unsteered,42.86,37.17717717717718,0.18052896438329968,0.15212603521874865
ENSG00000042286,add_a0.5,67.82000000000001,79.15915915915916,0.16614898863829927,0.14477707242880355
ENSG00000042286,add_a1.0,70.97999999999999,77.77777777777779,0.2791768493942291,0.244458389148565
ENSG00000042286,add_a1.0_L24,64.56,68.1081081081081,0.1680952326898911,0.1553948465666813
ENSG00000042286,add_a2.0,74.7,88.4084084084084,0.2202091682654581,0.18444244573255011
ENSG00000042286,add_a3.0,84.58,83.3033033033033,0.40084071170715874,0.37225893423750167
ENSG00000042286,add_a4.0,78.76,91.11111111111111,0.26170806594490015,0.23361165850888455
ENSG00000042286,add_gc_removed_a1.0,56.5,65.28528528528528,0.14396722841883655,0.15026743147375987
ENSG00000042286,add_own,73.2,68.82882882882883,0.2709234808491189,0.26255376557013727
ENSG00000042286,add_own_L24,65.46000000000001,69.30930930930931,0.2008846362628506,0.19789844951735167
ENSG00000042286,random_a1.0,61.42,69.00900900900902,0.15456309736341647,0.1475286685540192
ENSG00000042286,random_a1.0_L24,66.2,74.35435435435436,0.18033755393479817,0.1589895517437242
ENSG00000042286,unsteered,64.8,67.2072072072072,0.1866579020933372,0.1821744473058678
ENSG00000054148,add_a0.5,67.16791979949875,90.22556390977444,0.22527909391962392,0.26296206855085436
ENSG00000054148,add_a1.0,68.62155388471179,83.7593984962406,0.2712165435154737,0.2949861531749103
ENSG00000054148,add_a1.0_L24,65.0125313283208,88.7218045112782,0.2798318216164241,0.31953360780692647
ENSG00000054148,add_a2.0,70.57644110275689,90.52631578947368,0.2692041952328784,0.3110817587395082
ENSG00000054148,add_a3.0,74.73684210526315,90.82706766917293,0.2739048796942449,0.3377619904342217
ENSG00000054148,add_a4.0,78.89724310776943,89.77443609022556,0.33499489010048517,0.3937051016138327
ENSG00000054148,add_gc_removed_a1.0,57.4937343358396,72.4812030075188,0.3314461030787728,0.3153619343164889
ENSG00000054148,add_own,67.36842105263158,90.82706766917293,0.2927070041613396,0.3426672757658712
ENSG00000054148,add_own_L24,58.696741854636585,81.05263157894737,0.30041823986647104,0.28986462083752423
ENSG00000054148,random_a1.0,64.66165413533835,85.41353383458647,0.25727294364806413,0.26637192199364607
ENSG00000054148,random_a1.0_L24,62.35588972431078,81.203007518797,0.30226081822569195,0.30355134393787747
ENSG00000054148,unsteered,53.68421052631579,72.03007518796993,0.33529648185448935,0.29637768135208553
ENSG00000056972,add_a0.5,46.86,50.030030030030034,0.25390043804135287,0.15061708228351867
ENSG00000056972,add_a1.0,67.38,76.33633633633633,0.19662842036991562,0.2523957341666104
ENSG00000056972,add_a1.0_L24,37.1,37.47747747747748,0.3252020893975741,0.22478517303811857
ENSG00000056972,add_a2.0,75.08,87.98798798798799,0.16602098404786111,0.2949304978724228
ENSG00000056972,add_a3.0,79.26,93.57357357357357,0.2246322138881447,0.3558482553221861
ENSG00000056972,add_a4.0,84.12,88.94894894894895,0.2207381268419574,0.372108031360492
ENSG00000056972,add_gc_removed_a1.0,40.8,36.15615615615616,0.31100725973014476,0.18755089955853518
ENSG00000056972,add_own,54.86,58.318318318318326,0.2537626866504485,0.21781820033078453
ENSG00000056972,add_own_L24,45.839999999999996,46.726726726726724,0.2826490927015019,0.1946681180172218
ENSG00000056972,random_a1.0,40.98,38.1981981981982,0.29564745482514077,0.18652348034407046
ENSG00000056972,random_a1.0_L24,41.52876876876877,36.996996996997,0.28275746267302987,0.18234395263842815
ENSG00000056972,unsteered,45.2,43.84384384384384,0.2721325533982564,0.1761788591675469
ENSG00000061938,add_a0.5,69.88,76.81681681681683,0.16464013904683797,0.16195534460933464
ENSG00000061938,add_a1.0,72.08,81.02102102102103,0.14398654074280812,0.1541686119804258
ENSG00000061938,add_a1.0_L24,67.66,76.81681681681683,0.17926182908360289,0.18583843001712674
ENSG00000061938,add_a2.0,77.22,97.5975975975976,0.14350056105467185,0.17998434731465676
ENSG00000061938,add_a3.0,80.4,95.07507507507508,0.20755624820393553,0.23188837628905032
ENSG00000061938,add_a4.0,80.14,95.85585585585586,0.16838810591660572,0.20251051523682925
ENSG00000061938,add_gc_removed_a1.0,61.08,72.55255255255256,0.11927850647337819,0.1098765888883892
ENSG00000061938,add_own,74.34,80.36036036036036,0.21176983520523648,0.22062528024461053
ENSG00000061938,add_own_L24,67.03999999999999,72.13213213213213,0.13222715097525148,0.12447008228096905
ENSG00000061938,random_a1.0,65.92,68.16816816816817,0.15635164961680495,0.14064188188962537
ENSG00000061938,random_a1.0_L24,65.9,65.58558558558559,0.20631089778075595,0.18098385676211132
ENSG00000061938,unsteered,64.4,68.64864864864865,0.3122934791701616,0.29006686139209414
ENSG00000062598,add_a0.5,66.6,88.16816816816817,0.15419317382738695,0.2201204762687446
ENSG00000062598,add_a1.0,65.08,87.74774774774775,0.1416227074317889,0.2132075191632045
ENSG00000062598,add_a1.0_L24,50.6,56.996996996997,0.31599454707063435,0.13847993480919993
ENSG00000062598,add_a2.0,75.72,90.27027027027027,0.22136145444837094,0.31712142821431366
ENSG00000062598,add_a3.0,74.46000000000001,94.11411411411412,0.15276898494678828,0.3129732260445724
ENSG00000062598,add_a4.0,82.94,93.15315315315316,0.28165637154612216,0.4155978171757094
ENSG00000062598,add_gc_removed_a1.0,49.72,61.20120120120121,0.3147040961723298,0.19591378248626082
ENSG00000062598,add_own,70.98,81.68168168168168,0.2231237082983554,0.27996253082708866
ENSG00000062598,add_own_L24,55.64,67.86786786786787,0.23927216124870299,0.1475194587452175
ENSG00000062598,random_a1.0,49.4,53.51351351351351,0.3046910136862846,0.11945015781637616
ENSG00000062598,random_a1.0_L24,47.559999999999995,55.7957957957958,0.29384173230357963,0.11374729627682698
ENSG00000062598,unsteered,49.56,57.41741741741741,0.32510223085515966,0.12603402765771982
ENSG00000064309,add_a0.5,38.160000000000004,38.73873873873874,0.27372703935550485,0.1690092757348442
ENSG00000064309,add_a1.0,49.980000000000004,50.810810810810814,0.2682385772680417,0.2200590536552475
ENSG00000064309,add_a1.0_L24,36.56,41.26126126126126,0.306818598321923,0.20263482863718255
ENSG00000064309,add_a2.0,58.379999999999995,66.006006006006,0.21929183185633966,0.26451755593807996
ENSG00000064309,add_a3.0,76.76,74.65465465465465,0.19440266257508604,0.33031453000839306
ENSG00000064309,add_a4.0,81.8,84.8048048048048,0.20787953027121775,0.39260915246201733
ENSG00000064309,add_gc_removed_a1.0,34.160000000000004,34.53453453453453,0.2836004746331434,0.15499868287334548
ENSG00000064309,add_own,39.760000000000005,35.13513513513514,0.42538989616024914,0.32151989821585547
ENSG00000064309,add_own_L24,46.5,42.4024024024024,0.28649989043127866,0.21331671156836635
ENSG00000064309,random_a1.0,33.48,33.213213213213216,0.37875814228601973,0.2773979979872741
ENSG00000064309,random_a1.0_L24,30.1,27.267267267267265,0.49318719584214527,0.3827772279200203
ENSG00000064309,unsteered,43.239999999999995,46.786786786786784,0.2979777774315682,0.2184237689867854
ENSG00000066827,add_a0.5,53.260000000000005,52.43243243243243,0.410563852313328,0.30127175354254154
ENSG00000066827,add_a1.0,68.12,67.38738738738739,0.3144549592868696,0.3084698164253582
ENSG00000066827,add_a1.0_L24,40.44,40.42042042042042,0.3650114977076391,0.22300969229004108
ENSG00000066827,add_a2.0,61.5,62.94294294294294,0.25671101892317844,0.22305000086084661
ENSG00000066827,add_a3.0,73.88,75.61561561561561,0.2286227301073867,0.2913985973259875
ENSG00000066827,add_a4.0,80.48,83.96396396396396,0.25131433206103887,0.36806887539451505
ENSG00000066827,add_gc_removed_a1.0,35.839999999999996,35.91591591591592,0.4114643313399921,0.2213014499063271
ENSG00000066827,add_own,53.08,58.55855855855856,0.2961031516871245,0.20202439918641418
ENSG00000066827,add_own_L24,29.54,29.06906906906907,0.509402254331649,0.36400804361778527
ENSG00000066827,random_a1.0,43.519999999999996,42.64264264264264,0.49425102085088773,0.34686216467121805
ENSG00000066827,random_a1.0_L24,32.3,33.333333333333336,0.44927551851825626,0.24841141219962065
ENSG00000066827,unsteered,42.6,43.66366366366366,0.40409726546640706,0.2286011351560096
ENSG00000067842,add_a0.5,67.22,69.30930930930931,0.37888323254765066,0.3626848018163203
ENSG00000067842,add_a1.0,75.3,74.65465465465465,0.2882730361821024,0.2437665215009918
ENSG00000067842,add_a1.0_L24,70.6,76.57657657657657,0.26057298939168033,0.21492984909189472
ENSG00000067842,add_a2.0,80.44,86.78678678678679,0.33716489701784425,0.262187779228234
ENSG00000067842,add_a3.0,86.0,90.27027027027027,0.389364719185138,0.314188646865284
ENSG00000067842,add_a4.0,84.6,89.7897897897898,0.3840176092441248,0.32071673208964496
ENSG00000067842,add_gc_removed_a1.0,66.02000000000001,63.60360360360361,0.23424259522357352,0.22524355840431656
ENSG00000067842,add_own,66.82000000000001,74.5945945945946,0.3822063482192008,0.3488250429476971
ENSG00000067842,add_own_L24,72.94,71.95195195195194,0.27939478376254145,0.24801929100161005
ENSG00000067842,random_a1.0,67.72,68.52852852852853,0.4057335210796788,0.36941556777934953
ENSG00000067842,random_a1.0_L24,70.34,77.17717717717719,0.30790983241699904,0.2608256705302902
ENSG00000067842,unsteered,69.0,71.29129129129129,0.33846371018026683,0.3158467265502357
ENSG00000069849,add_a0.5,77.76892430278885,83.66533864541832,0.4267954258683303,0.5226178176770848
ENSG00000069849,add_a1.0,86.08233731739708,83.10756972111554,0.5169419887846887,0.6009806513219229
ENSG00000069849,add_a1.0_L24,83.69189907038512,93.30677290836653,0.5490292664128342,0.6594478651739132
ENSG00000069849,add_a2.0,86.32138114209828,92.43027888446215,0.5295334941938474,0.635601965500347
ENSG00000069849,add_a3.0,81.46082337317397,83.74501992031873,0.4530194573665015,0.5348528955529563
ENSG00000069849,add_a4.0,84.01062416998671,97.45019920318725,0.5216483132089109,0.6475562751574448
ENSG00000069849,add_gc_removed_a1.0,71.36786188579018,87.88844621513945,0.42821068830710834,0.5170871534706596
ENSG00000069849,add_own,72.00531208499336,91.55378486055777,0.4194890076451848,0.5318071016711773
ENSG00000069849,add_own_L24,75.00664010624169,69.6414342629482,0.4307974932200884,0.5009501696171021
ENSG00000069849,random_a1.0,75.0597609561753,79.7609561752988,0.4595537805940638,0.5396482056521836
ENSG00000069849,random_a1.0_L24,78.51261620185923,87.80876494023904,0.44205493403987023,0.5465539666112669
ENSG00000069849,unsteered,79.36254980079681,84.30278884462152,0.483959865960801,0.5933551462618072
ENSG00000070061,add_a0.5,60.1,63.9039039039039,0.4245168847418775,0.43389877131471677
ENSG00000070061,add_a1.0,50.96,53.273273273273276,0.2743726666759542,0.2578178493622764
ENSG00000070061,add_a1.0_L24,47.5,48.88888888888889,0.1439586868047499,0.15189735436787868
ENSG00000070061,add_a2.0,70.35999999999999,73.51351351351352,0.3105323793849424,0.32254923377133826
ENSG00000070061,add_a3.0,77.64,79.93993993993993,0.3676371562987991,0.395656434033463
ENSG00000070061,add_a4.0,87.08,88.4084084084084,0.46215769759806846,0.4924216367529407
ENSG00000070061,add_gc_removed_a1.0,33.28,32.432432432432435,0.30994843791746957,0.30839193963880274
ENSG00000070061,add_own,51.48,53.633633633633636,0.2881018915313794,0.2658889587040158
ENSG00000070061,add_own_L24,52.64,50.69069069069069,0.30354194868566,0.3042243999480737
ENSG00000070061,random_a1.0,40.6,39.0990990990991,0.2974371785923036,0.2917511104182554
ENSG00000070061,random_a1.0_L24,40.339999999999996,40.54054054054054,0.1873137872606624,0.1787525220127248
ENSG00000070061,unsteered,32.44,32.85285285285285,0.25603777036430075,0.24458288204334283
ENSG00000071794,add_a0.5,43.4,42.64264264264264,0.17973410796331618,0.20568089346722082
ENSG00000071794,add_a1.0,50.239999999999995,55.31531531531532,0.293016774104336,0.34277553279752826
ENSG00000071794,add_a1.0_L24,43.76744744744745,51.351351351351354,0.1974582703517624,0.24852199509056955
ENSG00000071794,add_a2.0,75.16,77.47747747747748,0.36975964902020825,0.454288309448143
ENSG00000071794,add_a3.0,77.82000000000001,82.4024024024024,0.4442360966007325,0.5231627875771058
ENSG00000071794,add_a4.0,82.44,85.94594594594595,0.48557752688228206,0.5644269413463769
ENSG00000071794,add_gc_removed_a1.0,37.839999999999996,39.51951951951952,0.1375056706822539,0.15949466585668182
ENSG00000071794,add_own,49.92,52.312312312312315,0.17967233410096808,0.22242905236582883
ENSG00000071794,add_own_L24,44.94,35.73573573573573,0.26223430429397016,0.2757067284523218
ENSG00000071794,random_a1.0,48.2,51.59159159159159,0.2204459899839077,0.2701843405672462
ENSG00000071794,random_a1.0_L24,40.279999999999994,42.16216216216216,0.12701468707294378,0.160378275714767
ENSG00000071794,unsteered,40.1,36.57657657657658,0.13776024684645954,0.15629522472696217
ENSG00000072201,add_a0.5,54.760000000000005,60.54054054054054,0.3373508923133078,0.22371847665904382
ENSG00000072201,add_a1.0,61.1,64.38438438438439,0.28585668666721775,0.22040832186729098
ENSG00000072201,add_a1.0_L24,59.44,64.8048048048048,0.2406576252953621,0.17232312779709166
ENSG00000072201,add_a2.0,85.56,94.23423423423424,0.3493726371978843,0.4445873796007329
ENSG00000072201,add_a3.0,82.64,85.82582582582583,0.24911681458343837,0.3724947530906992
ENSG00000072201,add_a4.0,85.46000000000001,90.09009009009009,0.21917459216172616,0.3616847904517469
ENSG00000072201,add_gc_removed_a1.0,36.5,40.12012012012012,0.42610151690778536,0.23607258242136978
ENSG00000072201,add_own,78.9,83.12312312312312,0.2771037525703841,0.3396034629807277
ENSG00000072201,add_own_L24,62.58,72.85285285285286,0.18422567105695065,0.17921203904976657
ENSG00000072201,random_a1.0,57.06,59.45945945945946,0.281930974209439,0.1755156738984738
ENSG00000072201,random_a1.0_L24,56.98,65.64564564564564,0.2802476749000541,0.1772413071731027
ENSG00000072201,unsteered,52.220000000000006,55.01501501501501,0.3091570392756801,0.19300080015181809
ENSG00000074047,add_a0.5,77.97999999999999,79.93993993993993,0.35704899637892656,0.3168959742243893
ENSG00000074047,add_a1.0,85.92,95.67567567567568,0.40556717291881766,0.3422180190574925
ENSG00000074047,add_a1.0_L24,75.17999999999999,88.34834834834835,0.3184754760124459,0.2683033237272133
ENSG00000074047,add_a2.0,81.02000000000001,86.96696696696696,0.3154277019417236,0.27557552814107983
ENSG00000074047,add_a3.0,85.72,84.02402402402403,0.3703653484656048,0.32403079625632725
ENSG00000074047,add_a4.0,89.08,93.93393393393394,0.4360727646777405,0.38144289459431296
ENSG00000074047,add_gc_removed_a1.0,62.839999999999996,72.43243243243244,0.21060704794385537,0.1747448645403638
ENSG00000074047,add_own,78.92,85.7057057057057,0.3307957425447996,0.26172265302866676
ENSG00000074047,add_own_L24,70.86,74.71471471471472,0.1936679491834799,0.15177245439328244
ENSG00000074047,random_a1.0,65.66,69.42942942942943,0.2068293520507667,0.17716393845963807
ENSG00000074047,random_a1.0_L24,70.91999999999999,88.4084084084084,0.23733997293162684,0.18001842726952327
ENSG00000074047,unsteered,65.67999999999999,69.72972972972973,0.29017380451102576,0.2332244212616263
ENSG00000076053,add_a0.5,66.55737704918033,70.98360655737704,0.35941050329791513,0.42647460239674373
ENSG00000076053,add_a1.0,63.022321395199334,66.55737704918033,0.26171216313558665,0.37577123926635647
ENSG00000076053,add_a1.0_L24,51.9672131147541,44.0983606557377,0.2387615716764718,0.24651498945222472
ENSG00000076053,add_a2.0,79.75409836065573,81.8032786885246,0.39179274013570414,0.5366514339398476
ENSG00000076053,add_a3.0,83.27868852459017,89.26229508196721,0.4328838697007111,0.6007774669848798
ENSG00000076053,add_a4.0,82.89617486338798,92.62295081967213,0.4061750464767277,0.5819744942048793
ENSG00000076053,add_gc_removed_a1.0,56.748633879781416,60.49180327868852,0.2374221051731033,0.2998284164220814
ENSG00000076053,add_own,70.30054644808743,75.73770491803279,0.3294703241401521,0.42828430341359186
ENSG00000076053,add_own_L24,69.61748633879782,75.98360655737704,0.292199347969916,0.4207004345895163
ENSG00000076053,random_a1.0,58.606557377049185,43.278688524590166,0.31343025924549367,0.3285466019981734
ENSG00000076053,random_a1.0_L24,78.19672131147541,81.31147540983606,0.4328617163267679,0.5693210976643855
ENSG00000076053,unsteered,47.841530054644814,48.19672131147541,0.4100980557542956,0.44821937419984065
ENSG00000076242,add_a0.5,75.7,92.49249249249249,0.25588176202006246,0.4336187328501012
ENSG00000076242,add_a1.0,66.36,73.0930930930931,0.2738577165640507,0.326835108843346
ENSG00000076242,add_a1.0_L24,71.4,87.02702702702702,0.23983976330334422,0.40649410229048505
ENSG00000076242,add_a2.0,74.6,90.03003003003002,0.27090203715420946,0.43015712023583985
ENSG00000076242,add_a3.0,76.42,91.65165165165165,0.24320864369988424,0.4276243699587948
ENSG00000076242,add_a4.0,75.88,91.8918918918919,0.21721902574191096,0.3994307383015
ENSG00000076242,add_gc_removed_a1.0,68.76,84.32432432432432,0.2121491079216827,0.35016417660404087
ENSG00000076242,add_own,73.1,85.16516516516516,0.3030303721538866,0.4491279867862669
ENSG00000076242,add_own_L24,55.879999999999995,66.12612612612612,0.31168607133287524,0.3356640330785436
ENSG00000076242,random_a1.0,69.3,89.24924924924925,0.24820781740273956,0.39794304348817827
ENSG00000076242,random_a1.0_L24,64.56,75.7957957957958,0.22149142724143553,0.2986328493232716
ENSG00000076242,unsteered,61.839999999999996,71.17117117117117,0.3150738414238409,0.3813258319702759
ENSG00000076650,add_a0.5,64.08,80.3003003003003,0.35207141046851553,0.31946843797404884
ENSG00000076650,add_a1.0,53.7,62.46246246246246,0.27119209835497127,0.2545148487525924
ENSG00000076650,add_a1.0_L24,42.28918918918919,39.0990990990991,0.2498593685982929,0.23902995983349484
ENSG00000076650,add_a2.0,76.94,88.76876876876877,0.4390646097702997,0.4057556223041418
ENSG00000076650,add_a3.0,81.9,93.33333333333333,0.5217578532803785,0.48442905612851916
ENSG00000076650,add_a4.0,82.74,91.29129129129129,0.503059729679158,0.48305708355810684
ENSG00000076650,add_gc_removed_a1.0,42.04,38.55855855855856,0.1474069175767121,0.14962163304646073
ENSG00000076650,add_own,71.46000000000001,87.14714714714714,0.4085949855868489,0.3693947819438619
ENSG00000076650,add_own_L24,58.120000000000005,72.25225225225225,0.26550139485428226,0.24318966612640888
ENSG00000076650,random_a1.0,40.42,34.114114114114116,0.13492130911739528,0.14182253357064506
ENSG00000076650,random_a1.0_L24,50.04,59.81981981981981,0.3066906171597425,0.29110249350182027
ENSG00000076650,unsteered,44.660000000000004,41.02102102102102,0.22066297951871566,0.21172743572307345
ENSG00000077420,add_a0.5,40.019999999999996,37.2972972972973,0.1404831050517378,0.12344848546073144
ENSG00000077420,add_a1.0,43.94784784784785,44.40880639675821,0.12353208715357038,0.11710088976882087
ENSG00000077420,add_a1.0_L24,29.906886886886888,27.687687687687685,0.31601184457373105,0.28754000922604467
ENSG00000077420,add_a2.0,68.38,72.37237237237237,0.2669801685398062,0.30907095207539903
ENSG00000077420,add_a3.0,79.44,85.64564564564564,0.3740896711964654,0.4327355502425636
ENSG00000077420,add_a4.0,80.42,80.78078078078079,0.4064423800321051,0.45891233063479364
ENSG00000077420,add_gc_removed_a1.0,28.32,27.32732732732733,0.22352168130371167,0.19242670980272486
ENSG00000077420,add_own,46.74,47.38738738738739,0.15810727399294164,0.16477919249154527
ENSG00000077420,add_own_L24,42.660000000000004,47.92792792792793,0.2031234460563552,0.20005034156716128
ENSG00000077420,random_a1.0,23.32,24.324324324324323,0.3449377591693903,0.3140054455147186
ENSG00000077420,random_a1.0_L24,33.64,31.111111111111107,0.1544821229345131,0.11915788239829488
ENSG00000077420,unsteered,36.8,35.25525525525525,0.17805699629220398,0.1545466269576047
ENSG00000078403,add_a0.5,65.4,78.85885885885885,0.28552273077513507,0.322792565205969
ENSG00000078403,add_a0.5_L24,55.91247247247247,61.90690690690691,0.18805557806188414,0.20932991222381708
ENSG00000078403,add_a1.0,72.56,83.48348348348348,0.35047898622512264,0.3866421757070948
ENSG00000078403,add_a1.0_L24,55.82000000000001,59.33933933933933,0.15605986402875005,0.18245567038471827
ENSG00000078403,add_a2.0,75.4,93.69369369369369,0.4265035603473416,0.4677498226822183
ENSG00000078403,add_a2.0_L24,55.620000000000005,59.75975975975977,0.18032963808037894,0.1986622700247292
ENSG00000078403,add_a3.0,82.22,86.90690690690691,0.39815954706959517,0.4364283466589713
ENSG00000078403,add_a3.0_L24,65.97301301301302,70.85458952928832,0.3754223638371267,0.4033723378015672
ENSG00000078403,add_a4.0,83.66,87.8078078078078,0.44593524094855763,0.4769089755505993
ENSG00000078403,add_a4.0_L24,69.58,75.61561561561561,0.3393221316174125,0.3682987606730404
ENSG00000078403,add_gc_removed_a1.0,53.94,56.57657657657658,0.13944654597709874,0.1556907836348631
ENSG00000078403,add_own,71.62,79.81981981981981,0.29618845891542767,0.3351572179768857
ENSG00000078403,add_own_L24,50.519999999999996,52.91291291291291,0.1968625331175621,0.21576227800487438
ENSG00000078403,random_a1.0,48.63007007007007,54.626071854987515,0.13694873952431047,0.16136042935307726
ENSG00000078403,random_a1.0_L24,49.94,50.63063063063063,0.24807064461316167,0.26450711710721897
ENSG00000078403,unsteered,64.2,65.94594594594594,0.25772862414173653,0.28658230650344285
ENSG00000078808,add_a0.5,64.86707566462168,80.42944785276073,0.23495736574747098,0.20025939353541683
ENSG00000078808,add_a1.0,57.8118609406953,70.49079754601227,0.2652071465450725,0.24842014739515683
ENSG00000078808,add_a1.0_L24,55.70552147239264,78.03680981595092,0.1481144359793129,0.12096663336647759
ENSG00000078808,add_a2.0,73.10838445807771,97.97546012269939,0.2433034899518117,0.15522798208002042
ENSG00000078808,add_a3.0,83.86503067484662,95.15337423312883,0.38456550344409995,0.3151244380515169
ENSG00000078808,add_a4.0,86.99386503067485,93.55828220858896,0.45262276881735275,0.3894917809915571
ENSG00000078808,add_gc_removed_a1.0,53.967280163599185,64.9079754601227,0.18624119118141705,0.19330614619176822
ENSG00000078808,add_own,69.32515337423312,88.46625766871166,0.22497781229835442,0.17459741449908625
ENSG00000078808,add_own_L24,46.56441717791411,61.77914110429448,0.1944273892717107,0.20400714318993024
ENSG00000078808,random_a1.0,45.79161198359822,54.171779141104295,0.27134583318298566,0.29700064285534084
ENSG00000078808,random_a1.0_L24,66.97341513292433,73.55828220858896,0.2535227714301639,0.23546058744273476
ENSG00000078808,unsteered,60.040899795501026,82.51533742331289,0.14071518506367023,0.12347601035671656
ENSG00000083307,add_a0.5,52.279999999999994,63.12312312312313,0.116266807837528,0.09259519113777184
ENSG00000083307,add_a1.0,52.71125125125125,60.72072072072071,0.17162943417041893,0.16819527449504074
ENSG00000083307,add_a1.0_L24,50.54,58.13813813813814,0.12636022575517097,0.10464885543073761
ENSG00000083307,add_a2.0,68.46000000000001,79.75975975975976,0.24813022673275115,0.26017462008174275
ENSG00000083307,add_a3.0,80.1,91.29129129129129,0.31438099527419816,0.33547104171578895
ENSG00000083307,add_a4.0,84.12,83.78378378378378,0.3922483147300625,0.41025108706934715
ENSG00000083307,add_gc_removed_a1.0,45.96916916916917,41.5015015015015,0.18275550091384965,0.1565221981796566
ENSG00000083307,add_own,65.26,73.87387387387386,0.17895646847432709,0.18368584199535895
ENSG00000083307,add_own_L24,51.2,52.192192192192195,0.1937357502071859,0.17904802861576874
ENSG00000083307,random_a1.0,45.5,47.627627627627625,0.1619638624436903,0.13225300371563897
ENSG00000083307,random_a1.0_L24,44.019999999999996,45.765765765765764,0.2207776103135773,0.20300032901719045
ENSG00000083307,unsteered,42.339999999999996,43.78378378378378,0.13897301267643453,0.11064430188509364
ENSG00000083799,add_a0.5,38.339999999999996,33.573573573573576,0.13124876202483468,0.11647747647382775
ENSG00000083799,add_a1.0,57.52,70.63063063063063,0.19263936971201773,0.25994507256320903
ENSG00000083799,add_a1.0_L24,35.660000000000004,36.27627627627628,0.18485027716001182,0.19714856469744402
ENSG00000083799,add_a2.0,74.47999999999999,91.83183183183183,0.3447790196987201,0.4399612691131879
ENSG00000083799,add_a3.0,81.86,91.83183183183183,0.4213280147006374,0.5124154919183491
ENSG00000083799,add_a4.0,85.06,87.26726726726727,0.4676396135446955,0.5402438274627684
ENSG00000083799,add_gc_removed_a1.0,37.2,33.09309309309309,0.11979470925050388,0.10156358766268392
ENSG00000083799,add_own,62.02,78.43843843843844,0.23748282558893674,0.3118672625805525
ENSG00000083799,add_own_L24,38.89011011011011,39.51951951951952,0.19556974498485094,0.20249699892953138
ENSG00000083799,random_a1.0,40.3,36.27627627627628,0.12989563518269281,0.10896474708328512
ENSG00000083799,random_a1.0_L24,35.366586586586585,32.92955606208618,0.12549937517840742,0.11450149259765534
ENSG00000083799,unsteered,42.06,42.4024024024024,0.15716685033516603,0.15504754549513106
ENSG00000083937,add_a0.5,40.72072072072073,38.069498069498074,0.07711031498522114,0.05428349015767559
ENSG00000083937,add_a1.0,44.041184041184046,47.41312741312741,0.10444089152540213,0.09567954215491711
ENSG00000083937,add_a1.0_L24,40.36036036036036,38.61003861003861,0.07341429832161714,0.04155661579138955
ENSG00000083937,add_a2.0,54.18275418275419,75.52123552123552,0.2657797229847154,0.2783703396094681
ENSG00000083937,add_a3.0,62.57400257400257,86.94980694980696,0.3933483684943684,0.418282386803678
ENSG00000083937,add_a4.0,64.83912483912484,87.41312741312741,0.4238283619955569,0.45459714709734944
ENSG00000083937,add_gc_removed_a1.0,40.02574002574003,36.988416988416986,0.07634234581986142,0.054177884179392496
ENSG00000083937,add_own,40.643500643500644,39.07335907335908,0.07259658973401403,0.054212878173218175
ENSG00000083937,add_own_L24,40.20592020592021,37.220077220077215,0.07251623815646087,0.048579819363171246
ENSG00000083937,random_a1.0,39.84555984555984,37.06563706563707,0.07220185030170802,0.04772845147378469
ENSG00000083937,random_a1.0_L24,39.742599742599744,36.293436293436294,0.06424988407309791,0.04038351934747203
ENSG00000083937,unsteered,40.643500643500644,39.30501930501931,0.06637910524712924,0.04200291045858418
ENSG00000085382,add_a0.5,72.5,76.3963963963964,0.48744773460745205,0.545509923281742
ENSG00000085382,add_a1.0,70.96000000000001,80.3003003003003,0.4079576054357257,0.4747372113702218
ENSG00000085382,add_a1.0_L24,63.9,67.8078078078078,0.3908155378228426,0.43591252424399746
ENSG00000085382,add_a2.0,70.74,81.44144144144144,0.37896237006930583,0.45418678900176523
ENSG00000085382,add_a3.0,81.7,90.63063063063063,0.45703785929849,0.5259164954577601
ENSG00000085382,add_a4.0,86.41999999999999,93.63363363363364,0.5165863466787629,0.5840276274691057
ENSG00000085382,add_gc_removed_a1.0,51.9,55.73573573573574,0.1971174950634742,0.22180621500903488
ENSG00000085382,add_own,71.34,81.8018018018018,0.4527685581996429,0.5167503929366409
ENSG00000085382,add_own_L24,60.6,69.36936936936937,0.42713968639137134,0.4817883608103449
ENSG00000085382,random_a1.0,67.42,76.27627627627628,0.3144600606693343,0.37350447124383634
ENSG00000085382,random_a1.0_L24,46.78,39.15915915915916,0.45330938540246735,0.4724198749383974
ENSG00000085382,unsteered,76.14,94.11411411411412,0.6092587419647819,0.6851463978546263
ENSG00000086475,add_a0.5,48.44746746746747,56.42461738847281,0.14129800715949364,0.14678864943785158
ENSG00000086475,add_a1.0,52.47735470941884,58.61861861861862,0.12239609119962028,0.13478958604253416
ENSG00000086475,add_a1.0_L24,46.480000000000004,53.45345345345345,0.21318493048914638,0.22650590609980664
ENSG00000086475,add_a2.0,71.64,95.07507507507508,0.26471650609935937,0.2721867283517895
ENSG00000086475,add_a3.0,74.84,88.22822822822823,0.23412385240013184,0.2386073554869697
ENSG00000086475,add_a4.0,72.94,88.94894894894895,0.241503355826674,0.24635765886574496
ENSG00000086475,add_gc_removed_a1.0,38.739999999999995,40.42042042042042,0.14279079913594492,0.14885081624205349
ENSG00000086475,add_own,62.26646646646647,82.10210210210211,0.19422417267535122,0.1990692597661861
ENSG00000086475,add_own_L24,53.56,63.84384384384384,0.16790905916423582,0.16454391364248439
ENSG00000086475,random_a1.0,48.06,52.372372372372375,0.1078924662459595,0.11466067823007202
ENSG00000086475,random_a1.0_L24,47.8,53.333333333333336,0.1736894426404591,0.19020898732839506
ENSG00000086475,unsteered,40.9,42.82282282282283,0.1669689097580262,0.17377091170089382
ENSG00000087303,add_a0.5,73.0,86.24624624624624,0.19256405438191043,0.24789447617663551
ENSG00000087303,add_a1.0,79.3,95.07507507507508,0.20414354448114866,0.3021221430662262
ENSG00000087303,add_a1.0_L24,63.160000000000004,75.43543543543544,0.19765467185707675,0.2178595389866827
ENSG00000087303,add_a2.0,82.82000000000001,97.83783783783784,0.2320631122182228,0.331406661933068
ENSG00000087303,add_a3.0,80.4,95.73573573573574,0.21802873171978704,0.30759013139650293
ENSG00000087303,add_a4.0,79.04,82.82282282282281,0.22881081302563638,0.27965142774282375
ENSG00000087303,add_gc_removed_a1.0,67.26,87.56756756756756,0.2702716561059227,0.3087480450261882
ENSG00000087303,add_own,76.72,76.87687687687688,0.23956580460467897,0.27812426494552656
ENSG00000087303,add_own_L24,71.9,84.38438438438439,0.2028353897487359,0.2591375751112136
ENSG00000087303,random_a1.0,74.97999999999999,84.98498498498499,0.27339781369753624,0.33760845361609315
ENSG00000087303,random_a1.0_L24,69.1,75.61561561561561,0.2796625392076192,0.30457009241853394
ENSG00000087303,unsteered,64.64,75.07507507507508,0.18793696674492488,0.20950802561495446
ENSG00000087502,add_a0.5,44.760000000000005,46.306306306306304,0.12003041260547628,0.15273369115370028
ENSG00000087502,add_a1.0,46.72,47.68768768768769,0.138632036730418,0.17894269874475438
ENSG00000087502,add_a1.0_L24,38.1,39.33933933933934,0.200379252368597,0.2188629475716935
ENSG00000087502,add_a2.0,70.4,87.02702702702702,0.3427110061723444,0.48107623442478575
ENSG00000087502,add_a3.0,78.24000000000001,91.47147147147147,0.40819590816548235,0.5479892562466661
ENSG00000087502,add_a4.0,80.86,92.97297297297297,0.4479999402910993,0.591414546451289
ENSG00000087502,add_gc_removed_a1.0,35.86,34.53453453453453,0.11581187850421508,0.10285961214253239
ENSG00000087502,add_own,53.620000000000005,57.837837837837846,0.22160372608212814,0.2788267827472158
ENSG00000087502,add_own_L24,40.660000000000004,41.98198198198198,0.1282266733789071,0.14011042576882712
ENSG00000087502,random_a1.0,39.06,36.57657657657658,0.14307747537792626,0.15383270043138392
ENSG00000087502,random_a1.0_L24,37.339999999999996,33.33333333333333,0.19604873942364848,0.1717003461264728
ENSG00000087502,unsteered,40.09731731731732,36.27627627627628,0.18406779715610683,0.1798148662268688
ENSG00000090621,add_a0.5,62.48,74.5945945945946,0.17095042614691275,0.18290936654924644
ENSG00000090621,add_a1.0,72.28,91.71171171171171,0.28281749319994276,0.3501280116511642
ENSG00000090621,add_a1.0_L24,70.9,78.7987987987988,0.2834401705626887,0.3253032638272198
ENSG00000090621,add_a2.0,67.78,90.09009009009009,0.21446226486619224,0.2891432934565312
ENSG00000090621,add_a3.0,78.74,92.07207207207207,0.3000032741335744,0.38277818784541606
ENSG00000090621,add_a4.0,69.38,95.55555555555556,0.19389092983566691,0.2840398045467493
ENSG00000090621,add_gc_removed_a1.0,55.42,62.88288288288288,0.17020608344794097,0.18542803580575476
ENSG00000090621,add_own,73.42,95.37537537537537,0.2692773697982834,0.35320349126758643
ENSG00000090621,add_own_L24,55.96,66.12612612612614,0.10618220910039791,0.09644428188704264
ENSG00000090621,random_a1.0,52.7,62.642642642642635,0.09322286085974632,0.08479982933759841
ENSG00000090621,random_a1.0_L24,59.54,66.54654654654655,0.16463869492618,0.15380471675583235
ENSG00000090621,unsteered,56.58,65.10510510510511,0.13011516216591051,0.12746426519426884
ENSG00000090686,add_a0.5,76.6,97.83783783783784,0.40181376745691144,0.4594253557424285
ENSG00000090686,add_a1.0,78.96000000000001,93.81381381381382,0.41180819182756306,0.4607191613820105
ENSG00000090686,add_a1.0_L24,79.38,92.85285285285286,0.40830819420845216,0.46133070465843656
ENSG00000090686,add_a2.0,83.8,94.35435435435436,0.4640887152878525,0.5171661303809831
ENSG00000090686,add_a3.0,84.44,92.07207207207207,0.4518655326041296,0.5035311444425989
ENSG00000090686,add_a4.0,87.56,92.79279279279278,0.4940892995657554,0.5445646529711042
ENSG00000090686,add_gc_removed_a1.0,65.82188376753507,86.53098882014544,0.3087730432944452,0.35369309594524456
ENSG00000090686,add_own,73.18814814814814,84.3550779695358,0.37474322169469365,0.4258078109098786
ENSG00000090686,add_own_L24,78.16,86.06606606606606,0.4374737332082873,0.4928802042105193
ENSG00000090686,random_a1.0,78.36,88.70870870870871,0.4699685189027976,0.5028429119781682
ENSG00000090686,random_a1.0_L24,83.98,89.00900900900902,0.4746029914154109,0.5183896634588878
ENSG00000090686,unsteered,69.14686686686687,72.07207207207207,0.4745024527830582,0.5056726986185847
ENSG00000092036,add_a0.5,52.739999999999995,54.05405405405405,0.3279038935938182,0.26284412345202984
ENSG00000092036,add_a1.0,60.8,61.44144144144144,0.30005881664203576,0.2628290159734995
ENSG00000092036,add_a1.0_L24,51.96,49.78978978978979,0.3070525657844868,0.2122944135483888
ENSG00000092036,add_a2.0,74.56,77.83783783783784,0.26926301820533116,0.3408846731511598
ENSG00000092036,add_a3.0,83.06,84.14414414414414,0.3121397588487187,0.4355181536368649
ENSG00000092036,add_a4.0,84.56,83.96396396396396,0.3536877700222984,0.4641379052577886
ENSG00000092036,add_gc_removed_a1.0,49.5,49.489489489489486,0.3043858062058188,0.18456875482057164
ENSG00000092036,add_own,68.0,70.69069069069069,0.26689165400599374,0.297741838804826
ENSG00000092036,add_own_L24,66.46000000000001,64.62462462462462,0.290652172626582,0.3025200683636578
ENSG00000092036,random_a1.0,52.720000000000006,58.85885885885885,0.3202561442265831,0.23330066596178134
ENSG00000092036,random_a1.0_L24,45.9,44.56456456456457,0.31058216344008843,0.19116889434883505
ENSG00000092036,unsteered,42.3,41.56156156156156,0.354044157746218,0.21044273502307925
ENSG00000099814,add_a0.5,74.02000000000001,79.15915915915916,0.18400985933939196,0.1617907429756064
ENSG00000099814,add_a1.0,76.04,88.82882882882883,0.2181038499412881,0.22022657685962668
ENSG00000099814,add_a1.0_L24,71.14000000000001,82.4024024024024,0.20536750470713905,0.18826720157552743
ENSG00000099814,add_a2.0,81.64,84.44444444444444,0.23880934846419183,0.2284660727208784
ENSG00000099814,add_a3.0,80.7,87.2072072072072,0.2108649086848792,0.2019306428771213
ENSG00000099814,add_a4.0,86.66,87.56756756756756,0.31488489910959083,0.3109435659633514
ENSG00000099814,add_gc_removed_a1.0,63.720000000000006,78.85885885885885,0.187529809114605,0.1644673155311543
ENSG00000099814,add_own,77.06,83.42342342342343,0.23547064308061844,0.2172726389224821
ENSG00000099814,add_own_L24,73.35999999999999,86.84684684684684,0.1477372165970287,0.13597140161047688
ENSG00000099814,random_a1.0,75.96000000000001,80.0,0.30196337231792936,0.3069682623331883
ENSG00000099814,random_a1.0_L24,72.67999999999999,76.33633633633633,0.2423958167152776,0.2014287421488718
ENSG00000099814,unsteered,73.1,78.1981981981982,0.2616619884042386,0.24555856572801532
ENSG00000100060,add_a0.5,74.94505494505495,96.63003663003663,0.15767370526752736,0.1818706830416885
ENSG00000100060,add_a1.0,76.06837606837607,94.06593406593406,0.1722447334135364,0.19493855511644154
ENSG00000100060,add_a1.0_L24,77.82661782661782,90.03663003663004,0.20048559067024732,0.21021421361693954
ENSG00000100060,add_a2.0,79.16971916971917,96.11721611721612,0.1869817547366784,0.21349288198073557
ENSG00000100060,add_a3.0,83.95604395604396,93.55311355311355,0.23260897552294785,0.26961345050818775
ENSG00000100060,add_a4.0,86.81318681318682,93.6996336996337,0.27227495657976686,0.3038270972342637
ENSG00000100060,add_gc_removed_a1.0,63.663003663003664,83.51648351648352,0.14200650374258245,0.14078313283000038
ENSG00000100060,add_own,72.08009051529834,85.71428571428571,0.1817908594966248,0.20328254002863272
ENSG00000100060,add_own_L24,68.66910866910867,79.34065934065934,0.1612942748240162,0.16481559049000463
ENSG00000100060,random_a1.0,69.81684981684982,81.24542124542124,0.15916481165366708,0.15644436025042646
ENSG00000100060,random_a1.0_L24,69.54822954822956,94.50549450549451,0.13601042095014598,0.15860213812755103
ENSG00000100060,unsteered,71.30647130647131,89.81684981684982,0.14560943916116265,0.15997048655078078
ENSG00000100207,add_a0.5,63.14,77.65765765765767,0.2606887337288891,0.2802870432307371
ENSG00000100207,add_a1.0,72.52000000000001,87.98798798798799,0.15563794074527842,0.2985384437599505
ENSG00000100207,add_a1.0_L24,51.839999999999996,55.31531531531532,0.3384684964837906,0.21437696279275947
ENSG00000100207,add_a2.0,83.46000000000001,93.45345345345345,0.21520633687496304,0.4425392317586181
ENSG00000100207,add_a3.0,78.78,89.06906906906906,0.22200976785185816,0.39154928103573045
ENSG00000100207,add_a4.0,84.3,91.35135135135135,0.23943067414594493,0.44459620686521123
ENSG00000100207,add_gc_removed_a1.0,53.4,56.39639639639639,0.3149907041977982,0.1565930592795826
ENSG00000100207,add_own,75.16,91.23123123123123,0.1868775979414605,0.37947673994183967
ENSG00000100207,add_own_L24,62.019999999999996,69.48948948948949,0.2666963835095605,0.2516362179478712
ENSG00000100207,random_a1.0,57.0,70.57057057057057,0.3412018682059067,0.27826813191648264
ENSG00000100207,random_a1.0_L24,69.58,72.61261261261261,0.2857490146583553,0.26299679131482784
ENSG00000100207,unsteered,65.9,74.23423423423424,0.3174847126915111,0.32453653812399164
ENSG00000100239,add_a0.5,61.760000000000005,83.78378378378379,0.09901215814985281,0.09687288307640829
ENSG00000100239,add_a1.0,58.379999999999995,75.13513513513513,0.14576252361293224,0.133337650658727
ENSG00000100239,add_a1.0_L24,53.760000000000005,70.27027027027027,0.09927217886670917,0.08680496614542883
ENSG00000100239,add_a2.0,67.34,92.37237237237237,0.13996513047119813,0.14636662180543963
ENSG00000100239,add_a3.0,73.24,94.23423423423424,0.21437997526080926,0.21304189605580612
ENSG00000100239,add_a4.0,79.14,95.73573573573574,0.25725567037880875,0.2571062609533223
ENSG00000100239,add_gc_removed_a1.0,49.24,60.06006006006006,0.11215960965639774,0.09911222970660291
ENSG00000100239,add_own,61.9,90.45045045045045,0.09340911737440932,0.09325957900813775
ENSG00000100239,add_own_L24,54.379999999999995,70.93093093093094,0.1339873052575932,0.12535860000856225
ENSG00000100239,random_a1.0,51.17999999999999,61.8018018018018,0.10874701353804499,0.09295461353665699
ENSG00000100239,random_a1.0_L24,54.44,64.08408408408408,0.12926326556416495,0.1127404791771546
ENSG00000100239,unsteered,52.52,67.0870870870871,0.07675436110492852,0.05783023147584434
ENSG00000100350,add_a0.5,70.38,97.35735735735736,0.0792381270670108,0.14384104022851424
ENSG00000100350,add_a1.0,74.34,99.57957957957959,0.12486699274219781,0.19799201244085268
ENSG00000100350,add_a1.0_L24,71.53999999999999,95.1951951951952,0.10855517052540317,0.14873434193006807
ENSG00000100350,add_a2.0,76.08,99.51951951951952,0.13068229755879965,0.20280614193189234
ENSG00000100350,add_a3.0,79.86,99.57957957957959,0.1643396045962902,0.2613810039473271
ENSG00000100350,add_a4.0,77.86,97.53753753753753,0.1313202100839213,0.20886723069519347
ENSG00000100350,add_gc_removed_a1.0,68.67999999999999,96.09609609609609,0.0906864172197942,0.14592950167783525
ENSG00000100350,add_own,74.66,98.7987987987988,0.11803985218810335,0.1894012148123187
ENSG00000100350,add_own_L24,73.53999999999999,95.37537537537537,0.10242905839039626,0.1842124666374046
ENSG00000100350,random_a1.0,68.56,95.61561561561561,0.09101195819731991,0.12926383865372695
ENSG00000100350,random_a1.0_L24,64.03999999999999,86.72672672672672,0.10023547795311742,0.11546470518920579
ENSG00000100350,unsteered,66.34,91.53153153153153,0.0763707889148044,0.10615723635022703
ENSG00000100412,add_a0.5,64.77057057057057,66.82079670031477,0.20706876330309987,0.18641367034082032
ENSG00000100412,add_a1.0,69.96000000000001,78.13813813813815,0.2365794278321851,0.26996228333072886
ENSG00000100412,add_a1.0_L24,70.7,64.68468468468468,0.3691044622460737,0.3419407220186421
ENSG00000100412,add_a2.0,79.02000000000001,88.76876876876877,0.21644368497635905,0.26898815286239114
ENSG00000100412,add_a3.0,82.55999999999999,94.71471471471472,0.26911513724605907,0.3372125238199829
ENSG00000100412,add_a4.0,81.44,93.81381381381382,0.255407766885697,0.3203318430588414
ENSG00000100412,add_gc_removed_a1.0,58.82000000000001,65.16516516516516,0.1940151685541914,0.17436497942609694
ENSG00000100412,add_own,73.14,84.38438438438439,0.2824381643515871,0.301402058613302
ENSG00000100412,add_own_L24,69.84,76.51651651651652,0.22981483555277155,0.23209787332196563
ENSG00000100412,random_a1.0,63.339999999999996,63.9039039039039,0.23776041197439643,0.21830027183835687
ENSG00000100412,random_a1.0_L24,65.47999999999999,79.63963963963964,0.22137993449041557,0.2343624569708005
ENSG00000100412,unsteered,60.4,69.6096096096096,0.2520948022526694,0.24048953920679844
ENSG00000100522,add_a0.5,40.60215053763441,28.516129032258068,0.24444559226930762,0.17120651396544115
ENSG00000100522,add_a1.0,43.18279569892473,37.54838709677419,0.2080147543764404,0.15903373363667977
ENSG00000100522,add_a1.0_L24,37.59139784946236,31.741935483870968,0.2329316432660237,0.15130293071935264
ENSG00000100522,add_a2.0,49.89247311827957,48.90322580645161,0.24426319808036082,0.2371897429569339
ENSG00000100522,add_a3.0,64.08602150537635,73.29032258064517,0.2535368831747088,0.37372219234555953
ENSG00000100522,add_a4.0,72.98924731182795,79.48387096774194,0.3380457533568875,0.46988106286227804
ENSG00000100522,add_gc_removed_a1.0,33.677419354838705,27.35483870967742,0.24259044126104565,0.13566523892136345
ENSG00000100522,add_own,48.38709677419355,41.54838709677419,0.22377373941486772,0.20221480731761057
ENSG00000100522,add_own_L24,35.61290322580645,29.032258064516128,0.22959384601821659,0.1478661125648141
ENSG00000100522,random_a1.0,35.01075268817205,29.548387096774196,0.23316284652691505,0.17166949783048402
ENSG00000100522,random_a1.0_L24,42.623655913978496,35.354838709677416,0.22920630530908462,0.16004029611054882
ENSG00000100522,unsteered,34.70967741935484,25.677419354838708,0.2675173404508171,0.1713349346857554
ENSG00000100554,add_a0.5,47.61467889908257,49.908256880733944,0.22988227685950866,0.22623308613167023
ENSG00000100554,add_a1.0,49.14373088685015,45.87155963302752,0.21021439609694834,0.18413418332870118
ENSG00000100554,add_a1.0_L24,46.88073394495412,47.3394495412844,0.21967551244527544,0.17216520373743477
ENSG00000100554,add_a2.0,62.018348623853214,66.78899082568807,0.2778450945690776,0.3383510616733817
ENSG00000100554,add_a3.0,68.83792048929664,72.20183486238531,0.32463773915695604,0.3939755664094255
ENSG00000100554,add_a4.0,72.93577981651376,76.42201834862385,0.3345522082467516,0.4106997063905606
ENSG00000100554,add_gc_removed_a1.0,41.07033639143731,38.34862385321101,0.23371949353769583,0.1767855202994942
ENSG00000100554,add_own,51.559633027522935,54.95412844036697,0.2535788605631735,0.2629294712808628
ENSG00000100554,add_own_L24,51.86544342507646,57.24770642201835,0.3070563661045458,0.33684705631134915
ENSG00000100554,random_a1.0,37.10327774421513,31.859383587705576,0.3110529718675919,0.21337925776485012
ENSG00000100554,random_a1.0_L24,41.72270068514642,38.99082568807339,0.28069988733457896,0.2533646756424324
ENSG00000100554,unsteered,44.281345565749234,38.9908256880734,0.26077939382770776,0.2092238259754003
ENSG00000100629,add_a0.5,65.94,48.948948948948946,0.3679339313574556,0.36683589037701997
ENSG00000100629,add_a1.0,76.66,70.2102102102102,0.4811547324972925,0.4725377348417206
ENSG00000100629,add_a1.0_L24,67.53999999999999,52.852852852852855,0.35384147780706793,0.34371151226808366
ENSG00000100629,add_a2.0,76.44,68.52852852852853,0.42966499121824386,0.4185126755392507
ENSG00000100629,add_a3.0,82.03999999999999,81.26126126126125,0.4838496939573081,0.4811499145721032
ENSG00000100629,add_a4.0,83.86,83.6036036036036,0.5343068344854375,0.530002983954163
ENSG00000100629,add_gc_removed_a1.0,53.6,47.147147147147145,0.3524104856597131,0.3559832816451306
ENSG00000100629,add_own,73.7,67.98798798798798,0.42605771848030843,0.40921168690908816
ENSG00000100629,add_own_L24,69.88,58.858858858858866,0.3637594613901359,0.3564330038377955
ENSG00000100629,random_a1.0,70.0,60.9009009009009,0.3715281187901871,0.3734542153478949
ENSG00000100629,random_a1.0_L24,62.120000000000005,54.77477477477478,0.2917820674435551,0.27604771755267865
ENSG00000100629,unsteered,66.42,61.56156156156156,0.3615957056528708,0.3661322684187492
ENSG00000101161,add_a0.5,68.94,96.996996996997,0.38195363253410114,0.2998197375511775
ENSG00000101161,add_a1.0,71.67999999999999,99.45945945945945,0.4416115851538337,0.3529018315400285
ENSG00000101161,add_a1.0_L24,71.67999999999999,98.43843843843844,0.435776703584115,0.35596156063750983
ENSG00000101161,add_a2.0,73.2,98.43843843843844,0.42201710112677926,0.33591044273052023
ENSG00000101161,add_a3.0,75.1,98.97897897897897,0.43902352754298846,0.354547452609465
ENSG00000101161,add_a4.0,82.96000000000001,96.03603603603604,0.44965719967359574,0.3753388168744628
ENSG00000101161,add_gc_removed_a1.0,71.5,96.6966966966967,0.40752358762265856,0.32420709294067523
ENSG00000101161,add_own,72.08,99.0990990990991,0.4305315332392715,0.3447951335128868
ENSG00000101161,add_own_L24,70.14,98.67867867867866,0.4252139535910463,0.3400093200264994
ENSG00000101161,random_a1.0,69.03999999999999,95.91591591591592,0.36614293486871635,0.28525338379840626
ENSG00000101161,random_a1.0_L24,66.02000000000001,90.03003003003002,0.34279056642638606,0.2656191016615722
ENSG00000101161,unsteered,65.32000000000001,91.65165165165165,0.3355075405889657,0.2597416052651596
ENSG00000101189,add_a0.5,77.35772357723576,81.58536585365854,0.46866210912438466,0.3428221936624811
ENSG00000101189,add_a1.0,74.63414634146342,83.90243902439025,0.4650729613745462,0.3150118265462867
ENSG00000101189,add_a1.0_L24,61.707317073170735,76.21951219512195,0.3329637884227172,0.2131052643420337
ENSG00000101189,add_a2.0,78.90243902439025,80.48780487804878,0.49104616277334046,0.3622846687262155
ENSG00000101189,add_a3.0,83.41463414634146,94.51219512195122,0.5871969426126469,0.4111767136159914
ENSG00000101189,add_a4.0,79.59349593495935,93.04878048780488,0.5202639632446688,0.32628630087887955
ENSG00000101189,add_gc_removed_a1.0,66.09756097560975,75.0,0.35565995347133983,0.2511016960581502
ENSG00000101189,add_own,78.9430894308943,83.04878048780488,0.5012052145621464,0.36073572520812003
ENSG00000101189,add_own_L24,76.26016260162602,80.2439024390244,0.4831337806184023,0.3590765416525875
ENSG00000101189,random_a1.0,67.19512195121952,70.60975609756098,0.3396150527889067,0.24886145176092905
ENSG00000101189,random_a1.0_L24,74.71544715447155,72.07317073170732,0.5302051390746836,0.4387877403671127
ENSG00000101189,unsteered,79.10569105691056,80.48780487804878,0.4967528785489373,0.3588074806776234
ENSG00000101190,add_a0.5,76.06,95.49549549549549,0.4651851222925725,0.30392379222974947
ENSG00000101190,add_a1.0,81.96000000000001,95.49549549549549,0.49556967173111266,0.31138122285463343
ENSG00000101190,add_a1.0_L24,82.9,97.77777777777777,0.548509455296232,0.3588095149093251
ENSG00000101190,add_a2.0,89.0,97.77777777777779,0.569035785289608,0.3869706686079031
ENSG00000101190,add_a3.0,86.28,98.19819819819818,0.5257896640745999,0.3195443756704517
ENSG00000101190,add_a4.0,89.2,96.27627627627628,0.5432587271542163,0.3347664084699099
ENSG00000101190,add_gc_removed_a1.0,76.44000000000001,85.34534534534535,0.3867342914161904,0.2457372737237991
ENSG00000101190,add_own,80.12,99.45945945945945,0.4878997924463014,0.2831445542881156
ENSG00000101190,add_own_L24,77.94,98.55855855855856,0.4700538744480049,0.3040297236853343
ENSG00000101190,random_a1.0,84.7,95.97597597597597,0.5367676176069305,0.344268613849562
ENSG00000101190,random_a1.0_L24,80.36,92.85285285285286,0.456398059224511,0.3231735371279776
ENSG00000101190,unsteered,79.17999999999999,90.8108108108108,0.45271792883781237,0.30985715396013536
ENSG00000101447,add_a0.5,79.12,89.42942942942943,0.24411152010354326,0.2518755681690811
ENSG00000101447,add_a1.0,80.02000000000001,94.11411411411412,0.25942861406736495,0.27075686278130195
ENSG00000101447,add_a1.0_L24,63.505305305305306,77.55399978291544,0.19957092271715693,0.21015162418915062
ENSG00000101447,add_a2.0,84.42,97.95795795795796,0.3063089737236079,0.3240176681197402
ENSG00000101447,add_a3.0,85.36,94.35435435435434,0.3224044901801724,0.33751691357556807
ENSG00000101447,add_a4.0,88.66,93.993993993994,0.34872967072203276,0.3728323854781551
ENSG00000101447,add_gc_removed_a1.0,79.34,90.8108108108108,0.2658757434037982,0.27916339259081724
ENSG00000101447,add_own,82.26,95.13513513513513,0.2594563021785621,0.2794229928122577
ENSG00000101447,add_own_L24,78.26,80.72072072072072,0.2557205789917078,0.27519534930407746
ENSG00000101447,random_a1.0,73.53999999999999,87.92792792792793,0.24464859400018044,0.2659331645212312
ENSG00000101447,random_a1.0_L24,76.28,82.04204204204204,0.23067329082864588,0.23747847399455252
ENSG00000101447,unsteered,74.34,89.7897897897898,0.18124556678517434,0.19339436538039875
ENSG00000101557,add_a0.5,39.86,36.63663663663664,0.1386922690321751,0.14307392941623637
ENSG00000101557,add_a1.0,36.8,35.49549549549549,0.12185837354289977,0.12059933225176571
ENSG00000101557,add_a1.0_L24,39.040000000000006,35.67567567567568,0.07737180525497318,0.06748838345947593
ENSG00000101557,add_a2.0,65.94,65.94594594594595,0.2632117297721737,0.2904898893915069
ENSG00000101557,add_a3.0,76.52,89.009009009009,0.4449503722924611,0.4815306747049837
ENSG00000101557,add_a4.0,78.02000000000001,91.53153153153153,0.4491527506103908,0.4943436436616139
ENSG00000101557,add_gc_removed_a1.0,35.44,28.52852852852853,0.12760270019887798,0.1236198360228564
ENSG00000101557,add_own,37.1,33.453453453453456,0.17791399654768553,0.1825050520782558
ENSG00000101557,add_own_L24,36.96538538538538,30.99099099099099,0.07373952347382745,0.04805102415561978
ENSG00000101557,random_a1.0,34.86,30.630630630630627,0.17566407331623288,0.16434185505758095
ENSG00000101557,random_a1.0_L24,43.1,37.05705705705706,0.13630101446770038,0.14282668682109892
ENSG00000101557,unsteered,37.9,32.552552552552555,0.11133935571530822,0.11160235470351673
ENSG00000101986,add_a0.5,78.44,96.57657657657657,0.11482721299168794,0.14711577879859375
ENSG00000101986,add_a1.0,79.8,98.37837837837837,0.14665977750161036,0.18012301778022702
ENSG00000101986,add_a1.0_L24,78.44,91.65165165165165,0.18069992347312436,0.1927734362456545
ENSG00000101986,add_a2.0,80.06,95.07507507507508,0.1318413031122357,0.16107808106544522
ENSG00000101986,add_a3.0,84.28,94.5945945945946,0.19629463111044687,0.21947828358911098
ENSG00000101986,add_a4.0,83.72,97.7177177177177,0.206744872881917,0.24070870185704435
ENSG00000101986,add_gc_removed_a1.0,72.14,89.42942942942943,0.13072526316008373,0.12738489741278264
ENSG00000101986,add_own,77.9,94.8948948948949,0.13083980615213459,0.15375438602138872
ENSG00000101986,add_own_L24,69.12916916916916,82.16216216216216,0.1830532543691043,0.185238793518327
ENSG00000101986,random_a1.0,71.38,89.6096096096096,0.1437124911281173,0.1496905125416693
ENSG00000101986,random_a1.0_L24,78.35293293293293,81.36672817395709,0.2882778959155256,0.2922792191275128
ENSG00000101986,unsteered,79.46000000000001,88.46846846846847,0.19026680584170746,0.20358669359389295
ENSG00000102098,add_a0.5,40.64,33.513513513513516,0.16735310096171588,0.15168187607532604
ENSG00000102098,add_a1.0,42.88,41.86186186186186,0.19363062456659094,0.1755293823495977
ENSG00000102098,add_a1.0_L24,36.760000000000005,26.426426426426428,0.2547015899028577,0.21576670389858021
ENSG00000102098,add_a2.0,59.739999999999995,63.183183183183175,0.18505268628333424,0.21570851857406645
ENSG00000102098,add_a3.0,85.26,87.14714714714714,0.43534831941259444,0.4768968500707075
ENSG00000102098,add_a4.0,88.7,88.64864864864865,0.4729947113185653,0.5197968896990289
ENSG00000102098,add_gc_removed_a1.0,34.660000000000004,29.849849849849853,0.20995064062534996,0.18754130274354114
ENSG00000102098,add_own,35.239999999999995,29.06906906906907,0.24163001196990944,0.20596836556794978
ENSG00000102098,add_own_L24,35.7,28.708708708708706,0.24019821316749254,0.22041672451651523
ENSG00000102098,random_a1.0,40.660000000000004,31.591591591591587,0.31554649122821427,0.28263156730217226
ENSG00000102098,random_a1.0_L24,36.120000000000005,26.546546546546544,0.31500818249994433,0.28104556840068445
ENSG00000102098,unsteered,40.18,24.504504504504503,0.26142495254983594,0.2340841679120011
ENSG00000103194,add_a0.5,40.7,31.891891891891895,0.10626227030696181,0.1356499312234099
ENSG00000103194,add_a1.0,52.739999999999995,57.71771771771772,0.18152280690892678,0.16342716392072917
ENSG00000103194,add_a1.0_L24,39.56,33.09309309309309,0.11197737824843265,0.1436358814837852
ENSG00000103194,add_a2.0,72.81361361361363,83.90390390390391,0.32155648132650977,0.2500716666481096
ENSG00000103194,add_a3.0,77.2,90.69069069069069,0.3967968461350654,0.3153691918710798
ENSG00000103194,add_a4.0,82.52000000000001,90.51051051051051,0.44301692111892077,0.3646791453483026
ENSG00000103194,add_gc_removed_a1.0,36.78,31.111111111111114,0.12695266194942606,0.15668537398866247
ENSG00000103194,add_own,44.36,42.58258258258259,0.12144349603089806,0.14169690156837514
ENSG00000103194,add_own_L24,39.160000000000004,29.609609609609613,0.12324788677192995,0.15724676261962311
ENSG00000103194,random_a1.0,37.5,36.3963963963964,0.17015229082682998,0.19752487644872946
ENSG00000103194,random_a1.0_L24,38.019999999999996,32.37237237237237,0.12265288344271115,0.15344098087716612
ENSG00000103194,unsteered,37.82,34.5945945945946,0.12252608442366202,0.14905744025591822
ENSG00000103266,add_a0.5,75.43859649122808,91.203007518797,0.24793368363486396,0.2335774426939264
ENSG00000103266,add_a1.0,76.89223057644111,88.796992481203,0.26338363751967886,0.2551636275901911
ENSG00000103266,add_a1.0_L24,74.28571428571429,97.44360902255639,0.23309314298266964,0.22866935535580096
ENSG00000103266,add_a2.0,73.0827067669173,96.01503759398496,0.20138723195032485,0.20123350552387692
ENSG00000103266,add_a3.0,78.94736842105263,90.07518796992481,0.28528840388686116,0.2714354164438927
ENSG00000103266,add_a4.0,81.75438596491229,95.0375939849624,0.3150803103769424,0.2932322316518246
ENSG00000103266,add_gc_removed_a1.0,74.3609022556391,82.40601503759399,0.25964543940587337,0.23357197636992783
ENSG00000103266,add_own,74.81203007518796,96.76691729323309,0.21232293809584907,0.21593213069455636
ENSG00000103266,add_own_L24,78.37092731829574,93.0827067669173,0.25243489345269604,0.24421428598704545
ENSG00000103266,random_a1.0,70.17543859649123,90.0,0.2546344034428617,0.252891443465351
ENSG00000103266,random_a1.0_L24,72.65664160401002,87.44360902255639,0.2337807597899717,0.21786442373133
ENSG00000103266,unsteered,75.28822055137844,90.0,0.24676067831792334,0.23448324693949046
ENSG00000103460,add_a0.5,77.5,85.46546546546547,0.34686695563745734,0.34846695593366334
ENSG00000103460,add_a1.0,75.53999999999999,86.006006006006,0.32159725650090465,0.3208254080444643
ENSG00000103460,add_a1.0_L24,64.9,81.32132132132132,0.26581991398220983,0.2529083840878464
ENSG00000103460,add_a2.0,87.45593593593594,95.6132638662759,0.4965241620046899,0.4914905108045632
ENSG00000103460,add_a3.0,87.47999999999999,93.993993993994,0.4818316324273771,0.4785234165984643
ENSG00000103460,add_a4.0,89.5,93.45345345345345,0.5294738708367037,0.522699680884705
ENSG00000103460,add_gc_removed_a1.0,63.06,75.91591591591592,0.2536638367378198,0.2526193395065027
ENSG00000103460,add_own,75.58,82.64264264264264,0.33827059840501433,0.3270393152309808
ENSG00000103460,add_own_L24,74.82,81.86186186186185,0.39699031610646907,0.3969817072738272
ENSG00000103460,random_a1.0,62.620000000000005,76.27627627627628,0.28495735701734015,0.27846379535284926
ENSG00000103460,random_a1.0_L24,64.47999999999999,69.00900900900902,0.35237759415771647,0.33350734273915966
ENSG00000103460,unsteered,66.6,89.24924924924925,0.38946108821604153,0.39463014675226676
ENSG00000104142,add_a0.5,73.16,84.38438438438439,0.20043780775434916,0.24238764536418628
ENSG00000104142,add_a1.0,77.53999999999999,94.83483483483482,0.1531926000158629,0.2791699014547538
ENSG00000104142,add_a1.0_L24,71.36,86.30630630630631,0.169514378629423,0.21551961440236758
ENSG00000104142,add_a2.0,82.0,95.67567567567566,0.16445930490528876,0.2993739228989599
ENSG00000104142,add_a3.0,82.44,91.77177177177177,0.15474340013506532,0.2663749345664825
ENSG00000104142,add_a4.0,85.86,90.3903903903904,0.21576136296641382,0.3312919458407997
ENSG00000104142,add_gc_removed_a1.0,57.879999999999995,69.54954954954955,0.2333680084591503,0.15537174073984922
ENSG00000104142,add_own,81.14,95.43543543543544,0.1436012995093398,0.28810362065918454
ENSG00000104142,add_own_L24,76.42,84.68468468468468,0.21525469814536352,0.24840914212169096
ENSG00000104142,random_a1.0,74.28,87.8078078078078,0.17996668722410408,0.24238689116899295
ENSG00000104142,random_a1.0_L24,68.16,75.85585585585586,0.2451180452573193,0.22929023895155715
ENSG00000104142,unsteered,70.42,86.006006006006,0.18981618964711805,0.23439637422236825
ENSG00000105058,add_a0.5,66.92307692307692,80.0,0.4700643219866467,0.3623760614161738
ENSG00000105058,add_a1.0,66.45299145299145,90.8974358974359,0.46306661971584945,0.30298756332308635
ENSG00000105058,add_a1.0_L24,59.7008547008547,82.56410256410255,0.44718438020841833,0.32751220542284043
ENSG00000105058,add_a2.0,67.22222222222223,94.74358974358975,0.5005596325374525,0.325135492467966
ENSG00000105058,add_a3.0,67.77777777777777,92.05128205128206,0.46928692385152637,0.323959622204245
ENSG00000105058,add_a4.0,73.2905982905983,95.38461538461539,0.490327851421994,0.3204985265473676
ENSG00000105058,add_gc_removed_a1.0,54.23076923076923,71.28205128205128,0.4204415701367029,0.3490546985524723
ENSG00000105058,add_own,68.33333333333334,89.74358974358975,0.4719638822561451,0.31771051001446093
ENSG00000105058,add_own_L24,62.05128205128206,78.71794871794872,0.4775774722618799,0.3615156239174388
ENSG00000105058,random_a1.0,61.965811965811966,91.02564102564102,0.4717133471529762,0.2967808952302057
ENSG00000105058,random_a1.0_L24,60.38461538461539,81.92307692307692,0.4403300037533999,0.3161242689896729
ENSG00000105058,unsteered,61.666666666666664,86.41025641025641,0.45515275357711454,0.33616301398346826
ENSG00000105135,add_a0.5,66.76,72.9129129129129,0.2533512917667361,0.25928514539762654
ENSG00000105135,add_a1.0,83.8,89.00900900900902,0.25956145344572235,0.2677983957986528
ENSG00000105135,add_a1.0_L24,77.40946946946947,85.98375483917653,0.25386704306408425,0.26761107551709784
ENSG00000105135,add_a2.0,82.36,94.35435435435436,0.24461594229050795,0.24436409957501928
ENSG00000105135,add_a3.0,90.88,95.55555555555556,0.3710275901659782,0.3784026488352109
ENSG00000105135,add_a4.0,89.08,91.53153153153153,0.3262164901109321,0.33470772868382787
ENSG00000105135,add_gc_removed_a1.0,66.22,66.24624624624624,0.2528447812869061,0.2755321877756783
ENSG00000105135,add_own,79.72,80.96096096096096,0.28173505320854636,0.29058638878316373
ENSG00000105135,add_own_L24,81.56,91.71171171171171,0.2690928057100184,0.2831869996870384
ENSG00000105135,random_a1.0,80.78,88.28828828828829,0.22134024326007035,0.24226591531143474
ENSG00000105135,random_a1.0_L24,82.22,82.28228228228228,0.24996209069422504,0.25731322386070726
ENSG00000105135,unsteered,84.7,87.14714714714714,0.29563989617112,0.3146824140170847
ENSG00000105321,add_a0.5,70.66,70.75075075075075,0.1989917010849181,0.21176553809183538
ENSG00000105321,add_a1.0,67.42,76.15615615615616,0.17266453829106063,0.1698894704328076
ENSG00000105321,add_a1.0_L24,46.4,51.351351351351354,0.3930540498269689,0.37672897434162306
ENSG00000105321,add_a2.0,80.02000000000001,89.12912912912913,0.1582447966249922,0.20503705120510798
ENSG00000105321,add_a3.0,80.06,89.7897897897898,0.1616179383840935,0.20921135523028825
ENSG00000105321,add_a4.0,85.61999999999999,95.1951951951952,0.24354233484792337,0.3026824063348097
ENSG00000105321,add_gc_removed_a1.0,50.62376376376376,50.63063063063063,0.2615298249765816,0.21981136441193705
ENSG00000105321,add_own,64.38,72.13213213213213,0.21418916370851887,0.21080215624093962
ENSG00000105321,add_own_L24,57.89167167167168,71.69271681319874,0.2697966269754954,0.255282104877401
ENSG00000105321,random_a1.0,54.760000000000005,65.82582582582583,0.20124130497309095,0.17886460169302093
ENSG00000105321,random_a1.0_L24,61.5,68.46846846846847,0.2659449764986145,0.2470373170840748
ENSG00000105321,unsteered,52.04,57.53753753753754,0.24339620610238466,0.2031923366432927
ENSG00000105538,add_a0.5,71.16,94.17417417417417,0.17993175994392308,0.17499427220477787
ENSG00000105538,add_a1.0,82.48,95.37537537537537,0.17674589761795417,0.219907914139191
ENSG00000105538,add_a1.0_L24,70.97999999999999,89.36936936936937,0.20387867873546384,0.22429855472152127
ENSG00000105538,add_a2.0,79.46,91.83183183183182,0.16162646481607607,0.18497933539333183
ENSG00000105538,add_a3.0,80.02000000000001,92.73273273273273,0.14814431910510006,0.1674795346983191
ENSG00000105538,add_a4.0,85.67999999999999,88.52852852852854,0.17863809430315705,0.1849063675079879
ENSG00000105538,add_gc_removed_a1.0,62.2,73.15315315315316,0.2708836523133336,0.23901722413901555
ENSG00000105538,add_own,78.88,89.12912912912913,0.16295711218200912,0.1767651787778583
ENSG00000105538,add_own_L24,76.08,84.38438438438439,0.21643941510564627,0.22232591516984232
ENSG00000105538,random_a1.0,79.82000000000001,87.2072072072072,0.29064914617188004,0.2825031503592547
ENSG00000105538,random_a1.0_L24,68.92,88.70870870870871,0.21361658489369179,0.21745421354354333
ENSG00000105538,unsteered,73.91999999999999,84.2042042042042,0.22185808405532764,0.21276319172121122
ENSG00000105639,add_a0.5,69.28,78.1981981981982,0.16785617882146137,0.15726813023199873
ENSG00000105639,add_a1.0,71.24000000000001,79.81981981981981,0.1574834798827896,0.13077232319269416
ENSG00000105639,add_a1.0_L24,63.02,72.1921921921922,0.1382186339157706,0.15490931085139362
ENSG00000105639,add_a2.0,82.28,90.69069069069069,0.25377632826638064,0.21230283025141317
ENSG00000105639,add_a3.0,81.46000000000001,92.55255255255256,0.2500745843652457,0.19694075874603564
ENSG00000105639,add_a4.0,87.72,90.63063063063063,0.3497542454441872,0.28434570224420647
ENSG00000105639,add_gc_removed_a1.0,61.540000000000006,68.22822822822823,0.13159538476347338,0.13977415987419714
ENSG00000105639,add_own,79.84,89.42942942942942,0.22186318572999197,0.16814256439611805
ENSG00000105639,add_own_L24,66.56,68.82882882882882,0.19343936628147249,0.17525999005092707
ENSG00000105639,random_a1.0,67.28,73.87387387387388,0.24073378012623978,0.23441990242139216
ENSG00000105639,random_a1.0_L24,59.620000000000005,62.82282282282282,0.14170214198585454,0.15120305228202705
ENSG00000105639,unsteered,63.570530530530526,70.8108108108108,0.1747571604378924,0.18310795399273744
ENSG00000105664,add_a0.5,82.12,88.16816816816817,0.29777214395961893,0.260519990366742
ENSG00000105664,add_a1.0,79.2,87.2072072072072,0.20826647213508317,0.18794790983139648
ENSG00000105664,add_a1.0_L24,80.78,91.23123123123123,0.22546671129140053,0.20065308000099907
ENSG00000105664,add_a2.0,86.97999999999999,88.64864864864865,0.32359202489702754,0.2900329162030193
ENSG00000105664,add_a3.0,85.88,88.28828828828829,0.3368175168386394,0.31068819607225023
ENSG00000105664,add_a4.0,88.67999999999999,89.06906906906906,0.3375187766290225,0.3079740600605317
ENSG00000105664,add_gc_removed_a1.0,75.7,76.57657657657657,0.3289898503748007,0.3341758391659256
ENSG00000105664,add_own,79.38,93.87387387387386,0.20599138232217445,0.18636688309830748
ENSG00000105664,add_own_L24,80.52000000000001,84.92492492492492,0.2822259622724367,0.2635211658021305
ENSG00000105664,random_a1.0,77.17999999999999,78.7987987987988,0.28513530235158985,0.2680740855509036
ENSG00000105664,random_a1.0_L24,78.74,79.51951951951952,0.38733284176288846,0.371343974905158
ENSG00000105664,unsteered,77.96000000000001,84.74474474474474,0.261507390488415,0.2435995692886051
ENSG00000105852,add_a0.5,73.12820512820512,92.8,0.26008319314496187,0.4587639425224184
ENSG00000105852,add_a1.0,80.3076923076923,86.4,0.3448704006668223,0.5120499680386501
ENSG00000105852,add_a1.0_L24,66.37948717948719,68.98461538461538,0.28782819505826024,0.3455482768528487
ENSG00000105852,add_a2.0,78.99487179487178,95.6923076923077,0.2733566362650036,0.48603097621170466
ENSG00000105852,add_a3.0,82.07179487179488,94.03076923076922,0.27069631697885754,0.4982205814045086
ENSG00000105852,add_a4.0,90.48205128205129,91.93846153846154,0.40744252048347074,0.5910873696857925
ENSG00000105852,add_gc_removed_a1.0,61.85847417469595,68.18461538461538,0.28916035306721943,0.3070630174932877
ENSG00000105852,add_own,78.33846153846153,88.92307692307693,0.24547423828118836,0.4509174772214514
ENSG00000105852,add_own_L24,70.85128205128206,81.1076923076923,0.2813286946177086,0.4412481479525948
ENSG00000105852,random_a1.0,72.8,88.86153846153846,0.2917059752715304,0.46090532086296676
ENSG00000105852,random_a1.0_L24,71.22051282051282,84.43076923076923,0.3033445928504156,0.4237063907892649
ENSG00000105852,unsteered,57.72307692307693,70.95384615384614,0.23534503166662174,0.26769850421363484
ENSG00000105976,add_a0.5,53.4,63.3033033033033,0.1267624277017535,0.1340558724360025
ENSG00000105976,add_a1.0,63.260000000000005,82.64264264264264,0.15088442826493967,0.21754013962677363
ENSG00000105976,add_a1.0_L24,49.64,57.23723723723724,0.16976219934973055,0.16432511464197078
ENSG00000105976,add_a2.0,76.14,87.32732732732732,0.26384339242289323,0.35156201211242555
ENSG00000105976,add_a3.0,78.26,88.52852852852853,0.2960150882306679,0.38971279852996654
ENSG00000105976,add_a4.0,80.88000000000001,90.69069069069069,0.3283421059583752,0.42869112836492745
ENSG00000105976,add_gc_removed_a1.0,44.839999999999996,49.90990990990991,0.1453806980600211,0.10482419243551133
ENSG00000105976,add_own,58.8,75.07507507507508,0.1548402986580431,0.1992804070939541
ENSG00000105976,add_own_L24,53.220000000000006,62.642642642642635,0.11750552996116184,0.12183317950071397
ENSG00000105976,random_a1.0,44.760000000000005,54.294294294294296,0.12710319151403388,0.09240096405478396
ENSG00000105976,random_a1.0_L24,43.2,44.08408408408409,0.13384779863775628,0.07894253252898889
ENSG00000105976,unsteered,50.42,62.16216216216217,0.09243073873215794,0.09382080575300503
ENSG00000105982,add_a0.5,40.3,42.58258258258259,0.13672641081926104,0.15630481886230108
ENSG00000105982,add_a1.0,39.94,29.96996996996997,0.20265956051106276,0.2338134381736709
ENSG00000105982,add_a1.0_L24,30.82,21.8018018018018,0.25552886777563344,0.3208377546844712
ENSG00000105982,add_a2.0,58.98,61.08108108108108,0.20805964223190596,0.1881361211021353
ENSG00000105982,add_a3.0,77.76,78.13813813813815,0.43533043795830223,0.3920045320487682
ENSG00000105982,add_a4.0,84.4,87.0870870870871,0.5026856872309164,0.4364604159047564
ENSG00000105982,add_gc_removed_a1.0,30.560000000000002,26.366366366366368,0.1756223660703498,0.23349725810540325
ENSG00000105982,add_own,42.58,33.933933933933936,0.21630590889792273,0.2485618279762388
ENSG00000105982,add_own_L24,34.3,35.55555555555556,0.15575658475524037,0.2018893581570147
ENSG00000105982,random_a1.0,35.9,30.150150150150147,0.15364412525843257,0.20386671252057012
ENSG00000105982,random_a1.0_L24,33.60688688688689,18.75664821447954,0.1777589158645765,0.2526424005370627
ENSG00000105982,unsteered,33.760000000000005,29.24924924924925,0.15221434874717715,0.22497565956961246
ENSG00000106624,add_a0.5,79.14,88.70870870870871,0.2393244014635647,0.24125041805178804
ENSG00000106624,add_a1.0,80.62,90.5105105105105,0.2781441386517293,0.2612145926287536
ENSG00000106624,add_a1.0_L24,81.56,87.14714714714714,0.25812810534749586,0.2388478413738985
ENSG00000106624,add_a2.0,86.44,95.25525525525525,0.2836495778031652,0.27907675384701325
ENSG00000106624,add_a3.0,87.0,94.29429429429429,0.3219869893225632,0.32015375596679807
ENSG00000106624,add_a4.0,89.72,95.67567567567568,0.371265200960866,0.36988442325376775
ENSG00000106624,add_gc_removed_a1.0,62.5,69.24924924924925,0.1650224547206693,0.16722724784499973
ENSG00000106624,add_own,80.92,90.8108108108108,0.26410679190498165,0.26324281746311934
ENSG00000106624,add_own_L24,80.52000000000001,86.84684684684684,0.30791155447997914,0.2987502465595627
ENSG00000106624,random_a1.0,75.03999999999999,85.34534534534535,0.22382181650024516,0.22143548810019187
ENSG00000106624,random_a1.0_L24,74.76,85.88588588588588,0.2601562275418082,0.2487334656140205
ENSG00000106624,unsteered,73.62,87.2072072072072,0.2589876276842926,0.24820569412402066
ENSG00000107104,add_a0.5,59.67999999999999,68.46846846846847,0.26131187551946305,0.2776574298675666
ENSG00000107104,add_a1.0,67.32,82.22222222222221,0.1556621963408497,0.212133275016386
ENSG00000107104,add_a1.0_L24,53.52,60.6006006006006,0.24465889582529154,0.2316307409335499
ENSG00000107104,add_a2.0,76.4,91.95195195195194,0.2934865854958666,0.3671459177246148
ENSG00000107104,add_a3.0,79.42,93.45345345345345,0.28821738973503963,0.36261116419041894
ENSG00000107104,add_a4.0,85.24,89.36936936936937,0.3278569303992424,0.4092156347636374
ENSG00000107104,add_gc_removed_a1.0,41.519999999999996,37.23723723723724,0.30989880881118537,0.28039954499674274
ENSG00000107104,add_own,58.6,71.47147147147147,0.11739983664980184,0.13066891105929163
ENSG00000107104,add_own_L24,43.32,40.54054054054054,0.2018869094341568,0.15858926583043786
ENSG00000107104,random_a1.0,51.167167167167165,52.432432432432435,0.1645041836781061,0.16120223541431528
ENSG00000107104,random_a1.0_L24,55.839999999999996,69.54954954954955,0.20428381217786334,0.19479895863685742
ENSG00000107104,unsteered,42.84,46.666666666666664,0.17464532486971798,0.13588215907758844
ENSG00000107186,add_a0.5,50.260000000000005,60.42042042042042,0.17297333386105415,0.18485198163674546
ENSG00000107186,add_a1.0,65.0,74.29429429429429,0.25241868857947086,0.2639499498824978
ENSG00000107186,add_a1.0_L24,57.08,58.67867867867868,0.14969729300057208,0.162430431754394
ENSG00000107186,add_a2.0,74.9,79.15915915915916,0.3500414101608219,0.35554212287050324
ENSG00000107186,add_a3.0,76.16,80.72072072072072,0.384242712542775,0.3853796891230702
ENSG00000107186,add_a4.0,90.22,90.33033033033033,0.5695484611793873,0.5712415119365916
ENSG00000107186,add_gc_removed_a1.0,43.08,44.44444444444444,0.2105170781730848,0.21439509066005513
ENSG00000107186,add_own,55.779999999999994,56.63663663663664,0.1914203169967866,0.19831275640566662
ENSG00000107186,add_own_L24,42.72,46.24624624624625,0.14890108553252118,0.15081059536332125
ENSG00000107186,random_a1.0,49.78,53.99399399399399,0.18287251862789447,0.18214880260206573
ENSG00000107186,random_a1.0_L24,42.160000000000004,46.42642642642643,0.14751370808714648,0.1590051776960732
ENSG00000107186,unsteered,42.22,42.94294294294294,0.13607747961829078,0.13707191097086735
ENSG00000107719,add_a0.5,57.279999999999994,73.69369369369369,0.17370317108531946,0.2110185875551429
ENSG00000107719,add_a1.0,67.4,81.32132132132132,0.1854756369784489,0.22107389916162096
ENSG00000107719,add_a1.0_L24,50.78,57.65765765765766,0.15413761755374575,0.19032031897292795
ENSG00000107719,add_a2.0,75.76,96.15615615615616,0.17434509706734985,0.21500988196741547
ENSG00000107719,add_a3.0,79.6,92.13213213213213,0.20116685279685953,0.23908790285546022
ENSG00000107719,add_a4.0,85.92,94.53453453453453,0.26534124884606236,0.30926549824387156
ENSG00000107719,add_gc_removed_a1.0,41.0,47.327327327327325,0.205227525858705,0.24022824635262224
ENSG00000107719,add_own,64.53999999999999,82.82282282282281,0.14640781654530685,0.1768002121473124
ENSG00000107719,add_own_L24,59.56,70.15015015015015,0.16521672202021864,0.20832012907318007
ENSG00000107719,random_a1.0,48.92,53.45345345345345,0.17368107597478838,0.21456632894424507
ENSG00000107719,random_a1.0_L24,59.739999999999995,70.27027027027027,0.1447980548581314,0.1814289790249683
ENSG00000107719,unsteered,52.48,55.85585585585585,0.22367173098867926,0.25625037984447224
ENSG00000107736,add_a0.5,72.2,90.57057057057057,0.20613665171654186,0.20194830498426358
ENSG00000107736,add_a1.0,75.22,80.84084084084084,0.2904381831322363,0.2884394004750694
ENSG00000107736,add_a1.0_L24,64.82000000000001,79.6996996996997,0.2007356725319601,0.2106345914236499
ENSG00000107736,add_a2.0,79.36,95.1951951951952,0.2895990534289231,0.2771275540780085
ENSG00000107736,add_a3.0,85.96000000000001,96.996996996997,0.39421379328444334,0.3801470810820966
ENSG00000107736,add_a4.0,83.97999999999999,93.75375375375374,0.36120153815393213,0.35586732455157366
ENSG00000107736,add_gc_removed_a1.0,63.2,71.5915915915916,0.1844723502364666,0.20427091159301272
ENSG00000107736,add_own,73.47999999999999,95.55555555555556,0.21005657091151,0.196826268447353
ENSG00000107736,add_own_L24,66.07363363363363,76.55541083251927,0.1791469813379209,0.18625203512642696
ENSG00000107736,random_a1.0,64.27349349349349,72.97297297297297,0.18065059369890246,0.19144793226970663
ENSG00000107736,random_a1.0_L24,63.58,77.65765765765767,0.12120031751215825,0.12975137690429223
ENSG00000107736,unsteered,64.93181181181181,78.91891891891892,0.12421895779083388,0.1287959261622409
ENSG00000107745,add_a0.5,50.3,56.45645645645645,0.1994628503284917,0.2314899330270769
ENSG00000107745,add_a1.0,60.879999999999995,68.64864864864865,0.1926627919691814,0.2394499287502824
ENSG00000107745,add_a1.0_L24,41.239999999999995,41.68168168168168,0.21114478127163977,0.2169368050906967
ENSG00000107745,add_a2.0,76.1926126126126,75.37537537537537,0.34065613181832644,0.3944677450858452
ENSG00000107745,add_a3.0,83.14,82.10210210210211,0.44485955767869967,0.5076811933100661
ENSG00000107745,add_a4.0,88.53999999999999,90.57057057057057,0.4923493503763051,0.5493912788586989
ENSG00000107745,add_gc_removed_a1.0,38.46,38.25825825825826,0.17799320574007366,0.17089612276383015
ENSG00000107745,add_own,78.9,89.66966966966967,0.3983801340258551,0.45935892449119675
ENSG00000107745,add_own_L24,47.08,50.030030030030034,0.1701151219719518,0.19671449360266605
ENSG00000107745,random_a1.0,55.839999999999996,58.07807807807808,0.20946283512538044,0.22746124046452035
ENSG00000107745,random_a1.0_L24,51.660000000000004,55.79579579579579,0.15808258528571573,0.17959339244006778
ENSG00000107745,unsteered,57.52,60.54054054054054,0.20319404560146515,0.2268525524748807
ENSG00000107771,add_a0.5,43.14,34.77477477477478,0.10581967522765323,0.09847008960971562
ENSG00000107771,add_a1.0,47.160000000000004,43.66366366366366,0.11429571804132468,0.11809649258981236
ENSG00000107771,add_a1.0_L24,44.260000000000005,40.78078078078078,0.07721809252262271,0.07891032908016035
ENSG00000107771,add_a2.0,73.94,80.6006006006006,0.3547088823536969,0.42562349436296215
ENSG00000107771,add_a3.0,83.82000000000001,91.11111111111111,0.47629566639971904,0.5525798315636778
ENSG00000107771,add_a4.0,87.82000000000001,92.43243243243244,0.5468307227174348,0.6105515522824485
ENSG00000107771,add_gc_removed_a1.0,35.480000000000004,24.744744744744747,0.12460117220235764,0.09069010130268688
ENSG00000107771,add_own,50.46,48.168168168168165,0.17226514564856105,0.18405351898068328
ENSG00000107771,add_own_L24,38.4,30.27027027027027,0.10478260737350711,0.08005125928198394
ENSG00000107771,random_a1.0,42.1,28.58858858858859,0.1145795553825297,0.09658977710147724
ENSG00000107771,random_a1.0_L24,41.760000000000005,31.351351351351354,0.11245113516320424,0.09703448472368541
ENSG00000107771,unsteered,37.64,25.645645645645647,0.11960297057779548,0.09528336170930868
ENSG00000107833,add_a0.5,70.55555555555556,91.52777777777777,0.30650630694724207,0.2987403512365912
ENSG00000107833,add_a1.0,66.29629629629629,91.52777777777779,0.2834677711766394,0.28475142525494507
ENSG00000107833,add_a1.0_L24,62.546296296296305,80.41666666666667,0.25665285059085663,0.2579669467704353
ENSG00000107833,add_a2.0,73.56481481481482,88.8888888888889,0.3122558912139491,0.31438665997941423
ENSG00000107833,add_a3.0,74.02777777777779,88.47222222222223,0.33767874708050966,0.33763836871908665
ENSG00000107833,add_a4.0,79.21296296296296,87.22222222222223,0.3498509012992331,0.35602028556812293
ENSG00000107833,add_gc_removed_a1.0,63.379629629629626,79.30555555555556,0.30380350263613715,0.3029745053344067
ENSG00000107833,add_own,73.24074074074075,86.1111111111111,0.31792148724665603,0.3120127259722262
ENSG00000107833,add_own_L24,62.083333333333336,82.63888888888889,0.2759483520411516,0.28079831213085216
ENSG00000107833,random_a1.0,63.28703703703704,80.83333333333333,0.27809531552734584,0.27375081107968874
ENSG00000107833,random_a1.0_L24,63.055555555555564,88.8888888888889,0.26493605285229654,0.2736412238916545
ENSG00000107833,unsteered,62.31481481481482,78.47222222222223,0.28387310765572227,0.2756593701002998
ENSG00000107968,add_a0.5,43.72,44.26426426426427,0.13501413070668064,0.12429914619585195
ENSG00000107968,add_a1.0,56.7,65.82582582582583,0.147944597178893,0.16226704235355363
ENSG00000107968,add_a1.0_L24,38.46,31.051051051051054,0.15837872207126327,0.14339106382237718
ENSG00000107968,add_a2.0,71.1,84.02402402402403,0.2829449853202002,0.33341523569870857
ENSG00000107968,add_a3.0,82.34,94.89489489489489,0.4008353033912634,0.4510381809759153
ENSG00000107968,add_a4.0,87.14,87.86786786786787,0.4748025142890341,0.502863465020293
ENSG00000107968,add_gc_removed_a1.0,34.519999999999996,31.41141141141141,0.1461872743069586,0.1378525648652582
ENSG00000107968,add_own,54.720000000000006,57.35735735735735,0.15800670567978675,0.18432287122234264
ENSG00000107968,add_own_L24,46.720000000000006,45.34534534534534,0.13814515113025258,0.13664066503474714
ENSG00000107968,random_a1.0,39.839999999999996,34.8948948948949,0.11494583766853875,0.1035993269272032
ENSG00000107968,random_a1.0_L24,40.94,32.13213213213213,0.14105605751208666,0.11699727961450757
ENSG00000107968,unsteered,39.12,39.33933933933934,0.13748481600726276,0.13337107180400576
ENSG00000108010,add_a0.5,65.19509476031216,67.82608695652173,0.2687743000417913,0.3426353563824613
ENSG00000108010,add_a1.0,63.255295429208466,65.15050167224081,0.239305489096948,0.29381519184412924
ENSG00000108010,add_a1.0_L24,60.71348940914159,61.20401337792642,0.2208103153087108,0.2441702441927367
ENSG00000108010,add_a2.0,79.99156414237936,88.54907858409463,0.2870894653166719,0.5068216395042482
ENSG00000108010,add_a3.0,80.59688047459787,89.89966555183946,0.24918268989688513,0.50320150849498
ENSG00000108010,add_a4.0,84.88294314381271,91.77257525083613,0.2952253164827401,0.5408218701342377
ENSG00000108010,add_gc_removed_a1.0,51.34003225035834,56.36147336760117,0.22972912620101954,0.20371371872685468
ENSG00000108010,add_own,73.64548494983278,87.35785953177258,0.20701288708027704,0.4491215130293972
ENSG00000108010,add_own_L24,63.299888517279825,75.31772575250837,0.14303041763529983,0.27434820259487297
ENSG00000108010,random_a1.0,50.89026915113872,51.77257525083612,0.25251002750733903,0.2028322168572762
ENSG00000108010,random_a1.0_L24,55.763656633221856,54.581939799331096,0.42283959394807347,0.4053498673854282
ENSG00000108010,unsteered,54.64882943143813,56.32107023411371,0.4400705210996228,0.4320048515202478
ENSG00000108375,add_a0.5,67.8,81.86186186186185,0.1243009068638115,0.16244917268599446
ENSG00000108375,add_a1.0,75.44000000000001,81.14114114114115,0.1544016501275574,0.19485974784323773
ENSG00000108375,add_a1.0_L24,68.64,72.07207207207207,0.15659024625335033,0.1819924273483831
ENSG00000108375,add_a2.0,83.38,94.89489489489489,0.24030176589805602,0.3163645540930213
ENSG00000108375,add_a3.0,82.08,91.35135135135135,0.22123710805438748,0.2931083741270969
ENSG00000108375,add_a4.0,87.38000000000001,90.99099099099098,0.3162377743478635,0.3948619958441363
ENSG00000108375,add_gc_removed_a1.0,61.14,71.83183183183183,0.13370931975209763,0.11901761879487094
ENSG00000108375,add_own,73.25999999999999,83.36336336336336,0.2268810220768865,0.27594606258561083
ENSG00000108375,add_own_L24,60.47181181181181,71.86945982126704,0.12193561626116305,0.1252951423812642
ENSG00000108375,random_a1.0,59.44,60.9009009009009,0.16340728445467545,0.14100567075924186
ENSG00000108375,random_a1.0_L24,58.54,66.72672672672672,0.16751144302998272,0.14364388036746503
ENSG00000108375,unsteered,62.52,64.50450450450451,0.15258761050845454,0.12983491367755273
ENSG00000108423,add_a0.5,35.64,36.93693693693693,0.11106603870668437,0.11107272634258072
ENSG00000108423,add_a1.0,51.660000000000004,56.57657657657658,0.15861864135012707,0.17928034043170676
ENSG00000108423,add_a1.0_L24,34.44,33.993993993993996,0.1345174051561878,0.13309989897614677
ENSG00000108423,add_a2.0,53.4,53.813813813813816,0.16637773917597604,0.19049290096626775
ENSG00000108423,add_a3.0,80.34,90.87087087087087,0.39954268862664793,0.4589178490578177
ENSG00000108423,add_a4.0,85.22,88.04804804804806,0.4767267070220497,0.5335809747619322
ENSG00000108423,add_gc_removed_a1.0,36.4,31.291291291291294,0.08311786374931868,0.07830994153110551
ENSG00000108423,add_own,40.94,41.5015015015015,0.18076546916925845,0.1773059972983943
ENSG00000108423,add_own_L24,37.82,36.57657657657658,0.12870622384229707,0.12250495383917108
ENSG00000108423,random_a1.0,32.4,30.99099099099099,0.11584482149644101,0.10870113767782344
ENSG00000108423,random_a1.0_L24,39.8,33.933933933933936,0.07611252993749842,0.073761490815378
ENSG00000108423,unsteered,34.0,30.570570570570574,0.1093434418540126,0.10418795677488639
ENSG00000108599,add_a0.5,46.04,52.312312312312315,0.13406728488936906,0.1444042806261931
ENSG00000108599,add_a1.0,56.44,62.58258258258259,0.21932560283387828,0.23621418450907336
ENSG00000108599,add_a1.0_L24,44.28,40.12012012012012,0.13637799865557404,0.12859981763646705
ENSG00000108599,add_a2.0,72.42,90.87087087087086,0.34861526747879257,0.39279071409493993
ENSG00000108599,add_a3.0,79.36,92.43243243243242,0.42347743123392634,0.466450169933842
ENSG00000108599,add_a4.0,78.5,83.003003003003,0.4189624862981331,0.4641510645750067
ENSG00000108599,add_gc_removed_a1.0,34.46,30.930930930930934,0.1475112326040254,0.14320534671481416
ENSG00000108599,add_own,56.52,65.82582582582583,0.24026346001679313,0.2590637418830553
ENSG00000108599,add_own_L24,37.12,36.21621621621622,0.12570191994251265,0.11806060243475631
ENSG00000108599,random_a1.0,41.1,42.04204204204204,0.1616982542519924,0.1661689628254614
ENSG00000108599,random_a1.0_L24,46.519999999999996,48.10810810810811,0.1270848130815956,0.14726306570650588
ENSG00000108599,unsteered,41.760000000000005,35.1951951951952,0.26742629102816823,0.2591110038074868
ENSG00000109576,add_a0.5,52.620000000000005,55.73573573573574,0.2379017433717076,0.265023423967978
ENSG00000109576,add_a1.0,70.52000000000001,75.13513513513513,0.33982599345719294,0.4569903092832116
ENSG00000109576,add_a1.0_L24,64.12,62.58258258258259,0.25735861437075247,0.3333257883287498
ENSG00000109576,add_a2.0,72.36,79.81981981981983,0.27035331293297543,0.4218121141564192
ENSG00000109576,add_a3.0,81.67999999999999,91.23123123123123,0.3643513421034238,0.5697410500602491
ENSG00000109576,add_a4.0,85.82,88.94894894894894,0.39311528850683375,0.5856283616544697
ENSG00000109576,add_gc_removed_a1.0,54.58,61.56156156156156,0.14990402274017955,0.20688671275629136
ENSG00000109576,add_own,60.879999999999995,69.24924924924926,0.23551644326436144,0.3511258405866741
ENSG00000109576,add_own_L24,57.44,60.12012012012012,0.304869987982625,0.36526195268222283
ENSG00000109576,random_a1.0,57.6,57.357357357357365,0.3452268136978914,0.4033427992230661
ENSG00000109576,random_a1.0_L24,43.540000000000006,44.26426426426426,0.27863608779743665,0.25040890666095333
ENSG00000109576,unsteered,53.98,51.231231231231234,0.2793456404239611,0.2978038454258719
ENSG00000109943,add_a0.5,56.34782782782783,63.66366366366367,0.23059341650049273,0.22444311149404425
ENSG00000109943,add_a1.0,63.64,74.8948948948949,0.279091865764194,0.2708260982957561
ENSG00000109943,add_a1.0_L24,54.8,63.84384384384384,0.19395211700976162,0.2074382573497342
ENSG00000109943,add_a2.0,74.46000000000001,91.17117117117117,0.36371726680823385,0.34700795866500744
ENSG00000109943,add_a3.0,81.46000000000001,87.92792792792793,0.49652729447730926,0.4743886664136478
ENSG00000109943,add_a4.0,85.9,91.53153153153153,0.5447081075088047,0.519435013429728
ENSG00000109943,add_gc_removed_a1.0,41.36688688688689,42.34234234234234,0.1210111318011378,0.11691769278482178
ENSG00000109943,add_own,64.56,77.05705705705705,0.24502772469731657,0.24426163821172553
ENSG00000109943,add_own_L24,49.6,54.95495495495495,0.12756609811141664,0.12484315348874764
ENSG00000109943,random_a1.0,50.5,52.372372372372375,0.14635563229103765,0.1388510300953683
ENSG00000109943,random_a1.0_L24,40.04322322322322,45.16516516516516,0.16894987366717182,0.1622235015139768
ENSG00000109943,unsteered,55.44,60.12012012012012,0.18852316650935372,0.1981610225651373
ENSG00000110756,add_a0.5,44.94,38.7987987987988,0.2784671181515523,0.0178147729455771
ENSG00000110756,add_a1.0,46.24,45.22522522522522,0.2541606353713673,0.05760687883475879
ENSG00000110756,add_a1.0_L24,41.86,35.67567567567568,0.31808188968723666,0.036557514589384534
ENSG00000110756,add_a2.0,74.53999999999999,84.56456456456456,0.14950768471083659,0.3774150781567621
ENSG00000110756,add_a3.0,79.74000000000001,87.44744744744744,0.18867477338980512,0.4560407883731038
ENSG00000110756,add_a4.0,81.17999999999999,88.88888888888889,0.20375836205240344,0.470172620802097
ENSG00000110756,add_gc_removed_a1.0,42.92,39.0990990990991,0.2996360257709222,0.05850764959738074
ENSG00000110756,add_own,71.05999999999999,83.003003003003,0.13781556487386015,0.354665524063149
ENSG00000110756,add_own_L24,47.12,47.38738738738739,0.25264728660499786,0.09027675630359608
ENSG00000110756,random_a1.0,41.64,35.7957957957958,0.31265149215491794,0.035107076210357996
ENSG00000110756,random_a1.0_L24,44.160000000000004,37.23723723723724,0.2923265730415665,0.017970769859624307
ENSG00000110756,unsteered,42.4,36.87687687687688,0.32810520853696046,0.060956001272292816
ENSG00000110851,add_a0.5,62.28000000000001,66.6066066066066,0.21774701554672635,0.24043932472816806
ENSG00000110851,add_a1.0,65.92,77.29729729729729,0.17155411694734288,0.26487933135636654
ENSG00000110851,add_a1.0_L24,51.67999999999999,53.99399399399399,0.20333708263771685,0.19170198510934222
ENSG00000110851,add_a2.0,77.47999999999999,84.02402402402402,0.23478000396629645,0.3614764057640461
ENSG00000110851,add_a3.0,81.66,92.49249249249249,0.289773755790919,0.45206914189188757
ENSG00000110851,add_a4.0,89.44,93.75375375375376,0.35869058285237737,0.5236333131118042
ENSG00000110851,add_gc_removed_a1.0,41.4,40.84084084084084,0.2640779414217788,0.17613417762322353
ENSG00000110851,add_own,62.82000000000001,69.4894894894895,0.15196231118612075,0.20018802852998685
ENSG00000110851,add_own_L24,56.08,57.65765765765766,0.25920867452525853,0.22803392416261087
ENSG00000110851,random_a1.0,52.7,55.37537537537537,0.20454361876381827,0.17115203172253457
ENSG00000110851,random_a1.0_L24,48.1,49.78978978978979,0.2351176788478476,0.18673856997628296
ENSG00000110851,unsteered,47.44,45.705705705705704,0.28863296916605646,0.2309914851192683
ENSG00000111481,add_a0.5,48.214285714285715,59.32539682539682,0.16270026170346166,0.07853357689588893
ENSG00000111481,add_a1.0,57.34126984126984,85.11904761904762,0.12793624865600745,0.18292251462945955
ENSG00000111481,add_a1.0_L24,48.31349206349206,59.82142857142857,0.147995942477692,0.04638301807494987
ENSG00000111481,add_a2.0,65.11243386243386,90.27777777777779,0.18090827760166547,0.2560071439756021
ENSG00000111481,add_a3.0,63.69047619047619,91.56746031746032,0.17450642830228183,0.27159043775595937
ENSG00000111481,add_a4.0,69.47751322751323,91.36904761904762,0.247393993422729,0.315930000534052
ENSG00000111481,add_gc_removed_a1.0,44.080687830687836,50.198412698412696,0.20627071024917165,0.11070010146434883
ENSG00000111481,add_own,53.80291005291006,74.2063492063492,0.12664099116408423,0.11523304305439808
ENSG00000111481,add_own_L24,51.52116402116402,68.75,0.14497083605913824,0.1001044856761818
ENSG00000111481,random_a1.0,48.51190476190476,59.82142857142857,0.14295155493128858,0.04640548013471468
ENSG00000111481,random_a1.0_L24,49.20634920634921,61.507936507936506,0.12807758346442677,0.0330612518549294
ENSG00000111481,unsteered,47.91666666666667,57.83730158730158,0.1446902681019059,0.035411610783412685
ENSG00000111669,add_a0.5,74.87878787878788,78.9090909090909,0.2871445426306926,0.2866525868248063
ENSG00000111669,add_a1.0,75.81818181818183,88.0,0.20999132313428753,0.26551605968493125
ENSG00000111669,add_a1.0_L24,81.24242424242424,83.63636363636364,0.31973706781137357,0.3192303157220175
ENSG00000111669,add_a2.0,76.66666666666667,92.81818181818181,0.20357505121011635,0.29058558261444883
ENSG00000111669,add_a3.0,79.3030303030303,92.54545454545455,0.2139501409357077,0.30732772093905997
ENSG00000111669,add_a4.0,83.03030303030303,94.63636363636364,0.27737024843549685,0.3744361813261296
ENSG00000111669,add_gc_removed_a1.0,60.45454545454545,69.27272727272728,0.16637314658275743,0.08445587252392506
ENSG00000111669,add_own,68.24242424242424,86.45454545454545,0.12119532129189044,0.1940063242440863
ENSG00000111669,add_own_L24,63.06060606060606,67.54545454545455,0.28022075028106685,0.21953746649081962
ENSG00000111669,random_a1.0,66.42424242424242,72.0909090909091,0.2466840716498349,0.16488468333549294
ENSG00000111669,random_a1.0_L24,74.42424242424242,74.72727272727272,0.32859385206674485,0.2951273488703666
ENSG00000111669,unsteered,57.21212121212121,62.81818181818181,0.20233232496035622,0.06347711403976727
ENSG00000111832,add_a0.5,45.82051282051282,50.69230769230769,0.13059490313930136,0.13823929787027162
ENSG00000111832,add_a1.0,45.58974358974359,49.769230769230774,0.11619926388535666,0.11332492746916092
ENSG00000111832,add_a1.0_L24,41.61538461538462,42.38461538461538,0.1262200302173028,0.1536260101294935
ENSG00000111832,add_a2.0,62.82051282051282,82.76923076923076,0.22127646247636984,0.3429042246735821
ENSG00000111832,add_a3.0,70.92307692307693,88.46153846153847,0.34326730700524727,0.4707515987967028
ENSG00000111832,add_a4.0,74.48717948717949,92.6923076923077,0.3742832113525926,0.5138410894455566
ENSG00000111832,add_gc_removed_a1.0,38.0,34.69230769230769,0.10507737824497998,0.09052490833590829
ENSG00000111832,add_own,61.89743589743589,77.07692307692307,0.22647226324288602,0.34191371461016595
ENSG00000111832,add_own_L24,53.717948717948715,67.15384615384616,0.1741092869599791,0.26095802589803585
ENSG00000111832,random_a1.0,32.128205128205124,29.846153846153847,0.20179176370261093,0.132104783199212
ENSG00000111832,random_a1.0_L24,42.43589743589744,50.15384615384615,0.18144506847689595,0.2118859816572875
ENSG00000111832,unsteered,40.35897435897436,37.38461538461538,0.1254529117444294,0.09413229148855909
ENSG00000111906,add_a0.5,56.44640234948605,65.37444933920705,0.11742599053066025,0.20189811197965019
ENSG00000111906,add_a1.0,63.911764705882355,76.01613972164827,0.15013173238640354,0.2504709045663038
ENSG00000111906,add_a1.0_L24,52.95154185022026,54.889867841409696,0.12165872451502024,0.12970336968841417
ENSG00000111906,add_a2.0,72.18795888399413,89.77973568281939,0.17709567828489672,0.36236758713018047
ENSG00000111906,add_a3.0,75.47723935389133,93.12775330396475,0.2118983133990752,0.4028976914625176
ENSG00000111906,add_a4.0,77.59177679882525,89.42731277533039,0.25694828355725396,0.45831253865736166
ENSG00000111906,add_gc_removed_a1.0,46.19676945668135,48.19383259911895,0.15464208646778896,0.13955260839861588
ENSG00000111906,add_own,70.16152716593245,77.18061674008811,0.19524368302311257,0.3622459165280438
ENSG00000111906,add_own_L24,62.878120411160054,75.33039647577093,0.16440202682268595,0.2873113280406764
ENSG00000111906,random_a1.0,44.93392070484582,44.49339207048458,0.1517163792999626,0.08418120051559973
ENSG00000111906,random_a1.0_L24,45.239440269499866,45.81497797356828,0.15293453157190223,0.07430244220329774
ENSG00000111906,unsteered,46.178154962425495,48.9298662820163,0.1849616009307865,0.12420443077490899
ENSG00000112306,add_a0.5,44.66019417475728,46.310679611650485,0.21743923533491638,0.14324781957508576
ENSG00000112306,add_a0.5_L24,43.39805825242719,44.368932038834956,0.2324173652986541,0.1431731890507816
ENSG00000112306,add_a1.0,49.126213592233015,50.679611650485434,0.21505442236338213,0.17555613273232512
ENSG00000112306,add_a1.0_L24,42.750809061488674,43.300970873786405,0.2053579069330968,0.09347428475713934
ENSG00000112306,add_a2.0,59.74110032362459,81.6504854368932,0.24019015404508823,0.30585476111460547
ENSG00000112306,add_a2.0_L24,42.26537216828479,42.23300970873787,0.22205479498358568,0.1390551222711102
ENSG00000112306,add_a3.0,62.07119741100323,82.42718446601943,0.2745155039026751,0.3483505465240786
ENSG00000112306,add_a3.0_L24,43.009708737864074,45.04854368932039,0.2146269266050418,0.14299997511506093
ENSG00000112306,add_a4.0,60.19417475728155,82.23300970873785,0.2551120824557097,0.31504677832834904
ENSG00000112306,add_a4.0_L24,45.8252427184466,47.37864077669903,0.281614272236404,0.25239955267996345
ENSG00000112306,add_gc_removed_a1.0,44.724919093851135,46.11650485436893,0.20318554584366813,0.13526888927191968
ENSG00000112306,add_own,47.249190938511326,54.271844660194176,0.22316016694680973,0.20909848592642524
ENSG00000112306,add_own_L24,44.919093851132686,47.37864077669903,0.23715047084357826,0.19192800855344733
ENSG00000112306,random_a1.0,44.85436893203884,45.24271844660194,0.16909393331779846,0.06268362371613358
ENSG00000112306,random_a1.0_L24,46.18122977346278,46.79611650485437,0.14654563313123953,0.04752607124833806
ENSG00000112306,unsteered,44.919093851132686,44.75728155339806,0.18679834612174562,0.1246436887920882
ENSG00000112320,add_a0.5,38.58,38.91891891891892,0.21728702798452543,0.18755361944765153
ENSG00000112320,add_a1.0,56.6,64.68468468468468,0.11093372951413723,0.11497287215850885
ENSG00000112320,add_a1.0_L24,57.98,56.21621621621622,0.16394592061678442,0.15600805373485302
ENSG00000112320,add_a2.0,73.96000000000001,82.94294294294295,0.232091717593199,0.2761271230946328
ENSG00000112320,add_a3.0,82.58,92.97297297297298,0.3579035040519548,0.40231512515161877
ENSG00000112320,add_a4.0,87.16,91.17117117117117,0.3743435939658747,0.42517032953296063
ENSG00000112320,add_gc_removed_a1.0,46.06,46.786786786786784,0.1859791896840441,0.15453456160240003
ENSG00000112320,add_own,66.17999999999999,68.94894894894895,0.245635837195279,0.261041155184746
ENSG00000112320,add_own_L24,50.660000000000004,51.17117117117117,0.08435025490273936,0.07131041989630924
ENSG00000112320,random_a1.0,45.86,42.16216216216216,0.12880515344512164,0.09643921132293508
ENSG00000112320,random_a1.0_L24,46.2,43.42342342342342,0.2294105020346552,0.20327287113841924
ENSG00000112320,unsteered,48.2,47.567567567567565,0.1713111330727334,0.14976403558842294
ENSG00000112874,add_a0.5,40.019999999999996,33.993993993993996,0.07766119858254777,0.06032721138917959
ENSG00000112874,add_a1.0,39.760000000000005,33.873873873873876,0.0845293415588482,0.06406385249201074
ENSG00000112874,add_a1.0_L24,34.78,31.291291291291294,0.11412693962106253,0.09011462843427931
ENSG00000112874,add_a2.0,68.64,74.65465465465465,0.2734680354754868,0.3087438447642798
ENSG00000112874,add_a3.0,82.79561561561562,85.76576576576576,0.4386737074778043,0.4862708623975628
ENSG00000112874,add_a4.0,80.6,87.62762762762763,0.40695455350138265,0.46085806314576966
ENSG00000112874,add_gc_removed_a1.0,35.14,31.23123123123123,0.09199351804022872,0.0715004910616014
ENSG00000112874,add_own,43.28,38.37837837837838,0.08876939486701527,0.08589869424522062
ENSG00000112874,add_own_L24,32.959999999999994,30.810810810810814,0.11054208670985033,0.0884421438850003
ENSG00000112874,random_a1.0,37.4,31.591591591591587,0.0728383701296076,0.04914045097950666
ENSG00000112874,random_a1.0_L24,38.32,29.369369369369373,0.06259657565801353,0.03802292984726707
ENSG00000112874,unsteered,37.94,33.633633633633636,0.08111833293613838,0.05930070047690093
ENSG00000113558,add_a0.5,42.13930348258707,40.8955223880597,0.10663101228665028,0.015556173854646287
ENSG00000113558,add_a1.0,42.33830845771145,41.64179104477612,0.09950859736194825,0.01906390918421482
ENSG00000113558,add_a1.0_L24,42.21393034825871,40.8955223880597,0.10335043662444576,0.015432564147795813
ENSG00000113558,add_a2.0,47.61194029850746,56.4179104477612,0.12105120886045857,0.09958965918025514
ENSG00000113558,add_a3.0,56.243781094527364,74.55223880597015,0.17568948106383628,0.20560994519509626
ENSG00000113558,add_a4.0,60.04975124378109,84.32835820895522,0.23879568179883118,0.2935709935236154
ENSG00000113558,add_gc_removed_a1.0,41.56716417910447,38.95522388059702,0.11776367916708541,0.01923562966660239
ENSG00000113558,add_own,43.35820895522388,43.88059701492537,0.10073194206025822,0.03524922616170693
ENSG00000113558,add_own_L24,43.159203980099505,43.80597014925373,0.09252285892338961,0.01873968477164332
ENSG00000113558,random_a1.0,41.940298507462686,40.373134328358205,0.10633838134583758,0.013845779665443148
ENSG00000113558,random_a1.0_L24,42.08955223880597,40.373134328358205,0.11062207352925683,0.0126065704127061
ENSG00000113558,unsteered,42.11442786069652,40.59701492537313,0.11097961695845641,0.013573543653110826
ENSG00000113569,add_a0.5,67.6,79.63963963963963,0.2788129006603414,0.36990145255831475
ENSG00000113569,add_a1.0,73.24,87.56756756756756,0.3616144703758989,0.466824503190005
ENSG00000113569,add_a1.0_L24,64.5,67.92792792792793,0.282206288011522,0.3190339675320851
ENSG00000113569,add_a2.0,84.14000000000001,92.49249249249249,0.44762815437665787,0.5604955648661963
ENSG00000113569,add_a3.0,79.9,92.49249249249249,0.35969117364543274,0.49720112068926375
ENSG00000113569,add_a4.0,84.47999999999999,90.57057057057057,0.40531603980031017,0.5253165381861618
ENSG00000113569,add_gc_removed_a1.0,51.58,57.47747747747748,0.24661924279201589,0.28081967998765406
ENSG00000113569,add_own,67.32000000000001,76.03603603603604,0.23289108834216937,0.321342690404094
ENSG00000113569,add_own_L24,62.279999999999994,70.3903903903904,0.26605191424625163,0.32371735862383877
ENSG00000113569,random_a1.0,48.56,45.585585585585584,0.22202418304202204,0.22177579910267936
ENSG00000113569,random_a1.0_L24,51.66794794794795,49.009009009009006,0.2241069953486785,0.23331903398991133
ENSG00000113569,unsteered,58.98,63.96396396396396,0.2184879488957558,0.2796379876946889
ENSG00000113595,add_a0.5,60.660000000000004,60.84084084084084,0.21580466977983867,0.24439963573222837
ENSG00000113595,add_a1.0,67.8,81.32132132132134,0.194865986604596,0.39807205981425253
ENSG00000113595,add_a1.0_L24,64.82000000000001,63.54354354354355,0.30070929540601493,0.34609520131455235
ENSG00000113595,add_a2.0,85.47999999999999,89.54954954954954,0.4008025083409004,0.6040492581359977
ENSG00000113595,add_a3.0,84.46000000000001,88.70870870870871,0.41371493580123764,0.591173984980726
ENSG00000113595,add_a4.0,87.38,87.74774774774775,0.4034958400599164,0.5721416013897741
ENSG00000113595,add_gc_removed_a1.0,58.660000000000004,69.72972972972973,0.40474334186349986,0.4225137808754426
ENSG00000113595,add_own,73.34,78.13813813813815,0.41874687791730764,0.5080645466324121
ENSG00000113595,add_own_L24,62.36,64.02402402402403,0.2861768904788601,0.3383152255674089
ENSG00000113595,random_a1.0,62.32000000000001,62.82282282282282,0.2872757497863856,0.313358200946131
ENSG00000113595,random_a1.0_L24,65.74,70.75075075075075,0.2715795468360644,0.35602548455734523
ENSG00000113595,unsteered,50.339999999999996,55.43543543543543,0.2685291487912161,0.24635545348492816
ENSG00000113621,add_a0.5,76.65573770491804,74.88524590163935,0.4347238636033229,0.4171749928711545
ENSG00000113621,add_a1.0,71.49726775956285,69.24590163934427,0.38813415950667596,0.35601688767609685
ENSG00000113621,add_a1.0_L24,77.50819672131148,77.24590163934427,0.43599101012127883,0.41394483737511384
ENSG00000113621,add_a2.0,77.72677595628416,77.8360655737705,0.3612091643537787,0.3395706770426885
ENSG00000113621,add_a3.0,86.46994535519126,87.08196721311475,0.48231415847355363,0.47004454361693526
ENSG00000113621,add_a4.0,85.68306010928961,85.24590163934427,0.4626384306271416,0.45586428612265717
ENSG00000113621,add_gc_removed_a1.0,51.868852459016395,54.22950819672131,0.2614712492003838,0.23592305391603108
ENSG00000113621,add_own,67.89071038251366,70.2295081967213,0.33766295060386636,0.32454602011110195
ENSG00000113621,add_own_L24,66.68852459016394,68.65573770491804,0.4553867139089209,0.4261324154093954
ENSG00000113621,random_a1.0,58.185792349726775,62.950819672131146,0.26449678836877755,0.2332970283097917
ENSG00000113621,random_a1.0_L24,55.69398907103825,59.01639344262295,0.37081224840656324,0.3633148656936331
ENSG00000113621,unsteered,63.9344262295082,67.21311475409837,0.2586645285375213,0.2394463850933652
ENSG00000113734,add_a0.5,49.88274706867672,62.110552763819086,0.20194173212711938,0.19541737426902966
ENSG00000113734,add_a1.0,59.731993299832496,82.41206030150754,0.1735836564715008,0.20998199310771545
ENSG00000113734,add_a1.0_L24,46.29815745393635,55.87939698492462,0.14122346649932452,0.08970703258818458
ENSG00000113734,add_a2.0,72.06030150753769,91.35678391959799,0.27354829727580576,0.3518795361522141
ENSG00000113734,add_a3.0,74.90787269681742,93.36683417085428,0.2871321664364582,0.3545822893345637
ENSG00000113734,add_a4.0,77.72194304857621,93.16582914572864,0.300210309763306,0.36598404334214757
ENSG00000113734,add_gc_removed_a1.0,50.98827470686767,60.20100502512563,0.2125826829734904,0.18526487881836093
ENSG00000113734,add_own,56.951423785594635,79.59798994974874,0.13590290928432314,0.16911043054950553
ENSG00000113734,add_own_L24,47.90619765494138,56.58291457286432,0.1780550112387334,0.14804106063191722
ENSG00000113734,random_a1.0,46.164154103852596,54.673366834170864,0.17628688166308135,0.12867782062173677
ENSG00000113734,random_a1.0_L24,53.132328308207704,63.6180904522613,0.20480097450621373,0.19539736267480706
ENSG00000113734,unsteered,45.22613065326633,50.05025125628141,0.19055421621000057,0.14379421635492914
ENSG00000114248,add_a0.5,47.4,50.87087087087087,0.43457477368648084,0.42820949387639873
ENSG00000114248,add_a1.0,44.739999999999995,43.96396396396396,0.20042909211718146,0.18850821124988895
ENSG00000114248,add_a1.0_L24,45.04,44.98498498498499,0.21549593196931283,0.2176299803058829
ENSG00000114248,add_a2.0,70.78,72.67267267267268,0.27433802669825563,0.3536518860486293
ENSG00000114248,add_a3.0,83.16,83.36336336336336,0.3691778953224827,0.4769070623917499
ENSG00000114248,add_a4.0,88.46000000000001,89.30930930930931,0.4588109221394454,0.5722383633026144
ENSG00000114248,add_gc_removed_a1.0,40.12,36.45645645645645,0.17011335031530378,0.12207431941029245
ENSG00000114248,add_own,57.56,64.74474474474474,0.21612472457107038,0.24530500177984607
ENSG00000114248,add_own_L24,43.44,42.46246246246246,0.2925890454147286,0.2750517415315475
ENSG00000114248,random_a1.0,32.8,33.153153153153156,0.19557821995952368,0.15059951947588948
ENSG00000114248,random_a1.0_L24,39.260000000000005,34.8948948948949,0.28496721163686756,0.25827361450246855
ENSG00000114248,unsteered,35.839999999999996,26.246246246246244,0.34466303576479473,0.32373713027844697
ENSG00000114446,add_a0.5,82.0,90.93093093093094,0.4469806783723705,0.5587267537269526
ENSG00000114446,add_a0.5_L24,77.47413413413413,84.01081804696263,0.33344762434764286,0.4439772368794088
ENSG00000114446,add_a1.0,86.06,88.70870870870871,0.5402020867265621,0.652616292876339
ENSG00000114446,add_a1.0_L24,64.56,73.15315315315316,0.36853018522168135,0.46547123593977197
ENSG00000114446,add_a2.0,83.04,89.42942942942943,0.37358285668477004,0.502046272651132
ENSG00000114446,add_a2.0_L24,68.58,74.2942942942943,0.396224452775408,0.46725347646972476
ENSG00000114446,add_a3.0,85.53999999999999,87.74774774774775,0.4253220536828278,0.5409631814637754
ENSG00000114446,add_a3.0_L24,71.97999999999999,77.65765765765767,0.33931443124434385,0.43724284972446814
ENSG00000114446,add_a4.0,79.93685685685685,95.13513513513513,0.3608607066727588,0.5189375403776649
ENSG00000114446,add_a4.0_L24,80.14,83.48348348348348,0.40239198212362404,0.5093450038390627
ENSG00000114446,add_gc_removed_a1.0,70.58,76.63663663663664,0.3147321399355957,0.41050265982336925
ENSG00000114446,add_own,81.9,90.93093093093094,0.43728342821061805,0.5709415214908197
ENSG00000114446,add_own_L24,70.94,73.993993993994,0.3134229227339,0.3955854678235285
ENSG00000114446,random_a1.0,79.74,86.24624624624624,0.37890149200497963,0.4862658110966951
ENSG00000114446,random_a1.0_L24,70.86,76.6966966966967,0.33129689460710293,0.41119606968461647
ENSG00000114446,unsteered,69.44,76.87687687687688,0.3891688283109769,0.46104863772302485
ENSG00000114491,add_a0.5,64.42,84.38438438438439,0.13600390552931907,0.2726718281846904
ENSG00000114491,add_a1.0,73.1,79.45945945945945,0.18629067408982597,0.3576238376066624
ENSG00000114491,add_a1.0_L24,66.1,75.31531531531532,0.2119274075347545,0.2790966630468537
ENSG00000114491,add_a2.0,77.74000000000001,83.54354354354355,0.19459905277103334,0.40395238422172036
ENSG00000114491,add_a3.0,80.78,81.50150150150151,0.21359764386064675,0.4128315875261609
ENSG00000114491,add_a4.0,79.94,89.96996996996998,0.17151524965308163,0.4198312001567854
ENSG00000114491,add_gc_removed_a1.0,48.24,58.55855855855856,0.4333892771672005,0.3345505568744636
ENSG00000114491,add_own,75.02000000000001,88.88888888888889,0.11482279286286146,0.36440058816535126
ENSG00000114491,add_own_L24,70.03999999999999,75.31531531531532,0.294619827937277,0.38089564668102927
ENSG00000114491,random_a1.0,57.82000000000001,57.897897897897906,0.28685544334496504,0.1905548131688785
ENSG00000114491,random_a1.0_L24,64.4,75.67567567567568,0.21845841344085942,0.2573070327415193
ENSG00000114491,unsteered,53.239999999999995,52.312312312312315,0.2972876080596723,0.13977984693717646
ENSG00000114541,add_a0.5,72.58,86.84684684684684,0.36639829008001085,0.358632648481644
ENSG00000114541,add_a1.0,74.64,87.38738738738739,0.4347970299586102,0.4272465029100818
ENSG00000114541,add_a1.0_L24,65.22,70.75075075075075,0.33790922481926333,0.33297270252165967
ENSG00000114541,add_a2.0,78.92,90.57057057057057,0.4555570529350409,0.45261524520869034
ENSG00000114541,add_a3.0,80.92,94.17417417417417,0.4891524702528308,0.4874247775941738
ENSG00000114541,add_a4.0,87.82000000000001,94.41441441441441,0.5386771336372975,0.54451728209181
ENSG00000114541,add_gc_removed_a1.0,62.8,76.996996996997,0.29251435766275063,0.2854552478923566
ENSG00000114541,add_own,77.67999999999999,86.96696696696696,0.5446227034361186,0.5443598462089034
ENSG00000114541,add_own_L24,68.14,74.2942942942943,0.3584885876857299,0.3526419354659164
ENSG00000114541,random_a1.0,68.84,83.90390390390391,0.321454983977702,0.30476927521687863
ENSG00000114541,random_a1.0_L24,58.04934934934935,62.915083758457264,0.2651874341681695,0.25049799060197453
ENSG00000114541,unsteered,65.88,87.98798798798798,0.4711820768682141,0.46288242286805686
ENSG00000114988,add_a0.5,67.28272827282728,86.13861386138613,0.2105439790983326,0.2854492808064627
ENSG00000114988,add_a1.0,68.31683168316832,85.61056105610561,0.19475822743989873,0.24762347910552376
ENSG00000114988,add_a1.0_L24,66.73267326732673,84.48844884488449,0.3631028073390006,0.41866108055365664
ENSG00000114988,add_a2.0,74.65346534653466,88.05280528052806,0.2631784918891288,0.3361896475618235
ENSG00000114988,add_a3.0,85.65456545654565,89.90099009900989,0.3684973679392034,0.4313449907416551
ENSG00000114988,add_a4.0,86.90869086908691,91.81518151815182,0.36715304270450433,0.43245308668086213
ENSG00000114988,add_gc_removed_a1.0,49.9009900990099,53.99339933993399,0.32025219286860446,0.2968876776151958
ENSG00000114988,add_own,64.35643564356435,75.24752475247524,0.334638436366112,0.3733277667732857
ENSG00000114988,add_own_L24,71.77117711771177,76.30363036303632,0.4946014104074091,0.5061157437347028
ENSG00000114988,random_a1.0,59.42794279427943,73.46534653465346,0.18755711907695272,0.21078885390195318
ENSG00000114988,random_a1.0_L24,58.1958195819582,62.04620462046205,0.29840095767194047,0.29790430309173427
ENSG00000114988,unsteered,62.31023102310231,63.564356435643575,0.29108947878429847,0.3186543924094294
ENSG00000115109,add_a0.5,50.14,54.47447447447448,0.15174211713075778,0.17938903785145904
ENSG00000115109,add_a1.0,61.45209209209209,66.18618618618618,0.22151898152282748,0.2984475216757272
ENSG00000115109,add_a1.0_L24,50.38,60.12012012012012,0.16690962736376694,0.22927320848509555
ENSG00000115109,add_a2.0,67.16,78.91891891891892,0.24963616031296426,0.3704212192229529
ENSG00000115109,add_a3.0,76.47999999999999,88.70870870870871,0.322519122567913,0.47354336963390403
ENSG00000115109,add_a4.0,77.72,90.57057057057057,0.3184826906574663,0.4631567027077714
ENSG00000115109,add_gc_removed_a1.0,50.14,49.54954954954955,0.17166124736811464,0.19473487923232788
ENSG00000115109,add_own,64.96000000000001,67.92792792792793,0.31843688286967503,0.39601365517712783
ENSG00000115109,add_own_L24,61.239999999999995,67.02702702702702,0.2773467236910041,0.3363108481152531
ENSG00000115109,random_a1.0,54.4,54.5945945945946,0.15611954876605272,0.19910952399966725
ENSG00000115109,random_a1.0_L24,52.02,62.88288288288288,0.29763077234571006,0.37062747828332465
ENSG00000115109,unsteered,51.04882882882883,54.77477477477478,0.15476488935163257,0.1945332849367571
ENSG00000115137,add_a0.5,64.6065808297568,85.06437768240343,0.12712498350356113,0.3016842231164308
ENSG00000115137,add_a1.0,65.20743919885551,92.01716738197425,0.08276937365929878,0.3497829901912427
ENSG00000115137,add_a1.0_L24,61.217949506253305,87.98283261802575,0.08961028362307852,0.3181080903635918
ENSG00000115137,add_a2.0,72.23881025287865,91.66826994228208,0.13421701156147317,0.40311694362293055
ENSG00000115137,add_a3.0,74.04864091559371,97.25321888412017,0.15400810955771074,0.4605284413328118
ENSG00000115137,add_a4.0,73.87696709585121,90.98712446351931,0.17188014697007764,0.40336433888460543
ENSG00000115137,add_gc_removed_a1.0,62.63233190271817,87.29613733905579,0.10069816602489197,0.32247618221056146
ENSG00000115137,add_own,73.96280400572246,90.3862660944206,0.16566624202466168,0.39772764606339595
ENSG00000115137,add_own_L24,67.18168812589413,90.72961373390558,0.13552952427600842,0.39836771333113463
ENSG00000115137,random_a1.0,49.78540772532189,56.137339055793994,0.22593254541058502,0.13593883941523544
ENSG00000115137,random_a1.0_L24,55.336194563662374,62.48927038626609,0.21659112868820882,0.17049081574670005
ENSG00000115137,unsteered,53.705293276108726,71.33047210300428,0.15118977154370644,0.2218716636871696
ENSG00000115216,add_a0.5,62.239999999999995,65.58558558558559,0.2596314683638067,0.25513758891857213
ENSG00000115216,add_a1.0,68.76,75.73573573573574,0.2814217774102203,0.3019850909795558
ENSG00000115216,add_a1.0_L24,59.692012012012015,65.64564564564564,0.21200302378699698,0.1796415533381241
ENSG00000115216,add_a2.0,78.5,79.15915915915916,0.30209067975896475,0.3510259331504188
ENSG00000115216,add_a3.0,87.1,89.7897897897898,0.41963624223284784,0.49640802311630045
ENSG00000115216,add_a4.0,82.67999999999999,80.06006006006007,0.4236409083777593,0.47449955721856263
ENSG00000115216,add_gc_removed_a1.0,46.12,37.41741741741741,0.3192236560401095,0.2044307171073006
ENSG00000115216,add_own,65.47999999999999,76.09609609609609,0.1779667817530662,0.2078326130053425
ENSG00000115216,add_own_L24,55.9,61.261261261261254,0.19544222666846742,0.15256682929815646
ENSG00000115216,random_a1.0,61.48,59.15915915915916,0.3392914887072752,0.2912917662046904
ENSG00000115216,random_a1.0_L24,50.94,53.45345345345345,0.2103558684985642,0.13461578197309076
ENSG00000115216,unsteered,53.0,49.549549549549546,0.3402183341811717,0.27226443866134603
ENSG00000115268,add_a0.5,73.47701149425288,95.94827586206897,0.26480231218231276,0.2144598505735996
ENSG00000115268,add_a1.0,71.23563218390805,92.93103448275863,0.26050298724350507,0.23060997109189785
ENSG00000115268,add_a1.0_L24,73.13218390804597,91.29310344827586,0.2699369998072514,0.246075815836965
ENSG00000115268,add_a2.0,73.64942528735632,97.5,0.24920978219907747,0.20322620160404065
ENSG00000115268,add_a3.0,74.45402298850574,97.5,0.25959558073255423,0.2072882548471425
ENSG00000115268,add_a4.0,77.90229885057472,96.29310344827586,0.2930726259554851,0.24000339547343907
ENSG00000115268,add_gc_removed_a1.0,67.44252873563218,94.48275862068965,0.2394711759461064,0.20337811066090264
ENSG00000115268,add_own,73.64942528735632,96.12068965517241,0.3000475227046526,0.2609385150412976
ENSG00000115268,add_own_L24,72.93103448275862,94.74137931034483,0.28076895997534623,0.24729810371809852
ENSG00000115268,random_a1.0,72.32758620689656,96.8103448275862,0.27984214592607265,0.23654800180070573
ENSG00000115268,random_a1.0_L24,72.5,93.70689655172414,0.25634293717906953,0.22185586153034484
ENSG00000115268,unsteered,73.99425287356323,94.56896551724138,0.29815142290633345,0.25706278794517473
ENSG00000115286,add_a0.5,76.94779116465864,81.44578313253012,0.3320812994420844,0.2870441017391905
ENSG00000115286,add_a1.0,78.15261044176707,79.87951807228916,0.3504690862951913,0.3072451110397494
ENSG00000115286,add_a1.0_L24,69.75903614457832,68.43373493975903,0.33499212702520176,0.2907013554175502
ENSG00000115286,add_a2.0,79.75903614457832,79.51807228915662,0.3300764033147779,0.3014372114693602
ENSG00000115286,add_a3.0,81.56626506024097,86.02409638554217,0.3300348890676329,0.27570353788097707
ENSG00000115286,add_a4.0,84.6987951807229,86.02409638554217,0.37027977804248496,0.322887716831023
ENSG00000115286,add_gc_removed_a1.0,65.18072289156626,73.97590361445783,0.2764269232222524,0.27327150762715074
ENSG00000115286,add_own,75.34136546184739,78.19277108433735,0.3215974006865953,0.2716503949583292
ENSG00000115286,add_own_L24,79.19678714859438,82.5301204819277,0.3177518524112209,0.2828859884947989
ENSG00000115286,random_a1.0,66.74698795180723,69.27710843373494,0.31313618183476544,0.30718842812570313
ENSG00000115286,random_a1.0_L24,65.62248995983936,73.97590361445783,0.30202652466408103,0.2716713347985805
ENSG00000115286,unsteered,67.95180722891567,67.46987951807229,0.3237912275983534,0.31643584152117843
ENSG00000115474,add_a0.5,43.83838383838384,40.18181818181818,0.13358867564403124,0.1075259995881416
ENSG00000115474,add_a1.0,56.161616161616166,64.18181818181819,0.17980342748810504,0.21955193647358517
ENSG00000115474,add_a1.0_L24,42.02020202020202,41.87878787878788,0.13636004539941335,0.11843655123033917
ENSG00000115474,add_a2.0,73.45454545454545,91.03030303030303,0.2679660781707401,0.37662114898020527
ENSG00000115474,add_a3.0,80.6060606060606,93.15151515151516,0.3475114638929798,0.4604885508337201
ENSG00000115474,add_a4.0,88.42424242424242,90.84848484848484,0.4530611883386194,0.5382165466429696
ENSG00000115474,add_gc_removed_a1.0,36.0,34.24242424242424,0.18954721588136855,0.1494252258597228
ENSG00000115474,add_own,54.6060606060606,63.93939393939394,0.1217859403452182,0.1591368251619172
ENSG00000115474,add_own_L24,40.88888888888889,40.66666666666667,0.1923114453800942,0.1604810453813483
ENSG00000115474,random_a1.0,39.61616161616162,39.27272727272727,0.2500071245844332,0.2264835504991889
ENSG00000115474,random_a1.0_L24,40.54545454545455,38.84848484848485,0.16179907122612722,0.12906633136365572
ENSG00000115474,unsteered,40.08080808080808,41.81818181818182,0.1420276105505304,0.11355245970703402
ENSG00000115486,add_a0.5,61.17999999999999,63.063063063063055,0.25419258741865647,0.22428275153899305
ENSG00000115486,add_a1.0,69.92,75.85585585585586,0.21044125018240348,0.2248693932938822
ENSG00000115486,add_a1.0_L24,41.54,41.14114114114115,0.3327096155089687,0.2011103553277171
ENSG00000115486,add_a2.0,71.22,70.2102102102102,0.22244709905786167,0.23132813367035937
ENSG00000115486,add_a3.0,81.7,82.46246246246247,0.28364204996668224,0.3507909756784004
ENSG00000115486,add_a4.0,88.97999999999999,88.58858858858859,0.3672154829137758,0.45222930322724597
ENSG00000115486,add_gc_removed_a1.0,46.36,46.366366366366364,0.33618004129297796,0.22274678324593963
ENSG00000115486,add_own,62.5,64.50450450450451,0.2294181699373495,0.20206319239043297
ENSG00000115486,add_own_L24,54.14,60.36036036036037,0.27240429194383803,0.21226329296585492
ENSG00000115486,random_a1.0,40.5,41.44144144144144,0.47154243569654986,0.3927681135658797
ENSG00000115486,random_a1.0_L24,49.82,51.411411411411414,0.2717955232829087,0.1743196052954922
ENSG00000115486,unsteered,51.64,53.213213213213216,0.30288782686955734,0.2173017727193313
ENSG00000115568,add_a0.5,79.17999999999999,72.55255255255256,0.288720663240818,0.3452391840751478
ENSG00000115568,add_a1.0,76.22,73.21321321321321,0.20775288135483003,0.247052297735334
ENSG00000115568,add_a1.0_L24,73.97999999999999,78.1981981981982,0.27400572446768884,0.28465466915690396
ENSG00000115568,add_a2.0,82.85999999999999,83.78378378378379,0.2359443812530711,0.37932111692803583
ENSG00000115568,add_a3.0,87.24,87.50750750750751,0.20318790996864408,0.38346950577379946
ENSG00000115568,add_a4.0,86.94000000000001,87.8078078078078,0.20204369620149726,0.38815845617208994
ENSG00000115568,add_gc_removed_a1.0,70.82000000000001,69.7897897897898,0.3279408348432005,0.2596471312296438
ENSG00000115568,add_own,81.84,78.01801801801801,0.26097447812011154,0.36481575561915625
ENSG00000115568,add_own_L24,68.16,69.12912912912913,0.3352497571872892,0.34455850110142877
ENSG00000115568,random_a1.0,67.38,68.1081081081081,0.2882364465263771,0.18382623811098264
ENSG00000115568,random_a1.0_L24,69.72,69.1891891891892,0.272493729246426,0.18801230248804876
ENSG00000115568,unsteered,65.46000000000001,73.03303303303304,0.2806415997614552,0.2116063576693743
ENSG00000115760,add_a0.5,74.96000000000001,86.84684684684684,0.33454514183368744,0.37566447997483826
ENSG00000115760,add_a0.5_L24,62.06,70.75075075075075,0.39388516654481887,0.4081035156257096
ENSG00000115760,add_a1.0,76.22,95.73573573573574,0.3223035184179385,0.3949212688217309
ENSG00000115760,add_a1.0_L24,69.52000000000001,79.3993993993994,0.5794834660372381,0.6057251148902425
ENSG00000115760,add_a2.0,85.66,89.66966966966967,0.3704988330895119,0.44501780192255785
ENSG00000115760,add_a2.0_L24,73.52000000000001,65.34534534534535,0.36807974507468905,0.4020126710958335
ENSG00000115760,add_a3.0,87.26,94.11411411411412,0.3833063433687688,0.4575889430890753
ENSG00000115760,add_a3.0_L24,76.22,81.32132132132134,0.3344177851680761,0.3857938059169791
ENSG00000115760,add_a4.0,83.53999999999999,87.74774774774775,0.3166887147889127,0.38113148678602415
ENSG00000115760,add_a4.0_L24,73.96000000000001,86.42642642642643,0.2761152256857088,0.3263556771598595
ENSG00000115760,add_gc_removed_a1.0,61.81207622868605,66.1709902673758,0.39427250549888615,0.40575622192539607
ENSG00000115760,add_own,75.7,89.96996996996998,0.35302546975356613,0.4021697232171707
ENSG00000115760,add_own_L24,77.16,88.4084084084084,0.47413122182915773,0.5183975175621911
ENSG00000115760,random_a1.0,85.92,86.84684684684684,0.38277955628266386,0.4445157538015797
ENSG00000115760,random_a1.0_L24,72.42,72.85285285285286,0.43082219604909644,0.4648141005674688
ENSG00000115760,unsteered,64.46000000000001,67.68768768768768,0.2809247874325895,0.29878294376264425
ENSG00000115761,add_a0.5,41.3,42.58258258258258,0.04791105711196621,0.04715242622909864
ENSG00000115761,add_a1.0,67.6,81.38138138138137,0.32477006853421475,0.36296043168924147
ENSG00000115761,add_a1.0_L24,40.88,41.26126126126126,0.08898228897671984,0.08678935746714936
ENSG00000115761,add_a2.0,73.32000000000001,85.34534534534535,0.3712208937600718,0.41212230345171647
ENSG00000115761,add_a3.0,81.26,90.27027027027027,0.4545296880890447,0.49677383751417226
ENSG00000115761,add_a4.0,85.62,93.09309309309309,0.48025620208370545,0.5239240463850967
ENSG00000115761,add_gc_removed_a1.0,46.42,49.249249249249246,0.08746913076859744,0.10208250638999024
ENSG00000115761,add_own,64.03235235235236,81.32132132132132,0.24129353819766183,0.2807824048732177
ENSG00000115761,add_own_L24,51.64,55.855855855855864,0.1800952996623247,0.19370418359350522
ENSG00000115761,random_a1.0,40.22,38.4984984984985,0.034386231402855585,0.02709141903785982
ENSG00000115761,random_a1.0_L24,44.54970970970971,46.366366366366364,0.09624068735241606,0.10468297147075259
ENSG00000115761,unsteered,36.484204204204204,35.55555555555556,0.08159417564717868,0.07296597885214762
ENSG00000115942,add_a0.5,42.94,43.003003003003,0.1599296484526973,0.1383539658692025
ENSG00000115942,add_a1.0,47.239999999999995,49.429429429429426,0.15558361411330401,0.17312556447153546
ENSG00000115942,add_a1.0_L24,40.68820820820821,36.0960960960961,0.174546475686814,0.11847735265914461
ENSG00000115942,add_a2.0,71.12,84.08408408408408,0.2599520939472734,0.4105951799980267
ENSG00000115942,add_a3.0,79.32000000000001,85.04504504504504,0.3467443231797501,0.4827924997017422
ENSG00000115942,add_a4.0,80.0,87.2072072072072,0.31281909183247286,0.48319431281725667
ENSG00000115942,add_gc_removed_a1.0,36.14,30.51051051051051,0.1794735358597444,0.09348975240764187
ENSG00000115942,add_own,58.04,62.82282282282283,0.202301043483926,0.2403501669625709
ENSG00000115942,add_own_L24,35.5,33.873873873873876,0.1789201569074589,0.12855510201009018
ENSG00000115942,random_a1.0,30.22,32.312312312312315,0.3156107643250553,0.2611077850569948
ENSG00000115942,random_a1.0_L24,35.2,32.972972972972975,0.21591268643442704,0.13916515730671672
ENSG00000115942,unsteered,29.1,22.402402402402405,0.3288392692523608,0.23894231972013866
ENSG00000116096,add_a0.5,78.71906841339157,95.8951965065502,0.1297891188523018,0.19995634301271398
ENSG00000116096,add_a1.0,80.52401746724891,96.85589519650655,0.1446055347855167,0.2294301321793532
ENSG00000116096,add_a1.0_L24,79.21397379912663,93.1004366812227,0.17641483780277983,0.25315348258794995
ENSG00000116096,add_a2.0,78.80640465793303,98.07860262008734,0.11683250701160075,0.21784409009165792
ENSG00000116096,add_a3.0,79.1848617176128,96.24454148471617,0.1453858264281632,0.2416123046044678
ENSG00000116096,add_a4.0,79.01018922852984,95.02183406113537,0.14453619328775064,0.23860742798528095
ENSG00000116096,add_gc_removed_a1.0,73.65356622998544,91.79039301310044,0.11634647308438066,0.16182584615936974
ENSG00000116096,add_own,78.10771470160117,99.03930131004367,0.1184677828606863,0.2112251636750971
ENSG00000116096,add_own_L24,77.7292576419214,95.63318777292577,0.12396299922484162,0.1926089073632623
ENSG00000116096,random_a1.0,78.36972343522561,93.97379912663754,0.1278562994349545,0.19390900617666884
ENSG00000116096,random_a1.0_L24,78.16593886462883,95.63318777292577,0.13313219017132677,0.21112801313183266
ENSG00000116096,unsteered,74.52692867540028,91.87772925764192,0.12752653130733188,0.17412577665081752
ENSG00000116885,add_a0.5,83.76,85.22522522522522,0.44264574100045895,0.4434804281388434
ENSG00000116885,add_a1.0,83.28,85.4054054054054,0.422792137840316,0.43868067380453385
ENSG00000116885,add_a1.0_L24,79.22,86.24624624624624,0.3985056150644975,0.4133852733461131
ENSG00000116885,add_a2.0,87.1,93.75375375375376,0.47100465676509584,0.4866642322792857
ENSG00000116885,add_a3.0,79.52000000000001,91.29129129129129,0.3899029673463175,0.4105322768525211
ENSG00000116885,add_a4.0,89.76,89.6096096096096,0.4950113985516943,0.5108758413150551
ENSG00000116885,add_gc_removed_a1.0,57.779999999999994,71.41141141141141,0.18340528761445052,0.17997623305455646
ENSG00000116885,add_own,77.1320920920921,91.35135135135135,0.38925401019091277,0.4012443699034864
ENSG00000116885,add_own_L24,66.03999999999999,67.98798798798799,0.374995165439131,0.36522539648699703
ENSG00000116885,random_a1.0,73.47999999999999,78.49849849849849,0.30315593571635135,0.3141081198316002
ENSG00000116885,random_a1.0_L24,60.64,74.05405405405405,0.2781646465553932,0.278848478839318
ENSG00000116885,unsteered,74.17999999999999,83.18318318318317,0.3093535928147116,0.3097311068318672
ENSG00000116984,add_a0.5,59.720000000000006,69.36936936936937,0.20602812392496958,0.21751218110189816
ENSG00000116984,add_a1.0,63.1,84.74474474474474,0.16779347845630527,0.38712944773852553
ENSG00000116984,add_a1.0_L24,46.42,43.54354354354355,0.2570200244240272,0.02930459650405647
ENSG00000116984,add_a2.0,71.32,93.57357357357357,0.10138091902855773,0.3940317409097065
ENSG00000116984,add_a3.0,73.56,93.27327327327328,0.15393034735813602,0.39954765377341284
ENSG00000116984,add_a4.0,74.94,95.37537537537537,0.15448044580840958,0.4254410319120012
ENSG00000116984,add_gc_removed_a1.0,46.98,45.885885885885884,0.2849756347227109,0.08351129868235171
ENSG00000116984,add_own,69.47999999999999,91.53153153153153,0.10674000935860854,0.3591645532312321
ENSG00000116984,add_own_L24,55.720000000000006,57.65765765765766,0.20009516394615295,0.11414734204943647
ENSG00000116984,random_a1.0,48.06,44.08408408408408,0.2774079297177598,0.04684235592156029
ENSG00000116984,random_a1.0_L24,48.2,48.10810810810811,0.23028776703987708,0.04588024499359717
ENSG00000116984,unsteered,43.239999999999995,39.27927927927928,0.29795518505832025,0.043764559069984076
ENSG00000117118,add_a0.5,58.666666666666664,81.87234042553192,0.1576367509276356,0.17916372880882844
ENSG00000117118,add_a1.0,60.99290780141845,89.70212765957447,0.16804206465308974,0.21628262371976453
ENSG00000117118,add_a1.0_L24,64.42553191489363,90.80851063829786,0.20161779806173724,0.2608678605674187
ENSG00000117118,add_a2.0,65.3049645390071,88.93617021276596,0.20044769473037855,0.25713025048578764
ENSG00000117118,add_a3.0,67.37588652482269,94.8936170212766,0.23092804690887503,0.31085143797076303
ENSG00000117118,add_a4.0,75.8014184397163,92.59574468085107,0.3110217546812744,0.3759177212552556
ENSG00000117118,add_gc_removed_a1.0,50.01418439716312,61.61702127659574,0.1217979848411284,0.12154915813398826
ENSG00000117118,add_own,61.900709219858165,91.06382978723404,0.17001088965176897,0.2281954390288115
ENSG00000117118,add_own_L24,65.95744680851064,65.4468085106383,0.2193670897863238,0.23338989943029564
ENSG00000117118,random_a1.0,53.39007092198582,70.04255319148936,0.09281574937747146,0.0864473380677194
ENSG00000117118,random_a1.0_L24,56.28368794326241,76.34042553191489,0.12088949811523739,0.12159660802923047
ENSG00000117118,unsteered,52.0,68.17021276595744,0.10161344615169506,0.08681466118831235
ENSG00000117143,add_a0.5,56.6,65.1051051051051,0.22047888991016343,0.2240298420439991
ENSG00000117143,add_a1.0,63.58,83.72372372372372,0.1291614202478953,0.2875061016535905
ENSG00000117143,add_a1.0_L24,65.67999999999999,83.06306306306307,0.1853985045595496,0.3565907346291309
ENSG00000117143,add_a2.0,74.16,95.49549549549549,0.13770465528492576,0.4316422551672902
ENSG00000117143,add_a3.0,81.16,92.01201201201202,0.22556114795062218,0.4613824228524105
ENSG00000117143,add_a4.0,81.74,93.09309309309309,0.204595839493596,0.46588765054913284
ENSG00000117143,add_gc_removed_a1.0,46.14,49.969969969969966,0.2502677628873219,0.15164308232676663
ENSG00000117143,add_own,65.9,79.6996996996997,0.15764024511596056,0.29711838303911087
ENSG00000117143,add_own_L24,64.25999999999999,78.31831831831832,0.16782371383094422,0.2993072222465331
ENSG00000117143,random_a1.0,57.94,67.26726726726727,0.18052790484343506,0.21843446975016473
ENSG00000117143,random_a1.0_L24,58.82000000000001,71.77177177177177,0.20511930897241532,0.2791755209496859
ENSG00000117143,unsteered,56.120000000000005,59.45945945945946,0.28498956015638804,0.28033435303156845
ENSG00000117362,add_a0.5,74.10666666666665,85.67999999999999,0.25605151044507835,0.3710981693790267
ENSG00000117362,add_a1.0,79.36,90.96000000000001,0.21383008744536833,0.34426005628709133
ENSG00000117362,add_a1.0_L24,72.26666666666667,87.28,0.2523433774352729,0.34608623548350154
ENSG00000117362,add_a2.0,74.47999999999999,89.44,0.21694947790463798,0.3184496664721842
ENSG00000117362,add_a3.0,86.37333333333333,89.76,0.29938740890849036,0.4526602519291828
ENSG00000117362,add_a4.0,83.28,87.76,0.2054246373388108,0.36754748720413444
ENSG00000117362,add_gc_removed_a1.0,67.78666666666666,77.03999999999999,0.2378228008949433,0.30298192887943437
ENSG00000117362,add_own,75.94666666666667,81.84,0.2755839408319898,0.39095004412398515
ENSG00000117362,add_own_L24,70.02666666666667,82.16,0.2011889259667406,0.2866366503584168
ENSG00000117362,random_a1.0,64.37333333333333,64.24,0.3169929970245901,0.3486738233741564
ENSG00000117362,random_a1.0_L24,64.82666666666667,72.8,0.3152206889195259,0.356462097535052
ENSG00000117362,unsteered,67.84,76.4,0.35676625124955696,0.43162250930236146
ENSG00000117758,add_a0.5,65.86206896551724,89.56896551724138,0.2104720646155175,0.32951361676136076
ENSG00000117758,add_a1.0,67.72988505747126,87.84482758620689,0.24607826342229577,0.36901553280409627
ENSG00000117758,add_a1.0_L24,67.95977011494253,77.24137931034483,0.2800183449421018,0.319602438396078
ENSG00000117758,add_a2.0,75.7183908045977,95.17241379310344,0.2915487514913858,0.4217894508195045
ENSG00000117758,add_a3.0,76.63168775324569,94.48275862068965,0.28070833314135435,0.41136613656326854
ENSG00000117758,add_a4.0,79.39655172413794,95.43103448275862,0.2995706895884447,0.4387981402893975
ENSG00000117758,add_gc_removed_a1.0,54.79885057471264,66.29310344827586,0.20436561128855768,0.19776684971699746
ENSG00000117758,add_own,71.66666666666666,86.98275862068965,0.2656148983432203,0.3510405875700047
ENSG00000117758,add_own_L24,67.61494252873563,88.1896551724138,0.24404220899723633,0.3525497747637955
ENSG00000117758,random_a1.0,59.6551724137931,80.34482758620689,0.17909654643835501,0.24435222814455235
ENSG00000117758,random_a1.0_L24,62.356321839080465,75.6896551724138,0.22168591205951152,0.2560461598907045
ENSG00000117758,unsteered,63.04597701149426,80.0,0.21307181388589985,0.2872617945001059
ENSG00000118257,add_a0.5,52.760000000000005,58.258258258258266,0.1482740413101432,0.15564972730986928
ENSG00000118257,add_a1.0,55.6,56.45645645645645,0.22814435146940118,0.22746764058542146
ENSG00000118257,add_a1.0_L24,47.64,51.051051051051054,0.18771287416614182,0.1959141017167799
ENSG00000118257,add_a2.0,84.62,90.63063063063063,0.3569732881213345,0.3435505057250184
ENSG00000118257,add_a3.0,80.67999999999999,80.6006006006006,0.3053808367702014,0.2998073810471006
ENSG00000118257,add_a4.0,86.62,86.42642642642643,0.41841820595314855,0.4075200401202846
ENSG00000118257,add_gc_removed_a1.0,44.739999999999995,47.14714714714715,0.17093062317565455,0.17415892513035353
ENSG00000118257,add_own,70.03999999999999,68.16816816816817,0.278242478881253,0.2781743943028349
ENSG00000118257,add_own_L24,44.339999999999996,47.807807807807805,0.28198538795930866,0.2866627221098852
ENSG00000118257,random_a1.0,46.82,49.12912912912913,0.21672055660638884,0.2196496424655839
ENSG00000118257,random_a1.0_L24,45.54,44.56456456456456,0.20183059689710312,0.20688571795105828
ENSG00000118257,unsteered,49.660000000000004,52.732732732732735,0.16435239874516067,0.17566078721323927
ENSG00000118363,add_a0.5,50.058479532163744,59.06432748538011,0.22473742705890012,0.19078143459443708
ENSG00000118363,add_a1.0,55.57619091130605,66.3157894736842,0.21792887875805111,0.2192316045876132
ENSG00000118363,add_a1.0_L24,46.58869395711501,49.590643274853804,0.25851984390595323,0.19549940292334145
ENSG00000118363,add_a2.0,60.42884990253411,71.46198830409357,0.26081535788024557,0.30448899193987833
ENSG00000118363,add_a3.0,68.18713450292398,85.73099415204679,0.25648404503419586,0.34394754550648643
ENSG00000118363,add_a4.0,73.60623781676414,87.953216374269,0.31937278476698394,0.40432983283036644
ENSG00000118363,add_gc_removed_a1.0,41.32553606237816,31.57894736842105,0.3392832578369543,0.19891434547861878
ENSG00000118363,add_own,64.2495126705653,79.41520467836257,0.2668741415764991,0.3292259281711078
ENSG00000118363,add_own_L24,37.85575048732944,41.98830409356725,0.34434712716007193,0.24919485119659252
ENSG00000118363,random_a1.0,38.79142300194932,39.88304093567252,0.2745307152322949,0.12415376502390382
ENSG00000118363,random_a1.0_L24,44.2495126705653,46.90058479532164,0.23340766543078278,0.13941341661487588
ENSG00000118363,unsteered,48.61598440545809,50.058479532163744,0.24263474480061334,0.18365947373120814
ENSG00000118689,add_a0.5,83.26,93.87387387387386,0.19986993699195038,0.252808517522085
ENSG00000118689,add_a1.0,90.67999999999999,96.63663663663662,0.2624907066896599,0.33614610957546087
ENSG00000118689,add_a1.0_L24,86.72,96.996996996997,0.19200124157502763,0.26712187089436984
ENSG00000118689,add_a2.0,83.96000000000001,94.8948948948949,0.17493858079975966,0.2359973062222414
ENSG00000118689,add_a3.0,88.75999999999999,87.38738738738739,0.2742621697447313,0.2989682913189833
ENSG00000118689,add_a4.0,93.32000000000001,95.55555555555556,0.31403918312159573,0.37745643418548436
ENSG00000118689,add_gc_removed_a1.0,75.62,86.30630630630631,0.11778266593897044,0.13545672990259433
ENSG00000118689,add_own,87.96000000000001,97.35735735735736,0.17784150526053516,0.2527779078949029
ENSG00000118689,add_own_L24,78.44,90.87087087087086,0.09616186337965231,0.1226230592386118
ENSG00000118689,random_a1.0,84.72,94.5945945945946,0.14266388582501296,0.19093816078766954
ENSG00000118689,random_a1.0_L24,77.3,90.57057057057057,0.1267515054323803,0.15657914514318536
ENSG00000118689,unsteered,86.46000000000001,95.1951951951952,0.1744917865354583,0.23261519458308094
ENSG00000118939,add_a0.5,59.182389937106926,63.333333333333336,0.2619014109550432,0.3295793071640792
ENSG00000118939,add_a1.0,63.64779874213837,74.33962264150944,0.2928367443175393,0.36252594561041257
ENSG00000118939,add_a1.0_L24,57.25366876310272,65.40880503144655,0.2476436326930329,0.3035641221600522
ENSG00000118939,add_a2.0,71.0272536687631,86.1006289308176,0.37912513265841624,0.45795193415535884
ENSG00000118939,add_a3.0,80.39832285115304,86.35220125786164,0.48708818344992394,0.5596006235697
ENSG00000118939,add_a4.0,83.08176100628931,86.41509433962263,0.49210321208533153,0.5776705167296567
ENSG00000118939,add_gc_removed_a1.0,41.9496855345912,45.15723270440251,0.1843943797471093,0.20724718486807317
ENSG00000118939,add_own,59.35010482180294,65.47169811320755,0.2487467564128104,0.31522765710293527
ENSG00000118939,add_own_L24,47.40041928721174,47.61006289308176,0.16544054220924495,0.21578683513469157
ENSG00000118939,random_a1.0,49.329140461215935,57.61006289308176,0.2432428699493002,0.27546207107398313
ENSG00000118939,random_a1.0_L24,40.58700209643606,48.93081761006289,0.36527872413280454,0.3971528450825472
ENSG00000118939,unsteered,50.41928721174005,57.861635220125784,0.2699122489904474,0.3073487130823461
ENSG00000119431,add_a0.5,72.36760124610592,91.4018691588785,0.1327132115409349,0.16933578578794525
ENSG00000119431,add_a1.0,74.23676012461058,92.71028037383178,0.16416513759128162,0.20812862853475766
ENSG00000119431,add_a1.0_L24,71.4018691588785,89.90654205607477,0.14724631287781748,0.18203545026984297
ENSG00000119431,add_a2.0,78.22429906542057,96.54205607476635,0.1845592814782064,0.26300025822812856
ENSG00000119431,add_a3.0,77.25856697819316,95.51401869158879,0.17078874472475852,0.23690657623487335
ENSG00000119431,add_a4.0,77.8816199376947,94.85981308411215,0.18208783283509333,0.25958108306408867
ENSG00000119431,add_gc_removed_a1.0,67.81931464174455,84.39252336448598,0.15133627767238128,0.16595812235382867
ENSG00000119431,add_own,76.44859813084113,94.48598130841121,0.15436833979431505,0.20884991736201589
ENSG00000119431,add_own_L24,69.53271028037383,84.85981308411215,0.1270773976272105,0.14574970859592423
ENSG00000119431,random_a1.0,64.89096573208722,75.88785046728972,0.10900936482081074,0.09614236846234776
ENSG00000119431,random_a1.0_L24,71.80685358255451,88.69158878504672,0.14398006105451175,0.17744149051580133
ENSG00000119431,unsteered,67.19626168224299,79.90654205607477,0.10416519143658975,0.10332061628806315
ENSG00000119471,add_a0.5,40.0,32.252252252252255,0.0600292226630606,0.047213071265403174
ENSG00000119471,add_a1.0,50.68,52.97297297297297,0.10961397852309536,0.13728877590017063
ENSG00000119471,add_a1.0_L24,39.18,33.03303303303303,0.07134931738666828,0.06110231121506986
ENSG00000119471,add_a2.0,64.5,72.7927927927928,0.253016196009228,0.3088425366786221
ENSG00000119471,add_a3.0,73.28,72.73273273273273,0.32455192124379445,0.3955125305260405
ENSG00000119471,add_a4.0,68.8,88.52852852852853,0.319802718674049,0.3930562409812978
ENSG00000119471,add_gc_removed_a1.0,38.38,33.393393393393396,0.0913289481618319,0.08241909992785333
ENSG00000119471,add_own,47.739999999999995,50.990990990990994,0.18759730392484564,0.21336841271963447
ENSG00000119471,add_own_L24,40.88,31.591591591591595,0.05032767346986029,0.033783698125162506
ENSG00000119471,random_a1.0,40.42,30.090090090090087,0.1221726593260776,0.11631317119287879
ENSG00000119471,random_a1.0_L24,39.260000000000005,31.23123123123123,0.06509696876830988,0.043986720360680215
ENSG00000119471,unsteered,39.68,29.48948948948949,0.06009164653415733,0.03564791643549509
ENSG00000119616,add_a0.5,43.66863905325444,47.100591715976336,0.12710571763697123,0.03539724390896587
ENSG00000119616,add_a1.0,44.18145956607495,48.40236686390533,0.1267107707825259,0.03808543716993657
ENSG00000119616,add_a1.0_L24,43.94477317554241,47.81065088757396,0.12563035952042426,0.036753117650537084
ENSG00000119616,add_a2.0,58.93491124260355,81.06508875739645,0.15682800492490304,0.25057370581251664
ENSG00000119616,add_a3.0,64.06311637080867,89.11242603550296,0.2059266235265295,0.34381313909398914
ENSG00000119616,add_a4.0,67.29783037475345,89.23076923076923,0.21486517565703558,0.35369282746344866
ENSG00000119616,add_gc_removed_a1.0,43.43195266272189,46.3905325443787,0.13141100197435293,0.03439396246224
ENSG00000119616,add_own,46.74556213017751,53.964497041420124,0.1406401716213675,0.09856170664508798
ENSG00000119616,add_own_L24,44.181459566074956,48.28402366863905,0.12022171783060213,0.03499897000474594
ENSG00000119616,random_a1.0,43.70808678500986,47.100591715976336,0.12458332322108981,0.0339639167264264
ENSG00000119616,random_a1.0_L24,43.054002853333955,43.786982248520715,0.21942371692909327,0.1289981665195567
ENSG00000119616,unsteered,44.06311637080868,47.928994082840234,0.12350527046088182,0.03808822275643518
ENSG00000119630,add_a0.5,66.30824372759857,70.25089605734767,0.32107789924065094,0.3555168449014933
ENSG00000119630,add_a1.0,72.52090800477897,85.21505376344086,0.23475575033018795,0.23828493039157575
ENSG00000119630,add_a1.0_L24,71.74432497013142,70.87813620071684,0.302224978989295,0.32845054883996455
ENSG00000119630,add_a2.0,86.91756272401433,86.4695340501792,0.3142153122317743,0.40313238603265367
ENSG00000119630,add_a3.0,84.9163679808841,91.12903225806451,0.2607832409574275,0.3354831702014316
ENSG00000119630,add_a4.0,82.5268817204301,86.64874551971326,0.23019595195296275,0.299000992290688
ENSG00000119630,add_gc_removed_a1.0,67.1146953405018,67.831541218638,0.28155240411145827,0.3001953801733111
ENSG00000119630,add_own,76.10513739545998,80.46594982078852,0.23729306631366542,0.2864317218799706
ENSG00000119630,add_own_L24,73.83512544802868,78.76344086021506,0.29279806426821425,0.3422044292025508
ENSG00000119630,random_a1.0,66.33811230585424,69.08602150537634,0.28545355335638684,0.29420393960453467
ENSG00000119630,random_a1.0_L24,67.02508960573476,68.45878136200717,0.35520936654797325,0.36931298908654003
ENSG00000119630,unsteered,68.45878136200717,72.58064516129032,0.28718637220378035,0.2831723308378645
ENSG00000119698,add_a0.5,56.9,53.753753753753756,0.29283087403844343,0.3104580106536699
ENSG00000119698,add_a1.0,83.96000000000001,87.14714714714714,0.36441652259355023,0.5317429820596244
ENSG00000119698,add_a1.0_L24,68.78,71.5915915915916,0.3399195367264639,0.4301474622466216
ENSG00000119698,add_a2.0,76.88,92.85285285285286,0.31306752916097363,0.5091832366424184
ENSG00000119698,add_a3.0,85.38,92.7927927927928,0.4124441686587195,0.5826441635467915
ENSG00000119698,add_a4.0,85.58,91.41141141141142,0.39148216100084665,0.5650609276024923
ENSG00000119698,add_gc_removed_a1.0,64.44,62.70270270270271,0.2236008977975644,0.2941727666830673
ENSG00000119698,add_own,77.62,82.64264264264264,0.29368430005569923,0.44914521937874685
ENSG00000119698,add_own_L24,61.86,71.83183183183183,0.19158731680212324,0.2986589907972304
ENSG00000119698,random_a1.0,63.06,65.4054054054054,0.2727468861067528,0.34876425568276564
ENSG00000119698,random_a1.0_L24,63.160000000000004,62.58258258258259,0.27712286753206394,0.3074696856295878
ENSG00000119698,unsteered,70.34,71.5915915915916,0.2641948790948324,0.3588651203653964
ENSG00000119699,add_a0.5,65.0,79.0990990990991,0.11917510618751544,0.10751110180392616
ENSG00000119699,add_a1.0,65.1,83.18318318318317,0.15547916341179363,0.14417543090768895
ENSG00000119699,add_a1.0_L24,58.42,72.61261261261261,0.10476554606385036,0.08284433163685205
ENSG00000119699,add_a2.0,78.92,87.98798798798798,0.2933741261562502,0.28570009793830975
ENSG00000119699,add_a3.0,78.26,95.85585585585585,0.2792862224526087,0.26576340295768663
ENSG00000119699,add_a4.0,83.28,95.49549549549549,0.3221889919422356,0.3084314666434168
ENSG00000119699,add_gc_removed_a1.0,47.32,55.73573573573574,0.09472058039259788,0.10257348928708358
ENSG00000119699,add_own,70.53999999999999,86.18618618618618,0.19704591573987304,0.18312448964385783
ENSG00000119699,add_own_L24,69.6,81.02102102102103,0.15036950437073424,0.14293634640587036
ENSG00000119699,random_a1.0,59.1,70.87087087087087,0.13494506868371656,0.12181802164781037
ENSG00000119699,random_a1.0_L24,54.4,66.12612612612614,0.1429534486739036,0.13183619643537298
ENSG00000119699,unsteered,54.6,65.88588588588588,0.07531899890725217,0.06860492725838245
ENSG00000119725,add_a0.5,45.3,42.64264264264264,0.3417003613009922,0.13372901218475278
ENSG00000119725,add_a1.0,65.52000000000001,72.01201201201202,0.17693979353031,0.2063810568143182
ENSG00000119725,add_a1.0_L24,34.96,33.393393393393396,0.4317765329505304,0.1407005709449934
ENSG00000119725,add_a2.0,75.38,79.45945945945945,0.19483999651172393,0.3048606170657827
ENSG00000119725,add_a3.0,80.4,93.69369369369369,0.17861265503446577,0.4244995810993271
ENSG00000119725,add_a4.0,82.66,89.06906906906906,0.23723201535208815,0.420051928719816
ENSG00000119725,add_gc_removed_a1.0,41.64,35.91591591591592,0.37467700138448545,0.12426896588411966
ENSG00000119725,add_own,65.6,72.31231231231232,0.17105870979260437,0.20015868202423684
ENSG00000119725,add_own_L24,51.14,52.13213213213213,0.32822508857995747,0.20973985749429636
ENSG00000119725,random_a1.0,32.68,31.051051051051054,0.45860045625058177,0.16996038358483118
ENSG00000119725,random_a1.0_L24,39.739999999999995,36.57657657657658,0.41779045755434385,0.18103420959637928
ENSG00000119725,unsteered,37.86,30.75075075075075,0.45083905849610595,0.16423512838096926
ENSG00000119820,add_a0.5,59.123630672926446,69.95305164319248,0.33202336191516646,0.3962665008988246
ENSG00000119820,add_a1.0,73.95931142410015,79.34272300469483,0.40640458147389563,0.51024391519196
ENSG00000119820,add_a1.0_L24,58.96713615023474,60.187793427230055,0.2725292562067073,0.3240644547569036
ENSG00000119820,add_a2.0,78.37245696400626,90.61032863849765,0.4741696694608035,0.5952870602717921
ENSG00000119820,add_a3.0,79.06103286384976,92.20657276995306,0.47131386135818615,0.6039063129028192
ENSG00000119820,add_a4.0,84.69483568075118,90.98591549295774,0.5212001816766983,0.6429170639719327
ENSG00000119820,add_gc_removed_a1.0,44.35054773082942,42.44131455399061,0.1908288369966825,0.19507418521980605
ENSG00000119820,add_own,72.6134585289515,89.01408450704226,0.4553666545134624,0.5690389690397616
ENSG00000119820,add_own_L24,48.262910798122064,48.262910798122064,0.3135744829805406,0.3258518778022884
ENSG00000119820,random_a1.0,49.92175273865415,45.070422535211264,0.24312429108355835,0.26236837861997675
ENSG00000119820,random_a1.0_L24,57.26502519120295,62.81690140845071,0.2976564126849654,0.3487703744855275
ENSG00000119820,unsteered,56.93270735524256,57.370892018779344,0.33783133866203613,0.3613285091244615
ENSG00000120451,add_a0.5,63.92,70.3903903903904,0.3061205077088561,0.16655935559874996
ENSG00000120451,add_a1.0,59.94,65.04504504504504,0.35765286880524866,0.1562963420564437
ENSG00000120451,add_a1.0_L24,57.97209209209209,63.48348348348348,0.3405489728055583,0.13166055673079202
ENSG00000120451,add_a2.0,77.3,94.95495495495496,0.16260651125360345,0.34394732078459833
ENSG00000120451,add_a3.0,81.62,93.69369369369369,0.10957002121510788,0.35106276412097526
ENSG00000120451,add_a4.0,80.66,92.79279279279278,0.11255176643549865,0.3429391368789315
ENSG00000120451,add_gc_removed_a1.0,54.42,58.01801801801802,0.41320745016233235,0.11016543902290488
ENSG00000120451,add_own,78.38,94.89489489489489,0.18619148975199598,0.335333945540495
ENSG00000120451,add_own_L24,55.739999999999995,64.02402402402403,0.45459447663296765,0.2578468838167659
ENSG00000120451,random_a1.0,58.90724724724724,66.66666666666666,0.35563547347494145,0.15633101207674546
ENSG00000120451,random_a1.0_L24,64.97999999999999,79.27927927927928,0.2736131669353045,0.17922828265844093
ENSG00000120451,unsteered,46.88636636636637,53.213213213213216,0.5338004107110212,0.2545243772359068
ENSG00000120837,add_a0.5,41.14877589453861,27.68361581920904,0.20583668709912864,0.18424037661193882
ENSG00000120837,add_a1.0,39.391086001255495,34.27495291902071,0.15918873687193372,0.13371023871798993
ENSG00000120837,add_a1.0_L24,37.31952291274325,25.04708097928437,0.20033604196835383,0.16975678779542158
ENSG00000120837,add_a2.0,58.19209039548023,62.052730696798484,0.31625484044833935,0.32372225969625723
ENSG00000120837,add_a3.0,61.61330822347771,67.32580037664783,0.33009837948803444,0.33304362479885613
ENSG00000120837,add_a4.0,80.06905210295041,87.00564971751413,0.5601478171579878,0.5699931518724517
ENSG00000120837,add_gc_removed_a1.0,37.69617074701821,25.329566854990585,0.20803657857789548,0.1787749358170311
ENSG00000120837,add_own,47.39485247959825,41.80790960451977,0.20369859095651746,0.19114802554814248
ENSG00000120837,add_own_L24,37.76664416255078,34.10856445814073,0.2015453233230863,0.1848493863978553
ENSG00000120837,random_a1.0,33.92969240426868,29.943502824858758,0.22246190587392067,0.19872852851873857
ENSG00000120837,random_a1.0_L24,33.39610797237916,24.764595103578156,0.18838906699693866,0.16874117707023398
ENSG00000120837,unsteered,35.4676710608914,31.544256120527308,0.18982804131853256,0.16943760514616668
ENSG00000120915,add_a0.5,82.76,95.37537537537537,0.28582726951059945,0.38594995330345105
ENSG00000120915,add_a1.0,81.67999999999999,93.33333333333333,0.2694941881685754,0.3684315080578008
ENSG00000120915,add_a1.0_L24,81.86,90.33033033033033,0.2857050278887697,0.3791287081201907
ENSG00000120915,add_a2.0,83.82000000000001,90.69069069069069,0.2877265620656989,0.38509292543000495
ENSG00000120915,add_a3.0,83.04,93.93393393393393,0.26936439391720135,0.37451744703008305
ENSG00000120915,add_a4.0,81.94,95.31531531531532,0.24284333246439588,0.3494163035272132
ENSG00000120915,add_gc_removed_a1.0,77.74,90.09009009009009,0.22444907619988977,0.3135642947124114
ENSG00000120915,add_own,84.08,94.41441441441441,0.2864543477074986,0.3882453211546547
ENSG00000120915,add_own_L24,82.4,91.71171171171171,0.26481734790320927,0.35808833153044317
ENSG00000120915,random_a1.0,81.44,89.96996996996998,0.2599665897406206,0.35462225461886654
ENSG00000120915,random_a1.0_L24,81.7,90.63063063063063,0.2635278961779805,0.3588102514578265
ENSG00000120915,unsteered,79.72,84.98498498498499,0.27083024385229393,0.36205709057033536
ENSG00000121940,add_a0.5,38.38,36.33633633633634,0.11727350639526246,0.10169487567524778
ENSG00000121940,add_a1.0,40.56,40.12012012012012,0.11620004312787062,0.10728658796406657
ENSG00000121940,add_a1.0_L24,40.96,39.21921921921923,0.15125615302418952,0.13131655214831556
ENSG00000121940,add_a2.0,62.54,63.48348348348348,0.3038823057863409,0.3083617463412355
ENSG00000121940,add_a3.0,75.76,76.6966966966967,0.4298476648481362,0.4413640718311834
ENSG00000121940,add_a4.0,90.28,91.65165165165165,0.6376535588685586,0.6576676002045424
ENSG00000121940,add_gc_removed_a1.0,30.1,28.168168168168172,0.13052841994692382,0.11699958709280094
ENSG00000121940,add_own,35.52,36.27627627627628,0.13321624971222068,0.12726028713115056
ENSG00000121940,add_own_L24,36.08,34.77477477477478,0.11110684828070447,0.10049675970173336
ENSG00000121940,random_a1.0,33.8,31.111111111111107,0.12148934029069292,0.10367464104416613
ENSG00000121940,random_a1.0_L24,29.779999999999994,27.56756756756757,0.18147859817339837,0.18230811403455724
ENSG00000121940,unsteered,34.54574574574575,31.546365642751187,0.10705634239495374,0.09286319820601743
ENSG00000122042,add_a0.5,45.120999219359874,46.721311475409834,0.2674752040021092,0.3274316951290186
ENSG00000122042,add_a1.0,52.14676034348166,63.46604215456674,0.29334265072869137,0.40855430469348
ENSG00000122042,add_a1.0_L24,45.19906323185012,52.45901639344262,0.25401902412725935,0.3513175457478265
ENSG00000122042,add_a2.0,54.33255269320843,66.39344262295081,0.27882462568318694,0.4049777253425511
ENSG00000122042,add_a3.0,65.6128024980484,78.10304449648712,0.29496798251054507,0.4596375144658144
ENSG00000122042,add_a4.0,69.75019516003123,81.9672131147541,0.32699927102298787,0.5206707448455484
ENSG00000122042,add_gc_removed_a1.0,38.13427010148322,38.64168618266979,0.2832452345675247,0.3330237777593429
ENSG00000122042,add_own,47.658079625292736,59.4847775175644,0.31994113373079264,0.3862976156621252
ENSG00000122042,add_own_L24,44.574551131928175,42.50585480093677,0.30461834570712804,0.32010317995314524
ENSG00000122042,random_a1.0,43.559718969555036,44.613583138173304,0.26907469632478037,0.30862830840641636
ENSG00000122042,random_a1.0_L24,38.2903981264637,33.48946135831382,0.34567262677109045,0.36930493892427535
ENSG00000122042,unsteered,38.83684621389539,37.00234192037471,0.2913161770081301,0.32439790911100896
ENSG00000122068,add_a0.5,44.61538461538462,45.38461538461538,0.18009391696604168,0.1880057383292681
ENSG00000122068,add_a1.0,43.333333333333336,44.53846153846153,0.15495369764664066,0.1514562113767661
ENSG00000122068,add_a1.0_L24,43.07692307692308,37.61538461538461,0.23181374845166075,0.23056482669262263
ENSG00000122068,add_a2.0,73.25641025641025,77.38461538461539,0.32395940977824883,0.36368614201397015
ENSG00000122068,add_a3.0,79.38461538461539,87.0,0.3992651638324788,0.45060550526306703
ENSG00000122068,add_a4.0,85.25641025641025,90.0,0.4578045981154434,0.5139886440974629
ENSG00000122068,add_gc_removed_a1.0,35.64102564102564,35.84615384615385,0.21000726601831426,0.20682929024823196
ENSG00000122068,add_own,44.35897435897436,44.23076923076923,0.19931569490473236,0.19154300918351855
ENSG00000122068,add_own_L24,37.282051282051285,31.30769230769231,0.18614129645090066,0.16783259796852662
ENSG00000122068,random_a1.0,33.61538461538461,24.46153846153846,0.2404993064371032,0.21982340343999632
ENSG00000122068,random_a1.0_L24,39.717948717948715,36.30769230769231,0.20596741813692843,0.18956431418728753
ENSG00000122068,unsteered,38.794871794871796,37.23076923076923,0.21419456547482668,0.19787193930755245
ENSG00000122203,add_a0.5,66.6923076923077,81.61538461538461,0.16640787229507242,0.2345684611233974
ENSG00000122203,add_a1.0,78.66666666666667,83.84615384615384,0.294926771080925,0.36703356412137034
ENSG00000122203,add_a1.0_L24,62.84615384615385,68.46153846153847,0.33387808785702555,0.3672655032396944
ENSG00000122203,add_a2.0,81.82051282051282,88.61538461538461,0.24300468120906626,0.3613891351075486
ENSG00000122203,add_a3.0,76.7948717948718,93.07692307692307,0.21711411261492483,0.35702389153366243
ENSG00000122203,add_a4.0,83.61538461538461,85.61538461538461,0.27810706823514963,0.37716710599846465
ENSG00000122203,add_gc_removed_a1.0,62.1025641025641,63.15384615384615,0.23296108576745206,0.20150434017465346
ENSG00000122203,add_own,74.17948717948718,76.76923076923077,0.24749051960810203,0.29742194594265353
ENSG00000122203,add_own_L24,58.92307692307693,64.0,0.2853295973925992,0.26480555425296853
ENSG00000122203,random_a1.0,64.51282051282051,69.0,0.2957460163024745,0.282486394298768
ENSG00000122203,random_a1.0_L24,50.58974358974359,59.38461538461538,0.2563642288480987,0.2282342375647229
ENSG00000122203,unsteered,59.58974358974359,67.6923076923077,0.21521468279891845,0.20081543646337058
ENSG00000122367,add_a0.5,47.82,49.669669669669666,0.38350044943379225,0.4302865082420829
ENSG00000122367,add_a1.0,54.739999999999995,54.114114114114116,0.43966654942654254,0.48033375961492997
ENSG00000122367,add_a1.0_L24,40.32000000000001,40.84084084084084,0.48771469160075576,0.5567747194196635
ENSG00000122367,add_a2.0,73.25999999999999,73.21321321321321,0.23561971629390355,0.22301870405257312
ENSG00000122367,add_a3.0,84.8,86.54654654654655,0.35740335134963647,0.3163298508265355
ENSG00000122367,add_a4.0,85.97999999999999,89.00900900900902,0.3823050946143032,0.3476914669676899
ENSG00000122367,add_gc_removed_a1.0,48.42,50.510510510510514,0.4490137647927985,0.5020059864504918
ENSG00000122367,add_own,58.339999999999996,58.37837837837837,0.35318814005718546,0.3907296413936975
ENSG00000122367,add_own_L24,51.379999999999995,51.711711711711715,0.5886155173863316,0.6415297113964903
ENSG00000122367,random_a1.0,38.519999999999996,38.1981981981982,0.5183080418561957,0.5978326629946462
ENSG00000122367,random_a1.0_L24,55.67999999999999,63.603603603603595,0.3574981068737707,0.3983328242496465
ENSG00000122367,unsteered,44.54,47.02702702702703,0.4086358978365682,0.4884115878048932
ENSG00000122512,add_a0.5,35.480000000000004,35.31531531531532,0.13657413060417795,0.1302756926543841
ENSG00000122512,add_a1.0,45.2,49.249249249249246,0.12964378563597667,0.10107639910484911
ENSG00000122512,add_a1.0_L24,36.0,34.114114114114116,0.09381880741750119,0.08826279168053135
ENSG00000122512,add_a2.0,60.98,62.94294294294294,0.2607569762504127,0.18988676113765404
ENSG00000122512,add_a3.0,79.53999999999999,85.34534534534535,0.46019173735846425,0.3891543816198439
ENSG00000122512,add_a4.0,85.97999999999999,87.26726726726727,0.5370916520689628,0.4842737831901209
ENSG00000122512,add_gc_removed_a1.0,34.739999999999995,32.85285285285285,0.09721952400118819,0.0942959254298934
ENSG00000122512,add_own,47.879999999999995,47.987987987987985,0.1516729837313333,0.11540443027660971
ENSG00000122512,add_own_L24,39.28,40.06006006006006,0.09820559718369222,0.08697098776664916
ENSG00000122512,random_a1.0,32.760000000000005,32.072072072072075,0.1284121160874034,0.12505229263369277
ENSG00000122512,random_a1.0_L24,37.82000000000001,39.3993993993994,0.16488986752204887,0.15099910911550357
ENSG00000122512,unsteered,32.28,32.492492492492495,0.1655771507597456,0.16466173071891485
ENSG00000122694,add_a0.5,54.044444444444444,67.86666666666666,0.19711461408612121,0.08307256237564495
ENSG00000122694,add_a1.0,62.4,79.46666666666667,0.22362199280119352,0.14828058127599467
ENSG00000122694,add_a1.0_L24,54.62222222222223,69.6,0.18120154427041926,0.07344747443739767
ENSG00000122694,add_a2.0,64.66666666666667,84.93333333333334,0.25269988009944067,0.18792955894334443
ENSG00000122694,add_a3.0,69.95555555555556,92.93333333333334,0.2630809783788097,0.21752430458130945
ENSG00000122694,add_a4.0,75.24444444444445,95.86666666666667,0.3215135674382465,0.27521267960451373
ENSG00000122694,add_gc_removed_a1.0,53.422222222222224,64.8,0.2299450179123277,0.15592014450573896
ENSG00000122694,add_own,58.0,72.66666666666667,0.22103050692734424,0.12403822281196464
ENSG00000122694,add_own_L24,59.20000000000001,74.53333333333333,0.23918035528501502,0.1337979791861287
ENSG00000122694,random_a1.0,52.26666666666667,63.333333333333336,0.20627367489805895,0.11209870229363672
ENSG00000122694,random_a1.0_L24,52.71111111111111,65.6,0.19222948778833782,0.0918015542867715
ENSG00000122694,unsteered,56.53333333333333,67.2,0.23467801309501304,0.1572427687080009
ENSG00000122966,add_a0.5,59.620000000000005,73.21321321321321,0.18531848317235677,0.199961653135873
ENSG00000122966,add_a1.0,63.58,67.86786786786787,0.21796568626558277,0.23135595282934412
ENSG00000122966,add_a1.0_L24,53.86,64.68468468468468,0.20451564900857452,0.19058188888446875
ENSG00000122966,add_a2.0,80.78,86.72672672672672,0.34365624990668253,0.38894869686826233
ENSG00000122966,add_a3.0,83.28,93.15315315315316,0.4034127764685615,0.46527280588067155
ENSG00000122966,add_a4.0,88.74000000000001,89.36936936936937,0.4371199594179015,0.5015964111495144
ENSG00000122966,add_gc_removed_a1.0,38.220000000000006,36.45645645645646,0.1767204942039698,0.1461671849541566
ENSG00000122966,add_own,71.5,84.68468468468468,0.2654677158582515,0.299731533308447
ENSG00000122966,add_own_L24,48.1,47.927927927927925,0.22026045941549874,0.2065547526266895
ENSG00000122966,random_a1.0,46.78,53.333333333333336,0.1620645822144799,0.15054197802257124
ENSG00000122966,random_a1.0_L24,49.260000000000005,46.48648648648649,0.2664420481879197,0.2539085011502906
ENSG00000122966,unsteered,53.24000000000001,56.636636636636624,0.25832685437900366,0.26252801436716844
ENSG00000123388,add_a0.5,65.32846715328466,82.4087591240876,0.1943840680611038,0.21211780680479347
ENSG00000123388,add_a1.0,69.07542579075425,84.08759124087592,0.16587844644701186,0.1867044139900111
ENSG00000123388,add_a1.0_L24,58.394160583941606,71.16788321167884,0.21474198271002862,0.22299670630745266
ENSG00000123388,add_a2.0,80.17031630170317,91.0948905109489,0.18613261274266585,0.22398758193999374
ENSG00000123388,add_a3.0,82.36009732360097,91.45985401459855,0.20038411667615522,0.24305324303405765
ENSG00000123388,add_a4.0,87.51824817518248,94.23357664233576,0.2809240072592211,0.33710604429850294
ENSG00000123388,add_gc_removed_a1.0,69.90267639902677,84.52554744525547,0.2127433105014389,0.23912128955200015
ENSG00000123388,add_own,75.49878345498783,88.17518248175182,0.1648600370549363,0.1991267950705554
ENSG00000123388,add_own_L24,69.85401459854015,90.87591240875913,0.13441345157827722,0.17244241351035328
ENSG00000123388,random_a1.0,65.76642335766424,83.21167883211679,0.16028757414896747,0.18344192974839907
ENSG00000123388,random_a1.0_L24,63.503649635036496,77.8102189781022,0.154463822535868,0.17865891475712528
ENSG00000123388,unsteered,64.79318734793188,67.66423357664235,0.2740751560411538,0.29828385516364403
ENSG00000123395,add_a0.5,65.75543797766021,76.36684303350971,0.3421189088024363,0.3365344827022591
ENSG00000123395,add_a1.0,71.25220458553792,90.38800705467372,0.2014010684946623,0.2468575943095487
ENSG00000123395,add_a1.0_L24,49.04171937937152,56.966490299823626,0.3600057573057633,0.25546286306975224
ENSG00000123395,add_a2.0,70.69370958259847,90.38800705467372,0.17514336121661156,0.22872091352447435
ENSG00000123395,add_a3.0,79.39447383891827,86.5079365079365,0.3096339418764453,0.3465564035298802
ENSG00000123395,add_a4.0,79.7472075249853,90.38800705467372,0.30745499286082223,0.3387113643083312
ENSG00000123395,add_gc_removed_a1.0,51.05820105820106,56.966490299823626,0.42479884161533854,0.3226711687480999
ENSG00000123395,add_own,72.8395061728395,81.04056437389771,0.26285820489052153,0.2603619756312775
ENSG00000123395,add_own_L24,59.3180482069371,64.28571428571429,0.34718742581647205,0.3146190404693234
ENSG00000123395,random_a1.0,61.522633744855966,72.13403880070547,0.29918238295512745,0.26098282366702946
ENSG00000123395,random_a1.0_L24,61.787184009406225,67.81305114638448,0.38330276548068526,0.3419946624952713
ENSG00000123395,unsteered,57.43680188124633,62.8747795414462,0.35945707866219667,0.2698100701426222
ENSG00000123684,add_a0.5,58.71999999999999,67.32732732732732,0.26892227840623345,0.3069285904543722
ENSG00000123684,add_a1.0,62.14,73.15315315315316,0.26267312584050556,0.30296029787029516
ENSG00000123684,add_a1.0_L24,55.839999999999996,67.44744744744744,0.3037849136056401,0.33795780019676114
ENSG00000123684,add_a2.0,73.84,89.36936936936937,0.3850879498613124,0.4376322145731053
ENSG00000123684,add_a3.0,79.97999999999999,88.82882882882883,0.4576960899853229,0.5017100949575214
ENSG00000123684,add_a4.0,84.36,92.85285285285286,0.5273030858890081,0.5607615631151688
ENSG00000123684,add_gc_removed_a1.0,40.220000000000006,44.62462462462463,0.1964136145347672,0.2120697261791275
ENSG00000123684,add_own,68.97999999999999,89.48948948948949,0.38373343049735514,0.43205321311237366
ENSG00000123684,add_own_L24,47.40684684684685,57.19671478707623,0.23030702733762834,0.24872124919099528
ENSG00000123684,random_a1.0,45.08,45.70570570570571,0.26382005596508656,0.27702750432822293
ENSG00000123684,random_a1.0_L24,58.339999999999996,63.60360360360361,0.3613689731195981,0.3906198181537617
ENSG00000123684,unsteered,50.5,55.7957957957958,0.14926770536554865,0.170287630085296
ENSG00000124145,add_a0.5,62.69005847953216,72.046783625731,0.28064556677570973,0.35460173574238796
ENSG00000124145,add_a1.0,70.4093567251462,85.38011695906434,0.2926782217525055,0.3484476414564863
ENSG00000124145,add_a1.0_L24,67.71929824561404,68.0701754385965,0.3561699045277176,0.4272655666330765
ENSG00000124145,add_a2.0,76.56920077972708,83.2748538011696,0.32020953786449025,0.402452680070723
ENSG00000124145,add_a3.0,74.77582846003898,86.3157894736842,0.2849807609495271,0.3466203078252057
ENSG00000124145,add_a4.0,82.06627680311891,90.05847953216374,0.33143093776632504,0.39957826026382454
ENSG00000124145,add_gc_removed_a1.0,62.76803118908382,66.66666666666666,0.2887591981091063,0.35014198265860985
ENSG00000124145,add_own,66.588693957115,81.87134502923978,0.30234618909952365,0.3610579855720347
ENSG00000124145,add_own_L24,65.76998050682262,69.70760233918129,0.36893794008273906,0.43990162347599693
ENSG00000124145,random_a1.0,63.62573099415205,78.94736842105263,0.31925168264416126,0.35951149883427097
ENSG00000124145,random_a1.0_L24,66.66666666666667,80.81871345029239,0.2798464608784782,0.3348433446774673
ENSG00000124145,unsteered,60.009898879142305,69.23976608187135,0.47540307878908034,0.5149715332701258
ENSG00000124214,add_a0.5,57.58,55.1951951951952,0.21303071652836283,0.20205198816964481
ENSG00000124214,add_a1.0,62.379999999999995,66.30630630630631,0.27925526644047116,0.25993684723591365
ENSG00000124214,add_a1.0_L24,52.8,58.738738738738746,0.27504371401887084,0.276779710728032
ENSG00000124214,add_a2.0,82.16,92.61261261261261,0.41730581092206104,0.3490346051285577
ENSG00000124214,add_a3.0,86.2,92.97297297297298,0.48774302430715694,0.4258406339666953
ENSG00000124214,add_a4.0,88.16,90.33033033033033,0.5101076593283874,0.44536752217266945
ENSG00000124214,add_gc_removed_a1.0,47.6,40.42042042042042,0.1697033707443003,0.18904598461370398
ENSG00000124214,add_own,65.46000000000001,78.85885885885885,0.2911244230220934,0.25013196866574056
ENSG00000124214,add_own_L24,42.660000000000004,40.96096096096096,0.15525524906028257,0.17400827076550607
ENSG00000124214,random_a1.0,42.4,40.96096096096096,0.15803775691948602,0.17802791593382739
ENSG00000124214,random_a1.0_L24,52.48,60.78078078078077,0.3140627885822305,0.3248635751272502
ENSG00000124214,unsteered,50.32,50.39039039039039,0.1987917013329725,0.20668516115912014
ENSG00000124641,add_a0.5,60.65573770491803,69.39890710382514,0.20169861068687456,0.14496758061518722
ENSG00000124641,add_a1.0,62.40437158469945,77.92349726775956,0.1349457707118834,0.12312181571309319
ENSG00000124641,add_a1.0_L24,54.89981785063752,70.60109289617486,0.17093970734069544,0.13638233009312728
ENSG00000124641,add_a2.0,70.41894353369763,90.16393442622952,0.18144053315175132,0.23750976905647322
ENSG00000124641,add_a3.0,69.65391621129326,89.28961748633881,0.17254900594466685,0.24783197458409445
ENSG00000124641,add_a4.0,70.67395264116576,89.39890710382514,0.18290844579374696,0.2514253848569578
ENSG00000124641,add_gc_removed_a1.0,49.14389799635701,55.30054644808744,0.20857144723137283,0.10387323015166453
ENSG00000124641,add_own,61.8943533697632,77.04918032786885,0.1608312203123203,0.14261962526776456
ENSG00000124641,add_own_L24,53.84335154826958,59.67213114754098,0.23615919766240429,0.16383603561668056
ENSG00000124641,random_a1.0,54.75409836065573,61.202185792349724,0.2013818184678081,0.09366943550640548
ENSG00000124641,random_a1.0_L24,54.0983606557377,65.13661202185793,0.14855446270445472,0.03556620590327823
ENSG00000124641,unsteered,52.604735883424404,57.704918032786885,0.2147668336235386,0.09985558295023458
ENSG00000124688,add_a0.5,48.08080808080808,51.16883116883117,0.34005335629712596,0.1911550224067687
ENSG00000124688,add_a1.0,50.38961038961039,52.55411255411256,0.3082208967239246,0.170220252850736
ENSG00000124688,add_a1.0_L24,49.43722943722944,56.709956709956714,0.3960308493229191,0.28966343286547513
ENSG00000124688,add_a2.0,63.54978354978355,71.51515151515152,0.21097221315114706,0.2087032948835311
ENSG00000124688,add_a3.0,70.07215007215007,78.008658008658,0.18566928729506643,0.23224761237315672
ENSG00000124688,add_a4.0,86.08946608946609,87.35930735930735,0.2698831816308487,0.4016446037766824
ENSG00000124688,add_gc_removed_a1.0,40.4040404040404,38.35497835497836,0.4361941661433774,0.2300953396432373
ENSG00000124688,add_own,60.692640692640694,66.23376623376623,0.22075009173958185,0.1781002825881999
ENSG00000124688,add_own_L24,51.63059163059163,62.42424242424242,0.2773751645153421,0.1742030284535711
ENSG00000124688,random_a1.0,44.58874458874459,41.38528138528138,0.3765574303631447,0.19188345274341373
ENSG00000124688,random_a1.0_L24,41.76046176046176,40.60606060606061,0.39391338098775974,0.18992437643161336
ENSG00000124688,unsteered,40.43290043290043,33.59307359307359,0.46426416619347355,0.251608610583079
ENSG00000124767,add_a0.5,45.15981735159817,41.50684931506849,0.18089820553235217,0.1155659580396257
ENSG00000124767,add_a1.0,62.73972602739726,81.91780821917808,0.33340050385470976,0.38450928524625794
ENSG00000124767,add_a1.0_L24,45.93607305936074,51.780821917808225,0.16611729268902528,0.13998111846479935
ENSG00000124767,add_a2.0,70.27397260273972,85.61643835616438,0.4366244391391782,0.47505768673040416
ENSG00000124767,add_a3.0,70.22831050228311,83.2876712328767,0.41856442174073694,0.44457510291117536
ENSG00000124767,add_a4.0,81.36986301369862,90.13698630136986,0.5104734991225282,0.5556699916507826
ENSG00000124767,add_gc_removed_a1.0,50.730593607305934,56.301369863013704,0.2639874121024347,0.27586206146443926
ENSG00000124767,add_own,48.721461187214615,58.35616438356165,0.21332442676448027,0.21125828974484415
ENSG00000124767,add_own_L24,50.50228310502283,63.42465753424658,0.18306822653956872,0.1759464865559333
ENSG00000124767,random_a1.0,35.98173515981735,33.83561643835617,0.21468339424242008,0.1493065536373072
ENSG00000124767,random_a1.0_L24,39.1324200913242,34.93150684931507,0.1208740504521127,0.039390150274207655
ENSG00000124767,unsteered,44.54896920681692,43.83561643835616,0.15271545488353827,0.09168301526397535
ENSG00000125652,add_a0.5,77.29629629629629,95.11111111111111,0.24440255296250418,0.18415922387468425
ENSG00000125652,add_a1.0,73.18518518518519,91.66666666666667,0.23611184528855725,0.18408082412221116
ENSG00000125652,add_a1.0_L24,76.33333333333334,95.0,0.24562847249442604,0.17550196786821454
ENSG00000125652,add_a2.0,82.11111111111111,93.55555555555556,0.2901927876567295,0.23495164514858008
ENSG00000125652,add_a3.0,82.88888888888889,95.44444444444444,0.2920683414683608,0.21913021129925508
ENSG00000125652,add_a4.0,82.81481481481481,93.0,0.2728500260853728,0.23335998446580258
ENSG00000125652,add_gc_removed_a1.0,67.29629629629629,79.77777777777779,0.2560503740554604,0.23300226040293115
ENSG00000125652,add_own,78.07407407407408,91.22222222222221,0.2669174181222068,0.207379129436105
ENSG00000125652,add_own_L24,77.77777777777779,90.88888888888889,0.28217526399516124,0.22026436813741435
ENSG00000125652,random_a1.0,74.03703703703704,88.11111111111111,0.22949761349246947,0.17561617522954828
ENSG00000125652,random_a1.0_L24,71.88888888888889,91.11111111111111,0.2742200777822867,0.21822040310662794
ENSG00000125652,unsteered,74.70370370370371,85.0,0.24209888286420597,0.19707831753061647
ENSG00000125703,add_a0.5,46.54,53.33333333333333,0.16568787120964604,0.1823877907605969
ENSG00000125703,add_a1.0,57.17999999999999,62.28228228228229,0.173478647186094,0.26442017742416174
ENSG00000125703,add_a1.0_L24,51.4,60.06006006006006,0.16671064102405558,0.23201811996023042
ENSG00000125703,add_a2.0,76.36,91.11111111111111,0.26733769074836466,0.5266593722085462
ENSG00000125703,add_a3.0,73.1,88.1081081081081,0.24342581100330207,0.489923669044653
ENSG00000125703,add_a4.0,78.58000000000001,93.03303303303304,0.3169737206277997,0.5861936605320084
ENSG00000125703,add_gc_removed_a1.0,34.6,27.147147147147148,0.20965104414456484,0.07820222502123661
ENSG00000125703,add_own,50.22,55.37537537537537,0.16674925779875044,0.20410717214964508
ENSG00000125703,add_own_L24,46.059999999999995,52.97297297297297,0.26384507270968255,0.3081878671621973
ENSG00000125703,random_a1.0,37.09823823823824,29.06906906906907,0.24915978107455333,0.14738289210747899
ENSG00000125703,random_a1.0_L24,38.22,35.67567567567568,0.17183787379795817,0.09230781399492242
ENSG00000125703,unsteered,33.42654654654655,31.831831831831835,0.19949647531786383,0.11146937615725716
ENSG00000125734,add_a0.5,78.28,97.11711711711712,0.35009629760776456,0.2976166522367768
ENSG00000125734,add_a1.0,80.76,96.27627627627626,0.3626432566757691,0.3243167627332736
ENSG00000125734,add_a1.0_L24,73.53999999999999,82.22222222222221,0.4543376228279376,0.4156948789124398
ENSG00000125734,add_a2.0,78.0,98.43843843843844,0.2986996761891554,0.24738045926918253
ENSG00000125734,add_a3.0,79.3,97.5975975975976,0.292078005130212,0.2523551850096925
ENSG00000125734,add_a4.0,84.1,94.71471471471472,0.36795473629550585,0.32627315930383327
ENSG00000125734,add_gc_removed_a1.0,70.1,86.42642642642643,0.29811603879697024,0.2644746305115745
ENSG00000125734,add_own,77.44,92.43243243243244,0.301679035885764,0.27400236370330366
ENSG00000125734,add_own_L24,75.33445445445446,86.66666666666666,0.3304960887891736,0.2831780427689905
ENSG00000125734,random_a1.0,68.46000000000001,93.33333333333333,0.20771977245209444,0.16268965165529747
ENSG00000125734,random_a1.0_L24,75.2,78.43843843843844,0.4021659633305502,0.37549702348609626
ENSG00000125734,unsteered,69.46854854854855,79.21921921921921,0.3206085989114503,0.3027928995862174
ENSG00000127564,add_a0.5,70.39311311311312,72.95433988205073,0.13847984723322457,0.1399304895388659
ENSG00000127564,add_a1.0,80.72,88.34834834834835,0.1845134856482819,0.19644693759156834
ENSG00000127564,add_a1.0_L24,72.36,78.97897897897897,0.15262406053114552,0.16447819657700272
ENSG00000127564,add_a2.0,84.3,89.72972972972973,0.19436516167629403,0.22301093091329505
ENSG00000127564,add_a3.0,85.85999999999999,96.27627627627626,0.2212886767570577,0.2443060812241768
ENSG00000127564,add_a4.0,86.86,89.84984984984985,0.22973997709649918,0.26831829080749214
ENSG00000127564,add_gc_removed_a1.0,61.720000000000006,66.72672672672672,0.1374255467355693,0.13735831448716165
ENSG00000127564,add_own,74.94,88.04804804804806,0.15097265910859547,0.15509893014572146
ENSG00000127564,add_own_L24,75.28,87.02702702702702,0.13417723912336071,0.13700133466468406
ENSG00000127564,random_a1.0,65.7,70.3903903903904,0.16167841399208535,0.16264585913904075
ENSG00000127564,random_a1.0_L24,69.2,66.72672672672672,0.14146900929059583,0.14847414391863284
ENSG00000127564,unsteered,68.44,79.81981981981983,0.11921508795017406,0.12287606742688173
ENSG00000127837,add_a0.5,56.08,59.69969969969971,0.41712152485372433,0.3962330422393935
ENSG00000127837,add_a1.0,64.08,79.27927927927928,0.3098031643488834,0.34500394469660023
ENSG00000127837,add_a1.0_L24,56.4,60.66066066066067,0.34209037343146775,0.2699600869636577
ENSG00000127837,add_a2.0,69.78,86.24624624624624,0.21383592116908048,0.26319525165152247
ENSG00000127837,add_a3.0,78.03999999999999,86.24624624624624,0.23882337689155603,0.3137422588150246
ENSG00000127837,add_a4.0,78.72,85.82582582582583,0.25309004241270966,0.32036941085866016
ENSG00000127837,add_gc_removed_a1.0,47.2,51.41141141141141,0.4261659387838999,0.34471010262600876
ENSG00000127837,add_own,60.08,66.66666666666667,0.35963239579353,0.3405007464829735
ENSG00000127837,add_own_L24,63.32000000000001,68.52852852852853,0.4013947008029429,0.3794435013140608
ENSG00000127837,random_a1.0,53.260000000000005,56.21621621621622,0.35686079619803934,0.2677038819225326
ENSG00000127837,random_a1.0_L24,51.879999999999995,43.06306306306307,0.472475772592603,0.4023136509196032
ENSG00000127837,unsteered,52.760000000000005,52.912912912912915,0.41633367496452295,0.34939141279111824
ENSG00000128272,add_a0.5,67.3,69.12912912912913,0.29870770018844073,0.3358927939658171
ENSG00000128272,add_a1.0,84.3,88.46846846846847,0.3116240419644315,0.4003951826588475
ENSG00000128272,add_a1.0_L24,68.64,68.22822822822823,0.34570308125002,0.36844465124026543
ENSG00000128272,add_a2.0,86.54,90.33033033033033,0.38389291337591214,0.4730041073784192
ENSG00000128272,add_a3.0,90.82000000000001,93.09309309309309,0.4550487704388847,0.5553322854828994
ENSG00000128272,add_a4.0,86.64,88.88888888888889,0.3461511297248007,0.44362313045132834
ENSG00000128272,add_gc_removed_a1.0,58.17999999999999,58.07807807807808,0.27103428455583417,0.2708542188296082
ENSG00000128272,add_own,88.62,91.5915915915916,0.42534283224794384,0.5160101256204026
ENSG00000128272,add_own_L24,65.86,79.03903903903904,0.22118837531337093,0.29217275607349114
ENSG00000128272,random_a1.0,63.3,69.12912912912913,0.22465284616694398,0.25937130047044343
ENSG00000128272,random_a1.0_L24,69.7,65.82582582582583,0.41888275220273175,0.46866380895829673
ENSG00000128272,unsteered,75.96000000000001,80.66066066066067,0.3647471818859897,0.4327852939768027
ENSG00000128408,add_a0.5,78.72,81.38138138138137,0.34450237607972767,0.37356462295648585
ENSG00000128408,add_a1.0,83.4,87.32732732732732,0.3782406755869542,0.4138021209225454
ENSG00000128408,add_a1.0_L24,80.6,87.0870870870871,0.375421665916619,0.40703271086228765
ENSG00000128408,add_a2.0,83.44,97.53753753753753,0.37182122611742907,0.40327670300849167
ENSG00000128408,add_a3.0,82.56,95.49549549549549,0.33089928135485125,0.3665245937966969
ENSG00000128408,add_a4.0,81.97999999999999,92.7927927927928,0.33482069147116544,0.3753753609019615
ENSG00000128408,add_gc_removed_a1.0,65.66,81.8018018018018,0.2236441209186347,0.2158337818225075
ENSG00000128408,add_own,80.44,87.44744744744744,0.36846511788102687,0.40204409852829304
ENSG00000128408,add_own_L24,78.17999999999999,87.32732732732732,0.46558071601237144,0.4866551746507685
ENSG00000128408,random_a1.0,67.92,78.07807807807808,0.26369528939390185,0.2768901325023728
ENSG00000128408,random_a1.0_L24,68.14,78.01801801801801,0.2795286960895226,0.301184613096672
ENSG00000128408,unsteered,68.32000000000001,73.45345345345346,0.272252204312711,0.27942478071358423
ENSG00000128590,add_a0.5,42.40837696335078,49.319371727748695,0.2900932852023176,0.3042845767154568
ENSG00000128590,add_a1.0,57.34729493891798,76.43979057591623,0.32733364347750393,0.3800962590039038
ENSG00000128590,add_a1.0_L24,44.60732984293194,52.67015706806283,0.24023341949549248,0.23785494993842304
ENSG00000128590,add_a2.0,48.481675392670155,53.82198952879581,0.26574208470712446,0.27911681312984826
ENSG00000128590,add_a3.0,58.77835951134381,62.30366492146597,0.3053311401676634,0.3512814118391312
ENSG00000128590,add_a4.0,81.36125654450261,85.13089005235602,0.47686509048872355,0.5502369038261474
ENSG00000128590,add_gc_removed_a1.0,36.788830715532285,37.06806282722513,0.22224231075397616,0.20804713861963195
ENSG00000128590,add_own,44.25828970331588,46.38743455497382,0.230076665958128,0.22742852810000774
ENSG00000128590,add_own_L24,44.74694589877836,41.361256544502616,0.18622970353924737,0.17141015271679805
ENSG00000128590,random_a1.0,39.301919720767884,32.35602094240838,0.17944514806631126,0.15951268300417545
ENSG00000128590,random_a1.0_L24,42.303664921465966,43.87434554973822,0.20411376517379623,0.19863205234869033
ENSG00000128590,unsteered,39.96509598603839,40.0,0.23459882225354933,0.2218822618218017
ENSG00000128805,add_a0.5,70.88000000000001,81.74174174174175,0.30136186766746215,0.27235127740208476
ENSG00000128805,add_a1.0,84.44000000000001,94.05405405405405,0.3622428083712834,0.28496022344345595
ENSG00000128805,add_a1.0_L24,79.32000000000001,74.65465465465465,0.3468283014840472,0.30282561629617144
ENSG00000128805,add_a2.0,85.17999999999999,84.74474474474475,0.4470537815913394,0.3886757908251159
ENSG00000128805,add_a3.0,83.64,95.43543543543544,0.33576036237360735,0.27037648143728255
ENSG00000128805,add_a4.0,89.0,88.46846846846847,0.41895009738017963,0.367544120186232
ENSG00000128805,add_gc_removed_a1.0,63.620000000000005,70.99099099099098,0.21975759379770232,0.1857951521756095
ENSG00000128805,add_own,80.12,87.50750750750751,0.35112006747558555,0.28685720359303923
ENSG00000128805,add_own_L24,71.3132932932933,84.2042042042042,0.24398038604201563,0.18064915446213775
ENSG00000128805,random_a1.0,76.42,79.81981981981981,0.27065636147745886,0.21687356821277542
ENSG00000128805,random_a1.0_L24,72.42,81.26126126126125,0.2598410583406086,0.21608805445320528
ENSG00000128805,unsteered,71.22,78.67867867867866,0.22280856238611352,0.17231691239136032
ENSG00000128881,add_a0.5,49.739999999999995,45.34534534534534,0.345455154809245,0.3077362616614693
ENSG00000128881,add_a1.0,53.08,55.01501501501501,0.23587065953413627,0.2173001617591262
ENSG00000128881,add_a1.0_L24,55.82000000000001,56.21621621621622,0.3798588248567133,0.37422074721276094
ENSG00000128881,add_a2.0,78.17999999999999,75.37537537537537,0.41105344827285056,0.45182191915343106
ENSG00000128881,add_a3.0,78.26,80.3003003003003,0.2686794843579945,0.3698593739545176
ENSG00000128881,add_a4.0,88.12,90.57057057057057,0.4083491069069199,0.5384927979557916
ENSG00000128881,add_gc_removed_a1.0,49.739999999999995,47.027027027027025,0.29064194456408343,0.2515947253150826
ENSG00000128881,add_own,83.24,84.8048048048048,0.45885932915693656,0.5385528719690517
ENSG00000128881,add_own_L24,43.64,35.4954954954955,0.5476387964578937,0.5396337726434048
ENSG00000128881,random_a1.0,51.18,50.87087087087087,0.4207246246359332,0.38031616057435214
ENSG00000128881,random_a1.0_L24,37.3,40.42042042042042,0.3394929313304961,0.2825267528272472
ENSG00000128881,unsteered,49.42,50.69069069069069,0.34825151369182716,0.31819238433256186
ENSG00000130055,add_a0.5,62.86,69.66966966966967,0.23456177357554914,0.17414103813779008
ENSG00000130055,add_a1.0,60.08,68.1081081081081,0.2710413265956303,0.22081725290632964
ENSG00000130055,add_a1.0_L24,43.48822822822823,47.38738738738739,0.39177504016588804,0.22652347898140252
ENSG00000130055,add_a2.0,78.1,93.63363363363364,0.169447770849206,0.31091020945322656
ENSG00000130055,add_a3.0,83.92,91.23123123123123,0.21880034267106924,0.3706604602623772
ENSG00000130055,add_a4.0,85.08,93.87387387387386,0.19751203695333988,0.3680374331432129
ENSG00000130055,add_gc_removed_a1.0,47.660000000000004,46.18618618618619,0.3998999867982699,0.1853153092394831
ENSG00000130055,add_own,74.67243243243243,90.25489344766453,0.15782731597409252,0.28437533263328624
ENSG00000130055,add_own_L24,49.879999999999995,51.05105105105105,0.4185696696823212,0.26431162359703236
ENSG00000130055,random_a1.0,47.14,52.61261261261261,0.3491725646181808,0.1546085979912694
ENSG00000130055,random_a1.0_L24,53.96,62.222222222222214,0.2857259300744374,0.22163079131841137
ENSG00000130055,unsteered,48.66626626626627,54.77477477477478,0.32289441567213883,0.16299412158420185
ENSG00000130517,add_a0.5,63.074074074074076,87.0,0.14154391351259538,0.09990858474719774
ENSG00000130517,add_a1.0,60.62962962962963,78.88888888888889,0.14249963979158847,0.11562725681502584
ENSG00000130517,add_a1.0_L24,60.18518518518518,79.0,0.14785434774120323,0.12285494215356459
ENSG00000130517,add_a2.0,69.62962962962963,92.55555555555556,0.21540610716708858,0.15735832462694083
ENSG00000130517,add_a3.0,70.44444444444444,94.55555555555556,0.24790897401563727,0.1820994221690078
ENSG00000130517,add_a4.0,77.7037037037037,90.44444444444444,0.33734894880653016,0.28652585262020347
ENSG00000130517,add_gc_removed_a1.0,46.88888888888889,48.0,0.141113434017971,0.1854495646330628
ENSG00000130517,add_own,60.48148148148148,78.88888888888889,0.16303105175110374,0.14312662081099828
ENSG00000130517,add_own_L24,61.03703703703703,81.77777777777779,0.12700604044344718,0.10074582412344339
ENSG00000130517,random_a1.0,60.222222222222214,80.11111111111111,0.11735803622099857,0.09613836165530967
ENSG00000130517,random_a1.0_L24,58.333333333333336,73.44444444444444,0.1388618120923031,0.12826320111146416
ENSG00000130517,unsteered,61.962962962962955,83.88888888888889,0.1344446620215268,0.0927715533855279
ENSG00000130560,add_a0.5,81.84,96.15615615615616,0.5004582389718774,0.32868495335229814
ENSG00000130560,add_a1.0,80.66,88.28828828828829,0.5059730236332177,0.3572931315313613
ENSG00000130560,add_a1.0_L24,76.7,92.43243243243242,0.46637798533877123,0.3060059100315008
ENSG00000130560,add_a2.0,81.24000000000001,97.29729729729729,0.49019967065767267,0.31312381502494213
ENSG00000130560,add_a3.0,84.1,91.35135135135135,0.5061036154281598,0.35937670464447324
ENSG00000130560,add_a4.0,84.38,95.55555555555556,0.5285689782347676,0.3821790283076721
ENSG00000130560,add_gc_removed_a1.0,77.74,88.46846846846847,0.4622283446209131,0.31845898952652607
ENSG00000130560,add_own,80.0,92.25225225225225,0.4582534783248192,0.30405201631287004
ENSG00000130560,add_own_L24,74.07275275275275,82.64264264264264,0.4079532867233646,0.30198875225927535
ENSG00000130560,random_a1.0,79.44,92.49249249249249,0.5258144523578275,0.370697032079996
ENSG00000130560,random_a1.0_L24,79.5,90.51051051051051,0.4792562214564583,0.3277387384135967
ENSG00000130560,unsteered,77.3,82.28228228228228,0.40529001283904725,0.3129389562610334
ENSG00000130731,add_a0.5,75.35238095238095,91.65714285714286,0.2144298724322188,0.20136488217064205
ENSG00000130731,add_a1.0,76.91428571428571,88.22857142857143,0.2485996899056388,0.23729831896899817
ENSG00000130731,add_a1.0_L24,73.33333333333333,94.97142857142856,0.1912570626740267,0.18760928293824275
ENSG00000130731,add_a2.0,79.23809523809524,96.8,0.24434234547086103,0.22762828391726275
ENSG00000130731,add_a3.0,78.5904761904762,96.0,0.23611503533261394,0.22689535890577356
ENSG00000130731,add_a4.0,83.5047619047619,95.54285714285714,0.30293891258670547,0.2810260083252166
ENSG00000130731,add_gc_removed_a1.0,71.88571428571429,90.05714285714285,0.23292862578551485,0.23180610809276483
ENSG00000130731,add_own,70.70476190476191,87.42857142857143,0.22747462179347083,0.22200781873998338
ENSG00000130731,add_own_L24,71.54285714285714,95.42857142857142,0.1892829530666596,0.20361566948567072
ENSG00000130731,random_a1.0,72.99047619047619,87.42857142857142,0.2431126017948834,0.22868418952454497
ENSG00000130731,random_a1.0_L24,75.80952380952381,90.5142857142857,0.22698136213080033,0.22852548205007003
ENSG00000130731,unsteered,72.41904761904762,95.08571428571429,0.20890186817653228,0.2179221774996294
ENSG00000130811,add_a0.5,58.652968036529685,71.0958904109589,0.2698828367498475,0.28093507714601124
ENSG00000130811,add_a1.0,69.46601435094585,78.42465753424658,0.2597154599927955,0.2582070162590579
ENSG00000130811,add_a1.0_L24,60.821917808219176,80.95890410958904,0.26423727295175614,0.2591798265661329
ENSG00000130811,add_a2.0,74.95433789954338,84.31506849315068,0.2256747673336467,0.22776850728012477
ENSG00000130811,add_a3.0,83.56164383561644,93.97260273972603,0.31362799013151443,0.31232867138550213
ENSG00000130811,add_a4.0,86.36986301369863,88.6986301369863,0.376158914543696,0.3870247419872669
ENSG00000130811,add_gc_removed_a1.0,46.073059360730596,55.61643835616438,0.21016764685645062,0.2321143543696679
ENSG00000130811,add_own,62.625570776255714,58.56164383561644,0.27910015657343984,0.28012455998623903
ENSG00000130811,add_own_L24,54.04109589041095,63.49315068493151,0.24422737453091586,0.25366028003403096
ENSG00000130811,random_a1.0,47.28310502283105,51.301369863013704,0.21349522403087065,0.23149481609257022
ENSG00000130811,random_a1.0_L24,61.780821917808225,68.76712328767124,0.1971668169668815,0.21316640576217546
ENSG00000130811,unsteered,44.49771689497717,48.49315068493151,0.28751550713594226,0.3144891436940094
ENSG00000131023,add_a0.5,42.78,39.45945945945946,0.13174369667502195,0.11080428824466604
ENSG00000131023,add_a1.0,57.24000000000001,62.58258258258259,0.1977598979146308,0.2448579188758971
ENSG00000131023,add_a1.0_L24,38.1,38.1981981981982,0.20229657513886173,0.18083605896400806
ENSG00000131023,add_a2.0,63.86,68.64864864864865,0.21679526907318927,0.3016998341373175
ENSG00000131023,add_a3.0,75.02000000000001,88.22822822822823,0.31732760740727617,0.4476099807817692
ENSG00000131023,add_a4.0,82.97999999999999,93.45345345345345,0.40762734569652415,0.5423880426864891
ENSG00000131023,add_gc_removed_a1.0,35.22,31.411411411411414,0.18230132040605304,0.14509344951095887
ENSG00000131023,add_own,54.08,59.15915915915916,0.2343662487010504,0.2778523961996605
ENSG00000131023,add_own_L24,42.4,39.33933933933934,0.16184834865937864,0.15322458377367418
ENSG00000131023,random_a1.0,33.44,30.870870870870874,0.25283121486879534,0.21443291531102188
ENSG00000131023,random_a1.0_L24,44.720000000000006,41.86186186186186,0.24893682918338542,0.2141056308563781
ENSG00000131023,unsteered,41.1,36.15615615615616,0.16040753879003739,0.13067486440337567
ENSG00000131149,add_a0.5,74.06,78.37837837837837,0.5747995950807103,0.5459039034768092
ENSG00000131149,add_a1.0,80.36,92.49249249249249,0.356996280031088,0.3310957063876928
ENSG00000131149,add_a1.0_L24,78.44000000000001,90.0900900900901,0.41711356313007714,0.36290490262045644
ENSG00000131149,add_a2.0,78.62,87.2072072072072,0.30218561359985097,0.28172439842680214
ENSG00000131149,add_a3.0,85.62,92.61261261261261,0.35061474234405665,0.33111879135218114
ENSG00000131149,add_a4.0,88.16,94.8948948948949,0.3215596491772678,0.29917037291982335
ENSG00000131149,add_gc_removed_a1.0,59.45031031031031,76.87687687687688,0.2620938638329712,0.27018719445405787
ENSG00000131149,add_own,77.92,86.24624624624624,0.25400762577292857,0.24624536742310704
ENSG00000131149,add_own_L24,65.47999999999999,74.29429429429429,0.19442226054020018,0.21491897381047975
ENSG00000131149,random_a1.0,79.14,90.99099099099098,0.4048260478821354,0.40874161349784977
ENSG00000131149,random_a1.0_L24,65.46000000000001,72.01201201201201,0.3059847629540684,0.3024600743659466
ENSG00000131149,unsteered,71.02000000000001,85.1051051051051,0.5390081185025437,0.5024181968635765
ENSG00000131263,add_a0.5,42.58,39.33933933933934,0.318895241994012,0.2182231263924129
ENSG00000131263,add_a1.0,56.06,63.54354354354355,0.3022123626825987,0.36276226946827067
ENSG00000131263,add_a1.0_L24,50.9,58.55855855855856,0.3199116486213436,0.31942007902855674
ENSG00000131263,add_a2.0,65.7,71.53153153153153,0.21512473664237491,0.3819411013837714
ENSG00000131263,add_a3.0,76.88,88.64864864864865,0.23617115114542533,0.5276904138299927
ENSG00000131263,add_a4.0,79.96000000000001,84.98498498498499,0.24597694663268127,0.5315102295337599
ENSG00000131263,add_gc_removed_a1.0,33.28,29.30930930930931,0.39956894840682616,0.22384061462292898
ENSG00000131263,add_own,68.12,74.83483483483484,0.18786270978058175,0.38132530072231213
ENSG00000131263,add_own_L24,54.75999999999999,58.4984984984985,0.2562408374694763,0.2830062305805116
ENSG00000131263,random_a1.0,37.839999999999996,35.13513513513514,0.3366479378060963,0.2104500064064073
ENSG00000131263,random_a1.0_L24,36.160000000000004,37.71771771771772,0.3384920488609721,0.2116603073356283
ENSG00000131263,unsteered,41.82,36.93693693693693,0.3203535978008999,0.20056579407900782
ENSG00000131503,add_a0.5,77.4,96.21621621621622,0.28272470927315074,0.4989450426452908
ENSG00000131503,add_a1.0,80.84,94.83483483483482,0.2784958311325944,0.4800994915511033
ENSG00000131503,add_a1.0_L24,77.84,90.69069069069069,0.258089207751662,0.4406678096669573
ENSG00000131503,add_a2.0,81.62,95.61561561561561,0.2641182083502882,0.48789157770689523
ENSG00000131503,add_a3.0,87.53999999999999,92.61261261261261,0.31612318000645373,0.5062622449644503
ENSG00000131503,add_a4.0,89.36,92.67267267267268,0.3148010191255582,0.5026980577906326
ENSG00000131503,add_gc_removed_a1.0,72.82000000000001,78.01801801801801,0.22153530315632577,0.33263001535790915
ENSG00000131503,add_own,75.42,80.36036036036036,0.2552337518168998,0.3945762119704173
ENSG00000131503,add_own_L24,68.52,83.42342342342343,0.24459941876041177,0.3891559153670986
ENSG00000131503,random_a1.0,75.64,92.85285285285286,0.2684520390003785,0.45164815860168667
ENSG00000131503,random_a1.0_L24,71.44,89.84984984984985,0.340909325430573,0.4787013770776166
ENSG00000131503,unsteered,75.24,90.99099099099098,0.24548585448160262,0.42908083638038547
ENSG00000131944,add_a0.5,67.4401473296501,73.8121546961326,0.40750241327453623,0.34367044956341736
ENSG00000131944,add_a1.0,65.2670349907919,71.2707182320442,0.3346856558064707,0.29494602011839177
ENSG00000131944,add_a1.0_L24,66.40883977900553,72.26519337016575,0.39142363711294104,0.3239917875545623
ENSG00000131944,add_a2.0,69.76058931860037,82.87292817679558,0.44150718428654373,0.37420100287880487
ENSG00000131944,add_a3.0,74.3646408839779,85.85635359116023,0.46576002203053674,0.3776882215601593
ENSG00000131944,add_a4.0,77.53222836095765,90.38674033149172,0.5006561890053366,0.39401459115398907
ENSG00000131944,add_gc_removed_a1.0,62.28360957642726,70.1657458563536,0.3462863955332332,0.3033657947167875
ENSG00000131944,add_own,63.057090239410684,70.05524861878453,0.36286965402764093,0.3074060355445747
ENSG00000131944,add_own_L24,65.52486187845304,72.59668508287294,0.41221403304098114,0.35969280651810254
ENSG00000131944,random_a1.0,64.86187845303867,77.67955801104972,0.3846245394634622,0.3054963779375758
ENSG00000131944,random_a1.0_L24,65.30386740331491,70.93922651933703,0.39097720910365863,0.3185404328511071
ENSG00000131944,unsteered,63.646408839779006,74.03314917127072,0.41238530397803563,0.3568594515585076
ENSG00000132196,add_a0.5,59.733333333333334,69.89090909090909,0.21833511542497538,0.15675585905870293
ENSG00000132196,add_a0.5_L24,54.32727272727273,60.94545454545454,0.27267407090849194,0.11056551274605816
ENSG00000132196,add_a1.0,64.0969696969697,81.01818181818182,0.21231474119070848,0.2776684746459559
ENSG00000132196,add_a1.0_L24,54.084848484848486,64.21818181818182,0.222993736584464,0.10799277307262171
ENSG00000132196,add_a2.0,74.82771403353927,88.43636363636364,0.1596109604551804,0.33188904850541867
ENSG00000132196,add_a2.0_L24,52.24242424242425,59.56363636363636,0.25684942567419194,0.07531546075223186
ENSG00000132196,add_a3.0,78.538746690203,92.58181818181819,0.1686124115964792,0.3881680330252954
ENSG00000132196,add_a3.0_L24,60.94545454545455,74.47272727272727,0.165819393454204,0.1607701388313202
ENSG00000132196,add_a4.0,83.41818181818181,93.45454545454545,0.29728848955394466,0.49133232182857134
ENSG00000132196,add_a4.0_L24,65.18787878787879,78.25454545454545,0.18315099522772904,0.22385546559152178
ENSG00000132196,add_gc_removed_a1.0,48.7030303030303,51.34545454545455,0.37682081717731314,0.1412656000070432
ENSG00000132196,add_own,73.55151515151515,90.1090909090909,0.11460389509443006,0.32004498218419253
ENSG00000132196,add_own_L24,63.9030303030303,72.8,0.21586493517711122,0.19502810397348336
ENSG00000132196,random_a1.0,47.95151515151515,54.03636363636364,0.2797871477145599,0.03080427434396361
ENSG00000132196,random_a1.0_L24,53.21212121212121,58.981818181818184,0.2668258976493452,0.07722219520595461
ENSG00000132196,unsteered,51.68484848484849,57.67272727272727,0.27877449814703065,0.07705344066730166
ENSG00000132549,add_a0.5,46.63145145145145,52.37237237237237,0.10923439900863505,0.12216652712863474
ENSG00000132549,add_a1.0,50.42,54.41441441441441,0.1738690875555415,0.1935610214903804
ENSG00000132549,add_a1.0_L24,46.239999999999995,49.189189189189186,0.11633070602441273,0.1283174200638247
ENSG00000132549,add_a2.0,67.72,92.85285285285286,0.3565206718808711,0.455958138498268
ENSG00000132549,add_a3.0,70.66,90.27027027027027,0.3755599409604547,0.47755064796685476
ENSG00000132549,add_a4.0,73.32000000000001,91.17117117117117,0.3754800957455517,0.4622746436399735
ENSG00000132549,add_gc_removed_a1.0,40.480000000000004,35.07507507507508,0.0679384866722749,0.0519028293797739
ENSG00000132549,add_own,54.89097097097097,67.08708708708708,0.21756141015897548,0.2652118391662526
ENSG00000132549,add_own_L24,41.1,39.57957957957958,0.10210755964457194,0.0918733176274553
ENSG00000132549,random_a1.0,41.78,41.62162162162163,0.11167569641384198,0.10284432336581988
ENSG00000132549,random_a1.0_L24,43.660000000000004,46.306306306306304,0.11476603837627537,0.11945986031478233
ENSG00000132549,unsteered,39.62,34.234234234234236,0.0789451889173861,0.05653224685279419
ENSG00000132561,add_a0.5,79.92,78.7987987987988,0.3809541327045169,0.38254889014036336
ENSG00000132561,add_a1.0,83.94,80.6006006006006,0.4382809762009538,0.4466917499278672
ENSG00000132561,add_a1.0_L24,77.97999999999999,76.51651651651652,0.3892290548411169,0.39240149075996233
ENSG00000132561,add_a2.0,89.4,91.83183183183183,0.4600629342808669,0.49294188941891576
ENSG00000132561,add_a3.0,90.2,90.75075075075075,0.4625285324746865,0.48620527763329535
ENSG00000132561,add_a4.0,87.4,91.11111111111111,0.44405041257613853,0.4788011706800492
ENSG00000132561,add_gc_removed_a1.0,65.5,67.02702702702703,0.3840017448929793,0.36136673994254503
ENSG00000132561,add_own,89.4,84.14414414414414,0.5856163715695571,0.5959070715485302
ENSG00000132561,add_own_L24,83.66,89.6096096096096,0.3764759958734031,0.4129392429850863
ENSG00000132561,random_a1.0,79.5,79.81981981981983,0.3684265009539117,0.37190241593722895
ENSG00000132561,random_a1.0_L24,79.86,77.41741741741741,0.418686130145976,0.4163060819886308
ENSG00000132561,unsteered,80.92,81.86186186186185,0.36325579792664897,0.3786826850164365
ENSG00000132780,add_a0.5,44.8,33.573573573573576,0.17253609406008993,0.11634348776966404
ENSG00000132780,add_a1.0,39.32,35.49549549549549,0.2197105045946497,0.1687214898438807
ENSG00000132780,add_a1.0_L24,42.660000000000004,35.43543543543544,0.15560391588775174,0.10266235260109693
ENSG00000132780,add_a2.0,60.67999999999999,61.261261261261254,0.24408854980805375,0.265102952034933
ENSG00000132780,add_a3.0,73.86,86.18618618618618,0.2954876917124218,0.4113189866549855
ENSG00000132780,add_a4.0,77.86,90.2102102102102,0.34560605405691724,0.4681832967300069
ENSG00000132780,add_gc_removed_a1.0,34.86,25.885885885885887,0.20872151897690983,0.14629928039319368
ENSG00000132780,add_own,39.260000000000005,35.37537537537538,0.24935457485966955,0.1943069920734835
ENSG00000132780,add_own_L24,38.30890890890891,33.693693693693696,0.21507841924100943,0.16108826837137133
ENSG00000132780,random_a1.0,42.88896896896897,34.65465465465466,0.19844230908641372,0.14334013800955075
ENSG00000132780,random_a1.0_L24,44.08,36.57657657657658,0.17809672092416023,0.1345491279570198
ENSG00000132780,unsteered,35.92,31.351351351351354,0.24540363617719624,0.1908600027100328
ENSG00000133048,add_a0.5,58.879999999999995,78.73873873873875,0.09709875921593947,0.09254765446192686
ENSG00000133048,add_a1.0,61.58,76.75675675675676,0.14706565008927747,0.1344426442701192
ENSG00000133048,add_a1.0_L24,55.760000000000005,67.74774774774775,0.22249137128120022,0.20291323428360517
ENSG00000133048,add_a2.0,69.92,94.65465465465465,0.19967063471441254,0.1966112725873453
ENSG00000133048,add_a3.0,76.61999999999999,91.89189189189189,0.258184374723804,0.25852311884115026
ENSG00000133048,add_a4.0,78.14,91.5915915915916,0.2701245702232248,0.27339337364029764
ENSG00000133048,add_gc_removed_a1.0,45.36,49.12912912912913,0.12742678310437092,0.1117236542966423
ENSG00000133048,add_own,61.98,81.98198198198199,0.1583439753876689,0.15074395089888876
ENSG00000133048,add_own_L24,54.4,63.663663663663655,0.18063853938040697,0.16278920458379825
ENSG00000133048,random_a1.0,50.14,59.21921921921923,0.1437138319590185,0.12339579127474783
ENSG00000133048,random_a1.0_L24,40.660000000000004,47.507507507507505,0.19393878346086865,0.18274617601542514
ENSG00000133048,unsteered,44.760000000000005,50.39039039039039,0.162274046204751,0.1432801543893744
ENSG00000133131,add_a0.5,81.62,84.08408408408408,0.4353205815783722,0.5131843760575091
ENSG00000133131,add_a1.0,82.26,81.86186186186185,0.4098222070762003,0.5050343725616505
ENSG00000133131,add_a1.0_L24,73.47999999999999,69.54954954954955,0.46693138821451524,0.5257452433127769
ENSG00000133131,add_a2.0,87.53999999999999,91.65165165165165,0.44638227587360035,0.5423841878807396
ENSG00000133131,add_a3.0,87.53999999999999,88.22822822822823,0.42251342517455015,0.523306219013719
ENSG00000133131,add_a4.0,88.02000000000001,87.98798798798799,0.44227885885714546,0.5337260235450381
ENSG00000133131,add_gc_removed_a1.0,65.62,65.04504504504504,0.4965505715017625,0.5468386055786059
ENSG00000133131,add_own,81.4,85.34534534534535,0.375359316688644,0.47462064769862466
ENSG00000133131,add_own_L24,82.24,80.72072072072072,0.41112367332728894,0.4965114995349441
ENSG00000133131,random_a1.0,72.06,68.04804804804806,0.4379238329468831,0.49043111859000427
ENSG00000133131,random_a1.0_L24,71.14,57.777777777777786,0.5357639307328416,0.5769560387917707
ENSG00000133131,unsteered,75.62,73.57357357357357,0.36314376800187526,0.43011820964873976
ENSG00000133313,add_a0.5,50.06,56.39639639639639,0.1299147407340216,0.17601857197585563
ENSG00000133313,add_a1.0,66.76,72.25225225225225,0.2227958087537175,0.2257050434836878
ENSG00000133313,add_a1.0_L24,39.08,39.51951951951952,0.25106026691347794,0.3034808341988461
ENSG00000133313,add_a2.0,77.03999999999999,86.30630630630631,0.3010180504487755,0.2720675437299068
ENSG00000133313,add_a3.0,74.96000000000001,87.68768768768768,0.23090052282842716,0.21728011691858037
ENSG00000133313,add_a4.0,80.94,90.63063063063063,0.3245682377250535,0.28927144791576714
ENSG00000133313,add_gc_removed_a1.0,35.7,33.273273273273276,0.18786675172410902,0.25966240957292663
ENSG00000133313,add_own,62.160000000000004,74.35435435435436,0.1437199839154322,0.14511842889478602
ENSG00000133313,add_own_L24,42.67999999999999,45.885885885885884,0.25483848888521954,0.29935904890728354
ENSG00000133313,random_a1.0,39.36,39.69969969969971,0.19397314375610514,0.25307193300727354
ENSG00000133313,random_a1.0_L24,36.18,35.61561561561562,0.18605131930293461,0.253884108624028
ENSG00000133313,unsteered,41.6,41.38138138138138,0.16048606866487616,0.20736745901424558
ENSG00000133935,add_a0.5,57.442348008385736,76.47798742138365,0.22993933933812252,0.24677648758101647
ENSG00000133935,add_a1.0,62.38993710691824,82.26415094339623,0.2635840198382538,0.305678114917839
ENSG00000133935,add_a1.0_L24,53.920335429769395,70.062893081761,0.24932457188689394,0.26856653992989027
ENSG00000133935,add_a2.0,62.096436058700206,82.26415094339623,0.23893415059668635,0.26761201892850617
ENSG00000133935,add_a3.0,73.24947589098532,85.53459119496856,0.278358424634239,0.34888570914468753
ENSG00000133935,add_a4.0,75.01048218029351,85.28301886792454,0.29976299167798826,0.3495098869328258
ENSG00000133935,add_gc_removed_a1.0,42.096436058700206,50.56603773584906,0.2914109310761749,0.30335830999454266
ENSG00000133935,add_own,68.46960167714886,84.27672955974842,0.24340182841702687,0.3007741532667618
ENSG00000133935,add_own_L24,66.28930817610063,75.22012578616352,0.28916805948090746,0.3337712270367614
ENSG00000133935,random_a1.0,59.916142557651995,80.0,0.22253597149749305,0.26624387551904427
ENSG00000133935,random_a1.0_L24,52.494758909853246,70.18867924528301,0.24515217279144869,0.26960498789094733
ENSG00000133935,unsteered,56.0167714884696,69.68553459119497,0.1921105568126264,0.22393357869981118
ENSG00000134247,add_a0.5,72.17999999999999,89.54954954954954,0.11505945919234992,0.1225875528772701
ENSG00000134247,add_a1.0,73.03999999999999,91.71171171171171,0.12838976639319405,0.13643840203140323
ENSG00000134247,add_a1.0_L24,71.62,91.23123123123123,0.09218959273320398,0.10543342233234809
ENSG00000134247,add_a2.0,78.6,87.14714714714714,0.18231623516137346,0.2035623798632916
ENSG00000134247,add_a3.0,76.94,94.35435435435436,0.14742301390760254,0.18491269842104083
ENSG00000134247,add_a4.0,79.03625625625625,91.35135135135135,0.14870513039946562,0.17644988683733326
ENSG00000134247,add_gc_removed_a1.0,62.48,75.55555555555556,0.15231962963633083,0.1189686750016153
ENSG00000134247,add_own,75.13445445445446,90.93093093093094,0.1276818035184427,0.14522401896478404
ENSG00000134247,add_own_L24,69.52000000000001,95.37537537537537,0.11974910175556912,0.12651341269348312
ENSG00000134247,random_a1.0,68.9,87.68768768768768,0.09603805501147607,0.08294694543454913
ENSG00000134247,random_a1.0_L24,70.5,85.4054054054054,0.10837891093604446,0.10559038758802941
ENSG00000134247,unsteered,71.76,89.42942942942942,0.13844734407688325,0.1478807617668716
ENSG00000134440,add_a0.5,50.98,56.87687687687687,0.1641015461827216,0.14521215781331367
ENSG00000134440,add_a1.0,53.5,62.4024024024024,0.09767241277404556,0.08882897891340878
ENSG00000134440,add_a1.0_L24,47.96,52.732732732732735,0.06857853097212951,0.05004266015386114
ENSG00000134440,add_a2.0,70.52000000000001,89.42942942942943,0.31016695640744574,0.31651119479535383
ENSG00000134440,add_a3.0,76.94,92.1921921921922,0.4038801784574231,0.40486998447415007
ENSG00000134440,add_a4.0,81.28,89.24924924924925,0.4430248803976416,0.44926191394264003
ENSG00000134440,add_gc_removed_a1.0,44.0,44.44444444444444,0.06858368399089206,0.05316515748016776
ENSG00000134440,add_own,49.480000000000004,57.83783783783783,0.06975549969394526,0.04581106236639622
ENSG00000134440,add_own_L24,45.72,48.768768768768766,0.051070894561490734,0.02430333864555172
ENSG00000134440,random_a1.0,42.3,44.74474474474475,0.08530168213557612,0.06667308309744353
ENSG00000134440,random_a1.0_L24,47.480000000000004,52.672672672672675,0.0792718380493088,0.06635965847869874
ENSG00000134440,unsteered,44.839999999999996,46.066066066066064,0.0449062865081718,0.023141481309916397
ENSG00000134748,add_a0.5,57.879858657243815,63.03886925795054,0.23413390491462266,0.1447034556851307
ENSG00000134748,add_a1.0,61.93168433451119,83.25088339222614,0.09840936587842682,0.19471702779099936
ENSG00000134748,add_a1.0_L24,50.78916372202591,54.77031802120141,0.29867190739330873,0.15102050403414244
ENSG00000134748,add_a2.0,70.2944640753828,89.68197879858658,0.18283492274149205,0.36958351627977387
ENSG00000134748,add_a3.0,69.2108362779741,89.82332155477032,0.1648852182019765,0.33335248215213636
ENSG00000134748,add_a4.0,78.9399293286219,93.0035335689046,0.22420805109668537,0.41213305806134154
ENSG00000134748,add_gc_removed_a1.0,46.902237926972916,48.40989399293286,0.2953363369585509,0.10947032280215965
ENSG00000134748,add_own,66.9964664310954,86.92579505300354,0.16632382316923816,0.3017582319923876
ENSG00000134748,add_own_L24,56.254416961130744,60.35335689045936,0.3366379982628064,0.2868017941699712
ENSG00000134748,random_a1.0,49.23439340400471,46.43109540636043,0.35225199924432005,0.1671526506735107
ENSG00000134748,random_a1.0_L24,50.3886925795053,53.14487632508834,0.23683781482004235,0.05238291015421488
ENSG00000134748,unsteered,50.20023557126031,56.18374558303886,0.2151110297405753,0.051643328494618626
ENSG00000134917,add_a0.5,81.38,88.88888888888889,0.23499536961668582,0.24361200102968805
ENSG00000134917,add_a1.0,83.96000000000001,94.83483483483482,0.20039690250708952,0.23622159799662587
ENSG00000134917,add_a1.0_L24,85.84,94.17417417417417,0.32488732027334466,0.35955115939517157
ENSG00000134917,add_a2.0,86.28,96.6966966966967,0.24120914779226904,0.2769646803821839
ENSG00000134917,add_a3.0,87.03999999999999,95.55555555555556,0.24494236914663453,0.2727525170689252
ENSG00000134917,add_a4.0,86.7,95.1951951951952,0.2340472405227716,0.2615705571757725
ENSG00000134917,add_gc_removed_a1.0,77.78,93.993993993994,0.14068534489486037,0.1739579650728435
ENSG00000134917,add_own,87.12,95.61561561561561,0.3280896108835564,0.35001620787643833
ENSG00000134917,add_own_L24,85.88,93.993993993994,0.2829605894329642,0.3008513540426729
ENSG00000134917,random_a1.0,84.2,95.85585585585586,0.2936151099417169,0.3057024509310586
ENSG00000134917,random_a1.0_L24,85.92,99.27927927927928,0.28384139439667466,0.32640003865475176
ENSG00000134917,unsteered,84.47999999999999,95.07507507507508,0.24974453490440035,0.2688905975396129
ENSG00000135272,add_a0.5,84.68553459119497,85.0,0.4538741408943904,0.5403951144738652
ENSG00000135272,add_a1.0,83.27044025157232,84.81132075471699,0.41712956070213697,0.5258518334375109
ENSG00000135272,add_a1.0_L24,80.62893081761007,84.71698113207546,0.36680586856000613,0.4621907427804938
ENSG00000135272,add_a2.0,79.27672955974842,78.67924528301887,0.3941341683625249,0.4803001228721039
ENSG00000135272,add_a3.0,88.27044025157232,85.9433962264151,0.4946768323693287,0.6070328234261281
ENSG00000135272,add_a4.0,87.32704402515724,86.60377358490567,0.4347503349348406,0.5395559394956917
ENSG00000135272,add_gc_removed_a1.0,66.85534591194968,66.79245283018868,0.28012060787404414,0.3343309347415443
ENSG00000135272,add_own,85.18867924528301,82.16981132075472,0.47857169844830566,0.5700674685970932
ENSG00000135272,add_own_L24,82.9874213836478,83.86792452830188,0.40447434497289636,0.508198316265789
ENSG00000135272,random_a1.0,77.9874213836478,79.81132075471699,0.35127348001239195,0.45320873774412906
ENSG00000135272,random_a1.0_L24,78.17610062893081,76.13207547169812,0.3647327407298656,0.4674616138016724
ENSG00000135272,unsteered,77.04402515723271,76.50943396226415,0.3810309525281465,0.45842222769821817
ENSG00000135374,add_a0.5,55.43689320388349,59.22330097087379,0.24342111728317106,0.24383373445915013
ENSG00000135374,add_a1.0,63.689320388349515,83.59223300970874,0.29757238125512436,0.2845767086380017
ENSG00000135374,add_a1.0_L24,33.55987055016181,32.33009708737864,0.20728774887082455,0.24835469117835043
ENSG00000135374,add_a2.0,71.32686084142395,92.71844660194174,0.3908903654618575,0.36355474433362706
ENSG00000135374,add_a3.0,77.92880258899677,86.01941747572815,0.4157698763232479,0.4090841611607181
ENSG00000135374,add_a4.0,79.90291262135922,83.3009708737864,0.43031938940162845,0.4379457109227739
ENSG00000135374,add_gc_removed_a1.0,46.05177993527508,49.51456310679612,0.1556441215995449,0.15588274048905948
ENSG00000135374,add_own,53.915857605178,59.51456310679612,0.19063066975841036,0.19137666804177683
ENSG00000135374,add_own_L24,46.73139158576052,48.05825242718446,0.290412512260756,0.3023619099420093
ENSG00000135374,random_a1.0,54.271844660194176,67.76699029126215,0.22467159233014034,0.2283565914304635
ENSG00000135374,random_a1.0_L24,47.76699029126213,60.19417475728155,0.16854012315122258,0.17383371329305153
ENSG00000135374,unsteered,54.14239482200647,59.90291262135922,0.3610723009817567,0.3612565454633222
ENSG00000135409,add_a0.5,65.38,65.1051051051051,0.2311831660239605,0.20177147431190817
ENSG00000135409,add_a1.0,76.0,79.3993993993994,0.1791791117875293,0.22356468732888707
ENSG00000135409,add_a1.0_L24,58.02,57.357357357357365,0.40480422191390747,0.3733718194909191
ENSG00000135409,add_a2.0,81.6,81.26126126126125,0.16637973052711597,0.2701326830699974
ENSG00000135409,add_a3.0,86.36,87.92792792792793,0.18623722858620803,0.35706503520825555
ENSG00000135409,add_a4.0,88.22,87.38738738738739,0.22629709124311653,0.3943080127922786
ENSG00000135409,add_gc_removed_a1.0,62.17999999999999,62.4024024024024,0.2887599837127875,0.23598601527546353
ENSG00000135409,add_own,72.26,72.31231231231232,0.2377346828558776,0.2695537855569733
ENSG00000135409,add_own_L24,69.2,74.05405405405405,0.27172733145667427,0.28105883888520533
ENSG00000135409,random_a1.0,68.66,74.71471471471472,0.30257308449710985,0.306231371195809
ENSG00000135409,random_a1.0_L24,64.96000000000001,67.26726726726727,0.3160180613077567,0.31457735126045283
ENSG00000135409,unsteered,61.44,61.92192192192192,0.27429982335507913,0.20692437152741153
ENSG00000135541,add_a0.5,39.5,35.97597597597597,0.19272758603858373,0.20654637172455512
ENSG00000135541,add_a1.0,52.9,56.93693693693693,0.2328298131272859,0.2892586154692983
ENSG00000135541,add_a1.0_L24,33.08912912912913,30.75075075075075,0.21392724728194973,0.23886181232786124
ENSG00000135541,add_a2.0,65.12,73.69369369369369,0.35468447542983383,0.4131151116271129
ENSG00000135541,add_a3.0,79.7,89.36936936936937,0.5144022628983955,0.5636115725438586
ENSG00000135541,add_a4.0,84.56,89.9099099099099,0.5783595116223685,0.628038997865677
ENSG00000135541,add_gc_removed_a1.0,33.92,30.21021021021021,0.12280895396898443,0.13498556065359063
ENSG00000135541,add_own,41.44,41.68168168168168,0.1387565763879548,0.1631672091331879
ENSG00000135541,add_own_L24,40.739999999999995,43.06306306306307,0.177446978180621,0.20204642213324792
ENSG00000135541,random_a1.0,31.54,32.972972972972975,0.18229989401563662,0.1867934695551509
ENSG00000135541,random_a1.0_L24,38.06,34.234234234234236,0.15083071020036248,0.16294811513581217
ENSG00000135541,unsteered,34.14,26.726726726726724,0.12249827681133094,0.14710140993749485
ENSG00000135587,add_a0.5,68.66,89.72972972972973,0.14683202986102564,0.19643198948981677
ENSG00000135587,add_a1.0,70.8,93.93393393393393,0.21096600558863732,0.2718638020604608
ENSG00000135587,add_a1.0_L24,67.3310910910911,85.64564564564564,0.1867113224175944,0.21005877380168608
ENSG00000135587,add_a2.0,73.7,97.47747747747748,0.19633023088172907,0.27047547854907117
ENSG00000135587,add_a3.0,79.97999999999999,97.05705705705705,0.21818294362162532,0.30975863957708233
ENSG00000135587,add_a4.0,82.02000000000001,97.23723723723722,0.2620755734878375,0.33757434064105274
ENSG00000135587,add_gc_removed_a1.0,63.89141141141141,90.93093093093094,0.17172479760553466,0.2114897661801641
ENSG00000135587,add_own,74.28,98.37837837837837,0.18191926660695223,0.26474016118989435
ENSG00000135587,add_own_L24,65.97999999999999,86.66666666666666,0.19611045116667822,0.2219317003659674
ENSG00000135587,random_a1.0,69.14,91.23123123123123,0.16189781536850165,0.22009629407093628
ENSG00000135587,random_a1.0_L24,68.26,94.23423423423424,0.19149947408017653,0.24178887656346695
ENSG00000135587,unsteered,67.6122922922923,83.48348348348348,0.19239037091951075,0.2094569832120567
ENSG00000135686,add_a0.5,69.92,89.84984984984985,0.17078903712993226,0.1615340764557204
ENSG00000135686,add_a1.0,72.24,98.61861861861863,0.11302661349518905,0.10233936409802558
ENSG00000135686,add_a1.0_L24,72.02000000000001,97.23723723723722,0.11256211861174219,0.09255587128546132
ENSG00000135686,add_a2.0,76.7,97.83783783783784,0.1410714883796734,0.14819274906542462
ENSG00000135686,add_a3.0,76.14,96.996996996997,0.13825117010206173,0.15977389367662037
ENSG00000135686,add_a4.0,79.36,93.33333333333333,0.17628751455506267,0.20266553819212244
ENSG00000135686,add_gc_removed_a1.0,61.220000000000006,91.29129129129129,0.08376562566975898,0.08962680814059791
ENSG00000135686,add_own,72.38,97.35735735735736,0.10599205077195148,0.10489800833084013
ENSG00000135686,add_own_L24,72.06,92.85285285285286,0.14864251176939852,0.13162565540260665
ENSG00000135686,random_a1.0,69.17999999999999,99.33933933933933,0.11290705953296114,0.09404591932418616
ENSG00000135686,random_a1.0_L24,72.0,97.05705705705705,0.11519797502641246,0.09805220329529984
ENSG00000135686,unsteered,70.64,92.97297297297297,0.12781039855103135,0.11022969908127811
ENSG00000136021,add_a0.5,41.44,39.03903903903904,0.11454391897475005,0.1124907150988002
ENSG00000136021,add_a1.0,38.1,30.570570570570574,0.09160919967514858,0.0836027347959616
ENSG00000136021,add_a1.0_L24,32.1,24.564564564564566,0.11499704611018928,0.10348381013406505
ENSG00000136021,add_a2.0,54.64,58.1981981981982,0.17589821459967003,0.20264648725478698
ENSG00000136021,add_a3.0,72.3,80.96096096096096,0.3837299221219559,0.42986542382250514
ENSG00000136021,add_a4.0,80.36,89.9099099099099,0.48242453773158234,0.5386933991370995
ENSG00000136021,add_gc_removed_a1.0,38.160000000000004,28.10810810810811,0.09328816033324447,0.084656680979985
ENSG00000136021,add_own,48.3,48.768768768768766,0.17153096053433348,0.18040671764712898
ENSG00000136021,add_own_L24,40.18,34.8948948948949,0.10267775099741028,0.09094695118989235
ENSG00000136021,random_a1.0,31.84573146292585,26.066066066066064,0.13371657951088414,0.12098025536192683
ENSG00000136021,random_a1.0_L24,39.8,34.05405405405405,0.1224871155516177,0.11690247307883594
ENSG00000136021,unsteered,36.42,32.13213213213213,0.1254977360619935,0.11780671962224805
ENSG00000136068,add_a0.5,63.2,83.18318318318317,0.22400953916528957,0.1680150587794042
ENSG00000136068,add_a1.0,59.279999999999994,70.69069069069069,0.2548229817428261,0.22224492769808785
ENSG00000136068,add_a1.0_L24,58.339999999999996,70.0900900900901,0.3313265284976972,0.289973697082727
ENSG00000136068,add_a2.0,67.8,96.996996996997,0.318378910914919,0.22439873056726692
ENSG00000136068,add_a3.0,69.96000000000001,92.79279279279278,0.29143709307218635,0.20687903910711855
ENSG00000136068,add_a4.0,74.4,95.13513513513513,0.3223614661972258,0.23397464161642167
ENSG00000136068,add_gc_removed_a1.0,49.480000000000004,67.68768768768768,0.19622741531302873,0.18658600256682661
ENSG00000136068,add_own,65.2,77.7177177177177,0.2529262000029548,0.2050208992659223
ENSG00000136068,add_own_L24,62.620000000000005,86.48648648648648,0.27447845123132925,0.20482015543960702
ENSG00000136068,random_a1.0,59.98,79.27927927927928,0.2313766069155339,0.1701303213462083
ENSG00000136068,random_a1.0_L24,59.279999999999994,74.29429429429429,0.24822697782266348,0.217942487828742
ENSG00000136068,unsteered,56.160000000000004,74.95495495495496,0.17346492995446008,0.13466747441865623
ENSG00000136114,add_a0.5,37.5,36.93693693693693,0.2291768520655575,0.17823614834411697
ENSG00000136114,add_a1.0,44.28,41.98198198198198,0.21776336868007623,0.16217953859879908
ENSG00000136114,add_a1.0_L24,36.5,36.87687687687688,0.2876998715905138,0.2359341391700216
ENSG00000136114,add_a2.0,52.58,54.5945945945946,0.23621188190761622,0.22046213510171825
ENSG00000136114,add_a3.0,71.08,69.36936936936937,0.21002588001914607,0.2817218405847716
ENSG00000136114,add_a4.0,83.52000000000001,80.18018018018019,0.3080971795333443,0.4295217438545185
ENSG00000136114,add_gc_removed_a1.0,33.9,31.531531531531535,0.2513461145446394,0.1946505925181538
ENSG00000136114,add_own,50.3,43.78378378378378,0.2002507461741397,0.2070800683614748
ENSG00000136114,add_own_L24,32.1,29.78978978978979,0.2769334525671312,0.22460792373190103
ENSG00000136114,random_a1.0,35.44,32.072072072072075,0.3407423827780679,0.30081801355781873
ENSG00000136114,random_a1.0_L24,29.46,20.0,0.3791082573337647,0.31372269595415486
ENSG00000136114,unsteered,35.339999999999996,31.111111111111114,0.2582503270776685,0.19409595975750826
ENSG00000136235,add_a0.5,47.42,48.288288288288285,0.22524644513912095,0.2100159040885463
ENSG00000136235,add_a1.0,60.779999999999994,63.66366366366367,0.25133142681998566,0.21190549311443974
ENSG00000136235,add_a1.0_L24,47.86,49.609609609609606,0.20882987439934003,0.18723770405759313
ENSG00000136235,add_a2.0,70.22,83.84384384384384,0.3397062578643227,0.3107613053535883
ENSG00000136235,add_a3.0,76.8,75.25525525525526,0.379342706171674,0.34626922094720625
ENSG00000136235,add_a4.0,81.06,86.24624624624624,0.4471629370659387,0.4068864385992711
ENSG00000136235,add_gc_removed_a1.0,37.879999999999995,34.95495495495496,0.19546028755566186,0.19863233320394116
ENSG00000136235,add_own,55.339999999999996,58.258258258258266,0.22198439802151976,0.20833216290866172
ENSG00000136235,add_own_L24,54.17999999999999,54.89489489489489,0.22363298707265278,0.2086072940909874
ENSG00000136235,random_a1.0,38.58,33.993993993993996,0.21816155606604384,0.22264575453713392
ENSG00000136235,random_a1.0_L24,44.22,42.88288288288288,0.23487660101845761,0.2312163507418205
ENSG00000136235,unsteered,37.160000000000004,36.75675675675676,0.29090500470722414,0.27720080379560774
ENSG00000136297,add_a0.5,63.31797235023041,85.71428571428571,0.18426580896344377,0.13026595657808931
ENSG00000136297,add_a1.0,68.2642089093702,82.85714285714286,0.259676085461833,0.2113953389098011
ENSG00000136297,add_a1.0_L24,62.88786482334869,74.56221198156682,0.20824521185225878,0.19145318089281232
ENSG00000136297,add_a2.0,72.5652841781874,90.78341013824885,0.313659708320044,0.23601222753411938
ENSG00000136297,add_a3.0,80.43010752688171,89.12442396313364,0.40653253486991786,0.3487093101515815
ENSG00000136297,add_a4.0,84.0552995391705,90.87557603686636,0.4571562170598951,0.4025018923332729
ENSG00000136297,add_gc_removed_a1.0,62.94930875576036,72.25806451612904,0.3213454829312031,0.2759255878353369
ENSG00000136297,add_own,74.77726574500768,83.87096774193549,0.4091955904758513,0.35885823616888224
ENSG00000136297,add_own_L24,59.96927803379416,69.6774193548387,0.2707105743371946,0.27380012937214704
ENSG00000136297,random_a1.0,72.47311827956989,76.6820276497696,0.2911010564984583,0.2684699569222279
ENSG00000136297,random_a1.0_L24,62.51920122887865,85.25345622119815,0.2198883643638711,0.15755544967122137
ENSG00000136297,unsteered,67.55760368663594,70.96774193548387,0.2733824822733647,0.2633330496384154
ENSG00000136709,add_a0.5,56.339999999999996,55.49549549549549,0.23541493556116638,0.2527672153437145
ENSG00000136709,add_a1.0,51.4,55.25525525525525,0.15947407924064008,0.17417477199179415
ENSG00000136709,add_a1.0_L24,44.1,39.75975975975976,0.25999256852172054,0.25264597011782364
ENSG00000136709,add_a2.0,75.52000000000001,84.62462462462463,0.353262899095726,0.4007586904274918
ENSG00000136709,add_a3.0,82.64,86.78678678678679,0.4303546573011216,0.47068680799969903
ENSG00000136709,add_a4.0,87.5,88.16816816816817,0.48245858259252367,0.5188106872873097
ENSG00000136709,add_gc_removed_a1.0,34.62,28.228228228228225,0.16574139001390184,0.13440214964320915
ENSG00000136709,add_own,52.879999999999995,54.47447447447448,0.16819368700913295,0.19145529802136743
ENSG00000136709,add_own_L24,42.239999999999995,38.07807807807808,0.14272279537387728,0.12847092395969234
ENSG00000136709,random_a1.0,52.04,45.765765765765764,0.18161354313277728,0.18528255153711845
ENSG00000136709,random_a1.0_L24,38.42,33.273273273273276,0.11491153491971218,0.09499721836667185
ENSG00000136709,unsteered,39.4,38.13813813813814,0.09541322340382927,0.08652463816328858
ENSG00000136933,add_a0.5,58.39009287925696,64.08668730650155,0.11422673782121526,0.09898882884867391
ENSG00000136933,add_a1.0,60.14447884416925,67.05882352941175,0.16160082246391627,0.14579685412687712
ENSG00000136933,add_a1.0_L24,50.9803495125758,54.73684210526316,0.0894095643812004,0.08567827939769844
ENSG00000136933,add_a2.0,71.8266253869969,78.69969040247678,0.2167410502282694,0.24222940475612456
ENSG00000136933,add_a3.0,83.87596056256344,87.73993808049536,0.3685502307777247,0.4327718186993109
ENSG00000136933,add_a4.0,84.6233230134159,90.15479876160991,0.364195372518915,0.4432039102731979
ENSG00000136933,add_gc_removed_a1.0,44.726522187822496,44.582043343653254,0.11751912244196401,0.09561945753995675
ENSG00000136933,add_own,56.449948400412794,64.02476780185759,0.11993661002351161,0.12578764261392966
ENSG00000136933,add_own_L24,59.56656346749226,65.94427244582043,0.13194136077335622,0.13288703676316932
ENSG00000136933,random_a1.0,55.47298910864911,57.1517027863777,0.133036346863385,0.10482263246924642
ENSG00000136933,random_a1.0_L24,51.001031991744064,52.32198142414861,0.11521836852689793,0.0979299104989824
ENSG00000136933,unsteered,51.53766769865841,52.13622291021672,0.12427647207344869,0.1017777292188635
ENSG00000137478,add_a0.5,50.14,60.06006006006006,0.12926083411364975,0.1438201665003004
ENSG00000137478,add_a1.0,50.239999999999995,61.8018018018018,0.10102431219400496,0.12762035615595202
ENSG00000137478,add_a1.0_L24,43.48,44.74474474474474,0.10887537247178965,0.039296022651128484
ENSG00000137478,add_a2.0,65.82000000000001,73.75375375375376,0.23492381541040946,0.3194680906399301
ENSG00000137478,add_a3.0,73.84,84.92492492492492,0.2612214793894879,0.3995374634041892
ENSG00000137478,add_a4.0,78.86,92.37237237237238,0.326802306186493,0.482835939357612
ENSG00000137478,add_gc_removed_a1.0,36.22,34.65465465465466,0.18958554928359636,0.08769856924946909
ENSG00000137478,add_own,55.0,63.3033033033033,0.1940217678636108,0.23137355222807726
ENSG00000137478,add_own_L24,40.760000000000005,39.3993993993994,0.16035541553209748,0.07687398572905815
ENSG00000137478,random_a1.0,37.94,40.0,0.17116419287161164,0.077653464893671
ENSG00000137478,random_a1.0_L24,34.519999999999996,34.71471471471472,0.19446157773420975,0.09923293316432696
ENSG00000137478,unsteered,44.3,43.96396396396396,0.12857720590797656,0.05039504037311694
ENSG00000137868,add_a0.5,73.03999999999999,86.06606606606606,0.29108589869762713,0.23489134163767952
ENSG00000137868,add_a0.5_L24,64.88,69.06906906906906,0.27138460153993604,0.2521855673042728
ENSG00000137868,add_a1.0,81.86,90.69069069069069,0.3578934160711592,0.31311216550716797
ENSG00000137868,add_a1.0_L24,73.9,88.22822822822823,0.3374943080175417,0.28816489673632506
ENSG00000137868,add_a2.0,80.03999999999999,96.45645645645645,0.341959007266614,0.29205694505543034
ENSG00000137868,add_a2.0_L24,47.787087087087095,55.91591591591591,0.29112419146718044,0.3240188799353197
ENSG00000137868,add_a3.0,85.44,92.7927927927928,0.4130412025194601,0.3715306087890791
ENSG00000137868,add_a3.0_L24,76.67999999999999,93.69369369369369,0.29978739472266863,0.2369053957786945
ENSG00000137868,add_a4.0,87.53999999999999,94.47447447447448,0.43604603285852567,0.38031145821462414
ENSG00000137868,add_a4.0_L24,80.7947947947948,92.9129129129129,0.37347314916836294,0.33331431921443067
ENSG00000137868,add_gc_removed_a1.0,59.46,72.37237237237237,0.1600491573811757,0.16089856245504475
ENSG00000137868,add_own,76.6,97.05705705705705,0.3247461691929793,0.2511090166632049
ENSG00000137868,add_own_L24,71.0,80.54054054054055,0.2397873785688077,0.20942306870571822
ENSG00000137868,random_a1.0,64.16,68.16816816816817,0.23691781397115835,0.2316664085219995
ENSG00000137868,random_a1.0_L24,69.03999999999999,92.37237237237237,0.46463464938526977,0.43744894959378244
ENSG00000137868,unsteered,66.6501101101101,81.68168168168168,0.2525953871361171,0.23623546504520912
ENSG00000138075,add_a0.5,72.0,78.85885885885885,0.1879032938491425,0.23035810506315496
ENSG00000138075,add_a1.0,79.05999999999999,82.34234234234233,0.2860862840212059,0.3474638301769136
ENSG00000138075,add_a1.0_L24,72.65241241241242,81.60913925974167,0.21836561519270337,0.2757016750343905
ENSG00000138075,add_a2.0,85.8,91.5915915915916,0.33349665288535013,0.4301908047341059
ENSG00000138075,add_a3.0,86.0,87.08708708708708,0.29174089953287335,0.36993141239441396
ENSG00000138075,add_a4.0,88.4,88.94894894894895,0.33734019262501513,0.42587223631319543
ENSG00000138075,add_gc_removed_a1.0,73.14,78.7987987987988,0.3750275494735096,0.4196104048049511
ENSG00000138075,add_own,86.53999999999999,88.64864864864865,0.31900509601111776,0.4090954057306681
ENSG00000138075,add_own_L24,68.17999999999999,71.17117117117117,0.29392578224144494,0.32235096737075924
ENSG00000138075,random_a1.0,74.28,84.38438438438439,0.37199513921458116,0.4013090452142577
ENSG00000138075,random_a1.0_L24,76.17999999999999,76.3963963963964,0.3748893581073372,0.41416591578245504
ENSG00000138075,unsteered,70.96000000000001,73.45345345345345,0.23147160276228446,0.25671837207264614
ENSG00000138083,add_a0.5,58.353934722304714,54.74713806717854,0.3166517393408838,0.3020365159576722
ENSG00000138083,add_a1.0,68.40670859538784,73.64779874213836,0.3779806535033061,0.3909182851842466
ENSG00000138083,add_a1.0_L24,48.58579659070661,53.333333333333336,0.3346053164483302,0.32336475676300236
ENSG00000138083,add_a2.0,73.83647798742138,76.98113207547169,0.28558184686969357,0.2720860130672132
ENSG00000138083,add_a3.0,81.55136268343816,89.37106918238995,0.2787136072443125,0.2694826803508171
ENSG00000138083,add_a4.0,82.76729559748428,89.0566037735849,0.2587691152021033,0.2589366424807889
ENSG00000138083,add_gc_removed_a1.0,44.44444444444444,45.78616352201258,0.4179707371846771,0.41039178476506233
ENSG00000138083,add_own,63.815513626834374,67.86163522012579,0.3619706930938404,0.3427713748886377
ENSG00000138083,add_own_L24,49.140461215932916,57.9874213836478,0.39922026253673243,0.3984256063245517
ENSG00000138083,random_a1.0,46.457023060796644,50.69182389937107,0.40072879840578823,0.3876187608743449
ENSG00000138083,random_a1.0_L24,53.480083857442345,50.125786163522015,0.2894921912553004,0.28293076238235304
ENSG00000138083,unsteered,50.670859538784065,49.937106918238996,0.40093894505838545,0.3903285849185965
ENSG00000138439,add_a0.5,78.76,90.2102102102102,0.22473427040343755,0.27693803056749233
ENSG00000138439,add_a1.0,85.52000000000001,91.71171171171171,0.2976060093047665,0.34503306700295583
ENSG00000138439,add_a1.0_L24,73.34,79.57957957957959,0.20432513068037358,0.22844715721175382
ENSG00000138439,add_a2.0,86.22,84.74474474474474,0.310227439157711,0.34459538805585543
ENSG00000138439,add_a3.0,88.67999999999999,95.91591591591592,0.33100016085980133,0.37925450137986105
ENSG00000138439,add_a4.0,90.4,92.43243243243244,0.325292518853481,0.35475145628162874
ENSG00000138439,add_gc_removed_a1.0,78.0,76.15615615615616,0.3271165017117731,0.33837200434437736
ENSG00000138439,add_own,82.93307307307307,82.82282282282283,0.3795476512811858,0.3861592404132219
ENSG00000138439,add_own_L24,78.94,80.96096096096096,0.35707546962854037,0.3962941311924053
ENSG00000138439,random_a1.0,71.16,84.02402402402402,0.5060558682801959,0.5072596262899834
ENSG00000138439,random_a1.0_L24,73.85457457457457,84.19877709034336,0.2595443753996182,0.2773146010263785
ENSG00000138439,unsteered,68.02000000000001,92.67267267267268,0.3114620026736693,0.3578818075027406
ENSG00000140368,add_a0.5,67.2,81.26126126126125,0.23428655379981422,0.15772092845486987
ENSG00000140368,add_a1.0,71.6,87.26726726726727,0.24924181124040973,0.16421083665438863
ENSG00000140368,add_a1.0_L24,71.38,80.6006006006006,0.2523776432196196,0.18879579965866394
ENSG00000140368,add_a2.0,76.66,90.27027027027027,0.31099995185819546,0.2129335040804317
ENSG00000140368,add_a3.0,85.88,95.01501501501501,0.42508966199118314,0.31281578963654033
ENSG00000140368,add_a4.0,79.94,91.8918918918919,0.3276019392187258,0.23454904745736577
ENSG00000140368,add_gc_removed_a1.0,63.220000000000006,72.43243243243244,0.17646571336659478,0.146967429111209
ENSG00000140368,add_own,77.22,82.4024024024024,0.3244617613228687,0.25998503519340355
ENSG00000140368,add_own_L24,67.78,87.56756756756756,0.19144816172975218,0.11549966242897627
ENSG00000140368,random_a1.0,63.739999999999995,85.52552552552552,0.23482318671688135,0.16228369651015398
ENSG00000140368,random_a1.0_L24,64.1,81.56156156156156,0.18033001581677902,0.09985413229992691
ENSG00000140368,unsteered,59.660000000000004,74.83483483483482,0.14850531245402682,0.09092818104891234
ENSG00000140563,add_a0.5,50.46,51.231231231231234,0.25006721276012933,0.23993716151567765
ENSG00000140563,add_a1.0,59.56,68.46846846846847,0.22777932951032512,0.18951157543537028
ENSG00000140563,add_a1.0_L24,49.040000000000006,49.609609609609606,0.3791186047201072,0.34079469118049294
ENSG00000140563,add_a2.0,76.2,82.16216216216216,0.40803412096549163,0.33836668080478527
ENSG00000140563,add_a3.0,86.34,89.48948948948949,0.5318003603928201,0.45187296895017753
ENSG00000140563,add_a4.0,87.24,90.8108108108108,0.5218847812893218,0.45821311205375814
ENSG00000140563,add_gc_removed_a1.0,44.12,43.96396396396396,0.19489093333326055,0.2037315003723798
ENSG00000140563,add_own,55.779999999999994,51.17117117117117,0.2620555226679672,0.23999742545917524
ENSG00000140563,add_own_L24,43.7,35.31531531531532,0.33955246486721624,0.34196417559549286
ENSG00000140563,random_a1.0,31.7,36.03603603603604,0.2916846541589816,0.31964277332720475
ENSG00000140563,random_a1.0_L24,47.28,61.20120120120121,0.27425229775516824,0.26340460907453134
ENSG00000140563,unsteered,47.660000000000004,44.2042042042042,0.2967774860002977,0.28415426774272606
ENSG00000140740,add_a0.5,62.760000000000005,62.52252252252252,0.29200653518188047,0.30485696080273467
ENSG00000140740,add_a1.0,65.17999999999999,67.44744744744744,0.32061650198402836,0.33056329709926296
ENSG00000140740,add_a1.0_L24,50.1,49.009009009009006,0.24994576448052386,0.24411674182680457
ENSG00000140740,add_a2.0,63.20718718718719,69.48948948948949,0.3043320171049245,0.324323456965096
ENSG00000140740,add_a3.0,83.7,84.98498498498498,0.4153733448927304,0.46665460510572787
ENSG00000140740,add_a4.0,80.08,86.24624624624624,0.3610268237715434,0.4135527924770523
ENSG00000140740,add_gc_removed_a1.0,44.9,35.1951951951952,0.2652472031616623,0.2546967873232394
ENSG00000140740,add_own,54.56,56.336336336336345,0.19401847732262362,0.20163457646336597
ENSG00000140740,add_own_L24,41.92,44.44444444444444,0.18887569661650644,0.17778466744461302
ENSG00000140740,random_a1.0,60.67999999999999,53.693693693693696,0.3913206513146602,0.4137938090378378
ENSG00000140740,random_a1.0_L24,53.58,54.41441441441441,0.3070979503759725,0.3042298981857351
ENSG00000140740,unsteered,35.22,28.82882882882883,0.3406340743299453,0.33248404305996104
ENSG00000140931,add_a0.5,54.78036175710595,72.86821705426357,0.29207295799506755,0.280344212270338
ENSG00000140931,add_a1.0,69.45736434108527,93.95348837209302,0.3482662813182863,0.27208593695938366
ENSG00000140931,add_a1.0_L24,62.1188630490956,76.58914728682171,0.2799635401190243,0.25133515112983174
ENSG00000140931,add_a2.0,78.03617571059432,92.40310077519379,0.42146177563445864,0.3520994464251562
ENSG00000140931,add_a3.0,81.24031007751938,95.34883720930233,0.4408210540701824,0.385988169375947
ENSG00000140931,add_a4.0,78.29457364341086,91.47286821705426,0.42008129950525513,0.3651433730975963
ENSG00000140931,add_gc_removed_a1.0,56.640826873385016,74.72868217054263,0.24083496793857714,0.22407898351663874
ENSG00000140931,add_own,72.76485788113695,90.85271317829458,0.3684849479403363,0.30074953894282347
ENSG00000140931,add_own_L24,63.10077519379845,76.12403100775194,0.30185378981324384,0.25180414673202367
ENSG00000140931,random_a1.0,62.7390180878553,75.1937984496124,0.32781253457055104,0.2689764992323598
ENSG00000140931,random_a1.0_L24,50.54263565891473,62.01550387596899,0.25821786160377175,0.23301755019346393
ENSG00000140931,unsteered,66.82170542635659,85.89147286821705,0.3117782877372586,0.2560133436919647
ENSG00000140968,add_a0.5,50.480000000000004,58.37837837837837,0.2265123268367784,0.23842861551938865
ENSG00000140968,add_a1.0,63.67999999999999,71.05105105105105,0.21466112643987278,0.18745888302503028
ENSG00000140968,add_a1.0_L24,48.8,56.27627627627628,0.10280839490229479,0.15821260723665437
ENSG00000140968,add_a2.0,76.6,93.87387387387386,0.3275730614893958,0.21786484078761262
ENSG00000140968,add_a3.0,77.3,87.92792792792793,0.3211860712151909,0.23116337049050806
ENSG00000140968,add_a4.0,77.4,93.21321321321321,0.330518548279435,0.232146774719341
ENSG00000140968,add_gc_removed_a1.0,43.96,43.66366366366366,0.12586644945009146,0.20650415556769458
ENSG00000140968,add_own,57.3,70.0900900900901,0.13846011266278194,0.1251759800198088
ENSG00000140968,add_own_L24,40.06,40.48048048048048,0.1206644002719454,0.22261947915058786
ENSG00000140968,random_a1.0,49.54,56.75675675675676,0.10903641787468829,0.15804437265471835
ENSG00000140968,random_a1.0_L24,41.9,41.68168168168168,0.13928700521130333,0.2275247584035514
ENSG00000140968,unsteered,52.94,57.65765765765766,0.13616086325296578,0.158699058242231
ENSG00000141030,add_a0.5,50.120000000000005,60.24024024024025,0.10224362332770323,0.10545366352327754
ENSG00000141030,add_a1.0,68.47999999999999,92.67267267267268,0.3610686069464103,0.3550914953081349
ENSG00000141030,add_a1.0_L24,60.52,61.741741741741734,0.26364601803912197,0.2565554102488629
ENSG00000141030,add_a2.0,67.8,95.61561561561561,0.36744139494536937,0.36430677368914516
ENSG00000141030,add_a3.0,71.17999999999999,94.83483483483482,0.3880665330195061,0.3895838126896714
ENSG00000141030,add_a4.0,86.42,94.29429429429429,0.535606936284062,0.5253953381424835
ENSG00000141030,add_gc_removed_a1.0,47.36,56.33633633633633,0.07021966016972363,0.07476422661159873
ENSG00000141030,add_own,64.17999999999999,93.45345345345345,0.34412015809331836,0.3367066101468795
ENSG00000141030,add_own_L24,46.82,56.63663663663664,0.07431657241110669,0.07765028040477949
ENSG00000141030,random_a1.0,43.779999999999994,47.327327327327325,0.05780219870205413,0.05433209536879517
ENSG00000141030,random_a1.0_L24,48.25245245245245,50.030030030030034,0.11474299716159593,0.11532686669290464
ENSG00000141030,unsteered,57.86,62.34234234234234,0.21024819202683176,0.2016555262837234
ENSG00000141873,add_a0.5,61.45905747976499,60.8421052631579,0.30193808571941544,0.33516096469301
ENSG00000141873,add_a1.0,72.7251461988304,94.10526315789474,0.19070279190826403,0.16424910801381995
ENSG00000141873,add_a1.0_L24,53.84795321637428,66.94736842105263,0.27200407035500823,0.2969472810381245
ENSG00000141873,add_a2.0,76.76615034854896,85.6140350877193,0.28036897494649304,0.27008957526216715
ENSG00000141873,add_a3.0,75.3216374269006,92.56140350877193,0.17507337574093218,0.17757789982852706
ENSG00000141873,add_a4.0,78.08187134502924,92.35087719298245,0.20677001474866552,0.19180483275948806
ENSG00000141873,add_gc_removed_a1.0,62.3859649122807,75.9298245614035,0.17825991389821874,0.21571565235362872
ENSG00000141873,add_own,70.3859649122807,84.49122807017544,0.20087882342147872,0.20066444211776693
ENSG00000141873,add_own_L24,65.0412917539751,78.43316036570299,0.20588280170563036,0.2258009636063015
ENSG00000141873,random_a1.0,70.4093567251462,78.24561403508771,0.28326202648429843,0.2776706608534427
ENSG00000141873,random_a1.0_L24,61.49707602339181,73.26315789473685,0.20988998613924142,0.22763623836638533
ENSG00000141873,unsteered,61.169590643274866,67.43859649122808,0.2414049779245584,0.26622891460614284
ENSG00000142751,add_a0.5,79.62848297213623,95.47987616099071,0.1644275595575731,0.24382852754153322
ENSG00000142751,add_a1.0,79.54592363261095,97.15170278637771,0.1921797605751141,0.27233177870448766
ENSG00000142751,add_a1.0_L24,76.51186790505676,98.76160990712074,0.14438808857202196,0.21358115337842493
ENSG00000142751,add_a2.0,81.40350877192984,96.78018575851394,0.19626652166294764,0.2902605518776672
ENSG00000142751,add_a3.0,81.42414860681114,97.83281733746131,0.1970092398931823,0.2914170446186013
ENSG00000142751,add_a4.0,82.78637770897834,96.3467492260062,0.1916213062624921,0.2823583884816725
ENSG00000142751,add_gc_removed_a1.0,73.70485036119712,92.81733746130031,0.14491619899643285,0.20702378761053408
ENSG00000142751,add_own,78.7203302373581,97.3374613003096,0.13986137435846502,0.21886339339190167
ENSG00000142751,add_own_L24,77.68833849329205,97.5232198142415,0.1421056218222112,0.21939928519857368
ENSG00000142751,random_a1.0,75.91331269349845,97.64705882352942,0.14154226198615655,0.21499042466298138
ENSG00000142751,random_a1.0_L24,77.39938080495355,97.08978328173376,0.13902665366814557,0.21679338559087374
ENSG00000142751,unsteered,79.2156862745098,97.3374613003096,0.17572465727594908,0.26173165797761416
ENSG00000143155,add_a0.5,70.95404919460972,91.42857142857142,0.26608394710925476,0.4905500275948391
ENSG00000143155,add_a1.0,75.31972789115646,94.36734693877551,0.31327887197112914,0.5424959913926006
ENSG00000143155,add_a1.0_L24,72.65306122448979,82.93877551020407,0.3047188589141395,0.480127528038974
ENSG00000143155,add_a2.0,75.91836734693877,97.71428571428571,0.2950802666935871,0.5380061703165304
ENSG00000143155,add_a3.0,75.29251700680273,91.26530612244898,0.2961458740807347,0.5022161138012351
ENSG00000143155,add_a4.0,81.55102040816327,95.0204081632653,0.34782423062672035,0.5725225689205984
ENSG00000143155,add_gc_removed_a1.0,63.333185045135224,77.14285714285714,0.24139170634205936,0.37831706267373116
ENSG00000143155,add_own,76.68027210884354,97.14285714285714,0.31423685709890437,0.5489267345967275
ENSG00000143155,add_own_L24,66.20408163265306,92.57142857142857,0.24383623374609648,0.4663016071358682
ENSG00000143155,random_a1.0,69.3061224489796,84.9795918367347,0.3562885520076341,0.5522545168815146
ENSG00000143155,random_a1.0_L24,66.0952380952381,87.91836734693877,0.24440277029438126,0.44033888227669216
ENSG00000143155,unsteered,74.30202598750672,89.14285714285714,0.3366566096413618,0.5136397634370555
ENSG00000143321,add_a0.5,66.14886731391586,90.29126213592232,0.14809020037564774,0.20044807267843817
ENSG00000143321,add_a1.0,67.63754045307444,91.26213592233009,0.1214618952140043,0.20730608133011214
ENSG00000143321,add_a1.0_L24,64.62783171521036,85.33980582524272,0.12998580757313896,0.17050789027989716
ENSG00000143321,add_a2.0,73.75404530744336,94.36893203883496,0.1425827216762717,0.2505751093919327
ENSG00000143321,add_a3.0,77.41100323624596,95.33980582524272,0.18924726279927445,0.3058829323728941
ENSG00000143321,add_a4.0,80.64724919093851,96.79611650485438,0.20028260601206266,0.353842236009607
ENSG00000143321,add_gc_removed_a1.0,60.09708737864078,75.24271844660194,0.16311096769325406,0.16210695739982084
ENSG00000143321,add_own,72.00647249190938,91.06796116504854,0.15961359102551992,0.24544398206239135
ENSG00000143321,add_own_L24,59.51456310679612,75.33980582524272,0.18355482642146487,0.175755837419981
ENSG00000143321,random_a1.0,62.49190938511326,87.18446601941747,0.14660613823771645,0.18491030686819268
ENSG00000143321,random_a1.0_L24,65.33980582524272,87.37864077669903,0.16203912721746677,0.2012760393565345
ENSG00000143321,unsteered,60.29126213592233,84.36893203883496,0.16529398803334144,0.20481812966502125
ENSG00000143479,add_a0.5,56.06,62.52252252252252,0.1659549754671267,0.14216369264968143
ENSG00000143479,add_a1.0,62.1,69.009009009009,0.18353838673788406,0.20646745639047212
ENSG00000143479,add_a1.0_L24,44.36,53.45345345345346,0.27224528675600645,0.17662704249587308
ENSG00000143479,add_a2.0,72.08,84.98498498498499,0.20108397523012575,0.3584863470982502
ENSG00000143479,add_a3.0,77.62,90.51051051051051,0.1967536401175911,0.3811674173970542
ENSG00000143479,add_a4.0,86.26,89.4894894894895,0.331602512118742,0.4866492407068927
ENSG00000143479,add_gc_removed_a1.0,37.059999999999995,33.57357357357357,0.3404973552970184,0.11648477225338827
ENSG00000143479,add_own,63.620000000000005,68.64864864864865,0.19845456539385245,0.22230013526124637
ENSG00000143479,add_own_L24,58.5,62.94294294294294,0.1645535716039727,0.15150277447219446
ENSG00000143479,random_a1.0,47.779999999999994,49.729729729729726,0.2823291387484429,0.17264890612397352
ENSG00000143479,random_a1.0_L24,34.18,35.01501501501502,0.35559316932360063,0.15189699370779508
ENSG00000143479,unsteered,40.86,39.21921921921922,0.30426722035469195,0.14231558585808762
ENSG00000143502,add_a0.5,69.36708860759494,78.10126582278481,0.23628672595389003,0.2362403549177822
ENSG00000143502,add_a1.0,72.0886075949367,84.17721518987341,0.34630816001638626,0.3653683451707087
ENSG00000143502,add_a1.0_L24,73.60759493670886,78.67088607594937,0.27598355791380025,0.2915875724004896
ENSG00000143502,add_a2.0,70.13622855207873,67.72151898734178,0.25845616537550137,0.2747021712357807
ENSG00000143502,add_a3.0,82.78481012658229,94.81012658227849,0.35095964802020785,0.38409932315009804
ENSG00000143502,add_a4.0,83.54430379746836,87.72151898734177,0.352265782238059,0.3806056440111533
ENSG00000143502,add_gc_removed_a1.0,54.957805907173,59.55696202531645,0.2239054658757768,0.22360130995024563
ENSG00000143502,add_own,68.60759493670886,78.10126582278481,0.3095593886046793,0.3219018070266024
ENSG00000143502,add_own_L24,61.983122362869196,77.78481012658227,0.2152203779053085,0.20575516794895243
ENSG00000143502,random_a1.0,55.28205882221895,54.936708860759495,0.23949379234471016,0.2526521464396351
ENSG00000143502,random_a1.0_L24,66.94092827004219,75.69620253164557,0.30473080607679287,0.31417793328282145
ENSG00000143502,unsteered,62.552742616033754,74.62025316455696,0.23577996099556175,0.2166579878774717
ENSG00000143653,add_a0.5,69.03999999999999,71.41141141141142,0.2677676237913523,0.2757080188557612
ENSG00000143653,add_a1.0,84.66,94.53453453453453,0.5177976541636745,0.5317827570635465
ENSG00000143653,add_a1.0_L24,71.5,84.26426426426426,0.33995339318297657,0.3583225616345928
ENSG00000143653,add_a2.0,78.58,93.51351351351352,0.40201462834593843,0.4243787455251562
ENSG00000143653,add_a3.0,81.94,91.29129129129129,0.43107234023836805,0.4526332789679728
ENSG00000143653,add_a4.0,80.72,97.47747747747748,0.46193118407724415,0.48093195023218877
ENSG00000143653,add_gc_removed_a1.0,71.1,72.31231231231232,0.28772671482253565,0.2957743530469329
ENSG00000143653,add_own,84.7,93.75375375375374,0.4930114561822648,0.5184788405959331
ENSG00000143653,add_own_L24,49.06,51.771771771771775,0.06817705960763144,0.0595003856832184
ENSG00000143653,random_a1.0,72.7,81.26126126126125,0.4769488511778877,0.485730007163453
ENSG00000143653,random_a1.0_L24,66.17999999999999,71.05105105105105,0.24241250280253981,0.24983084917726575
ENSG00000143653,unsteered,76.3,78.25825825825825,0.35140112627545167,0.3671602262534225
ENSG00000143819,add_a0.5,55.879999999999995,72.01201201201202,0.07701258851830448,0.06083456537129679
ENSG00000143819,add_a1.0,66.28,86.96696696696696,0.16638601499870023,0.14109224465751122
ENSG00000143819,add_a1.0_L24,59.1,72.67267267267268,0.1275530931604782,0.1187584794347805
ENSG00000143819,add_a2.0,73.67999999999999,92.07207207207207,0.2500421239785148,0.2178821551023055
ENSG00000143819,add_a3.0,76.67999999999999,94.65465465465465,0.2503663088684538,0.2371013292914917
ENSG00000143819,add_a4.0,76.8,94.83483483483482,0.2758780918979362,0.2622041572785886
ENSG00000143819,add_gc_removed_a1.0,50.739999999999995,61.14114114114115,0.09126860829424906,0.09273015153111333
ENSG00000143819,add_own,59.64,77.8978978978979,0.10504810580309121,0.09392453019926092
ENSG00000143819,add_own_L24,55.260000000000005,73.993993993994,0.0743749684062669,0.06071073574142447
ENSG00000143819,random_a1.0,51.7,66.36636636636636,0.14200340630116484,0.13506298374185705
ENSG00000143819,random_a1.0_L24,50.839999999999996,65.1051051051051,0.0503210144769561,0.05310128061130256
ENSG00000143819,unsteered,52.239999999999995,66.96696696696696,0.04954511126462581,0.04675830936837524
ENSG00000144115,add_a0.5,59.120000000000005,62.52252252252252,0.25855695189998157,0.24151107177122605
ENSG00000144115,add_a0.5_L24,50.959999999999994,51.351351351351354,0.27656364305950165,0.23068897173672082
ENSG00000144115,add_a1.0,56.82000000000001,54.77477477477478,0.42254477431394505,0.38472875497640363
ENSG00000144115,add_a1.0_L24,57.58,63.003003003003,0.39789391810494795,0.3869123027784911
ENSG00000144115,add_a2.0,80.62,83.6036036036036,0.38521296322331977,0.4465132063369964
ENSG00000144115,add_a2.0_L24,36.32,36.03603603603604,0.38892264294421885,0.30214718407726765
ENSG00000144115,add_a3.0,85.84,86.42642642642643,0.38225855881814524,0.4380033364958287
ENSG00000144115,add_a3.0_L24,53.52,56.87687687687687,0.34775732865947273,0.3280454046995688
ENSG00000144115,add_a4.0,83.42,84.50450450450451,0.3695911697111862,0.44455776804141056
ENSG00000144115,add_a4.0_L24,69.12,70.33033033033033,0.5133545475512646,0.5263298565306676
ENSG00000144115,add_gc_removed_a1.0,36.44,36.63663663663664,0.2826939097091709,0.20682675905834785
ENSG00000144115,add_own,61.06,65.76576576576576,0.30804257447693273,0.3231135857197692
ENSG00000144115,add_own_L24,46.88,48.648648648648646,0.35306361108846385,0.29914079165418817
ENSG00000144115,random_a1.0,45.12,45.28528528528528,0.377542974509295,0.3516780737660425
ENSG00000144115,random_a1.0_L24,53.7,55.975975975975985,0.4475794342207374,0.4172011658996853
ENSG00000144115,unsteered,47.5,45.4054054054054,0.39184639329218146,0.2988633558078694
ENSG00000144233,add_a0.5,59.09845788849348,68.04270462633453,0.12715331879751163,0.1420635993582479
ENSG00000144233,add_a1.0,58.078291814946624,68.68327402135232,0.1469227596452001,0.16014276843563163
ENSG00000144233,add_a1.0_L24,61.32858837485172,73.87900355871886,0.26902912071349216,0.28383497420454384
ENSG00000144233,add_a2.0,71.60142348754448,78.64768683274022,0.22417285175771307,0.24094806501055008
ENSG00000144233,add_a3.0,78.41043890865954,89.9644128113879,0.2896388152424283,0.31446777538250176
ENSG00000144233,add_a4.0,85.88374851720047,88.82562277580071,0.38850115192902573,0.40696096860620956
ENSG00000144233,add_gc_removed_a1.0,52.76393831553973,42.27758007117438,0.1723471529322884,0.1564746970034529
ENSG00000144233,add_own,62.44365361803084,71.67259786476868,0.17489159653872616,0.1907101741256138
ENSG00000144233,add_own_L24,54.63819691577699,59.2170818505338,0.18212196681152823,0.18450409505023058
ENSG00000144233,random_a1.0,56.59340721267502,58.93238434163701,0.18681702230291714,0.1878405825074711
ENSG00000144233,random_a1.0_L24,50.62870699881376,49.46619217081851,0.14053731825109492,0.1382525337598202
ENSG00000144233,unsteered,57.87781450142715,60.711743772241995,0.13000045153209497,0.134734397549198
ENSG00000144426,add_a0.5,43.52,45.4054054054054,0.1297489215480868,0.11327798411987829
ENSG00000144426,add_a1.0,54.54,64.92492492492492,0.14180536739630978,0.21554593108486725
ENSG00000144426,add_a1.0_L24,40.7,40.78078078078078,0.14319844773006823,0.10133358994274513
ENSG00000144426,add_a2.0,60.98,72.79279279279278,0.19086940208842387,0.2800930762630308
ENSG00000144426,add_a3.0,78.92,91.8918918918919,0.35382329576105204,0.520046471880172
ENSG00000144426,add_a4.0,81.35999999999999,88.94894894894894,0.37511492078907566,0.5240640103145886
ENSG00000144426,add_gc_removed_a1.0,41.0,36.51651651651652,0.13378967291449842,0.08196017576124619
ENSG00000144426,add_own,64.78,80.78078078078077,0.1776268618390734,0.3150241558682951
ENSG00000144426,add_own_L24,38.2,37.2972972972973,0.12285455112996832,0.08587878255870438
ENSG00000144426,random_a1.0,41.160000000000004,41.44144144144144,0.1295420229000968,0.0908878667184276
ENSG00000144426,random_a1.0_L24,33.22186186186186,34.234234234234236,0.22334570692967434,0.1669808240781661
ENSG00000144426,unsteered,39.1,36.45645645645646,0.15681145471470173,0.11034414210567145
ENSG00000144488,add_a0.5,80.52822822822823,86.15796519410978,0.2111927985986838,0.18678771955921597
ENSG00000144488,add_a1.0,81.36,92.97297297297297,0.2172052007989568,0.1706618783249751
ENSG00000144488,add_a1.0_L24,76.52000000000001,90.27027027027027,0.2168795279169046,0.2017752821729389
ENSG00000144488,add_a2.0,85.1,98.13813813813813,0.28490709825613253,0.2583223720398878
ENSG00000144488,add_a3.0,82.44,95.43543543543544,0.236057860406964,0.21485847764461274
ENSG00000144488,add_a4.0,82.44,86.36636636636636,0.2973208472350547,0.275078072649306
ENSG00000144488,add_gc_removed_a1.0,77.8,93.63363363363364,0.20236804021491386,0.1658904359179514
ENSG00000144488,add_own,83.7,97.41741741741741,0.24707430648784187,0.2096391240910917
ENSG00000144488,add_own_L24,82.86,87.62762762762762,0.240411307746533,0.20297749420609473
ENSG00000144488,random_a1.0,71.84,82.82282282282281,0.18202662756665125,0.15443069631293596
ENSG00000144488,random_a1.0_L24,79.82000000000001,90.93093093093093,0.22687731783062884,0.19089216070129492
ENSG00000144488,unsteered,76.32000000000001,87.32732732732732,0.17702373849042766,0.13660044576446223
ENSG00000144644,add_a0.5,40.14,36.21621621621622,0.17101043688872344,0.1561286792963983
ENSG00000144644,add_a1.0,36.879999999999995,36.0960960960961,0.13634818724618944,0.12474457322975074
ENSG00000144644,add_a1.0_L24,38.739999999999995,40.72072072072072,0.10821301076488772,0.10035344272887714
ENSG00000144644,add_a2.0,57.279999999999994,67.08708708708708,0.21084154927902726,0.21541683381119356
ENSG00000144644,add_a3.0,74.2,82.76276276276276,0.325018360603383,0.3323741226854071
ENSG00000144644,add_a4.0,77.1,84.02402402402403,0.37031405604840933,0.38073155175469475
ENSG00000144644,add_gc_removed_a1.0,35.36,32.672672672672675,0.13668060808190305,0.12233671673802464
ENSG00000144644,add_own,47.839999999999996,51.59159159159159,0.1559902182815399,0.14367986996485443
ENSG00000144644,add_own_L24,35.54910910910911,34.29429429429429,0.1922859056530969,0.17891291483807534
ENSG00000144644,random_a1.0,29.525665665665667,30.090090090090094,0.20803537265224398,0.19618323811519886
ENSG00000144644,random_a1.0_L24,27.8,24.924924924924927,0.24079786424128766,0.2383524616978793
ENSG00000144644,unsteered,36.32,34.474474474474476,0.1168141384330971,0.10389714940066788
ENSG00000145860,add_a0.5,58.239999999999995,79.57957957957959,0.25127715433352144,0.265115555922592
ENSG00000145860,add_a1.0,54.5,60.06006006006006,0.17356803865205486,0.1862912694215676
ENSG00000145860,add_a1.0_L24,54.36,62.10210210210211,0.18122822187417734,0.19941598536969155
ENSG00000145860,add_a2.0,74.82000000000001,78.43843843843844,0.38750323898701644,0.40153119696402245
ENSG00000145860,add_a3.0,76.82000000000001,91.77177177177177,0.4328954719431528,0.44983798813386916
ENSG00000145860,add_a4.0,78.1,89.84984984984985,0.4089386466337347,0.42747879988322846
ENSG00000145860,add_gc_removed_a1.0,47.56774774774775,49.60960960960961,0.20079249203416846,0.20288985056443837
ENSG00000145860,add_own,64.96000000000001,80.72072072072072,0.32600220938878105,0.33557784643182675
ENSG00000145860,add_own_L24,55.3,55.79579579579579,0.2350410597926092,0.24136290320583392
ENSG00000145860,random_a1.0,50.169769769769765,58.258258258258266,0.16367637551533024,0.17272913904887588
ENSG00000145860,random_a1.0_L24,52.120000000000005,61.14114114114115,0.1668859734611315,0.16665304650748325
ENSG00000145860,unsteered,45.0,48.588588588588586,0.1801289291380525,0.18214137803630567
ENSG00000146090,add_a0.5,70.34,72.31231231231232,0.21256299879674345,0.17930023690844457
ENSG00000146090,add_a1.0,73.58,82.1021021021021,0.2736163147872289,0.21084243804141067
ENSG00000146090,add_a1.0_L24,71.62,80.72072072072072,0.40005417693436407,0.3464848171407145
ENSG00000146090,add_a2.0,84.32,89.36936936936937,0.3912076721416711,0.33183396396234305
ENSG00000146090,add_a3.0,85.14,85.88588588588588,0.41328139445288914,0.35967368774705866
ENSG00000146090,add_a4.0,84.9,91.35135135135135,0.3782631619377853,0.30369100755102646
ENSG00000146090,add_gc_removed_a1.0,64.7,64.74474474474474,0.2059331107133155,0.2017507293717319
ENSG00000146090,add_own,74.17999999999999,79.0990990990991,0.25663310085388746,0.21129017670463085
ENSG00000146090,add_own_L24,68.72,74.95495495495496,0.22578749841520832,0.1874297820044843
ENSG00000146090,random_a1.0,67.32000000000001,69.36936936936937,0.24463531664828694,0.20816833154224618
ENSG00000146090,random_a1.0_L24,73.1,72.31231231231232,0.32230895720035657,0.3086039420323753
ENSG00000146090,unsteered,67.34,70.33033033033033,0.2202050989520405,0.18763134411248378
ENSG00000146215,add_a0.5,69.4197215956602,80.22471910112361,0.22714178774189725,0.26189580421211595
ENSG00000146215,add_a1.0,72.28464419475655,69.32584269662922,0.2863197242309349,0.36085544665107816
ENSG00000146215,add_a1.0_L24,67.11610486891387,75.73033707865169,0.17296743007223706,0.22348117676377055
ENSG00000146215,add_a2.0,76.92883895131087,92.80898876404494,0.23997413755810487,0.321069612148242
ENSG00000146215,add_a3.0,82.88389513108613,92.47191011235955,0.3074985144001111,0.3840233370472356
ENSG00000146215,add_a4.0,80.48689138576779,91.23595505617978,0.2830896905371827,0.3680050399334519
ENSG00000146215,add_gc_removed_a1.0,69.5505617977528,82.80898876404494,0.2989628188359063,0.3370031051946567
ENSG00000146215,add_own,74.23220973782772,86.51685393258427,0.22560358099648595,0.2766202401940106
ENSG00000146215,add_own_L24,67.41573033707866,71.57303370786516,0.21121776685279806,0.22757648826990065
ENSG00000146215,random_a1.0,74.00749063670412,81.34831460674158,0.21811910768336068,0.2643166004776164
ENSG00000146215,random_a1.0_L24,64.3639634322013,73.76563194312195,0.1801675507120983,0.20962636025080728
ENSG00000146215,unsteered,66.57559851311564,76.06741573033707,0.20219661816525134,0.20157742669676654
ENSG00000146233,add_a0.5,53.46,60.54054054054054,0.31427141563765415,0.3632687100827193
ENSG00000146233,add_a1.0,56.54,64.02402402402402,0.17344106035934564,0.24030424863559902
ENSG00000146233,add_a1.0_L24,44.019999999999996,48.64864864864865,0.13737523333962598,0.16512441268979106
ENSG00000146233,add_a2.0,69.1,76.27627627627628,0.29077443496890754,0.38500889128761157
ENSG00000146233,add_a3.0,68.3,91.53153153153153,0.3304638139848726,0.4283629681500253
ENSG00000146233,add_a4.0,81.38,89.30930930930931,0.4598923781115019,0.5410230734249457
ENSG00000146233,add_gc_removed_a1.0,41.64,38.43843843843844,0.12555259445587147,0.13073302672083492
ENSG00000146233,add_own,62.4,70.27027027027027,0.270491021441034,0.3340364190111518
ENSG00000146233,add_own_L24,42.8,42.76276276276276,0.1460365634761592,0.15888150223385783
ENSG00000146233,random_a1.0,39.12,40.12012012012012,0.13347373211833946,0.16170398484595336
ENSG00000146233,random_a1.0_L24,38.54,40.6006006006006,0.11154479749787598,0.13931376652947058
ENSG00000146233,unsteered,41.28,41.86186186186186,0.0855213320801742,0.09917480810217114
ENSG00000146411,add_a0.5,71.64,88.04804804804805,0.26319885059653697,0.31981768450218295
ENSG00000146411,add_a1.0,77.97363363363363,86.24624624624624,0.3811657280156298,0.42607785682507043
ENSG00000146411,add_a1.0_L24,73.4,83.003003003003,0.3483885689596577,0.39299610588310413
ENSG00000146411,add_a2.0,79.85999999999999,97.05705705705705,0.4282060805377167,0.4882011727283236
ENSG00000146411,add_a3.0,83.96000000000001,90.57057057057057,0.4058976108427916,0.4528715165276428
ENSG00000146411,add_a4.0,87.47999999999999,92.25225225225225,0.44015914363986164,0.4862674221381674
ENSG00000146411,add_gc_removed_a1.0,73.52000000000001,81.32132132132132,0.3194499700311987,0.36492664711118533
ENSG00000146411,add_own,79.03999999999999,88.46846846846847,0.35214540385385534,0.401643063198115
ENSG00000146411,add_own_L24,58.82000000000001,68.4084084084084,0.20765630094237242,0.22956100503001692
ENSG00000146411,random_a1.0,65.58,78.73873873873875,0.24093277460452475,0.2813994901873266
ENSG00000146411,random_a1.0_L24,65.46000000000001,71.77177177177177,0.2039896497844717,0.22763508951623596
ENSG00000146411,unsteered,64.67999999999999,75.01501501501502,0.28164471696840837,0.3103759919973551
ENSG00000146425,add_a0.5,39.78494623655914,36.635944700460826,0.4374829918982658,0.41388084653627083
ENSG00000146425,add_a1.0,39.86175115207373,35.25345622119816,0.4542829908483306,0.4134345313810094
ENSG00000146425,add_a1.0_L24,39.2089093701997,32.83410138248848,0.4220573670229935,0.3832434047274028
ENSG00000146425,add_a2.0,42.78033794162826,39.516129032258064,0.43152516795458434,0.40406741974583
ENSG00000146425,add_a3.0,51.19047619047619,58.41013824884793,0.4075638102519967,0.39643328003611383
ENSG00000146425,add_a4.0,63.63287250384025,73.73271889400921,0.4396738723666064,0.43295966705072425
ENSG00000146425,add_gc_removed_a1.0,38.21044546850999,36.52073732718894,0.41581455355411545,0.3755041449077545
ENSG00000146425,add_own,42.08909370199693,40.2073732718894,0.3562109892947286,0.3339903118552718
ENSG00000146425,add_own_L24,38.70967741935484,34.33179723502304,0.46217731518754396,0.4327900838757603
ENSG00000146425,random_a1.0,38.0184331797235,35.483870967741936,0.40661035400012946,0.35987390858973517
ENSG00000146425,random_a1.0_L24,32.142857142857146,24.078341013824886,0.5005881645480467,0.46580559103437363
ENSG00000146425,unsteered,34.293394777265746,25.921658986175114,0.4592300716349126,0.41524152019498856
ENSG00000146476,add_a0.5,40.339999999999996,43.3033033033033,0.11933161467136796,0.1347374728180442
ENSG00000146476,add_a1.0,45.86,47.747747747747745,0.11634596349229084,0.14795397784121364
ENSG00000146476,add_a1.0_L24,44.3,50.69069069069069,0.17235675649447374,0.20326236038201656
ENSG00000146476,add_a2.0,71.0,81.14114114114113,0.3637236800736675,0.48113834402945893
ENSG00000146476,add_a3.0,74.24000000000001,90.09009009009009,0.4157164799445576,0.5398640161162308
ENSG00000146476,add_a4.0,83.0,96.03603603603604,0.5199544886789098,0.6299090089443558
ENSG00000146476,add_gc_removed_a1.0,32.62,26.546546546546544,0.15616089461921215,0.13404139567027057
ENSG00000146476,add_own,51.94,59.33933933933933,0.1631443588376031,0.22409184414537045
ENSG00000146476,add_own_L24,50.56,59.69969969969971,0.23716390157985287,0.2891052333990086
ENSG00000146476,random_a1.0,37.5,32.312312312312315,0.10502175478327122,0.09547552551755667
ENSG00000146476,random_a1.0_L24,31.82,29.429429429429426,0.35258805174422253,0.3289277319400653
ENSG00000146476,unsteered,33.8,32.07207207207207,0.15555607902489235,0.13326536007840067
ENSG00000146828,add_a0.5,71.32000000000001,73.81381381381382,0.20970838008277895,0.18254351443972172
ENSG00000146828,add_a1.0,71.6,78.73873873873875,0.2063267541056219,0.20859261919887087
ENSG00000146828,add_a1.0_L24,63.839999999999996,75.7957957957958,0.13073234768410888,0.09748559647455875
ENSG00000146828,add_a2.0,80.17999999999999,84.74474474474474,0.23595321233568547,0.2606959674617785
ENSG00000146828,add_a3.0,78.54,75.85585585585585,0.25456587043093337,0.2529882821900434
ENSG00000146828,add_a4.0,75.67999999999999,90.93093093093093,0.13201124434476802,0.17800096576859775
ENSG00000146828,add_gc_removed_a1.0,63.339999999999996,63.3033033033033,0.24384092188676193,0.18529932091527918
ENSG00000146828,add_own,77.47999999999999,78.1981981981982,0.2553168917553682,0.2472927328613889
ENSG00000146828,add_own_L24,61.48,71.05105105105106,0.23364819561957076,0.2021588893867446
ENSG00000146828,random_a1.0,67.04,75.7957957957958,0.18526808781600226,0.1448537535007071
ENSG00000146828,random_a1.0_L24,63.0,82.82282282282281,0.11181788993839785,0.08747996600367242
ENSG00000146828,unsteered,69.14,75.85585585585586,0.1812844919995976,0.15556779412687827
ENSG00000147465,add_a0.5,73.33333333333333,85.9504132231405,0.2543572312926425,0.22124201066811625
ENSG00000147465,add_a1.0,77.74104683195591,92.80991735537191,0.2782236048954661,0.2346331486205603
ENSG00000147465,add_a1.0_L24,63.00275482093664,71.90082644628099,0.19397602249850393,0.17416027003707119
ENSG00000147465,add_a2.0,85.37190082644628,97.19008264462809,0.3905056395697624,0.34792911765888446
ENSG00000147465,add_a3.0,82.06611570247934,97.76859504132231,0.31819980976595386,0.2761233271292459
ENSG00000147465,add_a4.0,88.48484848484848,92.56198347107438,0.4035873000874742,0.3729980141977236
ENSG00000147465,add_gc_removed_a1.0,61.680440771349865,73.96694214876034,0.20159094779378525,0.19424903187827186
ENSG00000147465,add_own,76.33608815426997,90.9090909090909,0.3145975892065172,0.27628620084212036
ENSG00000147465,add_own_L24,70.27548209366391,82.31404958677686,0.22528693039967532,0.1990729724802091
ENSG00000147465,random_a1.0,64.04958677685951,76.36363636363636,0.22750194502604204,0.2020925822277711
ENSG00000147465,random_a1.0_L24,70.57851239669421,73.88429752066115,0.24502681931949902,0.22960966476799313
ENSG00000147465,unsteered,68.23691460055096,76.36363636363636,0.19358459590292995,0.17601995863332937
ENSG00000147642,add_a0.5,59.86,67.68768768768768,0.12941568960477123,0.1386303048029504
ENSG00000147642,add_a1.0,71.8,84.02402402402402,0.19990111665034968,0.2323447911430853
ENSG00000147642,add_a1.0_L24,50.04,55.435435435435444,0.245050260785868,0.23581070431909246
ENSG00000147642,add_a2.0,74.4,92.49249249249249,0.25219157675689097,0.29476258086725876
ENSG00000147642,add_a3.0,81.26,94.95495495495496,0.33966631658944124,0.3929378947686677
ENSG00000147642,add_a4.0,80.5,95.43543543543544,0.30248070419014034,0.3513631158470048
ENSG00000147642,add_gc_removed_a1.0,53.329889889889884,59.33933933933933,0.15387134442968287,0.15345896104331436
ENSG00000147642,add_own,73.8,90.69069069069069,0.22767374684260125,0.27306795586903576
ENSG00000147642,add_own_L24,65.94,75.97597597597597,0.18788665161387272,0.21274872686016094
ENSG00000147642,random_a1.0,42.239999999999995,43.24324324324324,0.17416859312448973,0.16550293934296417
ENSG00000147642,random_a1.0_L24,61.82000000000001,71.23123123123123,0.1835231823694352,0.19630101045124035
ENSG00000147642,unsteered,53.58,56.63663663663664,0.14998214996859463,0.1340905967695544
ENSG00000147677,add_a0.5,45.08474576271186,53.15254237288136,0.12726902442192486,0.10782743228296401
ENSG00000147677,add_a1.0,53.35593220338983,59.389830508474574,0.17998759204225673,0.17849482112753434
ENSG00000147677,add_a1.0_L24,44.271186440677965,48.54237288135594,0.07283536883090345,0.034615247866750215
ENSG00000147677,add_a2.0,69.74011299435028,87.2542372881356,0.2191933848826892,0.2908850900702277
ENSG00000147677,add_a3.0,70.30508474576271,84.94915254237289,0.24188884109803094,0.30964449474415856
ENSG00000147677,add_a4.0,79.61581920903954,90.84745762711864,0.3591363740354829,0.43021260988514376
ENSG00000147677,add_gc_removed_a1.0,36.63276836158192,36.40677966101695,0.1595148526570831,0.09487267035036506
ENSG00000147677,add_own,46.57627118644068,56.474576271186436,0.12558539573982058,0.10999994105955428
ENSG00000147677,add_own_L24,45.67231638418079,52.135593220338976,0.07148007095226415,0.05403431575021862
ENSG00000147677,random_a1.0,40.54237288135593,41.152542372881356,0.12430616562654069,0.0748277527981329
ENSG00000147677,random_a1.0_L24,41.31073446327683,43.11864406779661,0.1011568692016948,0.04140489953972296
ENSG00000147677,unsteered,37.559322033898304,38.237288135593225,0.15078561608401458,0.08766297775312634
ENSG00000147679,add_a0.5,52.372372372372375,65.31531531531532,0.17637787649156209,0.22414548407389176
ENSG00000147679,add_a1.0,66.42642642642643,87.47747747747748,0.20602641955943374,0.34413729417102157
ENSG00000147679,add_a1.0_L24,63.633633633633636,82.43243243243244,0.2153712133223565,0.31073737999596557
ENSG00000147679,add_a2.0,70.60060060060059,84.95495495495496,0.2713971246726175,0.39840889423475556
ENSG00000147679,add_a3.0,70.45045045045045,94.86486486486487,0.24940420238975727,0.40736884707837123
ENSG00000147679,add_a4.0,74.08408408408408,92.88288288288288,0.2573759478015096,0.4075758058464808
ENSG00000147679,add_gc_removed_a1.0,56.93693693693693,73.42342342342343,0.15612672758864535,0.2383062008191939
ENSG00000147679,add_own,69.54954954954955,85.94594594594595,0.2926709689649544,0.41136869676112797
ENSG00000147679,add_own_L24,62.61261261261261,80.0,0.26236994130436603,0.37348248859662236
ENSG00000147679,random_a1.0,54.02402402402403,65.85585585585586,0.14045721410114145,0.17479567002877242
ENSG00000147679,random_a1.0_L24,66.93693693693695,80.27027027027027,0.2574040720796766,0.359983023425413
ENSG00000147679,unsteered,58.03824877509088,72.70270270270271,0.2360947382098968,0.29850948407840844
ENSG00000147813,add_a0.5,75.58,98.73873873873873,0.16071899949221877,0.15035589027374202
ENSG00000147813,add_a1.0,74.22,98.97897897897897,0.1709018253983058,0.1617660096343077
ENSG00000147813,add_a1.0_L24,75.62,99.15915915915916,0.18162321522384411,0.16669189085774558
ENSG00000147813,add_a2.0,74.7,99.03903903903904,0.15628794768743032,0.1492839015820068
ENSG00000147813,add_a3.0,77.34,99.21921921921921,0.16401570705389953,0.1621722595990215
ENSG00000147813,add_a4.0,76.08,97.23723723723722,0.15130217869532786,0.14601847170541865
ENSG00000147813,add_gc_removed_a1.0,71.64,95.97597597597597,0.15342506867223654,0.15284578605446858
ENSG00000147813,add_own,73.97999999999999,98.55855855855854,0.1638339166107909,0.15805689535977022
ENSG00000147813,add_own_L24,73.44,98.97897897897897,0.16962097839637982,0.1473541014684027
ENSG00000147813,random_a1.0,74.1,98.61861861861863,0.16637808686228875,0.1434868451645715
ENSG00000147813,random_a1.0_L24,72.97999999999999,98.43843843843844,0.15912047815017727,0.14096669676065063
ENSG00000147813,unsteered,73.74,98.73873873873873,0.17106876689751235,0.15227834878172972
ENSG00000147912,add_a0.5,66.38,84.98498498498499,0.13840246779459053,0.12700652773153023
ENSG00000147912,add_a1.0,68.88000000000001,85.94594594594595,0.16242315571759983,0.16899701239050074
ENSG00000147912,add_a1.0_L24,59.760000000000005,75.13513513513513,0.07730468049325497,0.047787514849319146
ENSG00000147912,add_a2.0,75.72,94.77477477477478,0.21665284348821742,0.2662154855733092
ENSG00000147912,add_a3.0,79.72,98.07807807807808,0.24272972982590688,0.3004299403363935
ENSG00000147912,add_a4.0,84.6,94.05405405405405,0.31088910812432535,0.36717618220917847
ENSG00000147912,add_gc_removed_a1.0,57.08,68.28828828828829,0.08787882319494521,0.054284627862864185
ENSG00000147912,add_own,73.08,91.5915915915916,0.1855633639950389,0.21420708619847084
ENSG00000147912,add_own_L24,62.98,76.93693693693693,0.09023986698513638,0.06520822780176183
ENSG00000147912,random_a1.0,58.720000000000006,70.8108108108108,0.08439681766880995,0.04185034431461343
ENSG00000147912,random_a1.0_L24,56.58998998998999,71.95195195195194,0.08783616790325592,0.04554670790322103
ENSG00000147912,unsteered,57.98,68.76876876876877,0.09684793623364203,0.06713839767893168
ENSG00000148225,add_a0.5,63.87281281281281,70.03003003003003,0.24692995981223467,0.26024904600902415
ENSG00000148225,add_a1.0,64.76,74.5945945945946,0.20239489319035114,0.2332359863123657
ENSG00000148225,add_a1.0_L24,55.779999999999994,63.24324324324325,0.24301892878340148,0.24580231379294665
ENSG00000148225,add_a2.0,79.06,86.6066066066066,0.3504644985009267,0.3963744352345179
ENSG00000148225,add_a3.0,77.53999999999999,86.42642642642643,0.3227221981954036,0.3688272253892679
ENSG00000148225,add_a4.0,83.42,85.7057057057057,0.42001944686616766,0.4539681878345899
ENSG00000148225,add_gc_removed_a1.0,41.4,43.36336336336336,0.1626215312786104,0.1243189381029018
ENSG00000148225,add_own,71.08,81.92192192192192,0.24866530530237058,0.29456389885718604
ENSG00000148225,add_own_L24,50.63105105105105,53.45345345345345,0.15238989374795225,0.14526255779602162
ENSG00000148225,random_a1.0,51.58,56.15615615615616,0.1839882559119134,0.17253488270560485
ENSG00000148225,random_a1.0_L24,46.44,45.825825825825824,0.2144811211480564,0.18504401696200198
ENSG00000148225,unsteered,35.2,34.29429429429429,0.29316492346331957,0.25516480727859675
ENSG00000148384,add_a0.5,85.16,84.32432432432432,0.4054141295274838,0.31914634167879286
ENSG00000148384,add_a1.0,90.18,85.7057057057057,0.48155946719810194,0.3861453229129146
ENSG00000148384,add_a1.0_L24,88.58,86.48648648648648,0.4240596763114065,0.32171320151312505
ENSG00000148384,add_a2.0,93.0,91.53153153153153,0.4983137725189678,0.38946475589809165
ENSG00000148384,add_a3.0,92.14,93.33333333333333,0.44861048329047765,0.3205793554628672
ENSG00000148384,add_a4.0,93.52000000000001,93.75375375375376,0.48716816118648715,0.3601239877583936
ENSG00000148384,add_gc_removed_a1.0,87.78,85.94594594594595,0.3803126732668211,0.2637015518223787
ENSG00000148384,add_own,90.94,94.89489489489489,0.4599781309146265,0.32341961616411663
ENSG00000148384,add_own_L24,87.36,86.06606606606606,0.43424819447977325,0.32742268027840615
ENSG00000148384,random_a1.0,89.53999999999999,87.74774774774775,0.4421746858725193,0.3347964862279317
ENSG00000148384,random_a1.0_L24,92.02000000000001,92.31231231231232,0.5179041712663477,0.43113594004275624
ENSG00000148384,unsteered,91.34,90.99099099099098,0.5310830875502258,0.4254793048327027
ENSG00000148935,add_a0.5,39.88304093567252,40.0,0.1202541919174424,0.13868571079284767
ENSG00000148935,add_a1.0,47.3170577871016,51.578947368421055,0.09615126925145973,0.11314650860994786
ENSG00000148935,add_a1.0_L24,37.49707602339181,41.33333333333333,0.13022850679544526,0.14642180552246614
ENSG00000148935,add_a2.0,62.222222222222214,63.578947368421055,0.17482983622849121,0.1931193076345882
ENSG00000148935,add_a3.0,76.35087719298245,86.66666666666667,0.3583163496139313,0.3697943070904387
ENSG00000148935,add_a4.0,82.19883040935672,84.35087719298245,0.4036200670625142,0.4167516771509575
ENSG00000148935,add_gc_removed_a1.0,33.239766081871345,34.175438596491226,0.1373305181270324,0.15831165521792956
ENSG00000148935,add_own,44.60818713450293,49.263157894736835,0.19566766680609696,0.20446791362604388
ENSG00000148935,add_own_L24,39.953216374269005,39.85964912280702,0.11510787591225899,0.13696443672802885
ENSG00000148935,random_a1.0,34.643274853801174,33.6140350877193,0.12373905172323543,0.14697227426497245
ENSG00000148935,random_a1.0_L24,35.81941191777257,34.877192982456144,0.10611103784730525,0.12440441537258784
ENSG00000148935,unsteered,41.16959064327485,42.10526315789473,0.0972644286353589,0.11556127288788239
ENSG00000149573,add_a0.5,53.63984674329502,49.770114942528735,0.33023898088651726,0.28964132826661204
ENSG00000149573,add_a1.0,53.29501915708812,52.8735632183908,0.24134558257927816,0.21189118160463932
ENSG00000149573,add_a1.0_L24,48.08429118773946,47.81609195402299,0.29103777340190956,0.23103248034039198
ENSG00000149573,add_a2.0,74.25287356321839,72.98850574712644,0.37541975356112933,0.38490719837007437
ENSG00000149573,add_a3.0,79.3103448275862,82.29885057471265,0.35841688968872415,0.3812260108208739
ENSG00000149573,add_a4.0,78.1992337164751,83.2183908045977,0.3655244185192868,0.3929294019533534
ENSG00000149573,add_gc_removed_a1.0,47.93103448275862,53.79310344827586,0.2759036883568368,0.22182056137352374
ENSG00000149573,add_own,54.750957854406124,57.241379310344826,0.2963227099435654,0.2711863314552225
ENSG00000149573,add_own_L24,51.14942528735632,53.218390804597696,0.2841957848674367,0.2545535247372001
ENSG00000149573,random_a1.0,44.78927203065134,41.03448275862068,0.41226720699731156,0.36944577140277535
ENSG00000149573,random_a1.0_L24,56.13026819923372,61.264367816091955,0.25991391178358036,0.2529573620651192
ENSG00000149573,unsteered,55.287356321839084,57.58620689655172,0.2933388518849862,0.27337229540791885
ENSG00000149823,add_a0.5,76.0,93.993993993994,0.12963543393071855,0.14810194069454527
ENSG00000149823,add_a1.0,79.17999999999999,93.21321321321321,0.1375993485953396,0.17325442461791002
ENSG00000149823,add_a1.0_L24,78.26,89.90990990990991,0.2051357543934266,0.22509718862341033
ENSG00000149823,add_a2.0,82.78,93.15315315315316,0.20185370868447966,0.2298070088078016
ENSG00000149823,add_a3.0,84.0,98.31831831831832,0.13651051677556117,0.18904800965961394
ENSG00000149823,add_a4.0,85.58,97.29729729729729,0.17828545972032822,0.23079915173828686
ENSG00000149823,add_gc_removed_a1.0,66.13129129129129,92.07207207207207,0.1595162588345143,0.1679086002426583
ENSG00000149823,add_own,77.36,98.55855855855856,0.11269247618411397,0.1724716672418285
ENSG00000149823,add_own_L24,78.52000000000001,91.11111111111111,0.16490227684903563,0.1899783324572673
ENSG00000149823,random_a1.0,79.02000000000001,98.49849849849849,0.15202885337021635,0.19299049899497597
ENSG00000149823,random_a1.0_L24,81.58,91.83183183183183,0.30296980433319043,0.3228085590243504
ENSG00000149823,unsteered,70.2,79.3993993993994,0.22340313768518122,0.21254014424802237
ENSG00000152382,add_a0.5,65.38126361655773,83.33333333333333,0.18888043360936985,0.31267716032477266
ENSG00000152382,add_a1.0,64.4880174291939,83.52941176470588,0.17357808307794742,0.31441049047760644
ENSG00000152382,add_a1.0_L24,51.72113289760348,61.96078431372549,0.2940723264013173,0.3265386778935773
ENSG00000152382,add_a2.0,71.85185185185185,93.59477124183006,0.1432512028088599,0.3642235034510393
ENSG00000152382,add_a3.0,79.65141612200435,92.87581699346406,0.2163430216018622,0.41805335934463284
ENSG00000152382,add_a4.0,86.7755991285403,94.18300653594773,0.31899244376839186,0.5135259647443713
ENSG00000152382,add_gc_removed_a1.0,57.18954248366013,66.01307189542483,0.2527540575455217,0.22496722923856485
ENSG00000152382,add_own,71.48148148148148,87.38562091503267,0.17575610719482526,0.34823431656366044
ENSG00000152382,add_own_L24,68.53688379507868,76.86274509803921,0.23458683177370862,0.3018758782752546
ENSG00000152382,random_a1.0,61.91721132897603,70.7843137254902,0.23979390886088767,0.2553225529275004
ENSG00000152382,random_a1.0_L24,51.72113289760349,60.06535947712418,0.2583779399393544,0.2324592054344779
ENSG00000152382,unsteered,62.35294117647059,69.2156862745098,0.30683928123969756,0.3415334084283581
ENSG00000152642,add_a0.5,51.92546583850932,63.54037267080745,0.06701748941943725,0.035682039125406316
ENSG00000152642,add_a1.0,59.93788819875776,84.84472049689441,0.20523907195242516,0.12299531827375396
ENSG00000152642,add_a1.0_L24,50.600414078674945,60.0,0.05726985091732837,0.03267931313094323
ENSG00000152642,add_a2.0,64.22360248447205,93.22981366459626,0.2875993660478174,0.18533523344632738
ENSG00000152642,add_a3.0,64.94824016563146,92.2360248447205,0.28440448604851587,0.1936192699066499
ENSG00000152642,add_a4.0,68.4265010351967,92.2360248447205,0.3053731436244012,0.21583266309278368
ENSG00000152642,add_gc_removed_a1.0,49.50310559006211,57.515527950310556,0.04957691670030749,0.03719446283090607
ENSG00000152642,add_own,53.850931677018636,69.44099378881988,0.0882458568368496,0.04293756860792676
ENSG00000152642,add_own_L24,51.09730848861284,61.55279503105591,0.05796534417444034,0.025874919375590617
ENSG00000152642,random_a1.0,49.85507246376811,57.63975155279503,0.043091022872587106,0.025356089959312007
ENSG00000152642,random_a1.0_L24,51.01449275362319,61.42857142857143,0.05514308689150549,0.0243683123006137
ENSG00000152642,unsteered,47.80538302277433,56.7080745341615,0.06745674642320423,0.04810049962015679
ENSG00000153391,add_a0.5,70.34188034188034,76.41025641025641,0.2769275352366624,0.297857464322669
ENSG00000153391,add_a1.0,73.16239316239316,75.76923076923076,0.3556620558426301,0.3673407479987799
ENSG00000153391,add_a1.0_L24,66.96581196581197,85.64102564102565,0.30234144733900703,0.3275185456752654
ENSG00000153391,add_a2.0,70.04273504273505,77.3076923076923,0.3101285884524284,0.33399499051965886
ENSG00000153391,add_a3.0,76.58119658119658,89.48717948717949,0.3647706986282336,0.38077402320674175
ENSG00000153391,add_a4.0,83.2051282051282,89.74358974358975,0.4359976402937747,0.4487220089000843
ENSG00000153391,add_gc_removed_a1.0,59.14529914529915,70.51282051282051,0.24893338045144886,0.2600712512298734
ENSG00000153391,add_own,70.38461538461539,89.35897435897435,0.3329785111160072,0.3587725642102694
ENSG00000153391,add_own_L24,65.7051282051282,81.08974358974359,0.23920888130007456,0.2632174263506871
ENSG00000153391,random_a1.0,65.64102564102564,76.15384615384616,0.310388313178416,0.32120476723084984
ENSG00000153391,random_a1.0_L24,65.55555555555556,77.6923076923077,0.2898746874521574,0.3086703497189534
ENSG00000153391,unsteered,62.47863247863247,69.1025641025641,0.3176184264382164,0.3128608874029567
ENSG00000153879,add_a0.5,55.25383707201889,64.46280991735537,0.15462819194376612,0.1464574194512779
ENSG00000153879,add_a1.0,63.08539944903581,77.33175914994096,0.30784390321066674,0.3012468317613909
ENSG00000153879,add_a1.0_L24,49.350649350649356,53.24675324675325,0.15357399903731825,0.13303662293533353
ENSG00000153879,add_a2.0,71.82211727666274,88.90200708382527,0.3663184605854937,0.38109548902501794
ENSG00000153879,add_a3.0,79.5749704840614,92.79811097992915,0.4526222996700478,0.47019102674105107
ENSG00000153879,add_a4.0,81.38528138528139,91.38134592680048,0.4275958874242186,0.4517461855455539
ENSG00000153879,add_gc_removed_a1.0,49.42935852026761,49.23258559622196,0.24594515559387764,0.23741111474199222
ENSG00000153879,add_own,56.94608421881149,65.99763872491145,0.2750248394522421,0.27166727960182613
ENSG00000153879,add_own_L24,49.19323101141283,47.22550177095632,0.23908031287354417,0.21727197857994032
ENSG00000153879,random_a1.0,53.010625737898465,56.90672963400236,0.21108032243604932,0.20585724846575884
ENSG00000153879,random_a1.0_L24,48.60291223927588,49.468713105076745,0.17006794686571539,0.1601884728592593
ENSG00000153879,unsteered,49.90161353797718,46.989374262101535,0.17505094433742904,0.18559174082194776
ENSG00000153975,add_a0.5,36.44,29.72972972972973,0.2017034354626647,0.17932669037471033
ENSG00000153975,add_a1.0,40.18,36.75675675675676,0.23719127260607414,0.24482589814967307
ENSG00000153975,add_a1.0_L24,32.04,28.28828828828829,0.24136428954130323,0.2105065711207267
ENSG00000153975,add_a2.0,58.65999999999999,58.37837837837837,0.3063385621850984,0.35139184704670046
ENSG00000153975,add_a3.0,81.92,86.84684684684684,0.46745371579332434,0.5505918025051864
ENSG00000153975,add_a4.0,83.4,86.42642642642643,0.4754524733484054,0.5798166580230586
ENSG00000153975,add_gc_removed_a1.0,30.96,18.67867867867868,0.20183898664689687,0.15544948786613783
ENSG00000153975,add_own,42.2,45.52552552552553,0.16308827950550456,0.17766483969886981
ENSG00000153975,add_own_L24,33.760000000000005,25.945945945945947,0.20767017201782106,0.17913726898298454
ENSG00000153975,random_a1.0,33.980000000000004,26.306306306306304,0.2882609572819305,0.25717782584490645
ENSG00000153975,random_a1.0_L24,34.339999999999996,28.04804804804805,0.2297342472209809,0.19452662525403047
ENSG00000153975,unsteered,28.339999999999996,30.090090090090094,0.3199738164290179,0.28987781999879497
ENSG00000155052,add_a0.5,55.46,51.95195195195195,0.2761304774575516,0.2701395894324386
ENSG00000155052,add_a1.0,50.839999999999996,52.07207207207207,0.17294081625243857,0.17176478850134286
ENSG00000155052,add_a1.0_L24,44.9,45.4054054054054,0.22492737118519854,0.2425756527577569
ENSG00000155052,add_a2.0,66.97999999999999,74.95495495495496,0.26857236895482367,0.23776436089113506
ENSG00000155052,add_a3.0,80.22,84.38438438438439,0.4033171659083374,0.37282112562701747
ENSG00000155052,add_a4.0,82.72,83.72372372372372,0.42047754968619644,0.3901851117913795
ENSG00000155052,add_gc_removed_a1.0,45.4,45.705705705705704,0.2509610524185869,0.25406730969038877
ENSG00000155052,add_own,53.56,56.15615615615616,0.20949647438483127,0.20472408219986363
ENSG00000155052,add_own_L24,48.56,51.951951951951955,0.20144594237860192,0.20671230594325146
ENSG00000155052,random_a1.0,38.519999999999996,40.42042042042042,0.22648986979283023,0.23324136809099977
ENSG00000155052,random_a1.0_L24,30.1,32.252252252252255,0.30097724008403287,0.3202238372663018
ENSG00000155052,unsteered,35.260000000000005,28.04804804804805,0.3223802553536189,0.34060925445492685
ENSG00000155099,add_a0.5,54.41520467836258,53.07017543859649,0.2679324867858647,0.26658526579619335
ENSG00000155099,add_a1.0,70.99415204678363,76.40350877192982,0.32159100229977905,0.37713223505449894
ENSG00000155099,add_a1.0_L24,61.8421052631579,60.26315789473684,0.3805921822186497,0.3894787877487075
ENSG00000155099,add_a2.0,79.73684210526315,88.15789473684211,0.3932262308621517,0.45460313394951035
ENSG00000155099,add_a3.0,79.18128654970761,87.28070175438596,0.42600562288551364,0.49741845632719606
ENSG00000155099,add_a4.0,84.2982456140351,87.01754385964912,0.423832621458122,0.4812829616550209
ENSG00000155099,add_gc_removed_a1.0,45.93567251461988,48.684210526315795,0.21501780610610463,0.22855904237986455
ENSG00000155099,add_own,66.37426900584795,67.36842105263159,0.28042981317246013,0.31101526561276965
ENSG00000155099,add_own_L24,54.941520467836256,61.92982456140351,0.24165807931385025,0.2656085481650218
ENSG00000155099,random_a1.0,55.70175438596491,52.19298245614035,0.3040848580912713,0.31084160136225814
ENSG00000155099,random_a1.0_L24,56.72514619883041,56.75438596491229,0.19843826531841577,0.222223914503283
ENSG00000155099,unsteered,55.6140350877193,46.49122807017544,0.32091175855666043,0.3504543515172127
ENSG00000155189,add_a0.5,83.28,90.3903903903904,0.45423862786205405,0.46178686502600774
ENSG00000155189,add_a1.0,78.3,94.17417417417417,0.4170921485719421,0.43364399939611786
ENSG00000155189,add_a1.0_L24,74.94,90.63063063063063,0.39988168207839625,0.4012881379345153
ENSG00000155189,add_a2.0,80.55999999999999,97.65765765765767,0.47558440845954636,0.48508819230932526
ENSG00000155189,add_a3.0,83.72,91.29129129129129,0.4736792197011225,0.455897480814021
ENSG00000155189,add_a4.0,86.46000000000001,93.993993993994,0.4988667217389991,0.49629965345912985
ENSG00000155189,add_gc_removed_a1.0,71.35999999999999,76.45645645645645,0.3602838201266982,0.37028015757619814
ENSG00000155189,add_own,82.56,99.15915915915916,0.5076788694208002,0.5234234897405898
ENSG00000155189,add_own_L24,67.77277277277277,60.9009009009009,0.37492537385302294,0.3590130901217737
ENSG00000155189,random_a1.0,73.3,81.44144144144144,0.40070044605515376,0.4025453206648667
ENSG00000155189,random_a1.0_L24,75.4,86.6066066066066,0.411706265885541,0.41574566494149207
ENSG00000155189,unsteered,72.31221221221222,77.5975975975976,0.38959844433078644,0.389498378049942
ENSG00000155363,add_a0.5,73.52000000000001,89.24924924924925,0.2604177783953889,0.2265921377007695
ENSG00000155363,add_a1.0,74.55133133133134,84.26426426426426,0.2418931059198531,0.22097294030322753
ENSG00000155363,add_a1.0_L24,64.6,72.7927927927928,0.20424951715122183,0.20205878035825617
ENSG00000155363,add_a2.0,81.74,95.73573573573574,0.3532960784383971,0.3128857289576837
ENSG00000155363,add_a3.0,79.62,94.71471471471472,0.2939647270901009,0.25805205208012666
ENSG00000155363,add_a4.0,88.26,88.28828828828829,0.4281619661323816,0.37427784782224055
ENSG00000155363,add_gc_removed_a1.0,48.28,55.67567567567568,0.178670152664169,0.17218227655571333
ENSG00000155363,add_own,75.22,87.8078078078078,0.2517529459405636,0.22165883891901253
ENSG00000155363,add_own_L24,55.7,63.3033033033033,0.24764162493216674,0.25344913082128223
ENSG00000155363,random_a1.0,69.66,76.57657657657657,0.20736273531003246,0.18451549708776843
ENSG00000155363,random_a1.0_L24,69.72,78.25825825825827,0.20402771910120232,0.19569274213034699
ENSG00000155363,unsteered,62.620000000000005,64.68468468468468,0.25886274730203135,0.2407226707116255
ENSG00000155792,add_a0.5,70.94,70.27027027027027,0.3332453172399082,0.3356708440613718
ENSG00000155792,add_a1.0,69.32000000000001,67.98798798798798,0.43092863465963394,0.43484945554304755
ENSG00000155792,add_a1.0_L24,64.36,62.52252252252252,0.22086729316786302,0.20964089108426281
ENSG00000155792,add_a2.0,81.86,86.72672672672672,0.4190756270953845,0.4376129684779511
ENSG00000155792,add_a3.0,86.03999999999999,88.28828828828829,0.39554987107622125,0.42264370450258004
ENSG00000155792,add_a4.0,87.14,88.58858858858859,0.41222668360317866,0.4376460907910297
ENSG00000155792,add_gc_removed_a1.0,60.120000000000005,62.16216216216217,0.23499492445426565,0.2329227016253152
ENSG00000155792,add_own,75.28,82.70270270270271,0.3015385118659676,0.3263189130354793
ENSG00000155792,add_own_L24,64.66,62.04204204204204,0.3694515048288284,0.36324100937350146
ENSG00000155792,random_a1.0,64.53999999999999,67.2072072072072,0.3840690103195118,0.38042958864349513
ENSG00000155792,random_a1.0_L24,58.3,51.41141141141141,0.3852338350700376,0.3667037415206099
ENSG00000155792,unsteered,64.17999999999999,73.63363363363364,0.40667983866262825,0.394296767468573
ENSG00000156467,add_a0.5,39.24506387921022,38.53658536585366,0.34728999647393555,0.34369057415354004
ENSG00000156467,add_a1.0,44.22764227642277,45.853658536585364,0.36099507462152175,0.33439170044693556
ENSG00000156467,add_a1.0_L24,40.8130081300813,36.09756097560976,0.32368332000353983,0.31872037748487586
ENSG00000156467,add_a2.0,51.34146341463414,57.6829268292683,0.3787931466150031,0.3617148289720681
ENSG00000156467,add_a3.0,59.51219512195122,68.65853658536585,0.44873481171900886,0.4129484451342435
ENSG00000156467,add_a4.0,67.43902439024392,75.48780487804878,0.433705262553052,0.44141419942965554
ENSG00000156467,add_gc_removed_a1.0,39.146341463414636,41.46341463414634,0.35468841033080645,0.3419813947127977
ENSG00000156467,add_own,38.21138211382114,36.34146341463415,0.3389212635354256,0.30429469474984583
ENSG00000156467,add_own_L24,39.02439024390244,38.53658536585366,0.3423092530973898,0.3185391072786888
ENSG00000156467,random_a1.0,41.951219512195124,38.78048780487805,0.38890562889579466,0.37335095980189054
ENSG00000156467,random_a1.0_L24,40.16260162601626,41.34146341463415,0.34483813169989996,0.3356976128589654
ENSG00000156467,unsteered,39.146341463414636,38.170731707317074,0.36151320715791574,0.35081279660134224
ENSG00000157064,add_a0.5,68.77697841726619,81.65467625899281,0.2439649931400179,0.23634331511726706
ENSG00000157064,add_a1.0,69.92805755395683,92.0863309352518,0.24921370834314288,0.22267637468149903
ENSG00000157064,add_a1.0_L24,64.48441247002398,80.07194244604317,0.22506639591111527,0.21324030319498233
ENSG00000157064,add_a2.0,70.98321342925661,87.12230215827337,0.2527767290693964,0.23723226783004076
ENSG00000157064,add_a3.0,78.41070241046059,91.57364361218606,0.3106763456781011,0.28224599257755784
ENSG00000157064,add_a4.0,80.2158273381295,92.44604316546763,0.36390530527815756,0.3308208812441068
ENSG00000157064,add_gc_removed_a1.0,53.812949640287776,68.99280575539568,0.24795000192203412,0.24760763021230892
ENSG00000157064,add_own,71.51079136690647,79.13669064748201,0.23636337161941978,0.22846724931337853
ENSG00000157064,add_own_L24,68.00959232613909,81.29496402877697,0.21508848049059667,0.2133646239008113
ENSG00000157064,random_a1.0,62.92565947242207,71.72661870503597,0.18079502859310992,0.17616343362248035
ENSG00000157064,random_a1.0_L24,60.16786570743405,64.02877697841726,0.18982099324576074,0.20173077186093763
ENSG00000157064,unsteered,66.13908872901678,86.40287769784172,0.2255992112632878,0.22090393730666263
ENSG00000158715,add_a0.5,71.47999999999999,91.83183183183182,0.2430228885618826,0.265898081294996
ENSG00000158715,add_a1.0,74.67999999999999,96.45645645645645,0.09273857511308148,0.1637149391998082
ENSG00000158715,add_a1.0_L24,75.17999999999999,81.08108108108108,0.25751869659396764,0.26986751725982516
ENSG00000158715,add_a2.0,79.14,95.01501501501501,0.10227296554264691,0.17812834897423796
ENSG00000158715,add_a3.0,84.26,96.63663663663664,0.18889444137611988,0.2754011111928062
ENSG00000158715,add_a4.0,78.28,96.75675675675674,0.0891461316716081,0.17635710142561117
ENSG00000158715,add_gc_removed_a1.0,58.46,64.8048048048048,0.23572487576590717,0.150394988926911
ENSG00000158715,add_own,74.78,81.92192192192192,0.18691691720760387,0.1902206353310728
ENSG00000158715,add_own_L24,80.32000000000001,86.30630630630631,0.22192271640804234,0.24442602781691755
ENSG00000158715,random_a1.0,67.72,76.93693693693693,0.194151953750442,0.1689654826099744
ENSG00000158715,random_a1.0_L24,56.95777777777778,73.86844676001303,0.26811267293236607,0.2380654354908926
ENSG00000158715,unsteered,63.06,73.03303303303304,0.1845721973445842,0.1349816045453379
ENSG00000158747,add_a0.5,66.007326007326,71.20879120879121,0.29036075504046327,0.2669416713369915
ENSG00000158747,add_a1.0,66.44688644688644,72.96703296703296,0.30222554771567606,0.26961289159879576
ENSG00000158747,add_a1.0_L24,65.86080586080587,67.47252747252747,0.3279158239820151,0.28921694942623194
ENSG00000158747,add_a2.0,75.93406593406594,86.15384615384616,0.2677859213598655,0.25100784991590197
ENSG00000158747,add_a3.0,76.7032967032967,88.24175824175825,0.2834659931022499,0.2806338110252633
ENSG00000158747,add_a4.0,81.20879120879121,89.45054945054946,0.3321816819926088,0.32739520033379277
ENSG00000158747,add_gc_removed_a1.0,55.860805860805854,62.087912087912095,0.29928694919864,0.28711084827381467
ENSG00000158747,add_own,65.42124542124542,79.23076923076924,0.2517476851667812,0.22758367430380597
ENSG00000158747,add_own_L24,65.78754578754578,69.78021978021978,0.2854978397829087,0.2592699660572818
ENSG00000158747,random_a1.0,62.38095238095239,66.04395604395604,0.2743659976179342,0.26716663096634347
ENSG00000158747,random_a1.0_L24,63.150183150183146,69.56043956043956,0.2706959337744007,0.2535799766384574
ENSG00000158747,unsteered,63.00366300366301,68.24175824175823,0.2888512400986786,0.2783771225817359
ENSG00000159079,add_a0.5,75.58109833971903,92.03065134099617,0.2759043490635844,0.37715745325511935
ENSG00000159079,add_a1.0,77.19029374201787,93.56321839080461,0.28417267166235965,0.40109322177738954
ENSG00000159079,add_a1.0_L24,78.85057471264368,87.816091954023,0.2975480165221037,0.3861509469602435
ENSG00000159079,add_a2.0,79.84674329501915,91.49425287356323,0.32968305684721844,0.4208257274599149
ENSG00000159079,add_a3.0,81.58365261813537,98.31417624521073,0.3199198148394687,0.44891684047132163
ENSG00000159079,add_a4.0,85.77266922094508,95.55555555555556,0.3657217825935586,0.46442087273447885
ENSG00000159079,add_gc_removed_a1.0,59.20817369093231,65.6704980842912,0.19106886550790264,0.20219154085462168
ENSG00000159079,add_own,81.99233716475096,93.1800766283525,0.3440672621030484,0.4395294755204828
ENSG00000159079,add_own_L24,79.77011494252874,85.44061302681992,0.3260244043654419,0.3983930436890987
ENSG00000159079,random_a1.0,59.96073858495589,75.01915708812261,0.1902573075394415,0.2564938785732061
ENSG00000159079,random_a1.0_L24,65.97701149425288,76.01532567049809,0.2399596329893267,0.2926087993657055
ENSG00000159079,unsteered,67.37124901601487,87.1918656056587,0.29858945885506527,0.37640307091025543
ENSG00000159335,add_a0.5,68.64035087719299,86.51315789473684,0.3358996434272992,0.39875647938265396
ENSG00000159335,add_a1.0,71.41812865497076,88.37719298245615,0.3584904358951189,0.43108715860186364
ENSG00000159335,add_a1.0_L24,66.703216374269,76.75438596491229,0.3291264982901764,0.3742187035205171
ENSG00000159335,add_a2.0,73.24561403508773,92.65350877192982,0.37182450825067126,0.46063028360922936
ENSG00000159335,add_a3.0,72.47807017543859,92.76315789473684,0.3549597220590424,0.46306953455112393
ENSG00000159335,add_a4.0,77.52192982456141,93.0921052631579,0.37789769369749626,0.4847930242233256
ENSG00000159335,add_gc_removed_a1.0,61.6593567251462,72.69736842105263,0.36238504372130004,0.39765131457128783
ENSG00000159335,add_own,68.60380116959065,91.44736842105264,0.3691324698585056,0.4498998052180228
ENSG00000159335,add_own_L24,68.89619883040935,82.23684210526316,0.3602550983363117,0.4125585500305167
ENSG00000159335,random_a1.0,66.22807017543859,76.42543859649123,0.29093394502400144,0.3213290737498771
ENSG00000159335,random_a1.0_L24,71.23538011695906,80.04385964912281,0.3470854156895487,0.3840179261071561
ENSG00000159335,unsteered,70.97953216374269,86.29385964912281,0.34488934728746773,0.3987691964804654
ENSG00000160049,add_a0.5,81.3840830449827,90.17301038062284,0.31634516906425303,0.4064260824886733
ENSG00000160049,add_a1.0,78.10841983852364,90.1038062283737,0.336790113626346,0.4083511881464722
ENSG00000160049,add_a1.0_L24,58.66205305651672,65.5363321799308,0.3588724741068619,0.38615136525070504
ENSG00000160049,add_a2.0,78.73125720876587,95.57093425605537,0.2612748433497312,0.36574343958304084
ENSG00000160049,add_a3.0,81.49942329873126,95.36332179930795,0.2946855732410805,0.4009623803143018
ENSG00000160049,add_a4.0,83.20645905420992,94.53287197231835,0.3418082614116754,0.43692332642641796
ENSG00000160049,add_gc_removed_a1.0,67.65859284890426,80.48442906574394,0.22210490804737343,0.2694093741229945
ENSG00000160049,add_own,83.41407151095731,92.2491349480969,0.4118284948494245,0.48936784721365
ENSG00000160049,add_own_L24,75.77854671280276,90.93425605536332,0.27316163351360107,0.36195355666039125
ENSG00000160049,random_a1.0,66.159169550173,80.48442906574394,0.24602867722371097,0.29296922776043194
ENSG00000160049,random_a1.0_L24,72.0645905420992,93.97923875432527,0.2501447051839518,0.3472106536612154
ENSG00000160049,unsteered,60.77448449832317,69.27335640138408,0.35686667505267633,0.3770887474238459
ENSG00000160075,add_a0.5,61.93121693121694,75.47619047619047,0.24097783821502025,0.23912963396466871
ENSG00000160075,add_a1.0,64.62962962962962,76.42857142857143,0.2690012857284315,0.2732334203244103
ENSG00000160075,add_a1.0_L24,58.67724867724868,74.84126984126983,0.21018176254530807,0.19747717790736014
ENSG00000160075,add_a2.0,67.75132275132275,85.0,0.29659777789940667,0.29413584911553775
ENSG00000160075,add_a3.0,69.57671957671958,85.47619047619048,0.301466780621652,0.313429131177197
ENSG00000160075,add_a4.0,70.95238095238095,85.55555555555556,0.3312626562258492,0.3344130041406236
ENSG00000160075,add_gc_removed_a1.0,44.338624338624335,55.31746031746032,0.19087241437513994,0.18794495986424234
ENSG00000160075,add_own,62.27513227513228,79.60317460317461,0.23710948618651229,0.22756254729147424
ENSG00000160075,add_own_L24,55.76719576719577,73.17460317460318,0.1823903695786694,0.19196390084625994
ENSG00000160075,random_a1.0,52.645502645502646,63.968253968253975,0.1669043750157645,0.15559494463429924
ENSG00000160075,random_a1.0_L24,51.666666666666664,69.12698412698413,0.12932683718257335,0.11278183512675104
ENSG00000160075,unsteered,52.010582010582006,60.79365079365079,0.1820839572602585,0.17882510410500563
ENSG00000160111,add_a0.5,78.97999999999999,87.32732732732732,0.47839685606482646,0.3495980096266632
ENSG00000160111,add_a1.0,92.82000000000001,93.15315315315316,0.6276030539799102,0.4987470943493226
ENSG00000160111,add_a1.0_L24,78.0,76.63663663663664,0.5289003858560956,0.40001956065618194
ENSG00000160111,add_a2.0,86.8,91.83183183183183,0.5251356791609012,0.37408775102113817
ENSG00000160111,add_a3.0,85.53999999999999,92.61261261261261,0.5042057978536736,0.333209824363501
ENSG00000160111,add_a4.0,87.46,87.38738738738739,0.5038519227044552,0.36545728997607285
ENSG00000160111,add_gc_removed_a1.0,67.66,74.35435435435436,0.3743034300871518,0.30297745677581406
ENSG00000160111,add_own,78.1,76.93693693693693,0.5995362801375221,0.5390594563032283
ENSG00000160111,add_own_L24,85.72,83.48348348348348,0.5728173699431361,0.437085950497475
ENSG00000160111,random_a1.0,84.1,83.36336336336336,0.5770872699621036,0.4553702598296144
ENSG00000160111,random_a1.0_L24,74.64000000000001,81.74174174174175,0.4491725768566711,0.325409917804914
ENSG00000160111,unsteered,74.28,73.21321321321321,0.42564476094924364,0.36398286886613807
ENSG00000160888,add_a0.5,69.84423676012462,72.05607476635514,0.2914323043631057,0.2922749901921774
ENSG00000160888,add_a1.0,71.27725856697819,90.09345794392523,0.2603868799585838,0.21577047529330845
ENSG00000160888,add_a1.0_L24,64.20560747663552,74.11214953271028,0.2666437322479174,0.24608906527448152
ENSG00000160888,add_a2.0,81.61993769470405,91.86915887850468,0.32906358598122587,0.2766014759466352
ENSG00000160888,add_a3.0,78.3177570093458,93.3644859813084,0.2482834668352703,0.20532123971721275
ENSG00000160888,add_a4.0,87.41433021806854,86.16822429906543,0.35764470754813826,0.3368755956195442
ENSG00000160888,add_gc_removed_a1.0,65.95015576323988,72.33644859813084,0.24450798908252075,0.2512193285430943
ENSG00000160888,add_own,71.8380062305296,80.37383177570094,0.25351625180348814,0.221553817498174
ENSG00000160888,add_own_L24,66.54205607476635,70.09345794392523,0.3190993026558008,0.3173329996071737
ENSG00000160888,random_a1.0,67.63239875389408,88.97196261682242,0.2235450095162163,0.19505610608656598
ENSG00000160888,random_a1.0_L24,65.23364485981308,85.7943925233645,0.2812740371847654,0.23316026429834089
ENSG00000160888,unsteered,71.49532710280373,83.83177570093457,0.2500944004700383,0.23794348842853336
ENSG00000161031,add_a0.5,69.47999999999999,75.07507507507508,0.11967285813514934,0.12993008917841906
ENSG00000161031,add_a1.0,74.3,86.48648648648648,0.14383424964773311,0.17095319025081052
ENSG00000161031,add_a1.0_L24,74.06,82.16216216216216,0.14534086543896868,0.1802200388263942
ENSG00000161031,add_a2.0,79.72,79.51951951951952,0.24043186730638766,0.2727679619483011
ENSG00000161031,add_a3.0,81.7,93.87387387387386,0.22281291770194173,0.2859075827563017
ENSG00000161031,add_a4.0,85.38,93.03303303303304,0.2649478779459181,0.32408263740109994
ENSG00000161031,add_gc_removed_a1.0,58.260000000000005,64.56456456456456,0.14090493790040645,0.11426081846336533
ENSG00000161031,add_own,73.75999999999999,87.62762762762762,0.17232827595199493,0.20915329498374685
ENSG00000161031,add_own_L24,67.3,73.27327327327328,0.1528744835266148,0.1438345209270282
ENSG00000161031,random_a1.0,66.8,75.7957957957958,0.2183945804686235,0.21546345423492014
ENSG00000161031,random_a1.0_L24,66.44,71.53153153153153,0.10553310497558237,0.10494254898035753
ENSG00000161031,unsteered,66.66,73.3933933933934,0.1231487375743788,0.10899484079961708
ENSG00000161618,add_a0.5,66.1,70.63063063063063,0.14378065515724683,0.13112431284643897
ENSG00000161618,add_a1.0,73.53999999999999,84.92492492492492,0.1248635578808283,0.13255295612293655
ENSG00000161618,add_a1.0_L24,69.8,74.35435435435436,0.15212417167614992,0.15724418195073409
ENSG00000161618,add_a2.0,78.56,87.92792792792793,0.16126136178111783,0.16458282365844673
ENSG00000161618,add_a3.0,79.4,85.58558558558559,0.2050770112672448,0.2123446939927789
ENSG00000161618,add_a4.0,81.28,90.8108108108108,0.17033524884970067,0.17513954321253217
ENSG00000161618,add_gc_removed_a1.0,52.080000000000005,57.297297297297305,0.22814767084640009,0.205755578491581
ENSG00000161618,add_own,70.08,83.72372372372372,0.10685287099328566,0.1124802549387834
ENSG00000161618,add_own_L24,69.1,85.46546546546547,0.08846511194844368,0.08635640416720733
ENSG00000161618,random_a1.0,62.239999999999995,76.27627627627628,0.10155267596060986,0.08907511290159238
ENSG00000161618,random_a1.0_L24,62.2,75.31531531531532,0.0977367886885073,0.08302362090735643
ENSG00000161618,unsteered,58.839999999999996,63.42342342342342,0.173426537957381,0.15299979458027907
ENSG00000161654,add_a0.5,58.85671827029852,59.60219478737997,0.16527357919572358,0.19716797029170827
ENSG00000161654,add_a1.0,69.66163694558756,77.84636488340192,0.1812847001748743,0.2992855680172705
ENSG00000161654,add_a1.0_L24,59.89940557841792,58.98491083676269,0.19250215904562043,0.21520653173712392
ENSG00000161654,add_a2.0,76.08596250571559,93.20987654320987,0.2479664369592324,0.3955122622250209
ENSG00000161654,add_a3.0,80.70416095107453,94.23868312757202,0.29184204475400705,0.45516687772384296
ENSG00000161654,add_a4.0,84.38500228623685,90.74074074074075,0.31445842447467315,0.48265632639306705
ENSG00000161654,add_gc_removed_a1.0,53.92083339614204,54.6639231824417,0.13253124802178437,0.13452439868366087
ENSG00000161654,add_own,86.51120256058528,86.28257887517147,0.3532961762244519,0.5130862641840109
ENSG00000161654,add_own_L24,63.51165980795611,66.87242798353908,0.21352566623346272,0.26801749939434694
ENSG00000161654,random_a1.0,58.66483767718336,60.01371742112483,0.18344447811592968,0.21123149528815963
ENSG00000161654,random_a1.0_L24,57.7732053040695,60.83676268861455,0.14982976740242135,0.17743422085608887
ENSG00000161654,unsteered,68.90717878372199,69.75308641975307,0.2795442341925562,0.3261432789198046
ENSG00000161980,add_a0.5,74.79861910241657,84.81012658227849,0.33214708383494146,0.44565196409888075
ENSG00000161980,add_a1.0,72.5354813962409,82.50863060989644,0.33080647911627886,0.41386429368164224
ENSG00000161980,add_a1.0_L24,65.32412734944381,76.75489067894131,0.31606582964721813,0.4050981656520611
ENSG00000161980,add_a2.0,73.41772151898735,88.72266973532797,0.30502634085124786,0.4293720321007289
ENSG00000161980,add_a3.0,76.02608362102033,92.28998849252014,0.31112965623447186,0.4793198178044571
ENSG00000161980,add_a4.0,77.71384733410049,95.28193325661681,0.3110257125430717,0.4935650430229504
ENSG00000161980,add_gc_removed_a1.0,59.68546221710778,71.3463751438435,0.3465252290878431,0.3817734557074786
ENSG00000161980,add_own,69.23667050249328,86.30609896432681,0.28880507322779975,0.40418998961720065
ENSG00000161980,add_own_L24,70.84771768316072,76.40966628308401,0.326006003495394,0.38072217161781513
ENSG00000161980,random_a1.0,65.4392021480629,76.98504027617952,0.3019400990553528,0.30865677800041724
ENSG00000161980,random_a1.0_L24,71.4614499424626,79.17146144994246,0.36632270376957793,0.44411135737751534
ENSG00000161980,unsteered,70.08055235903338,84.57997698504028,0.29233443662577563,0.38287260443696863
ENSG00000162191,add_a0.5,72.05992509363296,79.40074906367042,0.2585629969714414,0.3162082651359669
ENSG00000162191,add_a1.0,75.68039950062422,91.01123595505618,0.1923673250622314,0.30486315718742646
ENSG00000162191,add_a1.0_L24,63.23358302122347,79.7752808988764,0.25839862561747917,0.3295688569081525
ENSG00000162191,add_a2.0,76.5792759051186,93.55805243445693,0.21924377241378218,0.35250734389207394
ENSG00000162191,add_a3.0,79.67540574282148,96.55430711610487,0.19333122728897395,0.3437638763035336
ENSG00000162191,add_a4.0,84.49438202247191,91.83520599250937,0.19797632439365884,0.34299167782872486
ENSG00000162191,add_gc_removed_a1.0,63.54556803995007,71.98501872659176,0.19072306022653338,0.2274841134931512
ENSG00000162191,add_own,64.24469413233457,79.40074906367042,0.16604824153797368,0.21213771304917808
ENSG00000162191,add_own_L24,63.4956304619226,73.55805243445693,0.19731358230250223,0.22398696743555196
ENSG00000162191,random_a1.0,57.16738451935081,62.62172284644195,0.1989948849836951,0.2091838827482368
ENSG00000162191,random_a1.0_L24,68.88888888888889,83.07116104868915,0.16452682168143934,0.24581833924144894
ENSG00000162191,unsteered,64.59425717852685,80.2996254681648,0.20398438499593885,0.258309196038525
ENSG00000162384,add_a0.5,80.20356234096691,78.32061068702289,0.4451805206267812,0.47763541834722717
ENSG00000162384,add_a1.0,66.66666666666666,76.6412213740458,0.3351585795136362,0.3609425662700329
ENSG00000162384,add_a1.0_L24,72.82442748091603,76.6412213740458,0.37651803642472187,0.40717628740665407
ENSG00000162384,add_a2.0,82.03562340966921,92.36641221374046,0.3820453388308863,0.47036290800003544
ENSG00000162384,add_a3.0,81.62849872773538,89.61832061068702,0.384748536847733,0.46630888117122826
ENSG00000162384,add_a4.0,77.81170483460559,93.43511450381679,0.3341060737371122,0.43452349156222025
ENSG00000162384,add_gc_removed_a1.0,71.14503816793894,72.21374045801527,0.3387598909116082,0.3528818950502399
ENSG00000162384,add_own,86.05597964376591,83.96946564885496,0.4527533954786177,0.524738152679724
ENSG00000162384,add_own_L24,67.68447837150127,83.96946564885496,0.26217593945017714,0.3249481527178638
ENSG00000162384,random_a1.0,80.25445292620864,80.91603053435115,0.44929974026932784,0.49947216506700143
ENSG00000162384,random_a1.0_L24,67.8880407124682,71.75572519083968,0.34272920398497614,0.3534069453487562
ENSG00000162384,unsteered,67.27735368956743,70.22900763358778,0.34484619587839893,0.33207972680086906
ENSG00000162670,add_a0.5,50.8,58.1981981981982,0.2907704939993238,0.2950453261031724
ENSG00000162670,add_a1.0,58.412372372372374,56.6966966966967,0.22372726737360918,0.22513157123949337
ENSG00000162670,add_a1.0_L24,46.339999999999996,60.84084084084084,0.3613363927107581,0.3681765660035533
ENSG00000162670,add_a2.0,77.7,77.05705705705705,0.37925612975071554,0.3832026405694374
ENSG00000162670,add_a3.0,76.8,82.76276276276276,0.3328935460313328,0.355684546518428
ENSG00000162670,add_a4.0,85.5,89.96996996996997,0.47076027326909875,0.49048666622124093
ENSG00000162670,add_gc_removed_a1.0,41.1,46.126126126126124,0.34496078394272905,0.3380512509264991
ENSG00000162670,add_own,48.279999999999994,43.72372372372372,0.19562796539801958,0.18347454683869685
ENSG00000162670,add_own_L24,58.36,59.81981981981983,0.21191035962143098,0.20991675317328565
ENSG00000162670,random_a1.0,45.64,44.38438438438438,0.19108423030257585,0.18136782207408914
ENSG00000162670,random_a1.0_L24,47.279999999999994,48.948948948948946,0.19136711290185043,0.18328362718085675
ENSG00000162670,unsteered,46.8,44.98498498498498,0.19250474618910882,0.18517488861232617
ENSG00000163235,add_a0.5,64.08602150537635,83.2258064516129,0.22672580833518935,0.29468097523474424
ENSG00000163235,add_a1.0,68.7741935483871,81.29032258064515,0.24268302097226102,0.2942576075569227
ENSG00000163235,add_a1.0_L24,60.68817204301075,71.61290322580645,0.22512281662990935,0.2534210687041896
ENSG00000163235,add_a2.0,74.10752688172043,87.2258064516129,0.2536211905293432,0.3477401770184752
ENSG00000163235,add_a3.0,83.74193548387098,93.80645161290322,0.2718557480334342,0.40806339420482035
ENSG00000163235,add_a4.0,84.3010752688172,88.25806451612902,0.3072972284410655,0.4556278086510023
ENSG00000163235,add_gc_removed_a1.0,57.20430107526882,69.93548387096774,0.28883220122520814,0.30204335801152016
ENSG00000163235,add_own,76.25806451612904,91.48387096774194,0.25542400344218363,0.35237143984223823
ENSG00000163235,add_own_L24,51.82795698924731,58.064516129032256,0.4269310752726603,0.4181829415857202
ENSG00000163235,random_a1.0,61.677419354838705,76.25806451612902,0.23713403398053146,0.24274435131848912
ENSG00000163235,random_a1.0_L24,58.88172043010752,65.54838709677419,0.32463736709698787,0.3187432722316256
ENSG00000163235,unsteered,60.38709677419355,72.25806451612902,0.3633555217022774,0.4066018266906286
ENSG00000163462,add_a0.5,61.55999999999999,65.34534534534535,0.250092831224337,0.2532029939516972
ENSG00000163462,add_a1.0,62.7,72.9129129129129,0.22729875070877203,0.24373181718146744
ENSG00000163462,add_a1.0_L24,64.17999999999999,83.003003003003,0.3008523228558716,0.31304831195618626
ENSG00000163462,add_a2.0,71.8,82.52252252252252,0.24907515636305363,0.3058398678559742
ENSG00000163462,add_a3.0,83.68,85.4054054054054,0.26577283433467547,0.35290294891134205
ENSG00000163462,add_a4.0,80.05999999999999,80.72072072072072,0.2656503255567705,0.34150763877591656
ENSG00000163462,add_gc_removed_a1.0,51.52,38.85885885885886,0.36973598585295975,0.3165305050095822
ENSG00000163462,add_own,68.72,68.22822822822823,0.2304346708988672,0.2638481997570311
ENSG00000163462,add_own_L24,55.44,59.03903903903904,0.25482139288641587,0.22457320866981462
ENSG00000163462,random_a1.0,61.52,61.08108108108108,0.27425469679979547,0.26654788777573185
ENSG00000163462,random_a1.0_L24,61.48,72.49249249249249,0.28363234519213243,0.2869007925504433
ENSG00000163462,unsteered,58.9,61.44144144144144,0.3000741537630133,0.2891990235716623
ENSG00000163719,add_a0.5,75.03999999999999,84.38438438438439,0.28810570622169535,0.2662856510507686
ENSG00000163719,add_a1.0,77.82000000000001,83.78378378378378,0.39301691372115616,0.3752715457646566
ENSG00000163719,add_a1.0_L24,76.72,83.90390390390391,0.37408030399347997,0.34528167557237716
ENSG00000163719,add_a2.0,82.65251251251252,91.29129129129129,0.39481966128455753,0.3700108517622341
ENSG00000163719,add_a3.0,80.84,87.0870870870871,0.34706603389707275,0.32458397777455794
ENSG00000163719,add_a4.0,84.76,90.75075075075075,0.4188259217600301,0.3928581712416449
ENSG00000163719,add_gc_removed_a1.0,58.58,68.76876876876877,0.2158669887130154,0.21319397327603187
ENSG00000163719,add_own,77.97999999999999,81.74174174174175,0.35600708649211804,0.3383068106929574
ENSG00000163719,add_own_L24,77.52000000000001,85.64564564564564,0.33011882887031957,0.3135424715870938
ENSG00000163719,random_a1.0,71.64000000000001,81.2012012012012,0.2792562096274922,0.260445407784922
ENSG00000163719,random_a1.0_L24,71.7,77.71771771771772,0.24271615007331276,0.22606331575615712
ENSG00000163719,unsteered,68.58,74.53453453453453,0.2519070973755776,0.23913606221946654
ENSG00000163728,add_a0.5,67.34,68.70870870870871,0.35931311772246266,0.41652703144621384
ENSG00000163728,add_a1.0,82.1,84.74474474474474,0.47657468552263343,0.5498748730696377
ENSG00000163728,add_a1.0_L24,61.779999999999994,62.522522522522515,0.28522043558006416,0.3406073085743738
ENSG00000163728,add_a2.0,78.86,82.16216216216216,0.3918744346148112,0.4662464578285319
ENSG00000163728,add_a3.0,79.74,87.02702702702703,0.3846384293603295,0.4717484958921947
ENSG00000163728,add_a4.0,87.78,89.1891891891892,0.45756016931089877,0.545960176351099
ENSG00000163728,add_gc_removed_a1.0,54.279999999999994,49.429429429429426,0.1703233366070082,0.1981939011411415
ENSG00000163728,add_own,63.32000000000001,57.29729729729729,0.28410791994640183,0.3325121746226652
ENSG00000163728,add_own_L24,65.36,59.03903903903904,0.3242133024379143,0.3627761650521091
ENSG00000163728,random_a1.0,53.839999999999996,59.21921921921921,0.20472516111408062,0.2483775396799696
ENSG00000163728,random_a1.0_L24,65.38,54.174174174174176,0.33801534372290337,0.3708044848831359
ENSG00000163728,unsteered,54.260000000000005,48.468468468468465,0.2615225222590638,0.27880209129109634
ENSG00000163870,add_a0.5,59.85232067510549,80.0,0.07665579776756282,0.08433842128528861
ENSG00000163870,add_a1.0,64.3605612215346,80.0632911392405,0.1363579292576111,0.12983620766297113
ENSG00000163870,add_a1.0_L24,63.64978902953586,71.9620253164557,0.16511182662192353,0.15952942368026535
ENSG00000163870,add_a2.0,72.25738396624472,90.0,0.22906424173399179,0.23217434266856568
ENSG00000163870,add_a3.0,77.86919831223629,85.44303797468355,0.25529350421405994,0.24407959852765693
ENSG00000163870,add_a4.0,89.40928270042194,94.74683544303798,0.41342718966905345,0.3860431704466425
ENSG00000163870,add_gc_removed_a1.0,55.88607594936709,68.67088607594937,0.11926451690842457,0.11816040662352026
ENSG00000163870,add_own,64.83122362869199,83.16455696202532,0.1245310571850539,0.12732191420530942
ENSG00000163870,add_own_L24,65.69620253164558,86.77215189873418,0.11964688104294463,0.12867862686087114
ENSG00000163870,random_a1.0,58.83966244725739,78.54430379746836,0.08211153537244151,0.08415890784668342
ENSG00000163870,random_a1.0_L24,56.434599156118146,73.73417721518987,0.12024497787838853,0.12822595347880178
ENSG00000163870,unsteered,56.26582278481012,63.037974683544306,0.1678288773202129,0.17120962791131536
ENSG00000163930,add_a0.5,70.16,88.1081081081081,0.2306344351065963,0.19891228033508493
ENSG00000163930,add_a1.0,71.03999999999999,90.39039039039038,0.1934632829535133,0.16118099152376003
ENSG00000163930,add_a1.0_L24,68.3,88.04804804804806,0.1723015676636964,0.14175119401004344
ENSG00000163930,add_a2.0,75.02000000000001,91.41141141141141,0.2731399739814259,0.23174619361472115
ENSG00000163930,add_a3.0,83.1,94.5945945945946,0.33911067859101945,0.2998657078219797
ENSG00000163930,add_a4.0,79.82000000000001,96.33633633633633,0.3085433294110131,0.261823432563019
ENSG00000163930,add_gc_removed_a1.0,58.3,71.47147147147146,0.1535663536683888,0.13685929378847644
ENSG00000163930,add_own,68.82000000000001,96.996996996997,0.23716436799473226,0.19068076016004992
ENSG00000163930,add_own_L24,64.38000000000001,87.74774774774775,0.1405057578428343,0.11200567632033968
ENSG00000163930,random_a1.0,63.28000000000001,79.33933933933933,0.11386757062356609,0.0853155814528465
ENSG00000163930,random_a1.0_L24,63.82000000000001,78.85885885885885,0.20251864418486926,0.18200299578519843
ENSG00000163930,unsteered,62.42,71.47147147147146,0.1827935788981358,0.16244747145839397
ENSG00000163933,add_a0.5,57.56,68.4084084084084,0.12880707612383063,0.09547024829286961
ENSG00000163933,add_a1.0,67.8,91.47147147147146,0.29306332682898734,0.25007279555802187
ENSG00000163933,add_a1.0_L24,52.379999999999995,64.32432432432432,0.07089814150603103,0.04633511664103037
ENSG00000163933,add_a2.0,76.46000000000001,94.41441441441441,0.4113568709757164,0.3703051830256702
ENSG00000163933,add_a3.0,74.78,96.81681681681681,0.39893075014041635,0.3597203241856063
ENSG00000163933,add_a4.0,76.46000000000001,92.73273273273273,0.3880231328241147,0.355090567268948
ENSG00000163933,add_gc_removed_a1.0,52.48,60.24024024024025,0.14297333962875913,0.13008425437332352
ENSG00000163933,add_own,71.52000000000001,89.42942942942943,0.3312507988654114,0.29564182679763273
ENSG00000163933,add_own_L24,49.019999999999996,57.5975975975976,0.059566769962455114,0.030019036815693158
ENSG00000163933,random_a1.0,50.96,57.53753753753754,0.08065938082377624,0.057650020553034934
ENSG00000163933,random_a1.0_L24,48.88,57.47747747747748,0.060169973241331276,0.0318183539178425
ENSG00000163933,unsteered,51.5,62.642642642642635,0.07067447793137478,0.04140682330786762
ENSG00000163946,add_a0.5,87.16,91.8918918918919,0.5744278955119391,0.5907580750980237
ENSG00000163946,add_a1.0,88.62,94.77477477477478,0.5926472955943111,0.6096719569924408
ENSG00000163946,add_a1.0_L24,83.62,88.4084084084084,0.6178088565848635,0.628311775458289
ENSG00000163946,add_a2.0,87.94,90.57057057057057,0.5111393552249692,0.5361848532105907
ENSG00000163946,add_a3.0,89.86,91.47147147147147,0.5423342461163749,0.5692434284660457
ENSG00000163946,add_a4.0,87.86,87.8078078078078,0.48864725915391477,0.5173212921814896
ENSG00000163946,add_gc_removed_a1.0,64.22,76.81681681681683,0.4426419028366847,0.44193122466096335
ENSG00000163946,add_own,89.32000000000001,86.06606606606606,0.5447410854348682,0.567632602299017
ENSG00000163946,add_own_L24,69.96,74.71471471471472,0.7445933180432941,0.7515054935848375
ENSG00000163946,random_a1.0,70.16,76.09609609609609,0.3430753164092058,0.3548662244908618
ENSG00000163946,random_a1.0_L24,82.08,86.96696696696696,0.5550687631788663,0.5815447222266363
ENSG00000163946,unsteered,84.36,85.52552552552552,0.5400005722245766,0.5537372068879336
ENSG00000164080,add_a0.5,71.4,97.17717717717717,0.6134777110338488,0.623877640821336
ENSG00000164080,add_a1.0,76.12,95.43543543543544,0.4558476550073941,0.4583845309588924
ENSG00000164080,add_a1.0_L24,65.36312312312313,72.7927927927928,0.5327198135986289,0.5541259911055348
ENSG00000164080,add_a2.0,81.9,93.87387387387388,0.47754556958518035,0.4770503834664027
ENSG00000164080,add_a3.0,93.47999999999999,95.1951951951952,0.5861198518686339,0.5647854543873093
ENSG00000164080,add_a4.0,83.32000000000001,94.41441441441441,0.4040135252780391,0.3920275807584335
ENSG00000164080,add_gc_removed_a1.0,54.72616616616617,65.58558558558558,0.28417024712393324,0.2940648178190476
ENSG00000164080,add_own,80.1,93.45345345345345,0.3856415517066217,0.3925982838996882
ENSG00000164080,add_own_L24,68.08,81.2012012012012,0.6277106357995692,0.6333940354870794
ENSG00000164080,random_a1.0,54.459999999999994,75.25525525525526,0.5971746706704791,0.6071771359209253
ENSG00000164080,random_a1.0_L24,72.22,90.5105105105105,0.5146079296029948,0.5289231893339863
ENSG00000164080,unsteered,66.53999999999999,83.72372372372372,0.38976329265974907,0.39917507545392555
ENSG00000164342,add_a0.5,49.660000000000004,58.61861861861862,0.21773116855755079,0.19872739016480248
ENSG00000164342,add_a1.0,43.44,42.04204204204204,0.4639179074500082,0.41238690331432776
ENSG00000164342,add_a1.0_L24,46.56,55.49549549549549,0.3134393600232267,0.2176066798463551
ENSG00000164342,add_a2.0,65.87385385385386,76.33633633633633,0.18829183359703025,0.34207655537344056
ENSG00000164342,add_a3.0,76.1,76.996996996997,0.3237779427095243,0.4526814827052944
ENSG00000164342,add_a4.0,84.8,84.74474474474475,0.37726153314561034,0.5464662624531472
ENSG00000164342,add_gc_removed_a1.0,37.62,38.4984984984985,0.3893849180289043,0.19098559841537127
ENSG00000164342,add_own,58.44,56.03603603603604,0.45619498378110057,0.47740201121527875
ENSG00000164342,add_own_L24,42.980000000000004,44.68468468468468,0.352697113085933,0.2254479349530995
ENSG00000164342,random_a1.0,52.86,56.27627627627628,0.3191189596374374,0.30371540986083995
ENSG00000164342,random_a1.0_L24,48.72,47.687687687687685,0.4246814146720399,0.3541347962595826
ENSG00000164342,unsteered,44.779999999999994,41.8018018018018,0.5221563152918022,0.4273511519782088
ENSG00000164548,add_a0.5,50.355731225296445,42.608695652173914,0.08176308626064857,0.09010606161864668
ENSG00000164548,add_a1.0,51.72595520421608,55.25691699604742,0.22118995719430173,0.22919008627821413
ENSG00000164548,add_a1.0_L24,49.22266139657444,37.62845849802371,0.04303620622506826,0.042121260547387754
ENSG00000164548,add_a2.0,74.01844532279316,87.66798418972333,0.4096256015373084,0.43440196361591016
ENSG00000164548,add_a3.0,77.31225296442688,91.85770750988142,0.4617893331279276,0.47954936687179417
ENSG00000164548,add_a4.0,85.48089591567853,92.09486166007905,0.5496392248400331,0.5507793720151024
ENSG00000164548,add_gc_removed_a1.0,49.32806324110672,39.683794466403164,0.09339324444302992,0.09962046866592213
ENSG00000164548,add_own,56.258234519104086,55.8893280632411,0.10022464455024185,0.12392545571916573
ENSG00000164548,add_own_L24,48.9064558629776,37.391304347826086,0.04634915115011827,0.04006013712480111
ENSG00000164548,random_a1.0,45.69169960474308,35.96837944664031,0.0848759764194866,0.07683786892438424
ENSG00000164548,random_a1.0_L24,47.61528326745718,38.3399209486166,0.08102752790019063,0.07656174691868456
ENSG00000164548,unsteered,50.64558629776021,44.901185770750985,0.09387952987891816,0.09370373082332048
ENSG00000164761,add_a0.5,54.36,61.08108108108108,0.14210163523427452,0.18600537757819838
ENSG00000164761,add_a0.5_L24,51.1,62.52252252252252,0.14863918309785956,0.16790739248913353
ENSG00000164761,add_a1.0,68.58,79.51951951951952,0.195611859259526,0.28931253463425194
ENSG00000164761,add_a1.0_L24,60.06,71.5915915915916,0.2163779886266763,0.27248510876230453
ENSG00000164761,add_a2.0,73.5,76.75675675675676,0.23015262359351962,0.332437750905442
ENSG00000164761,add_a3.0,79.72,88.88888888888889,0.3411316614486962,0.445215508490029
ENSG00000164761,add_a4.0,83.8,87.92792792792793,0.3499991806392886,0.4744899155015547
ENSG00000164761,add_gc_removed_a1.0,41.27119119119119,43.06306306306307,0.2154255455933503,0.2135633157209428
ENSG00000164761,add_own,57.620000000000005,69.06906906906906,0.16747680207575016,0.22546477367399756
ENSG00000164761,add_own_L24,46.480000000000004,51.11111111111111,0.11532589439634103,0.11673555330992132
ENSG00000164761,random_a1.0,44.720000000000006,41.5015015015015,0.19598796113977857,0.1932492391960795
ENSG00000164761,random_a1.0_L24,45.519999999999996,49.429429429429426,0.18707681836430587,0.18987788694688912
ENSG00000164761,unsteered,41.120000000000005,42.34234234234235,0.15411856285253295,0.14148526898758912
ENSG00000164880,add_a0.5,75.46000000000001,94.29429429429429,0.1606899963480301,0.18459943220972977
ENSG00000164880,add_a1.0,72.8,82.34234234234233,0.2962936110505085,0.31400726026728837
ENSG00000164880,add_a1.0_L24,69.96000000000001,77.35735735735736,0.17790198760875559,0.18144200887804943
ENSG00000164880,add_a2.0,86.4,96.87687687687688,0.25531276605646497,0.29282176626702283
ENSG00000164880,add_a3.0,89.2,93.993993993994,0.297995162794607,0.3317315791371003
ENSG00000164880,add_a4.0,90.46000000000001,94.89489489489489,0.32715615088458067,0.3630776722423513
ENSG00000164880,add_gc_removed_a1.0,60.17999999999999,69.42942942942943,0.19565083564902203,0.19528761483389717
ENSG00000164880,add_own,77.52000000000001,96.87687687687688,0.1871826438804668,0.21102854485025485
ENSG00000164880,add_own_L24,66.94000000000001,70.2102102102102,0.19573379243635472,0.1933511827710908
ENSG00000164880,random_a1.0,72.8,84.74474474474474,0.15450127243348272,0.16303891751399502
ENSG00000164880,random_a1.0_L24,69.6,84.08408408408408,0.17225909872813067,0.17333733925817765
ENSG00000164880,unsteered,62.44,70.87087087087087,0.18228626521707558,0.17397418881330964
ENSG00000164935,add_a0.5,47.1,48.648648648648646,0.1529612913149488,0.13233542696026282
ENSG00000164935,add_a0.5_L24,35.56,34.77477477477478,0.3889131179328519,0.4011113587876355
ENSG00000164935,add_a1.0,66.46000000000001,75.07507507507508,0.3493993542541428,0.3449140493528806
ENSG00000164935,add_a1.0_L24,37.839999999999996,40.06006006006006,0.24319131342101427,0.21769496728040752
ENSG00000164935,add_a2.0,77.42,87.8078078078078,0.3429211644751756,0.3560324319698019
ENSG00000164935,add_a2.0_L24,54.760000000000005,70.03003003003002,0.2905908195761275,0.3065266210692123
ENSG00000164935,add_a3.0,81.27607607607607,81.68168168168168,0.4106454532018297,0.40667234845426464
ENSG00000164935,add_a3.0_L24,61.86,64.68468468468468,0.3134422181719039,0.30022321607441793
ENSG00000164935,add_a4.0,82.6,91.41141141141141,0.416496132558782,0.4265725950680109
ENSG00000164935,add_a4.0_L24,68.28,70.63063063063063,0.30568902956234345,0.2993272221012432
ENSG00000164935,add_gc_removed_a1.0,39.7,43.66366366366366,0.1618034773578477,0.1595927132353481
ENSG00000164935,add_own,54.64,60.84084084084084,0.2068441816985961,0.21395405563137054
ENSG00000164935,add_own_L24,50.1,53.393393393393396,0.1799765429024398,0.17168762224623693
ENSG00000164935,random_a1.0,54.08,53.213213213213216,0.2742838019570786,0.2561077713394704
ENSG00000164935,random_a1.0_L24,53.279999999999994,53.693693693693696,0.2528476016076478,0.238255866962775
ENSG00000164935,unsteered,44.86,39.45945945945946,0.23557568971384163,0.2288576877316509
ENSG00000164961,add_a0.5,47.839999999999996,50.15015015015015,0.1765595400716918,0.16063303048974903
ENSG00000164961,add_a1.0,53.120000000000005,56.6966966966967,0.1533846290247301,0.17922692194199583
ENSG00000164961,add_a1.0_L24,40.40966966966967,39.57957957957958,0.1813290306780917,0.13202867759990775
ENSG00000164961,add_a2.0,65.66,83.003003003003,0.22945535228683064,0.38975241146023004
ENSG00000164961,add_a3.0,68.0,89.54954954954954,0.19839225753950074,0.38172583563409435
ENSG00000164961,add_a4.0,78.8,91.29129129129129,0.27470835672747607,0.4754520179447489
ENSG00000164961,add_gc_removed_a1.0,37.760000000000005,35.91591591591592,0.1738323493657373,0.08523961337582205
ENSG00000164961,add_own,62.17999999999999,82.76276276276276,0.16386593627643817,0.297561994934148
ENSG00000164961,add_own_L24,41.42,39.0990990990991,0.17637698174913435,0.10946828073503019
ENSG00000164961,random_a1.0,39.8,38.07807807807808,0.16669715961315829,0.08663271723181336
ENSG00000164961,random_a1.0_L24,43.0,41.98198198198198,0.1552767481840339,0.10305283097389928
ENSG00000164961,unsteered,37.78,35.1951951951952,0.179659578220287,0.09174185538031429
ENSG00000164975,add_a0.5,79.14,95.25525525525525,0.4256442320524091,0.39332562696289164
ENSG00000164975,add_a1.0,82.17999999999999,96.27627627627628,0.46114261926968136,0.4277086466523806
ENSG00000164975,add_a1.0_L24,65.12,79.15915915915916,0.2626501113657089,0.24338917377564454
ENSG00000164975,add_a2.0,80.255995995996,96.3963963963964,0.4650071224743743,0.42657779146341446
ENSG00000164975,add_a3.0,85.14,96.15615615615616,0.501862064165963,0.46528489514453375
ENSG00000164975,add_a4.0,87.52000000000001,90.75075075075075,0.5218938809870906,0.4884457057155364
ENSG00000164975,add_gc_removed_a1.0,65.96000000000001,78.61861861861863,0.27239663117559104,0.2655833883116556
ENSG00000164975,add_own,68.75999999999999,85.46546546546547,0.2956893606198702,0.2774007803832542
ENSG00000164975,add_own_L24,65.16,79.51951951951952,0.2945735834228568,0.2705160615422162
ENSG00000164975,random_a1.0,57.720000000000006,71.95195195195195,0.21562452607607688,0.21286533955278686
ENSG00000164975,random_a1.0_L24,65.2,77.47747747747748,0.2917659624427076,0.2871077868928354
ENSG00000164975,unsteered,67.29215215215216,82.94294294294295,0.34102287972294937,0.310126205834207
ENSG00000165124,add_a0.5,75.86,91.8918918918919,0.341707966916978,0.3033753049560547
ENSG00000165124,add_a1.0,80.34,95.07507507507508,0.38591074299103856,0.3429711362131301
ENSG00000165124,add_a1.0_L24,76.28,94.5945945945946,0.3328635217048681,0.3117287421654334
ENSG00000165124,add_a2.0,80.67999999999999,89.66966966966967,0.3479782244714951,0.3083286239751444
ENSG00000165124,add_a3.0,78.9,90.8108108108108,0.3298221404586522,0.2940348451923871
ENSG00000165124,add_a4.0,80.64,93.27327327327328,0.3253551628771424,0.2959797634395242
ENSG00000165124,add_gc_removed_a1.0,70.53999999999999,86.06606606606606,0.27257905724690656,0.24159396999708743
ENSG00000165124,add_own,73.97999999999999,93.69369369369369,0.3394993430090135,0.3062732352351515
ENSG00000165124,add_own_L24,76.42,88.64864864864865,0.4174173687154051,0.3805298112032267
ENSG00000165124,random_a1.0,74.14,91.05105105105105,0.3178166898358127,0.27240959888340605
ENSG00000165124,random_a1.0_L24,73.84,82.58258258258259,0.31957506725924656,0.28253125049613426
ENSG00000165124,unsteered,76.7,91.17117117117117,0.3059041058100974,0.28110953527263327
ENSG00000165282,add_a0.5,67.19173173173174,80.58630920076703,0.16533091939874545,0.1708251582988207
ENSG00000165282,add_a1.0,73.3,92.31231231231232,0.12747396034083666,0.263022747561199
ENSG00000165282,add_a1.0_L24,62.30530530530531,75.13513513513513,0.1766383268723047,0.18591292906383278
ENSG00000165282,add_a2.0,74.94,94.47447447447448,0.10881298593964224,0.26504234655610126
ENSG00000165282,add_a3.0,83.496996996997,94.77477477477478,0.1606083236888199,0.35634730903724987
ENSG00000165282,add_a4.0,80.86,95.97597597597597,0.1373051017808849,0.3352645394580125
ENSG00000165282,add_gc_removed_a1.0,57.82000000000001,78.07807807807808,0.1804162088484839,0.1286667822189685
ENSG00000165282,add_own,79.72,95.49549549549549,0.11791747866248854,0.3051464865985916
ENSG00000165282,add_own_L24,74.24,89.06906906906906,0.10950179496848053,0.22831066020740404
ENSG00000165282,random_a1.0,69.25115115115116,85.32616954303701,0.1614634545389218,0.2209253121313778
ENSG00000165282,random_a1.0_L24,60.54,73.09309309309309,0.23582650901932642,0.1598683148455699
ENSG00000165282,unsteered,63.52,79.63963963963964,0.14352018211517542,0.1255911928735115
ENSG00000165724,add_a0.5,72.05387205387206,83.03030303030303,0.2338243469746956,0.2720127238111377
ENSG00000165724,add_a1.0,76.43097643097643,92.12121212121212,0.2453808860227611,0.28537045349131557
ENSG00000165724,add_a1.0_L24,71.51515151515152,85.05050505050505,0.23737067934743478,0.2795830152190683
ENSG00000165724,add_a2.0,78.14814814814815,91.31313131313132,0.2789675362577861,0.3402234043470451
ENSG00000165724,add_a3.0,78.95622895622895,94.24242424242424,0.2718765147872322,0.3335729630889398
ENSG00000165724,add_a4.0,74.81481481481481,93.83838383838383,0.24601326764424006,0.3186521771616221
ENSG00000165724,add_gc_removed_a1.0,69.15824915824916,90.9090909090909,0.21182366138635356,0.27396052281038646
ENSG00000165724,add_own,71.51515151515152,92.82828282828282,0.24366523706018411,0.30514929563952675
ENSG00000165724,add_own_L24,73.73737373737374,81.71717171717171,0.26191326821699523,0.3008520877725338
ENSG00000165724,random_a1.0,69.52861952861953,81.31313131313132,0.2553041368149098,0.28774468011148613
ENSG00000165724,random_a1.0_L24,71.01010101010101,84.74747474747474,0.2561663728654703,0.2958012649184911
ENSG00000165724,unsteered,69.22558922558923,86.76767676767676,0.3204042032954813,0.3572322363193211
ENSG00000165929,add_a0.5,28.8,30.51051051051051,0.16459504977391565,0.15294977571838492
ENSG00000165929,add_a1.0,30.839999999999996,28.34834834834835,0.18851805234155267,0.16780725476992048
ENSG00000165929,add_a1.0_L24,28.2,32.732732732732735,0.26734055971177745,0.25438259541946573
ENSG00000165929,add_a2.0,56.9,56.996996996997,0.21705682817110605,0.22048175168697276
ENSG00000165929,add_a3.0,70.6,65.94594594594595,0.3444078051239135,0.35406153276987656
ENSG00000165929,add_a4.0,84.22,85.82582582582583,0.4979854307732313,0.5155123265618269
ENSG00000165929,add_gc_removed_a1.0,26.139999999999997,27.027027027027025,0.24676352135620058,0.22741681553420304
ENSG00000165929,add_own,44.18,43.9039039039039,0.15742719394107035,0.15070147015694327
ENSG00000165929,add_own_L24,41.46,42.52252252252252,0.16284872801080424,0.165769454887691
ENSG00000165929,random_a1.0,26.939999999999998,22.22222222222222,0.19495942148826664,0.1894004568059442
ENSG00000165929,random_a1.0_L24,32.339999999999996,29.369369369369373,0.1748736548139249,0.16907230754867858
ENSG00000165929,unsteered,28.82,21.8018018018018,0.27512557321492054,0.2558014765368755
ENSG00000166192,add_a0.5,51.74757023386915,58.797814207650276,0.17628608073466107,0.16607897579312883
ENSG00000166192,add_a1.0,59.89071038251366,74.86338797814207,0.1589463057202056,0.186989323150418
ENSG00000166192,add_a1.0_L24,51.14754098360656,61.31147540983606,0.11919349402027979,0.11613503401357672
ENSG00000166192,add_a2.0,62.69581056466302,83.82513661202185,0.16868331968735373,0.22758659442249357
ENSG00000166192,add_a3.0,65.61020036429872,82.07650273224044,0.22211837924314293,0.27261700524221955
ENSG00000166192,add_a4.0,64.99089253187614,80.32786885245902,0.218545282277017,0.2666958691049112
ENSG00000166192,add_gc_removed_a1.0,45.93806921675774,52.89617486338798,0.14721829024570793,0.12452057913248063
ENSG00000166192,add_own,59.96357012750455,77.59562841530055,0.15482943387638953,0.19808156228140414
ENSG00000166192,add_own_L24,55.919854280510016,74.97267759562843,0.1738616398517938,0.20226578889934393
ENSG00000166192,random_a1.0,48.48816029143898,54.97267759562842,0.13431320353017082,0.1266391037049719
ENSG00000166192,random_a1.0_L24,46.95810564663024,56.0655737704918,0.13727151630188947,0.12253317852750376
ENSG00000166192,unsteered,52.38615664845173,65.46448087431693,0.15968719902031808,0.15820085721462054
ENSG00000166342,add_a0.5,40.82,43.72372372372372,0.2328786587757604,0.21945049629276242
ENSG00000166342,add_a1.0,53.260000000000005,54.894894894894904,0.21551854681900848,0.21954423370689993
ENSG00000166342,add_a1.0_L24,38.4,38.37837837837838,0.2765408372695056,0.26322566645373857
ENSG00000166342,add_a2.0,68.44,67.62762762762763,0.2542038957899382,0.27598620877421254
ENSG00000166342,add_a3.0,85.36,88.64864864864865,0.45752652920393333,0.49030226549471045
ENSG00000166342,add_a4.0,85.3,85.52552552552552,0.43134864903656245,0.4670252404440851
ENSG00000166342,add_gc_removed_a1.0,37.64,37.65765765765766,0.19835523783897666,0.19009504738949595
ENSG00000166342,add_own,58.1,62.76276276276276,0.23566957380130002,0.24507676347875557
ENSG00000166342,add_own_L24,42.760000000000005,49.489489489489486,0.1995478216234011,0.19439500510100732
ENSG00000166342,random_a1.0,33.760000000000005,31.111111111111107,0.18388133089964498,0.16689879683619027
ENSG00000166342,random_a1.0_L24,52.36,51.051051051051054,0.3139382456702504,0.30689390403229744
ENSG00000166342,unsteered,35.82,33.273273273273276,0.18861825033049692,0.1783251475905032
ENSG00000166780,add_a0.5,67.87878787878789,70.23923444976076,0.2482010853861749,0.3385193000808911
ENSG00000166780,add_a1.0,65.03987240829346,72.4401913875598,0.24201018635585259,0.33804021919766586
ENSG00000166780,add_a1.0_L24,59.74481658692184,67.17703349282297,0.31784957099570105,0.3690611913450593
ENSG00000166780,add_a2.0,77.54385964912281,90.52631578947368,0.24954972730456246,0.3618370558637748
ENSG00000166780,add_a3.0,80.54226475279106,88.61244019138755,0.3371947642939247,0.45771289945550614
ENSG00000166780,add_a4.0,80.7017543859649,89.377990430622,0.30334977850573275,0.43569244139608987
ENSG00000166780,add_gc_removed_a1.0,57.799043062200965,68.51674641148325,0.2560431870668817,0.28258467388210884
ENSG00000166780,add_own,75.69377990430623,95.88516746411483,0.36135818666349856,0.3847326206184257
ENSG00000166780,add_own_L24,59.20255183413078,68.89952153110048,0.2450519993196235,0.3217949942282329
ENSG00000166780,random_a1.0,66.85805422647528,83.25358851674642,0.255291725867693,0.302361692536448
ENSG00000166780,random_a1.0_L24,62.39234449760765,72.5358851674641,0.28988680259057664,0.2862654321342261
ENSG00000166780,unsteered,56.58692185007974,72.05741626794259,0.24856719910060274,0.2335647228046575
ENSG00000166889,add_a0.5,41.480000000000004,39.51951951951952,0.3295801918790219,0.27543636625116263
ENSG00000166889,add_a1.0,55.54974974974975,51.891891891891895,0.1728800583921688,0.1681072089908468
ENSG00000166889,add_a1.0_L24,47.62,49.36936936936937,0.2149814106788251,0.18481848356648212
ENSG00000166889,add_a2.0,66.76,78.91891891891892,0.24259116734559746,0.342941872802817
ENSG00000166889,add_a3.0,76.88,77.2972972972973,0.24595279077640816,0.34362316341461885
ENSG00000166889,add_a4.0,85.3,94.17417417417417,0.29160989213151334,0.4744996167554971
ENSG00000166889,add_gc_removed_a1.0,41.9,42.22222222222222,0.24836735077859773,0.18324543049009145
ENSG00000166889,add_own,68.62,71.47147147147146,0.21928560053720067,0.2991101370291182
ENSG00000166889,add_own_L24,47.5,47.507507507507505,0.27878391629491783,0.2602566678398624
ENSG00000166889,random_a1.0,44.08,38.4984984984985,0.19783690845790797,0.11433961562160075
ENSG00000166889,random_a1.0_L24,51.54,47.20720720720721,0.20038573541207585,0.16981290556987924
ENSG00000166889,unsteered,39.760000000000005,36.0960960960961,0.23993613444806638,0.15360051602387398
ENSG00000167085,add_a0.5,56.625514403292186,65.59670781893004,0.10690745653562742,0.021048870929475515
ENSG00000167085,add_a1.0,60.74074074074074,77.20164609053498,0.07733989066611627,0.07763269734850983
ENSG00000167085,add_a1.0_L24,55.96707818930041,64.11522633744855,0.1128184534112016,0.0235960427947998
ENSG00000167085,add_a2.0,66.14540466392319,90.53497942386831,0.05991111678244909,0.14568958497715173
ENSG00000167085,add_a3.0,67.21536351165982,94.15637860082305,0.07118240109675746,0.18218742411014902
ENSG00000167085,add_a4.0,68.09327846364883,92.59259259259258,0.0718545170092825,0.1786828913327933
ENSG00000167085,add_gc_removed_a1.0,53.882030178326474,58.51851851851852,0.1534913266146363,0.03759734693604847
ENSG00000167085,add_own,62.35939643347051,81.48148148148148,0.06481796680262283,0.08452887114539806
ENSG00000167085,add_own_L24,56.762688614540465,63.703703703703695,0.13190859868977695,0.06522869270168023
ENSG00000167085,random_a1.0,55.41838134430727,62.05761316872429,0.12558164589481552,0.02651571161068573
ENSG00000167085,random_a1.0_L24,55.61042524005487,62.71604938271605,0.1231827751479774,0.025308959705566503
ENSG00000167085,unsteered,55.00685871056241,61.31687242798354,0.13102391184278375,0.029469152050587998
ENSG00000167693,add_a0.5,75.3,81.62162162162163,0.20027507980856818,0.19344507165355732
ENSG00000167693,add_a1.0,84.25999999999999,92.49249249249249,0.2733131089775986,0.2657148536434305
ENSG00000167693,add_a1.0_L24,81.76,91.47147147147147,0.2884431167871718,0.275623307911408
ENSG00000167693,add_a2.0,87.24,91.47147147147146,0.2955293584740669,0.2765662886067269
ENSG00000167693,add_a3.0,87.16,96.03603603603604,0.2796903673827718,0.2489733939323398
ENSG00000167693,add_a4.0,89.88,91.53153153153153,0.34233899105624743,0.32489026487729455
ENSG00000167693,add_gc_removed_a1.0,69.43215215215216,72.49249249249249,0.3138016063963664,0.2965800433289475
ENSG00000167693,add_own,85.58,85.52552552552552,0.37421317861200887,0.3469425905751894
ENSG00000167693,add_own_L24,76.48613226452906,83.96396396396396,0.2492329246448179,0.24857238715469582
ENSG00000167693,random_a1.0,72.23285285285286,92.25225225225225,0.21812765939671244,0.20919172785741025
ENSG00000167693,random_a1.0_L24,76.80864864864864,85.1051051051051,0.35894462638595737,0.3446829650732566
ENSG00000167693,unsteered,73.38794794794795,83.18318318318317,0.3322882420042295,0.3118768835445481
ENSG00000167992,add_a0.5,89.3,89.6096096096096,0.4140730043269903,0.425796624141732
ENSG00000167992,add_a1.0,85.61999999999999,89.12912912912913,0.33686468685607507,0.33996052708813534
ENSG00000167992,add_a1.0_L24,82.17999999999999,86.78678678678679,0.2655301779589896,0.26328334087388733
ENSG00000167992,add_a2.0,86.08,91.23123123123123,0.3219080892041756,0.31549446575514223
ENSG00000167992,add_a3.0,85.84,93.63363363363364,0.3356128603239438,0.32038413199891125
ENSG00000167992,add_a4.0,85.96,93.21321321321321,0.3172726664716897,0.31241647488634233
ENSG00000167992,add_gc_removed_a1.0,70.5,72.55255255255256,0.22232640879223498,0.23423796141380387
ENSG00000167992,add_own,90.58,89.96996996996998,0.3574187796836781,0.3663554946724397
ENSG00000167992,add_own_L24,82.56,85.04504504504504,0.2817689214040051,0.27849468591255105
ENSG00000167992,random_a1.0,72.97999999999999,75.61561561561561,0.2514744550312592,0.24607204945926808
ENSG00000167992,random_a1.0_L24,85.97999999999999,86.36636636636636,0.3075899048381482,0.3108955364959868
ENSG00000167992,unsteered,81.12,84.74474474474475,0.35644623430445854,0.35826078181632576
ENSG00000168016,add_a0.5,56.260000000000005,67.68768768768768,0.12494611037118886,0.13727736661616224
ENSG00000168016,add_a1.0,60.7,69.36936936936937,0.17659993473561397,0.21430636509873557
ENSG00000168016,add_a1.0_L24,48.14,56.876876876876885,0.16743353237000774,0.12372655306996938
ENSG00000168016,add_a2.0,72.4,88.34834834834835,0.18661309901877193,0.2914069490775205
ENSG00000168016,add_a3.0,77.47999999999999,93.15315315315316,0.2136030782287473,0.3521831616732817
ENSG00000168016,add_a4.0,81.3,89.6096096096096,0.28918438389989737,0.3992556107996176
ENSG00000168016,add_gc_removed_a1.0,41.2,44.2042042042042,0.26916158654639644,0.18821898643607157
ENSG00000168016,add_own,57.86,67.44744744744744,0.16276012928356176,0.1774927983952354
ENSG00000168016,add_own_L24,49.72,57.71771771771772,0.27942742799578957,0.2608572976639788
ENSG00000168016,random_a1.0,49.38,56.75675675675676,0.19247767483664743,0.15705515126454597
ENSG00000168016,random_a1.0_L24,44.18,46.126126126126124,0.19176235842198913,0.10393758039433361
ENSG00000168016,unsteered,47.339999999999996,51.53153153153153,0.183470063357512,0.11036149216928601
ENSG00000168038,add_a0.5,50.019999999999996,59.69969969969971,0.21019679509576852,0.2326984466590168
ENSG00000168038,add_a1.0,58.220000000000006,64.8048048048048,0.26621646127934245,0.2724475000019821
ENSG00000168038,add_a1.0_L24,45.739999999999995,54.294294294294296,0.33813837196993457,0.3593195048966483
ENSG00000168038,add_a2.0,64.76,85.4054054054054,0.39977296910512816,0.4074013805875277
ENSG00000168038,add_a3.0,75.8,90.99099099099098,0.4786442173672224,0.4762579018065537
ENSG00000168038,add_a4.0,73.97999999999999,91.83183183183182,0.4737033615155976,0.47816586364394126
ENSG00000168038,add_gc_removed_a1.0,43.760000000000005,47.687687687687685,0.17859429604233173,0.1976343679618881
ENSG00000168038,add_own,54.02,65.34534534534535,0.24610254954818256,0.2620982904396201
ENSG00000168038,add_own_L24,43.480000000000004,43.6036036036036,0.1786272896567206,0.1950305805411129
ENSG00000168038,random_a1.0,45.12,47.087087087087085,0.15251809785366216,0.16789823057402012
ENSG00000168038,random_a1.0_L24,45.06,46.306306306306304,0.15208116547026576,0.17420322589455037
ENSG00000168038,unsteered,43.38,47.087087087087085,0.17903374406987996,0.20160560529546484
ENSG00000168143,add_a0.5,39.839999999999996,35.7957957957958,0.11257993933711603,0.0923768403560718
ENSG00000168143,add_a1.0,53.71999999999999,65.64564564564564,0.244092458372344,0.3005963025644931
ENSG00000168143,add_a1.0_L24,38.36,35.7957957957958,0.0955006063794403,0.06940068153836931
ENSG00000168143,add_a2.0,75.4,90.15015015015015,0.3627037397660404,0.4524389062664058
ENSG00000168143,add_a3.0,75.28,92.07207207207207,0.3633854286959682,0.4571544095540524
ENSG00000168143,add_a4.0,77.89353353353354,85.0918991280437,0.3548317114380886,0.43026973299899324
ENSG00000168143,add_gc_removed_a1.0,35.4,33.57357357357357,0.11619865688935578,0.0901534290711822
ENSG00000168143,add_own,47.260000000000005,45.885885885885884,0.10992154642651404,0.11212945824903783
ENSG00000168143,add_own_L24,37.839999999999996,32.792792792792795,0.08062216333967342,0.05343308050098107
ENSG00000168143,random_a1.0,36.54,23.783783783783782,0.2718841957715395,0.24445825075161567
ENSG00000168143,random_a1.0_L24,34.0,30.93093093093093,0.11007898117888688,0.07428653462166857
ENSG00000168143,unsteered,37.6,33.633633633633636,0.07825597469688182,0.0596388031925682
ENSG00000168237,add_a0.5,63.48,74.47447447447448,0.19569103254909342,0.20986346823699997
ENSG00000168237,add_a1.0,67.58,79.63963963963964,0.15211396080265932,0.18915303573821585
ENSG00000168237,add_a1.0_L24,58.1,66.54654654654655,0.21822273644616944,0.2223978687078399
ENSG00000168237,add_a2.0,71.8,85.46546546546547,0.19466168406132345,0.2454120614730831
ENSG00000168237,add_a3.0,81.82,94.95495495495496,0.20218046289784436,0.27652495092481155
ENSG00000168237,add_a4.0,84.08,88.94894894894895,0.26869702447136057,0.3376995911754436
ENSG00000168237,add_gc_removed_a1.0,52.6,57.477477477477485,0.19524729323871004,0.1623217852973499
ENSG00000168237,add_own,68.86,79.3993993993994,0.1533566800291052,0.18428545508870875
ENSG00000168237,add_own_L24,51.82000000000001,57.23723723723724,0.22133567563378906,0.21808538095713578
ENSG00000168237,random_a1.0,60.3,64.56456456456456,0.1843416632268454,0.18381909032272933
ENSG00000168237,random_a1.0_L24,43.42,47.627627627627625,0.3335729154900811,0.31785199562002536
ENSG00000168237,unsteered,53.64,59.45945945945946,0.17280503983554613,0.15516166887254332
ENSG00000168280,add_a0.5,52.4,56.27627627627628,0.2209145230713668,0.15595591798702252
ENSG00000168280,add_a1.0,69.26,86.12612612612612,0.2421487413791798,0.3279528320997067
ENSG00000168280,add_a1.0_L24,74.36,76.93693693693695,0.4376448510530775,0.4674083151448887
ENSG00000168280,add_a2.0,77.46000000000001,90.75075075075075,0.2995705179290293,0.4057238857171123
ENSG00000168280,add_a3.0,85.34,83.78378378378379,0.4239717071380893,0.4695142233858144
ENSG00000168280,add_a4.0,75.72,90.69069069069069,0.25820192186226026,0.37191780914709477
ENSG00000168280,add_gc_removed_a1.0,55.44,56.0960960960961,0.2898035956935655,0.21730559789065032
ENSG00000168280,add_own,79.38,87.26726726726727,0.35480784232293183,0.4315858392883832
ENSG00000168280,add_own_L24,60.04,64.62462462462463,0.22083799613984753,0.1874550451310804
ENSG00000168280,random_a1.0,59.279999999999994,61.92192192192192,0.23205707172808854,0.20047165697309458
ENSG00000168280,random_a1.0_L24,60.120000000000005,64.68468468468468,0.2286188982739267,0.19153634104079958
ENSG00000168280,unsteered,74.03999999999999,73.87387387387386,0.42148898145590935,0.42917527208957396
ENSG00000168874,add_a0.5,79.2894461859979,94.1692789968652,0.2635462866124761,0.20268710131655626
ENSG00000168874,add_a1.0,73.98119122257053,83.8871473354232,0.2479050863926937,0.17294017475960258
ENSG00000168874,add_a1.0_L24,83.2183908045977,97.68025078369905,0.30366232037822455,0.22130614473363724
ENSG00000168874,add_a2.0,77.04835106220187,95.16610476922774,0.2954676908174863,0.19967743861884713
ENSG00000168874,add_a3.0,85.91431556948798,95.98746081504703,0.33139816749489276,0.24737834206605566
ENSG00000168874,add_a4.0,88.23406478578893,96.1755485893417,0.42175938389602763,0.33634965072218764
ENSG00000168874,add_gc_removed_a1.0,62.99574157386883,68.96551724137932,0.27807943401691376,0.23383620522439674
ENSG00000168874,add_own,78.64158829676072,92.22570532915361,0.30996998005240506,0.21878841044716896
ENSG00000168874,add_own_L24,76.25212593399002,90.47021943573668,0.33815048552206367,0.26018369767388194
ENSG00000168874,random_a1.0,83.00940438871473,89.15360501567399,0.3215371708072987,0.2372796103251685
ENSG00000168874,random_a1.0_L24,78.0564263322884,85.51724137931035,0.3440449514398563,0.27109408644180266
ENSG00000168874,unsteered,76.44723092998954,88.58934169278997,0.32534398086716876,0.24337950868252706
ENSG00000169679,add_a0.5,46.6,45.94594594594595,0.1478204718923158,0.14860898856515758
ENSG00000169679,add_a1.0,50.32,60.84084084084084,0.20832016519607938,0.22725879542662905
ENSG00000169679,add_a1.0_L24,42.260000000000005,50.21021021021021,0.1675327646993772,0.17489703781290183
ENSG00000169679,add_a2.0,70.36,82.70270270270271,0.3052334100757546,0.35179756131515577
ENSG00000169679,add_a3.0,74.5,95.73573573573574,0.415007171542383,0.47057491873620894
ENSG00000169679,add_a4.0,83.88,92.43243243243244,0.45192176737814477,0.5074607375301081
ENSG00000169679,add_gc_removed_a1.0,34.160000000000004,28.888888888888893,0.1251004257278578,0.10119210903077565
ENSG00000169679,add_own,49.95117117117117,46.246246246246244,0.17303116198053312,0.18250735283427688
ENSG00000169679,add_own_L24,35.9,35.55555555555556,0.14184074513547712,0.12307402223788784
ENSG00000169679,random_a1.0,38.18,34.65465465465466,0.114664811109047,0.09705036361173493
ENSG00000169679,random_a1.0_L24,34.9,30.99099099099099,0.14966615951211898,0.11941248638814243
ENSG00000169679,unsteered,33.339999999999996,30.45045045045045,0.17726538377432965,0.1609876841802828
ENSG00000169744,add_a0.5,45.480000000000004,47.62762762762763,0.19699697813371755,0.19706790527481835
ENSG00000169744,add_a1.0,57.46,62.10210210210211,0.2309076776466576,0.2165485231751882
ENSG00000169744,add_a1.0_L24,39.2,38.67867867867868,0.1958331148045005,0.21061349859498754
ENSG00000169744,add_a2.0,81.38,80.0,0.4414167188487089,0.39940362477644115
ENSG00000169744,add_a3.0,87.16,88.1081081081081,0.538689315225183,0.48998964455654087
ENSG00000169744,add_a4.0,87.1,89.96996996996998,0.5152000360596596,0.4529074775936889
ENSG00000169744,add_gc_removed_a1.0,40.4,34.8948948948949,0.19530297279233308,0.2076803727993754
ENSG00000169744,add_own,59.660000000000004,70.990990990991,0.25823907420348846,0.23795091486493733
ENSG00000169744,add_own_L24,48.160000000000004,46.546546546546544,0.21872811043388926,0.22967713689489896
ENSG00000169744,random_a1.0,42.68,38.97897897897898,0.3219026827992277,0.33400273584976725
ENSG00000169744,random_a1.0_L24,40.739999999999995,34.174174174174176,0.22638329491901774,0.24637875184348584
ENSG00000169744,unsteered,42.82,45.525525525525524,0.23951502005757036,0.2541416969990326
ENSG00000170385,add_a0.5,69.8,93.33333333333333,0.22724950906390204,0.24313688502208133
ENSG00000170385,add_a1.0,70.64,89.7897897897898,0.2458250708586979,0.2574556278224786
ENSG00000170385,add_a1.0_L24,71.58,90.69069069069069,0.26473952611735824,0.27194694408083125
ENSG00000170385,add_a2.0,75.58,98.13813813813813,0.24380054814243013,0.2640717182617494
ENSG00000170385,add_a3.0,74.86,89.7897897897898,0.24389451613425686,0.24697924340734723
ENSG00000170385,add_a4.0,75.66,91.95195195195194,0.22356486696746974,0.23032831033498344
ENSG00000170385,add_gc_removed_a1.0,65.47999999999999,85.82582582582583,0.1611296907672952,0.17452106194387906
ENSG00000170385,add_own,72.42,93.69369369369369,0.2224509398314775,0.24254819456114998
ENSG00000170385,add_own_L24,61.879999999999995,76.6966966966967,0.14880185575921123,0.14454127891837323
ENSG00000170385,random_a1.0,68.67999999999999,94.29429429429429,0.1990943461706527,0.22026792524120697
ENSG00000170385,random_a1.0_L24,69.53999999999999,94.29429429429429,0.2278144645952362,0.25962693258013037
ENSG00000170385,unsteered,73.02,91.41141141141141,0.25712817354545503,0.26439298310743087
ENSG00000170502,add_a0.5,63.99551066217733,70.84175084175084,0.3927918280856107,0.41755984564790244
ENSG00000170502,add_a1.0,65.0280583613917,72.39057239057239,0.2757807962256299,0.30176526780553725
ENSG00000170502,add_a1.0_L24,44.08529741863075,37.97979797979798,0.4795985508794079,0.484104908633198
ENSG00000170502,add_a2.0,76.79012345679013,76.36363636363637,0.3911937287850724,0.42343267882630276
ENSG00000170502,add_a3.0,77.30639730639732,80.0,0.3597164300746346,0.39641831042729025
ENSG00000170502,add_a4.0,79.68574635241302,89.0909090909091,0.40832175535744425,0.4482641929354408
ENSG00000170502,add_gc_removed_a1.0,55.42087542087542,58.04713804713805,0.2775723285460779,0.29353823378478083
ENSG00000170502,add_own,67.04826038159372,69.4949494949495,0.3574561474801184,0.37303355119876924
ENSG00000170502,add_own_L24,54.186307519640856,54.68013468013468,0.34608944168671285,0.35640427728000984
ENSG00000170502,random_a1.0,44.84848484848485,46.5993265993266,0.4171393234170382,0.40359321667025927
ENSG00000170502,random_a1.0_L24,52.36812570145903,55.622895622895626,0.226934587860477,0.2357552635856516
ENSG00000170502,unsteered,43.72615039281706,41.61616161616162,0.3941198428246186,0.373538669188881
ENSG00000170955,add_a0.5,75.05291005291005,77.46031746031747,0.24491616376551723,0.20644975154262157
ENSG00000170955,add_a1.0,72.6984126984127,88.01587301587301,0.24670197191614113,0.257663335041366
ENSG00000170955,add_a1.0_L24,80.82010582010582,92.85714285714286,0.24849392250166083,0.2705737556074748
ENSG00000170955,add_a2.0,83.33333333333334,95.39682539682539,0.1263558111238694,0.19224921968575848
ENSG00000170955,add_a3.0,80.63492063492063,89.44444444444444,0.16152277265437648,0.20159648518767317
ENSG00000170955,add_a4.0,80.50264550264549,93.73015873015873,0.11677447583832753,0.1805538768970168
ENSG00000170955,add_gc_removed_a1.0,59.28571428571429,67.85714285714286,0.35689935506603243,0.2685291581719678
ENSG00000170955,add_own,75.60846560846561,94.92063492063491,0.12807754885312356,0.16966324585792042
ENSG00000170955,add_own_L24,69.2063492063492,79.44444444444444,0.24049691249591282,0.201336392708971
ENSG00000170955,random_a1.0,70.37037037037037,82.93650793650794,0.2536731754505812,0.24287659196490546
ENSG00000170955,random_a1.0_L24,62.48677248677249,86.5079365079365,0.25925058875330703,0.20479243873533637
ENSG00000170955,unsteered,63.20105820105821,69.84126984126985,0.3958671683798153,0.32244029852780515
ENSG00000171357,add_a0.5,70.30054644808743,81.22950819672131,0.16257804912097004,0.19131164588770894
ENSG00000171357,add_a1.0,80.62841530054645,92.1311475409836,0.16243115744586628,0.28771767660676534
ENSG00000171357,add_a1.0_L24,69.89071038251366,82.62295081967213,0.1933615713760592,0.22464755743690978
ENSG00000171357,add_a2.0,79.20765027322405,90.1639344262295,0.1594341997289622,0.2682685388995373
ENSG00000171357,add_a3.0,85.05464480874316,93.52459016393442,0.18657454151560032,0.318588984516596
ENSG00000171357,add_a4.0,86.20218579234972,92.70491803278688,0.21516662218461424,0.3665227699424166
ENSG00000171357,add_gc_removed_a1.0,56.93989071038252,60.1639344262295,0.2382998026648216,0.17951302466032076
ENSG00000171357,add_own,77.07650273224044,90.65573770491804,0.13414994432361407,0.23027690466075654
ENSG00000171357,add_own_L24,63.3879781420765,73.36065573770492,0.3513466284084121,0.35063730662615417
ENSG00000171357,random_a1.0,68.82513661202185,80.24590163934427,0.1961875603631125,0.21926757573946049
ENSG00000171357,random_a1.0_L24,72.95081967213115,77.21311475409837,0.1700378983223407,0.19521734851870695
ENSG00000171357,unsteered,66.91256830601093,78.0327868852459,0.14701229542077576,0.1503028029368097
ENSG00000171848,add_a0.5,79.64,82.88288288288288,0.47018578723579924,0.42736757093252836
ENSG00000171848,add_a1.0,81.84,86.24624624624624,0.433699938246634,0.3811908945867161
ENSG00000171848,add_a1.0_L24,86.26,88.70870870870871,0.5159749978049399,0.470602423901462
ENSG00000171848,add_a2.0,83.46000000000001,90.5105105105105,0.496960767383254,0.45396646833628207
ENSG00000171848,add_a3.0,86.42,95.07507507507508,0.5212383863486649,0.46292462244552823
ENSG00000171848,add_a4.0,86.8,96.03603603603604,0.5220621755643963,0.47079778287242424
ENSG00000171848,add_gc_removed_a1.0,78.56,82.94294294294295,0.44850298552658235,0.4046476320657222
ENSG00000171848,add_own,86.36,88.76876876876877,0.5619639161323796,0.5281792209757222
ENSG00000171848,add_own_L24,85.26,92.1921921921922,0.5048181094369744,0.4625195243155013
ENSG00000171848,random_a1.0,85.56,86.24624624624624,0.5268542588286406,0.493828717733768
ENSG00000171848,random_a1.0_L24,84.1764964964965,83.24324324324326,0.48064735248909224,0.435587507740852
ENSG00000171848,unsteered,68.61307307307308,76.45645645645645,0.2677902057990119,0.22665892942071078
ENSG00000172244,add_a0.5,39.44,32.972972972972975,0.07330801046158533,0.06743711055209575
ENSG00000172244,add_a1.0,50.67203203203203,51.471471471471475,0.13264608649104587,0.15020609777369148
ENSG00000172244,add_a1.0_L24,35.04,30.75075075075075,0.08408738489480179,0.0755154109426519
ENSG00000172244,add_a2.0,61.120000000000005,66.18618618618618,0.24054677575960576,0.27589308817585767
ENSG00000172244,add_a3.0,80.72,87.44744744744744,0.45953322748002845,0.5099715143695637
ENSG00000172244,add_a4.0,84.52000000000001,87.0870870870871,0.49649729860237446,0.542945769557136
ENSG00000172244,add_gc_removed_a1.0,33.32000000000001,28.648648648648653,0.08779677101367837,0.07287406203141376
ENSG00000172244,add_own,45.4,45.70570570570571,0.10184069390521566,0.11441671558756852
ENSG00000172244,add_own_L24,38.0,33.213213213213216,0.07628266888106945,0.07060106866710028
ENSG00000172244,random_a1.0,31.78,25.645645645645647,0.12710732359472235,0.11288466807697946
ENSG00000172244,random_a1.0_L24,34.760000000000005,23.783783783783782,0.0852232734469923,0.059930291838791096
ENSG00000172244,unsteered,34.5,29.369369369369373,0.09475361400579806,0.07924510546747723
ENSG00000172500,add_a0.5,72.89760348583877,97.12418300653596,0.20261143204175064,0.238410246616247
ENSG00000172500,add_a1.0,71.52505446623094,96.47058823529412,0.16547666907527886,0.18849397652648583
ENSG00000172500,add_a1.0_L24,69.23747276688452,92.81045751633988,0.13785520742370502,0.16937329578852905
ENSG00000172500,add_a2.0,74.40087145969498,96.1437908496732,0.1759996156901919,0.20331459872888602
ENSG00000172500,add_a3.0,77.36383442265796,97.25490196078431,0.19943904372439447,0.22120007516110501
ENSG00000172500,add_a4.0,84.61873638344227,95.88235294117648,0.32344150435184,0.3437004521604588
ENSG00000172500,add_gc_removed_a1.0,58.69281045751634,80.58823529411765,0.16048131249991454,0.1579712871390016
ENSG00000172500,add_own,68.77995642701525,97.64705882352942,0.13449016322771593,0.17544992759006234
ENSG00000172500,add_own_L24,75.66448801742919,94.31372549019608,0.20209051093449998,0.22093102156652664
ENSG00000172500,random_a1.0,66.68845315904139,88.16993464052287,0.15875741401004922,0.16221340086202607
ENSG00000172500,random_a1.0_L24,60.07664473762363,79.73856209150327,0.1616779322344904,0.14420797042286057
ENSG00000172500,unsteered,66.07843137254902,94.11764705882354,0.12973668886272502,0.154574737311077
ENSG00000172671,add_a0.5,37.36,35.61561561561562,0.151985356231399,0.10829097973854869
ENSG00000172671,add_a1.0,47.03305305305305,42.16216216216217,0.1692919763953329,0.16321328397373386
ENSG00000172671,add_a1.0_L24,37.40938938938939,35.13513513513514,0.17184716013480045,0.122174846686858
ENSG00000172671,add_a2.0,76.36,84.92492492492492,0.3174535922824664,0.44546025100367037
ENSG00000172671,add_a3.0,84.17999999999999,90.8108108108108,0.3797890171058758,0.5404854933449142
ENSG00000172671,add_a4.0,86.22,87.0870870870871,0.3937356310689399,0.539203123347176
ENSG00000172671,add_gc_removed_a1.0,38.32,33.993993993993996,0.13673858953752557,0.08123276748280718
ENSG00000172671,add_own,47.46,50.15015015015015,0.11121776104547132,0.1201450658384648
ENSG00000172671,add_own_L24,45.3,45.28528528528528,0.13222894155382944,0.11970114074996703
ENSG00000172671,random_a1.0,38.08,38.7987987987988,0.18642071468133745,0.14865656077843542
ENSG00000172671,random_a1.0_L24,36.32,32.732732732732735,0.18885733194684368,0.12812761422513583
ENSG00000172671,unsteered,42.519999999999996,37.47747747747748,0.09884103174180692,0.07112881271209816
ENSG00000173627,add_a0.5,46.8,40.12012012012012,0.16164705627901294,0.12571866223251432
ENSG00000173627,add_a1.0,51.42,54.174174174174176,0.2007266037942781,0.1806449924634858
ENSG00000173627,add_a1.0_L24,37.22,41.98198198198198,0.16236231618784192,0.12069673006067431
ENSG00000173627,add_a2.0,61.2,71.95195195195194,0.17320167733391384,0.24181699841455306
ENSG00000173627,add_a3.0,72.72,73.75375375375376,0.286296580494733,0.34020222122372734
ENSG00000173627,add_a4.0,83.47999999999999,88.1081081081081,0.355963414336349,0.4490489635852432
ENSG00000173627,add_gc_removed_a1.0,30.46,28.28828828828829,0.3006246172266878,0.22108678262127643
ENSG00000173627,add_own,51.23185185185186,55.015015015015024,0.1425362721337296,0.14738654456789518
ENSG00000173627,add_own_L24,34.96,32.912912912912915,0.22245484078994812,0.15957017289223835
ENSG00000173627,random_a1.0,36.6,34.474474474474476,0.19164706347620358,0.1395856726249179
ENSG00000173627,random_a1.0_L24,31.919999999999998,30.630630630630627,0.22069373007992038,0.15871132283304384
ENSG00000173627,unsteered,38.68,34.53453453453453,0.1905794018537934,0.14231142936763336
ENSG00000173653,add_a0.5,82.96052631578947,93.22368421052632,0.2920104908310335,0.34535530394214814
ENSG00000173653,add_a1.0,82.21491228070175,95.59210526315789,0.2720175987314645,0.3461155750068474
ENSG00000173653,add_a1.0_L24,83.7280701754386,94.01315789473685,0.24740820579750572,0.315483695860522
ENSG00000173653,add_a2.0,81.16228070175438,87.82894736842105,0.2560580070927748,0.32022936250807044
ENSG00000173653,add_a3.0,84.14473684210526,92.10526315789474,0.2696305432891929,0.33049641931396556
ENSG00000173653,add_a4.0,86.20614035087719,96.05263157894737,0.22391646653375913,0.3099945876330247
ENSG00000173653,add_gc_removed_a1.0,76.75438596491229,93.15789473684211,0.22250031682668184,0.2896442936958616
ENSG00000173653,add_own,82.74122807017544,95.13157894736841,0.20954670196765388,0.2920854447460569
ENSG00000173653,add_own_L24,83.15789473684211,98.09210526315789,0.2984688710658133,0.3834914673014992
ENSG00000173653,random_a1.0,86.57894736842105,96.11842105263159,0.3431220007074345,0.4204801432651147
ENSG00000173653,random_a1.0_L24,79.80263157894737,95.59210526315789,0.19368676687106912,0.2697624698863339
ENSG00000173653,unsteered,74.91228070175438,91.11842105263159,0.21464855778670255,0.2702640185955698
ENSG00000173744,add_a0.5,47.06,39.81981981981982,0.033498339160745065,0.025761019772799248
ENSG00000173744,add_a1.0,73.72,87.74774774774775,0.4142703019029982,0.40142959425193947
ENSG00000173744,add_a1.0_L24,47.160000000000004,39.81981981981982,0.03960768439279846,0.025124182418961676
ENSG00000173744,add_a2.0,76.72,95.91591591591592,0.48442507142721103,0.47374635151174005
ENSG00000173744,add_a3.0,81.4,92.79279279279278,0.4891848642565618,0.4785229793544107
ENSG00000173744,add_a4.0,75.56,96.93693693693693,0.4988407647837406,0.4900330328587189
ENSG00000173744,add_gc_removed_a1.0,61.34000000000001,56.87687687687687,0.2343981738852572,0.22249220478124054
ENSG00000173744,add_own,55.760000000000005,59.63963963963964,0.19565458524353957,0.18863102631185982
ENSG00000173744,add_own_L24,49.44,44.56456456456457,0.086736377519004,0.07724521350765398
ENSG00000173744,random_a1.0,54.879999999999995,47.807807807807805,0.1450174742084449,0.13626974629302713
ENSG00000173744,random_a1.0_L24,44.58,36.03603603603604,0.04612632495447311,0.04106218361334995
ENSG00000173744,unsteered,45.32,35.37537537537538,0.02986848057787922,0.021400211744671632
ENSG00000173818,add_a0.5,70.79710144927536,87.6086956521739,0.18660606483272366,0.2090386006423916
ENSG00000173818,add_a1.0,74.6376811594203,87.3913043478261,0.2547777774642408,0.23454726433375836
ENSG00000173818,add_a1.0_L24,68.22463768115942,80.32608695652173,0.28360074400415825,0.26272002542695577
ENSG00000173818,add_a2.0,86.59420289855072,95.43478260869566,0.3069261309100976,0.3659329473043753
ENSG00000173818,add_a3.0,81.26811594202898,93.47826086956522,0.2295439076167763,0.2789188461886932
ENSG00000173818,add_a4.0,82.82608695652173,90.8695652173913,0.2611464426273634,0.3041169582280637
ENSG00000173818,add_gc_removed_a1.0,67.97101449275362,86.41304347826087,0.18280595272063396,0.17124134578983563
ENSG00000173818,add_own,80.68840579710145,93.3695652173913,0.2138980501899272,0.25661290002849746
ENSG00000173818,add_own_L24,65.97826086956522,86.19565217391305,0.12175006905740311,0.07719509586529638
ENSG00000173818,random_a1.0,66.08695652173913,84.56521739130434,0.13430477895537768,0.08892310757917561
ENSG00000173818,random_a1.0_L24,65.14492753623189,85.21739130434783,0.1438071273685136,0.10062334923770544
ENSG00000173818,unsteered,71.23188405797102,87.5,0.16139068915858465,0.15772605934876144
ENSG00000174417,add_a0.5,44.64,44.02402402402403,0.3302131441518391,0.336007289386678
ENSG00000174417,add_a1.0,57.120000000000005,64.02402402402403,0.20049553708953685,0.20303238655974143
ENSG00000174417,add_a1.0_L24,38.879999999999995,43.96396396396396,0.21513528315523267,0.21868499575010794
ENSG00000174417,add_a2.0,78.8,86.90690690690691,0.43304240618136314,0.44798081815571855
ENSG00000174417,add_a3.0,73.32000000000001,75.31531531531532,0.39914650833639087,0.4207649329868752
ENSG00000174417,add_a4.0,83.64,85.4054054054054,0.46705497081709313,0.4875982751861356
ENSG00000174417,add_gc_removed_a1.0,45.88,44.26426426426426,0.19550515329168455,0.19910099255332914
ENSG00000174417,add_own,64.72,74.11411411411412,0.3617030463624207,0.3653027989514458
ENSG00000174417,add_own_L24,55.48,61.02102102102102,0.21659689559751522,0.21937368854867775
ENSG00000174417,random_a1.0,41.64,36.93693693693693,0.2715235198491285,0.2645803535847625
ENSG00000174417,random_a1.0_L24,44.64,43.66366366366366,0.2874050914707379,0.2981272715916322
ENSG00000174417,unsteered,47.14,52.55255255255256,0.1715276750959131,0.18768310831916737
ENSG00000174796,add_a0.5,36.29629629629629,37.67195767195767,0.40236627198841957,0.16216854332928582
ENSG00000174796,add_a1.0,56.507936507936506,51.85185185185185,0.28077817708885405,0.25378925975166833
ENSG00000174796,add_a1.0_L24,38.37742504409171,35.132275132275126,0.41449170910649835,0.19906622512340463
ENSG00000174796,add_a2.0,68.35978835978835,78.73015873015873,0.2533491280222902,0.40231749612788886
ENSG00000174796,add_a3.0,80.84656084656085,79.89417989417989,0.3360913887311433,0.5237783397320641
ENSG00000174796,add_a4.0,82.18694885361552,83.17460317460318,0.32702431031554485,0.5494857782684465
ENSG00000174796,add_gc_removed_a1.0,41.69312169312169,39.04761904761905,0.36847506758250725,0.16598064487146616
ENSG00000174796,add_own,47.47795414462081,46.34920634920635,0.29566348959590816,0.15642180954011936
ENSG00000174796,add_own_L24,34.14462081128748,33.86243386243386,0.4459983735798302,0.1964664192889276
ENSG00000174796,random_a1.0,41.8694885361552,37.24867724867725,0.35715639751764583,0.11050579340849458
ENSG00000174796,random_a1.0_L24,32.098765432098766,28.783068783068785,0.4557574849487815,0.21102706730399556
ENSG00000174796,unsteered,35.90828924162257,34.70899470899471,0.39198151121361813,0.14378877343059754
ENSG00000175224,add_a0.5,50.92,52.852852852852855,0.07464532273149418,0.060880279906579994
ENSG00000175224,add_a1.0,67.16,78.55855855855856,0.1676880569586311,0.23961787204020832
ENSG00000175224,add_a1.0_L24,48.32000000000001,51.65165165165165,0.110997422751664,0.11108728501228575
ENSG00000175224,add_a2.0,74.44000000000001,91.05105105105105,0.25046186265123704,0.3531471256297406
ENSG00000175224,add_a3.0,80.16,84.68468468468468,0.3315800331996232,0.4184764240112111
ENSG00000175224,add_a4.0,77.85999999999999,90.93093093093094,0.25837674486458534,0.3742600109808508
ENSG00000175224,add_gc_removed_a1.0,43.96,44.56456456456456,0.11967497306999175,0.08620635549945423
ENSG00000175224,add_own,68.44,77.83783783783784,0.19035434813179514,0.2533038254633828
ENSG00000175224,add_own_L24,46.660000000000004,47.327327327327325,0.10317581435683199,0.08662961046085246
ENSG00000175224,random_a1.0,43.980000000000004,42.94294294294294,0.11967435095026095,0.09896578502126341
ENSG00000175224,random_a1.0_L24,48.019999999999996,55.435435435435444,0.14106377259265362,0.1367602012627062
ENSG00000175224,unsteered,49.3,52.01201201201202,0.11658030686562959,0.10558257576124061
ENSG00000175595,add_a0.5,79.92,97.83783783783784,0.4944616967165601,0.5156145525922935
ENSG00000175595,add_a1.0,74.14,89.1891891891892,0.3834787099326847,0.41513215146648885
ENSG00000175595,add_a1.0_L24,64.02000000000001,84.56456456456456,0.3474532133891028,0.368512183649793
ENSG00000175595,add_a2.0,80.0,91.29129129129129,0.45547358927284864,0.48482264162499894
ENSG00000175595,add_a3.0,81.2,97.47747747747748,0.49004947998005105,0.5243062509840064
ENSG00000175595,add_a4.0,79.2,94.35435435435436,0.4225715107416844,0.46669612001656197
ENSG00000175595,add_gc_removed_a1.0,54.46,65.76576576576576,0.2659258470702005,0.2844275813466674
ENSG00000175595,add_own,81.46000000000001,96.75675675675674,0.5289246364221221,0.5635992302984535
ENSG00000175595,add_own_L24,68.72,85.82582582582583,0.3680984062434264,0.3942103940577216
ENSG00000175595,random_a1.0,72.25999999999999,86.48648648648648,0.4001693477589102,0.4205189982883802
ENSG00000175595,random_a1.0_L24,53.339999999999996,58.61861861861862,0.22182894210470003,0.23497598298655972
ENSG00000175595,unsteered,68.06,81.2012012012012,0.47882212230670806,0.4888087844440884
ENSG00000175600,add_a0.5,53.220000000000006,66.54654654654655,0.26758183490220644,0.3064151823227358
ENSG00000175600,add_a1.0,62.739999999999995,83.84384384384384,0.2405236504254153,0.33544027085783734
ENSG00000175600,add_a1.0_L24,50.56,55.855855855855864,0.2133543854797649,0.23838724607584724
ENSG00000175600,add_a2.0,80.67999999999999,94.17417417417417,0.46281203785766484,0.5522373192041659
ENSG00000175600,add_a3.0,72.96000000000001,95.79579579579578,0.3332596944540975,0.45190173264567246
ENSG00000175600,add_a4.0,90.47999999999999,95.01501501501501,0.5106991732174779,0.6076008898048793
ENSG00000175600,add_gc_removed_a1.0,44.980000000000004,44.92492492492492,0.12394100937336454,0.13185604056765993
ENSG00000175600,add_own,64.1,67.2072072072072,0.21899562121807,0.27339354430270235
ENSG00000175600,add_own_L24,59.67999999999999,77.83783783783784,0.2395146621283908,0.30698376094664465
ENSG00000175600,random_a1.0,56.82000000000001,66.06606606606606,0.24320354738495958,0.28758670129671654
ENSG00000175600,random_a1.0_L24,59.86,79.33933933933933,0.23991345127374628,0.31457371344130175
ENSG00000175600,unsteered,57.58,72.55255255255256,0.2136831355960211,0.26725562264693603
ENSG00000177000,add_a0.5,52.36,60.36036036036036,0.18987279268286264,0.11640813014466025
ENSG00000177000,add_a1.0,64.02000000000001,82.10210210210211,0.09736897428917891,0.08928975173958363
ENSG00000177000,add_a1.0_L24,62.0,60.18018018018019,0.24125863484958568,0.17054322022842391
ENSG00000177000,add_a2.0,72.25607607607608,94.29429429429429,0.10031245143682747,0.17011055474878994
ENSG00000177000,add_a3.0,79.72,94.53453453453453,0.22350760456749255,0.295629226439038
ENSG00000177000,add_a4.0,77.4,92.49249249249249,0.21916251477934362,0.28759206593978237
ENSG00000177000,add_gc_removed_a1.0,56.58,70.99099099099098,0.10034958212449915,0.029990820216569437
ENSG00000177000,add_own,67.0,88.88888888888889,0.07652238579766496,0.1076936986592572
ENSG00000177000,add_own_L24,55.339999999999996,59.27927927927929,0.2324944021154403,0.15768842812516676
ENSG00000177000,random_a1.0,54.08,62.4024024024024,0.21600485236677983,0.13035059566874452
ENSG00000177000,random_a1.0_L24,59.0,65.46546546546547,0.21987833846729812,0.16048186640450018
ENSG00000177000,unsteered,59.52,61.56156156156156,0.2570099476119086,0.17454831885214064
ENSG00000177548,add_a0.5,77.67999999999999,93.69369369369369,0.17168832631225522,0.1911709671945097
ENSG00000177548,add_a1.0,74.34,89.66966966966967,0.15780000177181264,0.16654819444893312
ENSG00000177548,add_a1.0_L24,67.36,83.96396396396396,0.1313467880083609,0.12645024602682242
ENSG00000177548,add_a2.0,79.06,94.95495495495496,0.16150864344139482,0.19221208585951774
ENSG00000177548,add_a3.0,84.1,94.23423423423424,0.22732412110655234,0.2719262508852558
ENSG00000177548,add_a4.0,86.67999999999999,95.13513513513513,0.2659668586674977,0.31504521855054046
ENSG00000177548,add_gc_removed_a1.0,66.12,75.67567567567568,0.14696184388246397,0.14516462046370018
ENSG00000177548,add_own,75.9,89.7897897897898,0.19690375471585964,0.2166573520320278
ENSG00000177548,add_own_L24,72.0,78.91891891891892,0.16788344985224185,0.17431204063355482
ENSG00000177548,random_a1.0,75.46000000000001,85.82582582582583,0.20577820515010664,0.22088769561509908
ENSG00000177548,random_a1.0_L24,69.08,82.46246246246247,0.1419570668556236,0.14658622594293474
ENSG00000177548,unsteered,66.38,67.74774774774775,0.19733292127048982,0.18429549831057865
ENSG00000177694,add_a0.5,56.31337337337338,56.57657657657658,0.18003575087695556,0.18404488397269486
ENSG00000177694,add_a1.0,55.160000000000004,60.48048048048048,0.13630805476064653,0.1440441391306043
ENSG00000177694,add_a1.0_L24,39.82,38.91891891891892,0.0653757346904174,0.06008855524567782
ENSG00000177694,add_a2.0,64.82000000000001,69.1891891891892,0.21751000054344286,0.22953503879834508
ENSG00000177694,add_a3.0,81.33453453453453,87.50750750750751,0.44842480406792146,0.47408181252151865
ENSG00000177694,add_a4.0,87.02000000000001,90.99099099099098,0.5163917501990006,0.5551640441987471
ENSG00000177694,add_gc_removed_a1.0,36.68,34.71471471471472,0.08082346496715788,0.07135694136760645
ENSG00000177694,add_own,49.239999999999995,50.390390390390394,0.09479593453536925,0.09347944706598547
ENSG00000177694,add_own_L24,38.78,36.03603603603604,0.08071774666612527,0.07536090690393711
ENSG00000177694,random_a1.0,40.04,37.77777777777778,0.0588526792166557,0.05038643939150252
ENSG00000177694,random_a1.0_L24,39.18,34.83483483483484,0.04961169592980751,0.028573151623228165
ENSG00000177694,unsteered,39.980000000000004,38.07807807807808,0.05400227481538058,0.03454187711266342
ENSG00000177706,add_a0.5,80.2,91.47147147147146,0.338867299996715,0.19283199855018504
ENSG00000177706,add_a1.0,77.24000000000001,95.07507507507508,0.3671672544680066,0.20640458526432637
ENSG00000177706,add_a1.0_L24,75.3,92.9129129129129,0.3906355797762148,0.22016066069227444
ENSG00000177706,add_a2.0,80.74,91.17117117117117,0.43129480234506284,0.2540269669504368
ENSG00000177706,add_a3.0,84.44,88.82882882882883,0.42971486007886206,0.29485034917904634
ENSG00000177706,add_a4.0,84.72,96.57657657657657,0.407471915180705,0.22489350162822022
ENSG00000177706,add_gc_removed_a1.0,72.1,91.23123123123123,0.3226900657782685,0.181590626590888
ENSG00000177706,add_own,81.08,86.18618618618618,0.36974705529439317,0.22173377598917082
ENSG00000177706,add_own_L24,78.88,84.86486486486487,0.3794882501698318,0.258910327922588
ENSG00000177706,random_a1.0,75.84,89.12912912912913,0.33081177284380037,0.200717542745006
ENSG00000177706,random_a1.0_L24,77.52000000000001,85.04504504504504,0.31800255651881854,0.19606019148591305
ENSG00000177706,unsteered,75.0,97.77777777777777,0.3640467477724695,0.20432328111878745
ENSG00000177731,add_a0.5,67.92,82.28228228228228,0.30056302546488195,0.2995968250677909
ENSG00000177731,add_a1.0,71.72,83.24324324324326,0.36261371349667215,0.3621268580036854
ENSG00000177731,add_a1.0_L24,70.17999999999999,96.57657657657657,0.28159054378687143,0.2977882817829066
ENSG00000177731,add_a2.0,82.9,95.1951951951952,0.3486969825938403,0.36133784356550785
ENSG00000177731,add_a3.0,80.32000000000001,92.25225225225225,0.3458746373318125,0.35072662748588035
ENSG00000177731,add_a4.0,83.58,90.93093093093094,0.36872581674818755,0.3630652673484773
ENSG00000177731,add_gc_removed_a1.0,64.74,91.17117117117117,0.18467591853349444,0.1855606139230528
ENSG00000177731,add_own,65.34,78.91891891891892,0.2640542239387108,0.25949279848108675
ENSG00000177731,add_own_L24,65.33115115115115,82.22222222222221,0.24264170269354784,0.24291746899606603
ENSG00000177731,random_a1.0,66.66,77.83783783783784,0.3202690050895133,0.31348854346261856
ENSG00000177731,random_a1.0_L24,63.120000000000005,90.57057057057057,0.20749184645861912,0.21750701797500177
ENSG00000177731,unsteered,65.96000000000001,81.38138138138137,0.2637659803638518,0.2572730471864152
ENSG00000177791,add_a0.5,53.98907103825136,48.9344262295082,0.16206279821046804,0.14725684759254576
ENSG00000177791,add_a1.0,68.5792349726776,78.44262295081967,0.19536718813536008,0.1902997759052071
ENSG00000177791,add_a1.0_L24,48.44262295081967,50.65573770491803,0.22270497300359543,0.2086822712792391
ENSG00000177791,add_a2.0,78.00546448087432,84.8360655737705,0.2746992941213212,0.2997248872304227
ENSG00000177791,add_a3.0,79.75409836065573,88.60655737704917,0.26986614008722887,0.30657926047788775
ENSG00000177791,add_a4.0,83.14207650273224,91.14754098360655,0.3093832439121308,0.34611534542206035
ENSG00000177791,add_gc_removed_a1.0,50.16393442622951,44.59016393442623,0.18719081906944654,0.1466178438340018
ENSG00000177791,add_own,60.19125683060109,63.77049180327869,0.17817921013132604,0.17905695957359408
ENSG00000177791,add_own_L24,51.0655737704918,44.09836065573771,0.23270620223302735,0.21544093418504517
ENSG00000177791,random_a1.0,44.42622950819672,41.393442622950815,0.23788830330723248,0.2101578121566731
ENSG00000177791,random_a1.0_L24,55.9016393442623,44.67213114754098,0.2775092301385828,0.2595988115161557
ENSG00000177791,unsteered,54.180327868852466,41.721311475409834,0.23369716670133983,0.20917262572169953
ENSG00000177943,add_a0.5,72.62,74.7147147147147,0.13848252743255238,0.11755605678296757
ENSG00000177943,add_a1.0,76.16,74.35435435435436,0.2147023121872187,0.20480734777726733
ENSG00000177943,add_a1.0_L24,77.2,76.996996996997,0.21544213859066746,0.2250261001788137
ENSG00000177943,add_a2.0,76.82000000000001,81.8018018018018,0.134384535613073,0.1647999859423396
ENSG00000177943,add_a3.0,84.53999999999999,85.28528528528528,0.20441988102693628,0.26483958937629903
ENSG00000177943,add_a4.0,87.67553553553553,87.92792792792793,0.22386819994549997,0.31120599290949846
ENSG00000177943,add_gc_removed_a1.0,68.72,66.96696696696696,0.21048228014199594,0.15551398246246845
ENSG00000177943,add_own,81.5,81.98198198198199,0.26896238683299495,0.29256399291610535
ENSG00000177943,add_own_L24,73.8,77.47747747747749,0.17784238622594675,0.2027426597183184
ENSG00000177943,random_a1.0,71.7,71.71171171171171,0.15366442979386735,0.1156320136524466
ENSG00000177943,random_a1.0_L24,70.56,71.71171171171171,0.19262311548180996,0.14754540341930086
ENSG00000177943,unsteered,67.86,67.62762762762763,0.17289035175106457,0.13141253452459842
ENSG00000177954,add_a0.5,48.446969696969695,50.79545454545455,0.2842117588008128,0.09833578778405891
ENSG00000177954,add_a1.0,55.303030303030305,57.72727272727273,0.3835560641896075,0.30520786931044214
ENSG00000177954,add_a1.0_L24,46.89393939393939,46.70454545454545,0.3844605109156366,0.2321347748877961
ENSG00000177954,add_a2.0,67.5,73.4090909090909,0.4280013124560285,0.4832467006930868
ENSG00000177954,add_a3.0,66.5909090909091,80.22727272727273,0.35823561293916206,0.44245873649895834
ENSG00000177954,add_a4.0,66.51515151515152,79.77272727272728,0.35462517359904533,0.44089114283373626
ENSG00000177954,add_gc_removed_a1.0,45.87121212121212,45.11363636363637,0.4425425658243163,0.2844603084411555
ENSG00000177954,add_own,48.82575757575758,50.11363636363637,0.3876565198899588,0.22842499696541355
ENSG00000177954,add_own_L24,49.848484848484844,52.61363636363636,0.2852282565001115,0.11534416768949718
ENSG00000177954,random_a1.0,46.515151515151516,49.77272727272727,0.31014979242866975,0.10975388778107853
ENSG00000177954,random_a1.0_L24,48.03030303030303,49.88636363636363,0.29833445159013183,0.0799550819845437
ENSG00000177954,unsteered,45.60606060606061,47.84090909090909,0.32082845994376474,0.13044142889067342
ENSG00000178031,add_a0.5,74.46000000000001,89.36936936936937,0.4784920670713504,0.462643543420428
ENSG00000178031,add_a0.5_L24,59.6,62.522522522522515,0.260343355433713,0.249017301420915
ENSG00000178031,add_a1.0,71.66,91.17117117117117,0.3973710842447844,0.36738192276128767
ENSG00000178031,add_a1.0_L24,64.67999999999999,75.37537537537537,0.26168589556875366,0.24731282275645267
ENSG00000178031,add_a2.0,82.64,93.27327327327328,0.49208352070982253,0.4643087223189474
ENSG00000178031,add_a2.0_L24,78.0,90.8108108108108,0.4458412048207353,0.4167304298905578
ENSG00000178031,add_a3.0,85.03999999999999,95.61561561561561,0.5088396305296126,0.48806977707270177
ENSG00000178031,add_a3.0_L24,64.24,69.42942942942943,0.3906497829792084,0.37056804587047887
ENSG00000178031,add_a4.0,88.32000000000001,95.7957957957958,0.5583418941379429,0.5417081941400144
ENSG00000178031,add_a4.0_L24,75.94,82.76276276276276,0.40981197395335,0.3859872558926019
ENSG00000178031,add_gc_removed_a1.0,64.36,75.31531531531532,0.3011658936591517,0.28564396691204696
ENSG00000178031,add_own,75.12,85.88588588588588,0.4266370079320582,0.405838111635976
ENSG00000178031,add_own_L24,63.4,76.87687687687688,0.27111309589953525,0.24602684876972955
ENSG00000178031,random_a1.0,71.72,81.68168168168168,0.3847756544605033,0.3562750325566269
ENSG00000178031,random_a1.0_L24,56.52,59.93993993993994,0.2872058401072775,0.2665603677423285
ENSG00000178031,unsteered,66.06804804804804,80.66066066066067,0.338257870882433,0.31937708559069594
ENSG00000178057,add_a0.5,80.51282051282051,82.94871794871794,0.45766910362682384,0.3975638882456159
ENSG00000178057,add_a1.0,85.34188034188034,87.56410256410257,0.5072625504343471,0.4608621503747517
ENSG00000178057,add_a1.0_L24,78.84615384615384,82.6923076923077,0.3905186013474816,0.3359635387869594
ENSG00000178057,add_a2.0,82.43589743589743,80.12820512820512,0.4348220747816737,0.36747644311655897
ENSG00000178057,add_a3.0,85.38461538461539,85.38461538461539,0.4204181591995172,0.366822788654787
ENSG00000178057,add_a4.0,82.43589743589743,85.12820512820512,0.38729429913936675,0.3328159051008133
ENSG00000178057,add_gc_removed_a1.0,70.0,70.64102564102565,0.31487842746138284,0.2930158318619629
ENSG00000178057,add_own,68.88888888888889,66.53846153846153,0.37285385698192625,0.3446725727538355
ENSG00000178057,add_own_L24,80.21367521367522,82.05128205128206,0.507118624316633,0.4476076569407549
ENSG00000178057,random_a1.0,76.23931623931624,81.66666666666666,0.35165899584714777,0.3092877811029192
ENSG00000178057,random_a1.0_L24,83.11965811965811,84.61538461538461,0.508912784810489,0.4446360272564124
ENSG00000178057,unsteered,78.63247863247864,82.43589743589743,0.41880554550098664,0.36902609168487277
ENSG00000178409,add_a0.5,67.66,84.86486486486487,0.12584129164381191,0.12260112984119723
ENSG00000178409,add_a1.0,74.53999999999999,90.03003003003002,0.14481528157774426,0.17896584163386467
ENSG00000178409,add_a1.0_L24,62.69063063063063,70.99099099099098,0.2974182565952893,0.28386893073362596
ENSG00000178409,add_a2.0,85.58,92.37237237237237,0.23173955865621793,0.3124244608573621
ENSG00000178409,add_a3.0,90.53999999999999,96.63663663663664,0.2593724147427734,0.3664954858112724
ENSG00000178409,add_a4.0,85.1,90.87087087087087,0.23824330973352853,0.32865497268000726
ENSG00000178409,add_gc_removed_a1.0,59.0,64.2042042042042,0.20188688296459895,0.1711347546907286
ENSG00000178409,add_own,79.96000000000001,93.09309309309309,0.2060844438447324,0.2632210825885971
ENSG00000178409,add_own_L24,56.86,61.92192192192192,0.20723483322463201,0.17539768837101533
ENSG00000178409,random_a1.0,55.379999999999995,59.63963963963964,0.2273114704426415,0.19229853191733326
ENSG00000178409,random_a1.0_L24,65.22,73.09309309309309,0.23681839580815298,0.22258485972993242
ENSG00000178409,unsteered,65.12,76.15615615615616,0.16460995692361458,0.1458219850698178
ENSG00000178460,add_a0.5,40.28,37.71771771771772,0.09659111529412916,0.10805447417398224
ENSG00000178460,add_a1.0,45.68,46.90690690690691,0.15725088606648638,0.1711968280220555
ENSG00000178460,add_a1.0_L24,39.1,32.312312312312315,0.09238160348027173,0.0929822263975909
ENSG00000178460,add_a2.0,66.4,84.14414414414414,0.374178854996965,0.39641701855893796
ENSG00000178460,add_a3.0,74.86,89.6096096096096,0.48272499977450867,0.49935608167852125
ENSG00000178460,add_a4.0,78.72,91.23123123123123,0.5412751684323086,0.5556018436665437
ENSG00000178460,add_gc_removed_a1.0,29.660000000000004,26.246246246246244,0.13487607522100847,0.14137550469370389
ENSG00000178460,add_own,61.2,73.93393393393393,0.3368365493953781,0.3522545832315815
ENSG00000178460,add_own_L24,38.72,38.67867867867868,0.08578938056451815,0.08971776473825144
ENSG00000178460,random_a1.0,40.89995995995996,33.99399399399399,0.11647244012985133,0.12240921600248462
ENSG00000178460,random_a1.0_L24,34.68,27.38738738738739,0.08369355286577793,0.08661105821348111
ENSG00000178460,unsteered,31.0,25.045045045045043,0.10775157082320952,0.11025923752904157
ENSG00000178741,add_a0.5,46.46153846153846,44.76923076923077,0.07653072300510909,0.0538258326887803
ENSG00000178741,add_a1.0,52.333333333333336,59.07692307692308,0.1531206364200302,0.15009096344575296
ENSG00000178741,add_a1.0_L24,44.82051282051282,40.46153846153846,0.07114631389253671,0.03311647839560289
ENSG00000178741,add_a2.0,60.38461538461539,77.6923076923077,0.3155620272902081,0.31148556500404123
ENSG00000178741,add_a3.0,64.94871794871796,89.46153846153847,0.3968715424195827,0.3821092266686937
ENSG00000178741,add_a4.0,66.56410256410257,85.38461538461539,0.3955570671971142,0.3792038205979117
ENSG00000178741,add_gc_removed_a1.0,45.56410256410257,43.38461538461539,0.10527908866356664,0.11697317124272157
ENSG00000178741,add_own,47.38461538461539,48.30769230769231,0.10896080067306624,0.09271331309671421
ENSG00000178741,add_own_L24,49.410256410256416,53.15384615384615,0.14027407979896384,0.12931634864744074
ENSG00000178741,random_a1.0,44.82051282051282,40.61538461538461,0.0674846501955974,0.034185274443932934
ENSG00000178741,random_a1.0_L24,44.92307692307692,41.07692307692308,0.06665754141953512,0.0412393710330224
ENSG00000178741,unsteered,45.15384615384615,41.76923076923077,0.06738359624461891,0.035693047733415875
ENSG00000179241,add_a0.5,78.3225806451613,84.12903225806451,0.2728426759805818,0.25317531817706046
ENSG00000179241,add_a1.0,83.6774193548387,85.61290322580645,0.3432175330542337,0.3343985362608474
ENSG00000179241,add_a1.0_L24,57.82795698924731,58.70967741935484,0.19603220019208797,0.205163558748658
ENSG00000179241,add_a2.0,80.58064516129032,80.45161290322581,0.30546445560558855,0.3000610441812537
ENSG00000179241,add_a3.0,85.89247311827957,87.41935483870968,0.3699023897259769,0.3490011555092198
ENSG00000179241,add_a4.0,80.38709677419355,88.64516129032259,0.2724872069434795,0.24983010561877653
ENSG00000179241,add_gc_removed_a1.0,65.2258064516129,65.87096774193549,0.15055586096206622,0.15809590516243263
ENSG00000179241,add_own,81.65591397849462,83.61290322580645,0.29325814939647116,0.2736986638010334
ENSG00000179241,add_own_L24,62.258064516129025,64.96774193548387,0.19960236314000918,0.20924465566606854
ENSG00000179241,random_a1.0,66.23655913978494,66.7741935483871,0.19321960660083387,0.20331569164058347
ENSG00000179241,random_a1.0_L24,59.31182795698925,59.225806451612904,0.2514774313813447,0.2654777977642885
ENSG00000179241,unsteered,61.80645161290322,68.64516129032259,0.1230228947949562,0.11878948529223103
ENSG00000179562,add_a0.5,74.86,97.17717717717719,0.12916805099023024,0.284429118275347
ENSG00000179562,add_a1.0,73.64,92.31231231231232,0.11834419499568676,0.2394076723412649
ENSG00000179562,add_a1.0_L24,59.67999999999999,72.01201201201202,0.08769318493171605,0.0528517362747571
ENSG00000179562,add_a2.0,80.56,98.85885885885885,0.17561530718871987,0.34795176240744385
ENSG00000179562,add_a3.0,79.74,97.17717717717717,0.1859896328534675,0.33213561571026967
ENSG00000179562,add_a4.0,81.86,95.73573573573574,0.19296690546723724,0.33990913843896
ENSG00000179562,add_gc_removed_a1.0,58.160000000000004,69.9099099099099,0.1513862527168775,0.13171076870398163
ENSG00000179562,add_own,75.2,95.31531531531532,0.14180665562834008,0.27688694701747607
ENSG00000179562,add_own_L24,66.4,83.06306306306305,0.10089350286288531,0.1515782108491796
ENSG00000179562,random_a1.0,61.6,74.5945945945946,0.09531024919896607,0.0732524537884534
ENSG00000179562,random_a1.0_L24,55.94,62.76276276276276,0.1222653782341955,0.029261183385490764
ENSG00000179562,unsteered,61.879999999999995,76.75675675675676,0.1055956141862339,0.09788341069794146
ENSG00000179943,add_a0.5,72.61351351351351,88.52852852852853,0.13404749349765746,0.1520932625648492
ENSG00000179943,add_a1.0,76.12,97.17717717717719,0.08686994592048772,0.13373418635169115
ENSG00000179943,add_a1.0_L24,73.27353353353354,80.54054054054055,0.1429184788049112,0.14167592583398825
ENSG00000179943,add_a2.0,80.22,96.63663663663662,0.09959208577989791,0.12444307824087546
ENSG00000179943,add_a3.0,82.66,93.57357357357357,0.10823432721630988,0.12122363585720539
ENSG00000179943,add_a4.0,80.84,95.01501501501501,0.0952959866797179,0.11580410932857807
ENSG00000179943,add_gc_removed_a1.0,63.82000000000001,80.72072072072072,0.16711006340517104,0.17687834217753387
ENSG00000179943,add_own,73.79513513513514,89.90448279604905,0.11331873537667754,0.1373782443716597
ENSG00000179943,add_own_L24,76.22,95.91591591591592,0.16619761678260409,0.1985288684916486
ENSG00000179943,random_a1.0,69.12,82.16216216216216,0.15978213700458815,0.1568850978281241
ENSG00000179943,random_a1.0_L24,68.82000000000001,86.96696696696696,0.15063905687057183,0.16174681694193693
ENSG00000179943,unsteered,70.32000000000001,83.72372372372372,0.13146514486646182,0.15300389661798283
ENSG00000179958,add_a0.5,68.78306878306879,82.38095238095238,0.19446068987494763,0.23881461092997197
ENSG00000179958,add_a1.0,71.05820105820105,87.3015873015873,0.18082563486871855,0.23941427467584483
ENSG00000179958,add_a1.0_L24,71.05820105820106,86.19047619047619,0.21481567654676098,0.27369683053085114
ENSG00000179958,add_a2.0,74.07407407407408,88.57142857142858,0.16516574469152115,0.2605127212376574
ENSG00000179958,add_a3.0,77.35449735449735,93.4920634920635,0.20690331994596162,0.3075701512923684
ENSG00000179958,add_a4.0,73.43915343915344,88.73015873015872,0.17956697822282494,0.2605468927292766
ENSG00000179958,add_gc_removed_a1.0,70.95238095238095,88.25396825396825,0.17878443305535968,0.27455433338039653
ENSG00000179958,add_own,73.96825396825398,86.82539682539682,0.18832549027639944,0.2575984571866231
ENSG00000179958,add_own_L24,71.37566137566138,76.66666666666666,0.21051163450026794,0.2631251635310915
ENSG00000179958,random_a1.0,71.37566137566138,85.71428571428571,0.1721919330314433,0.2627406658890477
ENSG00000179958,random_a1.0_L24,68.78306878306879,83.01587301587301,0.17859277320553413,0.21479799504404967
ENSG00000179958,unsteered,71.26984126984128,86.82539682539684,0.1604065088106654,0.257236971800888
ENSG00000179988,add_a0.5,81.61425576519916,93.20754716981132,0.3604937752171955,0.5323855335595586
ENSG00000179988,add_a1.0,77.40041928721175,86.85534591194968,0.2842685857713393,0.4359096727138264
ENSG00000179988,add_a1.0_L24,78.95178197064989,90.44025157232704,0.3858153130564195,0.5305605731202429
ENSG00000179988,add_a2.0,79.74842767295597,91.38364779874215,0.3031055222024502,0.46929316523480064
ENSG00000179988,add_a3.0,81.33760539925778,87.04402515723271,0.28762762937685415,0.46314463895122715
ENSG00000179988,add_a4.0,82.53668763102726,90.31446540880503,0.3216785605679682,0.4836055861954748
ENSG00000179988,add_gc_removed_a1.0,73.47260444233261,90.75471698113208,0.2868925748784023,0.42219192406671463
ENSG00000179988,add_own,81.98681863078306,95.84905660377359,0.3205450491274184,0.506093417343109
ENSG00000179988,add_own_L24,72.47379454926624,86.16352201257862,0.2627740244764703,0.3961443779484438
ENSG00000179988,random_a1.0,70.88890648751268,74.27672955974842,0.3413646979403389,0.4552863644744155
ENSG00000179988,random_a1.0_L24,74.57023060796647,90.69182389937107,0.320495671080785,0.4774875703764264
ENSG00000179988,unsteered,74.84276729559748,86.54088050314466,0.3567133397374187,0.48759896027974914
ENSG00000180198,add_a0.5,60.239999999999995,73.3933933933934,0.36710541002359737,0.38007564538387845
ENSG00000180198,add_a1.0,64.24000000000001,70.63063063063063,0.2815398696998073,0.30817182056814707
ENSG00000180198,add_a1.0_L24,57.08,64.2042042042042,0.20356977998448517,0.18573808193854768
ENSG00000180198,add_a2.0,74.22,75.1951951951952,0.2910015073340805,0.3420152084377127
ENSG00000180198,add_a3.0,85.14,91.95195195195194,0.22966892102763242,0.35419925445449224
ENSG00000180198,add_a4.0,89.22,92.07207207207207,0.3001817817581824,0.4293963970247897
ENSG00000180198,add_gc_removed_a1.0,46.14,51.95195195195195,0.32070699295778443,0.258981311453841
ENSG00000180198,add_own,71.66,75.61561561561561,0.2181546348406167,0.2637715622111087
ENSG00000180198,add_own_L24,61.1,72.13213213213213,0.48983475955311817,0.5070890569943235
ENSG00000180198,random_a1.0,59.6,68.04804804804806,0.30098627437510383,0.28700920308485367
ENSG00000180198,random_a1.0_L24,59.56,73.87387387387388,0.47895627724696244,0.46611404039259713
ENSG00000180198,unsteered,56.3,57.17717717717718,0.4257604220165854,0.4074975296687362
ENSG00000180875,add_a0.5,75.73435504469987,94.40613026819923,0.31247584970932213,0.32368267583318433
ENSG00000180875,add_a1.0,75.68326947637291,91.34099616858238,0.31085555161357004,0.3293682371472008
ENSG00000180875,add_a1.0_L24,72.8735632183908,96.16858237547893,0.2739432739380802,0.2785748372206989
ENSG00000180875,add_a2.0,75.27458492975734,96.16858237547893,0.2694876876234988,0.2879701577410707
ENSG00000180875,add_a3.0,78.87611749680715,92.26053639846742,0.32898992353306267,0.3616881060380259
ENSG00000180875,add_a4.0,77.31800766283524,94.71264367816092,0.28381652986325495,0.31673404381117964
ENSG00000180875,add_gc_removed_a1.0,70.21711366538952,90.03831417624521,0.2857994401477341,0.2972542520062115
ENSG00000180875,add_own,70.52362707535121,92.10727969348659,0.2869529484815702,0.2877350067948581
ENSG00000180875,add_own_L24,73.51213282247765,96.0919540229885,0.2591091375516305,0.26383164717460234
ENSG00000180875,random_a1.0,74.61047254150702,96.7816091954023,0.2894089422888502,0.29120764372406976
ENSG00000180875,random_a1.0_L24,73.74201787994892,95.17241379310344,0.32136530510510164,0.32661063859838835
ENSG00000180875,unsteered,70.57471264367817,96.32183908045977,0.27637071128664187,0.276108195179319
ENSG00000181004,add_a0.5,40.17999999999999,36.996996996997,0.329753600833505,0.29166787071221034
ENSG00000181004,add_a1.0,49.8,50.030030030030034,0.2124776508949787,0.27532771871326395
ENSG00000181004,add_a1.0_L24,35.0,27.027027027027025,0.3134803879751916,0.2161393541007738
ENSG00000181004,add_a2.0,70.6,70.99099099099098,0.2717933384807871,0.4358775089835557
ENSG00000181004,add_a3.0,77.26,76.996996996997,0.2731200186187825,0.49141317422238
ENSG00000181004,add_a4.0,82.7,87.56756756756756,0.3272616991985194,0.5717356404698218
ENSG00000181004,add_gc_removed_a1.0,27.4,25.525525525525527,0.3558741439626406,0.24811854716158707
ENSG00000181004,add_own,46.2,38.738738738738746,0.28180221460293803,0.24522641158139996
ENSG00000181004,add_own_L24,35.04,37.11711711711712,0.3689707291499819,0.3138199742782365
ENSG00000181004,random_a1.0,29.54,26.906906906906908,0.3142340193760109,0.20477370076048765
ENSG00000181004,random_a1.0_L24,30.060000000000002,17.65765765765766,0.33182376866975655,0.2004595132626549
ENSG00000181004,unsteered,30.880000000000003,26.606606606606608,0.3040908166668359,0.20078424519456659
ENSG00000181544,add_a0.5,45.32,46.54654654654655,0.14898595759374075,0.1624343368636659
ENSG00000181544,add_a1.0,44.28,43.6036036036036,0.09948470214933418,0.11675349381467284
ENSG00000181544,add_a1.0_L24,38.339999999999996,39.21921921921922,0.10772345162007743,0.09607764647607649
ENSG00000181544,add_a2.0,67.86,73.21321321321321,0.25929904946991117,0.3575337572045288
ENSG00000181544,add_a3.0,80.42,88.4084084084084,0.4018937101110921,0.5282631375911716
ENSG00000181544,add_a4.0,85.7,90.45045045045045,0.4961075577271349,0.6183990150882487
ENSG00000181544,add_gc_removed_a1.0,37.08,31.771771771771775,0.13756631892588697,0.10854283417386994
ENSG00000181544,add_own,48.88,52.732732732732735,0.10830067541226392,0.15706844562800792
ENSG00000181544,add_own_L24,38.42,38.73873873873874,0.15473130749221115,0.14893583111619624
ENSG00000181544,random_a1.0,34.06,27.80780780780781,0.2031671351612728,0.17237289889545843
ENSG00000181544,random_a1.0_L24,44.7,41.68168168168168,0.11362195327971443,0.11658465591051659
ENSG00000181544,unsteered,33.239999999999995,32.192192192192195,0.1554353344615673,0.11245280805220619
ENSG00000181827,add_a0.5,59.84000000000001,64.44444444444444,0.12854278179888948,0.19207262897434618
ENSG00000181827,add_a1.0,65.9,82.28228228228228,0.17246610178780122,0.2934620782720508
ENSG00000181827,add_a1.0_L24,54.9,64.68468468468468,0.09738822317893404,0.15268275904799458
ENSG00000181827,add_a2.0,82.17999999999999,95.43543543543544,0.3401972532178324,0.5097623025227718
ENSG00000181827,add_a3.0,81.82000000000001,92.49249249249249,0.29164767315329343,0.4542376152586671
ENSG00000181827,add_a4.0,88.36,93.57357357357357,0.42127298583671047,0.5690251702399763
ENSG00000181827,add_gc_removed_a1.0,45.0,44.86486486486486,0.10370302980657638,0.08134236139169582
ENSG00000181827,add_own,69.78,86.42642642642643,0.20891255397431568,0.35096876253326903
ENSG00000181827,add_own_L24,64.84,73.75375375375376,0.19400513682392387,0.28014027137146236
ENSG00000181827,random_a1.0,48.54,49.96996996996997,0.09582737090730767,0.0937144256013523
ENSG00000181827,random_a1.0_L24,49.12,51.891891891891895,0.10463462684809648,0.1059483723732025
ENSG00000181827,unsteered,55.98,58.07807807807808,0.20780644060170622,0.21325561054745554
ENSG00000182747,add_a0.5,76.48,94.83483483483482,0.18041438412168911,0.1414467764229433
ENSG00000182747,add_a1.0,78.67999999999999,96.93693693693693,0.18322119991366712,0.15905570044534048
ENSG00000182747,add_a1.0_L24,79.46000000000001,95.07507507507508,0.1943697071825093,0.15834182199693414
ENSG00000182747,add_a2.0,80.53593593593594,98.67867867867866,0.19099155739046797,0.16420888563958846
ENSG00000182747,add_a3.0,79.15475475475475,96.39386374326133,0.18477710863990557,0.15105593759162414
ENSG00000182747,add_a4.0,83.72,96.15615615615616,0.2654244326910825,0.24612684432778664
ENSG00000182747,add_gc_removed_a1.0,67.76,89.24924924924925,0.13231406344533378,0.11638854679466851
ENSG00000182747,add_own,75.86,98.61861861861863,0.15264186849268277,0.11063198701999281
ENSG00000182747,add_own_L24,75.72,97.05705705705705,0.21544915338395607,0.17840030538668233
ENSG00000182747,random_a1.0,70.23209209209209,93.03303303303304,0.13523190666665869,0.10422804556280382
ENSG00000182747,random_a1.0_L24,78.53999999999999,93.93393393393393,0.18754253696007017,0.15075217087083784
ENSG00000182747,unsteered,76.06,95.01501501501501,0.23324852553223296,0.20345221158224808
ENSG00000183032,add_a0.5,58.66666666666667,70.37037037037037,0.24616715402662687,0.2763981041518807
ENSG00000183032,add_a1.0,64.39506172839506,78.59259259259258,0.27415268491132616,0.3263663271069634
ENSG00000183032,add_a1.0_L24,58.098765432098766,67.55555555555556,0.2101899830258125,0.24099771831545067
ENSG00000183032,add_a2.0,80.09876543209876,86.74074074074073,0.4209467035506168,0.49239874543154827
ENSG00000183032,add_a3.0,76.88888888888889,81.92592592592592,0.4051853936906869,0.4516661754691815
ENSG00000183032,add_a4.0,80.64197530864197,91.18518518518519,0.40909507608034534,0.4859463381701364
ENSG00000183032,add_gc_removed_a1.0,48.44444444444444,53.85185185185185,0.16491199236244053,0.16624925082414654
ENSG00000183032,add_own,62.19753086419753,69.03703703703704,0.24377786330756585,0.27548500083108596
ENSG00000183032,add_own_L24,46.81481481481482,52.222222222222214,0.235769582645624,0.22221916116776647
ENSG00000183032,random_a1.0,52.81481481481482,59.40740740740741,0.25084854170846266,0.2657865859380336
ENSG00000183032,random_a1.0_L24,45.20987654320988,46.29629629629629,0.21114672043483534,0.19062449880200422
ENSG00000183032,unsteered,50.641975308641975,54.44444444444444,0.22214548198113304,0.21082477303332667
ENSG00000183208,add_a0.5,53.31288343558282,58.895705521472394,0.38783773512837144,0.19373156469151248
ENSG00000183208,add_a1.0,63.23108384458078,67.11656441717791,0.3073109078838506,0.1732264250591376
ENSG00000183208,add_a1.0_L24,42.31083844580777,41.288343558282214,0.6255140093290785,0.43266607675787905
ENSG00000183208,add_a2.0,70.83844580777097,80.24539877300614,0.23205763429278417,0.222438897294755
ENSG00000183208,add_a3.0,83.33333333333334,93.61963190184049,0.1511119882503417,0.2936139631458137
ENSG00000183208,add_a4.0,83.78323108384458,84.96932515337423,0.22948017502745413,0.31556207182283486
ENSG00000183208,add_gc_removed_a1.0,41.30879345603272,39.877300613496935,0.4821603473713144,0.21261277313981647
ENSG00000183208,add_own,64.86707566462168,74.23312883435582,0.23472932742912528,0.17443689895116807
ENSG00000183208,add_own_L24,53.10838445807771,55.15337423312883,0.381295964307547,0.20591465696416913
ENSG00000183208,random_a1.0,50.32719836400818,50.06134969325153,0.40884875178897884,0.20141953739104027
ENSG00000183208,random_a1.0_L24,43.374233128834355,40.858895705521476,0.485712464328736,0.21441011682340885
ENSG00000183208,unsteered,43.10838445807771,41.22699386503068,0.5245694831761942,0.27302919783322943
ENSG00000183479,add_a0.5,75.260663507109,93.64928909952607,0.1919821607548559,0.13037730066054393
ENSG00000183479,add_a1.0,76.52448657187993,93.8388625592417,0.19739965251350172,0.14632057233396076
ENSG00000183479,add_a1.0_L24,73.61769352290679,91.09004739336493,0.184088222879543,0.13974266007609465
ENSG00000183479,add_a2.0,79.65244865718799,91.4691943127962,0.23996193250188255,0.18057193518038303
ENSG00000183479,add_a3.0,76.65086887835703,96.2085308056872,0.2085841875773989,0.1631434020030452
ENSG00000183479,add_a4.0,83.28593996840442,93.27014218009478,0.25389969181155836,0.22590590036990682
ENSG00000183479,add_gc_removed_a1.0,69.0995260663507,88.5308056872038,0.15082097327861543,0.12391120845406914
ENSG00000183479,add_own,79.5260663507109,96.39810426540285,0.2168663815653659,0.153619216684807
ENSG00000183479,add_own_L24,73.8388625592417,85.68720379146919,0.2074701164512042,0.16267889100082866
ENSG00000183479,random_a1.0,74.50236966824644,88.81516587677724,0.1963096374619597,0.1494752846842278
ENSG00000183479,random_a1.0_L24,72.8909952606635,89.85781990521328,0.17572485204071117,0.12886448958323957
ENSG00000183479,unsteered,74.59715639810426,89.57345971563981,0.21102528893267647,0.15038410503166338
ENSG00000183495,add_a0.5,80.3,78.91891891891892,0.3401047796382222,0.27909589094207155
ENSG00000183495,add_a1.0,81.76,87.32732732732732,0.3471358429377398,0.28082359087225506
ENSG00000183495,add_a1.0_L24,78.3,84.32432432432432,0.33707685649823266,0.26422404609783456
ENSG00000183495,add_a2.0,83.5,83.72372372372372,0.36541426557218126,0.30831893171897884
ENSG00000183495,add_a3.0,89.05999999999999,89.12912912912913,0.419278564880056,0.34624763881863796
ENSG00000183495,add_a4.0,92.6,92.67267267267268,0.4718913863147042,0.414039541735667
ENSG00000183495,add_gc_removed_a1.0,72.4,74.2942942942943,0.21841414758895256,0.1729317520097196
ENSG00000183495,add_own,77.16,75.43543543543544,0.26726364514668544,0.2145092001887509
ENSG00000183495,add_own_L24,76.38,78.43843843843844,0.26920986823556925,0.2160861092935186
ENSG00000183495,random_a1.0,74.12,77.17717717717719,0.3009272860403657,0.2544403024085612
ENSG00000183495,random_a1.0_L24,73.7,71.47147147147147,0.32876034008247873,0.2687851491887898
ENSG00000183495,unsteered,79.74,78.07807807807808,0.3253964193132301,0.27792747800565964
ENSG00000183751,add_a0.5,71.53999999999999,83.48348348348348,0.16113502608187247,0.15907369962275072
ENSG00000183751,add_a1.0,72.1,91.95195195195194,0.11857362670656937,0.14217768031304112
ENSG00000183751,add_a1.0_L24,63.45573573573573,79.21921921921921,0.17482375693994906,0.15088878534588418
ENSG00000183751,add_a2.0,80.08,91.23123123123123,0.20657022079818915,0.25532898470925275
ENSG00000183751,add_a3.0,78.1,93.87387387387386,0.1335093076099521,0.19041024260047557
ENSG00000183751,add_a4.0,83.72,94.83483483483482,0.2018196319360722,0.2820681030854111
ENSG00000183751,add_gc_removed_a1.0,58.52,68.1081081081081,0.22276953473603522,0.1742480465451318
ENSG00000183751,add_own,75.06,92.67267267267268,0.14401863508090415,0.1789017116570646
ENSG00000183751,add_own_L24,63.82000000000001,76.81681681681683,0.23448597178625535,0.20095016424245418
ENSG00000183751,random_a1.0,54.572132132132126,63.66366366366367,0.2499859298948448,0.19632749255280274
ENSG00000183751,random_a1.0_L24,63.14,74.8948948948949,0.1572934003218421,0.12076445483955507
ENSG00000183751,unsteered,64.27345345345346,77.58656246608055,0.12196152109091729,0.10583919076517145
ENSG00000185015,add_a0.5,50.085470085470085,54.957264957264954,0.21749601778414296,0.2268891459262516
ENSG00000185015,add_a1.0,42.99145299145299,46.495726495726494,0.2496384019513524,0.25997188987362213
ENSG00000185015,add_a1.0_L24,53.105413105413106,60.51282051282051,0.19979268071533793,0.21260218921294333
ENSG00000185015,add_a2.0,64.3019943019943,72.56410256410257,0.2557177817899393,0.29025167705344335
ENSG00000185015,add_a3.0,70.68376068376068,88.54700854700855,0.3361243015424073,0.36622677105680335
ENSG00000185015,add_a4.0,81.05413105413106,88.8034188034188,0.4163005241724916,0.4586823662167216
ENSG00000185015,add_gc_removed_a1.0,45.04273504273504,42.820512820512825,0.15599933003609695,0.14764923793490242
ENSG00000185015,add_own,47.065527065527064,51.36752136752136,0.1958779105215013,0.2065626851247996
ENSG00000185015,add_own_L24,40.940170940170944,42.820512820512825,0.3308835479574054,0.34347832524001143
ENSG00000185015,random_a1.0,48.034188034188034,53.07692307692308,0.24614783941651575,0.2694608996413677
ENSG00000185015,random_a1.0_L24,41.05413105413105,44.35897435897436,0.18258733611135053,0.18003376102102125
ENSG00000185015,unsteered,49.23076923076923,56.49572649572649,0.17999124564554295,0.2060982299135853
ENSG00000185187,add_a0.5,72.04,72.43243243243244,0.2551804229432991,0.21806699759868392
ENSG00000185187,add_a1.0,75.74,78.61861861861863,0.2346475715191565,0.19791481132959987
ENSG00000185187,add_a1.0_L24,67.53999999999999,66.90690690690691,0.29773086306657176,0.2581480273264378
ENSG00000185187,add_a2.0,81.66,86.30630630630631,0.24843744667334375,0.243423006217884
ENSG00000185187,add_a3.0,81.2,82.34234234234233,0.2616247494587945,0.2548833778718874
ENSG00000185187,add_a4.0,87.76,88.52852852852854,0.3180907107097891,0.3389930459673668
ENSG00000185187,add_gc_removed_a1.0,62.58,62.34234234234234,0.3023321877770175,0.22833238750673207
ENSG00000185187,add_own,74.08,75.43543543543544,0.25213996250925197,0.21318724338624778
ENSG00000185187,add_own_L24,68.03999999999999,78.73873873873875,0.32689631180544687,0.2941049179225043
ENSG00000185187,random_a1.0,59.739999999999995,63.003003003003,0.26583068619031175,0.19657222299922306
ENSG00000185187,random_a1.0_L24,64.97999999999999,68.64864864864865,0.22591594688348726,0.15646379953616946
ENSG00000185187,unsteered,63.4,60.96096096096096,0.28801473565676694,0.24270665150388263
ENSG00000185633,add_a0.5,61.637931034482754,80.49568965517241,0.4769625741385032,0.48819261083519283
ENSG00000185633,add_a1.0,61.206896551724135,73.8146551724138,0.5175414952940044,0.4972577126274774
ENSG00000185633,add_a1.0_L24,60.201149425287355,77.80172413793103,0.4803499844442093,0.5002735888438139
ENSG00000185633,add_a2.0,65.80459770114943,81.68103448275862,0.45898497923660153,0.45234772150012725
ENSG00000185633,add_a3.0,69.89942528735632,83.51293103448276,0.4875528209043039,0.48781970779630046
ENSG00000185633,add_a4.0,70.00718390804597,83.40517241379311,0.45574633585794266,0.4663981617257902
ENSG00000185633,add_gc_removed_a1.0,51.077586206896555,64.54741379310344,0.5166493623434402,0.5076827616469222
ENSG00000185633,add_own,53.125,62.71551724137931,0.509655846200095,0.5019389278548627
ENSG00000185633,add_own_L24,52.19109195402299,58.29741379310345,0.5185395456996144,0.49868852237996597
ENSG00000185633,random_a1.0,57.6867816091954,74.67672413793103,0.49734883632609317,0.4972290708392454
ENSG00000185633,random_a1.0_L24,57.00431034482759,72.73706896551724,0.4858976982605486,0.49781817323477096
ENSG00000185633,unsteered,60.27298850574713,77.69396551724138,0.5013350096911268,0.5065309430609115
ENSG00000186132,add_a0.5,41.98167239404353,42.09621993127148,0.35107733531010715,0.23432552773905688
ENSG00000186132,add_a1.0,35.28064146620847,36.25429553264605,0.4474080585551769,0.272349512305581
ENSG00000186132,add_a1.0_L24,36.483390607101946,35.39518900343643,0.32624219615648825,0.13746091654358975
ENSG00000186132,add_a2.0,55.38373424971363,69.58762886597938,0.27992697934735583,0.35107581453129694
ENSG00000186132,add_a3.0,64.66208476517755,79.55326460481099,0.2850366305808563,0.48702896529536494
ENSG00000186132,add_a4.0,68.95761741122566,85.73883161512028,0.2874879815790361,0.5302065445881955
ENSG00000186132,add_gc_removed_a1.0,35.56701030927835,33.161512027491405,0.4189553533383456,0.2090279945498661
ENSG00000186132,add_own,49.026345933562425,53.95189003436426,0.3084733500427456,0.28808972976057523
ENSG00000186132,add_own_L24,35.73883161512027,34.707903780068726,0.38210837698749484,0.21244275691225403
ENSG00000186132,random_a1.0,34.02061855670103,32.98969072164949,0.3642879788123727,0.13468158090685742
ENSG00000186132,random_a1.0_L24,35.967926689576174,33.50515463917526,0.329063990397061,0.10008374643369215
ENSG00000186132,unsteered,33.90607101947308,31.95876288659794,0.3946897898506025,0.19956578694204105
ENSG00000186532,add_a0.5,43.570930930930935,46.42642642642643,0.15515551381874876,0.1329171320545552
ENSG00000186532,add_a1.0,48.9,55.49549549549549,0.18812438890697983,0.17874219829306365
ENSG00000186532,add_a1.0_L24,39.78906906906907,39.45945945945946,0.1893966784852173,0.14556112383709582
ENSG00000186532,add_a2.0,59.17999999999999,64.2042042042042,0.1478762561709329,0.17940429676245323
ENSG00000186532,add_a3.0,76.24,80.78078078078077,0.248177298670511,0.3432877647554039
ENSG00000186532,add_a4.0,78.72,84.62462462462463,0.23967510482362092,0.3464728855644918
ENSG00000186532,add_gc_removed_a1.0,37.04,27.56756756756757,0.2507094628469168,0.18448469059165307
ENSG00000186532,add_own,55.75999999999999,59.75975975975975,0.2434385469352654,0.250120496665532
ENSG00000186532,add_own_L24,37.739999999999995,39.0990990990991,0.2523484815754224,0.2139316780837564
ENSG00000186532,random_a1.0,43.408588588588586,42.60573826838887,0.16162564335820584,0.1323873188311076
ENSG00000186532,random_a1.0_L24,36.760000000000005,34.77477477477478,0.24702562343763526,0.20192646732079766
ENSG00000186532,unsteered,35.38,33.933933933933936,0.2054066504673741,0.14392594175183443
ENSG00000186871,add_a0.5,48.1,56.51651651651652,0.1850384648783547,0.15664256670591642
ENSG00000186871,add_a1.0,62.17999999999999,77.71771771771772,0.1330600095186698,0.25371198122640265
ENSG00000186871,add_a1.0_L24,46.519999999999996,49.42942942942943,0.18883616906333087,0.13567773277367634
ENSG00000186871,add_a2.0,75.5,90.99099099099098,0.24651103058715798,0.42779174482598636
ENSG00000186871,add_a3.0,75.42,88.58858858858858,0.2532067992837484,0.4236134927417406
ENSG00000186871,add_a4.0,82.62,94.05405405405405,0.33557504382735936,0.52551335697493
ENSG00000186871,add_gc_removed_a1.0,42.48,45.04504504504504,0.16561336839792967,0.08056529910542783
ENSG00000186871,add_own,70.4,79.27927927927928,0.2322397176041962,0.3594210280821797
ENSG00000186871,add_own_L24,46.82,51.471471471471475,0.1349192247259175,0.10532762316089532
ENSG00000186871,random_a1.0,48.04,49.42942942942943,0.19801695956479795,0.12533959240056008
ENSG00000186871,random_a1.0_L24,41.839999999999996,42.76276276276276,0.1978391861900028,0.09371031241920112
ENSG00000186871,unsteered,45.4,47.567567567567565,0.18541828517728431,0.11539812887114627
ENSG00000187231,add_a0.5,43.160000000000004,40.18018018018018,0.047819764402074916,0.03367128207355794
ENSG00000187231,add_a1.0,52.02,57.95795795795796,0.09668018924503342,0.12300801928713478
ENSG00000187231,add_a1.0_L24,45.0,43.06306306306307,0.07252592952607975,0.06631912354504206
ENSG00000187231,add_a2.0,65.76,80.0,0.23648299376031998,0.2918414949680401
ENSG00000187231,add_a3.0,71.28,78.55855855855856,0.33054709979876296,0.3916411523694614
ENSG00000187231,add_a4.0,81.84,91.41141141141141,0.47402298929554104,0.5313604263286127
ENSG00000187231,add_gc_removed_a1.0,39.78,36.21621621621622,0.0818514940250975,0.07914398304301754
ENSG00000187231,add_own,56.220000000000006,65.76576576576576,0.15025511201352426,0.18389856542189695
ENSG00000187231,add_own_L24,39.82,37.71771771771772,0.09020780943257194,0.07960808055743396
ENSG00000187231,random_a1.0,41.24,38.67867867867868,0.07136692459213398,0.04954848546888381
ENSG00000187231,random_a1.0_L24,33.9,31.71171171171171,0.1381892054971177,0.12278406762892628
ENSG00000187231,unsteered,39.660000000000004,36.87687687687688,0.08354418985174544,0.07590347250850737
ENSG00000187535,add_a0.5,62.67999999999999,70.33033033033033,0.22310992118686315,0.21288124887781518
ENSG00000187535,add_a1.0,57.4,59.87987987987988,0.22991498791355625,0.19203261915601572
ENSG00000187535,add_a1.0_L24,48.14,46.18618618618619,0.38008565048945997,0.34052055363204237
ENSG00000187535,add_a2.0,73.8,81.38138138138137,0.21124555902873582,0.24047904111351803
ENSG00000187535,add_a3.0,78.3,88.34834834834835,0.2015089103695921,0.2775293713975849
ENSG00000187535,add_a4.0,85.46000000000001,88.70870870870871,0.2946956141820328,0.3521974387505266
ENSG00000187535,add_gc_removed_a1.0,56.120000000000005,52.912912912912915,0.33757638367165643,0.2730550489135199
ENSG00000187535,add_own,64.96000000000001,72.31231231231232,0.18913967831082923,0.20684653683064283
ENSG00000187535,add_own_L24,65.38,70.63063063063063,0.2753707076628546,0.25809079620125874
ENSG00000187535,random_a1.0,41.44,39.03903903903904,0.2747117270547455,0.19447952174597985
ENSG00000187535,random_a1.0_L24,51.12,55.55555555555556,0.19599074713289705,0.13972837819011133
ENSG00000187535,unsteered,49.1,47.44744744744745,0.2544926219793192,0.18768492655032948
ENSG00000187550,add_a0.5,70.22222222222221,87.86666666666667,0.1236322662592609,0.1186236635534178
ENSG00000187550,add_a1.0,74.17777777777778,86.13333333333334,0.14086409657034246,0.14039552937684086
ENSG00000187550,add_a1.0_L24,68.02222222222221,82.8,0.14914762024322153,0.13786842675656757
ENSG00000187550,add_a2.0,83.53333333333333,93.0,0.18987549812000476,0.19606640217151722
ENSG00000187550,add_a3.0,82.53333333333333,93.8,0.16730783965589785,0.16316641120974756
ENSG00000187550,add_a4.0,86.62222222222222,90.46666666666667,0.3111093625960536,0.31527306504400093
ENSG00000187550,add_gc_removed_a1.0,63.955555555555556,69.33333333333334,0.19664597210289322,0.20271732317188818
ENSG00000187550,add_own,75.26666666666667,83.2,0.1636577166573316,0.16402842683431465
ENSG00000187550,add_own_L24,65.26666666666668,76.2,0.1572840678265567,0.15303948051696903
ENSG00000187550,random_a1.0,65.72515140279322,71.4,0.19488654493347304,0.20139925977978765
ENSG00000187550,random_a1.0_L24,65.28888888888889,78.8,0.13009126846435212,0.1372152435999064
ENSG00000187550,unsteered,64.44444444444444,75.26666666666667,0.17335556642921376,0.17158738646478863
ENSG00000187796,add_a0.5,70.17999999999999,90.99099099099098,0.25554385413519565,0.1993823057743735
ENSG00000187796,add_a1.0,77.5,83.36336336336336,0.37826018127630257,0.32861731458142646
ENSG00000187796,add_a1.0_L24,63.82000000000001,67.38738738738739,0.5417981080801448,0.5565588608962326
ENSG00000187796,add_a2.0,80.62,97.53753753753753,0.29550459104524,0.20748165530979623
ENSG00000187796,add_a3.0,80.53999999999999,97.05705705705705,0.33793600285814285,0.24997046496799508
ENSG00000187796,add_a4.0,86.97999999999999,93.15315315315316,0.43422367580395865,0.36770573432051057
ENSG00000187796,add_gc_removed_a1.0,52.48,60.48048048048048,0.29642127966418014,0.3426958873075526
ENSG00000187796,add_own,77.67999999999999,84.44444444444444,0.34005987212802197,0.296806528824315
ENSG00000187796,add_own_L24,65.78,83.78378378378378,0.24888847907588169,0.23371888653336179
ENSG00000187796,random_a1.0,60.29063063063063,64.6591772495387,0.3447785074967021,0.37001693994333384
ENSG00000187796,random_a1.0_L24,62.51499499499499,69.7859908100872,0.37145878559058687,0.36108001659187755
ENSG00000187796,unsteered,67.8,83.36336336336336,0.2272381040484975,0.21597350658265593
ENSG00000187837,add_a0.5,61.77514792899409,79.88165680473372,0.08648851490778249,0.13370639291574035
ENSG00000187837,add_a1.0,64.65483234714004,84.61538461538461,0.08512088461530613,0.15059461925213063
ENSG00000187837,add_a1.0_L24,61.617357001972394,82.9585798816568,0.09360450644307994,0.14935066121330606
ENSG00000187837,add_a2.0,69.11242603550296,87.57396449704143,0.12108331651648582,0.2113815017029074
ENSG00000187837,add_a3.0,71.67652859960552,88.87573964497042,0.1582179227020155,0.25507325900579064
ENSG00000187837,add_a4.0,76.21301775147928,85.56213017751479,0.27965341096744606,0.34080355633960874
ENSG00000187837,add_gc_removed_a1.0,52.623274161735694,61.18343195266273,0.15313396411941976,0.11215144814544065
ENSG00000187837,add_own,61.341222879684416,82.72189349112426,0.09313945166807629,0.14517996511357753
ENSG00000187837,add_own_L24,62.01183431952662,79.88165680473374,0.07870486534775158,0.1428953534902845
ENSG00000187837,random_a1.0,60.98619329388559,75.7396449704142,0.11372313581747495,0.15479612971559753
ENSG00000187837,random_a1.0_L24,56.68639053254437,70.41420118343196,0.1298479646107172,0.12657719411498256
ENSG00000187837,unsteered,58.81656804733727,73.49112426035502,0.12173986564693451,0.14950784622553814
ENSG00000188026,add_a0.5,66.84700700700701,85.28528528528528,0.2584327704441535,0.23071623958597182
ENSG00000188026,add_a1.0,78.66,87.32732732732732,0.3229669413015296,0.28479747165048636
ENSG00000188026,add_a1.0_L24,64.66316316316315,73.24215782047108,0.36619368500780836,0.34658652366938425
ENSG00000188026,add_a2.0,80.03999999999999,92.9129129129129,0.34679844679575905,0.3113311032814533
ENSG00000188026,add_a3.0,81.14,94.47447447447448,0.3278401657351394,0.2825255135981638
ENSG00000188026,add_a4.0,83.92,94.77477477477478,0.3715438899686324,0.3293772225435551
ENSG00000188026,add_gc_removed_a1.0,66.72,83.96396396396396,0.2644743474638063,0.24681166423733086
ENSG00000188026,add_own,78.36,96.63663663663664,0.2759092219649227,0.2353135573624625
ENSG00000188026,add_own_L24,83.58,90.2102102102102,0.35807516044602455,0.3264972602234669
ENSG00000188026,random_a1.0,78.53999999999999,83.54354354354355,0.4409618526422546,0.42166539644490697
ENSG00000188026,random_a1.0_L24,81.42,96.21621621621622,0.40835102373123533,0.3613927368296023
ENSG00000188026,unsteered,68.16136136136136,83.24324324324326,0.25352995179360327,0.23018556378353722
ENSG00000188647,add_a0.5,55.17999999999999,67.98798798798799,0.1868885677989901,0.19938426349566662
ENSG00000188647,add_a1.0,67.61405405405405,83.42342342342343,0.2563630585928565,0.29222746708553393
ENSG00000188647,add_a1.0_L24,56.7,65.28528528528528,0.1390553617199069,0.15111849450118547
ENSG00000188647,add_a2.0,75.38,95.07507507507508,0.3795140852341619,0.43136216019714746
ENSG00000188647,add_a3.0,79.4,96.03603603603604,0.43499957734465067,0.48676715808939763
ENSG00000188647,add_a4.0,86.12,92.67267267267268,0.49358560009021096,0.5413115665438394
ENSG00000188647,add_gc_removed_a1.0,38.4,37.17717717717717,0.09528866484634446,0.08055563157733692
ENSG00000188647,add_own,66.32000000000001,89.42942942942943,0.2981767299338114,0.33421229132765534
ENSG00000188647,add_own_L24,55.9,64.26426426426426,0.201181227202972,0.20896460062938965
ENSG00000188647,random_a1.0,49.14,54.174174174174176,0.12920635848397635,0.1317880470562147
ENSG00000188647,random_a1.0_L24,46.36,48.34834834834835,0.06414199601252206,0.05799022253450854
ENSG00000188647,unsteered,42.92,43.96396396396396,0.09232703062996109,0.090692104739994
ENSG00000188716,add_a0.5,71.91919191919192,74.18181818181817,0.34314656417886125,0.31745148652396055
ENSG00000188716,add_a1.0,79.1919191919192,86.06060606060606,0.40948217393659814,0.3310907328221464
ENSG00000188716,add_a1.0_L24,74.1010101010101,82.54545454545453,0.33552441734596056,0.26732337605174805
ENSG00000188716,add_a2.0,75.63636363636364,82.78787878787878,0.33548143742080894,0.27830742282693033
ENSG00000188716,add_a3.0,78.3030303030303,90.42424242424242,0.35904207045381237,0.23659797448434014
ENSG00000188716,add_a4.0,77.89898989898991,91.75757575757575,0.3503727680327027,0.23744529253602162
ENSG00000188716,add_gc_removed_a1.0,62.86868686868687,62.54545454545455,0.26640999156676975,0.31342637794298495
ENSG00000188716,add_own,69.73737373737374,80.72727272727272,0.27411507726843115,0.202617305235739
ENSG00000188716,add_own_L24,76.04040404040404,94.54545454545455,0.3950898552158802,0.2837122410296481
ENSG00000188716,random_a1.0,71.15151515151516,73.81818181818181,0.3245569115012141,0.3129936918469254
ENSG00000188716,random_a1.0_L24,72.64646464646464,78.9090909090909,0.35202966603794483,0.293931056419348
ENSG00000188716,unsteered,67.27272727272728,70.42424242424242,0.3242357028532026,0.3211969763197525
ENSG00000188811,add_a0.5,52.8714859437751,57.34939759036145,0.41082881571347646,0.40735469467219004
ENSG00000188811,add_a0.5_L24,44.738955823293175,34.57831325301205,0.5152276515991029,0.5100805313617788
ENSG00000188811,add_a1.0,57.30923694779117,57.46987951807229,0.37429586294314676,0.38298973984917356
ENSG00000188811,add_a1.0_L24,60.30120481927711,56.506024096385545,0.41977580300421546,0.4582145559850245
ENSG00000188811,add_a2.0,67.63052208835342,71.50602409638554,0.3661667594832529,0.4212769929413411
ENSG00000188811,add_a2.0_L24,37.99196787148595,50.5421686746988,0.47234467255274637,0.44083844984041376
ENSG00000188811,add_a3.0,80.8433734939759,83.13253012048193,0.41100525399447196,0.4895315100986869
ENSG00000188811,add_a3.0_L24,60.52208835341365,59.39759036144578,0.4197402839422061,0.4377129946124774
ENSG00000188811,add_a4.0,77.04819277108433,79.1566265060241,0.367783019078531,0.4441417429014745
ENSG00000188811,add_a4.0_L24,60.54216867469879,56.26506024096386,0.5102992008634563,0.5207300259617963
ENSG00000188811,add_gc_removed_a1.0,49.1566265060241,50.18072289156627,0.40112387257112864,0.4120975585888008
ENSG00000188811,add_own,66.18473895582329,68.55421686746988,0.3820450064515743,0.43289742556275107
ENSG00000188811,add_own_L24,49.27710843373494,49.45783132530121,0.30386195219507856,0.3092167994810977
ENSG00000188811,random_a1.0,40.70281124497992,40.66265060240964,0.4623129692087268,0.42958378589097446
ENSG00000188811,random_a1.0_L24,56.907630522088354,53.85542168674699,0.5185890559249152,0.5447779282481195
ENSG00000188811,unsteered,45.88353413654619,46.566265060240966,0.3742415832595589,0.3406676044769725
ENSG00000189306,add_a0.5,56.40387275242047,66.22406639004149,0.1634034971010057,0.12842288276693156
ENSG00000189306,add_a1.0,60.304287690179805,73.44398340248964,0.14069552225974696,0.12344416791352661
ENSG00000189306,add_a1.0_L24,56.39050125860622,67.21991701244812,0.1500209235379405,0.11385572959251447
ENSG00000189306,add_a2.0,69.46058091286307,82.73858921161825,0.17847387725566263,0.16428508015998314
ENSG00000189306,add_a3.0,76.48686030428769,89.95850622406638,0.18379318729812316,0.1998906802807077
ENSG00000189306,add_a4.0,80.22130013831259,90.0414937759336,0.24577909614958454,0.2648239161079792
ENSG00000189306,add_gc_removed_a1.0,46.41183387910214,50.62240663900415,0.2283160373075374,0.1809607567301445
ENSG00000189306,add_own,63.81742738589212,81.90871369294607,0.1299776350004871,0.1281135905820736
ENSG00000189306,add_own_L24,47.44121715076072,53.36099585062241,0.22822081444202755,0.18059200371199982
ENSG00000189306,random_a1.0,55.656984785615485,66.30705394190872,0.16453491222643102,0.13929493052527397
ENSG00000189306,random_a1.0_L24,49.70954356846473,55.35269709543568,0.20072395947802413,0.16003865103122641
ENSG00000189306,unsteered,46.97095435684647,53.52697095435684,0.22402099697788508,0.18487760745294585
ENSG00000196639,add_a0.5,64.92,89.84984984984985,0.09763245455814776,0.1439888810756894
ENSG00000196639,add_a1.0,71.82000000000001,96.81681681681681,0.1508547247848963,0.22963718484630707
ENSG00000196639,add_a1.0_L24,63.220000000000006,89.12912912912913,0.08752031387278632,0.1388871707646636
ENSG00000196639,add_a2.0,70.91331331331331,95.43543543543544,0.14625788107026033,0.22563624880800986
ENSG00000196639,add_a3.0,73.32000000000001,94.35435435435436,0.15977945536834642,0.2305213791987116
ENSG00000196639,add_a4.0,73.78,94.83483483483482,0.18780035168834563,0.24267599379161958
ENSG00000196639,add_gc_removed_a1.0,57.0,80.72072072072072,0.11055851952101178,0.12359566163852365
ENSG00000196639,add_own,75.74,97.47747747747748,0.1821033730391845,0.26036548734579373
ENSG00000196639,add_own_L24,67.64,94.35435435435436,0.10484956557567596,0.1841178441601143
ENSG00000196639,random_a1.0,59.46,80.72072072072072,0.08262832159894062,0.08769877513285385
ENSG00000196639,random_a1.0_L24,58.04,77.53753753753753,0.08522484027624468,0.06561637952532423
ENSG00000196639,unsteered,60.120000000000005,82.82282282282281,0.10212022379393337,0.10642426099819322
ENSG00000197217,add_a0.5,55.56,55.37537537537537,0.20961114889832877,0.2067637587957035
ENSG00000197217,add_a1.0,61.339999999999996,64.98498498498499,0.2119227244997035,0.2115196254482595
ENSG00000197217,add_a1.0_L24,46.260000000000005,43.96396396396396,0.20567592505158433,0.19632210527215704
ENSG00000197217,add_a2.0,66.86,69.72972972972973,0.2214997338084753,0.2445018070785955
ENSG00000197217,add_a3.0,79.52,86.36636636636636,0.3472776344785461,0.3714366798003475
ENSG00000197217,add_a4.0,82.64,89.06906906906906,0.40308078264368097,0.4232240943771381
ENSG00000197217,add_gc_removed_a1.0,38.7,37.35735735735736,0.14603135841770828,0.13677808581840817
ENSG00000197217,add_own,65.3,67.92792792792793,0.2364969933335228,0.2538813879398095
ENSG00000197217,add_own_L24,30.860000000000003,30.27027027027027,0.19967235076715903,0.1893890183336428
ENSG00000197217,random_a1.0,42.78,42.04204204204204,0.14433523252278418,0.13894753544080934
ENSG00000197217,random_a1.0_L24,46.82,43.66366366366366,0.14977110713909442,0.13869080955465202
ENSG00000197217,unsteered,43.86,37.95795795795796,0.14301675711961193,0.13043613998159104
ENSG00000197448,add_a0.5,68.63198458574182,93.41040462427745,0.14763393789975138,0.22408597782304152
ENSG00000197448,add_a1.0,68.2466281310212,94.10404624277456,0.15676313760231322,0.22787223295989478
ENSG00000197448,add_a1.0_L24,65.1252408477842,84.50867052023122,0.15070726925261974,0.1569498887602978
ENSG00000197448,add_a2.0,73.56454720616571,94.33526011560693,0.14469958133648148,0.23308416678489366
ENSG00000197448,add_a3.0,75.29865125240848,95.14450867052024,0.1626787771699258,0.24687179442693546
ENSG00000197448,add_a4.0,75.6840077071291,93.0635838150289,0.22855128963603924,0.2913891725908616
ENSG00000197448,add_gc_removed_a1.0,60.616570327552985,80.8092485549133,0.14252717279501076,0.13866807411980991
ENSG00000197448,add_own,66.28131021194605,85.08670520231213,0.13429660138976013,0.15818657358817362
ENSG00000197448,add_own_L24,61.96531791907514,84.6242774566474,0.13788872348984296,0.14053480470623853
ENSG00000197448,random_a1.0,57.30250481695568,76.18497109826589,0.15843612540890992,0.11886485393747477
ENSG00000197448,random_a1.0_L24,61.425818882466274,76.76300578034682,0.1923173002726614,0.1791257560383431
ENSG00000197448,unsteered,59.614643545279385,78.72832369942196,0.17546214823274617,0.16047884541459176
ENSG00000198363,add_a0.5,39.739999999999995,39.93993993993994,0.22882753775019835,0.2263828179352672
ENSG00000198363,add_a1.0,60.739999999999995,64.62462462462463,0.294755047662625,0.2935502045873877
ENSG00000198363,add_a1.0_L24,41.22,38.37837837837838,0.22428692329820152,0.2218087616671231
ENSG00000198363,add_a2.0,81.8,88.1081081081081,0.5230080647563373,0.5314308401713794
ENSG00000198363,add_a3.0,79.72,88.82882882882883,0.5001949238152741,0.5082767895378144
ENSG00000198363,add_a4.0,87.8,92.55255255255256,0.6323287244115441,0.6298753770156257
ENSG00000198363,add_gc_removed_a1.0,36.720000000000006,34.414414414414416,0.17090565419563744,0.18335058914238955
ENSG00000198363,add_own,52.120000000000005,51.17117117117117,0.24540558540331858,0.24557683970984404
ENSG00000198363,add_own_L24,37.260000000000005,37.23723723723724,0.23790204372496238,0.2287898959699152
ENSG00000198363,random_a1.0,33.08,25.765765765765764,0.16270219949395134,0.17100017972807102
ENSG00000198363,random_a1.0_L24,33.1,33.993993993993996,0.2701048988028924,0.25921000200956124
ENSG00000198363,unsteered,37.54,37.05705705705706,0.2524580479255237,0.2751401727028549
ENSG00000198570,add_a0.5,62.182539682539684,69.04761904761905,0.27311320330734146,0.277574552216619
ENSG00000198570,add_a1.0,74.8015873015873,89.88095238095238,0.36352424597292926,0.27768566016155277
ENSG00000198570,add_a1.0_L24,69.8015873015873,86.78571428571429,0.27322709192670447,0.19883697491543664
ENSG00000198570,add_a2.0,77.73809523809523,89.16666666666666,0.36057265841352837,0.27703833883361256
ENSG00000198570,add_a3.0,82.26190476190476,83.92857142857143,0.3936667387597589,0.3187202853817982
ENSG00000198570,add_a4.0,82.53968253968254,91.19047619047619,0.3950970683338214,0.29665836818634406
ENSG00000198570,add_gc_removed_a1.0,57.02380952380952,69.76190476190476,0.24462223097635252,0.28481406970020434
ENSG00000198570,add_own,68.25396825396825,82.5,0.2722746625487386,0.24526003607237742
ENSG00000198570,add_own_L24,62.777777777777786,81.66666666666666,0.20711483751822687,0.18875877614381315
ENSG00000198570,random_a1.0,67.93650793650794,83.57142857142858,0.2671830848596778,0.22810065284448822
ENSG00000198570,random_a1.0_L24,58.25396825396825,65.83333333333334,0.2630869782858742,0.29577912578384524
ENSG00000198570,unsteered,61.38888888888889,70.0,0.22017077944763092,0.23758653296705798
ENSG00000198746,add_a0.5,60.64,43.84384384384384,0.4970035977416861,0.44151982151813096
ENSG00000198746,add_a1.0,79.05999999999999,89.30930930930931,0.258292186554279,0.34543390432447507
ENSG00000198746,add_a1.0_L24,72.58,79.81981981981981,0.3811189747606475,0.41890024281759775
ENSG00000198746,add_a2.0,78.03999999999999,84.92492492492492,0.26010977092150495,0.32808654939715093
ENSG00000198746,add_a3.0,82.08,85.76576576576576,0.24479629309258563,0.33847360623741746
ENSG00000198746,add_a4.0,89.55999999999999,90.99099099099098,0.28641300650099544,0.4164534125730365
ENSG00000198746,add_gc_removed_a1.0,49.7,49.54954954954955,0.3382469659066074,0.20152970484518762
ENSG00000198746,add_own,80.1,78.61861861861863,0.24201163240110019,0.309705065654447
ENSG00000198746,add_own_L24,70.1,72.07207207207207,0.42933245852157526,0.4358585486433226
ENSG00000198746,random_a1.0,64.44,81.68168168168168,0.35629515535828343,0.3698092510109242
ENSG00000198746,random_a1.0_L24,55.260000000000005,55.375375375375384,0.4613575678804708,0.4338750518403951
ENSG00000198746,unsteered,49.839999999999996,49.36936936936937,0.4358264292689474,0.31450634470217864
ENSG00000198774,add_a0.5,43.1,44.74474474474474,0.08739524439297984,0.047525228672631814
ENSG00000198774,add_a1.0,51.46,58.91891891891892,0.16655016425120456,0.12389403457188479
ENSG00000198774,add_a1.0_L24,43.6,46.126126126126124,0.11012215231027336,0.08363066110029468
ENSG00000198774,add_a2.0,65.97999999999999,70.27027027027027,0.3504819072211033,0.2961054758229632
ENSG00000198774,add_a3.0,81.24,90.45045045045045,0.5364980595932479,0.4690441528245852
ENSG00000198774,add_a4.0,88.0,94.47447447447448,0.660296094634868,0.589912525752502
ENSG00000198774,add_gc_removed_a1.0,40.339999999999996,36.6966966966967,0.09589100027305017,0.08393730874917857
ENSG00000198774,add_own,61.96,67.50750750750751,0.288769500851612,0.24276734043239853
ENSG00000198774,add_own_L24,40.660000000000004,39.33933933933934,0.06756784320782983,0.042737440967189885
ENSG00000198774,random_a1.0,41.58,39.15915915915916,0.10002407078119643,0.06929976463683162
ENSG00000198774,random_a1.0_L24,41.0,38.7987987987988,0.14855698101947226,0.13133425653974914
ENSG00000198774,unsteered,36.28,34.77477477477477,0.11230405279195539,0.07769325763778867
ENSG00000198894,add_a0.5,66.86,77.53753753753753,0.18081446197003606,0.20491615818230927
ENSG00000198894,add_a1.0,65.6,76.93693693693695,0.15668951918623097,0.19036492392305462
ENSG00000198894,add_a1.0_L24,68.2,73.93393393393394,0.28271721668512595,0.30965477470696784
ENSG00000198894,add_a2.0,84.52000000000001,93.87387387387386,0.3429428430172108,0.41013429428783754
ENSG00000198894,add_a3.0,86.42,89.96996996996998,0.3969567612837773,0.4545969677595848
ENSG00000198894,add_a4.0,84.34,82.46246246246247,0.3576557039962927,0.4174821219963226
ENSG00000198894,add_gc_removed_a1.0,48.32,50.45045045045045,0.18677984419407306,0.15639294637346796
ENSG00000198894,add_own,74.24,81.38138138138137,0.2194279868127078,0.2657402050619225
ENSG00000198894,add_own_L24,57.3,45.1051051051051,0.30757124843558403,0.29565991836223826
ENSG00000198894,random_a1.0,58.98,55.7957957957958,0.22924944210829282,0.2093723415229931
ENSG00000198894,random_a1.0_L24,62.160000000000004,69.42942942942943,0.21788157210667447,0.21819680974673883
ENSG00000198894,unsteered,57.58,58.01801801801802,0.14213664268975065,0.1202620605587994
ENSG00000198948,add_a0.5,48.78,39.15915915915916,0.42659876424353405,0.3105790971388412
ENSG00000198948,add_a1.0,57.86,51.891891891891895,0.3467602303914626,0.27953024464500004
ENSG00000198948,add_a1.0_L24,40.059999999999995,40.18018018018018,0.3644392432109115,0.22159787250559307
ENSG00000198948,add_a2.0,61.82000000000001,66.30630630630631,0.30651555590863644,0.27566269181669295
ENSG00000198948,add_a3.0,73.14,75.37537537537537,0.24189928466219865,0.27114392184352076
ENSG00000198948,add_a4.0,80.96000000000001,85.04504504504504,0.24959621408273275,0.3321634251550512
ENSG00000198948,add_gc_removed_a1.0,36.58,40.12012012012012,0.3650139064238812,0.23083749473512127
ENSG00000198948,add_own,51.739999999999995,53.213213213213216,0.2868402277697177,0.19181387431283758
ENSG00000198948,add_own_L24,43.02,44.26426426426426,0.3931082668004767,0.2964949249634389
ENSG00000198948,random_a1.0,46.6,46.18618618618619,0.2898337935915282,0.17928320336551523
ENSG00000198948,random_a1.0_L24,35.74,30.99099099099099,0.5027880173265138,0.36668698561529534
ENSG00000198948,unsteered,44.3,42.22222222222222,0.3720674455412256,0.2529842769037465
ENSG00000204311,add_a0.5,40.97007223942209,42.78637770897833,0.10040559555847121,0.09468472986894388
ENSG00000204311,add_a1.0,44.39628482972137,47.36842105263158,0.10595310252976631,0.10873338116913281
ENSG00000204311,add_a1.0_L24,37.6264189886481,35.47987616099071,0.16860546712080443,0.1376867541105573
ENSG00000204311,add_a2.0,64.21052631578948,76.47058823529412,0.24936591659853863,0.31365306008226485
ENSG00000204311,add_a3.0,77.21362229102166,92.19814241486068,0.41781767087323524,0.5050670009417803
ENSG00000204311,add_a4.0,80.16511867905056,95.6656346749226,0.456901264804351,0.5524644869518254
ENSG00000204311,add_gc_removed_a1.0,41.651186790505676,39.5046439628483,0.12062215709076865,0.11923786143056767
ENSG00000204311,add_own,57.812177502579985,73.86996904024768,0.2077858198278159,0.26133616193393294
ENSG00000204311,add_own_L24,40.12383900928793,38.26625386996905,0.08898678066956303,0.07699267606518115
ENSG00000204311,random_a1.0,37.00722394220846,34.55108359133127,0.12573348741281792,0.09916111970390797
ENSG00000204311,random_a1.0_L24,41.093911248710015,36.8421052631579,0.0970923087782044,0.08218783150038753
ENSG00000204311,unsteered,36.408668730650156,31.76470588235294,0.1124637069073138,0.0945025145184544
ENSG00000204767,add_a0.5,48.42,49.729729729729726,0.14676979859805084,0.12472290798768908
ENSG00000204767,add_a1.0,55.120000000000005,60.60060060060059,0.10882949453858551,0.10941220401704652
ENSG00000204767,add_a1.0_L24,40.959999999999994,41.32132132132132,0.16340015194305532,0.13884400604019542
ENSG00000204767,add_a2.0,74.58,88.1081081081081,0.24476587949751655,0.3108449921521237
ENSG00000204767,add_a3.0,79.24,93.57357357357357,0.3096621694712178,0.3864242734486621
ENSG00000204767,add_a4.0,84.16,91.8918918918919,0.3349410146621251,0.40381036391000275
ENSG00000204767,add_gc_removed_a1.0,39.14,33.393393393393396,0.1642965414542831,0.11729667778868554
ENSG00000204767,add_own,56.92,63.84384384384384,0.12496493353708471,0.13645045723890997
ENSG00000204767,add_own_L24,43.519999999999996,43.54354354354354,0.13620094781579956,0.11391136648811115
ENSG00000204767,random_a1.0,39.88,36.0960960960961,0.1842587423959811,0.14216598182547485
ENSG00000204767,random_a1.0_L24,43.06,42.94294294294294,0.30002170867442335,0.27491427975564375
ENSG00000204767,unsteered,46.959999999999994,45.825825825825824,0.12192226358428479,0.10551181077285547
ENSG00000204859,add_a0.5,70.42,92.07207207207207,0.19205918901614785,0.2527007602520363
ENSG00000204859,add_a1.0,76.9,98.7987987987988,0.19681242362789905,0.28507944624296294
ENSG00000204859,add_a1.0_L24,71.32000000000001,91.11111111111111,0.17500255188832123,0.24676922522635794
ENSG00000204859,add_a2.0,78.84,98.91891891891892,0.20578462210181586,0.30283255050962543
ENSG00000204859,add_a3.0,80.92,98.25825825825825,0.22297935616463177,0.3174116063943829
ENSG00000204859,add_a4.0,82.6,95.55555555555556,0.2632503499759188,0.3387191651269708
ENSG00000204859,add_gc_removed_a1.0,61.120000000000005,78.49849849849849,0.1754618394634017,0.18655745366135748
ENSG00000204859,add_own,71.76,98.01801801801801,0.18345325903037318,0.26314395142987296
ENSG00000204859,add_own_L24,71.96000000000001,94.77477477477478,0.1717012998573754,0.2423302581904542
ENSG00000204859,random_a1.0,65.17999999999999,86.24624624624624,0.1531541839380896,0.18617028502772875
ENSG00000204859,random_a1.0_L24,69.64,95.79579579579578,0.1738873695270151,0.2420056135375784
ENSG00000204859,unsteered,72.66,96.27627627627626,0.17259296081685233,0.25066458303668904
ENSG00000204923,add_a0.5,44.182389937106926,50.31446540880503,0.25556159609823265,0.27645477536350094
ENSG00000204923,add_a1.0,53.9832285115304,68.86792452830188,0.26366605476318833,0.33683389301491323
ENSG00000204923,add_a1.0_L24,47.9559748427673,56.44654088050314,0.24561471290391843,0.2687528399920213
ENSG00000204923,add_a2.0,63.259958071278824,82.70440251572326,0.3493992725282286,0.43050922822604293
ENSG00000204923,add_a3.0,67.45283018867924,87.26415094339622,0.3892831223737822,0.4922499758831865
ENSG00000204923,add_a4.0,77.93501048218029,91.0377358490566,0.4921531274162958,0.5800104512740744
ENSG00000204923,add_gc_removed_a1.0,43.34381551362683,49.056603773584904,0.251173284987832,0.23505538023801043
ENSG00000204923,add_own,42.138364779874216,44.9685534591195,0.2779696344109776,0.2656835507551067
ENSG00000204923,add_own_L24,41.40461215932914,44.81132075471698,0.24961067808705426,0.23555417238557297
ENSG00000204923,random_a1.0,45.91194968553459,52.35849056603774,0.2605496583640657,0.24692497713310255
ENSG00000204923,random_a1.0_L24,40.77568134171907,42.45283018867925,0.2818183545948148,0.26254953485561444
ENSG00000204923,unsteered,39.15094339622642,38.20754716981132,0.26859531866021796,0.22873179487249642
ENSG00000205177,add_a0.5,71.34986225895317,94.38016528925621,0.2605507146724303,0.22426464187964887
ENSG00000205177,add_a1.0,75.31680440771349,98.84297520661157,0.2526508455632148,0.19219128575208477
ENSG00000205177,add_a1.0_L24,72.1763085399449,91.90082644628099,0.3361687915135614,0.31532965496375615
ENSG00000205177,add_a2.0,74.38016528925621,97.52066115702479,0.26968824175204326,0.22266595847045037
ENSG00000205177,add_a3.0,80.05509641873277,98.34710743801654,0.30909052511576973,0.24669788388301145
ENSG00000205177,add_a4.0,79.88980716253442,92.23140495867769,0.2695639541124956,0.22676873747075493
ENSG00000205177,add_gc_removed_a1.0,64.68319559228651,78.67768595041323,0.3004093088731764,0.29001005373362476
ENSG00000205177,add_own,71.62534435261708,94.7107438016529,0.2581852495760454,0.2321359383167835
ENSG00000205177,add_own_L24,64.79338842975207,89.25619834710744,0.26382419434231813,0.22914832660788434
ENSG00000205177,random_a1.0,69.14600550964187,91.07438016528926,0.2831073828755761,0.24536220246734208
ENSG00000205177,random_a1.0_L24,67.21763085399449,83.96694214876032,0.36989450506191146,0.34113161543668974
ENSG00000205177,unsteered,73.71900826446281,89.58677685950413,0.3254823495724241,0.28352084037944686
ENSG00000205730,add_a0.5,79.14,75.97597597597597,0.24626286849253237,0.25398300918785827
ENSG00000205730,add_a1.0,76.53999999999999,96.6966966966967,0.12344003673350235,0.2006396826355632
ENSG00000205730,add_a1.0_L24,68.38000000000001,75.31531531531532,0.280972768433276,0.22701285289301384
ENSG00000205730,add_a2.0,78.22,97.83783783783784,0.10993861229189734,0.2066658673177415
ENSG00000205730,add_a3.0,80.3,96.93693693693693,0.09957258450864441,0.18780636415498586
ENSG00000205730,add_a4.0,87.22,93.81381381381382,0.1661317986331767,0.25120508898631483
ENSG00000205730,add_gc_removed_a1.0,58.540000000000006,74.11411411411412,0.27089910878291823,0.18601318664296573
ENSG00000205730,add_own,81.56,82.7027027027027,0.1944748905148937,0.22716571792772786
ENSG00000205730,add_own_L24,68.05999999999999,75.01501501501501,0.2388288655886115,0.20116025447632638
ENSG00000205730,random_a1.0,73.78,84.08408408408408,0.3506781878271061,0.34451409164669144
ENSG00000205730,random_a1.0_L24,64.56,75.67567567567568,0.23269606868788023,0.18714694492298442
ENSG00000205730,unsteered,70.2,86.96696696696696,0.21386943551175897,0.22789875646502972
ENSG00000213024,add_a0.5,55.0,53.51351351351351,0.29570463885748477,0.24758545020349879
ENSG00000213024,add_a1.0,73.44,76.6966966966967,0.1480720899338858,0.15320705777006755
ENSG00000213024,add_a1.0_L24,57.4,49.009009009009006,0.2884257020346851,0.2514390365024658
ENSG00000213024,add_a2.0,80.16,91.23123123123123,0.23992568115648988,0.2450082170712668
ENSG00000213024,add_a3.0,82.32000000000001,87.56756756756756,0.3298870557070797,0.3065944293928845
ENSG00000213024,add_a4.0,88.53999999999999,91.47147147147147,0.4087888732739316,0.38117424226049207
ENSG00000213024,add_gc_removed_a1.0,47.54,27.207207207207205,0.2620124975554832,0.2283369282193632
ENSG00000213024,add_own,73.3,82.58258258258259,0.17327350311174547,0.18739232533043274
ENSG00000213024,add_own_L24,55.44,54.174174174174176,0.3208665448182178,0.27102989999384
ENSG00000213024,random_a1.0,55.98,38.55855855855856,0.17404240788206543,0.1690744371970942
ENSG00000213024,random_a1.0_L24,54.239999999999995,48.34834834834835,0.2354707068587758,0.19039144417909845
ENSG00000213024,unsteered,46.08,35.37537537537538,0.27938141809546846,0.25398027828377023
ENSG00000213563,add_a0.5,73.5686274509804,90.82352941176471,0.2557926791912597,0.24869730376561625
ENSG00000213563,add_a1.0,74.90196078431373,90.23529411764706,0.23131961375584176,0.22268878288015692
ENSG00000213563,add_a1.0_L24,69.09803921568627,82.70588235294117,0.24421700857523537,0.2221470372352435
ENSG00000213563,add_a2.0,77.17647058823529,93.29411764705883,0.19730610082891625,0.18567007754913764
ENSG00000213563,add_a3.0,74.19607843137254,91.41176470588235,0.1860242060025929,0.18604669352620268
ENSG00000213563,add_a4.0,77.17647058823529,93.17647058823529,0.18546001410881016,0.17195318773602758
ENSG00000213563,add_gc_removed_a1.0,66.0,80.35294117647058,0.24885792960583827,0.2620199863077313
ENSG00000213563,add_own,76.7843137254902,95.05882352941177,0.18580960123231566,0.16326822123530613
ENSG00000213563,add_own_L24,70.86274509803921,89.52941176470588,0.19730429232040136,0.17599507669936673
ENSG00000213563,random_a1.0,66.72468122809046,86.35294117647058,0.24075068954522819,0.20931482756345013
ENSG00000213563,random_a1.0_L24,70.7843137254902,84.47058823529412,0.23019479863672396,0.2322107560974037
ENSG00000213563,unsteered,71.41176470588235,90.11764705882354,0.24185500125316003,0.21989938008422355
ENSG00000215906,add_a0.5,69.04,76.93693693693693,0.15570030669044269,0.15091456015831678
ENSG00000215906,add_a1.0,74.42,83.96396396396396,0.14628368323342456,0.14798846352547482
ENSG00000215906,add_a1.0_L24,64.44,70.99099099099098,0.18706423314863324,0.19205771625197868
ENSG00000215906,add_a2.0,78.64,94.77477477477478,0.1622244769761362,0.1666986181061062
ENSG00000215906,add_a3.0,79.36,88.4084084084084,0.1564102340428871,0.15980555149577916
ENSG00000215906,add_a4.0,87.0,91.29129129129129,0.2709821550958388,0.2609252980879884
ENSG00000215906,add_gc_removed_a1.0,57.51101101101101,61.56156156156156,0.15359499094172513,0.1584057925678216
ENSG00000215906,add_own,74.16,84.2042042042042,0.15389524186332695,0.15766229162638556
ENSG00000215906,add_own_L24,61.313913913913915,69.30930930930931,0.13643107405384367,0.16412229840275894
ENSG00000215906,random_a1.0,62.10996996996996,69.1891891891892,0.1919576405767441,0.20446934329834976
ENSG00000215906,random_a1.0_L24,66.8,75.55555555555556,0.1545245008149087,0.16316983588112255
ENSG00000215906,unsteered,62.545165165165166,71.11111111111111,0.12452537217610453,0.12518376633973027
ENSG00000217930,add_a0.5,57.39087301587301,67.70833333333333,0.18767229627458706,0.0898345000588536
ENSG00000217930,add_a1.0,63.93849206349206,81.99404761904762,0.2520834905551907,0.14824593854536552
ENSG00000217930,add_a1.0_L24,60.01984126984127,74.25595238095238,0.19064036866375508,0.09449001854902091
ENSG00000217930,add_a2.0,68.84920634920636,91.36904761904762,0.2717050315423417,0.20324650666893135
ENSG00000217930,add_a3.0,71.62698412698413,93.89880952380953,0.3137611519113954,0.26375371869478637
ENSG00000217930,add_a4.0,74.34427022841656,94.64285714285714,0.3570099467785437,0.2986086798605995
ENSG00000217930,add_gc_removed_a1.0,58.58134920634921,69.19642857142857,0.2130454646412991,0.13721779907774148
ENSG00000217930,add_own,62.05357142857143,80.35714285714286,0.22632261135533674,0.1162686208991048
ENSG00000217930,add_own_L24,58.73015873015873,71.2797619047619,0.19414750548362464,0.08286656667858602
ENSG00000217930,random_a1.0,58.58134920634921,69.94047619047619,0.19382726393834582,0.10332986819974362
ENSG00000217930,random_a1.0_L24,59.22619047619048,70.53571428571429,0.19390611698550836,0.10505096608282086
ENSG00000217930,unsteered,57.83730158730158,69.19642857142857,0.1846702299634382,0.0843163559363359
ENSG00000223802,add_a0.5,74.25867507886434,85.04731861198738,0.3281369712809856,0.29750602363136924
ENSG00000223802,add_a1.0,76.9926393270242,85.99369085173501,0.2942947907550965,0.26153720119067037
ENSG00000223802,add_a1.0_L24,80.71503680336488,92.80757097791798,0.30596840502573064,0.25713587882878264
ENSG00000223802,add_a2.0,85.15247108307045,97.72870662460568,0.3337653988349835,0.28958011504304815
ENSG00000223802,add_a3.0,86.24605678233438,93.05993690851736,0.3591513567045467,0.3269537154829009
ENSG00000223802,add_a4.0,87.42376445846477,91.60883280757098,0.3735004982092578,0.3496480098268785
ENSG00000223802,add_gc_removed_a1.0,67.50788643533124,73.24921135646687,0.33080338649621355,0.3019670736363774
ENSG00000223802,add_own,86.22502628811777,92.93375394321767,0.3710224115791128,0.32851676366169297
ENSG00000223802,add_own_L24,61.955835962145116,66.30914826498423,0.26719706374987595,0.23510334058995935
ENSG00000223802,random_a1.0,67.3186119873817,72.6813880126183,0.3792722764491293,0.3474237272645238
ENSG00000223802,random_a1.0_L24,74.04837013669821,81.07255520504732,0.3199450795464348,0.28719897021368385
ENSG00000223802,unsteered,62.58675078864353,68.58044164037855,0.2993678339584269,0.28480173736817277
ENSG00000235118,add_a0.5,61.118568232662184,68.59060402684563,0.27099481770688566,0.25656030185012957
ENSG00000235118,add_a1.0,65.59284116331096,71.81208053691276,0.2686277526393459,0.30323081737861685
ENSG00000235118,add_a1.0_L24,61.52125279642057,63.89261744966443,0.35695484609307043,0.3104986366767643
ENSG00000235118,add_a2.0,74.36241610738254,80.53691275167785,0.2961208183953522,0.3832466800307048
ENSG00000235118,add_a3.0,75.57046979865773,84.96644295302013,0.2893053254842962,0.4051296336017175
ENSG00000235118,add_a4.0,82.5503355704698,86.5771812080537,0.35588656511832817,0.4899685465950293
ENSG00000235118,add_gc_removed_a1.0,56.06263982102909,62.55033557046979,0.22365818699032952,0.1766670362208438
ENSG00000235118,add_own,56.46532438478747,69.39597315436242,0.23914075786559366,0.23355261066599448
ENSG00000235118,add_own_L24,58.702460850111855,68.99328859060402,0.2333175301657946,0.24505133111315408
ENSG00000235118,random_a1.0,59.01565995525728,63.758389261744966,0.2922946238479467,0.26170170579783925
ENSG00000235118,random_a1.0_L24,55.79418344519015,60.939597315436245,0.29253022834150944,0.25874567864033693
ENSG00000235118,unsteered,56.286353467561526,59.463087248322154,0.2710974657963624,0.2162808320665682
ENSG00000248098,add_a0.5,65.24,70.93093093093094,0.24018110258134412,0.20102670315955332
ENSG00000248098,add_a1.0,71.24,87.0870870870871,0.13581452568815794,0.13236154241582487
ENSG00000248098,add_a1.0_L24,61.739999999999995,66.24624624624624,0.24786690996988142,0.18544844448607709
ENSG00000248098,add_a2.0,78.72,76.6966966966967,0.3039021036231325,0.285906708780317
ENSG00000248098,add_a3.0,85.02000000000001,94.5945945945946,0.255833871803691,0.28951135858100524
ENSG00000248098,add_a4.0,84.42,95.43543543543544,0.22383984778231017,0.2653519799177232
ENSG00000248098,add_gc_removed_a1.0,49.5,50.09009009009009,0.33312197208735217,0.2208456019242125
ENSG00000248098,add_own,71.8,80.54054054054055,0.17257812076229886,0.15917816218205189
ENSG00000248098,add_own_L24,60.82000000000001,64.98498498498499,0.2532687601415348,0.21074126094475135
ENSG00000248098,random_a1.0,57.5,61.44144144144144,0.23692428078122935,0.15749722346469602
ENSG00000248098,random_a1.0_L24,59.3,69.96996996996998,0.2902554112807264,0.2282515545417625
ENSG00000248098,unsteered,52.14406406406406,62.23741814103259,0.24887158062140022,0.17736431980695067
ENSG00000248487,add_a0.5,64.82866043613707,73.55140186915887,0.1746045292925187,0.17374789104283628
ENSG00000248487,add_a1.0,67.53894080996885,73.92523364485982,0.19718553978665437,0.17982205248565128
ENSG00000248487,add_a1.0_L24,65.48286604361371,72.14953271028038,0.14929714901595034,0.1272894736597468
ENSG00000248487,add_a2.0,79.96884735202492,87.47663551401868,0.31723539977255105,0.3074370142906913
ENSG00000248487,add_a3.0,82.71028037383178,93.55140186915888,0.3468727841998995,0.3249081573515924
ENSG00000248487,add_a4.0,83.30218068535825,92.71028037383178,0.3121277218489074,0.2929090371898262
ENSG00000248487,add_gc_removed_a1.0,58.8785046728972,67.4766355140187,0.14346942395928403,0.15117008030138518
ENSG00000248487,add_own,63.39563862928348,76.54205607476635,0.13992688033523104,0.11336376750954695
ENSG00000248487,add_own_L24,64.26791277258567,68.5981308411215,0.1962035706448269,0.19818798598192436
ENSG00000248487,random_a1.0,63.39563862928348,70.2803738317757,0.1347390043496956,0.11700840300057166
ENSG00000248487,random_a1.0_L24,63.021806853582554,69.06542056074765,0.1319688270932286,0.13080353940807918
ENSG00000248487,unsteered,64.42367601246106,71.86915887850468,0.15627571541108362,0.15400515635472406
ENSG00000255072,add_a0.5,45.670995670995666,59.74025974025974,0.46823231713678004,0.18014742830785813
ENSG00000255072,add_a1.0,49.63924963924964,68.83116883116882,0.4261485746149623,0.270980499317048
ENSG00000255072,add_a1.0_L24,45.743145743145746,55.41125541125541,0.48542161651767013,0.22321028464095471
ENSG00000255072,add_a2.0,57.07070707070707,83.11688311688312,0.32944475164448533,0.37944908235826963
ENSG00000255072,add_a3.0,60.6060606060606,84.84848484848486,0.3573918278018676,0.42116293309069536
ENSG00000255072,add_a4.0,62.698412698412696,80.95238095238095,0.34604533445185404,0.4610534007867971
ENSG00000255072,add_gc_removed_a1.0,45.743145743145746,59.30735930735931,0.47192916411268265,0.26101588853584534
ENSG00000255072,add_own,46.39249639249639,58.44155844155844,0.4661263109954826,0.23207448701803376
ENSG00000255072,add_own_L24,45.38239538239538,57.35930735930736,0.48917432032537495,0.19769299439293925
ENSG00000255072,random_a1.0,43.506493506493506,50.43290043290044,0.5161204170984491,0.24893946911340123
ENSG00000255072,random_a1.0_L24,44.3001443001443,51.94805194805195,0.5089593046233266,0.2154685062669265
ENSG00000255072,unsteered,43.650793650793645,50.0,0.5395073768021249,0.23086348317974725
ENSG00000256061,add_a0.5,63.54,77.47747747747748,0.2503500579036319,0.36972826903031253
ENSG00000256061,add_a1.0,66.58,73.69369369369369,0.2786673649276456,0.38227533185709184
ENSG00000256061,add_a1.0_L24,60.4,68.76876876876877,0.3031964199382326,0.4040548990233853
ENSG00000256061,add_a2.0,74.86,90.3903903903904,0.39162572882513774,0.5341728393877867
ENSG00000256061,add_a3.0,77.76,91.77177177177177,0.39586900579740136,0.5429895067624286
ENSG00000256061,add_a4.0,83.16,90.57057057057057,0.4698419653010082,0.5877599333570425
ENSG00000256061,add_gc_removed_a1.0,46.04,55.79579579579579,0.15034147287263852,0.19080173735102948
ENSG00000256061,add_own,69.06,87.2072072072072,0.31057376341226495,0.4668826924610191
ENSG00000256061,add_own_L24,50.28,64.2042042042042,0.21256164647501907,0.2856776247479048
ENSG00000256061,random_a1.0,51.82000000000001,56.75675675675676,0.23924366350055287,0.3014740178910533
ENSG00000256061,random_a1.0_L24,40.46,43.18318318318318,0.1677851238408827,0.18056093233165757
ENSG00000256061,unsteered,52.86,56.63663663663664,0.23382296185771154,0.30860047867051
ENSG00000262919,add_a0.5,69.62264150943396,87.64150943396226,0.3186624257635492,0.2107649307983403
ENSG00000262919,add_a1.0,71.16352201257862,87.64150943396227,0.344727841627941,0.23817217330522206
ENSG00000262919,add_a1.0_L24,65.56603773584905,82.0754716981132,0.23344074089974248,0.14760026075026136
ENSG00000262919,add_a2.0,77.67295597484276,94.15094339622642,0.3919293649613861,0.26319801179234176
ENSG00000262919,add_a3.0,85.03144654088051,91.0377358490566,0.4861564968769991,0.38149038933416113
ENSG00000262919,add_a4.0,79.87421383647799,96.88679245283018,0.4263516145718638,0.30518830500467425
ENSG00000262919,add_gc_removed_a1.0,60.28301886792453,77.9245283018868,0.1879969946302733,0.10378370174987665
ENSG00000262919,add_own,71.98113207547169,82.16981132075472,0.31097829913919794,0.22983438923156324
ENSG00000262919,add_own_L24,65.78616352201257,77.35849056603773,0.25272966217908277,0.1893795503742303
ENSG00000262919,random_a1.0,58.522012578616355,73.11320754716982,0.14877953956178028,0.08221207931012757
ENSG00000262919,random_a1.0_L24,66.9496855345912,74.0566037735849,0.28365364316603153,0.22487176252843116
ENSG00000262919,unsteered,71.38364779874215,71.0377358490566,0.34666902462893245,0.3262425056941403
ENSG00000293543,add_a0.5,62.567567567567565,67.7027027027027,0.19745861267390538,0.20881285864187232
ENSG00000293543,add_a1.0,64.05405405405405,73.64864864864865,0.22665611975302422,0.21319096072587912
ENSG00000293543,add_a1.0_L24,61.57657657657658,65.4054054054054,0.2024995284475859,0.23021582948984234
ENSG00000293543,add_a2.0,72.83783783783784,91.35135135135135,0.24474622063614987,0.1962416845922609
ENSG00000293543,add_a3.0,75.45045045045045,77.97297297297297,0.27359014479736715,0.2896953660105072
ENSG00000293543,add_a4.0,80.22522522522522,90.13513513513513,0.3090140298572347,0.27840941383369866
ENSG00000293543,add_gc_removed_a1.0,56.21621621621622,58.91891891891892,0.2012425947567406,0.280964634534592
ENSG00000293543,add_own,62.567567567567565,63.24324324324325,0.3032047998786317,0.33738942088987284
ENSG00000293543,add_own_L24,62.11711711711712,59.189189189189186,0.259644425702251,0.3177466501184981
ENSG00000293543,random_a1.0,64.72972972972973,67.29729729729729,0.24438036285948161,0.26180218282321943
ENSG00000293543,random_a1.0_L24,54.05405405405405,56.891891891891895,0.20687190408743933,0.27830495986238696
ENSG00000293543,unsteered,55.18018018018019,57.97297297297298,0.28014895540111195,0.34583119127689355
